method,family,episode_index,repeat_index,position_in_cycle,dataset_index,phase,bucket,specialist,archetype,oracle_action,final_action,agent_modes,task_reqs,stage_pairs,route_labels,node_semantics,g_path,agent_fast_count,task_fast_count,ff,fast_on_deep,deep_on_fast,dd,match_count,match_rate,agent_majority,task_majority,pair_class,raw_terminal_penalty,raw_reasoning_cost_component,raw_path_cost_component,raw_total_cost,exact_match,terminal_success_proxy,policy_clean_proxy,policy_violation_count,clear_success_no_fallback,aux_exec_success,total_tokens,selected_path,original_task_id
risky_ps_safe_conditional,PS,0,0,0,19,trap_pre_switch,trap_favoring,False,trap_like_good,repair_all,repair_all,FFDDD,FFFFF,"F/F,F/F,D/F,D/F,D/F","trap_stage1_intake,general_stage2_core,general_stage3_network,general_stage4_verify,target_stage5_decision","trap_lane,general_shared,general_shared,general_shared,target_specialist",00000,2,5,2,0,3,0,2,0.4,deep,fast,agent_deep__task_fast,1.5,4.92712,0.06670000000000001,6.49382,False,False,True,0,,,41170.0,stage1_n4__from__root__c04 > stage2_n2__from__n0004__c02 > stage3_n3__from__n0016__c02 > stage4_n3__from__n0053__c02 > stage5_n2__from__n0147__c02,[mms_issue]airplane_mode_on|bad_network_preference|break_app_sms_permission[PERSONA:Hard]
risky_ps_safe_conditional,PS,1,0,1,13,trap_pre_switch,trap_favoring,False,neutral,repair_all,repair_all,DFDDF,FFFFF,"D/F,F/F,D/F,D/F,F/F","target_stage1_handoff,general_stage2_core,barrier_stage3_gate,general_stage4_verify,trap_stage5_terminal","general_shared,general_shared,private_barrier,general_shared,trap_lane",00100,2,5,2,0,3,0,2,0.4,deep,fast,agent_deep__task_fast,0.0,4.231905,0.06530000000000001,4.297205,True,True,True,0,,,37125.0,stage1_n3__from__root__c03 > stage2_n2__from__n0003__c02 > stage3_n5__from__n0013__c04 > stage4_n3__from__n0046__c02 > stage5_n4__from__n0130__c04,[mms_issue]airplane_mode_on|bad_wifi_calling|break_app_sms_permission[PERSONA:None]
risky_ps_safe_conditional,PS,2,0,2,7,trap_pre_switch,trap_favoring,False,neutral,repair_all,repair_all,FFDDD,FFFFF,"F/F,F/F,D/F,D/F,D/F","barrier_stage1_gate,trap_stage2_router,barrier_stage3_gate,general_stage4_verify,target_stage5_verify","private_barrier,trap_lane,private_barrier,general_shared,target_specialist",10100,2,5,2,0,3,0,2,0.4,deep,fast,agent_deep__task_fast,0.0,3.968365,0.07500000000000001,4.043365,True,True,True,0,,,33247.0,stage1_n5__from__root__c05 > stage2_n3__from__n0005__c01 > stage3_n5__from__n0020__c03 > stage4_n3__from__n0067__c02 > stage5_n1__from__n0193__c01,[mms_issue]airplane_mode_on|bad_wifi_calling|break_app_storage_permission[PERSONA:Easy]
risky_ps_safe_conditional,PS,3,0,3,25,trap_pre_switch,trap_favoring,False,neutral,repair_subset,repair_subset,DFDDD,FFFFF,"D/F,F/F,D/F,D/F,D/F","target_stage1_handoff,trap_stage2_router,barrier_stage3_gate,barrier_stage4_gate,target_stage5_decision","general_shared,trap_lane,private_barrier,private_barrier,target_specialist",00110,1,5,1,0,4,0,1,0.2,deep,fast,agent_deep__task_fast,6.0,5.680585,0.0758,11.756385,False,False,False,1,,,46852.0,stage1_n3__from__root__c03 > stage2_n3__from__n0003__c03 > stage3_n5__from__n0014__c03 > stage4_n5__from__n0049__c04 > stage5_n2__from__n0142__c01,[mms_issue]airplane_mode_on|break_app_both_permissions|data_usage_exceeded[PERSONA:Hard]
risky_ps_safe_conditional,PS,4,0,4,36,trap_pre_switch,trap_favoring,False,neutral,repair_all,repair_all,DFFDD,FFFFF,"D/F,F/F,F/F,D/F,D/F","general_stage1_verify,trap_stage2_router,trap_stage3_network,general_stage4_repair,target_stage5_verify","general_shared,trap_lane,trap_lane,general_shared,target_specialist",00000,2,5,2,0,3,0,2,0.4,deep,fast,agent_deep__task_fast,1.5,4.96472,0.06420000000000001,6.528919999999999,False,False,True,0,,,42821.0,stage1_n2__from__root__c02 > stage2_n3__from__n0002__c03 > stage3_n4__from__n0011__c02 > stage4_n2__from__n0039__c01 > stage5_n1__from__n0112__c01,[mms_issue]airplane_mode_on|break_app_storage_permission[PERSONA:Easy]
risky_ps_safe_conditional,PS,5,0,5,18,trap_pre_switch,trap_favoring,False,trap_safe_overcautious,repair_all,repair_all,FDDDD,FFFFF,"F/F,D/F,D/F,D/F,D/F","general_stage1_intake,target_stage2_router,target_stage3_roaming,target_stage4_repair,target_stage5_verify","general_shared,target_specialist,target_specialist,target_specialist,target_specialist",00000,1,5,1,0,4,0,1,0.2,deep,fast,agent_deep__task_fast,1.5,4.083575,0.0752,5.6587749999999994,False,False,True,0,,,33674.0,stage1_n1__from__root__c01 > stage2_n1__from__n0001__c01 > stage3_n2__from__n0006__c02 > stage4_n1__from__n0024__c01 > stage5_n1__from__n0075__c01,[mms_issue]bad_network_preference[PERSONA:None]
risky_ps_safe_conditional,PS,6,0,6,24,trap_pre_switch,trap_favoring,False,neutral,repair_all,repair_all,DFDFF,FFFFF,"D/F,F/F,D/F,F/F,F/F","general_stage1_verify,trap_stage2_router,barrier_stage3_gate,trap_stage4_execute,trap_stage5_terminal","general_shared,trap_lane,private_barrier,trap_lane,trap_lane",00100,3,5,3,0,2,0,3,0.6,fast,fast,agent_fast__task_fast,1.5,3.70428,0.0632,5.26748,False,False,True,0,,,36528.0,stage1_n2__from__root__c02 > stage2_n3__from__n0002__c03 > stage3_n5__from__n0011__c03 > stage4_n4__from__n0040__c03 > stage5_n4__from__n0118__c03,[mms_issue]bad_network_preference|break_app_storage_permission[PERSONA:None]
risky_ps_safe_conditional,PS,7,0,7,23,trap_pre_switch,trap_favoring,False,trap_like_good,repair_all,repair_all,FFFDD,FFFFF,"F/F,F/F,F/F,D/F,D/F","trap_stage1_intake,trap_stage2_router,trap_stage3_network,general_stage4_verify,target_stage5_verify","trap_lane,trap_lane,trap_lane,general_shared,target_specialist",00000,3,5,3,0,2,0,3,0.6,fast,fast,agent_fast__task_fast,0.0,8.303815,0.0601,8.363915,True,True,True,0,,,72253.0,stage1_n4__from__root__c04 > stage2_n3__from__n0004__c03 > stage3_n4__from__n0017__c02 > stage4_n3__from__n0057__c02 > stage5_n1__from__n0159__c01,[mms_issue]bad_wifi_calling[PERSONA:Easy]
risky_ps_safe_conditional,PS,8,0,8,61,trap_pre_switch,trap_favoring,False,trap_like_good,repair_all,repair_all,FDDDD,FFFFF,"F/F,D/F,D/F,D/F,D/F","trap_stage1_intake,general_stage2_roaming,barrier_stage3_gate,barrier_stage4_gate,barrier_stage5_transfer","trap_lane,general_shared,private_barrier,private_barrier,private_barrier",00111,1,5,1,0,4,0,1,0.2,deep,fast,agent_deep__task_fast,0.0,4.67098,0.0726,4.74358,True,True,True,0,,,38203.0,stage1_n4__from__root__c04 > stage2_n4__from__n0004__c04 > stage3_n5__from__n0018__c03 > stage4_n5__from__n0061__c04 > stage5_n5__from__n0175__c03,[mms_issue]bad_wifi_calling|break_app_storage_permission[PERSONA:Easy]
risky_ps_safe_conditional,PS,9,0,9,0,trap_pre_switch,trap_favoring,False,neutral,repair_all,repair_all,DFFDD,FFFFF,"D/F,F/F,F/F,D/F,D/F","target_stage1_handoff,general_stage2_core,trap_stage3_network,barrier_stage4_gate,barrier_stage5_transfer","general_shared,general_shared,trap_lane,private_barrier,private_barrier",00011,2,5,2,0,3,0,2,0.4,deep,fast,agent_deep__task_fast,1.5,9.54499,0.0731,11.11809,False,False,True,0,,,81673.0,stage1_n3__from__root__c03 > stage2_n2__from__n0003__c02 > stage3_n4__from__n0013__c03 > stage4_n5__from__n0045__c04 > stage5_n5__from__n0128__c03,[mms_issue]break_app_both_permissions[PERSONA:Hard]
risky_ps_safe_conditional,PS,10,1,0,19,trap_pre_switch,trap_favoring,False,neutral,repair_all,repair_all,DFDDD,FFFFF,"D/F,F/F,D/F,D/F,D/F","general_stage1_verify,trap_stage2_router,general_stage3_network,general_stage4_repair,target_stage5_decision","general_shared,trap_lane,general_shared,general_shared,target_specialist",00000,1,5,1,0,4,0,1,0.2,deep,fast,agent_deep__task_fast,1.5,5.48457,0.0669,7.05147,False,False,True,0,,,45225.0,stage1_n2__from__root__c02 > stage2_n3__from__n0002__c03 > stage3_n3__from__n0011__c01 > stage4_n2__from__n0038__c01 > stage5_n2__from__n0110__c02,[mms_issue]airplane_mode_on|bad_network_preference|break_app_sms_permission[PERSONA:Hard]
risky_ps_safe_conditional,PS,11,1,1,13,trap_pre_switch,trap_favoring,False,trap_like_good,repair_all,repair_all,FDDDD,FFFFF,"F/F,D/F,D/F,D/F,D/F","trap_stage1_intake,target_stage2_router,target_stage3_roaming,target_stage4_repair,target_stage5_verify","trap_lane,target_specialist,target_specialist,target_specialist,target_specialist",00000,1,5,1,0,4,0,1,0.2,deep,fast,agent_deep__task_fast,0.0,4.998605,0.0741,5.072705,True,True,True,0,,,40868.0,stage1_n4__from__root__c04 > stage2_n1__from__n0004__c01 > stage3_n2__from__n0015__c02 > stage4_n1__from__n0051__c01 > stage5_n1__from__n0144__c01,[mms_issue]airplane_mode_on|bad_wifi_calling|break_app_sms_permission[PERSONA:None]
risky_ps_safe_conditional,PS,12,1,2,7,trap_pre_switch,trap_favoring,False,trap_safe_overcautious,repair_all,repair_all,DDDDD,FFFFF,"D/F,D/F,D/F,D/F,D/F","general_stage1_verify,target_stage2_router,target_stage3_apn,target_stage4_repair,target_stage5_verify","general_shared,target_specialist,target_specialist,target_specialist,target_specialist",00000,0,5,0,0,5,0,0,0.0,deep,fast,agent_deep__task_fast,0.0,5.31553,0.07600000000000001,5.3915299999999995,True,True,True,0,,,42256.0,stage1_n2__from__root__c02 > stage2_n1__from__n0002__c01 > stage3_n1__from__n0009__c01 > stage4_n1__from__n0032__c01 > stage5_n1__from__n0097__c01,[mms_issue]airplane_mode_on|bad_wifi_calling|break_app_storage_permission[PERSONA:Easy]
risky_ps_safe_conditional,PS,13,1,3,25,trap_pre_switch,trap_favoring,False,neutral,repair_subset,repair_subset,FDFFD,FFFFF,"F/F,D/F,F/F,F/F,D/F","barrier_stage1_gate,barrier_stage2_gate,trap_stage3_network,trap_stage4_execute,general_stage5_verify","private_barrier,private_barrier,trap_lane,trap_lane,general_shared",11000,3,5,3,0,2,0,3,0.6,fast,fast,agent_fast__task_fast,6.0,3.86587,0.06830000000000001,9.93417,False,False,False,1,,,35551.0,stage1_n5__from__root__c05 > stage2_n5__from__n0005__c03 > stage3_n4__from__n0022__c02 > stage4_n4__from__n0072__c03 > stage5_n3__from__n0210__c02,[mms_issue]airplane_mode_on|break_app_both_permissions|data_usage_exceeded[PERSONA:Hard]
risky_ps_safe_conditional,PS,14,1,4,36,trap_pre_switch,trap_favoring,False,neutral,repair_all,repair_all,FFDDD,FFFFF,"F/F,F/F,D/F,D/F,D/F","general_stage1_intake,trap_stage2_router,general_stage3_network,general_stage4_repair,target_stage5_decision","general_shared,trap_lane,general_shared,general_shared,target_specialist",00000,2,5,2,0,3,0,2,0.4,deep,fast,agent_deep__task_fast,1.5,3.953555,0.0661,5.519655,False,False,True,0,,,33176.0,stage1_n1__from__root__c01 > stage2_n3__from__n0001__c03 > stage3_n3__from__n0008__c01 > stage4_n2__from__n0029__c01 > stage5_n2__from__n0087__c02,[mms_issue]airplane_mode_on|break_app_storage_permission[PERSONA:Easy]
risky_ps_safe_conditional,PS,15,1,5,18,trap_pre_switch,trap_favoring,False,trap_safe_overcautious,repair_all,repair_all,FDDDD,FFFFF,"F/F,D/F,D/F,D/F,D/F","general_stage1_intake,target_stage2_router,target_stage3_apn,target_stage4_repair,target_stage5_decision","general_shared,target_specialist,target_specialist,target_specialist,target_specialist",00000,1,5,1,0,4,0,1,0.2,deep,fast,agent_deep__task_fast,1.5,4.381885,0.07900000000000001,5.960884999999999,False,False,True,0,,,36067.0,stage1_n1__from__root__c01 > stage2_n1__from__n0001__c01 > stage3_n1__from__n0006__c01 > stage4_n1__from__n0023__c01 > stage5_n2__from__n0074__c02,[mms_issue]bad_network_preference[PERSONA:None]
risky_ps_safe_conditional,PS,16,1,6,24,trap_pre_switch,trap_favoring,False,trap_safe_overcautious,repair_all,repair_all,FDDDD,FFFFF,"F/F,D/F,D/F,D/F,D/F","general_stage1_intake,target_stage2_router,target_stage3_apn,target_stage4_repair,target_stage5_verify","general_shared,target_specialist,target_specialist,target_specialist,target_specialist",00000,1,5,1,0,4,0,1,0.2,deep,fast,agent_deep__task_fast,1.5,4.34674,0.07750000000000001,5.924239999999999,False,False,True,0,,,35548.0,stage1_n1__from__root__c01 > stage2_n1__from__n0001__c01 > stage3_n1__from__n0006__c01 > stage4_n1__from__n0023__c01 > stage5_n1__from__n0074__c01,[mms_issue]bad_network_preference|break_app_storage_permission[PERSONA:None]
risky_ps_safe_conditional,PS,17,1,7,23,trap_pre_switch,trap_favoring,False,neutral,repair_all,repair_all,FDDDD,FFFFF,"F/F,D/F,D/F,D/F,D/F","barrier_stage1_gate,barrier_stage2_gate,barrier_stage3_gate,general_stage4_repair,target_stage5_decision","private_barrier,private_barrier,private_barrier,general_shared,target_specialist",11100,1,5,1,0,4,0,1,0.2,deep,fast,agent_deep__task_fast,0.0,8.930995,0.0795,9.010494999999999,True,True,True,0,,,74689.0,stage1_n5__from__root__c05 > stage2_n5__from__n0005__c03 > stage3_n5__from__n0022__c03 > stage4_n2__from__n0073__c01 > stage5_n2__from__n0212__c02,[mms_issue]bad_wifi_calling[PERSONA:Easy]
risky_ps_safe_conditional,PS,18,1,8,61,trap_pre_switch,trap_favoring,False,trap_safe_overcautious,repair_all,repair_all,DFDDD,FFFFF,"D/F,F/F,D/F,D/F,D/F","general_stage1_verify,general_stage2_core,target_stage3_roaming,target_stage4_repair,target_stage5_verify","general_shared,general_shared,target_specialist,target_specialist,target_specialist",00000,1,5,1,0,4,0,1,0.2,deep,fast,agent_deep__task_fast,0.0,4.840985,0.0721,4.913085,True,True,True,0,,,39992.0,stage1_n2__from__root__c02 > stage2_n2__from__n0002__c02 > stage3_n2__from__n0010__c01 > stage4_n1__from__n0034__c01 > stage5_n1__from__n0099__c01,[mms_issue]bad_wifi_calling|break_app_storage_permission[PERSONA:Easy]
risky_ps_safe_conditional,PS,19,1,9,0,trap_pre_switch,trap_favoring,False,trap_safe_overcautious,repair_all,repair_all,DDDDD,FFFFF,"D/F,D/F,D/F,D/F,D/F","target_stage1_handoff,target_stage2_router,target_stage3_roaming,target_stage4_repair,target_stage5_decision","general_shared,target_specialist,target_specialist,target_specialist,target_specialist",00000,0,5,0,0,5,0,0,0.0,deep,fast,agent_deep__task_fast,1.5,5.762305,0.07600000000000001,7.338305,False,False,True,0,,,46582.0,stage1_n3__from__root__c03 > stage2_n1__from__n0003__c01 > stage3_n2__from__n0012__c02 > stage4_n1__from__n0042__c01 > stage5_n2__from__n0121__c02,[mms_issue]break_app_both_permissions[PERSONA:Hard]
risky_ps_safe_conditional,PS,20,2,0,19,trap_pre_switch,trap_favoring,False,neutral,repair_all,repair_all,FFDDD,FFFFF,"F/F,F/F,D/F,D/F,D/F","barrier_stage1_gate,trap_stage2_router,general_stage3_network,general_stage4_verify,target_stage5_decision","private_barrier,trap_lane,general_shared,general_shared,target_specialist",10000,2,5,2,0,3,0,2,0.4,deep,fast,agent_deep__task_fast,1.5,4.90642,0.0725,6.47892,False,False,True,0,,,41125.0,stage1_n5__from__root__c05 > stage2_n3__from__n0005__c01 > stage3_n3__from__n0020__c01 > stage4_n3__from__n0065__c02 > stage5_n2__from__n0187__c02,[mms_issue]airplane_mode_on|bad_network_preference|break_app_sms_permission[PERSONA:Hard]
risky_ps_safe_conditional,PS,21,2,1,13,trap_pre_switch,trap_favoring,False,neutral,repair_all,repair_all,DFDDD,FFFFF,"D/F,F/F,D/F,D/F,D/F","general_stage1_verify,general_stage2_core,barrier_stage3_gate,general_stage4_verify,general_stage5_verify","general_shared,general_shared,private_barrier,general_shared,general_shared",00100,1,5,1,0,4,0,1,0.2,deep,fast,agent_deep__task_fast,0.0,4.575095,0.06720000000000001,4.642295,True,True,True,0,,,37400.0,stage1_n2__from__root__c02 > stage2_n2__from__n0002__c02 > stage3_n5__from__n0010__c04 > stage4_n3__from__n0037__c02 > stage5_n3__from__n0107__c03,[mms_issue]airplane_mode_on|bad_wifi_calling|break_app_sms_permission[PERSONA:None]
risky_ps_safe_conditional,PS,22,2,2,7,trap_pre_switch,trap_favoring,False,neutral,repair_all,repair_all,FFDDD,FFFFF,"F/F,F/F,D/F,D/F,D/F","general_stage1_intake,general_stage2_core,general_stage3_network,general_stage4_verify,general_stage5_verify","general_shared,general_shared,general_shared,general_shared,general_shared",00000,2,5,2,0,3,0,2,0.4,deep,fast,agent_deep__task_fast,0.0,3.946745,0.0671,4.013845,True,True,True,0,,,33200.0,stage1_n1__from__root__c01 > stage2_n2__from__n0001__c02 > stage3_n3__from__n0007__c02 > stage4_n3__from__n0026__c02 > stage5_n3__from__n0078__c03,[mms_issue]airplane_mode_on|bad_wifi_calling|break_app_storage_permission[PERSONA:Easy]
risky_ps_safe_conditional,PS,23,2,3,25,trap_pre_switch,trap_favoring,False,trap_safe_overcautious,repair_subset,repair_all,DDDDD,FFFFF,"D/F,D/F,D/F,D/F,D/F","general_stage1_verify,target_stage2_router,target_stage3_roaming,target_stage4_repair,target_stage5_verify","general_shared,target_specialist,target_specialist,target_specialist,target_specialist",00000,0,5,0,0,5,0,0,0.0,deep,fast,agent_deep__task_fast,5.0,5.546565,0.0748,10.621365,False,False,True,0,,,44208.0,stage1_n2__from__root__c02 > stage2_n1__from__n0002__c01 > stage3_n2__from__n0009__c02 > stage4_n1__from__n0033__c01 > stage5_n1__from__n0098__c01,[mms_issue]airplane_mode_on|break_app_both_permissions|data_usage_exceeded[PERSONA:Hard]
risky_ps_safe_conditional,PS,24,2,4,36,trap_pre_switch,trap_favoring,False,neutral,repair_all,repair_all,FFDDD,FFFFF,"F/F,F/F,D/F,D/F,D/F","general_stage1_intake,general_stage2_core,barrier_stage3_gate,general_stage4_verify,target_stage5_decision","general_shared,general_shared,private_barrier,general_shared,target_specialist",00100,2,5,2,0,3,0,2,0.4,deep,fast,agent_deep__task_fast,1.5,4.627225,0.0718,6.199025000000001,False,False,True,0,,,38980.0,stage1_n1__from__root__c01 > stage2_n2__from__n0001__c02 > stage3_n5__from__n0007__c04 > stage4_n3__from__n0028__c02 > stage5_n2__from__n0084__c02,[mms_issue]airplane_mode_on|break_app_storage_permission[PERSONA:Easy]
risky_ps_safe_conditional,PS,25,2,5,35,target_post_switch,target_favoring,True,neutral,repair_subset,transfer,FDDDD,FDDDD,"F/F,D/D,D/D,D/D,D/D","barrier_stage1_gate,general_stage2_roaming,barrier_stage3_gate,general_stage4_repair,target_stage5_decision","private_barrier,general_shared,private_barrier,general_shared,target_specialist",10100,1,1,1,0,0,4,5,1.0,deep,deep,agent_deep__task_deep,18.5,5.024945,0.0742,23.599145,False,False,False,1,,,53552.0,stage1_n5__from__root__c05 > stage2_n4__from__n0005__c02 > stage3_n5__from__n0021__c03 > stage4_n2__from__n0070__c01 > stage5_n2__from__n0202__c02,[mms_issue]airplane_mode_on|bad_network_preference|bad_wifi_calling|break_apn_mms_setting|break_app_both_permissions|data_mode_off|data_usage_exceeded|unseat_sim_card|user_abroad_roaming_disabled_on[PERSONA:Hard]
risky_ps_safe_conditional,PS,26,2,6,51,target_post_switch,target_favoring,True,target_decoy_medium,repair_subset,repair_subset,DFFDD,FDDDD,"D/F,F/D,F/D,D/D,D/D","general_stage1_verify,general_stage2_core,trap_stage3_network,barrier_stage4_gate,target_stage5_decision","general_shared,general_shared,trap_lane,private_barrier,target_specialist",00010,2,1,0,2,1,2,2,0.4,deep,deep,agent_deep__task_deep,13.0,6.215945,0.06949999999999999,19.285445,False,False,False,1,,,59861.0,stage1_n2__from__root__c02 > stage2_n2__from__n0002__c02 > stage3_n4__from__n0010__c03 > stage4_n5__from__n0036__c04 > stage5_n2__from__n0105__c01,[mms_issue]airplane_mode_on|bad_network_preference|bad_wifi_calling|break_apn_mms_setting|break_app_both_permissions|data_mode_off|data_usage_exceeded|unseat_sim_card|user_abroad_roaming_enabled_off[PERSONA:Hard]
risky_ps_safe_conditional,PS,27,2,7,45,target_post_switch,target_favoring,True,trap_like_bad,repair_all,repair_subset,FFDDD,FDDDD,"F/F,F/D,D/D,D/D,D/D","trap_stage1_intake,general_stage2_core,target_stage3_roaming,target_stage4_repair,target_stage5_verify","trap_lane,general_shared,target_specialist,target_specialist,target_specialist",00000,2,1,1,1,0,3,4,0.8,deep,deep,agent_deep__task_deep,11.0,5.328245,0.07010000000000001,16.398345,False,False,True,0,,,55813.0,stage1_n4__from__root__c04 > stage2_n2__from__n0004__c02 > stage3_n2__from__n0016__c01 > stage4_n1__from__n0052__c01 > stage5_n1__from__n0145__c01,[mms_issue]airplane_mode_on|bad_network_preference|bad_wifi_calling|break_apn_mms_setting|break_app_both_permissions|data_mode_off|unseat_sim_card|user_abroad_roaming_enabled_off[PERSONA:Hard]
risky_ps_safe_conditional,PS,28,2,8,40,target_post_switch,target_favoring,True,neutral,repair_subset,repair_subset,FFDDD,FDDDD,"F/F,F/D,D/D,D/D,D/D","general_stage1_intake,trap_stage2_router,general_stage3_network,general_stage4_verify,general_stage5_verify","general_shared,trap_lane,general_shared,general_shared,general_shared",00000,2,1,1,1,0,3,4,0.8,deep,deep,agent_deep__task_deep,3.0,4.59185,0.0644,7.65625,False,False,False,1,,,47746.0,stage1_n1__from__root__c01 > stage2_n3__from__n0001__c03 > stage3_n3__from__n0008__c01 > stage4_n3__from__n0029__c02 > stage5_n3__from__n0088__c03,[mms_issue]airplane_mode_on|bad_network_preference|bad_wifi_calling|break_apn_mms_setting|break_app_sms_permission|data_mode_off|data_usage_exceeded|unseat_sim_card|user_abroad_roaming_disabled_on[PERSONA:None]
risky_ps_safe_conditional,PS,29,2,9,46,target_post_switch,target_favoring,True,target_decoy_medium,repair_subset,transfer,FFFDD,FDDDD,"F/F,F/D,F/D,D/D,D/D","barrier_stage1_gate,trap_stage2_router,trap_stage3_network,barrier_stage4_gate,barrier_stage5_transfer","private_barrier,trap_lane,trap_lane,private_barrier,private_barrier",10011,3,1,1,2,0,2,3,0.6,fast,deep,agent_fast__task_deep,21.5,5.543575,0.0735,27.117075,False,False,False,1,,,54442.0,stage1_n5__from__root__c05 > stage2_n3__from__n0005__c01 > stage3_n4__from__n0020__c02 > stage4_n5__from__n0066__c04 > stage5_n5__from__n0191__c03,[mms_issue]airplane_mode_on|bad_network_preference|bad_wifi_calling|break_apn_mms_setting|break_app_sms_permission|data_mode_off|data_usage_exceeded|unseat_sim_card|user_abroad_roaming_enabled_off[PERSONA:None]
risky_ps_safe_conditional,PS,30,3,0,16,target_post_switch,target_favoring,True,trap_like_bad,repair_subset,repair_subset,FDDDD,FDDDD,"F/F,D/D,D/D,D/D,D/D","trap_stage1_intake,barrier_stage2_gate,barrier_stage3_gate,general_stage4_verify,general_stage5_verify","trap_lane,private_barrier,private_barrier,general_shared,general_shared",01100,1,1,1,0,0,4,5,1.0,deep,deep,agent_deep__task_deep,2.0,4.354295,0.0706,6.424894999999999,True,True,False,1,,,46460.0,stage1_n4__from__root__c04 > stage2_n5__from__n0004__c05 > stage3_n5__from__n0019__c03 > stage4_n3__from__n0064__c02 > stage5_n3__from__n0183__c03,[mms_issue]airplane_mode_on|bad_network_preference|bad_wifi_calling|break_apn_mms_setting|break_app_sms_permission|data_mode_off|data_usage_exceeded|user_abroad_roaming_disabled_on[PERSONA:None]
risky_ps_safe_conditional,PS,31,3,1,65,target_post_switch,target_favoring,True,target_safe_specialist_good,repair_all,transfer,DDDDD,FDDDD,"D/F,D/D,D/D,D/D,D/D","target_stage1_handoff,target_stage2_router,target_stage3_apn,target_stage4_repair,target_stage5_decision","general_shared,target_specialist,target_specialist,target_specialist,target_specialist",00000,0,1,0,0,1,4,4,0.8,deep,deep,agent_deep__task_deep,18.5,5.892015,0.07790000000000001,24.469915,False,False,True,0,,,61602.0,stage1_n3__from__root__c03 > stage2_n1__from__n0003__c01 > stage3_n1__from__n0012__c01 > stage4_n1__from__n0041__c01 > stage5_n2__from__n0120__c02,[mms_issue]airplane_mode_on|bad_network_preference|bad_wifi_calling|break_apn_mms_setting|break_app_sms_permission|data_mode_off|unseat_sim_card|user_abroad_roaming_enabled_off[PERSONA:None]
risky_ps_safe_conditional,PS,32,3,2,11,target_post_switch,target_favoring,True,target_safe_specialist_good,repair_subset,transfer,DFDDD,FDDDD,"D/F,F/D,D/D,D/D,D/D","target_stage1_handoff,general_stage2_core,target_stage3_roaming,target_stage4_repair,target_stage5_decision","general_shared,general_shared,target_specialist,target_specialist,target_specialist",00000,1,1,0,1,1,3,3,0.6,deep,deep,agent_deep__task_deep,19.5,5.127985,0.0758,24.703785,False,False,False,1,,,50546.0,stage1_n3__from__root__c03 > stage2_n2__from__n0003__c02 > stage3_n2__from__n0013__c01 > stage4_n1__from__n0043__c01 > stage5_n2__from__n0122__c02,[mms_issue]airplane_mode_on|bad_network_preference|bad_wifi_calling|break_apn_mms_setting|break_app_storage_permission|data_mode_off|data_usage_exceeded|unseat_sim_card|user_abroad_roaming_disabled_on[PERSONA:Easy]
risky_ps_safe_conditional,PS,33,3,3,17,target_post_switch,target_favoring,True,target_safe_specialist_good,repair_subset,transfer,FDDDD,FDDDD,"F/F,D/D,D/D,D/D,D/D","general_stage1_intake,target_stage2_router,target_stage3_apn,target_stage4_repair,target_stage5_verify","general_shared,target_specialist,target_specialist,target_specialist,target_specialist",00000,1,1,1,0,0,4,5,1.0,deep,deep,agent_deep__task_deep,20.5,4.957455,0.07750000000000001,25.534955,False,False,False,1,,,52914.0,stage1_n1__from__root__c01 > stage2_n1__from__n0001__c01 > stage3_n1__from__n0006__c01 > stage4_n1__from__n0023__c01 > stage5_n1__from__n0074__c01,[mms_issue]airplane_mode_on|bad_network_preference|bad_wifi_calling|break_apn_mms_setting|break_app_storage_permission|data_mode_off|data_usage_exceeded|unseat_sim_card|user_abroad_roaming_enabled_off[PERSONA:Easy]
risky_ps_safe_conditional,PS,34,3,4,67,target_post_switch,target_favoring,False,neutral,transfer,transfer,FFDDF,FDDDD,"F/F,F/D,D/D,D/D,F/D","general_stage1_intake,general_stage2_core,general_stage3_network,general_stage4_verify,trap_stage5_terminal","general_shared,general_shared,general_shared,general_shared,trap_lane",00000,3,1,1,2,0,2,3,0.6,fast,deep,agent_fast__task_deep,1.0,4.15796,0.0646,5.22256,False,False,True,0,,,36654.0,stage1_n1__from__root__c01 > stage2_n2__from__n0001__c02 > stage3_n3__from__n0007__c02 > stage4_n3__from__n0026__c02 > stage5_n4__from__n0078__c04,[mms_issue]airplane_mode_on|break_apn_mms_setting|break_app_both_permissions|user_abroad_roaming_disabled_off[PERSONA:None]
risky_ps_safe_conditional,PS,35,3,5,35,target_post_switch,target_favoring,True,trap_like_bad,repair_subset,repair_subset,FDFDF,FDDDD,"F/F,D/D,F/D,D/D,F/D","trap_stage1_intake,general_stage2_roaming,trap_stage3_network,barrier_stage4_gate,trap_stage5_terminal","trap_lane,general_shared,trap_lane,private_barrier,trap_lane",00010,3,1,1,2,0,2,3,0.6,fast,deep,agent_fast__task_deep,2.0,5.62482,0.0655,7.69032,True,True,False,1,,,48250.0,stage1_n4__from__root__c04 > stage2_n4__from__n0004__c04 > stage3_n4__from__n0018__c02 > stage4_n5__from__n0060__c04 > stage5_n4__from__n0171__c02,[mms_issue]airplane_mode_on|bad_network_preference|bad_wifi_calling|break_apn_mms_setting|break_app_both_permissions|data_mode_off|data_usage_exceeded|unseat_sim_card|user_abroad_roaming_disabled_on[PERSONA:Hard]
risky_ps_safe_conditional,PS,36,3,6,51,target_post_switch,target_favoring,True,trap_like_bad,repair_subset,repair_subset,FDDDD,FDDDD,"F/F,D/D,D/D,D/D,D/D","trap_stage1_intake,target_stage2_router,target_stage3_roaming,target_stage4_repair,target_stage5_verify","trap_lane,target_specialist,target_specialist,target_specialist,target_specialist",00000,1,1,1,0,0,4,5,1.0,deep,deep,agent_deep__task_deep,2.0,5.106035,0.0741,7.180135,True,True,False,1,,,55106.0,stage1_n4__from__root__c04 > stage2_n1__from__n0004__c01 > stage3_n2__from__n0015__c02 > stage4_n1__from__n0051__c01 > stage5_n1__from__n0144__c01,[mms_issue]airplane_mode_on|bad_network_preference|bad_wifi_calling|break_apn_mms_setting|break_app_both_permissions|data_mode_off|data_usage_exceeded|unseat_sim_card|user_abroad_roaming_enabled_off[PERSONA:Hard]
risky_ps_safe_conditional,PS,37,3,7,45,target_post_switch,target_favoring,True,target_safe_specialist_good,repair_all,repair_subset,DDDDD,FDDDD,"D/F,D/D,D/D,D/D,D/D","general_stage1_verify,target_stage2_router,target_stage3_roaming,target_stage4_repair,target_stage5_verify","general_shared,target_specialist,target_specialist,target_specialist,target_specialist",00000,0,1,0,0,1,4,4,0.8,deep,deep,agent_deep__task_deep,11.0,5.91427,0.0748,16.989069999999998,False,False,True,0,,,62173.0,stage1_n2__from__root__c02 > stage2_n1__from__n0002__c01 > stage3_n2__from__n0009__c02 > stage4_n1__from__n0033__c01 > stage5_n1__from__n0098__c01,[mms_issue]airplane_mode_on|bad_network_preference|bad_wifi_calling|break_apn_mms_setting|break_app_both_permissions|data_mode_off|unseat_sim_card|user_abroad_roaming_enabled_off[PERSONA:Hard]
risky_ps_safe_conditional,PS,38,3,8,40,target_post_switch,target_favoring,True,neutral,repair_subset,transfer,FDDDD,FDDDD,"F/F,D/D,D/D,D/D,D/D","barrier_stage1_gate,barrier_stage2_gate,general_stage3_network,general_stage4_repair,target_stage5_decision","private_barrier,private_barrier,general_shared,general_shared,target_specialist",11000,1,1,1,0,0,4,5,1.0,deep,deep,agent_deep__task_deep,18.5,4.952355,0.0777,23.530055,False,False,False,1,,,52944.0,stage1_n5__from__root__c05 > stage2_n5__from__n0005__c03 > stage3_n3__from__n0022__c01 > stage4_n2__from__n0071__c01 > stage5_n2__from__n0206__c02,[mms_issue]airplane_mode_on|bad_network_preference|bad_wifi_calling|break_apn_mms_setting|break_app_sms_permission|data_mode_off|data_usage_exceeded|unseat_sim_card|user_abroad_roaming_disabled_on[PERSONA:None]
risky_ps_safe_conditional,PS,39,3,9,46,target_post_switch,target_favoring,True,neutral,repair_subset,repair_subset,FDDDD,FDDDD,"F/F,D/D,D/D,D/D,D/D","barrier_stage1_gate,general_stage2_roaming,general_stage3_network,general_stage4_repair,target_stage5_verify","private_barrier,general_shared,general_shared,general_shared,target_specialist",10000,1,1,1,0,0,4,5,1.0,deep,deep,agent_deep__task_deep,14.0,5.27221,0.0732,19.34541,False,False,False,1,,,56884.0,stage1_n5__from__root__c05 > stage2_n4__from__n0005__c02 > stage3_n3__from__n0021__c01 > stage4_n2__from__n0068__c01 > stage5_n1__from__n0196__c01,[mms_issue]airplane_mode_on|bad_network_preference|bad_wifi_calling|break_apn_mms_setting|break_app_sms_permission|data_mode_off|data_usage_exceeded|unseat_sim_card|user_abroad_roaming_enabled_off[PERSONA:None]
risky_ps_safe_conditional,PS,40,4,0,16,target_post_switch,target_favoring,True,target_decoy_medium,repair_subset,repair_subset,FFFDD,FDDDD,"F/F,F/D,F/D,D/D,D/D","general_stage1_intake,general_stage2_core,trap_stage3_network,barrier_stage4_gate,target_stage5_decision","general_shared,general_shared,trap_lane,private_barrier,target_specialist",00010,3,1,1,2,0,2,3,0.6,fast,deep,agent_fast__task_deep,3.0,4.7202,0.0731,7.7933,False,False,False,1,,,45790.0,stage1_n1__from__root__c01 > stage2_n2__from__n0001__c02 > stage3_n4__from__n0007__c03 > stage4_n5__from__n0027__c04 > stage5_n2__from__n0082__c01,[mms_issue]airplane_mode_on|bad_network_preference|bad_wifi_calling|break_apn_mms_setting|break_app_sms_permission|data_mode_off|data_usage_exceeded|user_abroad_roaming_disabled_on[PERSONA:None]
risky_ps_safe_conditional,PS,41,4,1,65,target_post_switch,target_favoring,True,trap_like_bad,repair_all,repair_all,FDDDD,FDDDD,"F/F,D/D,D/D,D/D,D/D","trap_stage1_intake,barrier_stage2_gate,general_stage3_network,general_stage4_verify,target_stage5_decision","trap_lane,private_barrier,general_shared,general_shared,target_specialist",01000,1,1,1,0,0,4,5,1.0,deep,deep,agent_deep__task_deep,0.0,4.16687,0.06999999999999999,4.236870000000001,True,True,True,0,,,44156.0,stage1_n4__from__root__c04 > stage2_n5__from__n0004__c05 > stage3_n3__from__n0019__c01 > stage4_n3__from__n0062__c02 > stage5_n2__from__n0177__c02,[mms_issue]airplane_mode_on|bad_network_preference|bad_wifi_calling|break_apn_mms_setting|break_app_sms_permission|data_mode_off|unseat_sim_card|user_abroad_roaming_enabled_off[PERSONA:None]
risky_ps_safe_conditional,PS,42,4,2,11,target_post_switch,target_favoring,True,target_decoy_medium,repair_subset,transfer,FFDDD,FDDDD,"F/F,F/D,D/D,D/D,D/D","general_stage1_intake,general_stage2_core,barrier_stage3_gate,barrier_stage4_gate,target_stage5_decision","general_shared,general_shared,private_barrier,private_barrier,target_specialist",00110,2,1,1,1,0,3,4,0.8,deep,deep,agent_deep__task_deep,19.5,4.55217,0.07680000000000001,24.12897,False,False,False,1,,,46495.0,stage1_n1__from__root__c01 > stage2_n2__from__n0001__c02 > stage3_n5__from__n0007__c04 > stage4_n5__from__n0028__c04 > stage5_n2__from__n0086__c01,[mms_issue]airplane_mode_on|bad_network_preference|bad_wifi_calling|break_apn_mms_setting|break_app_storage_permission|data_mode_off|data_usage_exceeded|unseat_sim_card|user_abroad_roaming_disabled_on[PERSONA:Easy]
risky_ps_safe_conditional,PS,43,4,3,17,target_post_switch,target_favoring,True,trap_like_bad,repair_subset,repair_subset,FDFDD,FDDDD,"F/F,D/D,F/D,D/D,D/D","trap_stage1_intake,barrier_stage2_gate,trap_stage3_network,general_stage4_repair,target_stage5_decision","trap_lane,private_barrier,trap_lane,general_shared,target_specialist",01000,2,1,1,1,0,3,4,0.8,deep,deep,agent_deep__task_deep,14.0,5.577315,0.0675,19.644815,False,False,False,1,,,56769.0,stage1_n4__from__root__c04 > stage2_n5__from__n0004__c05 > stage3_n4__from__n0019__c02 > stage4_n2__from__n0063__c01 > stage5_n2__from__n0178__c02,[mms_issue]airplane_mode_on|bad_network_preference|bad_wifi_calling|break_apn_mms_setting|break_app_storage_permission|data_mode_off|data_usage_exceeded|unseat_sim_card|user_abroad_roaming_enabled_off[PERSONA:Easy]
risky_ps_safe_conditional,PS,44,4,4,67,target_post_switch,target_favoring,False,target_safe_majority_bad,transfer,transfer,FFDDD,FDDDD,"F/F,F/D,D/D,D/D,D/D","general_stage1_intake,general_stage2_core,target_stage3_roaming,target_stage4_repair,target_stage5_verify","general_shared,general_shared,target_specialist,target_specialist,target_specialist",00000,2,1,1,1,0,3,4,0.8,deep,deep,agent_deep__task_deep,1.0,4.115845,0.0742,5.1900450000000005,False,False,True,0,,,42149.0,stage1_n1__from__root__c01 > stage2_n2__from__n0001__c02 > stage3_n2__from__n0007__c01 > stage4_n1__from__n0025__c01 > stage5_n1__from__n0076__c01,[mms_issue]airplane_mode_on|break_apn_mms_setting|break_app_both_permissions|user_abroad_roaming_disabled_off[PERSONA:None]
risky_ps_safe_conditional,PS,45,4,5,35,target_post_switch,target_favoring,True,target_decoy_medium,repair_subset,transfer,FDFDD,FDDDD,"F/F,D/D,F/D,D/D,D/D","barrier_stage1_gate,general_stage2_roaming,trap_stage3_network,barrier_stage4_gate,barrier_stage5_transfer","private_barrier,general_shared,trap_lane,private_barrier,private_barrier",10011,2,1,1,1,0,3,4,0.8,deep,deep,agent_deep__task_deep,18.5,5.323505,0.07500000000000001,23.898505,False,False,False,1,,,53408.0,stage1_n5__from__root__c05 > stage2_n4__from__n0005__c02 > stage3_n4__from__n0021__c02 > stage4_n5__from__n0069__c04 > stage5_n5__from__n0201__c03,[mms_issue]airplane_mode_on|bad_network_preference|bad_wifi_calling|break_apn_mms_setting|break_app_both_permissions|data_mode_off|data_usage_exceeded|unseat_sim_card|user_abroad_roaming_disabled_on[PERSONA:Hard]
risky_ps_safe_conditional,PS,46,4,6,51,target_post_switch,target_favoring,True,trap_like_bad,repair_subset,repair_subset,FDFFF,FDDDD,"F/F,D/D,F/D,F/D,F/D","trap_stage1_intake,general_stage2_roaming,trap_stage3_network,trap_stage4_execute,trap_stage5_terminal","trap_lane,general_shared,trap_lane,trap_lane,trap_lane",00000,4,1,1,3,0,1,2,0.4,fast,deep,agent_fast__task_deep,11.0,5.59788,0.05610000000000001,16.65398,False,False,False,1,,,42040.0,stage1_n4__from__root__c04 > stage2_n4__from__n0004__c04 > stage3_n4__from__n0018__c02 > stage4_n4__from__n0060__c03 > stage5_n4__from__n0170__c03,[mms_issue]airplane_mode_on|bad_network_preference|bad_wifi_calling|break_apn_mms_setting|break_app_both_permissions|data_mode_off|data_usage_exceeded|unseat_sim_card|user_abroad_roaming_enabled_off[PERSONA:Hard]
risky_ps_safe_conditional,PS,47,4,7,45,target_post_switch,target_favoring,True,trap_like_bad,repair_all,repair_subset,FDDDD,FDDDD,"F/F,D/D,D/D,D/D,D/D","trap_stage1_intake,target_stage2_router,target_stage3_apn,target_stage4_repair,target_stage5_verify","trap_lane,target_specialist,target_specialist,target_specialist,target_specialist",00000,1,1,1,0,0,4,5,1.0,deep,deep,agent_deep__task_deep,11.0,5.35177,0.0735,16.425269999999998,False,False,True,0,,,58123.0,stage1_n4__from__root__c04 > stage2_n1__from__n0004__c01 > stage3_n1__from__n0015__c01 > stage4_n1__from__n0050__c01 > stage5_n1__from__n0143__c01,[mms_issue]airplane_mode_on|bad_network_preference|bad_wifi_calling|break_apn_mms_setting|break_app_both_permissions|data_mode_off|unseat_sim_card|user_abroad_roaming_enabled_off[PERSONA:Hard]
risky_ps_safe_conditional,PS,48,4,8,40,target_post_switch,target_favoring,True,neutral,repair_subset,repair_subset,DFFFD,FDDDD,"D/F,F/D,F/D,F/D,D/D","target_stage1_handoff,trap_stage2_router,trap_stage3_network,trap_stage4_execute,general_stage5_verify","general_shared,trap_lane,trap_lane,trap_lane,general_shared",00000,3,1,0,3,1,1,1,0.2,fast,deep,agent_fast__task_deep,9.0,5.996885,0.0595,15.056384999999999,False,False,False,1,,,49736.0,stage1_n3__from__root__c03 > stage2_n3__from__n0003__c03 > stage3_n4__from__n0014__c02 > stage4_n4__from__n0048__c03 > stage5_n3__from__n0137__c02,[mms_issue]airplane_mode_on|bad_network_preference|bad_wifi_calling|break_apn_mms_setting|break_app_sms_permission|data_mode_off|data_usage_exceeded|unseat_sim_card|user_abroad_roaming_disabled_on[PERSONA:None]
risky_ps_safe_conditional,PS,49,4,9,46,target_post_switch,target_favoring,True,target_decoy_medium,repair_subset,repair_subset,FFDFD,FDDDD,"F/F,F/D,D/D,F/D,D/D","general_stage1_intake,trap_stage2_router,barrier_stage3_gate,trap_stage4_execute,barrier_stage5_transfer","general_shared,trap_lane,private_barrier,trap_lane,private_barrier",00101,3,1,1,2,0,2,3,0.6,fast,deep,agent_fast__task_deep,5.0,5.32278,0.0706,10.39338,False,False,False,1,,,47180.0,stage1_n1__from__root__c01 > stage2_n3__from__n0001__c03 > stage3_n5__from__n0008__c03 > stage4_n4__from__n0031__c03 > stage5_n5__from__n0095__c04,[mms_issue]airplane_mode_on|bad_network_preference|bad_wifi_calling|break_apn_mms_setting|break_app_sms_permission|data_mode_off|data_usage_exceeded|unseat_sim_card|user_abroad_roaming_enabled_off[PERSONA:None]
risky_ps_safe_conditional,PS,50,5,0,16,target_post_switch,target_favoring,True,target_safe_specialist_good,repair_subset,repair_subset,FFDDD,FDDDD,"F/F,F/D,D/D,D/D,D/D","general_stage1_intake,general_stage2_core,target_stage3_roaming,target_stage4_repair,target_stage5_decision","general_shared,general_shared,target_specialist,target_specialist,target_specialist",00000,2,1,1,1,0,3,4,0.8,deep,deep,agent_deep__task_deep,11.0,3.987425,0.0736,15.061025,False,False,False,1,,,40326.0,stage1_n1__from__root__c01 > stage2_n2__from__n0001__c02 > stage3_n2__from__n0007__c01 > stage4_n1__from__n0025__c01 > stage5_n2__from__n0076__c02,[mms_issue]airplane_mode_on|bad_network_preference|bad_wifi_calling|break_apn_mms_setting|break_app_sms_permission|data_mode_off|data_usage_exceeded|user_abroad_roaming_disabled_on[PERSONA:None]
risky_ps_safe_conditional,PS,51,5,1,65,target_post_switch,target_favoring,True,target_decoy_medium,repair_all,transfer,FFDDF,FDDDD,"F/F,F/D,D/D,D/D,F/D","general_stage1_intake,trap_stage2_router,barrier_stage3_gate,barrier_stage4_gate,trap_stage5_terminal","general_shared,trap_lane,private_barrier,private_barrier,trap_lane",00110,3,1,1,2,0,2,3,0.6,fast,deep,agent_fast__task_deep,18.5,5.27216,0.06670000000000001,23.83886,False,False,True,0,,,48439.0,stage1_n1__from__root__c01 > stage2_n3__from__n0001__c03 > stage3_n5__from__n0008__c03 > stage4_n5__from__n0031__c04 > stage5_n4__from__n0096__c02,[mms_issue]airplane_mode_on|bad_network_preference|bad_wifi_calling|break_apn_mms_setting|break_app_sms_permission|data_mode_off|unseat_sim_card|user_abroad_roaming_enabled_off[PERSONA:None]
risky_ps_safe_conditional,PS,52,5,2,11,target_post_switch,target_favoring,True,neutral,repair_subset,repair_subset,FFDFF,FDDDD,"F/F,F/D,D/D,F/D,F/D","general_stage1_intake,trap_stage2_router,barrier_stage3_gate,trap_stage4_execute,trap_stage5_terminal","general_shared,trap_lane,private_barrier,trap_lane,trap_lane",00100,4,1,1,3,0,1,2,0.4,fast,deep,agent_fast__task_deep,17.5,4.128015,0.062,21.690015000000002,False,False,False,1,,,31488.0,stage1_n1__from__root__c01 > stage2_n3__from__n0001__c03 > stage3_n5__from__n0008__c03 > stage4_n4__from__n0031__c03 > stage5_n4__from__n0095__c03,[mms_issue]airplane_mode_on|bad_network_preference|bad_wifi_calling|break_apn_mms_setting|break_app_storage_permission|data_mode_off|data_usage_exceeded|unseat_sim_card|user_abroad_roaming_disabled_on[PERSONA:Easy]
risky_ps_safe_conditional,PS,53,5,3,17,target_post_switch,target_favoring,True,neutral,repair_subset,transfer,FFFDF,FDDDD,"F/F,F/D,F/D,D/D,F/D","general_stage1_intake,trap_stage2_router,trap_stage3_network,general_stage4_verify,trap_stage5_terminal","general_shared,trap_lane,trap_lane,general_shared,trap_lane",00000,4,1,1,3,0,1,2,0.4,fast,deep,agent_fast__task_deep,21.5,5.585695,0.0609,27.146595,False,False,False,1,,,48389.0,stage1_n1__from__root__c01 > stage2_n3__from__n0001__c03 > stage3_n4__from__n0008__c02 > stage4_n3__from__n0030__c02 > stage5_n4__from__n0090__c04,[mms_issue]airplane_mode_on|bad_network_preference|bad_wifi_calling|break_apn_mms_setting|break_app_storage_permission|data_mode_off|data_usage_exceeded|unseat_sim_card|user_abroad_roaming_enabled_off[PERSONA:Easy]
risky_ps_safe_conditional,PS,54,5,4,67,target_post_switch,target_favoring,False,trap_like_bad,transfer,transfer,FDDDD,FDDDD,"F/F,D/D,D/D,D/D,D/D","trap_stage1_intake,target_stage2_router,target_stage3_roaming,target_stage4_repair,target_stage5_decision","trap_lane,target_specialist,target_specialist,target_specialist,target_specialist",00000,1,1,1,0,0,4,5,1.0,deep,deep,agent_deep__task_deep,1.0,5.59674,0.0752,6.671939999999999,False,False,True,0,,,60996.0,stage1_n4__from__root__c04 > stage2_n1__from__n0004__c01 > stage3_n2__from__n0015__c02 > stage4_n1__from__n0051__c01 > stage5_n2__from__n0144__c02,[mms_issue]airplane_mode_on|break_apn_mms_setting|break_app_both_permissions|user_abroad_roaming_disabled_off[PERSONA:None]
risky_ps_safe_conditional,PS,55,5,5,35,target_post_switch,target_favoring,True,neutral,repair_subset,transfer,DFDDF,FDDDD,"D/F,F/D,D/D,D/D,F/D","general_stage1_verify,general_stage2_core,general_stage3_network,general_stage4_verify,trap_stage5_terminal","general_shared,general_shared,general_shared,general_shared,trap_lane",00000,2,1,0,2,1,2,2,0.4,deep,deep,agent_deep__task_deep,19.5,5.23236,0.06420000000000001,24.79656,False,False,False,1,,,44931.0,stage1_n2__from__root__c02 > stage2_n2__from__n0002__c02 > stage3_n3__from__n0010__c02 > stage4_n3__from__n0035__c02 > stage5_n4__from__n0101__c04,[mms_issue]airplane_mode_on|bad_network_preference|bad_wifi_calling|break_apn_mms_setting|break_app_both_permissions|data_mode_off|data_usage_exceeded|unseat_sim_card|user_abroad_roaming_disabled_on[PERSONA:Hard]
risky_ps_safe_conditional,PS,56,5,6,51,target_post_switch,target_favoring,True,neutral,repair_subset,repair_subset,FFFFD,FDDDD,"F/F,F/D,F/D,F/D,D/D","general_stage1_intake,general_stage2_core,trap_stage3_network,trap_stage4_execute,target_stage5_verify","general_shared,general_shared,trap_lane,trap_lane,target_specialist",00000,4,1,1,3,0,1,2,0.4,fast,deep,agent_fast__task_deep,11.0,5.448575,0.06380000000000001,16.512375,False,False,False,1,,,45833.0,stage1_n1__from__root__c01 > stage2_n2__from__n0001__c02 > stage3_n4__from__n0007__c03 > stage4_n4__from__n0027__c03 > stage5_n1__from__n0081__c01,[mms_issue]airplane_mode_on|bad_network_preference|bad_wifi_calling|break_apn_mms_setting|break_app_both_permissions|data_mode_off|data_usage_exceeded|unseat_sim_card|user_abroad_roaming_enabled_off[PERSONA:Hard]
risky_ps_safe_conditional,PS,57,5,7,45,target_post_switch,target_favoring,True,trap_like_bad,repair_all,repair_all,FFDDF,FDDDD,"F/F,F/D,D/D,D/D,F/D","trap_stage1_intake,trap_stage2_router,general_stage3_network,general_stage4_verify,trap_stage5_terminal","trap_lane,trap_lane,general_shared,general_shared,trap_lane",00000,3,1,1,2,0,2,3,0.6,fast,deep,agent_fast__task_deep,0.0,4.861965,0.05580000000000001,4.917764999999999,True,True,True,0,,,42007.0,stage1_n4__from__root__c04 > stage2_n3__from__n0004__c03 > stage3_n3__from__n0017__c01 > stage4_n3__from__n0056__c02 > stage5_n4__from__n0157__c04,[mms_issue]airplane_mode_on|bad_network_preference|bad_wifi_calling|break_apn_mms_setting|break_app_both_permissions|data_mode_off|unseat_sim_card|user_abroad_roaming_enabled_off[PERSONA:Hard]
risky_ps_safe_conditional,PS,58,5,8,40,target_post_switch,target_favoring,True,target_decoy_medium,repair_subset,repair_subset,FFFDD,FDDDD,"F/F,F/D,F/D,D/D,D/D","general_stage1_intake,trap_stage2_router,trap_stage3_network,barrier_stage4_gate,target_stage5_decision","general_shared,trap_lane,trap_lane,private_barrier,target_specialist",00010,3,1,1,2,0,2,3,0.6,fast,deep,agent_fast__task_deep,15.5,4.93132,0.06760000000000001,20.498920000000002,False,False,False,1,,,47767.0,stage1_n1__from__root__c01 > stage2_n3__from__n0001__c03 > stage3_n4__from__n0008__c02 > stage4_n5__from__n0030__c04 > stage5_n2__from__n0092__c01,[mms_issue]airplane_mode_on|bad_network_preference|bad_wifi_calling|break_apn_mms_setting|break_app_sms_permission|data_mode_off|data_usage_exceeded|unseat_sim_card|user_abroad_roaming_disabled_on[PERSONA:None]
risky_ps_safe_conditional,PS,59,5,9,46,target_post_switch,target_favoring,True,neutral,repair_subset,repair_subset,FFFDD,FDDDD,"F/F,F/D,F/D,D/D,D/D","general_stage1_intake,trap_stage2_router,trap_stage3_network,general_stage4_verify,target_stage5_verify","general_shared,trap_lane,trap_lane,general_shared,target_specialist",00000,3,1,1,2,0,2,3,0.6,fast,deep,agent_fast__task_deep,15.0,5.867,0.0661,20.9331,False,False,False,1,,,58385.0,stage1_n1__from__root__c01 > stage2_n3__from__n0001__c03 > stage3_n4__from__n0008__c02 > stage4_n3__from__n0030__c02 > stage5_n1__from__n0090__c01,[mms_issue]airplane_mode_on|bad_network_preference|bad_wifi_calling|break_apn_mms_setting|break_app_sms_permission|data_mode_off|data_usage_exceeded|unseat_sim_card|user_abroad_roaming_enabled_off[PERSONA:None]
risky_ps_safe_conditional,PS,60,6,0,16,target_post_switch,target_favoring,True,trap_like_bad,repair_subset,transfer,FFDDF,FDDDD,"F/F,F/D,D/D,D/D,F/D","trap_stage1_intake,trap_stage2_router,barrier_stage3_gate,barrier_stage4_gate,trap_stage5_terminal","trap_lane,trap_lane,private_barrier,private_barrier,trap_lane",00110,3,1,1,2,0,2,3,0.6,fast,deep,agent_fast__task_deep,17.5,4.404545,0.06620000000000001,21.970744999999997,False,False,False,1,,,38900.0,stage1_n4__from__root__c04 > stage2_n3__from__n0004__c03 > stage3_n5__from__n0017__c03 > stage4_n5__from__n0058__c04 > stage5_n4__from__n0165__c02,[mms_issue]airplane_mode_on|bad_network_preference|bad_wifi_calling|break_apn_mms_setting|break_app_sms_permission|data_mode_off|data_usage_exceeded|user_abroad_roaming_disabled_on[PERSONA:None]
risky_ps_safe_conditional,PS,61,6,1,65,target_post_switch,target_favoring,True,trap_like_bad,repair_all,repair_subset,FDDFD,FDDDD,"F/F,D/D,D/D,F/D,D/D","trap_stage1_intake,barrier_stage2_gate,barrier_stage3_gate,trap_stage4_execute,barrier_stage5_transfer","trap_lane,private_barrier,private_barrier,trap_lane,private_barrier",01101,2,1,1,1,0,3,4,0.8,deep,deep,agent_deep__task_deep,17.0,3.84838,0.0734,20.92178,False,False,False,1,,,36474.0,stage1_n4__from__root__c04 > stage2_n5__from__n0004__c05 > stage3_n5__from__n0019__c03 > stage4_n4__from__n0064__c03 > stage5_n5__from__n0184__c04,[mms_issue]airplane_mode_on|bad_network_preference|bad_wifi_calling|break_apn_mms_setting|break_app_sms_permission|data_mode_off|unseat_sim_card|user_abroad_roaming_enabled_off[PERSONA:None]
risky_ps_safe_conditional,PS,62,6,2,11,target_post_switch,target_favoring,True,trap_like_bad,repair_subset,transfer,FFDDD,FDDDD,"F/F,F/D,D/D,D/D,D/D","trap_stage1_intake,trap_stage2_router,general_stage3_network,general_stage4_verify,target_stage5_verify","trap_lane,trap_lane,general_shared,general_shared,target_specialist",00000,2,1,1,1,0,3,4,0.8,deep,deep,agent_deep__task_deep,19.5,4.55217,0.0621,24.11427,False,False,False,1,,,46495.0,stage1_n4__from__root__c04 > stage2_n3__from__n0004__c03 > stage3_n3__from__n0017__c01 > stage4_n3__from__n0056__c02 > stage5_n1__from__n0157__c01,[mms_issue]airplane_mode_on|bad_network_preference|bad_wifi_calling|break_apn_mms_setting|break_app_storage_permission|data_mode_off|data_usage_exceeded|unseat_sim_card|user_abroad_roaming_disabled_on[PERSONA:Easy]
risky_ps_safe_conditional,PS,63,6,3,17,target_post_switch,target_favoring,True,neutral,repair_subset,repair_subset,FFFDD,FDDDD,"F/F,F/D,F/D,D/D,D/D","general_stage1_intake,general_stage2_core,trap_stage3_network,general_stage4_repair,target_stage5_verify","general_shared,general_shared,trap_lane,general_shared,target_specialist",00000,3,1,1,2,0,2,3,0.6,fast,deep,agent_fast__task_deep,13.0,5.578285,0.06920000000000001,18.647485,False,False,False,1,,,55061.0,stage1_n1__from__root__c01 > stage2_n2__from__n0001__c02 > stage3_n4__from__n0007__c03 > stage4_n2__from__n0027__c01 > stage5_n1__from__n0079__c01,[mms_issue]airplane_mode_on|bad_network_preference|bad_wifi_calling|break_apn_mms_setting|break_app_storage_permission|data_mode_off|data_usage_exceeded|unseat_sim_card|user_abroad_roaming_enabled_off[PERSONA:Easy]
risky_ps_safe_conditional,PS,64,6,4,67,target_post_switch,target_favoring,False,neutral,transfer,transfer,FFDDD,FDDDD,"F/F,F/D,D/D,D/D,D/D","general_stage1_intake,trap_stage2_router,general_stage3_network,general_stage4_verify,target_stage5_decision","general_shared,trap_lane,general_shared,general_shared,target_specialist",00000,2,1,1,1,0,3,4,0.8,deep,deep,agent_deep__task_deep,3.0,4.707615,0.06780000000000001,7.775415,False,False,False,1,,,48955.0,stage1_n1__from__root__c01 > stage2_n3__from__n0001__c03 > stage3_n3__from__n0008__c01 > stage4_n3__from__n0029__c02 > stage5_n2__from__n0088__c02,[mms_issue]airplane_mode_on|break_apn_mms_setting|break_app_both_permissions|user_abroad_roaming_disabled_off[PERSONA:None]
risky_ps_safe_conditional,PS,65,6,5,35,target_post_switch,target_favoring,True,neutral,repair_subset,transfer,FFDDD,FDDDD,"F/F,F/D,D/D,D/D,D/D","general_stage1_intake,trap_stage2_router,barrier_stage3_gate,general_stage4_repair,target_stage5_decision","general_shared,trap_lane,private_barrier,general_shared,target_specialist",00100,2,1,1,1,0,3,4,0.8,deep,deep,agent_deep__task_deep,19.5,4.600975,0.0718,24.172775,False,False,False,1,,,46981.0,stage1_n1__from__root__c01 > stage2_n3__from__n0001__c03 > stage3_n5__from__n0008__c03 > stage4_n2__from__n0031__c01 > stage5_n2__from__n0093__c02,[mms_issue]airplane_mode_on|bad_network_preference|bad_wifi_calling|break_apn_mms_setting|break_app_both_permissions|data_mode_off|data_usage_exceeded|unseat_sim_card|user_abroad_roaming_disabled_on[PERSONA:Hard]
risky_ps_safe_conditional,PS,66,6,6,51,target_post_switch,target_favoring,True,target_safe_specialist_good,repair_subset,repair_subset,DDDDD,FDDDD,"D/F,D/D,D/D,D/D,D/D","target_stage1_handoff,target_stage2_router,target_stage3_roaming,target_stage4_repair,target_stage5_verify","general_shared,target_specialist,target_specialist,target_specialist,target_specialist",00000,0,1,0,0,1,4,4,0.8,deep,deep,agent_deep__task_deep,13.0,5.949635,0.07750000000000001,19.027135,False,False,False,1,,,62345.0,stage1_n3__from__root__c03 > stage2_n1__from__n0003__c01 > stage3_n2__from__n0012__c02 > stage4_n1__from__n0042__c01 > stage5_n1__from__n0121__c01,[mms_issue]airplane_mode_on|bad_network_preference|bad_wifi_calling|break_apn_mms_setting|break_app_both_permissions|data_mode_off|data_usage_exceeded|unseat_sim_card|user_abroad_roaming_enabled_off[PERSONA:Hard]
risky_ps_safe_conditional,PS,67,6,7,45,target_post_switch,target_favoring,True,trap_like_bad,repair_all,transfer,FDDDD,FDDDD,"F/F,D/D,D/D,D/D,D/D","trap_stage1_intake,barrier_stage2_gate,general_stage3_network,general_stage4_repair,target_stage5_verify","trap_lane,private_barrier,general_shared,general_shared,target_specialist",01000,1,1,1,0,0,4,5,1.0,deep,deep,agent_deep__task_deep,18.5,5.22835,0.06930000000000001,23.797649999999997,False,False,True,0,,,57760.0,stage1_n4__from__root__c04 > stage2_n5__from__n0004__c05 > stage3_n3__from__n0019__c01 > stage4_n2__from__n0062__c01 > stage5_n1__from__n0176__c01,[mms_issue]airplane_mode_on|bad_network_preference|bad_wifi_calling|break_apn_mms_setting|break_app_both_permissions|data_mode_off|unseat_sim_card|user_abroad_roaming_enabled_off[PERSONA:Hard]
risky_ps_safe_conditional,PS,68,6,8,40,target_post_switch,target_favoring,True,target_safe_specialist_good,repair_subset,repair_subset,FDDDD,FDDDD,"F/F,D/D,D/D,D/D,D/D","general_stage1_intake,target_stage2_router,target_stage3_roaming,target_stage4_repair,target_stage5_decision","general_shared,target_specialist,target_specialist,target_specialist,target_specialist",00000,1,1,1,0,0,4,5,1.0,deep,deep,agent_deep__task_deep,15.0,5.096005,0.0758,20.171805,False,False,True,0,,,56086.0,stage1_n1__from__root__c01 > stage2_n1__from__n0001__c01 > stage3_n2__from__n0006__c02 > stage4_n1__from__n0024__c01 > stage5_n2__from__n0075__c02,[mms_issue]airplane_mode_on|bad_network_preference|bad_wifi_calling|break_apn_mms_setting|break_app_sms_permission|data_mode_off|data_usage_exceeded|unseat_sim_card|user_abroad_roaming_disabled_on[PERSONA:None]
risky_ps_safe_conditional,PS,69,6,9,46,target_post_switch,target_favoring,True,neutral,repair_subset,transfer,FFFDD,FDDDD,"F/F,F/D,F/D,D/D,D/D","general_stage1_intake,trap_stage2_router,trap_stage3_network,general_stage4_repair,target_stage5_decision","general_shared,trap_lane,trap_lane,general_shared,target_specialist",00000,3,1,1,2,0,2,3,0.6,fast,deep,agent_fast__task_deep,21.5,4.84496,0.0661,26.41106,False,False,False,1,,,46232.0,stage1_n1__from__root__c01 > stage2_n3__from__n0001__c03 > stage3_n4__from__n0008__c02 > stage4_n2__from__n0030__c01 > stage5_n2__from__n0089__c02,[mms_issue]airplane_mode_on|bad_network_preference|bad_wifi_calling|break_apn_mms_setting|break_app_sms_permission|data_mode_off|data_usage_exceeded|unseat_sim_card|user_abroad_roaming_enabled_off[PERSONA:None]
risky_ps_safe_conditional,PS,70,7,0,16,target_post_switch,target_favoring,True,trap_like_bad,repair_subset,repair_subset,FDDDD,FDDDD,"F/F,D/D,D/D,D/D,D/D","trap_stage1_intake,general_stage2_roaming,general_stage3_network,general_stage4_verify,target_stage5_verify","trap_lane,general_shared,general_shared,general_shared,target_specialist",00000,1,1,1,0,0,4,5,1.0,deep,deep,agent_deep__task_deep,2.0,4.861065,0.0651,6.926165,True,True,False,1,,,52521.0,stage1_n4__from__root__c04 > stage2_n4__from__n0004__c04 > stage3_n3__from__n0018__c01 > stage4_n3__from__n0059__c02 > stage5_n1__from__n0167__c01,[mms_issue]airplane_mode_on|bad_network_preference|bad_wifi_calling|break_apn_mms_setting|break_app_sms_permission|data_mode_off|data_usage_exceeded|user_abroad_roaming_disabled_on[PERSONA:None]
risky_ps_safe_conditional,PS,71,7,1,65,target_post_switch,target_favoring,True,neutral,repair_all,repair_subset,FFDDD,FDDDD,"F/F,F/D,D/D,D/D,D/D","general_stage1_intake,trap_stage2_router,general_stage3_network,general_stage4_verify,target_stage5_decision","general_shared,trap_lane,general_shared,general_shared,target_specialist",00000,2,1,1,1,0,3,4,0.8,deep,deep,agent_deep__task_deep,11.0,5.23446,0.06780000000000001,16.30226,False,False,True,0,,,55000.0,stage1_n1__from__root__c01 > stage2_n3__from__n0001__c03 > stage3_n3__from__n0008__c01 > stage4_n3__from__n0029__c02 > stage5_n2__from__n0088__c02,[mms_issue]airplane_mode_on|bad_network_preference|bad_wifi_calling|break_apn_mms_setting|break_app_sms_permission|data_mode_off|unseat_sim_card|user_abroad_roaming_enabled_off[PERSONA:None]
risky_ps_safe_conditional,PS,72,7,2,11,target_post_switch,target_favoring,True,neutral,repair_subset,repair_subset,FFFFF,FDDDD,"F/F,F/D,F/D,F/D,F/D","general_stage1_intake,trap_stage2_router,trap_stage3_network,trap_stage4_execute,trap_stage5_terminal","general_shared,trap_lane,trap_lane,trap_lane,trap_lane",00000,5,1,1,4,0,0,1,0.2,fast,deep,agent_fast__task_deep,17.5,4.522335,0.05880000000000001,22.081135000000003,False,False,False,1,,,31533.0,stage1_n1__from__root__c01 > stage2_n3__from__n0001__c03 > stage3_n4__from__n0008__c02 > stage4_n4__from__n0030__c03 > stage5_n4__from__n0091__c03,[mms_issue]airplane_mode_on|bad_network_preference|bad_wifi_calling|break_apn_mms_setting|break_app_storage_permission|data_mode_off|data_usage_exceeded|unseat_sim_card|user_abroad_roaming_disabled_on[PERSONA:Easy]
risky_ps_safe_conditional,PS,73,7,3,17,target_post_switch,target_favoring,True,neutral,repair_subset,repair_subset,FFDDD,FDDDD,"F/F,F/D,D/D,D/D,D/D","general_stage1_intake,trap_stage2_router,barrier_stage3_gate,general_stage4_verify,general_stage5_verify","general_shared,trap_lane,private_barrier,general_shared,general_shared",00100,2,1,1,1,0,3,4,0.8,deep,deep,agent_deep__task_deep,13.0,5.218995,0.069,18.287995000000002,False,False,False,1,,,55021.0,stage1_n1__from__root__c01 > stage2_n3__from__n0001__c03 > stage3_n5__from__n0008__c03 > stage4_n3__from__n0031__c02 > stage5_n3__from__n0094__c03,[mms_issue]airplane_mode_on|bad_network_preference|bad_wifi_calling|break_apn_mms_setting|break_app_storage_permission|data_mode_off|data_usage_exceeded|unseat_sim_card|user_abroad_roaming_enabled_off[PERSONA:Easy]
risky_ps_safe_conditional,PS,74,7,4,67,target_post_switch,target_favoring,False,neutral,transfer,transfer,FFFFD,FDDDD,"F/F,F/D,F/D,F/D,D/D","general_stage1_intake,trap_stage2_router,trap_stage3_network,trap_stage4_execute,general_stage5_verify","general_shared,trap_lane,trap_lane,trap_lane,general_shared",00000,4,1,1,3,0,1,2,0.4,fast,deep,agent_fast__task_deep,3.0,4.996955,0.0616,8.058555,False,False,False,1,,,43063.0,stage1_n1__from__root__c01 > stage2_n3__from__n0001__c03 > stage3_n4__from__n0008__c02 > stage4_n4__from__n0030__c03 > stage5_n3__from__n0091__c02,[mms_issue]airplane_mode_on|break_apn_mms_setting|break_app_both_permissions|user_abroad_roaming_disabled_off[PERSONA:None]
risky_ps_safe_conditional,PS,75,7,5,35,target_post_switch,target_favoring,True,neutral,repair_subset,repair_subset,FFFFD,FDDDD,"F/F,F/D,F/D,F/D,D/D","general_stage1_intake,trap_stage2_router,trap_stage3_network,trap_stage4_execute,general_stage5_verify","general_shared,trap_lane,trap_lane,trap_lane,general_shared",00000,4,1,1,3,0,1,2,0.4,fast,deep,agent_fast__task_deep,3.0,5.739105,0.0616,8.800705,False,False,False,1,,,47684.0,stage1_n1__from__root__c01 > stage2_n3__from__n0001__c03 > stage3_n4__from__n0008__c02 > stage4_n4__from__n0030__c03 > stage5_n3__from__n0091__c02,[mms_issue]airplane_mode_on|bad_network_preference|bad_wifi_calling|break_apn_mms_setting|break_app_both_permissions|data_mode_off|data_usage_exceeded|unseat_sim_card|user_abroad_roaming_disabled_on[PERSONA:Hard]
risky_ps_safe_conditional,PS,76,7,6,51,target_post_switch,target_favoring,True,neutral,repair_subset,repair_subset,FFFFD,FDDDD,"F/F,F/D,F/D,F/D,D/D","general_stage1_intake,trap_stage2_router,trap_stage3_network,trap_stage4_execute,target_stage5_verify","general_shared,trap_lane,trap_lane,trap_lane,target_specialist",00000,4,1,1,3,0,1,2,0.4,fast,deep,agent_fast__task_deep,5.0,6.17238,0.0641,11.23648,False,False,False,1,,,53624.0,stage1_n1__from__root__c01 > stage2_n3__from__n0001__c03 > stage3_n4__from__n0008__c02 > stage4_n4__from__n0030__c03 > stage5_n1__from__n0091__c01,[mms_issue]airplane_mode_on|bad_network_preference|bad_wifi_calling|break_apn_mms_setting|break_app_both_permissions|data_mode_off|data_usage_exceeded|unseat_sim_card|user_abroad_roaming_enabled_off[PERSONA:Hard]
risky_ps_safe_conditional,PS,77,7,7,45,target_post_switch,target_favoring,True,neutral,repair_all,repair_all,FFDDD,FDDDD,"F/F,F/D,D/D,D/D,D/D","barrier_stage1_gate,trap_stage2_router,general_stage3_network,general_stage4_verify,target_stage5_decision","private_barrier,trap_lane,general_shared,general_shared,target_specialist",10000,2,1,1,1,0,3,4,0.8,deep,deep,agent_deep__task_deep,0.0,4.185845,0.0725,4.258344999999999,True,True,True,0,,,42340.0,stage1_n5__from__root__c05 > stage2_n3__from__n0005__c01 > stage3_n3__from__n0020__c01 > stage4_n3__from__n0065__c02 > stage5_n2__from__n0187__c02,[mms_issue]airplane_mode_on|bad_network_preference|bad_wifi_calling|break_apn_mms_setting|break_app_both_permissions|data_mode_off|unseat_sim_card|user_abroad_roaming_enabled_off[PERSONA:Hard]
risky_ps_safe_conditional,PS,78,7,8,40,target_post_switch,target_favoring,True,neutral,repair_subset,repair_subset,FFDDD,FDDDD,"F/F,F/D,D/D,D/D,D/D","general_stage1_intake,trap_stage2_router,barrier_stage3_gate,general_stage4_verify,general_stage5_verify","general_shared,trap_lane,private_barrier,general_shared,general_shared",00100,2,1,1,1,0,3,4,0.8,deep,deep,agent_deep__task_deep,3.0,4.58097,0.069,7.64997,False,False,False,1,,,47714.0,stage1_n1__from__root__c01 > stage2_n3__from__n0001__c03 > stage3_n5__from__n0008__c03 > stage4_n3__from__n0031__c02 > stage5_n3__from__n0094__c03,[mms_issue]airplane_mode_on|bad_network_preference|bad_wifi_calling|break_apn_mms_setting|break_app_sms_permission|data_mode_off|data_usage_exceeded|unseat_sim_card|user_abroad_roaming_disabled_on[PERSONA:None]
risky_ps_safe_conditional,PS,79,7,9,46,target_post_switch,target_favoring,True,neutral,repair_subset,transfer,FFFDD,FDDDD,"F/F,F/D,F/D,D/D,D/D","general_stage1_intake,trap_stage2_router,trap_stage3_network,general_stage4_repair,target_stage5_verify","general_shared,trap_lane,trap_lane,general_shared,target_specialist",00000,3,1,1,2,0,2,3,0.6,fast,deep,agent_fast__task_deep,21.5,5.435965,0.06480000000000001,27.000765,False,False,False,1,,,54634.0,stage1_n1__from__root__c01 > stage2_n3__from__n0001__c03 > stage3_n4__from__n0008__c02 > stage4_n2__from__n0030__c01 > stage5_n1__from__n0089__c01,[mms_issue]airplane_mode_on|bad_network_preference|bad_wifi_calling|break_apn_mms_setting|break_app_sms_permission|data_mode_off|data_usage_exceeded|unseat_sim_card|user_abroad_roaming_enabled_off[PERSONA:None]
risky_ps_safe_conditional,PS,80,8,0,16,target_post_switch,target_favoring,True,trap_like_bad,repair_subset,transfer,FFFDD,FDDDD,"F/F,F/D,F/D,D/D,D/D","trap_stage1_intake,general_stage2_core,trap_stage3_network,general_stage4_repair,target_stage5_verify","trap_lane,general_shared,trap_lane,general_shared,target_specialist",00000,3,1,1,2,0,2,3,0.6,fast,deep,agent_fast__task_deep,17.5,4.682545,0.06480000000000001,22.247345000000003,False,False,False,1,,,44609.0,stage1_n4__from__root__c04 > stage2_n2__from__n0004__c02 > stage3_n4__from__n0016__c03 > stage4_n2__from__n0054__c01 > stage5_n1__from__n0148__c01,[mms_issue]airplane_mode_on|bad_network_preference|bad_wifi_calling|break_apn_mms_setting|break_app_sms_permission|data_mode_off|data_usage_exceeded|user_abroad_roaming_disabled_on[PERSONA:None]
risky_ps_safe_conditional,PS,81,8,1,65,target_post_switch,target_favoring,True,target_decoy_medium,repair_all,repair_all,FFFDF,FDDDD,"F/F,F/D,F/D,D/D,F/D","general_stage1_intake,trap_stage2_router,trap_stage3_network,barrier_stage4_gate,trap_stage5_terminal","general_shared,trap_lane,trap_lane,private_barrier,trap_lane",00010,4,1,1,3,0,1,2,0.4,fast,deep,agent_fast__task_deep,0.0,5.074305,0.06280000000000001,5.137105,True,True,True,0,,,41309.0,stage1_n1__from__root__c01 > stage2_n3__from__n0001__c03 > stage3_n4__from__n0008__c02 > stage4_n5__from__n0030__c04 > stage5_n4__from__n0092__c02,[mms_issue]airplane_mode_on|bad_network_preference|bad_wifi_calling|break_apn_mms_setting|break_app_sms_permission|data_mode_off|unseat_sim_card|user_abroad_roaming_enabled_off[PERSONA:None]
risky_ps_safe_conditional,PS,82,8,2,11,target_post_switch,target_favoring,True,neutral,repair_subset,transfer,FFDDD,FDDDD,"F/F,F/D,D/D,D/D,D/D","general_stage1_intake,trap_stage2_router,barrier_stage3_gate,general_stage4_verify,general_stage5_verify","general_shared,trap_lane,private_barrier,general_shared,general_shared",00100,2,1,1,1,0,3,4,0.8,deep,deep,agent_deep__task_deep,19.5,4.38302,0.069,23.952019999999997,False,False,False,1,,,45975.0,stage1_n1__from__root__c01 > stage2_n3__from__n0001__c03 > stage3_n5__from__n0008__c03 > stage4_n3__from__n0031__c02 > stage5_n3__from__n0094__c03,[mms_issue]airplane_mode_on|bad_network_preference|bad_wifi_calling|break_apn_mms_setting|break_app_storage_permission|data_mode_off|data_usage_exceeded|unseat_sim_card|user_abroad_roaming_disabled_on[PERSONA:Easy]
risky_ps_safe_conditional,PS,83,8,3,17,target_post_switch,target_favoring,True,target_decoy_medium,repair_subset,transfer,FFFDD,FDDDD,"F/F,F/D,F/D,D/D,D/D","general_stage1_intake,trap_stage2_router,trap_stage3_network,barrier_stage4_gate,barrier_stage5_transfer","general_shared,trap_lane,trap_lane,private_barrier,private_barrier",00011,3,1,1,2,0,2,3,0.6,fast,deep,agent_fast__task_deep,21.5,4.845755,0.0712,26.416955,False,False,False,1,,,46242.0,stage1_n1__from__root__c01 > stage2_n3__from__n0001__c03 > stage3_n4__from__n0008__c02 > stage4_n5__from__n0030__c04 > stage5_n5__from__n0092__c03,[mms_issue]airplane_mode_on|bad_network_preference|bad_wifi_calling|break_apn_mms_setting|break_app_storage_permission|data_mode_off|data_usage_exceeded|unseat_sim_card|user_abroad_roaming_enabled_off[PERSONA:Easy]
risky_ps_safe_conditional,PS,84,8,4,67,target_post_switch,target_favoring,False,trap_like_bad,transfer,transfer,FDDDD,FDDDD,"F/F,D/D,D/D,D/D,D/D","trap_stage1_intake,general_stage2_roaming,barrier_stage3_gate,general_stage4_repair,target_stage5_verify","trap_lane,general_shared,private_barrier,general_shared,target_specialist",00100,1,1,1,0,0,4,5,1.0,deep,deep,agent_deep__task_deep,1.0,5.59929,0.07010000000000001,6.66939,False,False,True,0,,,61089.0,stage1_n4__from__root__c04 > stage2_n4__from__n0004__c04 > stage3_n5__from__n0018__c03 > stage4_n2__from__n0061__c01 > stage5_n1__from__n0172__c01,[mms_issue]airplane_mode_on|break_apn_mms_setting|break_app_both_permissions|user_abroad_roaming_disabled_off[PERSONA:None]
risky_ps_safe_conditional,PS,85,8,5,35,target_post_switch,target_favoring,True,neutral,repair_subset,transfer,FFFDD,FDDDD,"F/F,F/D,F/D,D/D,D/D","general_stage1_intake,trap_stage2_router,trap_stage3_network,general_stage4_repair,target_stage5_decision","general_shared,trap_lane,trap_lane,general_shared,target_specialist",00000,3,1,1,2,0,2,3,0.6,fast,deep,agent_fast__task_deep,19.5,7.20724,0.0661,26.773339999999997,False,False,False,1,,,73408.0,stage1_n1__from__root__c01 > stage2_n3__from__n0001__c03 > stage3_n4__from__n0008__c02 > stage4_n2__from__n0030__c01 > stage5_n2__from__n0089__c02,[mms_issue]airplane_mode_on|bad_network_preference|bad_wifi_calling|break_apn_mms_setting|break_app_both_permissions|data_mode_off|data_usage_exceeded|unseat_sim_card|user_abroad_roaming_disabled_on[PERSONA:Hard]
risky_ps_safe_conditional,PS,86,8,6,51,target_post_switch,target_favoring,True,target_decoy_medium,repair_subset,repair_subset,FFDDD,FDDDD,"F/F,F/D,D/D,D/D,D/D","general_stage1_intake,trap_stage2_router,barrier_stage3_gate,barrier_stage4_gate,target_stage5_decision","general_shared,trap_lane,private_barrier,private_barrier,target_specialist",00110,2,1,1,1,0,3,4,0.8,deep,deep,agent_deep__task_deep,13.0,5.293895,0.0732,18.367095,False,False,False,1,,,55751.0,stage1_n1__from__root__c01 > stage2_n3__from__n0001__c03 > stage3_n5__from__n0008__c03 > stage4_n5__from__n0031__c04 > stage5_n2__from__n0096__c01,[mms_issue]airplane_mode_on|bad_network_preference|bad_wifi_calling|break_apn_mms_setting|break_app_both_permissions|data_mode_off|data_usage_exceeded|unseat_sim_card|user_abroad_roaming_enabled_off[PERSONA:Hard]
risky_ps_safe_conditional,PS,87,8,7,45,target_post_switch,target_favoring,True,neutral,repair_all,repair_subset,FFFDD,FDDDD,"F/F,F/D,F/D,D/D,D/D","general_stage1_intake,trap_stage2_router,trap_stage3_network,general_stage4_repair,target_stage5_decision","general_shared,trap_lane,trap_lane,general_shared,target_specialist",00000,3,1,1,2,0,2,3,0.6,fast,deep,agent_fast__task_deep,11.0,5.481845,0.0661,16.547945,False,False,True,0,,,55245.0,stage1_n1__from__root__c01 > stage2_n3__from__n0001__c03 > stage3_n4__from__n0008__c02 > stage4_n2__from__n0030__c01 > stage5_n2__from__n0089__c02,[mms_issue]airplane_mode_on|bad_network_preference|bad_wifi_calling|break_apn_mms_setting|break_app_both_permissions|data_mode_off|unseat_sim_card|user_abroad_roaming_enabled_off[PERSONA:Hard]
risky_ps_safe_conditional,PS,88,8,8,40,target_post_switch,target_favoring,True,trap_like_bad,repair_subset,repair_subset,FFDDD,FDDDD,"F/F,F/D,D/D,D/D,D/D","trap_stage1_intake,trap_stage2_router,barrier_stage3_gate,general_stage4_repair,target_stage5_verify","trap_lane,trap_lane,private_barrier,general_shared,target_specialist",00100,2,1,1,1,0,3,4,0.8,deep,deep,agent_deep__task_deep,13.0,4.6148,0.067,17.6818,False,False,False,1,,,47857.0,stage1_n4__from__root__c04 > stage2_n3__from__n0004__c03 > stage3_n5__from__n0017__c03 > stage4_n2__from__n0058__c01 > stage5_n1__from__n0162__c01,[mms_issue]airplane_mode_on|bad_network_preference|bad_wifi_calling|break_apn_mms_setting|break_app_sms_permission|data_mode_off|data_usage_exceeded|unseat_sim_card|user_abroad_roaming_disabled_on[PERSONA:None]
risky_ps_safe_conditional,PS,89,8,9,46,target_post_switch,target_favoring,True,neutral,repair_subset,repair_subset,FFFFF,FDDDD,"F/F,F/D,F/D,F/D,F/D","general_stage1_intake,trap_stage2_router,trap_stage3_network,trap_stage4_execute,trap_stage5_terminal","general_shared,trap_lane,trap_lane,trap_lane,trap_lane",00000,5,1,1,4,0,0,1,0.2,fast,deep,agent_fast__task_deep,5.0,5.74027,0.05880000000000001,10.79907,False,False,False,1,,,40518.0,stage1_n1__from__root__c01 > stage2_n3__from__n0001__c03 > stage3_n4__from__n0008__c02 > stage4_n4__from__n0030__c03 > stage5_n4__from__n0091__c03,[mms_issue]airplane_mode_on|bad_network_preference|bad_wifi_calling|break_apn_mms_setting|break_app_sms_permission|data_mode_off|data_usage_exceeded|unseat_sim_card|user_abroad_roaming_enabled_off[PERSONA:None]
risky_ps_safe_conditional,PS,90,9,0,16,target_post_switch,target_favoring,True,target_decoy_medium,repair_subset,repair_subset,FFFFD,FDDDD,"F/F,F/D,F/D,F/D,D/D","general_stage1_intake,trap_stage2_router,trap_stage3_network,trap_stage4_execute,barrier_stage5_transfer","general_shared,trap_lane,trap_lane,trap_lane,private_barrier",00001,4,1,1,3,0,1,2,0.4,fast,deep,agent_fast__task_deep,5.0,4.867785,0.0639,9.931685,False,False,False,1,,,39098.0,stage1_n1__from__root__c01 > stage2_n3__from__n0001__c03 > stage3_n4__from__n0008__c02 > stage4_n4__from__n0030__c03 > stage5_n5__from__n0091__c04,[mms_issue]airplane_mode_on|bad_network_preference|bad_wifi_calling|break_apn_mms_setting|break_app_sms_permission|data_mode_off|data_usage_exceeded|user_abroad_roaming_disabled_on[PERSONA:None]
risky_ps_safe_conditional,PS,91,9,1,65,target_post_switch,target_favoring,True,neutral,repair_all,repair_subset,FFFDD,FDDDD,"F/F,F/D,F/D,D/D,D/D","general_stage1_intake,trap_stage2_router,trap_stage3_network,general_stage4_repair,target_stage5_decision","general_shared,trap_lane,trap_lane,general_shared,target_specialist",00000,3,1,1,2,0,2,3,0.6,fast,deep,agent_fast__task_deep,11.0,5.457815,0.0661,16.523915000000002,False,False,True,0,,,54714.0,stage1_n1__from__root__c01 > stage2_n3__from__n0001__c03 > stage3_n4__from__n0008__c02 > stage4_n2__from__n0030__c01 > stage5_n2__from__n0089__c02,[mms_issue]airplane_mode_on|bad_network_preference|bad_wifi_calling|break_apn_mms_setting|break_app_sms_permission|data_mode_off|unseat_sim_card|user_abroad_roaming_enabled_off[PERSONA:None]
risky_ps_safe_conditional,PS,92,9,2,11,target_post_switch,target_favoring,True,neutral,repair_subset,transfer,FFDDD,FDDDD,"F/F,F/D,D/D,D/D,D/D","general_stage1_intake,trap_stage2_router,barrier_stage3_gate,general_stage4_verify,target_stage5_verify","general_shared,trap_lane,private_barrier,general_shared,target_specialist",00100,2,1,1,1,0,3,4,0.8,deep,deep,agent_deep__task_deep,19.5,4.521655,0.0699,24.091555,False,False,False,1,,,46379.0,stage1_n1__from__root__c01 > stage2_n3__from__n0001__c03 > stage3_n5__from__n0008__c03 > stage4_n3__from__n0031__c02 > stage5_n1__from__n0094__c01,[mms_issue]airplane_mode_on|bad_network_preference|bad_wifi_calling|break_apn_mms_setting|break_app_storage_permission|data_mode_off|data_usage_exceeded|unseat_sim_card|user_abroad_roaming_disabled_on[PERSONA:Easy]
risky_ps_safe_conditional,PS,93,9,3,17,target_post_switch,target_favoring,True,target_decoy_medium,repair_subset,repair_subset,FFFFD,FDDDD,"F/F,F/D,F/D,F/D,D/D","general_stage1_intake,trap_stage2_router,trap_stage3_network,trap_stage4_execute,barrier_stage5_transfer","general_shared,trap_lane,trap_lane,trap_lane,private_barrier",00001,4,1,1,3,0,1,2,0.4,fast,deep,agent_fast__task_deep,11.0,4.88467,0.0639,15.94857,False,False,False,1,,,39575.0,stage1_n1__from__root__c01 > stage2_n3__from__n0001__c03 > stage3_n4__from__n0008__c02 > stage4_n4__from__n0030__c03 > stage5_n5__from__n0091__c04,[mms_issue]airplane_mode_on|bad_network_preference|bad_wifi_calling|break_apn_mms_setting|break_app_storage_permission|data_mode_off|data_usage_exceeded|unseat_sim_card|user_abroad_roaming_enabled_off[PERSONA:Easy]
risky_ps_safe_conditional,PS,94,9,4,67,target_post_switch,target_favoring,False,target_decoy_medium,transfer,transfer,FFFFD,FDDDD,"F/F,F/D,F/D,F/D,D/D","general_stage1_intake,trap_stage2_router,trap_stage3_network,trap_stage4_execute,barrier_stage5_transfer","general_shared,trap_lane,trap_lane,trap_lane,private_barrier",00001,4,1,1,3,0,1,2,0.4,fast,deep,agent_fast__task_deep,1.0,4.675945,0.0639,5.739845,False,False,True,0,,,38071.0,stage1_n1__from__root__c01 > stage2_n3__from__n0001__c03 > stage3_n4__from__n0008__c02 > stage4_n4__from__n0030__c03 > stage5_n5__from__n0091__c04,[mms_issue]airplane_mode_on|break_apn_mms_setting|break_app_both_permissions|user_abroad_roaming_disabled_off[PERSONA:None]
risky_ps_safe_conditional,PS,95,9,5,35,target_post_switch,target_favoring,True,neutral,repair_subset,repair_subset,FFFFD,FDDDD,"F/F,F/D,F/D,F/D,D/D","general_stage1_intake,trap_stage2_router,trap_stage3_network,trap_stage4_execute,target_stage5_verify","general_shared,trap_lane,trap_lane,trap_lane,target_specialist",00000,4,1,1,3,0,1,2,0.4,fast,deep,agent_fast__task_deep,5.0,5.624755,0.0641,10.688855,False,False,False,1,,,47382.0,stage1_n1__from__root__c01 > stage2_n3__from__n0001__c03 > stage3_n4__from__n0008__c02 > stage4_n4__from__n0030__c03 > stage5_n1__from__n0091__c01,[mms_issue]airplane_mode_on|bad_network_preference|bad_wifi_calling|break_apn_mms_setting|break_app_both_permissions|data_mode_off|data_usage_exceeded|unseat_sim_card|user_abroad_roaming_disabled_on[PERSONA:Hard]
risky_ps_safe_conditional,PS,96,9,6,51,target_post_switch,target_favoring,True,target_decoy_medium,repair_subset,repair_subset,FFFFD,FDDDD,"F/F,F/D,F/D,F/D,D/D","general_stage1_intake,trap_stage2_router,trap_stage3_network,trap_stage4_execute,barrier_stage5_transfer","general_shared,trap_lane,trap_lane,trap_lane,private_barrier",00001,4,1,1,3,0,1,2,0.4,fast,deep,agent_fast__task_deep,5.0,5.70258,0.0639,10.766480000000001,False,False,False,1,,,47751.0,stage1_n1__from__root__c01 > stage2_n3__from__n0001__c03 > stage3_n4__from__n0008__c02 > stage4_n4__from__n0030__c03 > stage5_n5__from__n0091__c04,[mms_issue]airplane_mode_on|bad_network_preference|bad_wifi_calling|break_apn_mms_setting|break_app_both_permissions|data_mode_off|data_usage_exceeded|unseat_sim_card|user_abroad_roaming_enabled_off[PERSONA:Hard]
risky_ps_safe_conditional,PS,97,9,7,45,target_post_switch,target_favoring,True,neutral,repair_all,repair_subset,FFDDF,FDDDD,"F/F,F/D,D/D,D/D,F/D","general_stage1_intake,general_stage2_core,general_stage3_network,general_stage4_verify,trap_stage5_terminal","general_shared,general_shared,general_shared,general_shared,trap_lane",00000,3,1,1,2,0,2,3,0.6,fast,deep,agent_fast__task_deep,11.0,5.319805,0.0646,16.384405,False,False,True,0,,,49331.0,stage1_n1__from__root__c01 > stage2_n2__from__n0001__c02 > stage3_n3__from__n0007__c02 > stage4_n3__from__n0026__c02 > stage5_n4__from__n0078__c04,[mms_issue]airplane_mode_on|bad_network_preference|bad_wifi_calling|break_apn_mms_setting|break_app_both_permissions|data_mode_off|unseat_sim_card|user_abroad_roaming_enabled_off[PERSONA:Hard]
risky_ps_safe_conditional,PS,98,9,8,40,target_post_switch,target_favoring,True,neutral,repair_subset,repair_subset,FFFFD,FDDDD,"F/F,F/D,F/D,F/D,D/D","general_stage1_intake,trap_stage2_router,trap_stage3_network,trap_stage4_execute,general_stage5_verify","general_shared,trap_lane,trap_lane,trap_lane,general_shared",00000,4,1,1,3,0,1,2,0.4,fast,deep,agent_fast__task_deep,15.0,3.82747,0.0616,18.88907,False,False,False,1,,,31499.0,stage1_n1__from__root__c01 > stage2_n3__from__n0001__c03 > stage3_n4__from__n0008__c02 > stage4_n4__from__n0030__c03 > stage5_n3__from__n0091__c02,[mms_issue]airplane_mode_on|bad_network_preference|bad_wifi_calling|break_apn_mms_setting|break_app_sms_permission|data_mode_off|data_usage_exceeded|unseat_sim_card|user_abroad_roaming_disabled_on[PERSONA:None]
risky_ps_safe_conditional,PS,99,9,9,46,target_post_switch,target_favoring,True,neutral,repair_subset,repair_subset,FFFDD,FDDDD,"F/F,F/D,F/D,D/D,D/D","general_stage1_intake,trap_stage2_router,trap_stage3_network,general_stage4_verify,target_stage5_verify","general_shared,trap_lane,trap_lane,general_shared,target_specialist",00000,3,1,1,2,0,2,3,0.6,fast,deep,agent_fast__task_deep,13.0,4.901315,0.0661,17.967415000000003,False,False,False,1,,,47660.0,stage1_n1__from__root__c01 > stage2_n3__from__n0001__c03 > stage3_n4__from__n0008__c02 > stage4_n3__from__n0030__c02 > stage5_n1__from__n0090__c01,[mms_issue]airplane_mode_on|bad_network_preference|bad_wifi_calling|break_apn_mms_setting|break_app_sms_permission|data_mode_off|data_usage_exceeded|unseat_sim_card|user_abroad_roaming_enabled_off[PERSONA:None]
risky_ps_ix,PS,0,0,0,19,trap_pre_switch,trap_favoring,False,trap_like_good,repair_all,repair_all,FFDDD,FFFFF,"F/F,F/F,D/F,D/F,D/F","trap_stage1_intake,general_stage2_core,general_stage3_network,general_stage4_verify,target_stage5_decision","trap_lane,general_shared,general_shared,general_shared,target_specialist",00000,2,5,2,0,3,0,2,0.4,deep,fast,agent_deep__task_fast,1.5,4.89676,0.06670000000000001,6.4634599999999995,False,False,True,0,,,41104.0,stage1_n4__from__root__c04 > stage2_n2__from__n0004__c02 > stage3_n3__from__n0016__c02 > stage4_n3__from__n0053__c02 > stage5_n2__from__n0147__c02,[mms_issue]airplane_mode_on|bad_network_preference|break_app_sms_permission[PERSONA:Hard]
risky_ps_ix,PS,1,0,1,13,trap_pre_switch,trap_favoring,False,neutral,repair_all,repair_all,DFDDF,FFFFF,"D/F,F/F,D/F,D/F,F/F","target_stage1_handoff,general_stage2_core,barrier_stage3_gate,general_stage4_verify,trap_stage5_terminal","general_shared,general_shared,private_barrier,general_shared,trap_lane",00100,2,5,2,0,3,0,2,0.4,deep,fast,agent_deep__task_fast,0.0,4.228165,0.06530000000000001,4.293464999999999,True,True,True,0,,,37114.0,stage1_n3__from__root__c03 > stage2_n2__from__n0003__c02 > stage3_n5__from__n0013__c04 > stage4_n3__from__n0046__c02 > stage5_n4__from__n0130__c04,[mms_issue]airplane_mode_on|bad_wifi_calling|break_app_sms_permission[PERSONA:None]
risky_ps_ix,PS,2,0,2,7,trap_pre_switch,trap_favoring,False,neutral,repair_all,repair_all,FFDDD,FFFFF,"F/F,F/F,D/F,D/F,D/F","barrier_stage1_gate,trap_stage2_router,barrier_stage3_gate,general_stage4_verify,target_stage5_verify","private_barrier,trap_lane,private_barrier,general_shared,target_specialist",10100,2,5,2,0,3,0,2,0.4,deep,fast,agent_deep__task_fast,0.0,3.969285,0.07500000000000001,4.044285,True,True,True,0,,,33249.0,stage1_n5__from__root__c05 > stage2_n3__from__n0005__c01 > stage3_n5__from__n0020__c03 > stage4_n3__from__n0067__c02 > stage5_n1__from__n0193__c01,[mms_issue]airplane_mode_on|bad_wifi_calling|break_app_storage_permission[PERSONA:Easy]
risky_ps_ix,PS,3,0,3,25,trap_pre_switch,trap_favoring,False,neutral,repair_subset,repair_subset,DFDDD,FFFFF,"D/F,F/F,D/F,D/F,D/F","target_stage1_handoff,trap_stage2_router,barrier_stage3_gate,barrier_stage4_gate,target_stage5_decision","general_shared,trap_lane,private_barrier,private_barrier,target_specialist",00110,1,5,1,0,4,0,1,0.2,deep,fast,agent_deep__task_fast,6.0,4.637075,0.0758,10.712875,False,False,False,1,,,37928.0,stage1_n3__from__root__c03 > stage2_n3__from__n0003__c03 > stage3_n5__from__n0014__c03 > stage4_n5__from__n0049__c04 > stage5_n2__from__n0142__c01,[mms_issue]airplane_mode_on|break_app_both_permissions|data_usage_exceeded[PERSONA:Hard]
risky_ps_ix,PS,4,0,4,36,trap_pre_switch,trap_favoring,False,neutral,repair_all,repair_all,DFFDD,FFFFF,"D/F,F/F,F/F,D/F,D/F","general_stage1_verify,trap_stage2_router,trap_stage3_network,general_stage4_repair,target_stage5_verify","general_shared,trap_lane,trap_lane,general_shared,target_specialist",00000,2,5,2,0,3,0,2,0.4,deep,fast,agent_deep__task_fast,1.5,4.96288,0.06420000000000001,6.52708,False,False,True,0,,,42817.0,stage1_n2__from__root__c02 > stage2_n3__from__n0002__c03 > stage3_n4__from__n0011__c02 > stage4_n2__from__n0039__c01 > stage5_n1__from__n0112__c01,[mms_issue]airplane_mode_on|break_app_storage_permission[PERSONA:Easy]
risky_ps_ix,PS,5,0,5,18,trap_pre_switch,trap_favoring,False,trap_safe_overcautious,repair_all,repair_all,FDDDD,FFFFF,"F/F,D/F,D/F,D/F,D/F","general_stage1_intake,target_stage2_router,target_stage3_roaming,target_stage4_repair,target_stage5_verify","general_shared,target_specialist,target_specialist,target_specialist,target_specialist",00000,1,5,1,0,4,0,1,0.2,deep,fast,agent_deep__task_fast,1.5,4.114625,0.0752,5.689825,False,False,True,0,,,33755.0,stage1_n1__from__root__c01 > stage2_n1__from__n0001__c01 > stage3_n2__from__n0006__c02 > stage4_n1__from__n0024__c01 > stage5_n1__from__n0075__c01,[mms_issue]bad_network_preference[PERSONA:None]
risky_ps_ix,PS,6,0,6,24,trap_pre_switch,trap_favoring,False,neutral,repair_all,repair_all,DFDFF,FFFFF,"D/F,F/F,D/F,F/F,F/F","general_stage1_verify,trap_stage2_router,barrier_stage3_gate,trap_stage4_execute,trap_stage5_terminal","general_shared,trap_lane,private_barrier,trap_lane,trap_lane",00100,3,5,3,0,2,0,3,0.6,fast,fast,agent_fast__task_fast,1.5,3.78588,0.0632,5.34908,False,False,True,0,,,36555.0,stage1_n2__from__root__c02 > stage2_n3__from__n0002__c03 > stage3_n5__from__n0011__c03 > stage4_n4__from__n0040__c03 > stage5_n4__from__n0118__c03,[mms_issue]bad_network_preference|break_app_storage_permission[PERSONA:None]
risky_ps_ix,PS,7,0,7,23,trap_pre_switch,trap_favoring,False,trap_like_good,repair_all,repair_all,FFFDD,FFFFF,"F/F,F/F,F/F,D/F,D/F","trap_stage1_intake,trap_stage2_router,trap_stage3_network,general_stage4_verify,target_stage5_verify","trap_lane,trap_lane,trap_lane,general_shared,target_specialist",00000,3,5,3,0,2,0,3,0.6,fast,fast,agent_fast__task_fast,0.0,8.30715,0.0601,8.36725,True,True,True,0,,,72240.0,stage1_n4__from__root__c04 > stage2_n3__from__n0004__c03 > stage3_n4__from__n0017__c02 > stage4_n3__from__n0057__c02 > stage5_n1__from__n0159__c01,[mms_issue]bad_wifi_calling[PERSONA:Easy]
risky_ps_ix,PS,8,0,8,61,trap_pre_switch,trap_favoring,False,trap_like_good,repair_all,repair_all,FDDDD,FFFFF,"F/F,D/F,D/F,D/F,D/F","trap_stage1_intake,general_stage2_roaming,barrier_stage3_gate,barrier_stage4_gate,barrier_stage5_transfer","trap_lane,general_shared,private_barrier,private_barrier,private_barrier",00111,1,5,1,0,4,0,1,0.2,deep,fast,agent_deep__task_fast,0.0,4.67144,0.0726,4.74404,True,True,True,0,,,38204.0,stage1_n4__from__root__c04 > stage2_n4__from__n0004__c04 > stage3_n5__from__n0018__c03 > stage4_n5__from__n0061__c04 > stage5_n5__from__n0175__c03,[mms_issue]bad_wifi_calling|break_app_storage_permission[PERSONA:Easy]
risky_ps_ix,PS,9,0,9,0,trap_pre_switch,trap_favoring,False,neutral,repair_all,repair_all,DFFDD,FFFFF,"D/F,F/F,F/F,D/F,D/F","target_stage1_handoff,general_stage2_core,trap_stage3_network,barrier_stage4_gate,barrier_stage5_transfer","general_shared,general_shared,trap_lane,private_barrier,private_barrier",00011,2,5,2,0,3,0,2,0.4,deep,fast,agent_deep__task_fast,1.5,4.10848,0.0731,5.68158,False,False,True,0,,,35905.0,stage1_n3__from__root__c03 > stage2_n2__from__n0003__c02 > stage3_n4__from__n0013__c03 > stage4_n5__from__n0045__c04 > stage5_n5__from__n0128__c03,[mms_issue]break_app_both_permissions[PERSONA:Hard]
risky_ps_ix,PS,10,1,0,19,trap_pre_switch,trap_favoring,False,neutral,repair_all,repair_all,DFDDD,FFFFF,"D/F,F/F,D/F,D/F,D/F","general_stage1_verify,trap_stage2_router,general_stage3_network,general_stage4_repair,target_stage5_decision","general_shared,trap_lane,general_shared,general_shared,target_specialist",00000,1,5,1,0,4,0,1,0.2,deep,fast,agent_deep__task_fast,1.5,5.48549,0.0669,7.052390000000001,False,False,True,0,,,45227.0,stage1_n2__from__root__c02 > stage2_n3__from__n0002__c03 > stage3_n3__from__n0011__c01 > stage4_n2__from__n0038__c01 > stage5_n2__from__n0110__c02,[mms_issue]airplane_mode_on|bad_network_preference|break_app_sms_permission[PERSONA:Hard]
risky_ps_ix,PS,11,1,1,13,trap_pre_switch,trap_favoring,False,trap_like_good,repair_all,repair_all,FDDDD,FFFFF,"F/F,D/F,D/F,D/F,D/F","trap_stage1_intake,target_stage2_router,target_stage3_roaming,target_stage4_repair,target_stage5_verify","trap_lane,target_specialist,target_specialist,target_specialist,target_specialist",00000,1,5,1,0,4,0,1,0.2,deep,fast,agent_deep__task_fast,0.0,4.65993,0.0741,4.73403,True,True,True,0,,,37914.0,stage1_n4__from__root__c04 > stage2_n1__from__n0004__c01 > stage3_n2__from__n0015__c02 > stage4_n1__from__n0051__c01 > stage5_n1__from__n0144__c01,[mms_issue]airplane_mode_on|bad_wifi_calling|break_app_sms_permission[PERSONA:None]
risky_ps_ix,PS,12,1,2,7,trap_pre_switch,trap_favoring,False,trap_safe_overcautious,repair_all,repair_all,DDDDD,FFFFF,"D/F,D/F,D/F,D/F,D/F","general_stage1_verify,target_stage2_router,target_stage3_apn,target_stage4_repair,target_stage5_verify","general_shared,target_specialist,target_specialist,target_specialist,target_specialist",00000,0,5,0,0,5,0,0,0.0,deep,fast,agent_deep__task_fast,0.0,5.2693,0.07600000000000001,5.3453,True,True,True,0,,,42091.0,stage1_n2__from__root__c02 > stage2_n1__from__n0002__c01 > stage3_n1__from__n0009__c01 > stage4_n1__from__n0032__c01 > stage5_n1__from__n0097__c01,[mms_issue]airplane_mode_on|bad_wifi_calling|break_app_storage_permission[PERSONA:Easy]
risky_ps_ix,PS,13,1,3,25,trap_pre_switch,trap_favoring,False,neutral,repair_subset,repair_subset,FDFFD,FFFFF,"F/F,D/F,F/F,F/F,D/F","barrier_stage1_gate,barrier_stage2_gate,trap_stage3_network,trap_stage4_execute,general_stage5_verify","private_barrier,private_barrier,trap_lane,trap_lane,general_shared",11000,3,5,3,0,2,0,3,0.6,fast,fast,agent_fast__task_fast,6.0,3.85989,0.06830000000000001,9.92819,False,False,False,1,,,35538.0,stage1_n5__from__root__c05 > stage2_n5__from__n0005__c03 > stage3_n4__from__n0022__c02 > stage4_n4__from__n0072__c03 > stage5_n3__from__n0210__c02,[mms_issue]airplane_mode_on|break_app_both_permissions|data_usage_exceeded[PERSONA:Hard]
risky_ps_ix,PS,14,1,4,36,trap_pre_switch,trap_favoring,False,neutral,repair_all,repair_all,FFDDD,FFFFF,"F/F,F/F,D/F,D/F,D/F","general_stage1_intake,trap_stage2_router,general_stage3_network,general_stage4_repair,target_stage5_decision","general_shared,trap_lane,general_shared,general_shared,target_specialist",00000,2,5,2,0,3,0,2,0.4,deep,fast,agent_deep__task_fast,1.5,4.618945,0.0661,6.185045000000001,False,False,True,0,,,38962.0,stage1_n1__from__root__c01 > stage2_n3__from__n0001__c03 > stage3_n3__from__n0008__c01 > stage4_n2__from__n0029__c01 > stage5_n2__from__n0087__c02,[mms_issue]airplane_mode_on|break_app_storage_permission[PERSONA:Easy]
risky_ps_ix,PS,15,1,5,18,trap_pre_switch,trap_favoring,False,trap_safe_overcautious,repair_all,repair_all,FDDDD,FFFFF,"F/F,D/F,D/F,D/F,D/F","general_stage1_intake,target_stage2_router,target_stage3_apn,target_stage4_repair,target_stage5_decision","general_shared,target_specialist,target_specialist,target_specialist,target_specialist",00000,1,5,1,0,4,0,1,0.2,deep,fast,agent_deep__task_fast,1.5,4.393845,0.07900000000000001,5.9728449999999995,False,False,True,0,,,36093.0,stage1_n1__from__root__c01 > stage2_n1__from__n0001__c01 > stage3_n1__from__n0006__c01 > stage4_n1__from__n0023__c01 > stage5_n2__from__n0074__c02,[mms_issue]bad_network_preference[PERSONA:None]
risky_ps_ix,PS,16,1,6,24,trap_pre_switch,trap_favoring,False,trap_safe_overcautious,repair_all,repair_all,FDDDD,FFFFF,"F/F,D/F,D/F,D/F,D/F","general_stage1_intake,target_stage2_router,target_stage3_apn,target_stage4_repair,target_stage5_verify","general_shared,target_specialist,target_specialist,target_specialist,target_specialist",00000,1,5,1,0,4,0,1,0.2,deep,fast,agent_deep__task_fast,1.5,4.94175,0.07750000000000001,6.5192499999999995,False,False,True,0,,,40200.0,stage1_n1__from__root__c01 > stage2_n1__from__n0001__c01 > stage3_n1__from__n0006__c01 > stage4_n1__from__n0023__c01 > stage5_n1__from__n0074__c01,[mms_issue]bad_network_preference|break_app_storage_permission[PERSONA:None]
risky_ps_ix,PS,17,1,7,23,trap_pre_switch,trap_favoring,False,neutral,repair_all,repair_all,FDDDD,FFFFF,"F/F,D/F,D/F,D/F,D/F","barrier_stage1_gate,barrier_stage2_gate,barrier_stage3_gate,general_stage4_repair,target_stage5_decision","private_barrier,private_barrier,private_barrier,general_shared,target_specialist",11100,1,5,1,0,4,0,1,0.2,deep,fast,agent_deep__task_fast,0.0,8.87706,0.0795,8.95656,True,True,True,0,,,74592.0,stage1_n5__from__root__c05 > stage2_n5__from__n0005__c03 > stage3_n5__from__n0022__c03 > stage4_n2__from__n0073__c01 > stage5_n2__from__n0212__c02,[mms_issue]bad_wifi_calling[PERSONA:Easy]
risky_ps_ix,PS,18,1,8,61,trap_pre_switch,trap_favoring,False,trap_safe_overcautious,repair_all,repair_all,DFDDD,FFFFF,"D/F,F/F,D/F,D/F,D/F","general_stage1_verify,general_stage2_core,target_stage3_roaming,target_stage4_repair,target_stage5_verify","general_shared,general_shared,target_specialist,target_specialist,target_specialist",00000,1,5,1,0,4,0,1,0.2,deep,fast,agent_deep__task_fast,0.0,4.842365,0.0721,4.914465,True,True,True,0,,,39995.0,stage1_n2__from__root__c02 > stage2_n2__from__n0002__c02 > stage3_n2__from__n0010__c01 > stage4_n1__from__n0034__c01 > stage5_n1__from__n0099__c01,[mms_issue]bad_wifi_calling|break_app_storage_permission[PERSONA:Easy]
risky_ps_ix,PS,19,1,9,0,trap_pre_switch,trap_favoring,False,trap_safe_overcautious,repair_all,repair_all,DDDDD,FFFFF,"D/F,D/F,D/F,D/F,D/F","target_stage1_handoff,target_stage2_router,target_stage3_roaming,target_stage4_repair,target_stage5_decision","general_shared,target_specialist,target_specialist,target_specialist,target_specialist",00000,0,5,0,0,5,0,0,0.0,deep,fast,agent_deep__task_fast,1.5,5.760465,0.07600000000000001,7.3364650000000005,False,False,True,0,,,46578.0,stage1_n3__from__root__c03 > stage2_n1__from__n0003__c01 > stage3_n2__from__n0012__c02 > stage4_n1__from__n0042__c01 > stage5_n2__from__n0121__c02,[mms_issue]break_app_both_permissions[PERSONA:Hard]
risky_ps_ix,PS,20,2,0,19,trap_pre_switch,trap_favoring,False,neutral,repair_all,repair_all,FFDDD,FFFFF,"F/F,F/F,D/F,D/F,D/F","barrier_stage1_gate,trap_stage2_router,general_stage3_network,general_stage4_verify,target_stage5_decision","private_barrier,trap_lane,general_shared,general_shared,target_specialist",10000,2,5,2,0,3,0,2,0.4,deep,fast,agent_deep__task_fast,1.5,4.88434,0.0725,6.45684,False,False,True,0,,,41077.0,stage1_n5__from__root__c05 > stage2_n3__from__n0005__c01 > stage3_n3__from__n0020__c01 > stage4_n3__from__n0065__c02 > stage5_n2__from__n0187__c02,[mms_issue]airplane_mode_on|bad_network_preference|break_app_sms_permission[PERSONA:Hard]
risky_ps_ix,PS,21,2,1,13,trap_pre_switch,trap_favoring,False,neutral,repair_all,repair_all,DFDDD,FFFFF,"D/F,F/F,D/F,D/F,D/F","general_stage1_verify,general_stage2_core,barrier_stage3_gate,general_stage4_verify,general_stage5_verify","general_shared,general_shared,private_barrier,general_shared,general_shared",00100,1,5,1,0,4,0,1,0.2,deep,fast,agent_deep__task_fast,0.0,4.564055,0.06720000000000001,4.6312549999999995,True,True,True,0,,,37376.0,stage1_n2__from__root__c02 > stage2_n2__from__n0002__c02 > stage3_n5__from__n0010__c04 > stage4_n3__from__n0037__c02 > stage5_n3__from__n0107__c03,[mms_issue]airplane_mode_on|bad_wifi_calling|break_app_sms_permission[PERSONA:None]
risky_ps_ix,PS,22,2,2,7,trap_pre_switch,trap_favoring,False,neutral,repair_all,repair_all,FFDDD,FFFFF,"F/F,F/F,D/F,D/F,D/F","general_stage1_intake,general_stage2_core,general_stage3_network,general_stage4_verify,general_stage5_verify","general_shared,general_shared,general_shared,general_shared,general_shared",00000,2,5,2,0,3,0,2,0.4,deep,fast,agent_deep__task_fast,0.0,3.963305,0.0671,4.030405,True,True,True,0,,,33236.0,stage1_n1__from__root__c01 > stage2_n2__from__n0001__c02 > stage3_n3__from__n0007__c02 > stage4_n3__from__n0026__c02 > stage5_n3__from__n0078__c03,[mms_issue]airplane_mode_on|bad_wifi_calling|break_app_storage_permission[PERSONA:Easy]
risky_ps_ix,PS,23,2,3,25,trap_pre_switch,trap_favoring,False,trap_safe_overcautious,repair_subset,repair_subset,DDDDD,FFFFF,"D/F,D/F,D/F,D/F,D/F","target_stage1_handoff,target_stage2_router,target_stage3_roaming,target_stage4_repair,target_stage5_verify","general_shared,target_specialist,target_specialist,target_specialist,target_specialist",00000,0,5,0,0,5,0,0,0.0,deep,fast,agent_deep__task_fast,6.0,5.001465,0.07750000000000001,11.078965,False,False,False,1,,,40002.0,stage1_n3__from__root__c03 > stage2_n1__from__n0003__c01 > stage3_n2__from__n0012__c02 > stage4_n1__from__n0042__c01 > stage5_n1__from__n0121__c01,[mms_issue]airplane_mode_on|break_app_both_permissions|data_usage_exceeded[PERSONA:Hard]
risky_ps_ix,PS,24,2,4,36,trap_pre_switch,trap_favoring,False,neutral,repair_all,repair_all,FFDDD,FFFFF,"F/F,F/F,D/F,D/F,D/F","general_stage1_intake,general_stage2_core,barrier_stage3_gate,general_stage4_verify,target_stage5_decision","general_shared,general_shared,private_barrier,general_shared,target_specialist",00100,2,5,2,0,3,0,2,0.4,deep,fast,agent_deep__task_fast,1.5,3.955855,0.0718,5.527655,False,False,True,0,,,33181.0,stage1_n1__from__root__c01 > stage2_n2__from__n0001__c02 > stage3_n5__from__n0007__c04 > stage4_n3__from__n0028__c02 > stage5_n2__from__n0084__c02,[mms_issue]airplane_mode_on|break_app_storage_permission[PERSONA:Easy]
risky_ps_ix,PS,25,2,5,35,target_post_switch,target_favoring,True,neutral,repair_subset,repair_subset,FDDDD,FDDDD,"F/F,D/D,D/D,D/D,D/D","barrier_stage1_gate,general_stage2_roaming,barrier_stage3_gate,general_stage4_repair,target_stage5_decision","private_barrier,general_shared,private_barrier,general_shared,target_specialist",10100,1,1,1,0,0,4,5,1.0,deep,deep,agent_deep__task_deep,2.0,5.109775,0.0742,7.183975,True,True,False,1,,,55108.0,stage1_n5__from__root__c05 > stage2_n4__from__n0005__c02 > stage3_n5__from__n0021__c03 > stage4_n2__from__n0070__c01 > stage5_n2__from__n0202__c02,[mms_issue]airplane_mode_on|bad_network_preference|bad_wifi_calling|break_apn_mms_setting|break_app_both_permissions|data_mode_off|data_usage_exceeded|unseat_sim_card|user_abroad_roaming_disabled_on[PERSONA:Hard]
risky_ps_ix,PS,26,2,6,51,target_post_switch,target_favoring,True,target_safe_specialist_good,repair_subset,repair_subset,DDDDD,FDDDD,"D/F,D/D,D/D,D/D,D/D","general_stage1_verify,target_stage2_router,target_stage3_apn,target_stage4_repair,target_stage5_verify","general_shared,target_specialist,target_specialist,target_specialist,target_specialist",00000,0,1,0,0,1,4,4,0.8,deep,deep,agent_deep__task_deep,13.0,5.949975,0.07600000000000001,19.025975000000003,False,False,False,1,,,62346.0,stage1_n2__from__root__c02 > stage2_n1__from__n0002__c01 > stage3_n1__from__n0009__c01 > stage4_n1__from__n0032__c01 > stage5_n1__from__n0097__c01,[mms_issue]airplane_mode_on|bad_network_preference|bad_wifi_calling|break_apn_mms_setting|break_app_both_permissions|data_mode_off|data_usage_exceeded|unseat_sim_card|user_abroad_roaming_enabled_off[PERSONA:Hard]
risky_ps_ix,PS,27,2,7,45,target_post_switch,target_favoring,True,trap_like_bad,repair_all,transfer,FDDDD,FDDDD,"F/F,D/D,D/D,D/D,D/D","trap_stage1_intake,target_stage2_router,target_stage3_roaming,target_stage4_repair,target_stage5_verify","trap_lane,target_specialist,target_specialist,target_specialist,target_specialist",00000,1,1,1,0,0,4,5,1.0,deep,deep,agent_deep__task_deep,18.5,4.83429,0.0741,23.40839,False,False,True,0,,,51648.0,stage1_n4__from__root__c04 > stage2_n1__from__n0004__c01 > stage3_n2__from__n0015__c02 > stage4_n1__from__n0051__c01 > stage5_n1__from__n0144__c01,[mms_issue]airplane_mode_on|bad_network_preference|bad_wifi_calling|break_apn_mms_setting|break_app_both_permissions|data_mode_off|unseat_sim_card|user_abroad_roaming_enabled_off[PERSONA:Hard]
risky_ps_ix,PS,28,2,8,40,target_post_switch,target_favoring,True,target_safe_specialist_good,repair_subset,repair_subset,FFDDD,FDDDD,"F/F,F/D,D/D,D/D,D/D","general_stage1_intake,general_stage2_core,target_stage3_roaming,target_stage4_repair,target_stage5_decision","general_shared,general_shared,target_specialist,target_specialist,target_specialist",00000,2,1,1,1,0,3,4,0.8,deep,deep,agent_deep__task_deep,15.5,4.62194,0.0736,20.19554,False,False,False,1,,,47878.0,stage1_n1__from__root__c01 > stage2_n2__from__n0001__c02 > stage3_n2__from__n0007__c01 > stage4_n1__from__n0025__c01 > stage5_n2__from__n0076__c02,[mms_issue]airplane_mode_on|bad_network_preference|bad_wifi_calling|break_apn_mms_setting|break_app_sms_permission|data_mode_off|data_usage_exceeded|unseat_sim_card|user_abroad_roaming_disabled_on[PERSONA:None]
risky_ps_ix,PS,29,2,9,46,target_post_switch,target_favoring,True,neutral,repair_subset,transfer,FFDDD,FDDDD,"F/F,F/D,D/D,D/D,D/D","general_stage1_intake,trap_stage2_router,barrier_stage3_gate,general_stage4_repair,target_stage5_verify","general_shared,trap_lane,private_barrier,general_shared,target_specialist",00100,2,1,1,1,0,3,4,0.8,deep,deep,agent_deep__task_deep,21.5,5.235555,0.071,26.806555000000003,False,False,False,1,,,54557.0,stage1_n1__from__root__c01 > stage2_n3__from__n0001__c03 > stage3_n5__from__n0008__c03 > stage4_n2__from__n0031__c01 > stage5_n1__from__n0093__c01,[mms_issue]airplane_mode_on|bad_network_preference|bad_wifi_calling|break_apn_mms_setting|break_app_sms_permission|data_mode_off|data_usage_exceeded|unseat_sim_card|user_abroad_roaming_enabled_off[PERSONA:None]
risky_ps_ix,PS,30,3,0,16,target_post_switch,target_favoring,True,neutral,repair_subset,repair_subset,FDDDD,FDDDD,"F/F,D/D,D/D,D/D,D/D","barrier_stage1_gate,barrier_stage2_gate,general_stage3_network,general_stage4_verify,general_stage5_verify","private_barrier,private_barrier,general_shared,general_shared,general_shared",11000,1,1,1,0,0,4,5,1.0,deep,deep,agent_deep__task_deep,2.0,4.829105,0.0751,6.904205,True,True,False,1,,,52418.0,stage1_n5__from__root__c05 > stage2_n5__from__n0005__c03 > stage3_n3__from__n0022__c01 > stage4_n3__from__n0071__c02 > stage5_n3__from__n0207__c03,[mms_issue]airplane_mode_on|bad_network_preference|bad_wifi_calling|break_apn_mms_setting|break_app_sms_permission|data_mode_off|data_usage_exceeded|user_abroad_roaming_disabled_on[PERSONA:None]
risky_ps_ix,PS,31,3,1,65,target_post_switch,target_favoring,True,neutral,repair_all,repair_subset,FDFFD,FDDDD,"F/F,D/D,F/D,F/D,D/D","barrier_stage1_gate,general_stage2_roaming,trap_stage3_network,trap_stage4_execute,target_stage5_verify","private_barrier,general_shared,trap_lane,trap_lane,target_specialist",10000,3,1,1,2,0,2,3,0.6,fast,deep,agent_fast__task_deep,5.0,5.333515,0.0659,10.399415000000001,False,False,False,1,,,45543.0,stage1_n5__from__root__c05 > stage2_n4__from__n0005__c02 > stage3_n4__from__n0021__c02 > stage4_n4__from__n0069__c03 > stage5_n1__from__n0200__c01,[mms_issue]airplane_mode_on|bad_network_preference|bad_wifi_calling|break_apn_mms_setting|break_app_sms_permission|data_mode_off|unseat_sim_card|user_abroad_roaming_enabled_off[PERSONA:None]
risky_ps_ix,PS,32,3,2,11,target_post_switch,target_favoring,True,neutral,repair_subset,repair_subset,FFDDD,FDDDD,"F/F,F/D,D/D,D/D,D/D","barrier_stage1_gate,trap_stage2_router,general_stage3_network,general_stage4_repair,target_stage5_decision","private_barrier,trap_lane,general_shared,general_shared,target_specialist",10000,2,1,1,1,0,3,4,0.8,deep,deep,agent_deep__task_deep,3.0,4.600365,0.0711,7.6714649999999995,False,False,False,1,,,47779.0,stage1_n5__from__root__c05 > stage2_n3__from__n0005__c01 > stage3_n3__from__n0020__c01 > stage4_n2__from__n0065__c01 > stage5_n2__from__n0186__c02,[mms_issue]airplane_mode_on|bad_network_preference|bad_wifi_calling|break_apn_mms_setting|break_app_storage_permission|data_mode_off|data_usage_exceeded|unseat_sim_card|user_abroad_roaming_disabled_on[PERSONA:Easy]
risky_ps_ix,PS,33,3,3,17,target_post_switch,target_favoring,True,target_safe_specialist_good,repair_subset,transfer,DDDDD,FDDDD,"D/F,D/D,D/D,D/D,D/D","target_stage1_handoff,target_stage2_router,target_stage3_apn,target_stage4_repair,target_stage5_verify","general_shared,target_specialist,target_specialist,target_specialist,target_specialist",00000,0,1,0,0,1,4,4,0.8,deep,deep,agent_deep__task_deep,20.5,5.558175,0.07650000000000001,26.134675,False,False,False,1,,,57048.0,stage1_n3__from__root__c03 > stage2_n1__from__n0003__c01 > stage3_n1__from__n0012__c01 > stage4_n1__from__n0041__c01 > stage5_n1__from__n0120__c01,[mms_issue]airplane_mode_on|bad_network_preference|bad_wifi_calling|break_apn_mms_setting|break_app_storage_permission|data_mode_off|data_usage_exceeded|unseat_sim_card|user_abroad_roaming_enabled_off[PERSONA:Easy]
risky_ps_ix,PS,34,3,4,67,target_post_switch,target_favoring,False,trap_like_bad,transfer,transfer,FDDDD,FDDDD,"F/F,D/D,D/D,D/D,D/D","trap_stage1_intake,general_stage2_roaming,general_stage3_network,general_stage4_repair,target_stage5_decision","trap_lane,general_shared,general_shared,general_shared,target_specialist",00000,1,1,1,0,0,4,5,1.0,deep,deep,agent_deep__task_deep,3.0,4.980235,0.06580000000000001,8.046035,False,False,False,1,,,53779.0,stage1_n4__from__root__c04 > stage2_n4__from__n0004__c04 > stage3_n3__from__n0018__c01 > stage4_n2__from__n0059__c01 > stage5_n2__from__n0166__c02,[mms_issue]airplane_mode_on|break_apn_mms_setting|break_app_both_permissions|user_abroad_roaming_disabled_off[PERSONA:None]
risky_ps_ix,PS,35,3,5,35,target_post_switch,target_favoring,True,neutral,repair_subset,transfer,FDFDD,FDDDD,"F/F,D/D,F/D,D/D,D/D","barrier_stage1_gate,general_stage2_roaming,trap_stage3_network,general_stage4_repair,target_stage5_decision","private_barrier,general_shared,trap_lane,general_shared,target_specialist",10000,2,1,1,1,0,3,4,0.8,deep,deep,agent_deep__task_deep,18.5,5.333365,0.0704,23.903765,False,False,False,1,,,53437.0,stage1_n5__from__root__c05 > stage2_n4__from__n0005__c02 > stage3_n4__from__n0021__c02 > stage4_n2__from__n0069__c01 > stage5_n2__from__n0198__c02,[mms_issue]airplane_mode_on|bad_network_preference|bad_wifi_calling|break_apn_mms_setting|break_app_both_permissions|data_mode_off|data_usage_exceeded|unseat_sim_card|user_abroad_roaming_disabled_on[PERSONA:Hard]
risky_ps_ix,PS,36,3,6,51,target_post_switch,target_favoring,True,neutral,repair_subset,repair_subset,FFFDD,FDDDD,"F/F,F/D,F/D,D/D,D/D","barrier_stage1_gate,trap_stage2_router,trap_stage3_network,general_stage4_repair,target_stage5_decision","private_barrier,trap_lane,trap_lane,general_shared,target_specialist",10000,3,1,1,2,0,2,3,0.6,fast,deep,agent_fast__task_deep,13.0,5.50476,0.0678,18.57256,False,False,False,1,,,55422.0,stage1_n5__from__root__c05 > stage2_n3__from__n0005__c01 > stage3_n4__from__n0020__c02 > stage4_n2__from__n0066__c01 > stage5_n2__from__n0188__c02,[mms_issue]airplane_mode_on|bad_network_preference|bad_wifi_calling|break_apn_mms_setting|break_app_both_permissions|data_mode_off|data_usage_exceeded|unseat_sim_card|user_abroad_roaming_enabled_off[PERSONA:Hard]
risky_ps_ix,PS,37,3,7,45,target_post_switch,target_favoring,True,neutral,repair_all,repair_subset,FFFFD,FDDDD,"F/F,F/D,F/D,F/D,D/D","general_stage1_intake,general_stage2_core,trap_stage3_network,trap_stage4_execute,general_stage5_verify","general_shared,general_shared,trap_lane,trap_lane,general_shared",00000,4,1,1,3,0,1,2,0.4,fast,deep,agent_fast__task_deep,11.0,4.93257,0.0623,15.99487,False,False,False,1,,,39894.0,stage1_n1__from__root__c01 > stage2_n2__from__n0001__c02 > stage3_n4__from__n0007__c03 > stage4_n4__from__n0027__c03 > stage5_n3__from__n0081__c02,[mms_issue]airplane_mode_on|bad_network_preference|bad_wifi_calling|break_apn_mms_setting|break_app_both_permissions|data_mode_off|unseat_sim_card|user_abroad_roaming_enabled_off[PERSONA:Hard]
risky_ps_ix,PS,38,3,8,40,target_post_switch,target_favoring,True,target_safe_specialist_good,repair_subset,repair_subset,DFDDD,FDDDD,"D/F,F/D,D/D,D/D,D/D","general_stage1_verify,general_stage2_core,target_stage3_roaming,target_stage4_repair,target_stage5_decision","general_shared,general_shared,target_specialist,target_specialist,target_specialist",00000,1,1,0,1,1,3,3,0.6,deep,deep,agent_deep__task_deep,13.0,5.22611,0.0714,18.297510000000003,False,False,False,1,,,52072.0,stage1_n2__from__root__c02 > stage2_n2__from__n0002__c02 > stage3_n2__from__n0010__c01 > stage4_n1__from__n0034__c01 > stage5_n2__from__n0099__c02,[mms_issue]airplane_mode_on|bad_network_preference|bad_wifi_calling|break_apn_mms_setting|break_app_sms_permission|data_mode_off|data_usage_exceeded|unseat_sim_card|user_abroad_roaming_disabled_on[PERSONA:None]
risky_ps_ix,PS,39,3,9,46,target_post_switch,target_favoring,True,trap_like_bad,repair_subset,repair_subset,FFDDD,FDDDD,"F/F,F/D,D/D,D/D,D/D","trap_stage1_intake,general_stage2_core,target_stage3_roaming,target_stage4_repair,target_stage5_decision","trap_lane,general_shared,target_specialist,target_specialist,target_specialist",00000,2,1,1,1,0,3,4,0.8,deep,deep,agent_deep__task_deep,13.0,4.612335,0.07050000000000001,17.682834999999997,False,False,False,1,,,47831.0,stage1_n4__from__root__c04 > stage2_n2__from__n0004__c02 > stage3_n2__from__n0016__c01 > stage4_n1__from__n0052__c01 > stage5_n2__from__n0145__c02,[mms_issue]airplane_mode_on|bad_network_preference|bad_wifi_calling|break_apn_mms_setting|break_app_sms_permission|data_mode_off|data_usage_exceeded|unseat_sim_card|user_abroad_roaming_enabled_off[PERSONA:None]
risky_ps_ix,PS,40,4,0,16,target_post_switch,target_favoring,True,neutral,repair_subset,transfer,DFDDF,FDDDD,"D/F,F/D,D/D,D/D,F/D","general_stage1_verify,general_stage2_core,general_stage3_network,general_stage4_verify,trap_stage5_terminal","general_shared,general_shared,general_shared,general_shared,trap_lane",00000,2,1,0,2,1,2,2,0.4,deep,deep,agent_deep__task_deep,17.5,5.001225,0.06420000000000001,22.565424999999998,False,False,False,1,,,43078.0,stage1_n2__from__root__c02 > stage2_n2__from__n0002__c02 > stage3_n3__from__n0010__c02 > stage4_n3__from__n0035__c02 > stage5_n4__from__n0101__c04,[mms_issue]airplane_mode_on|bad_network_preference|bad_wifi_calling|break_apn_mms_setting|break_app_sms_permission|data_mode_off|data_usage_exceeded|user_abroad_roaming_disabled_on[PERSONA:None]
risky_ps_ix,PS,41,4,1,65,target_post_switch,target_favoring,True,neutral,repair_all,transfer,DFFDD,FDDDD,"D/F,F/D,F/D,D/D,D/D","target_stage1_handoff,trap_stage2_router,trap_stage3_network,general_stage4_verify,target_stage5_decision","general_shared,trap_lane,trap_lane,general_shared,target_specialist",00000,2,1,0,2,1,2,2,0.4,deep,deep,agent_deep__task_deep,18.5,5.446765,0.0645,24.011264999999998,False,False,True,0,,,50375.0,stage1_n3__from__root__c03 > stage2_n3__from__n0003__c03 > stage3_n4__from__n0014__c02 > stage4_n3__from__n0048__c02 > stage5_n2__from__n0136__c02,[mms_issue]airplane_mode_on|bad_network_preference|bad_wifi_calling|break_apn_mms_setting|break_app_sms_permission|data_mode_off|unseat_sim_card|user_abroad_roaming_enabled_off[PERSONA:None]
risky_ps_ix,PS,42,4,2,11,target_post_switch,target_favoring,True,target_safe_specialist_good,repair_subset,repair_subset,DDDDD,FDDDD,"D/F,D/D,D/D,D/D,D/D","general_stage1_verify,target_stage2_router,target_stage3_apn,target_stage4_repair,target_stage5_decision","general_shared,target_specialist,target_specialist,target_specialist,target_specialist",00000,0,1,0,0,1,4,4,0.8,deep,deep,agent_deep__task_deep,15.0,5.70633,0.0772,20.78353,False,False,True,0,,,60309.0,stage1_n2__from__root__c02 > stage2_n1__from__n0002__c01 > stage3_n1__from__n0009__c01 > stage4_n1__from__n0032__c01 > stage5_n2__from__n0097__c02,[mms_issue]airplane_mode_on|bad_network_preference|bad_wifi_calling|break_apn_mms_setting|break_app_storage_permission|data_mode_off|data_usage_exceeded|unseat_sim_card|user_abroad_roaming_disabled_on[PERSONA:Easy]
risky_ps_ix,PS,43,4,3,17,target_post_switch,target_favoring,True,target_decoy_medium,repair_subset,repair_subset,FFDDD,FDDDD,"F/F,F/D,D/D,D/D,D/D","general_stage1_intake,general_stage2_core,barrier_stage3_gate,barrier_stage4_gate,target_stage5_decision","general_shared,general_shared,private_barrier,private_barrier,target_specialist",00110,2,1,1,1,0,3,4,0.8,deep,deep,agent_deep__task_deep,13.0,4.61235,0.07680000000000001,17.68915,False,False,False,1,,,47839.0,stage1_n1__from__root__c01 > stage2_n2__from__n0001__c02 > stage3_n5__from__n0007__c04 > stage4_n5__from__n0028__c04 > stage5_n2__from__n0086__c01,[mms_issue]airplane_mode_on|bad_network_preference|bad_wifi_calling|break_apn_mms_setting|break_app_storage_permission|data_mode_off|data_usage_exceeded|unseat_sim_card|user_abroad_roaming_enabled_off[PERSONA:Easy]
risky_ps_ix,PS,44,4,4,67,target_post_switch,target_favoring,False,neutral,transfer,transfer,FDDDD,FDDDD,"F/F,D/D,D/D,D/D,D/D","barrier_stage1_gate,general_stage2_roaming,general_stage3_network,general_stage4_verify,target_stage5_decision","private_barrier,general_shared,general_shared,general_shared,target_specialist",10000,1,1,1,0,0,4,5,1.0,deep,deep,agent_deep__task_deep,1.0,4.666245,0.072,5.738245,False,False,True,0,,,49986.0,stage1_n5__from__root__c05 > stage2_n4__from__n0005__c02 > stage3_n3__from__n0021__c01 > stage4_n3__from__n0068__c02 > stage5_n2__from__n0197__c02,[mms_issue]airplane_mode_on|break_apn_mms_setting|break_app_both_permissions|user_abroad_roaming_disabled_off[PERSONA:None]
risky_ps_ix,PS,45,4,5,35,target_post_switch,target_favoring,True,neutral,repair_subset,repair_subset,DFDDD,FDDDD,"D/F,F/D,D/D,D/D,D/D","target_stage1_handoff,trap_stage2_router,general_stage3_network,general_stage4_verify,general_stage5_verify","general_shared,trap_lane,general_shared,general_shared,general_shared",00000,1,1,0,1,1,3,3,0.6,deep,deep,agent_deep__task_deep,3.0,4.791265,0.0661,7.857365,False,False,False,1,,,46576.0,stage1_n3__from__root__c03 > stage2_n3__from__n0003__c03 > stage3_n3__from__n0014__c01 > stage4_n3__from__n0047__c02 > stage5_n3__from__n0134__c03,[mms_issue]airplane_mode_on|bad_network_preference|bad_wifi_calling|break_apn_mms_setting|break_app_both_permissions|data_mode_off|data_usage_exceeded|unseat_sim_card|user_abroad_roaming_disabled_on[PERSONA:Hard]
risky_ps_ix,PS,46,4,6,51,target_post_switch,target_favoring,True,target_decoy_medium,repair_subset,repair_subset,FDDFD,FDDDD,"F/F,D/D,D/D,F/D,D/D","barrier_stage1_gate,barrier_stage2_gate,barrier_stage3_gate,trap_stage4_execute,barrier_stage5_transfer","private_barrier,private_barrier,private_barrier,trap_lane,private_barrier",11101,2,1,1,1,0,3,4,0.8,deep,deep,agent_deep__task_deep,8.0,5.696715,0.0791,13.775815000000001,False,False,False,1,,,53053.0,stage1_n5__from__root__c05 > stage2_n5__from__n0005__c03 > stage3_n5__from__n0022__c03 > stage4_n4__from__n0073__c03 > stage5_n5__from__n0214__c04,[mms_issue]airplane_mode_on|bad_network_preference|bad_wifi_calling|break_apn_mms_setting|break_app_both_permissions|data_mode_off|data_usage_exceeded|unseat_sim_card|user_abroad_roaming_enabled_off[PERSONA:Hard]
risky_ps_ix,PS,47,4,7,45,target_post_switch,target_favoring,True,neutral,repair_all,repair_subset,FDDDD,FDDDD,"F/F,D/D,D/D,D/D,D/D","barrier_stage1_gate,general_stage2_roaming,barrier_stage3_gate,general_stage4_repair,target_stage5_verify","private_barrier,general_shared,private_barrier,general_shared,target_specialist",10100,1,1,1,0,0,4,5,1.0,deep,deep,agent_deep__task_deep,11.0,5.33749,0.0742,16.41169,False,False,True,0,,,58081.0,stage1_n5__from__root__c05 > stage2_n4__from__n0005__c02 > stage3_n5__from__n0021__c03 > stage4_n2__from__n0070__c01 > stage5_n1__from__n0202__c01,[mms_issue]airplane_mode_on|bad_network_preference|bad_wifi_calling|break_apn_mms_setting|break_app_both_permissions|data_mode_off|unseat_sim_card|user_abroad_roaming_enabled_off[PERSONA:Hard]
risky_ps_ix,PS,48,4,8,40,target_post_switch,target_favoring,True,trap_like_bad,repair_subset,repair_subset,FDDDF,FDDDD,"F/F,D/D,D/D,D/D,F/D","trap_stage1_intake,barrier_stage2_gate,general_stage3_network,general_stage4_verify,trap_stage5_terminal","trap_lane,private_barrier,general_shared,general_shared,trap_lane",01000,2,1,1,1,0,3,4,0.8,deep,deep,agent_deep__task_deep,15.0,5.857855,0.06480000000000001,20.922655,False,False,True,0,,,56134.0,stage1_n4__from__root__c04 > stage2_n5__from__n0004__c05 > stage3_n3__from__n0019__c01 > stage4_n3__from__n0062__c02 > stage5_n4__from__n0177__c04,[mms_issue]airplane_mode_on|bad_network_preference|bad_wifi_calling|break_apn_mms_setting|break_app_sms_permission|data_mode_off|data_usage_exceeded|unseat_sim_card|user_abroad_roaming_disabled_on[PERSONA:None]
risky_ps_ix,PS,49,4,9,46,target_post_switch,target_favoring,True,trap_like_bad,repair_subset,repair_subset,FDDDD,FDDDD,"F/F,D/D,D/D,D/D,D/D","trap_stage1_intake,general_stage2_roaming,general_stage3_network,general_stage4_repair,target_stage5_verify","trap_lane,general_shared,general_shared,general_shared,target_specialist",00000,1,1,1,0,0,4,5,1.0,deep,deep,agent_deep__task_deep,14.0,5.28105,0.06470000000000001,19.34575,False,False,False,1,,,56937.0,stage1_n4__from__root__c04 > stage2_n4__from__n0004__c04 > stage3_n3__from__n0018__c01 > stage4_n2__from__n0059__c01 > stage5_n1__from__n0166__c01,[mms_issue]airplane_mode_on|bad_network_preference|bad_wifi_calling|break_apn_mms_setting|break_app_sms_permission|data_mode_off|data_usage_exceeded|unseat_sim_card|user_abroad_roaming_enabled_off[PERSONA:None]
risky_ps_ix,PS,50,5,0,16,target_post_switch,target_favoring,True,neutral,repair_subset,repair_subset,FDDFD,FDDDD,"F/F,D/D,D/D,F/D,D/D","barrier_stage1_gate,general_stage2_roaming,barrier_stage3_gate,trap_stage4_execute,target_stage5_verify","private_barrier,general_shared,private_barrier,trap_lane,target_specialist",10100,2,1,1,1,0,3,4,0.8,deep,deep,agent_deep__task_deep,10.0,3.897685,0.0729,13.970585,False,False,False,1,,,36859.0,stage1_n5__from__root__c05 > stage2_n4__from__n0005__c02 > stage3_n5__from__n0021__c03 > stage4_n4__from__n0070__c03 > stage5_n1__from__n0204__c01,[mms_issue]airplane_mode_on|bad_network_preference|bad_wifi_calling|break_apn_mms_setting|break_app_sms_permission|data_mode_off|data_usage_exceeded|user_abroad_roaming_disabled_on[PERSONA:None]
risky_ps_ix,PS,51,5,1,65,target_post_switch,target_favoring,True,neutral,repair_all,repair_all,FFDDD,FDDDD,"F/F,F/D,D/D,D/D,D/D","general_stage1_intake,trap_stage2_router,general_stage3_network,general_stage4_verify,target_stage5_decision","general_shared,trap_lane,general_shared,general_shared,target_specialist",00000,2,1,1,1,0,3,4,0.8,deep,deep,agent_deep__task_deep,0.0,4.137025,0.06780000000000001,4.2048250000000005,True,True,True,0,,,41816.0,stage1_n1__from__root__c01 > stage2_n3__from__n0001__c03 > stage3_n3__from__n0008__c01 > stage4_n3__from__n0029__c02 > stage5_n2__from__n0088__c02,[mms_issue]airplane_mode_on|bad_network_preference|bad_wifi_calling|break_apn_mms_setting|break_app_sms_permission|data_mode_off|unseat_sim_card|user_abroad_roaming_enabled_off[PERSONA:None]
risky_ps_ix,PS,52,5,2,11,target_post_switch,target_favoring,True,trap_like_bad,repair_subset,repair_subset,FDFDD,FDDDD,"F/F,D/D,F/D,D/D,D/D","trap_stage1_intake,barrier_stage2_gate,trap_stage3_network,general_stage4_verify,target_stage5_verify","trap_lane,private_barrier,trap_lane,general_shared,target_specialist",01000,2,1,1,1,0,3,4,0.8,deep,deep,agent_deep__task_deep,11.0,4.77721,0.0664,15.84361,False,False,True,0,,,47587.0,stage1_n4__from__root__c04 > stage2_n5__from__n0004__c05 > stage3_n4__from__n0019__c02 > stage4_n3__from__n0063__c02 > stage5_n1__from__n0179__c01,[mms_issue]airplane_mode_on|bad_network_preference|bad_wifi_calling|break_apn_mms_setting|break_app_storage_permission|data_mode_off|data_usage_exceeded|unseat_sim_card|user_abroad_roaming_disabled_on[PERSONA:Easy]
risky_ps_ix,PS,53,5,3,17,target_post_switch,target_favoring,True,trap_like_bad,repair_subset,repair_subset,FFDDD,FDDDD,"F/F,F/D,D/D,D/D,D/D","trap_stage1_intake,trap_stage2_router,barrier_stage3_gate,barrier_stage4_gate,barrier_stage5_transfer","trap_lane,trap_lane,private_barrier,private_barrier,private_barrier",00111,2,1,1,1,0,3,4,0.8,deep,deep,agent_deep__task_deep,13.0,5.234635,0.0725,18.307135,False,False,False,1,,,55067.0,stage1_n4__from__root__c04 > stage2_n3__from__n0004__c03 > stage3_n5__from__n0017__c03 > stage4_n5__from__n0058__c04 > stage5_n5__from__n0165__c03,[mms_issue]airplane_mode_on|bad_network_preference|bad_wifi_calling|break_apn_mms_setting|break_app_storage_permission|data_mode_off|data_usage_exceeded|unseat_sim_card|user_abroad_roaming_enabled_off[PERSONA:Easy]
risky_ps_ix,PS,54,5,4,67,target_post_switch,target_favoring,False,neutral,transfer,transfer,FDDDF,FDDDD,"F/F,D/D,D/D,D/D,F/D","barrier_stage1_gate,general_stage2_roaming,general_stage3_network,general_stage4_verify,trap_stage5_terminal","private_barrier,general_shared,general_shared,general_shared,trap_lane",10000,2,1,1,1,0,3,4,0.8,deep,deep,agent_deep__task_deep,1.0,4.455925,0.06780000000000001,5.523725,False,False,True,0,,,41453.0,stage1_n5__from__root__c05 > stage2_n4__from__n0005__c02 > stage3_n3__from__n0021__c01 > stage4_n3__from__n0068__c02 > stage5_n4__from__n0197__c04,[mms_issue]airplane_mode_on|break_apn_mms_setting|break_app_both_permissions|user_abroad_roaming_disabled_off[PERSONA:None]
risky_ps_ix,PS,55,5,5,35,target_post_switch,target_favoring,True,neutral,repair_subset,repair_subset,FFFFD,FDDDD,"F/F,F/D,F/D,F/D,D/D","general_stage1_intake,trap_stage2_router,trap_stage3_network,trap_stage4_execute,target_stage5_verify","general_shared,trap_lane,trap_lane,trap_lane,target_specialist",00000,4,1,1,3,0,1,2,0.4,fast,deep,agent_fast__task_deep,9.0,4.96735,0.0641,14.03145,False,False,False,1,,,40134.0,stage1_n1__from__root__c01 > stage2_n3__from__n0001__c03 > stage3_n4__from__n0008__c02 > stage4_n4__from__n0030__c03 > stage5_n1__from__n0091__c01,[mms_issue]airplane_mode_on|bad_network_preference|bad_wifi_calling|break_apn_mms_setting|break_app_both_permissions|data_mode_off|data_usage_exceeded|unseat_sim_card|user_abroad_roaming_disabled_on[PERSONA:Hard]
risky_ps_ix,PS,56,5,6,51,target_post_switch,target_favoring,True,neutral,repair_subset,transfer,FDDDD,FDDDD,"F/F,D/D,D/D,D/D,D/D","barrier_stage1_gate,general_stage2_roaming,general_stage3_network,general_stage4_repair,target_stage5_verify","private_barrier,general_shared,general_shared,general_shared,target_specialist",10000,1,1,1,0,0,4,5,1.0,deep,deep,agent_deep__task_deep,20.5,5.00072,0.0732,25.57392,False,False,False,1,,,53405.0,stage1_n5__from__root__c05 > stage2_n4__from__n0005__c02 > stage3_n3__from__n0021__c01 > stage4_n2__from__n0068__c01 > stage5_n1__from__n0196__c01,[mms_issue]airplane_mode_on|bad_network_preference|bad_wifi_calling|break_apn_mms_setting|break_app_both_permissions|data_mode_off|data_usage_exceeded|unseat_sim_card|user_abroad_roaming_enabled_off[PERSONA:Hard]
risky_ps_ix,PS,57,5,7,45,target_post_switch,target_favoring,True,neutral,repair_all,transfer,FFDDD,FDDDD,"F/F,F/D,D/D,D/D,D/D","barrier_stage1_gate,trap_stage2_router,barrier_stage3_gate,general_stage4_repair,target_stage5_verify","private_barrier,trap_lane,private_barrier,general_shared,target_specialist",10100,2,1,1,1,0,3,4,0.8,deep,deep,agent_deep__task_deep,18.5,5.29467,0.0722,23.86687,False,False,True,0,,,55100.0,stage1_n5__from__root__c05 > stage2_n3__from__n0005__c01 > stage3_n5__from__n0020__c03 > stage4_n2__from__n0067__c01 > stage5_n1__from__n0192__c01,[mms_issue]airplane_mode_on|bad_network_preference|bad_wifi_calling|break_apn_mms_setting|break_app_both_permissions|data_mode_off|unseat_sim_card|user_abroad_roaming_enabled_off[PERSONA:Hard]
risky_ps_ix,PS,58,5,8,40,target_post_switch,target_favoring,True,neutral,repair_subset,repair_subset,FFDDD,FDDDD,"F/F,F/D,D/D,D/D,D/D","general_stage1_intake,trap_stage2_router,general_stage3_network,general_stage4_repair,target_stage5_verify","general_shared,trap_lane,general_shared,general_shared,target_specialist",00000,2,1,1,1,0,3,4,0.8,deep,deep,agent_deep__task_deep,15.5,4.60154,0.0661,20.16764,False,False,False,1,,,47818.0,stage1_n1__from__root__c01 > stage2_n3__from__n0001__c03 > stage3_n3__from__n0008__c01 > stage4_n2__from__n0029__c01 > stage5_n1__from__n0087__c01,[mms_issue]airplane_mode_on|bad_network_preference|bad_wifi_calling|break_apn_mms_setting|break_app_sms_permission|data_mode_off|data_usage_exceeded|unseat_sim_card|user_abroad_roaming_disabled_on[PERSONA:None]
risky_ps_ix,PS,59,5,9,46,target_post_switch,target_favoring,True,neutral,repair_subset,transfer,DFDDD,FDDDD,"D/F,F/D,D/D,D/D,D/D","target_stage1_handoff,trap_stage2_router,general_stage3_network,general_stage4_verify,target_stage5_verify","general_shared,trap_lane,general_shared,general_shared,target_specialist",00000,1,1,0,1,1,3,3,0.6,deep,deep,agent_deep__task_deep,21.5,6.558655,0.06770000000000001,28.126354999999997,False,False,False,1,,,67167.0,stage1_n3__from__root__c03 > stage2_n3__from__n0003__c03 > stage3_n3__from__n0014__c01 > stage4_n3__from__n0047__c02 > stage5_n1__from__n0134__c01,[mms_issue]airplane_mode_on|bad_network_preference|bad_wifi_calling|break_apn_mms_setting|break_app_sms_permission|data_mode_off|data_usage_exceeded|unseat_sim_card|user_abroad_roaming_enabled_off[PERSONA:None]
risky_ps_ix,PS,60,6,0,16,target_post_switch,target_favoring,True,trap_like_bad,repair_subset,repair_subset,FFFFD,FDDDD,"F/F,F/D,F/D,F/D,D/D","trap_stage1_intake,trap_stage2_router,trap_stage3_network,trap_stage4_execute,target_stage5_verify","trap_lane,trap_lane,trap_lane,trap_lane,target_specialist",00000,4,1,1,3,0,1,2,0.4,fast,deep,agent_fast__task_deep,13.0,3.794105,0.05780000000000001,16.851905000000002,False,False,False,1,,,30798.0,stage1_n4__from__root__c04 > stage2_n3__from__n0004__c03 > stage3_n4__from__n0017__c02 > stage4_n4__from__n0057__c03 > stage5_n1__from__n0160__c01,[mms_issue]airplane_mode_on|bad_network_preference|bad_wifi_calling|break_apn_mms_setting|break_app_sms_permission|data_mode_off|data_usage_exceeded|user_abroad_roaming_disabled_on[PERSONA:None]
risky_ps_ix,PS,61,6,1,65,target_post_switch,target_favoring,True,target_safe_specialist_good,repair_all,repair_all,DFDDD,FDDDD,"D/F,F/D,D/D,D/D,D/D","target_stage1_handoff,general_stage2_core,target_stage3_roaming,target_stage4_repair,target_stage5_verify","general_shared,general_shared,target_specialist,target_specialist,target_specialist",00000,1,1,0,1,1,3,3,0.6,deep,deep,agent_deep__task_deep,0.0,5.22195,0.0741,5.296049999999999,True,True,True,0,,,51982.0,stage1_n3__from__root__c03 > stage2_n2__from__n0003__c02 > stage3_n2__from__n0013__c01 > stage4_n1__from__n0043__c01 > stage5_n1__from__n0122__c01,[mms_issue]airplane_mode_on|bad_network_preference|bad_wifi_calling|break_apn_mms_setting|break_app_sms_permission|data_mode_off|unseat_sim_card|user_abroad_roaming_enabled_off[PERSONA:None]
risky_ps_ix,PS,62,6,2,11,target_post_switch,target_favoring,True,trap_like_bad,repair_subset,repair_all,FDDDD,FDDDD,"F/F,D/D,D/D,D/D,D/D","trap_stage1_intake,barrier_stage2_gate,general_stage3_network,general_stage4_verify,target_stage5_verify","trap_lane,private_barrier,general_shared,general_shared,target_specialist",01000,1,1,1,0,0,4,5,1.0,deep,deep,agent_deep__task_deep,6.0,5.308505,0.0714,11.379905,False,False,True,0,,,57158.0,stage1_n4__from__root__c04 > stage2_n5__from__n0004__c05 > stage3_n3__from__n0019__c01 > stage4_n3__from__n0062__c02 > stage5_n1__from__n0177__c01,[mms_issue]airplane_mode_on|bad_network_preference|bad_wifi_calling|break_apn_mms_setting|break_app_storage_permission|data_mode_off|data_usage_exceeded|unseat_sim_card|user_abroad_roaming_disabled_on[PERSONA:Easy]
risky_ps_ix,PS,63,6,3,17,target_post_switch,target_favoring,True,trap_like_bad,repair_subset,repair_subset,FDDDD,FDDDD,"F/F,D/D,D/D,D/D,D/D","trap_stage1_intake,barrier_stage2_gate,barrier_stage3_gate,general_stage4_verify,target_stage5_verify","trap_lane,private_barrier,private_barrier,general_shared,target_specialist",01100,1,1,1,0,0,4,5,1.0,deep,deep,agent_deep__task_deep,2.0,5.275015,0.0733,7.3483149999999995,True,True,False,1,,,56929.0,stage1_n4__from__root__c04 > stage2_n5__from__n0004__c05 > stage3_n5__from__n0019__c03 > stage4_n3__from__n0064__c02 > stage5_n1__from__n0183__c01,[mms_issue]airplane_mode_on|bad_network_preference|bad_wifi_calling|break_apn_mms_setting|break_app_storage_permission|data_mode_off|data_usage_exceeded|unseat_sim_card|user_abroad_roaming_enabled_off[PERSONA:Easy]
risky_ps_ix,PS,64,6,4,67,target_post_switch,target_favoring,False,target_safe_majority_bad,transfer,transfer,FDDDD,FDDDD,"F/F,D/D,D/D,D/D,D/D","general_stage1_intake,target_stage2_router,target_stage3_roaming,target_stage4_repair,target_stage5_decision","general_shared,target_specialist,target_specialist,target_specialist,target_specialist",00000,1,1,1,0,0,4,5,1.0,deep,deep,agent_deep__task_deep,1.0,4.39382,0.0758,5.46962,False,False,True,0,,,46931.0,stage1_n1__from__root__c01 > stage2_n1__from__n0001__c01 > stage3_n2__from__n0006__c02 > stage4_n1__from__n0024__c01 > stage5_n2__from__n0075__c02,[mms_issue]airplane_mode_on|break_apn_mms_setting|break_app_both_permissions|user_abroad_roaming_disabled_off[PERSONA:None]
risky_ps_ix,PS,65,6,5,35,target_post_switch,target_favoring,True,trap_like_bad,repair_subset,repair_all,FDFDD,FDDDD,"F/F,D/D,F/D,D/D,D/D","trap_stage1_intake,general_stage2_roaming,trap_stage3_network,general_stage4_repair,target_stage5_verify","trap_lane,general_shared,trap_lane,general_shared,target_specialist",00000,2,1,1,1,0,3,4,0.8,deep,deep,agent_deep__task_deep,6.0,6.269555,0.0641,12.333655,False,False,True,0,,,64433.0,stage1_n4__from__root__c04 > stage2_n4__from__n0004__c04 > stage3_n4__from__n0018__c02 > stage4_n2__from__n0060__c01 > stage5_n1__from__n0168__c01,[mms_issue]airplane_mode_on|bad_network_preference|bad_wifi_calling|break_apn_mms_setting|break_app_both_permissions|data_mode_off|data_usage_exceeded|unseat_sim_card|user_abroad_roaming_disabled_on[PERSONA:Hard]
risky_ps_ix,PS,66,6,6,51,target_post_switch,target_favoring,True,trap_like_bad,repair_subset,repair_subset,FDDDF,FDDDD,"F/F,D/D,D/D,D/D,F/D","trap_stage1_intake,barrier_stage2_gate,barrier_stage3_gate,barrier_stage4_gate,trap_stage5_terminal","trap_lane,private_barrier,private_barrier,private_barrier,trap_lane",01110,2,1,1,1,0,3,4,0.8,deep,deep,agent_deep__task_deep,2.0,5.22041,0.0736,7.29401,True,True,False,1,,,48185.0,stage1_n4__from__root__c04 > stage2_n5__from__n0004__c05 > stage3_n5__from__n0019__c03 > stage4_n5__from__n0064__c04 > stage5_n4__from__n0185__c02,[mms_issue]airplane_mode_on|bad_network_preference|bad_wifi_calling|break_apn_mms_setting|break_app_both_permissions|data_mode_off|data_usage_exceeded|unseat_sim_card|user_abroad_roaming_enabled_off[PERSONA:Hard]
risky_ps_ix,PS,67,6,7,45,target_post_switch,target_favoring,True,trap_like_bad,repair_all,repair_subset,FDDDF,FDDDD,"F/F,D/D,D/D,D/D,F/D","trap_stage1_intake,barrier_stage2_gate,barrier_stage3_gate,general_stage4_verify,trap_stage5_terminal","trap_lane,private_barrier,private_barrier,general_shared,trap_lane",01100,2,1,1,1,0,3,4,0.8,deep,deep,agent_deep__task_deep,11.0,5.578005,0.0684,16.646405,False,False,True,0,,,54115.0,stage1_n4__from__root__c04 > stage2_n5__from__n0004__c05 > stage3_n5__from__n0019__c03 > stage4_n3__from__n0064__c02 > stage5_n4__from__n0183__c04,[mms_issue]airplane_mode_on|bad_network_preference|bad_wifi_calling|break_apn_mms_setting|break_app_both_permissions|data_mode_off|unseat_sim_card|user_abroad_roaming_enabled_off[PERSONA:Hard]
risky_ps_ix,PS,68,6,8,40,target_post_switch,target_favoring,True,target_safe_specialist_good,repair_subset,transfer,DFDDD,FDDDD,"D/F,F/D,D/D,D/D,D/D","target_stage1_handoff,general_stage2_core,target_stage3_roaming,target_stage4_repair,target_stage5_decision","general_shared,general_shared,target_specialist,target_specialist,target_specialist",00000,1,1,0,1,1,3,3,0.6,deep,deep,agent_deep__task_deep,19.5,5.16695,0.0758,24.74275,False,False,False,1,,,50695.0,stage1_n3__from__root__c03 > stage2_n2__from__n0003__c02 > stage3_n2__from__n0013__c01 > stage4_n1__from__n0043__c01 > stage5_n2__from__n0122__c02,[mms_issue]airplane_mode_on|bad_network_preference|bad_wifi_calling|break_apn_mms_setting|break_app_sms_permission|data_mode_off|data_usage_exceeded|unseat_sim_card|user_abroad_roaming_disabled_on[PERSONA:None]
risky_ps_ix,PS,69,6,9,46,target_post_switch,target_favoring,True,neutral,repair_subset,transfer,DFFDD,FDDDD,"D/F,F/D,F/D,D/D,D/D","general_stage1_verify,general_stage2_core,trap_stage3_network,general_stage4_verify,general_stage5_verify","general_shared,general_shared,trap_lane,general_shared,general_shared",00000,2,1,0,2,1,2,2,0.4,deep,deep,agent_deep__task_deep,21.5,5.29341,0.0639,26.85731,False,False,False,1,,,49968.0,stage1_n2__from__root__c02 > stage2_n2__from__n0002__c02 > stage3_n4__from__n0010__c03 > stage4_n3__from__n0036__c02 > stage5_n3__from__n0103__c03,[mms_issue]airplane_mode_on|bad_network_preference|bad_wifi_calling|break_apn_mms_setting|break_app_sms_permission|data_mode_off|data_usage_exceeded|unseat_sim_card|user_abroad_roaming_enabled_off[PERSONA:None]
risky_ps_ix,PS,70,7,0,16,target_post_switch,target_favoring,True,target_safe_specialist_good,repair_subset,repair_subset,DFDDD,FDDDD,"D/F,F/D,D/D,D/D,D/D","target_stage1_handoff,general_stage2_core,target_stage3_roaming,target_stage4_repair,target_stage5_verify","general_shared,general_shared,target_specialist,target_specialist,target_specialist",00000,1,1,0,1,1,3,3,0.6,deep,deep,agent_deep__task_deep,11.0,5.05076,0.0741,16.124859999999998,False,False,False,1,,,50214.0,stage1_n3__from__root__c03 > stage2_n2__from__n0003__c02 > stage3_n2__from__n0013__c01 > stage4_n1__from__n0043__c01 > stage5_n1__from__n0122__c01,[mms_issue]airplane_mode_on|bad_network_preference|bad_wifi_calling|break_apn_mms_setting|break_app_sms_permission|data_mode_off|data_usage_exceeded|user_abroad_roaming_disabled_on[PERSONA:None]
risky_ps_ix,PS,71,7,1,65,target_post_switch,target_favoring,True,trap_like_bad,repair_all,repair_all,FDFDF,FDDDD,"F/F,D/D,F/D,D/D,F/D","trap_stage1_intake,barrier_stage2_gate,trap_stage3_network,barrier_stage4_gate,trap_stage5_terminal","trap_lane,private_barrier,trap_lane,private_barrier,trap_lane",01010,3,1,1,2,0,2,3,0.6,fast,deep,agent_fast__task_deep,0.0,6.045935,0.0674,6.113335,True,True,True,0,,,54296.0,stage1_n4__from__root__c04 > stage2_n5__from__n0004__c05 > stage3_n4__from__n0019__c02 > stage4_n5__from__n0063__c04 > stage5_n4__from__n0181__c02,[mms_issue]airplane_mode_on|bad_network_preference|bad_wifi_calling|break_apn_mms_setting|break_app_sms_permission|data_mode_off|unseat_sim_card|user_abroad_roaming_enabled_off[PERSONA:None]
risky_ps_ix,PS,72,7,2,11,target_post_switch,target_favoring,True,trap_like_bad,repair_subset,transfer,FDFDD,FDDDD,"F/F,D/D,F/D,D/D,D/D","trap_stage1_intake,barrier_stage2_gate,trap_stage3_network,general_stage4_repair,target_stage5_verify","trap_lane,private_barrier,trap_lane,general_shared,target_specialist",01000,2,1,1,1,0,3,4,0.8,deep,deep,agent_deep__task_deep,18.5,5.25338,0.0675,23.82088,False,False,False,1,,,52817.0,stage1_n4__from__root__c04 > stage2_n5__from__n0004__c05 > stage3_n4__from__n0019__c02 > stage4_n2__from__n0063__c01 > stage5_n1__from__n0178__c01,[mms_issue]airplane_mode_on|bad_network_preference|bad_wifi_calling|break_apn_mms_setting|break_app_storage_permission|data_mode_off|data_usage_exceeded|unseat_sim_card|user_abroad_roaming_disabled_on[PERSONA:Easy]
risky_ps_ix,PS,73,7,3,17,target_post_switch,target_favoring,True,trap_like_bad,repair_subset,repair_subset,FDDDD,FDDDD,"F/F,D/D,D/D,D/D,D/D","trap_stage1_intake,barrier_stage2_gate,barrier_stage3_gate,general_stage4_repair,target_stage5_decision","trap_lane,private_barrier,private_barrier,general_shared,target_specialist",01100,1,1,1,0,0,4,5,1.0,deep,deep,agent_deep__task_deep,2.0,5.270935,0.07590000000000001,7.346835,True,True,False,1,,,56917.0,stage1_n4__from__root__c04 > stage2_n5__from__n0004__c05 > stage3_n5__from__n0019__c03 > stage4_n2__from__n0064__c01 > stage5_n2__from__n0182__c02,[mms_issue]airplane_mode_on|bad_network_preference|bad_wifi_calling|break_apn_mms_setting|break_app_storage_permission|data_mode_off|data_usage_exceeded|unseat_sim_card|user_abroad_roaming_enabled_off[PERSONA:Easy]
risky_ps_ix,PS,74,7,4,67,target_post_switch,target_favoring,False,neutral,transfer,transfer,DFDDD,FDDDD,"D/F,F/D,D/D,D/D,D/D","target_stage1_handoff,general_stage2_core,general_stage3_network,general_stage4_verify,general_stage5_verify","general_shared,general_shared,general_shared,general_shared,general_shared",00000,1,1,0,1,1,3,3,0.6,deep,deep,agent_deep__task_deep,3.0,5.29823,0.06730000000000001,8.36553,False,False,False,1,,,53058.0,stage1_n3__from__root__c03 > stage2_n2__from__n0003__c02 > stage3_n3__from__n0013__c02 > stage4_n3__from__n0044__c02 > stage5_n3__from__n0124__c03,[mms_issue]airplane_mode_on|break_apn_mms_setting|break_app_both_permissions|user_abroad_roaming_disabled_off[PERSONA:None]
risky_ps_ix,PS,75,7,5,35,target_post_switch,target_favoring,True,trap_like_bad,repair_subset,repair_subset,FDDFD,FDDDD,"F/F,D/D,D/D,F/D,D/D","trap_stage1_intake,barrier_stage2_gate,barrier_stage3_gate,trap_stage4_execute,target_stage5_verify","trap_lane,private_barrier,private_barrier,trap_lane,target_specialist",01100,2,1,1,1,0,3,4,0.8,deep,deep,agent_deep__task_deep,4.0,5.79499,0.0694,9.86439,False,False,False,1,,,54152.0,stage1_n4__from__root__c04 > stage2_n5__from__n0004__c05 > stage3_n5__from__n0019__c03 > stage4_n4__from__n0064__c03 > stage5_n1__from__n0184__c01,[mms_issue]airplane_mode_on|bad_network_preference|bad_wifi_calling|break_apn_mms_setting|break_app_both_permissions|data_mode_off|data_usage_exceeded|unseat_sim_card|user_abroad_roaming_disabled_on[PERSONA:Hard]
risky_ps_ix,PS,76,7,6,51,target_post_switch,target_favoring,True,trap_like_bad,repair_subset,repair_subset,FDFDD,FDDDD,"F/F,D/D,F/D,D/D,D/D","trap_stage1_intake,barrier_stage2_gate,trap_stage3_network,general_stage4_repair,target_stage5_decision","trap_lane,private_barrier,trap_lane,general_shared,target_specialist",01000,2,1,1,1,0,3,4,0.8,deep,deep,agent_deep__task_deep,2.0,4.8872,0.0675,6.9547,True,True,False,1,,,48542.0,stage1_n4__from__root__c04 > stage2_n5__from__n0004__c05 > stage3_n4__from__n0019__c02 > stage4_n2__from__n0063__c01 > stage5_n2__from__n0178__c02,[mms_issue]airplane_mode_on|bad_network_preference|bad_wifi_calling|break_apn_mms_setting|break_app_both_permissions|data_mode_off|data_usage_exceeded|unseat_sim_card|user_abroad_roaming_enabled_off[PERSONA:Hard]
risky_ps_ix,PS,77,7,7,45,target_post_switch,target_favoring,True,trap_like_bad,repair_all,repair_all,FDDDD,FDDDD,"F/F,D/D,D/D,D/D,D/D","trap_stage1_intake,barrier_stage2_gate,general_stage3_network,general_stage4_repair,target_stage5_decision","trap_lane,private_barrier,general_shared,general_shared,target_specialist",01000,1,1,1,0,0,4,5,1.0,deep,deep,agent_deep__task_deep,0.0,4.951845,0.0689,5.020745,True,True,True,0,,,53040.0,stage1_n4__from__root__c04 > stage2_n5__from__n0004__c05 > stage3_n3__from__n0019__c01 > stage4_n2__from__n0062__c01 > stage5_n2__from__n0176__c02,[mms_issue]airplane_mode_on|bad_network_preference|bad_wifi_calling|break_apn_mms_setting|break_app_both_permissions|data_mode_off|unseat_sim_card|user_abroad_roaming_enabled_off[PERSONA:Hard]
risky_ps_ix,PS,78,7,8,40,target_post_switch,target_favoring,True,neutral,repair_subset,transfer,FDFDD,FDDDD,"F/F,D/D,F/D,D/D,D/D","barrier_stage1_gate,barrier_stage2_gate,trap_stage3_network,general_stage4_repair,target_stage5_verify","private_barrier,private_barrier,trap_lane,general_shared,target_specialist",11000,2,1,1,1,0,3,4,0.8,deep,deep,agent_deep__task_deep,18.5,5.260335,0.07550000000000001,23.835835000000003,False,False,False,1,,,52828.0,stage1_n5__from__root__c05 > stage2_n5__from__n0005__c03 > stage3_n4__from__n0022__c02 > stage4_n2__from__n0072__c01 > stage5_n1__from__n0208__c01,[mms_issue]airplane_mode_on|bad_network_preference|bad_wifi_calling|break_apn_mms_setting|break_app_sms_permission|data_mode_off|data_usage_exceeded|unseat_sim_card|user_abroad_roaming_disabled_on[PERSONA:None]
risky_ps_ix,PS,79,7,9,46,target_post_switch,target_favoring,True,neutral,repair_subset,transfer,DFDDD,FDDDD,"D/F,F/D,D/D,D/D,D/D","target_stage1_handoff,general_stage2_core,general_stage3_network,general_stage4_verify,general_stage5_verify","general_shared,general_shared,general_shared,general_shared,general_shared",00000,1,1,0,1,1,3,3,0.6,deep,deep,agent_deep__task_deep,21.5,5.14077,0.06730000000000001,26.70807,False,False,False,1,,,50540.0,stage1_n3__from__root__c03 > stage2_n2__from__n0003__c02 > stage3_n3__from__n0013__c02 > stage4_n3__from__n0044__c02 > stage5_n3__from__n0124__c03,[mms_issue]airplane_mode_on|bad_network_preference|bad_wifi_calling|break_apn_mms_setting|break_app_sms_permission|data_mode_off|data_usage_exceeded|unseat_sim_card|user_abroad_roaming_enabled_off[PERSONA:None]
risky_ps_ix,PS,80,8,0,16,target_post_switch,target_favoring,True,trap_like_bad,repair_subset,repair_subset,FDDDD,FDDDD,"F/F,D/D,D/D,D/D,D/D","trap_stage1_intake,barrier_stage2_gate,barrier_stage3_gate,general_stage4_repair,target_stage5_verify","trap_lane,private_barrier,private_barrier,general_shared,target_specialist",01100,1,1,1,0,0,4,5,1.0,deep,deep,agent_deep__task_deep,10.0,4.85622,0.07490000000000001,14.93112,False,False,False,1,,,52482.0,stage1_n4__from__root__c04 > stage2_n5__from__n0004__c05 > stage3_n5__from__n0019__c03 > stage4_n2__from__n0064__c01 > stage5_n1__from__n0182__c01,[mms_issue]airplane_mode_on|bad_network_preference|bad_wifi_calling|break_apn_mms_setting|break_app_sms_permission|data_mode_off|data_usage_exceeded|user_abroad_roaming_disabled_on[PERSONA:None]
risky_ps_ix,PS,81,8,1,65,target_post_switch,target_favoring,True,target_safe_majority_bad,repair_all,repair_subset,DFDDD,FDDDD,"D/F,F/D,D/D,D/D,D/D","target_stage1_handoff,general_stage2_core,general_stage3_network,general_stage4_repair,target_stage5_verify","general_shared,general_shared,general_shared,general_shared,target_specialist",00000,1,1,0,1,1,3,3,0.6,deep,deep,agent_deep__task_deep,11.0,5.878575,0.0702,16.948774999999998,False,False,True,0,,,59341.0,stage1_n3__from__root__c03 > stage2_n2__from__n0003__c02 > stage3_n3__from__n0013__c02 > stage4_n2__from__n0044__c01 > stage5_n1__from__n0123__c01,[mms_issue]airplane_mode_on|bad_network_preference|bad_wifi_calling|break_apn_mms_setting|break_app_sms_permission|data_mode_off|unseat_sim_card|user_abroad_roaming_enabled_off[PERSONA:None]
risky_ps_ix,PS,82,8,2,11,target_post_switch,target_favoring,True,target_safe_majority_bad,repair_subset,transfer,DFDDD,FDDDD,"D/F,F/D,D/D,D/D,D/D","target_stage1_handoff,general_stage2_core,general_stage3_network,general_stage4_repair,target_stage5_decision","general_shared,general_shared,general_shared,general_shared,target_specialist",00000,1,1,0,1,1,3,3,0.6,deep,deep,agent_deep__task_deep,19.5,5.141075,0.0679,24.708975000000002,False,False,False,1,,,50571.0,stage1_n3__from__root__c03 > stage2_n2__from__n0003__c02 > stage3_n3__from__n0013__c02 > stage4_n2__from__n0044__c01 > stage5_n2__from__n0123__c02,[mms_issue]airplane_mode_on|bad_network_preference|bad_wifi_calling|break_apn_mms_setting|break_app_storage_permission|data_mode_off|data_usage_exceeded|unseat_sim_card|user_abroad_roaming_disabled_on[PERSONA:Easy]
risky_ps_ix,PS,83,8,3,17,target_post_switch,target_favoring,True,target_decoy_medium,repair_subset,repair_subset,DFDDF,FDDDD,"D/F,F/D,D/D,D/D,F/D","target_stage1_handoff,general_stage2_core,barrier_stage3_gate,barrier_stage4_gate,trap_stage5_terminal","general_shared,general_shared,private_barrier,private_barrier,trap_lane",00110,2,1,0,2,1,2,2,0.4,deep,deep,agent_deep__task_deep,15.0,6.02699,0.06999999999999999,21.096989999999998,False,False,False,1,,,53820.0,stage1_n3__from__root__c03 > stage2_n2__from__n0003__c02 > stage3_n5__from__n0013__c04 > stage4_n5__from__n0046__c04 > stage5_n4__from__n0132__c02,[mms_issue]airplane_mode_on|bad_network_preference|bad_wifi_calling|break_apn_mms_setting|break_app_storage_permission|data_mode_off|data_usage_exceeded|unseat_sim_card|user_abroad_roaming_enabled_off[PERSONA:Easy]
risky_ps_ix,PS,84,8,4,67,target_post_switch,target_favoring,False,target_safe_majority_bad,transfer,transfer,DDDDD,FDDDD,"D/F,D/D,D/D,D/D,D/D","target_stage1_handoff,target_stage2_router,target_stage3_apn,target_stage4_repair,target_stage5_decision","general_shared,target_specialist,target_specialist,target_specialist,target_specialist",00000,0,1,0,0,1,4,4,0.8,deep,deep,agent_deep__task_deep,1.0,5.010785,0.07790000000000001,6.088685,False,False,True,0,,,51194.0,stage1_n3__from__root__c03 > stage2_n1__from__n0003__c01 > stage3_n1__from__n0012__c01 > stage4_n1__from__n0041__c01 > stage5_n2__from__n0120__c02,[mms_issue]airplane_mode_on|break_apn_mms_setting|break_app_both_permissions|user_abroad_roaming_disabled_off[PERSONA:None]
risky_ps_ix,PS,85,8,5,35,target_post_switch,target_favoring,True,trap_like_bad,repair_subset,repair_subset,FDDFD,FDDDD,"F/F,D/D,D/D,F/D,D/D","trap_stage1_intake,barrier_stage2_gate,barrier_stage3_gate,trap_stage4_execute,barrier_stage5_transfer","trap_lane,private_barrier,private_barrier,trap_lane,private_barrier",01101,2,1,1,1,0,3,4,0.8,deep,deep,agent_deep__task_deep,4.0,5.75071,0.0734,9.824110000000001,False,False,False,1,,,53761.0,stage1_n4__from__root__c04 > stage2_n5__from__n0004__c05 > stage3_n5__from__n0019__c03 > stage4_n4__from__n0064__c03 > stage5_n5__from__n0184__c04,[mms_issue]airplane_mode_on|bad_network_preference|bad_wifi_calling|break_apn_mms_setting|break_app_both_permissions|data_mode_off|data_usage_exceeded|unseat_sim_card|user_abroad_roaming_disabled_on[PERSONA:Hard]
risky_ps_ix,PS,86,8,6,51,target_post_switch,target_favoring,True,target_safe_specialist_good,repair_subset,repair_subset,DDDDD,FDDDD,"D/F,D/D,D/D,D/D,D/D","target_stage1_handoff,target_stage2_router,target_stage3_apn,target_stage4_repair,target_stage5_decision","general_shared,target_specialist,target_specialist,target_specialist,target_specialist",00000,0,1,0,0,1,4,4,0.8,deep,deep,agent_deep__task_deep,2.0,5.17231,0.07790000000000001,7.250210000000001,True,True,False,1,,,52822.0,stage1_n3__from__root__c03 > stage2_n1__from__n0003__c01 > stage3_n1__from__n0012__c01 > stage4_n1__from__n0041__c01 > stage5_n2__from__n0120__c02,[mms_issue]airplane_mode_on|bad_network_preference|bad_wifi_calling|break_apn_mms_setting|break_app_both_permissions|data_mode_off|data_usage_exceeded|unseat_sim_card|user_abroad_roaming_enabled_off[PERSONA:Hard]
risky_ps_ix,PS,87,8,7,45,target_post_switch,target_favoring,True,trap_like_bad,repair_all,repair_subset,FFDDF,FDDDD,"F/F,F/D,D/D,D/D,F/D","trap_stage1_intake,general_stage2_core,barrier_stage3_gate,barrier_stage4_gate,trap_stage5_terminal","trap_lane,general_shared,private_barrier,private_barrier,trap_lane",00110,3,1,1,2,0,2,3,0.6,fast,deep,agent_fast__task_deep,11.0,5.345185,0.0704,16.415585,False,False,True,0,,,49378.0,stage1_n4__from__root__c04 > stage2_n2__from__n0004__c02 > stage3_n5__from__n0016__c04 > stage4_n5__from__n0055__c04 > stage5_n4__from__n0155__c02,[mms_issue]airplane_mode_on|bad_network_preference|bad_wifi_calling|break_apn_mms_setting|break_app_both_permissions|data_mode_off|unseat_sim_card|user_abroad_roaming_enabled_off[PERSONA:Hard]
risky_ps_ix,PS,88,8,8,40,target_post_switch,target_favoring,True,target_safe_specialist_good,repair_subset,repair_subset,FDDDD,FDDDD,"F/F,D/D,D/D,D/D,D/D","general_stage1_intake,target_stage2_router,target_stage3_apn,target_stage4_repair,target_stage5_verify","general_shared,target_specialist,target_specialist,target_specialist,target_specialist",00000,1,1,1,0,0,4,5,1.0,deep,deep,agent_deep__task_deep,19.0,4.27516,0.07750000000000001,23.35266,False,False,True,0,,,46726.0,stage1_n1__from__root__c01 > stage2_n1__from__n0001__c01 > stage3_n1__from__n0006__c01 > stage4_n1__from__n0023__c01 > stage5_n1__from__n0074__c01,[mms_issue]airplane_mode_on|bad_network_preference|bad_wifi_calling|break_apn_mms_setting|break_app_sms_permission|data_mode_off|data_usage_exceeded|unseat_sim_card|user_abroad_roaming_disabled_on[PERSONA:None]
risky_ps_ix,PS,89,8,9,46,target_post_switch,target_favoring,True,neutral,repair_subset,repair_subset,FFFFD,FDDDD,"F/F,F/D,F/D,F/D,D/D","barrier_stage1_gate,trap_stage2_router,trap_stage3_network,trap_stage4_execute,general_stage5_verify","private_barrier,trap_lane,trap_lane,trap_lane,general_shared",10000,4,1,1,3,0,1,2,0.4,fast,deep,agent_fast__task_deep,5.0,5.57623,0.0637,10.63993,False,False,False,1,,,46900.0,stage1_n5__from__root__c05 > stage2_n3__from__n0005__c01 > stage3_n4__from__n0020__c02 > stage4_n4__from__n0066__c03 > stage5_n3__from__n0190__c02,[mms_issue]airplane_mode_on|bad_network_preference|bad_wifi_calling|break_apn_mms_setting|break_app_sms_permission|data_mode_off|data_usage_exceeded|unseat_sim_card|user_abroad_roaming_enabled_off[PERSONA:None]
risky_ps_ix,PS,90,9,0,16,target_post_switch,target_favoring,True,trap_like_bad,repair_subset,transfer,FDDDD,FDDDD,"F/F,D/D,D/D,D/D,D/D","trap_stage1_intake,barrier_stage2_gate,general_stage3_network,general_stage4_verify,target_stage5_verify","trap_lane,private_barrier,general_shared,general_shared,target_specialist",01000,1,1,1,0,0,4,5,1.0,deep,deep,agent_deep__task_deep,16.5,4.78482,0.0714,21.35622,False,False,False,1,,,51201.0,stage1_n4__from__root__c04 > stage2_n5__from__n0004__c05 > stage3_n3__from__n0019__c01 > stage4_n3__from__n0062__c02 > stage5_n1__from__n0177__c01,[mms_issue]airplane_mode_on|bad_network_preference|bad_wifi_calling|break_apn_mms_setting|break_app_sms_permission|data_mode_off|data_usage_exceeded|user_abroad_roaming_disabled_on[PERSONA:None]
risky_ps_ix,PS,91,9,1,65,target_post_switch,target_favoring,True,neutral,repair_all,repair_all,FDDDD,FDDDD,"F/F,D/D,D/D,D/D,D/D","barrier_stage1_gate,general_stage2_roaming,general_stage3_network,general_stage4_verify,target_stage5_verify","private_barrier,general_shared,general_shared,general_shared,target_specialist",10000,1,1,1,0,0,4,5,1.0,deep,deep,agent_deep__task_deep,0.0,5.026475,0.07330000000000002,5.099774999999999,True,True,True,0,,,54596.0,stage1_n5__from__root__c05 > stage2_n4__from__n0005__c02 > stage3_n3__from__n0021__c01 > stage4_n3__from__n0068__c02 > stage5_n1__from__n0197__c01,[mms_issue]airplane_mode_on|bad_network_preference|bad_wifi_calling|break_apn_mms_setting|break_app_sms_permission|data_mode_off|unseat_sim_card|user_abroad_roaming_enabled_off[PERSONA:None]
risky_ps_ix,PS,92,9,2,11,target_post_switch,target_favoring,True,target_safe_majority_bad,repair_subset,transfer,DFDDD,FDDDD,"D/F,F/D,D/D,D/D,D/D","target_stage1_handoff,general_stage2_core,general_stage3_network,general_stage4_repair,target_stage5_decision","general_shared,general_shared,general_shared,general_shared,target_specialist",00000,1,1,0,1,1,3,3,0.6,deep,deep,agent_deep__task_deep,19.5,5.15272,0.0679,24.720620000000004,False,False,False,1,,,50657.0,stage1_n3__from__root__c03 > stage2_n2__from__n0003__c02 > stage3_n3__from__n0013__c02 > stage4_n2__from__n0044__c01 > stage5_n2__from__n0123__c02,[mms_issue]airplane_mode_on|bad_network_preference|bad_wifi_calling|break_apn_mms_setting|break_app_storage_permission|data_mode_off|data_usage_exceeded|unseat_sim_card|user_abroad_roaming_disabled_on[PERSONA:Easy]
risky_ps_ix,PS,93,9,3,17,target_post_switch,target_favoring,True,trap_like_bad,repair_subset,repair_subset,FFFFD,FDDDD,"F/F,F/D,F/D,F/D,D/D","trap_stage1_intake,general_stage2_core,trap_stage3_network,trap_stage4_execute,target_stage5_verify","trap_lane,general_shared,trap_lane,trap_lane,target_specialist",00000,4,1,1,3,0,1,2,0.4,fast,deep,agent_fast__task_deep,17.0,3.89425,0.0623,20.95655,False,False,False,1,,,31627.0,stage1_n4__from__root__c04 > stage2_n2__from__n0004__c02 > stage3_n4__from__n0016__c03 > stage4_n4__from__n0054__c03 > stage5_n1__from__n0150__c01,[mms_issue]airplane_mode_on|bad_network_preference|bad_wifi_calling|break_apn_mms_setting|break_app_storage_permission|data_mode_off|data_usage_exceeded|unseat_sim_card|user_abroad_roaming_enabled_off[PERSONA:Easy]
risky_ps_ix,PS,94,9,4,67,target_post_switch,target_favoring,False,target_safe_majority_bad,transfer,transfer,FDDDD,FDDDD,"F/F,D/D,D/D,D/D,D/D","general_stage1_intake,target_stage2_router,target_stage3_roaming,target_stage4_repair,target_stage5_decision","general_shared,target_specialist,target_specialist,target_specialist,target_specialist",00000,1,1,1,0,0,4,5,1.0,deep,deep,agent_deep__task_deep,1.0,5.287255,0.0758,6.363055,False,False,True,0,,,57307.0,stage1_n1__from__root__c01 > stage2_n1__from__n0001__c01 > stage3_n2__from__n0006__c02 > stage4_n1__from__n0024__c01 > stage5_n2__from__n0075__c02,[mms_issue]airplane_mode_on|break_apn_mms_setting|break_app_both_permissions|user_abroad_roaming_disabled_off[PERSONA:None]
risky_ps_ix,PS,95,9,5,35,target_post_switch,target_favoring,True,trap_like_bad,repair_subset,repair_subset,FFDDD,FDDDD,"F/F,F/D,D/D,D/D,D/D","trap_stage1_intake,trap_stage2_router,general_stage3_network,general_stage4_verify,target_stage5_decision","trap_lane,trap_lane,general_shared,general_shared,target_specialist",00000,2,1,1,1,0,3,4,0.8,deep,deep,agent_deep__task_deep,3.0,4.65138,0.0614,7.7127799999999995,False,False,False,1,,,48435.0,stage1_n4__from__root__c04 > stage2_n3__from__n0004__c03 > stage3_n3__from__n0017__c01 > stage4_n3__from__n0056__c02 > stage5_n2__from__n0157__c02,[mms_issue]airplane_mode_on|bad_network_preference|bad_wifi_calling|break_apn_mms_setting|break_app_both_permissions|data_mode_off|data_usage_exceeded|unseat_sim_card|user_abroad_roaming_disabled_on[PERSONA:Hard]
risky_ps_ix,PS,96,9,6,51,target_post_switch,target_favoring,True,trap_like_bad,repair_subset,repair_subset,FFDDD,FDDDD,"F/F,F/D,D/D,D/D,D/D","trap_stage1_intake,trap_stage2_router,general_stage3_network,general_stage4_repair,target_stage5_verify","trap_lane,trap_lane,general_shared,general_shared,target_specialist",00000,2,1,1,1,0,3,4,0.8,deep,deep,agent_deep__task_deep,13.0,5.292195,0.0637,18.355895,False,False,False,1,,,55746.0,stage1_n4__from__root__c04 > stage2_n3__from__n0004__c03 > stage3_n3__from__n0017__c01 > stage4_n2__from__n0056__c01 > stage5_n1__from__n0156__c01,[mms_issue]airplane_mode_on|bad_network_preference|bad_wifi_calling|break_apn_mms_setting|break_app_both_permissions|data_mode_off|data_usage_exceeded|unseat_sim_card|user_abroad_roaming_enabled_off[PERSONA:Hard]
risky_ps_ix,PS,97,9,7,45,target_post_switch,target_favoring,True,trap_like_bad,repair_all,repair_subset,FDDDD,FDDDD,"F/F,D/D,D/D,D/D,D/D","trap_stage1_intake,barrier_stage2_gate,barrier_stage3_gate,barrier_stage4_gate,barrier_stage5_transfer","trap_lane,private_barrier,private_barrier,private_barrier,private_barrier",01111,1,1,1,0,0,4,5,1.0,deep,deep,agent_deep__task_deep,11.0,5.56546,0.07940000000000001,16.64486,False,False,True,0,,,60529.0,stage1_n4__from__root__c04 > stage2_n5__from__n0004__c05 > stage3_n5__from__n0019__c03 > stage4_n5__from__n0064__c04 > stage5_n5__from__n0185__c03,[mms_issue]airplane_mode_on|bad_network_preference|bad_wifi_calling|break_apn_mms_setting|break_app_both_permissions|data_mode_off|unseat_sim_card|user_abroad_roaming_enabled_off[PERSONA:Hard]
risky_ps_ix,PS,98,9,8,40,target_post_switch,target_favoring,True,trap_like_bad,repair_subset,repair_subset,FFDFD,FDDDD,"F/F,F/D,D/D,F/D,D/D","trap_stage1_intake,trap_stage2_router,barrier_stage3_gate,trap_stage4_execute,general_stage5_verify","trap_lane,trap_lane,private_barrier,trap_lane,general_shared",00100,3,1,1,2,0,2,3,0.6,fast,deep,agent_fast__task_deep,5.0,4.73504,0.0594,9.79444,False,False,False,1,,,40725.0,stage1_n4__from__root__c04 > stage2_n3__from__n0004__c03 > stage3_n5__from__n0017__c03 > stage4_n4__from__n0058__c03 > stage5_n3__from__n0164__c02,[mms_issue]airplane_mode_on|bad_network_preference|bad_wifi_calling|break_apn_mms_setting|break_app_sms_permission|data_mode_off|data_usage_exceeded|unseat_sim_card|user_abroad_roaming_disabled_on[PERSONA:None]
risky_ps_ix,PS,99,9,9,46,target_post_switch,target_favoring,True,target_safe_specialist_good,repair_subset,repair_subset,FDDDD,FDDDD,"F/F,D/D,D/D,D/D,D/D","general_stage1_intake,target_stage2_router,target_stage3_roaming,target_stage4_repair,target_stage5_decision","general_shared,target_specialist,target_specialist,target_specialist,target_specialist",00000,1,1,1,0,0,4,5,1.0,deep,deep,agent_deep__task_deep,14.0,4.53237,0.0758,18.60817,False,False,False,1,,,48126.0,stage1_n1__from__root__c01 > stage2_n1__from__n0001__c01 > stage3_n2__from__n0006__c02 > stage4_n1__from__n0024__c01 > stage5_n2__from__n0075__c02,[mms_issue]airplane_mode_on|bad_network_preference|bad_wifi_calling|break_apn_mms_setting|break_app_sms_permission|data_mode_off|data_usage_exceeded|unseat_sim_card|user_abroad_roaming_enabled_off[PERSONA:None]
risky_ps_old,PS,0,0,0,19,trap_pre_switch,trap_favoring,False,trap_like_good,repair_all,repair_all,FFDDD,FFFFF,"F/F,F/F,D/F,D/F,D/F","trap_stage1_intake,general_stage2_core,general_stage3_network,general_stage4_verify,target_stage5_decision","trap_lane,general_shared,general_shared,general_shared,target_specialist",00000,2,5,2,0,3,0,2,0.4,deep,fast,agent_deep__task_fast,1.5,4.91976,0.06670000000000001,6.48646,False,False,True,0,,,41154.0,stage1_n4__from__root__c04 > stage2_n2__from__n0004__c02 > stage3_n3__from__n0016__c02 > stage4_n3__from__n0053__c02 > stage5_n2__from__n0147__c02,[mms_issue]airplane_mode_on|bad_network_preference|break_app_sms_permission[PERSONA:Hard]
risky_ps_old,PS,1,0,1,13,trap_pre_switch,trap_favoring,False,neutral,repair_all,repair_all,DFDDF,FFFFF,"D/F,F/F,D/F,D/F,F/F","target_stage1_handoff,general_stage2_core,barrier_stage3_gate,general_stage4_verify,trap_stage5_terminal","general_shared,general_shared,private_barrier,general_shared,trap_lane",00100,2,5,2,0,3,0,2,0.4,deep,fast,agent_deep__task_fast,0.0,4.216265,0.06530000000000001,4.281565,True,True,True,0,,,37079.0,stage1_n3__from__root__c03 > stage2_n2__from__n0003__c02 > stage3_n5__from__n0013__c04 > stage4_n3__from__n0046__c02 > stage5_n4__from__n0130__c04,[mms_issue]airplane_mode_on|bad_wifi_calling|break_app_sms_permission[PERSONA:None]
risky_ps_old,PS,2,0,2,7,trap_pre_switch,trap_favoring,False,neutral,repair_all,repair_all,FFDDD,FFFFF,"F/F,F/F,D/F,D/F,D/F","barrier_stage1_gate,trap_stage2_router,barrier_stage3_gate,general_stage4_verify,target_stage5_verify","private_barrier,trap_lane,private_barrier,general_shared,target_specialist",10100,2,5,2,0,3,0,2,0.4,deep,fast,agent_deep__task_fast,0.0,3.983085,0.07500000000000001,4.058085,True,True,True,0,,,33279.0,stage1_n5__from__root__c05 > stage2_n3__from__n0005__c01 > stage3_n5__from__n0020__c03 > stage4_n3__from__n0067__c02 > stage5_n1__from__n0193__c01,[mms_issue]airplane_mode_on|bad_wifi_calling|break_app_storage_permission[PERSONA:Easy]
risky_ps_old,PS,3,0,3,25,trap_pre_switch,trap_favoring,False,neutral,repair_subset,repair_subset,DFDDD,FFFFF,"D/F,F/F,D/F,D/F,D/F","target_stage1_handoff,trap_stage2_router,barrier_stage3_gate,barrier_stage4_gate,target_stage5_decision","general_shared,trap_lane,private_barrier,private_barrier,target_specialist",00110,1,5,1,0,4,0,1,0.2,deep,fast,agent_deep__task_fast,4.0,4.88076,0.0758,8.95656,False,False,False,1,,,40542.0,stage1_n3__from__root__c03 > stage2_n3__from__n0003__c03 > stage3_n5__from__n0014__c03 > stage4_n5__from__n0049__c04 > stage5_n2__from__n0142__c01,[mms_issue]airplane_mode_on|break_app_both_permissions|data_usage_exceeded[PERSONA:Hard]
risky_ps_old,PS,4,0,4,36,trap_pre_switch,trap_favoring,False,neutral,repair_all,repair_all,DFFDD,FFFFF,"D/F,F/F,F/F,D/F,D/F","general_stage1_verify,trap_stage2_router,trap_stage3_network,general_stage4_repair,target_stage5_verify","general_shared,trap_lane,trap_lane,general_shared,target_specialist",00000,2,5,2,0,3,0,2,0.4,deep,fast,agent_deep__task_fast,1.5,4.9569,0.06420000000000001,6.521100000000001,False,False,True,0,,,42804.0,stage1_n2__from__root__c02 > stage2_n3__from__n0002__c03 > stage3_n4__from__n0011__c02 > stage4_n2__from__n0039__c01 > stage5_n1__from__n0112__c01,[mms_issue]airplane_mode_on|break_app_storage_permission[PERSONA:Easy]
risky_ps_old,PS,5,0,5,18,trap_pre_switch,trap_favoring,False,trap_safe_overcautious,repair_all,repair_all,FDDDD,FFFFF,"F/F,D/F,D/F,D/F,D/F","general_stage1_intake,target_stage2_router,target_stage3_roaming,target_stage4_repair,target_stage5_verify","general_shared,target_specialist,target_specialist,target_specialist,target_specialist",00000,1,5,1,0,4,0,1,0.2,deep,fast,agent_deep__task_fast,1.5,4.393845,0.0752,5.9690449999999995,False,False,True,0,,,36093.0,stage1_n1__from__root__c01 > stage2_n1__from__n0001__c01 > stage3_n2__from__n0006__c02 > stage4_n1__from__n0024__c01 > stage5_n1__from__n0075__c01,[mms_issue]bad_network_preference[PERSONA:None]
risky_ps_old,PS,6,0,6,24,trap_pre_switch,trap_favoring,False,neutral,repair_all,repair_all,DFDFF,FFFFF,"D/F,F/F,D/F,F/F,F/F","general_stage1_verify,trap_stage2_router,barrier_stage3_gate,trap_stage4_execute,trap_stage5_terminal","general_shared,trap_lane,private_barrier,trap_lane,trap_lane",00100,3,5,3,0,2,0,3,0.6,fast,fast,agent_fast__task_fast,1.5,3.79421,0.0632,5.35741,False,False,True,0,,,36797.0,stage1_n2__from__root__c02 > stage2_n3__from__n0002__c03 > stage3_n5__from__n0011__c03 > stage4_n4__from__n0040__c03 > stage5_n4__from__n0118__c03,[mms_issue]bad_network_preference|break_app_storage_permission[PERSONA:None]
risky_ps_old,PS,7,0,7,23,trap_pre_switch,trap_favoring,False,trap_like_good,repair_all,repair_all,FFFDD,FFFFF,"F/F,F/F,F/F,D/F,D/F","trap_stage1_intake,trap_stage2_router,trap_stage3_network,general_stage4_verify,target_stage5_verify","trap_lane,trap_lane,trap_lane,general_shared,target_specialist",00000,3,5,3,0,2,0,3,0.6,fast,fast,agent_fast__task_fast,0.0,7.6482,0.0601,7.7083,True,True,True,0,,,67212.0,stage1_n4__from__root__c04 > stage2_n3__from__n0004__c03 > stage3_n4__from__n0017__c02 > stage4_n3__from__n0057__c02 > stage5_n1__from__n0159__c01,[mms_issue]bad_wifi_calling[PERSONA:Easy]
risky_ps_old,PS,8,0,8,61,trap_pre_switch,trap_favoring,False,trap_like_good,repair_all,repair_all,FDDDD,FFFFF,"F/F,D/F,D/F,D/F,D/F","trap_stage1_intake,general_stage2_roaming,barrier_stage3_gate,barrier_stage4_gate,barrier_stage5_transfer","trap_lane,general_shared,private_barrier,private_barrier,private_barrier",00111,1,5,1,0,4,0,1,0.2,deep,fast,agent_deep__task_fast,0.0,4.966185,0.0726,5.038785000000001,True,True,True,0,,,40596.0,stage1_n4__from__root__c04 > stage2_n4__from__n0004__c04 > stage3_n5__from__n0018__c03 > stage4_n5__from__n0061__c04 > stage5_n5__from__n0175__c03,[mms_issue]bad_wifi_calling|break_app_storage_permission[PERSONA:Easy]
risky_ps_old,PS,9,0,9,0,trap_pre_switch,trap_favoring,False,neutral,repair_all,repair_all,DFFDD,FFFFF,"D/F,F/F,F/F,D/F,D/F","target_stage1_handoff,general_stage2_core,trap_stage3_network,barrier_stage4_gate,barrier_stage5_transfer","general_shared,general_shared,trap_lane,private_barrier,private_barrier",00011,2,5,2,0,3,0,2,0.4,deep,fast,agent_deep__task_fast,1.5,9.485305,0.0731,11.058405,False,False,True,0,,,81523.0,stage1_n3__from__root__c03 > stage2_n2__from__n0003__c02 > stage3_n4__from__n0013__c03 > stage4_n5__from__n0045__c04 > stage5_n5__from__n0128__c03,[mms_issue]break_app_both_permissions[PERSONA:Hard]
risky_ps_old,PS,10,1,0,19,trap_pre_switch,trap_favoring,False,neutral,repair_all,repair_all,DFDDD,FFFFF,"D/F,F/F,D/F,D/F,D/F","general_stage1_verify,trap_stage2_router,general_stage3_network,general_stage4_repair,target_stage5_decision","general_shared,trap_lane,general_shared,general_shared,target_specialist",00000,1,5,1,0,4,0,1,0.2,deep,fast,agent_deep__task_fast,1.5,5.50803,0.0669,7.07493,False,False,True,0,,,45276.0,stage1_n2__from__root__c02 > stage2_n3__from__n0002__c03 > stage3_n3__from__n0011__c01 > stage4_n2__from__n0038__c01 > stage5_n2__from__n0110__c02,[mms_issue]airplane_mode_on|bad_network_preference|break_app_sms_permission[PERSONA:Hard]
risky_ps_old,PS,11,1,1,13,trap_pre_switch,trap_favoring,False,trap_like_good,repair_all,repair_all,FDDDD,FFFFF,"F/F,D/F,D/F,D/F,D/F","trap_stage1_intake,target_stage2_router,target_stage3_roaming,target_stage4_repair,target_stage5_verify","trap_lane,target_specialist,target_specialist,target_specialist,target_specialist",00000,1,5,1,0,4,0,1,0.2,deep,fast,agent_deep__task_fast,0.0,4.64475,0.0741,4.71885,True,True,True,0,,,37881.0,stage1_n4__from__root__c04 > stage2_n1__from__n0004__c01 > stage3_n2__from__n0015__c02 > stage4_n1__from__n0051__c01 > stage5_n1__from__n0144__c01,[mms_issue]airplane_mode_on|bad_wifi_calling|break_app_sms_permission[PERSONA:None]
risky_ps_old,PS,12,1,2,7,trap_pre_switch,trap_favoring,False,trap_safe_overcautious,repair_all,repair_all,DDDDD,FFFFF,"D/F,D/F,D/F,D/F,D/F","general_stage1_verify,target_stage2_router,target_stage3_apn,target_stage4_repair,target_stage5_verify","general_shared,target_specialist,target_specialist,target_specialist,target_specialist",00000,0,5,0,0,5,0,0,0.0,deep,fast,agent_deep__task_fast,0.0,5.2693,0.07600000000000001,5.3453,True,True,True,0,,,42091.0,stage1_n2__from__root__c02 > stage2_n1__from__n0002__c01 > stage3_n1__from__n0009__c01 > stage4_n1__from__n0032__c01 > stage5_n1__from__n0097__c01,[mms_issue]airplane_mode_on|bad_wifi_calling|break_app_storage_permission[PERSONA:Easy]
risky_ps_old,PS,13,1,3,25,trap_pre_switch,trap_favoring,False,neutral,repair_subset,repair_subset,FDFFD,FFFFF,"F/F,D/F,F/F,F/F,D/F","barrier_stage1_gate,barrier_stage2_gate,trap_stage3_network,trap_stage4_execute,general_stage5_verify","private_barrier,private_barrier,trap_lane,trap_lane,general_shared",11000,3,5,3,0,2,0,3,0.6,fast,fast,agent_fast__task_fast,6.0,3.83781,0.06830000000000001,9.90611,False,False,False,1,,,35490.0,stage1_n5__from__root__c05 > stage2_n5__from__n0005__c03 > stage3_n4__from__n0022__c02 > stage4_n4__from__n0072__c03 > stage5_n3__from__n0210__c02,[mms_issue]airplane_mode_on|break_app_both_permissions|data_usage_exceeded[PERSONA:Hard]
risky_ps_old,PS,14,1,4,36,trap_pre_switch,trap_favoring,False,neutral,repair_all,repair_all,FFDDD,FFFFF,"F/F,F/F,D/F,D/F,D/F","general_stage1_intake,trap_stage2_router,general_stage3_network,general_stage4_repair,target_stage5_decision","general_shared,trap_lane,general_shared,general_shared,target_specialist",00000,2,5,2,0,3,0,2,0.4,deep,fast,agent_deep__task_fast,1.5,3.957235,0.0661,5.523334999999999,False,False,True,0,,,33184.0,stage1_n1__from__root__c01 > stage2_n3__from__n0001__c03 > stage3_n3__from__n0008__c01 > stage4_n2__from__n0029__c01 > stage5_n2__from__n0087__c02,[mms_issue]airplane_mode_on|break_app_storage_permission[PERSONA:Easy]
risky_ps_old,PS,15,1,5,18,trap_pre_switch,trap_favoring,False,trap_safe_overcautious,repair_all,repair_all,FDDDD,FFFFF,"F/F,D/F,D/F,D/F,D/F","general_stage1_intake,target_stage2_router,target_stage3_apn,target_stage4_repair,target_stage5_decision","general_shared,target_specialist,target_specialist,target_specialist,target_specialist",00000,1,5,1,0,4,0,1,0.2,deep,fast,agent_deep__task_fast,1.5,4.119685,0.07900000000000001,5.698684999999999,False,False,True,0,,,33766.0,stage1_n1__from__root__c01 > stage2_n1__from__n0001__c01 > stage3_n1__from__n0006__c01 > stage4_n1__from__n0023__c01 > stage5_n2__from__n0074__c02,[mms_issue]bad_network_preference[PERSONA:None]
risky_ps_old,PS,16,1,6,24,trap_pre_switch,trap_favoring,False,trap_safe_overcautious,repair_all,repair_all,FDDDD,FFFFF,"F/F,D/F,D/F,D/F,D/F","general_stage1_intake,target_stage2_router,target_stage3_apn,target_stage4_repair,target_stage5_verify","general_shared,target_specialist,target_specialist,target_specialist,target_specialist",00000,1,5,1,0,4,0,1,0.2,deep,fast,agent_deep__task_fast,1.5,4.34674,0.07750000000000001,5.924239999999999,False,False,True,0,,,35548.0,stage1_n1__from__root__c01 > stage2_n1__from__n0001__c01 > stage3_n1__from__n0006__c01 > stage4_n1__from__n0023__c01 > stage5_n1__from__n0074__c01,[mms_issue]bad_network_preference|break_app_storage_permission[PERSONA:None]
risky_ps_old,PS,17,1,7,23,trap_pre_switch,trap_favoring,False,neutral,repair_all,repair_all,FDDDD,FFFFF,"F/F,D/F,D/F,D/F,D/F","barrier_stage1_gate,barrier_stage2_gate,barrier_stage3_gate,general_stage4_repair,target_stage5_decision","private_barrier,private_barrier,private_barrier,general_shared,target_specialist",11100,1,5,1,0,4,0,1,0.2,deep,fast,agent_deep__task_fast,0.0,7.65116,0.0795,7.73066,True,True,True,0,,,64709.0,stage1_n5__from__root__c05 > stage2_n5__from__n0005__c03 > stage3_n5__from__n0022__c03 > stage4_n2__from__n0073__c01 > stage5_n2__from__n0212__c02,[mms_issue]bad_wifi_calling[PERSONA:Easy]
risky_ps_old,PS,18,1,8,61,trap_pre_switch,trap_favoring,False,trap_safe_overcautious,repair_all,repair_all,DFDDD,FFFFF,"D/F,F/F,D/F,D/F,D/F","general_stage1_verify,general_stage2_core,target_stage3_roaming,target_stage4_repair,target_stage5_verify","general_shared,general_shared,target_specialist,target_specialist,target_specialist",00000,1,5,1,0,4,0,1,0.2,deep,fast,agent_deep__task_fast,0.0,4.843285,0.0721,4.915385,True,True,True,0,,,39997.0,stage1_n2__from__root__c02 > stage2_n2__from__n0002__c02 > stage3_n2__from__n0010__c01 > stage4_n1__from__n0034__c01 > stage5_n1__from__n0099__c01,[mms_issue]bad_wifi_calling|break_app_storage_permission[PERSONA:Easy]
risky_ps_old,PS,19,1,9,0,trap_pre_switch,trap_favoring,False,trap_safe_overcautious,repair_all,repair_all,DDDDD,FFFFF,"D/F,D/F,D/F,D/F,D/F","target_stage1_handoff,target_stage2_router,target_stage3_roaming,target_stage4_repair,target_stage5_decision","general_shared,target_specialist,target_specialist,target_specialist,target_specialist",00000,0,5,0,0,5,0,0,0.0,deep,fast,agent_deep__task_fast,1.5,5.728725,0.07600000000000001,7.3047249999999995,False,False,True,0,,,46509.0,stage1_n3__from__root__c03 > stage2_n1__from__n0003__c01 > stage3_n2__from__n0012__c02 > stage4_n1__from__n0042__c01 > stage5_n2__from__n0121__c02,[mms_issue]break_app_both_permissions[PERSONA:Hard]
risky_ps_old,PS,20,2,0,19,trap_pre_switch,trap_favoring,False,neutral,repair_all,repair_all,FFDDD,FFFFF,"F/F,F/F,D/F,D/F,D/F","barrier_stage1_gate,trap_stage2_router,general_stage3_network,general_stage4_verify,target_stage5_decision","private_barrier,trap_lane,general_shared,general_shared,target_specialist",10000,2,5,2,0,3,0,2,0.4,deep,fast,agent_deep__task_fast,1.5,4.88526,0.0725,6.4577599999999995,False,False,True,0,,,41079.0,stage1_n5__from__root__c05 > stage2_n3__from__n0005__c01 > stage3_n3__from__n0020__c01 > stage4_n3__from__n0065__c02 > stage5_n2__from__n0187__c02,[mms_issue]airplane_mode_on|bad_network_preference|break_app_sms_permission[PERSONA:Hard]
risky_ps_old,PS,21,2,1,13,trap_pre_switch,trap_favoring,False,neutral,repair_all,repair_all,DFDDD,FFFFF,"D/F,F/F,D/F,D/F,D/F","general_stage1_verify,general_stage2_core,barrier_stage3_gate,general_stage4_verify,general_stage5_verify","general_shared,general_shared,private_barrier,general_shared,general_shared",00100,1,5,1,0,4,0,1,0.2,deep,fast,agent_deep__task_fast,0.0,4.564055,0.06720000000000001,4.6312549999999995,True,True,True,0,,,37376.0,stage1_n2__from__root__c02 > stage2_n2__from__n0002__c02 > stage3_n5__from__n0010__c04 > stage4_n3__from__n0037__c02 > stage5_n3__from__n0107__c03,[mms_issue]airplane_mode_on|bad_wifi_calling|break_app_sms_permission[PERSONA:None]
risky_ps_old,PS,22,2,2,7,trap_pre_switch,trap_favoring,False,neutral,repair_all,repair_all,FFDDD,FFFFF,"F/F,F/F,D/F,D/F,D/F","general_stage1_intake,general_stage2_core,general_stage3_network,general_stage4_verify,general_stage5_verify","general_shared,general_shared,general_shared,general_shared,general_shared",00000,2,5,2,0,3,0,2,0.4,deep,fast,agent_deep__task_fast,0.0,3.944445,0.0671,4.011545,True,True,True,0,,,33195.0,stage1_n1__from__root__c01 > stage2_n2__from__n0001__c02 > stage3_n3__from__n0007__c02 > stage4_n3__from__n0026__c02 > stage5_n3__from__n0078__c03,[mms_issue]airplane_mode_on|bad_wifi_calling|break_app_storage_permission[PERSONA:Easy]
risky_ps_old,PS,23,2,3,25,trap_pre_switch,trap_favoring,False,trap_safe_overcautious,repair_subset,repair_subset,DDDDD,FFFFF,"D/F,D/F,D/F,D/F,D/F","target_stage1_handoff,target_stage2_router,target_stage3_roaming,target_stage4_repair,target_stage5_verify","general_shared,target_specialist,target_specialist,target_specialist,target_specialist",00000,0,5,0,0,5,0,0,0.0,deep,fast,agent_deep__task_fast,6.0,5.016185,0.07750000000000001,11.093685,False,False,False,1,,,40034.0,stage1_n3__from__root__c03 > stage2_n1__from__n0003__c01 > stage3_n2__from__n0012__c02 > stage4_n1__from__n0042__c01 > stage5_n1__from__n0121__c01,[mms_issue]airplane_mode_on|break_app_both_permissions|data_usage_exceeded[PERSONA:Hard]
risky_ps_old,PS,24,2,4,36,trap_pre_switch,trap_favoring,False,neutral,repair_all,repair_all,FFDDD,FFFFF,"F/F,F/F,D/F,D/F,D/F","general_stage1_intake,general_stage2_core,barrier_stage3_gate,general_stage4_verify,target_stage5_decision","general_shared,general_shared,private_barrier,general_shared,target_specialist",00100,2,5,2,0,3,0,2,0.4,deep,fast,agent_deep__task_fast,1.5,4.615265,0.0718,6.1870650000000005,False,False,True,0,,,38954.0,stage1_n1__from__root__c01 > stage2_n2__from__n0001__c02 > stage3_n5__from__n0007__c04 > stage4_n3__from__n0028__c02 > stage5_n2__from__n0084__c02,[mms_issue]airplane_mode_on|break_app_storage_permission[PERSONA:Easy]
risky_ps_old,PS,25,2,5,35,target_post_switch,target_favoring,True,neutral,repair_subset,transfer,FDDDD,FDDDD,"F/F,D/D,D/D,D/D,D/D","barrier_stage1_gate,general_stage2_roaming,barrier_stage3_gate,general_stage4_repair,target_stage5_decision","private_barrier,general_shared,private_barrier,general_shared,target_specialist",10100,1,1,1,0,0,4,5,1.0,deep,deep,agent_deep__task_deep,18.5,5.025965,0.0742,23.600165,False,False,False,1,,,53555.0,stage1_n5__from__root__c05 > stage2_n4__from__n0005__c02 > stage3_n5__from__n0021__c03 > stage4_n2__from__n0070__c01 > stage5_n2__from__n0202__c02,[mms_issue]airplane_mode_on|bad_network_preference|bad_wifi_calling|break_apn_mms_setting|break_app_both_permissions|data_mode_off|data_usage_exceeded|unseat_sim_card|user_abroad_roaming_disabled_on[PERSONA:Hard]
risky_ps_old,PS,26,2,6,51,target_post_switch,target_favoring,True,target_safe_specialist_good,repair_subset,transfer,DDDDD,FDDDD,"D/F,D/D,D/D,D/D,D/D","general_stage1_verify,target_stage2_router,target_stage3_apn,target_stage4_repair,target_stage5_verify","general_shared,target_specialist,target_specialist,target_specialist,target_specialist",00000,0,1,0,0,1,4,4,0.8,deep,deep,agent_deep__task_deep,20.5,5.626975,0.07600000000000001,26.202975000000002,False,False,False,1,,,57670.0,stage1_n2__from__root__c02 > stage2_n1__from__n0002__c01 > stage3_n1__from__n0009__c01 > stage4_n1__from__n0032__c01 > stage5_n1__from__n0097__c01,[mms_issue]airplane_mode_on|bad_network_preference|bad_wifi_calling|break_apn_mms_setting|break_app_both_permissions|data_mode_off|data_usage_exceeded|unseat_sim_card|user_abroad_roaming_enabled_off[PERSONA:Hard]
risky_ps_old,PS,27,2,7,45,target_post_switch,target_favoring,True,trap_like_bad,repair_all,repair_subset,FDDDD,FDDDD,"F/F,D/D,D/D,D/D,D/D","trap_stage1_intake,target_stage2_router,target_stage3_apn,target_stage4_repair,target_stage5_verify","trap_lane,target_specialist,target_specialist,target_specialist,target_specialist",00000,1,1,1,0,0,4,5,1.0,deep,deep,agent_deep__task_deep,11.0,5.43966,0.0735,16.51316,False,False,True,0,,,60159.0,stage1_n4__from__root__c04 > stage2_n1__from__n0004__c01 > stage3_n1__from__n0015__c01 > stage4_n1__from__n0050__c01 > stage5_n1__from__n0143__c01,[mms_issue]airplane_mode_on|bad_network_preference|bad_wifi_calling|break_apn_mms_setting|break_app_both_permissions|data_mode_off|unseat_sim_card|user_abroad_roaming_enabled_off[PERSONA:Hard]
risky_ps_old,PS,28,2,8,40,target_post_switch,target_favoring,True,target_safe_specialist_good,repair_subset,transfer,FFDDD,FDDDD,"F/F,F/D,D/D,D/D,D/D","general_stage1_intake,general_stage2_core,target_stage3_roaming,target_stage4_repair,target_stage5_decision","general_shared,general_shared,target_specialist,target_specialist,target_specialist",00000,2,1,1,1,0,3,4,0.8,deep,deep,agent_deep__task_deep,19.5,4.550285,0.0736,24.123884999999998,False,False,False,1,,,46441.0,stage1_n1__from__root__c01 > stage2_n2__from__n0001__c02 > stage3_n2__from__n0007__c01 > stage4_n1__from__n0025__c01 > stage5_n2__from__n0076__c02,[mms_issue]airplane_mode_on|bad_network_preference|bad_wifi_calling|break_apn_mms_setting|break_app_sms_permission|data_mode_off|data_usage_exceeded|unseat_sim_card|user_abroad_roaming_disabled_on[PERSONA:None]
risky_ps_old,PS,29,2,9,46,target_post_switch,target_favoring,True,neutral,repair_subset,transfer,FFDDD,FDDDD,"F/F,F/D,D/D,D/D,D/D","general_stage1_intake,trap_stage2_router,barrier_stage3_gate,general_stage4_repair,target_stage5_verify","general_shared,trap_lane,private_barrier,general_shared,target_specialist",00100,2,1,1,1,0,3,4,0.8,deep,deep,agent_deep__task_deep,21.5,4.4975,0.071,26.0685,False,False,False,1,,,46231.0,stage1_n1__from__root__c01 > stage2_n3__from__n0001__c03 > stage3_n5__from__n0008__c03 > stage4_n2__from__n0031__c01 > stage5_n1__from__n0093__c01,[mms_issue]airplane_mode_on|bad_network_preference|bad_wifi_calling|break_apn_mms_setting|break_app_sms_permission|data_mode_off|data_usage_exceeded|unseat_sim_card|user_abroad_roaming_enabled_off[PERSONA:None]
risky_ps_old,PS,30,3,0,16,target_post_switch,target_favoring,True,trap_like_bad,repair_subset,repair_subset,FDDDD,FDDDD,"F/F,D/D,D/D,D/D,D/D","trap_stage1_intake,barrier_stage2_gate,general_stage3_network,general_stage4_verify,general_stage5_verify","trap_lane,private_barrier,general_shared,general_shared,general_shared",01000,1,1,1,0,0,4,5,1.0,deep,deep,agent_deep__task_deep,8.0,4.84024,0.0675,12.90774,False,False,False,1,,,52435.0,stage1_n4__from__root__c04 > stage2_n5__from__n0004__c05 > stage3_n3__from__n0019__c01 > stage4_n3__from__n0062__c02 > stage5_n3__from__n0177__c03,[mms_issue]airplane_mode_on|bad_network_preference|bad_wifi_calling|break_apn_mms_setting|break_app_sms_permission|data_mode_off|data_usage_exceeded|user_abroad_roaming_disabled_on[PERSONA:None]
risky_ps_old,PS,31,3,1,65,target_post_switch,target_favoring,True,neutral,repair_all,repair_subset,FDFFD,FDDDD,"F/F,D/D,F/D,F/D,D/D","barrier_stage1_gate,general_stage2_roaming,trap_stage3_network,trap_stage4_execute,target_stage5_verify","private_barrier,general_shared,trap_lane,trap_lane,target_specialist",10000,3,1,1,2,0,2,3,0.6,fast,deep,agent_fast__task_deep,5.0,5.139375,0.0659,10.205275,False,False,False,1,,,43214.0,stage1_n5__from__root__c05 > stage2_n4__from__n0005__c02 > stage3_n4__from__n0021__c02 > stage4_n4__from__n0069__c03 > stage5_n1__from__n0200__c01,[mms_issue]airplane_mode_on|bad_network_preference|bad_wifi_calling|break_apn_mms_setting|break_app_sms_permission|data_mode_off|unseat_sim_card|user_abroad_roaming_enabled_off[PERSONA:None]
risky_ps_old,PS,32,3,2,11,target_post_switch,target_favoring,True,neutral,repair_subset,transfer,FFDDD,FDDDD,"F/F,F/D,D/D,D/D,D/D","barrier_stage1_gate,trap_stage2_router,general_stage3_network,general_stage4_repair,target_stage5_decision","private_barrier,trap_lane,general_shared,general_shared,target_specialist",10000,2,1,1,1,0,3,4,0.8,deep,deep,agent_deep__task_deep,19.5,4.506355,0.0711,24.077455,False,False,False,1,,,46292.0,stage1_n5__from__root__c05 > stage2_n3__from__n0005__c01 > stage3_n3__from__n0020__c01 > stage4_n2__from__n0065__c01 > stage5_n2__from__n0186__c02,[mms_issue]airplane_mode_on|bad_network_preference|bad_wifi_calling|break_apn_mms_setting|break_app_storage_permission|data_mode_off|data_usage_exceeded|unseat_sim_card|user_abroad_roaming_disabled_on[PERSONA:Easy]
risky_ps_old,PS,33,3,3,17,target_post_switch,target_favoring,True,target_safe_specialist_good,repair_subset,repair_subset,DFDDD,FDDDD,"D/F,F/D,D/D,D/D,D/D","target_stage1_handoff,general_stage2_core,target_stage3_roaming,target_stage4_repair,target_stage5_verify","general_shared,general_shared,target_specialist,target_specialist,target_specialist",00000,1,1,0,1,1,3,3,0.6,deep,deep,agent_deep__task_deep,15.0,5.375165,0.0741,20.449265,False,False,False,1,,,54084.0,stage1_n3__from__root__c03 > stage2_n2__from__n0003__c02 > stage3_n2__from__n0013__c01 > stage4_n1__from__n0043__c01 > stage5_n1__from__n0122__c01,[mms_issue]airplane_mode_on|bad_network_preference|bad_wifi_calling|break_apn_mms_setting|break_app_storage_permission|data_mode_off|data_usage_exceeded|unseat_sim_card|user_abroad_roaming_enabled_off[PERSONA:Easy]
risky_ps_old,PS,34,3,4,67,target_post_switch,target_favoring,False,target_safe_majority_bad,transfer,transfer,FFDDD,FDDDD,"F/F,F/D,D/D,D/D,D/D","general_stage1_intake,general_stage2_core,general_stage3_network,general_stage4_verify,target_stage5_decision","general_shared,general_shared,general_shared,general_shared,target_specialist",00000,2,1,1,1,0,3,4,0.8,deep,deep,agent_deep__task_deep,3.0,4.948505,0.0685,8.017005000000001,False,False,False,1,,,51846.0,stage1_n1__from__root__c01 > stage2_n2__from__n0001__c02 > stage3_n3__from__n0007__c02 > stage4_n3__from__n0026__c02 > stage5_n2__from__n0078__c02,[mms_issue]airplane_mode_on|break_apn_mms_setting|break_app_both_permissions|user_abroad_roaming_disabled_off[PERSONA:None]
risky_ps_old,PS,35,3,5,35,target_post_switch,target_favoring,True,neutral,repair_subset,transfer,FDDDD,FDDDD,"F/F,D/D,D/D,D/D,D/D","barrier_stage1_gate,general_stage2_roaming,general_stage3_network,general_stage4_repair,target_stage5_decision","private_barrier,general_shared,general_shared,general_shared,target_specialist",10000,1,1,1,0,0,4,5,1.0,deep,deep,agent_deep__task_deep,18.5,5.026645,0.07410000000000001,23.600745000000003,False,False,False,1,,,53557.0,stage1_n5__from__root__c05 > stage2_n4__from__n0005__c02 > stage3_n3__from__n0021__c01 > stage4_n2__from__n0068__c01 > stage5_n2__from__n0196__c02,[mms_issue]airplane_mode_on|bad_network_preference|bad_wifi_calling|break_apn_mms_setting|break_app_both_permissions|data_mode_off|data_usage_exceeded|unseat_sim_card|user_abroad_roaming_disabled_on[PERSONA:Hard]
risky_ps_old,PS,36,3,6,51,target_post_switch,target_favoring,True,neutral,repair_subset,repair_subset,FDDDD,FDDDD,"F/F,D/D,D/D,D/D,D/D","barrier_stage1_gate,barrier_stage2_gate,general_stage3_network,general_stage4_repair,target_stage5_verify","private_barrier,private_barrier,general_shared,general_shared,target_specialist",11000,1,1,1,0,0,4,5,1.0,deep,deep,agent_deep__task_deep,2.0,4.57844,0.0786,6.657039999999999,True,True,False,1,,,48656.0,stage1_n5__from__root__c05 > stage2_n5__from__n0005__c03 > stage3_n3__from__n0022__c01 > stage4_n2__from__n0071__c01 > stage5_n1__from__n0206__c01,[mms_issue]airplane_mode_on|bad_network_preference|bad_wifi_calling|break_apn_mms_setting|break_app_both_permissions|data_mode_off|data_usage_exceeded|unseat_sim_card|user_abroad_roaming_enabled_off[PERSONA:Hard]
risky_ps_old,PS,37,3,7,45,target_post_switch,target_favoring,True,neutral,repair_all,repair_subset,FFFFD,FDDDD,"F/F,F/D,F/D,F/D,D/D","general_stage1_intake,general_stage2_core,trap_stage3_network,trap_stage4_execute,general_stage5_verify","general_shared,general_shared,trap_lane,trap_lane,general_shared",00000,4,1,1,3,0,1,2,0.4,fast,deep,agent_fast__task_deep,9.0,5.41994,0.0623,14.482240000000001,False,False,False,1,,,45891.0,stage1_n1__from__root__c01 > stage2_n2__from__n0001__c02 > stage3_n4__from__n0007__c03 > stage4_n4__from__n0027__c03 > stage5_n3__from__n0081__c02,[mms_issue]airplane_mode_on|bad_network_preference|bad_wifi_calling|break_apn_mms_setting|break_app_both_permissions|data_mode_off|unseat_sim_card|user_abroad_roaming_enabled_off[PERSONA:Hard]
risky_ps_old,PS,38,3,8,40,target_post_switch,target_favoring,True,neutral,repair_subset,repair_all,FDDDD,FDDDD,"F/F,D/D,D/D,D/D,D/D","barrier_stage1_gate,barrier_stage2_gate,general_stage3_network,general_stage4_repair,target_stage5_decision","private_barrier,private_barrier,general_shared,general_shared,target_specialist",11000,1,1,1,0,0,4,5,1.0,deep,deep,agent_deep__task_deep,6.0,6.51168,0.0777,12.58938,False,False,True,0,,,70794.0,stage1_n5__from__root__c05 > stage2_n5__from__n0005__c03 > stage3_n3__from__n0022__c01 > stage4_n2__from__n0071__c01 > stage5_n2__from__n0206__c02,[mms_issue]airplane_mode_on|bad_network_preference|bad_wifi_calling|break_apn_mms_setting|break_app_sms_permission|data_mode_off|data_usage_exceeded|unseat_sim_card|user_abroad_roaming_disabled_on[PERSONA:None]
risky_ps_old,PS,39,3,9,46,target_post_switch,target_favoring,True,trap_like_bad,repair_subset,repair_subset,FDFDD,FDDDD,"F/F,D/D,F/D,D/D,D/D","trap_stage1_intake,barrier_stage2_gate,trap_stage3_network,general_stage4_repair,target_stage5_decision","trap_lane,private_barrier,trap_lane,general_shared,target_specialist",01000,2,1,1,1,0,3,4,0.8,deep,deep,agent_deep__task_deep,14.0,5.58155,0.0675,19.649050000000003,False,False,False,1,,,56772.0,stage1_n4__from__root__c04 > stage2_n5__from__n0004__c05 > stage3_n4__from__n0019__c02 > stage4_n2__from__n0063__c01 > stage5_n2__from__n0178__c02,[mms_issue]airplane_mode_on|bad_network_preference|bad_wifi_calling|break_apn_mms_setting|break_app_sms_permission|data_mode_off|data_usage_exceeded|unseat_sim_card|user_abroad_roaming_enabled_off[PERSONA:None]
risky_ps_old,PS,40,4,0,16,target_post_switch,target_favoring,True,neutral,repair_subset,repair_subset,DFDDF,FDDDD,"D/F,F/D,D/D,D/D,F/D","general_stage1_verify,general_stage2_core,general_stage3_network,general_stage4_verify,trap_stage5_terminal","general_shared,general_shared,general_shared,general_shared,trap_lane",00000,2,1,0,2,1,2,2,0.4,deep,deep,agent_deep__task_deep,3.0,4.97284,0.06420000000000001,8.03704,False,False,False,1,,,43677.0,stage1_n2__from__root__c02 > stage2_n2__from__n0002__c02 > stage3_n3__from__n0010__c02 > stage4_n3__from__n0035__c02 > stage5_n4__from__n0101__c04,[mms_issue]airplane_mode_on|bad_network_preference|bad_wifi_calling|break_apn_mms_setting|break_app_sms_permission|data_mode_off|data_usage_exceeded|user_abroad_roaming_disabled_on[PERSONA:None]
risky_ps_old,PS,41,4,1,65,target_post_switch,target_favoring,True,neutral,repair_all,repair_all,DFFDD,FDDDD,"D/F,F/D,F/D,D/D,D/D","target_stage1_handoff,trap_stage2_router,trap_stage3_network,general_stage4_verify,target_stage5_decision","general_shared,trap_lane,trap_lane,general_shared,target_specialist",00000,2,1,0,2,1,2,2,0.4,deep,deep,agent_deep__task_deep,0.0,5.046925,0.0645,5.111425,True,True,True,0,,,45884.0,stage1_n3__from__root__c03 > stage2_n3__from__n0003__c03 > stage3_n4__from__n0014__c02 > stage4_n3__from__n0048__c02 > stage5_n2__from__n0136__c02,[mms_issue]airplane_mode_on|bad_network_preference|bad_wifi_calling|break_apn_mms_setting|break_app_sms_permission|data_mode_off|unseat_sim_card|user_abroad_roaming_enabled_off[PERSONA:None]
risky_ps_old,PS,42,4,2,11,target_post_switch,target_favoring,True,target_decoy_medium,repair_subset,transfer,DFDDD,FDDDD,"D/F,F/D,D/D,D/D,D/D","general_stage1_verify,general_stage2_core,barrier_stage3_gate,barrier_stage4_gate,target_stage5_decision","general_shared,general_shared,private_barrier,private_barrier,target_specialist",00110,1,1,0,1,1,3,3,0.6,deep,deep,agent_deep__task_deep,19.5,5.152295,0.0745,24.726795,False,False,False,1,,,50655.0,stage1_n2__from__root__c02 > stage2_n2__from__n0002__c02 > stage3_n5__from__n0010__c04 > stage4_n5__from__n0037__c04 > stage5_n2__from__n0109__c01,[mms_issue]airplane_mode_on|bad_network_preference|bad_wifi_calling|break_apn_mms_setting|break_app_storage_permission|data_mode_off|data_usage_exceeded|unseat_sim_card|user_abroad_roaming_disabled_on[PERSONA:Easy]
risky_ps_old,PS,43,4,3,17,target_post_switch,target_favoring,True,trap_like_bad,repair_subset,repair_subset,FDFDD,FDDDD,"F/F,D/D,F/D,D/D,D/D","trap_stage1_intake,general_stage2_roaming,trap_stage3_network,general_stage4_repair,target_stage5_decision","trap_lane,general_shared,trap_lane,general_shared,target_specialist",00000,2,1,1,1,0,3,4,0.8,deep,deep,agent_deep__task_deep,14.0,5.582075,0.06380000000000001,19.645875,False,False,False,1,,,56783.0,stage1_n4__from__root__c04 > stage2_n4__from__n0004__c04 > stage3_n4__from__n0018__c02 > stage4_n2__from__n0060__c01 > stage5_n2__from__n0168__c02,[mms_issue]airplane_mode_on|bad_network_preference|bad_wifi_calling|break_apn_mms_setting|break_app_storage_permission|data_mode_off|data_usage_exceeded|unseat_sim_card|user_abroad_roaming_enabled_off[PERSONA:Easy]
risky_ps_old,PS,44,4,4,67,target_post_switch,target_favoring,False,target_safe_majority_bad,transfer,transfer,DDDDD,FDDDD,"D/F,D/D,D/D,D/D,D/D","general_stage1_verify,target_stage2_router,target_stage3_roaming,target_stage4_repair,target_stage5_verify","general_shared,target_specialist,target_specialist,target_specialist,target_specialist",00000,0,1,0,0,1,4,4,0.8,deep,deep,agent_deep__task_deep,3.0,5.556825,0.0748,8.631625,False,False,False,1,,,57801.0,stage1_n2__from__root__c02 > stage2_n1__from__n0002__c01 > stage3_n2__from__n0009__c02 > stage4_n1__from__n0033__c01 > stage5_n1__from__n0098__c01,[mms_issue]airplane_mode_on|break_apn_mms_setting|break_app_both_permissions|user_abroad_roaming_disabled_off[PERSONA:None]
risky_ps_old,PS,45,4,5,35,target_post_switch,target_favoring,True,trap_like_bad,repair_subset,repair_subset,FFFDD,FDDDD,"F/F,F/D,F/D,D/D,D/D","trap_stage1_intake,trap_stage2_router,trap_stage3_network,barrier_stage4_gate,barrier_stage5_transfer","trap_lane,trap_lane,trap_lane,private_barrier,private_barrier",00011,3,1,1,2,0,2,3,0.6,fast,deep,agent_fast__task_deep,13.0,4.994605,0.0656,18.060205,False,False,False,1,,,48451.0,stage1_n4__from__root__c04 > stage2_n3__from__n0004__c03 > stage3_n4__from__n0017__c02 > stage4_n5__from__n0057__c04 > stage5_n5__from__n0161__c03,[mms_issue]airplane_mode_on|bad_network_preference|bad_wifi_calling|break_apn_mms_setting|break_app_both_permissions|data_mode_off|data_usage_exceeded|unseat_sim_card|user_abroad_roaming_disabled_on[PERSONA:Hard]
risky_ps_old,PS,46,4,6,51,target_post_switch,target_favoring,True,trap_like_bad,repair_subset,transfer,FFFDF,FDDDD,"F/F,F/D,F/D,D/D,F/D","trap_stage1_intake,general_stage2_core,trap_stage3_network,general_stage4_verify,trap_stage5_terminal","trap_lane,general_shared,trap_lane,general_shared,trap_lane",00000,4,1,1,3,0,1,2,0.4,fast,deep,agent_fast__task_deep,21.5,5.643575,0.060200000000000004,27.203775,False,False,False,1,,,48856.0,stage1_n4__from__root__c04 > stage2_n2__from__n0004__c02 > stage3_n4__from__n0016__c03 > stage4_n3__from__n0054__c02 > stage5_n4__from__n0149__c04,[mms_issue]airplane_mode_on|bad_network_preference|bad_wifi_calling|break_apn_mms_setting|break_app_both_permissions|data_mode_off|data_usage_exceeded|unseat_sim_card|user_abroad_roaming_enabled_off[PERSONA:Hard]
risky_ps_old,PS,47,4,7,45,target_post_switch,target_favoring,True,neutral,repair_all,repair_subset,DFDDD,FDDDD,"D/F,F/D,D/D,D/D,D/D","target_stage1_handoff,trap_stage2_router,general_stage3_network,general_stage4_repair,target_stage5_decision","general_shared,trap_lane,general_shared,general_shared,target_specialist",00000,1,1,0,1,1,3,3,0.6,deep,deep,agent_deep__task_deep,11.0,5.917605,0.0691,16.986705,False,False,True,0,,,59960.0,stage1_n3__from__root__c03 > stage2_n3__from__n0003__c03 > stage3_n3__from__n0014__c01 > stage4_n2__from__n0047__c01 > stage5_n2__from__n0133__c02,[mms_issue]airplane_mode_on|bad_network_preference|bad_wifi_calling|break_apn_mms_setting|break_app_both_permissions|data_mode_off|unseat_sim_card|user_abroad_roaming_enabled_off[PERSONA:Hard]
risky_ps_old,PS,48,4,8,40,target_post_switch,target_favoring,True,neutral,repair_subset,transfer,FFFDD,FDDDD,"F/F,F/D,F/D,D/D,D/D","general_stage1_intake,trap_stage2_router,trap_stage3_network,general_stage4_repair,target_stage5_decision","general_shared,trap_lane,trap_lane,general_shared,target_specialist",00000,3,1,1,2,0,2,3,0.6,fast,deep,agent_fast__task_deep,19.5,4.854565,0.0661,24.420665,False,False,False,1,,,46315.0,stage1_n1__from__root__c01 > stage2_n3__from__n0001__c03 > stage3_n4__from__n0008__c02 > stage4_n2__from__n0030__c01 > stage5_n2__from__n0089__c02,[mms_issue]airplane_mode_on|bad_network_preference|bad_wifi_calling|break_apn_mms_setting|break_app_sms_permission|data_mode_off|data_usage_exceeded|unseat_sim_card|user_abroad_roaming_disabled_on[PERSONA:None]
risky_ps_old,PS,49,4,9,46,target_post_switch,target_favoring,True,target_safe_specialist_good,repair_subset,transfer,DDDDD,FDDDD,"D/F,D/D,D/D,D/D,D/D","general_stage1_verify,target_stage2_router,target_stage3_apn,target_stage4_repair,target_stage5_decision","general_shared,target_specialist,target_specialist,target_specialist,target_specialist",00000,0,1,0,0,1,4,4,0.8,deep,deep,agent_deep__task_deep,21.5,5.18839,0.0772,26.765590000000003,False,False,False,1,,,52924.0,stage1_n2__from__root__c02 > stage2_n1__from__n0002__c01 > stage3_n1__from__n0009__c01 > stage4_n1__from__n0032__c01 > stage5_n2__from__n0097__c02,[mms_issue]airplane_mode_on|bad_network_preference|bad_wifi_calling|break_apn_mms_setting|break_app_sms_permission|data_mode_off|data_usage_exceeded|unseat_sim_card|user_abroad_roaming_enabled_off[PERSONA:None]
risky_ps_old,PS,50,5,0,16,target_post_switch,target_favoring,True,trap_like_bad,repair_subset,transfer,FFDDD,FDDDD,"F/F,F/D,D/D,D/D,D/D","trap_stage1_intake,trap_stage2_router,general_stage3_network,general_stage4_verify,target_stage5_decision","trap_lane,trap_lane,general_shared,general_shared,target_specialist",00000,2,1,1,1,0,3,4,0.8,deep,deep,agent_deep__task_deep,17.5,4.374005,0.0614,21.935405,False,False,False,1,,,44721.0,stage1_n4__from__root__c04 > stage2_n3__from__n0004__c03 > stage3_n3__from__n0017__c01 > stage4_n3__from__n0056__c02 > stage5_n2__from__n0157__c02,[mms_issue]airplane_mode_on|bad_network_preference|bad_wifi_calling|break_apn_mms_setting|break_app_sms_permission|data_mode_off|data_usage_exceeded|user_abroad_roaming_disabled_on[PERSONA:None]
risky_ps_old,PS,51,5,1,65,target_post_switch,target_favoring,True,target_safe_specialist_good,repair_all,repair_all,DDDDD,FDDDD,"D/F,D/D,D/D,D/D,D/D","target_stage1_handoff,target_stage2_router,target_stage3_apn,target_stage4_repair,target_stage5_verify","general_shared,target_specialist,target_specialist,target_specialist,target_specialist",00000,0,1,0,0,1,4,4,0.8,deep,deep,agent_deep__task_deep,0.0,6.262955,0.07650000000000001,6.339455,True,True,True,0,,,65330.0,stage1_n3__from__root__c03 > stage2_n1__from__n0003__c01 > stage3_n1__from__n0012__c01 > stage4_n1__from__n0041__c01 > stage5_n1__from__n0120__c01,[mms_issue]airplane_mode_on|bad_network_preference|bad_wifi_calling|break_apn_mms_setting|break_app_sms_permission|data_mode_off|unseat_sim_card|user_abroad_roaming_enabled_off[PERSONA:None]
risky_ps_old,PS,52,5,2,11,target_post_switch,target_favoring,True,neutral,repair_subset,repair_subset,DFFFD,FDDDD,"D/F,F/D,F/D,F/D,D/D","target_stage1_handoff,trap_stage2_router,trap_stage3_network,trap_stage4_execute,general_stage5_verify","general_shared,trap_lane,trap_lane,trap_lane,general_shared",00000,3,1,0,3,1,1,1,0.2,fast,deep,agent_fast__task_deep,17.5,4.531715,0.0595,22.091215,False,False,False,1,,,36008.0,stage1_n3__from__root__c03 > stage2_n3__from__n0003__c03 > stage3_n4__from__n0014__c02 > stage4_n4__from__n0048__c03 > stage5_n3__from__n0137__c02,[mms_issue]airplane_mode_on|bad_network_preference|bad_wifi_calling|break_apn_mms_setting|break_app_storage_permission|data_mode_off|data_usage_exceeded|unseat_sim_card|user_abroad_roaming_disabled_on[PERSONA:Easy]
risky_ps_old,PS,53,5,3,17,target_post_switch,target_favoring,True,trap_like_bad,repair_subset,repair_subset,FDDDD,FDDDD,"F/F,D/D,D/D,D/D,D/D","trap_stage1_intake,barrier_stage2_gate,barrier_stage3_gate,barrier_stage4_gate,barrier_stage5_transfer","trap_lane,private_barrier,private_barrier,private_barrier,private_barrier",01111,1,1,1,0,0,4,5,1.0,deep,deep,agent_deep__task_deep,2.0,5.271275,0.07940000000000001,7.350675000000001,True,True,False,1,,,56918.0,stage1_n4__from__root__c04 > stage2_n5__from__n0004__c05 > stage3_n5__from__n0019__c03 > stage4_n5__from__n0064__c04 > stage5_n5__from__n0185__c03,[mms_issue]airplane_mode_on|bad_network_preference|bad_wifi_calling|break_apn_mms_setting|break_app_storage_permission|data_mode_off|data_usage_exceeded|unseat_sim_card|user_abroad_roaming_enabled_off[PERSONA:Easy]
risky_ps_old,PS,54,5,4,67,target_post_switch,target_favoring,False,target_safe_majority_bad,transfer,transfer,DDDDD,FDDDD,"D/F,D/D,D/D,D/D,D/D","target_stage1_handoff,target_stage2_router,target_stage3_apn,target_stage4_repair,target_stage5_decision","general_shared,target_specialist,target_specialist,target_specialist,target_specialist",00000,0,1,0,0,1,4,4,0.8,deep,deep,agent_deep__task_deep,1.0,5.001945,0.07790000000000001,6.079845000000001,False,False,True,0,,,51126.0,stage1_n3__from__root__c03 > stage2_n1__from__n0003__c01 > stage3_n1__from__n0012__c01 > stage4_n1__from__n0041__c01 > stage5_n2__from__n0120__c02,[mms_issue]airplane_mode_on|break_apn_mms_setting|break_app_both_permissions|user_abroad_roaming_disabled_off[PERSONA:None]
risky_ps_old,PS,55,5,5,35,target_post_switch,target_favoring,True,trap_like_bad,repair_subset,repair_subset,FDDDD,FDDDD,"F/F,D/D,D/D,D/D,D/D","trap_stage1_intake,target_stage2_router,target_stage3_roaming,target_stage4_repair,target_stage5_decision","trap_lane,target_specialist,target_specialist,target_specialist,target_specialist",00000,1,1,1,0,0,4,5,1.0,deep,deep,agent_deep__task_deep,2.0,5.037525,0.0752,7.112724999999999,True,True,False,1,,,54879.0,stage1_n4__from__root__c04 > stage2_n1__from__n0004__c01 > stage3_n2__from__n0015__c02 > stage4_n1__from__n0051__c01 > stage5_n2__from__n0144__c02,[mms_issue]airplane_mode_on|bad_network_preference|bad_wifi_calling|break_apn_mms_setting|break_app_both_permissions|data_mode_off|data_usage_exceeded|unseat_sim_card|user_abroad_roaming_disabled_on[PERSONA:Hard]
risky_ps_old,PS,56,5,6,51,target_post_switch,target_favoring,True,trap_like_bad,repair_subset,repair_subset,FDDDF,FDDDD,"F/F,D/D,D/D,D/D,F/D","trap_stage1_intake,general_stage2_roaming,general_stage3_network,general_stage4_verify,trap_stage5_terminal","trap_lane,general_shared,general_shared,general_shared,trap_lane",00000,2,1,1,1,0,3,4,0.8,deep,deep,agent_deep__task_deep,13.0,5.41495,0.0591,18.474050000000002,False,False,False,1,,,51853.0,stage1_n4__from__root__c04 > stage2_n4__from__n0004__c04 > stage3_n3__from__n0018__c01 > stage4_n3__from__n0059__c02 > stage5_n4__from__n0167__c04,[mms_issue]airplane_mode_on|bad_network_preference|bad_wifi_calling|break_apn_mms_setting|break_app_both_permissions|data_mode_off|data_usage_exceeded|unseat_sim_card|user_abroad_roaming_enabled_off[PERSONA:Hard]
risky_ps_old,PS,57,5,7,45,target_post_switch,target_favoring,True,target_decoy_medium,repair_all,transfer,DFFDD,FDDDD,"D/F,F/D,F/D,D/D,D/D","general_stage1_verify,general_stage2_core,trap_stage3_network,barrier_stage4_gate,target_stage5_decision","general_shared,general_shared,trap_lane,private_barrier,target_specialist",00010,2,1,0,2,1,2,2,0.4,deep,deep,agent_deep__task_deep,18.5,6.07928,0.06949999999999999,24.648780000000002,False,False,True,0,,,59382.0,stage1_n2__from__root__c02 > stage2_n2__from__n0002__c02 > stage3_n4__from__n0010__c03 > stage4_n5__from__n0036__c04 > stage5_n2__from__n0105__c01,[mms_issue]airplane_mode_on|bad_network_preference|bad_wifi_calling|break_apn_mms_setting|break_app_both_permissions|data_mode_off|unseat_sim_card|user_abroad_roaming_enabled_off[PERSONA:Hard]
risky_ps_old,PS,58,5,8,40,target_post_switch,target_favoring,True,trap_like_bad,repair_subset,repair_subset,FDDDF,FDDDD,"F/F,D/D,D/D,D/D,F/D","trap_stage1_intake,barrier_stage2_gate,general_stage3_network,general_stage4_verify,trap_stage5_terminal","trap_lane,private_barrier,general_shared,general_shared,trap_lane",01000,2,1,1,1,0,3,4,0.8,deep,deep,agent_deep__task_deep,11.0,5.87107,0.06480000000000001,16.93587,False,False,True,0,,,56322.0,stage1_n4__from__root__c04 > stage2_n5__from__n0004__c05 > stage3_n3__from__n0019__c01 > stage4_n3__from__n0062__c02 > stage5_n4__from__n0177__c04,[mms_issue]airplane_mode_on|bad_network_preference|bad_wifi_calling|break_apn_mms_setting|break_app_sms_permission|data_mode_off|data_usage_exceeded|unseat_sim_card|user_abroad_roaming_disabled_on[PERSONA:None]
risky_ps_old,PS,59,5,9,46,target_post_switch,target_favoring,True,target_safe_specialist_good,repair_subset,repair_subset,FDDDD,FDDDD,"F/F,D/D,D/D,D/D,D/D","general_stage1_intake,target_stage2_router,target_stage3_apn,target_stage4_repair,target_stage5_verify","general_shared,target_specialist,target_specialist,target_specialist,target_specialist",00000,1,1,1,0,0,4,5,1.0,deep,deep,agent_deep__task_deep,2.0,4.52982,0.07750000000000001,6.60732,True,True,False,1,,,48129.0,stage1_n1__from__root__c01 > stage2_n1__from__n0001__c01 > stage3_n1__from__n0006__c01 > stage4_n1__from__n0023__c01 > stage5_n1__from__n0074__c01,[mms_issue]airplane_mode_on|bad_network_preference|bad_wifi_calling|break_apn_mms_setting|break_app_sms_permission|data_mode_off|data_usage_exceeded|unseat_sim_card|user_abroad_roaming_enabled_off[PERSONA:None]
risky_ps_old,PS,60,6,0,16,target_post_switch,target_favoring,True,target_decoy_medium,repair_subset,transfer,FDFDD,FDDDD,"F/F,D/D,F/D,D/D,D/D","barrier_stage1_gate,general_stage2_roaming,trap_stage3_network,barrier_stage4_gate,target_stage5_decision","private_barrier,general_shared,trap_lane,private_barrier,target_specialist",10010,2,1,1,1,0,3,4,0.8,deep,deep,agent_deep__task_deep,16.5,5.077,0.0727,21.649700000000003,False,False,False,1,,,51040.0,stage1_n5__from__root__c05 > stage2_n4__from__n0005__c02 > stage3_n4__from__n0021__c02 > stage4_n5__from__n0069__c04 > stage5_n2__from__n0201__c01,[mms_issue]airplane_mode_on|bad_network_preference|bad_wifi_calling|break_apn_mms_setting|break_app_sms_permission|data_mode_off|data_usage_exceeded|user_abroad_roaming_disabled_on[PERSONA:None]
risky_ps_old,PS,61,6,1,65,target_post_switch,target_favoring,True,neutral,repair_all,transfer,FFDDF,FDDDD,"F/F,F/D,D/D,D/D,F/D","general_stage1_intake,trap_stage2_router,general_stage3_network,general_stage4_verify,trap_stage5_terminal","general_shared,trap_lane,general_shared,general_shared,trap_lane",00000,3,1,1,2,0,2,3,0.6,fast,deep,agent_fast__task_deep,18.5,5.28134,0.061200000000000004,23.84254,False,False,True,0,,,48456.0,stage1_n1__from__root__c01 > stage2_n3__from__n0001__c03 > stage3_n3__from__n0008__c01 > stage4_n3__from__n0029__c02 > stage5_n4__from__n0088__c04,[mms_issue]airplane_mode_on|bad_network_preference|bad_wifi_calling|break_apn_mms_setting|break_app_sms_permission|data_mode_off|unseat_sim_card|user_abroad_roaming_enabled_off[PERSONA:None]
risky_ps_old,PS,62,6,2,11,target_post_switch,target_favoring,True,target_decoy_medium,repair_subset,repair_subset,FFDFD,FDDDD,"F/F,F/D,D/D,F/D,D/D","barrier_stage1_gate,trap_stage2_router,barrier_stage3_gate,trap_stage4_execute,barrier_stage5_transfer","private_barrier,trap_lane,private_barrier,trap_lane,private_barrier",10101,3,1,1,2,0,2,3,0.6,fast,deep,agent_fast__task_deep,17.5,3.591595,0.0729,21.164495000000002,False,False,False,1,,,31846.0,stage1_n5__from__root__c05 > stage2_n3__from__n0005__c01 > stage3_n5__from__n0020__c03 > stage4_n4__from__n0067__c03 > stage5_n5__from__n0194__c04,[mms_issue]airplane_mode_on|bad_network_preference|bad_wifi_calling|break_apn_mms_setting|break_app_storage_permission|data_mode_off|data_usage_exceeded|unseat_sim_card|user_abroad_roaming_disabled_on[PERSONA:Easy]
risky_ps_old,PS,63,6,3,17,target_post_switch,target_favoring,True,neutral,repair_subset,transfer,DFFDD,FDDDD,"D/F,F/D,F/D,D/D,D/D","target_stage1_handoff,trap_stage2_router,trap_stage3_network,general_stage4_repair,target_stage5_decision","general_shared,trap_lane,trap_lane,general_shared,target_specialist",00000,2,1,0,2,1,2,2,0.4,deep,deep,agent_deep__task_deep,21.5,5.451575,0.06530000000000001,27.016875,False,False,False,1,,,50442.0,stage1_n3__from__root__c03 > stage2_n3__from__n0003__c03 > stage3_n4__from__n0014__c02 > stage4_n2__from__n0048__c01 > stage5_n2__from__n0135__c02,[mms_issue]airplane_mode_on|bad_network_preference|bad_wifi_calling|break_apn_mms_setting|break_app_storage_permission|data_mode_off|data_usage_exceeded|unseat_sim_card|user_abroad_roaming_enabled_off[PERSONA:Easy]
risky_ps_old,PS,64,6,4,67,target_post_switch,target_favoring,False,target_safe_majority_bad,transfer,transfer,FDDDD,FDDDD,"F/F,D/D,D/D,D/D,D/D","general_stage1_intake,target_stage2_router,target_stage3_apn,target_stage4_repair,target_stage5_decision","general_shared,target_specialist,target_specialist,target_specialist,target_specialist",00000,1,1,1,0,0,4,5,1.0,deep,deep,agent_deep__task_deep,1.0,4.366365,0.07900000000000001,5.445365,False,False,True,0,,,46872.0,stage1_n1__from__root__c01 > stage2_n1__from__n0001__c01 > stage3_n1__from__n0006__c01 > stage4_n1__from__n0023__c01 > stage5_n2__from__n0074__c02,[mms_issue]airplane_mode_on|break_apn_mms_setting|break_app_both_permissions|user_abroad_roaming_disabled_off[PERSONA:None]
risky_ps_old,PS,65,6,5,35,target_post_switch,target_favoring,True,target_safe_specialist_good,repair_subset,repair_subset,DDDDD,FDDDD,"D/F,D/D,D/D,D/D,D/D","target_stage1_handoff,target_stage2_router,target_stage3_apn,target_stage4_repair,target_stage5_verify","general_shared,target_specialist,target_specialist,target_specialist,target_specialist",00000,0,1,0,0,1,4,4,0.8,deep,deep,agent_deep__task_deep,2.0,5.18727,0.07650000000000001,7.26377,True,True,False,1,,,52842.0,stage1_n3__from__root__c03 > stage2_n1__from__n0003__c01 > stage3_n1__from__n0012__c01 > stage4_n1__from__n0041__c01 > stage5_n1__from__n0120__c01,[mms_issue]airplane_mode_on|bad_network_preference|bad_wifi_calling|break_apn_mms_setting|break_app_both_permissions|data_mode_off|data_usage_exceeded|unseat_sim_card|user_abroad_roaming_disabled_on[PERSONA:Hard]
risky_ps_old,PS,66,6,6,51,target_post_switch,target_favoring,True,target_safe_specialist_good,repair_subset,repair_subset,FDDDD,FDDDD,"F/F,D/D,D/D,D/D,D/D","general_stage1_intake,target_stage2_router,target_stage3_roaming,target_stage4_repair,target_stage5_decision","general_shared,target_specialist,target_specialist,target_specialist,target_specialist",00000,1,1,1,0,0,4,5,1.0,deep,deep,agent_deep__task_deep,2.0,5.05835,0.0758,7.13415,True,True,False,1,,,54965.0,stage1_n1__from__root__c01 > stage2_n1__from__n0001__c01 > stage3_n2__from__n0006__c02 > stage4_n1__from__n0024__c01 > stage5_n2__from__n0075__c02,[mms_issue]airplane_mode_on|bad_network_preference|bad_wifi_calling|break_apn_mms_setting|break_app_both_permissions|data_mode_off|data_usage_exceeded|unseat_sim_card|user_abroad_roaming_enabled_off[PERSONA:Hard]
risky_ps_old,PS,67,6,7,45,target_post_switch,target_favoring,True,target_decoy_medium,repair_all,repair_subset,FFFFD,FDDDD,"F/F,F/D,F/D,F/D,D/D","general_stage1_intake,trap_stage2_router,trap_stage3_network,trap_stage4_execute,barrier_stage5_transfer","general_shared,trap_lane,trap_lane,trap_lane,private_barrier",00001,4,1,1,3,0,1,2,0.4,fast,deep,agent_fast__task_deep,5.0,5.11934,0.0639,10.183240000000001,False,False,False,1,,,41231.0,stage1_n1__from__root__c01 > stage2_n3__from__n0001__c03 > stage3_n4__from__n0008__c02 > stage4_n4__from__n0030__c03 > stage5_n5__from__n0091__c04,[mms_issue]airplane_mode_on|bad_network_preference|bad_wifi_calling|break_apn_mms_setting|break_app_both_permissions|data_mode_off|unseat_sim_card|user_abroad_roaming_enabled_off[PERSONA:Hard]
risky_ps_old,PS,68,6,8,40,target_post_switch,target_favoring,True,neutral,repair_subset,repair_subset,FFDDD,FDDDD,"F/F,F/D,D/D,D/D,D/D","general_stage1_intake,general_stage2_core,barrier_stage3_gate,general_stage4_repair,target_stage5_verify","general_shared,general_shared,private_barrier,general_shared,target_specialist",00100,2,1,1,1,0,3,4,0.8,deep,deep,agent_deep__task_deep,13.0,4.6148,0.0716,17.6864,False,False,False,1,,,47857.0,stage1_n1__from__root__c01 > stage2_n2__from__n0001__c02 > stage3_n5__from__n0007__c04 > stage4_n2__from__n0028__c01 > stage5_n1__from__n0083__c01,[mms_issue]airplane_mode_on|bad_network_preference|bad_wifi_calling|break_apn_mms_setting|break_app_sms_permission|data_mode_off|data_usage_exceeded|unseat_sim_card|user_abroad_roaming_disabled_on[PERSONA:None]
risky_ps_old,PS,69,6,9,46,target_post_switch,target_favoring,True,target_safe_specialist_good,repair_subset,repair_all,DDDDD,FDDDD,"D/F,D/D,D/D,D/D,D/D","target_stage1_handoff,target_stage2_router,target_stage3_apn,target_stage4_repair,target_stage5_verify","general_shared,target_specialist,target_specialist,target_specialist,target_specialist",00000,0,1,0,0,1,4,4,0.8,deep,deep,agent_deep__task_deep,3.5,5.98161,0.07650000000000001,9.55811,False,False,True,0,,,61824.0,stage1_n3__from__root__c03 > stage2_n1__from__n0003__c01 > stage3_n1__from__n0012__c01 > stage4_n1__from__n0041__c01 > stage5_n1__from__n0120__c01,[mms_issue]airplane_mode_on|bad_network_preference|bad_wifi_calling|break_apn_mms_setting|break_app_sms_permission|data_mode_off|data_usage_exceeded|unseat_sim_card|user_abroad_roaming_enabled_off[PERSONA:None]
risky_ps_old,PS,70,7,0,16,target_post_switch,target_favoring,True,trap_like_bad,repair_subset,repair_subset,FDFDD,FDDDD,"F/F,D/D,F/D,D/D,D/D","trap_stage1_intake,general_stage2_roaming,trap_stage3_network,barrier_stage4_gate,target_stage5_decision","trap_lane,general_shared,trap_lane,private_barrier,target_specialist",00010,2,1,1,1,0,3,4,0.8,deep,deep,agent_deep__task_deep,2.0,5.169565,0.06870000000000001,7.238265,True,True,False,1,,,52408.0,stage1_n4__from__root__c04 > stage2_n4__from__n0004__c04 > stage3_n4__from__n0018__c02 > stage4_n5__from__n0060__c04 > stage5_n2__from__n0171__c01,[mms_issue]airplane_mode_on|bad_network_preference|bad_wifi_calling|break_apn_mms_setting|break_app_sms_permission|data_mode_off|data_usage_exceeded|user_abroad_roaming_disabled_on[PERSONA:None]
risky_ps_old,PS,71,7,1,65,target_post_switch,target_favoring,True,target_safe_specialist_good,repair_all,repair_all,FDDDD,FDDDD,"F/F,D/D,D/D,D/D,D/D","general_stage1_intake,target_stage2_router,target_stage3_roaming,target_stage4_repair,target_stage5_decision","general_shared,target_specialist,target_specialist,target_specialist,target_specialist",00000,1,1,1,0,0,4,5,1.0,deep,deep,agent_deep__task_deep,0.0,5.077815,0.0758,5.153615,True,True,True,0,,,54747.0,stage1_n1__from__root__c01 > stage2_n1__from__n0001__c01 > stage3_n2__from__n0006__c02 > stage4_n1__from__n0024__c01 > stage5_n2__from__n0075__c02,[mms_issue]airplane_mode_on|bad_network_preference|bad_wifi_calling|break_apn_mms_setting|break_app_sms_permission|data_mode_off|unseat_sim_card|user_abroad_roaming_enabled_off[PERSONA:None]
risky_ps_old,PS,72,7,2,11,target_post_switch,target_favoring,True,target_safe_specialist_good,repair_subset,repair_all,DDDDD,FDDDD,"D/F,D/D,D/D,D/D,D/D","target_stage1_handoff,target_stage2_router,target_stage3_apn,target_stage4_repair,target_stage5_decision","general_shared,target_specialist,target_specialist,target_specialist,target_specialist",00000,0,1,0,0,1,4,4,0.8,deep,deep,agent_deep__task_deep,6.0,6.4239,0.07790000000000001,12.5018,False,False,True,0,,,67686.0,stage1_n3__from__root__c03 > stage2_n1__from__n0003__c01 > stage3_n1__from__n0012__c01 > stage4_n1__from__n0041__c01 > stage5_n2__from__n0120__c02,[mms_issue]airplane_mode_on|bad_network_preference|bad_wifi_calling|break_apn_mms_setting|break_app_storage_permission|data_mode_off|data_usage_exceeded|unseat_sim_card|user_abroad_roaming_disabled_on[PERSONA:Easy]
risky_ps_old,PS,73,7,3,17,target_post_switch,target_favoring,True,target_safe_specialist_good,repair_subset,repair_subset,DDDDD,FDDDD,"D/F,D/D,D/D,D/D,D/D","target_stage1_handoff,target_stage2_router,target_stage3_apn,target_stage4_repair,target_stage5_decision","general_shared,target_specialist,target_specialist,target_specialist,target_specialist",00000,0,1,0,0,1,4,4,0.8,deep,deep,agent_deep__task_deep,14.0,5.884915,0.07790000000000001,19.962815,False,False,False,1,,,61141.0,stage1_n3__from__root__c03 > stage2_n1__from__n0003__c01 > stage3_n1__from__n0012__c01 > stage4_n1__from__n0041__c01 > stage5_n2__from__n0120__c02,[mms_issue]airplane_mode_on|bad_network_preference|bad_wifi_calling|break_apn_mms_setting|break_app_storage_permission|data_mode_off|data_usage_exceeded|unseat_sim_card|user_abroad_roaming_enabled_off[PERSONA:Easy]
risky_ps_old,PS,74,7,4,67,target_post_switch,target_favoring,False,trap_like_bad,transfer,transfer,FFDFD,FDDDD,"F/F,F/D,D/D,F/D,D/D","trap_stage1_intake,general_stage2_core,barrier_stage3_gate,trap_stage4_execute,general_stage5_verify","trap_lane,general_shared,private_barrier,trap_lane,general_shared",00100,3,1,1,2,0,2,3,0.6,fast,deep,agent_fast__task_deep,3.0,4.88971,0.0654,7.9551099999999995,False,False,False,1,,,43549.0,stage1_n4__from__root__c04 > stage2_n2__from__n0004__c02 > stage3_n5__from__n0016__c04 > stage4_n4__from__n0055__c03 > stage5_n3__from__n0154__c02,[mms_issue]airplane_mode_on|break_apn_mms_setting|break_app_both_permissions|user_abroad_roaming_disabled_off[PERSONA:None]
risky_ps_old,PS,75,7,5,35,target_post_switch,target_favoring,True,neutral,repair_subset,repair_subset,FFFDD,FDDDD,"F/F,F/D,F/D,D/D,D/D","general_stage1_intake,trap_stage2_router,trap_stage3_network,general_stage4_verify,general_stage5_verify","general_shared,trap_lane,trap_lane,general_shared,general_shared",00000,3,1,1,2,0,2,3,0.6,fast,deep,agent_fast__task_deep,3.0,4.97684,0.0625,8.03934,False,False,False,1,,,48371.0,stage1_n1__from__root__c01 > stage2_n3__from__n0001__c03 > stage3_n4__from__n0008__c02 > stage4_n3__from__n0030__c02 > stage5_n3__from__n0090__c03,[mms_issue]airplane_mode_on|bad_network_preference|bad_wifi_calling|break_apn_mms_setting|break_app_both_permissions|data_mode_off|data_usage_exceeded|unseat_sim_card|user_abroad_roaming_disabled_on[PERSONA:Hard]
risky_ps_old,PS,76,7,6,51,target_post_switch,target_favoring,True,target_safe_specialist_good,repair_subset,repair_subset,DDDDD,FDDDD,"D/F,D/D,D/D,D/D,D/D","target_stage1_handoff,target_stage2_router,target_stage3_apn,target_stage4_repair,target_stage5_verify","general_shared,target_specialist,target_specialist,target_specialist,target_specialist",00000,0,1,0,0,1,4,4,0.8,deep,deep,agent_deep__task_deep,17.0,4.803155,0.07650000000000001,21.879655,False,False,False,1,,,48866.0,stage1_n3__from__root__c03 > stage2_n1__from__n0003__c01 > stage3_n1__from__n0012__c01 > stage4_n1__from__n0041__c01 > stage5_n1__from__n0120__c01,[mms_issue]airplane_mode_on|bad_network_preference|bad_wifi_calling|break_apn_mms_setting|break_app_both_permissions|data_mode_off|data_usage_exceeded|unseat_sim_card|user_abroad_roaming_enabled_off[PERSONA:Hard]
risky_ps_old,PS,77,7,7,45,target_post_switch,target_favoring,True,neutral,repair_all,transfer,DFDDD,FDDDD,"D/F,F/D,D/D,D/D,D/D","target_stage1_handoff,trap_stage2_router,general_stage3_network,general_stage4_verify,target_stage5_verify","general_shared,trap_lane,general_shared,general_shared,target_specialist",00000,1,1,0,1,1,3,3,0.6,deep,deep,agent_deep__task_deep,18.5,5.77098,0.06770000000000001,24.338679999999997,False,False,True,0,,,59495.0,stage1_n3__from__root__c03 > stage2_n3__from__n0003__c03 > stage3_n3__from__n0014__c01 > stage4_n3__from__n0047__c02 > stage5_n1__from__n0134__c01,[mms_issue]airplane_mode_on|bad_network_preference|bad_wifi_calling|break_apn_mms_setting|break_app_both_permissions|data_mode_off|unseat_sim_card|user_abroad_roaming_enabled_off[PERSONA:Hard]
risky_ps_old,PS,78,7,8,40,target_post_switch,target_favoring,True,target_decoy_medium,repair_subset,transfer,FFFDD,FDDDD,"F/F,F/D,F/D,D/D,D/D","general_stage1_intake,trap_stage2_router,trap_stage3_network,barrier_stage4_gate,barrier_stage5_transfer","general_shared,trap_lane,trap_lane,private_barrier,private_barrier",00011,3,1,1,2,0,2,3,0.6,fast,deep,agent_fast__task_deep,19.5,4.8657,0.0712,24.4369,False,False,False,1,,,46371.0,stage1_n1__from__root__c01 > stage2_n3__from__n0001__c03 > stage3_n4__from__n0008__c02 > stage4_n5__from__n0030__c04 > stage5_n5__from__n0092__c03,[mms_issue]airplane_mode_on|bad_network_preference|bad_wifi_calling|break_apn_mms_setting|break_app_sms_permission|data_mode_off|data_usage_exceeded|unseat_sim_card|user_abroad_roaming_disabled_on[PERSONA:None]
risky_ps_old,PS,79,7,9,46,target_post_switch,target_favoring,True,target_decoy_medium,repair_subset,transfer,FFDDD,FDDDD,"F/F,F/D,D/D,D/D,D/D","general_stage1_intake,trap_stage2_router,barrier_stage3_gate,barrier_stage4_gate,barrier_stage5_transfer","general_shared,trap_lane,private_barrier,private_barrier,private_barrier",00111,2,1,1,1,0,3,4,0.8,deep,deep,agent_deep__task_deep,21.5,5.239975,0.0746,26.814575,False,False,False,1,,,54570.0,stage1_n1__from__root__c01 > stage2_n3__from__n0001__c03 > stage3_n5__from__n0008__c03 > stage4_n5__from__n0031__c04 > stage5_n5__from__n0096__c03,[mms_issue]airplane_mode_on|bad_network_preference|bad_wifi_calling|break_apn_mms_setting|break_app_sms_permission|data_mode_off|data_usage_exceeded|unseat_sim_card|user_abroad_roaming_enabled_off[PERSONA:None]
risky_ps_old,PS,80,8,0,16,target_post_switch,target_favoring,True,target_safe_specialist_good,repair_subset,repair_subset,FDDDD,FDDDD,"F/F,D/D,D/D,D/D,D/D","general_stage1_intake,target_stage2_router,target_stage3_roaming,target_stage4_repair,target_stage5_decision","general_shared,target_specialist,target_specialist,target_specialist,target_specialist",00000,1,1,1,0,0,4,5,1.0,deep,deep,agent_deep__task_deep,2.0,4.361775,0.0758,6.437575,True,True,False,1,,,46482.0,stage1_n1__from__root__c01 > stage2_n1__from__n0001__c01 > stage3_n2__from__n0006__c02 > stage4_n1__from__n0024__c01 > stage5_n2__from__n0075__c02,[mms_issue]airplane_mode_on|bad_network_preference|bad_wifi_calling|break_apn_mms_setting|break_app_sms_permission|data_mode_off|data_usage_exceeded|user_abroad_roaming_disabled_on[PERSONA:None]
risky_ps_old,PS,81,8,1,65,target_post_switch,target_favoring,True,target_safe_specialist_good,repair_all,transfer,FDDDD,FDDDD,"F/F,D/D,D/D,D/D,D/D","general_stage1_intake,target_stage2_router,target_stage3_roaming,target_stage4_repair,target_stage5_decision","general_shared,target_specialist,target_specialist,target_specialist,target_specialist",00000,1,1,1,0,0,4,5,1.0,deep,deep,agent_deep__task_deep,18.5,5.50171,0.0758,24.07751,False,False,True,0,,,59311.0,stage1_n1__from__root__c01 > stage2_n1__from__n0001__c01 > stage3_n2__from__n0006__c02 > stage4_n1__from__n0024__c01 > stage5_n2__from__n0075__c02,[mms_issue]airplane_mode_on|bad_network_preference|bad_wifi_calling|break_apn_mms_setting|break_app_sms_permission|data_mode_off|unseat_sim_card|user_abroad_roaming_enabled_off[PERSONA:None]
risky_ps_old,PS,82,8,2,11,target_post_switch,target_favoring,True,trap_like_bad,repair_subset,repair_subset,FFDFD,FDDDD,"F/F,F/D,D/D,F/D,D/D","trap_stage1_intake,trap_stage2_router,barrier_stage3_gate,trap_stage4_execute,general_stage5_verify","trap_lane,trap_lane,private_barrier,trap_lane,general_shared",00100,3,1,1,2,0,2,3,0.6,fast,deep,agent_fast__task_deep,5.0,4.76675,0.0594,9.82615,False,False,False,1,,,40874.0,stage1_n4__from__root__c04 > stage2_n3__from__n0004__c03 > stage3_n5__from__n0017__c03 > stage4_n4__from__n0058__c03 > stage5_n3__from__n0164__c02,[mms_issue]airplane_mode_on|bad_network_preference|bad_wifi_calling|break_apn_mms_setting|break_app_storage_permission|data_mode_off|data_usage_exceeded|unseat_sim_card|user_abroad_roaming_disabled_on[PERSONA:Easy]
risky_ps_old,PS,83,8,3,17,target_post_switch,target_favoring,True,target_safe_specialist_good,repair_subset,repair_all,FDDDD,FDDDD,"F/F,D/D,D/D,D/D,D/D","general_stage1_intake,target_stage2_router,target_stage3_roaming,target_stage4_repair,target_stage5_decision","general_shared,target_specialist,target_specialist,target_specialist,target_specialist",00000,1,1,1,0,0,4,5,1.0,deep,deep,agent_deep__task_deep,3.5,5.289125,0.0758,8.864925,False,False,True,0,,,57035.0,stage1_n1__from__root__c01 > stage2_n1__from__n0001__c01 > stage3_n2__from__n0006__c02 > stage4_n1__from__n0024__c01 > stage5_n2__from__n0075__c02,[mms_issue]airplane_mode_on|bad_network_preference|bad_wifi_calling|break_apn_mms_setting|break_app_storage_permission|data_mode_off|data_usage_exceeded|unseat_sim_card|user_abroad_roaming_enabled_off[PERSONA:Easy]
risky_ps_old,PS,84,8,4,67,target_post_switch,target_favoring,False,trap_like_bad,transfer,transfer,FFDDD,FDDDD,"F/F,F/D,D/D,D/D,D/D","trap_stage1_intake,general_stage2_core,target_stage3_roaming,target_stage4_repair,target_stage5_decision","trap_lane,general_shared,target_specialist,target_specialist,target_specialist",00000,2,1,1,1,0,3,4,0.8,deep,deep,agent_deep__task_deep,1.0,4.38283,0.07050000000000001,5.45333,False,False,True,0,,,45152.0,stage1_n4__from__root__c04 > stage2_n2__from__n0004__c02 > stage3_n2__from__n0016__c01 > stage4_n1__from__n0052__c01 > stage5_n2__from__n0145__c02,[mms_issue]airplane_mode_on|break_apn_mms_setting|break_app_both_permissions|user_abroad_roaming_disabled_off[PERSONA:None]
risky_ps_old,PS,85,8,5,35,target_post_switch,target_favoring,True,target_decoy_medium,repair_subset,repair_all,FDDDD,FDDDD,"F/F,D/D,D/D,D/D,D/D","barrier_stage1_gate,barrier_stage2_gate,barrier_stage3_gate,barrier_stage4_gate,target_stage5_decision","private_barrier,private_barrier,private_barrier,private_barrier,target_specialist",11110,1,1,1,0,0,4,5,1.0,deep,deep,agent_deep__task_deep,6.0,5.37676,0.08410000000000001,11.46086,False,False,True,0,,,57883.0,stage1_n5__from__root__c05 > stage2_n5__from__n0005__c03 > stage3_n5__from__n0022__c03 > stage4_n5__from__n0073__c04 > stage5_n2__from__n0215__c01,[mms_issue]airplane_mode_on|bad_network_preference|bad_wifi_calling|break_apn_mms_setting|break_app_both_permissions|data_mode_off|data_usage_exceeded|unseat_sim_card|user_abroad_roaming_disabled_on[PERSONA:Hard]
risky_ps_old,PS,86,8,6,51,target_post_switch,target_favoring,True,target_decoy_medium,repair_subset,repair_subset,FFFDD,FDDDD,"F/F,F/D,F/D,D/D,D/D","general_stage1_intake,general_stage2_core,trap_stage3_network,barrier_stage4_gate,barrier_stage5_transfer","general_shared,general_shared,trap_lane,private_barrier,private_barrier",00011,3,1,1,2,0,2,3,0.6,fast,deep,agent_fast__task_deep,15.0,4.99707,0.074,20.07107,False,False,False,1,,,48411.0,stage1_n1__from__root__c01 > stage2_n2__from__n0001__c02 > stage3_n4__from__n0007__c03 > stage4_n5__from__n0027__c04 > stage5_n5__from__n0082__c03,[mms_issue]airplane_mode_on|bad_network_preference|bad_wifi_calling|break_apn_mms_setting|break_app_both_permissions|data_mode_off|data_usage_exceeded|unseat_sim_card|user_abroad_roaming_enabled_off[PERSONA:Hard]
risky_ps_old,PS,87,8,7,45,target_post_switch,target_favoring,True,trap_like_bad,repair_all,repair_subset,FDDDD,FDDDD,"F/F,D/D,D/D,D/D,D/D","trap_stage1_intake,barrier_stage2_gate,barrier_stage3_gate,general_stage4_verify,target_stage5_verify","trap_lane,private_barrier,private_barrier,general_shared,target_specialist",01100,1,1,1,0,0,4,5,1.0,deep,deep,agent_deep__task_deep,11.0,5.55764,0.0733,16.63094,False,False,True,0,,,60506.0,stage1_n4__from__root__c04 > stage2_n5__from__n0004__c05 > stage3_n5__from__n0019__c03 > stage4_n3__from__n0064__c02 > stage5_n1__from__n0183__c01,[mms_issue]airplane_mode_on|bad_network_preference|bad_wifi_calling|break_apn_mms_setting|break_app_both_permissions|data_mode_off|unseat_sim_card|user_abroad_roaming_enabled_off[PERSONA:Hard]
risky_ps_old,PS,88,8,8,40,target_post_switch,target_favoring,True,trap_like_bad,repair_subset,transfer,FDDDD,FDDDD,"F/F,D/D,D/D,D/D,D/D","trap_stage1_intake,general_stage2_roaming,general_stage3_network,general_stage4_verify,general_stage5_verify","trap_lane,general_shared,general_shared,general_shared,general_shared",00000,1,1,1,0,0,4,5,1.0,deep,deep,agent_deep__task_deep,18.5,4.973435,0.0629,23.536335,False,False,False,1,,,53006.0,stage1_n4__from__root__c04 > stage2_n4__from__n0004__c04 > stage3_n3__from__n0018__c01 > stage4_n3__from__n0059__c02 > stage5_n3__from__n0167__c03,[mms_issue]airplane_mode_on|bad_network_preference|bad_wifi_calling|break_apn_mms_setting|break_app_sms_permission|data_mode_off|data_usage_exceeded|unseat_sim_card|user_abroad_roaming_disabled_on[PERSONA:None]
risky_ps_old,PS,89,8,9,46,target_post_switch,target_favoring,True,neutral,repair_subset,transfer,FFFDD,FDDDD,"F/F,F/D,F/D,D/D,D/D","barrier_stage1_gate,trap_stage2_router,trap_stage3_network,general_stage4_repair,target_stage5_verify","private_barrier,trap_lane,trap_lane,general_shared,target_specialist",10000,3,1,1,2,0,2,3,0.6,fast,deep,agent_fast__task_deep,21.5,5.543915,0.0685,27.112415,False,False,False,1,,,54443.0,stage1_n5__from__root__c05 > stage2_n3__from__n0005__c01 > stage3_n4__from__n0020__c02 > stage4_n2__from__n0066__c01 > stage5_n1__from__n0188__c01,[mms_issue]airplane_mode_on|bad_network_preference|bad_wifi_calling|break_apn_mms_setting|break_app_sms_permission|data_mode_off|data_usage_exceeded|unseat_sim_card|user_abroad_roaming_enabled_off[PERSONA:None]
risky_ps_old,PS,90,9,0,16,target_post_switch,target_favoring,True,neutral,repair_subset,transfer,FFDDD,FDDDD,"F/F,F/D,D/D,D/D,D/D","general_stage1_intake,trap_stage2_router,general_stage3_network,general_stage4_repair,target_stage5_verify","general_shared,trap_lane,general_shared,general_shared,target_specialist",00000,2,1,1,1,0,3,4,0.8,deep,deep,agent_deep__task_deep,17.5,4.35403,0.0661,21.92013,False,False,False,1,,,44639.0,stage1_n1__from__root__c01 > stage2_n3__from__n0001__c03 > stage3_n3__from__n0008__c01 > stage4_n2__from__n0029__c01 > stage5_n1__from__n0087__c01,[mms_issue]airplane_mode_on|bad_network_preference|bad_wifi_calling|break_apn_mms_setting|break_app_sms_permission|data_mode_off|data_usage_exceeded|user_abroad_roaming_disabled_on[PERSONA:None]
risky_ps_old,PS,91,9,1,65,target_post_switch,target_favoring,True,trap_like_bad,repair_all,transfer,FFDDD,FDDDD,"F/F,F/D,D/D,D/D,D/D","trap_stage1_intake,general_stage2_core,target_stage3_roaming,target_stage4_repair,target_stage5_decision","trap_lane,general_shared,target_specialist,target_specialist,target_specialist",00000,2,1,1,1,0,3,4,0.8,deep,deep,agent_deep__task_deep,18.5,5.1005,0.07050000000000001,23.671,False,False,True,0,,,54606.0,stage1_n4__from__root__c04 > stage2_n2__from__n0004__c02 > stage3_n2__from__n0016__c01 > stage4_n1__from__n0052__c01 > stage5_n2__from__n0145__c02,[mms_issue]airplane_mode_on|bad_network_preference|bad_wifi_calling|break_apn_mms_setting|break_app_sms_permission|data_mode_off|unseat_sim_card|user_abroad_roaming_enabled_off[PERSONA:None]
risky_ps_old,PS,92,9,2,11,target_post_switch,target_favoring,True,target_safe_specialist_good,repair_subset,repair_subset,FDDDD,FDDDD,"F/F,D/D,D/D,D/D,D/D","general_stage1_intake,target_stage2_router,target_stage3_roaming,target_stage4_repair,target_stage5_verify","general_shared,target_specialist,target_specialist,target_specialist,target_specialist",00000,1,1,1,0,0,4,5,1.0,deep,deep,agent_deep__task_deep,2.0,5.7851,0.0752,7.8603000000000005,True,True,False,1,,,63161.0,stage1_n1__from__root__c01 > stage2_n1__from__n0001__c01 > stage3_n2__from__n0006__c02 > stage4_n1__from__n0024__c01 > stage5_n1__from__n0075__c01,[mms_issue]airplane_mode_on|bad_network_preference|bad_wifi_calling|break_apn_mms_setting|break_app_storage_permission|data_mode_off|data_usage_exceeded|unseat_sim_card|user_abroad_roaming_disabled_on[PERSONA:Easy]
risky_ps_old,PS,93,9,3,17,target_post_switch,target_favoring,True,trap_like_bad,repair_subset,repair_subset,FDDDD,FDDDD,"F/F,D/D,D/D,D/D,D/D","trap_stage1_intake,general_stage2_roaming,general_stage3_network,general_stage4_repair,target_stage5_decision","trap_lane,general_shared,general_shared,general_shared,target_specialist",00000,1,1,1,0,0,4,5,1.0,deep,deep,agent_deep__task_deep,14.0,4.52965,0.06580000000000001,18.59545,False,False,False,1,,,48127.0,stage1_n4__from__root__c04 > stage2_n4__from__n0004__c04 > stage3_n3__from__n0018__c01 > stage4_n2__from__n0059__c01 > stage5_n2__from__n0166__c02,[mms_issue]airplane_mode_on|bad_network_preference|bad_wifi_calling|break_apn_mms_setting|break_app_storage_permission|data_mode_off|data_usage_exceeded|unseat_sim_card|user_abroad_roaming_enabled_off[PERSONA:Easy]
risky_ps_old,PS,94,9,4,67,target_post_switch,target_favoring,False,target_safe_majority_bad,transfer,transfer,FDDDD,FDDDD,"F/F,D/D,D/D,D/D,D/D","general_stage1_intake,target_stage2_router,target_stage3_roaming,target_stage4_repair,target_stage5_decision","general_shared,target_specialist,target_specialist,target_specialist,target_specialist",00000,1,1,1,0,0,4,5,1.0,deep,deep,agent_deep__task_deep,1.0,4.402405,0.0758,5.478205,False,False,True,0,,,46978.0,stage1_n1__from__root__c01 > stage2_n1__from__n0001__c01 > stage3_n2__from__n0006__c02 > stage4_n1__from__n0024__c01 > stage5_n2__from__n0075__c02,[mms_issue]airplane_mode_on|break_apn_mms_setting|break_app_both_permissions|user_abroad_roaming_disabled_off[PERSONA:None]
risky_ps_old,PS,95,9,5,35,target_post_switch,target_favoring,True,target_safe_specialist_good,repair_subset,repair_subset,FDDDD,FDDDD,"F/F,D/D,D/D,D/D,D/D","general_stage1_intake,target_stage2_router,target_stage3_roaming,target_stage4_repair,target_stage5_decision","general_shared,target_specialist,target_specialist,target_specialist,target_specialist",00000,1,1,1,0,0,4,5,1.0,deep,deep,agent_deep__task_deep,2.0,4.98015,0.0758,7.05595,True,True,False,1,,,54726.0,stage1_n1__from__root__c01 > stage2_n1__from__n0001__c01 > stage3_n2__from__n0006__c02 > stage4_n1__from__n0024__c01 > stage5_n2__from__n0075__c02,[mms_issue]airplane_mode_on|bad_network_preference|bad_wifi_calling|break_apn_mms_setting|break_app_both_permissions|data_mode_off|data_usage_exceeded|unseat_sim_card|user_abroad_roaming_disabled_on[PERSONA:Hard]
risky_ps_old,PS,96,9,6,51,target_post_switch,target_favoring,True,trap_like_bad,repair_subset,repair_subset,FDDFD,FDDDD,"F/F,D/D,D/D,F/D,D/D","trap_stage1_intake,barrier_stage2_gate,barrier_stage3_gate,trap_stage4_execute,barrier_stage5_transfer","trap_lane,private_barrier,private_barrier,trap_lane,private_barrier",01101,2,1,1,1,0,3,4,0.8,deep,deep,agent_deep__task_deep,10.0,5.045425,0.0734,15.118825,False,False,False,1,,,46244.0,stage1_n4__from__root__c04 > stage2_n5__from__n0004__c05 > stage3_n5__from__n0019__c03 > stage4_n4__from__n0064__c03 > stage5_n5__from__n0184__c04,[mms_issue]airplane_mode_on|bad_network_preference|bad_wifi_calling|break_apn_mms_setting|break_app_both_permissions|data_mode_off|data_usage_exceeded|unseat_sim_card|user_abroad_roaming_enabled_off[PERSONA:Hard]
risky_ps_old,PS,97,9,7,45,target_post_switch,target_favoring,True,target_safe_specialist_good,repair_all,repair_subset,FDDDD,FDDDD,"F/F,D/D,D/D,D/D,D/D","general_stage1_intake,target_stage2_router,target_stage3_roaming,target_stage4_repair,target_stage5_verify","general_shared,target_specialist,target_specialist,target_specialist,target_specialist",00000,1,1,1,0,0,4,5,1.0,deep,deep,agent_deep__task_deep,11.0,5.5726,0.0752,16.6478,False,False,True,0,,,60550.0,stage1_n1__from__root__c01 > stage2_n1__from__n0001__c01 > stage3_n2__from__n0006__c02 > stage4_n1__from__n0024__c01 > stage5_n1__from__n0075__c01,[mms_issue]airplane_mode_on|bad_network_preference|bad_wifi_calling|break_apn_mms_setting|break_app_both_permissions|data_mode_off|unseat_sim_card|user_abroad_roaming_enabled_off[PERSONA:Hard]
risky_ps_old,PS,98,9,8,40,target_post_switch,target_favoring,True,trap_like_bad,repair_subset,repair_subset,FDFFD,FDDDD,"F/F,D/D,F/D,F/D,D/D","trap_stage1_intake,general_stage2_roaming,trap_stage3_network,trap_stage4_execute,target_stage5_verify","trap_lane,general_shared,trap_lane,trap_lane,target_specialist",00000,3,1,1,2,0,2,3,0.6,fast,deep,agent_fast__task_deep,14.0,4.32211,0.0608,18.382910000000003,False,False,False,1,,,37649.0,stage1_n4__from__root__c04 > stage2_n4__from__n0004__c04 > stage3_n4__from__n0018__c02 > stage4_n4__from__n0060__c03 > stage5_n1__from__n0170__c01,[mms_issue]airplane_mode_on|bad_network_preference|bad_wifi_calling|break_apn_mms_setting|break_app_sms_permission|data_mode_off|data_usage_exceeded|unseat_sim_card|user_abroad_roaming_disabled_on[PERSONA:None]
risky_ps_old,PS,99,9,9,46,target_post_switch,target_favoring,True,trap_like_bad,repair_subset,repair_subset,FFDDD,FDDDD,"F/F,F/D,D/D,D/D,D/D","trap_stage1_intake,general_stage2_core,target_stage3_roaming,target_stage4_repair,target_stage5_verify","trap_lane,general_shared,target_specialist,target_specialist,target_specialist",00000,2,1,1,1,0,3,4,0.8,deep,deep,agent_deep__task_deep,15.0,4.613695,0.07010000000000001,19.683795,False,False,False,1,,,47835.0,stage1_n4__from__root__c04 > stage2_n2__from__n0004__c02 > stage3_n2__from__n0016__c01 > stage4_n1__from__n0052__c01 > stage5_n1__from__n0145__c01,[mms_issue]airplane_mode_on|bad_network_preference|bad_wifi_calling|break_apn_mms_setting|break_app_sms_permission|data_mode_off|data_usage_exceeded|unseat_sim_card|user_abroad_roaming_enabled_off[PERSONA:None]
risky_ps_linear,PS,0,0,0,19,trap_pre_switch,trap_favoring,False,trap_like_good,repair_all,repair_all,FFDDD,FFFFF,"F/F,F/F,D/F,D/F,D/F","trap_stage1_intake,general_stage2_core,general_stage3_network,general_stage4_verify,target_stage5_decision","trap_lane,general_shared,general_shared,general_shared,target_specialist",00000,2,5,2,0,3,0,2,0.4,deep,fast,agent_deep__task_fast,1.5,4.9239,0.06670000000000001,6.4906,False,False,True,0,,,41163.0,stage1_n4__from__root__c04 > stage2_n2__from__n0004__c02 > stage3_n3__from__n0016__c02 > stage4_n3__from__n0053__c02 > stage5_n2__from__n0147__c02,[mms_issue]airplane_mode_on|bad_network_preference|break_app_sms_permission[PERSONA:Hard]
risky_ps_linear,PS,1,0,1,13,trap_pre_switch,trap_favoring,False,neutral,repair_all,repair_all,DFDDF,FFFFF,"D/F,F/F,D/F,D/F,F/F","target_stage1_handoff,general_stage2_core,barrier_stage3_gate,general_stage4_verify,trap_stage5_terminal","general_shared,general_shared,private_barrier,general_shared,trap_lane",00100,2,5,2,0,3,0,2,0.4,deep,fast,agent_deep__task_fast,0.0,4.214565,0.06530000000000001,4.279865,True,True,True,0,,,37074.0,stage1_n3__from__root__c03 > stage2_n2__from__n0003__c02 > stage3_n5__from__n0013__c04 > stage4_n3__from__n0046__c02 > stage5_n4__from__n0130__c04,[mms_issue]airplane_mode_on|bad_wifi_calling|break_app_sms_permission[PERSONA:None]
risky_ps_linear,PS,2,0,2,7,trap_pre_switch,trap_favoring,False,neutral,repair_all,repair_all,FFDDD,FFFFF,"F/F,F/F,D/F,D/F,D/F","barrier_stage1_gate,trap_stage2_router,barrier_stage3_gate,general_stage4_verify,target_stage5_verify","private_barrier,trap_lane,private_barrier,general_shared,target_specialist",10100,2,5,2,0,3,0,2,0.4,deep,fast,agent_deep__task_fast,0.0,3.968825,0.07500000000000001,4.043825,True,True,True,0,,,33248.0,stage1_n5__from__root__c05 > stage2_n3__from__n0005__c01 > stage3_n5__from__n0020__c03 > stage4_n3__from__n0067__c02 > stage5_n1__from__n0193__c01,[mms_issue]airplane_mode_on|bad_wifi_calling|break_app_storage_permission[PERSONA:Easy]
risky_ps_linear,PS,3,0,3,25,trap_pre_switch,trap_favoring,False,neutral,repair_subset,repair_subset,DFDDD,FFFFF,"D/F,F/F,D/F,D/F,D/F","target_stage1_handoff,trap_stage2_router,barrier_stage3_gate,barrier_stage4_gate,target_stage5_decision","general_shared,trap_lane,private_barrier,private_barrier,target_specialist",00110,1,5,1,0,4,0,1,0.2,deep,fast,agent_deep__task_fast,6.5,4.637995,0.0758,11.213795000000001,False,False,False,1,,,37930.0,stage1_n3__from__root__c03 > stage2_n3__from__n0003__c03 > stage3_n5__from__n0014__c03 > stage4_n5__from__n0049__c04 > stage5_n2__from__n0142__c01,[mms_issue]airplane_mode_on|break_app_both_permissions|data_usage_exceeded[PERSONA:Hard]
risky_ps_linear,PS,4,0,4,36,trap_pre_switch,trap_favoring,False,neutral,repair_all,repair_all,DFFDD,FFFFF,"D/F,F/F,F/F,D/F,D/F","general_stage1_verify,trap_stage2_router,trap_stage3_network,general_stage4_repair,target_stage5_verify","general_shared,trap_lane,trap_lane,general_shared,target_specialist",00000,2,5,2,0,3,0,2,0.4,deep,fast,agent_deep__task_fast,1.5,4.97392,0.06420000000000001,6.538119999999999,False,False,True,0,,,42841.0,stage1_n2__from__root__c02 > stage2_n3__from__n0002__c03 > stage3_n4__from__n0011__c02 > stage4_n2__from__n0039__c01 > stage5_n1__from__n0112__c01,[mms_issue]airplane_mode_on|break_app_storage_permission[PERSONA:Easy]
risky_ps_linear,PS,5,0,5,18,trap_pre_switch,trap_favoring,False,trap_safe_overcautious,repair_all,repair_all,FDDDD,FFFFF,"F/F,D/F,D/F,D/F,D/F","general_stage1_intake,target_stage2_router,target_stage3_roaming,target_stage4_repair,target_stage5_verify","general_shared,target_specialist,target_specialist,target_specialist,target_specialist",00000,1,5,1,0,4,0,1,0.2,deep,fast,agent_deep__task_fast,1.5,4.119685,0.0752,5.694884999999999,False,False,True,0,,,33766.0,stage1_n1__from__root__c01 > stage2_n1__from__n0001__c01 > stage3_n2__from__n0006__c02 > stage4_n1__from__n0024__c01 > stage5_n1__from__n0075__c01,[mms_issue]bad_network_preference[PERSONA:None]
risky_ps_linear,PS,6,0,6,24,trap_pre_switch,trap_favoring,False,neutral,repair_all,repair_all,DFDFF,FFFFF,"D/F,F/F,D/F,F/F,F/F","general_stage1_verify,trap_stage2_router,barrier_stage3_gate,trap_stage4_execute,trap_stage5_terminal","general_shared,trap_lane,private_barrier,trap_lane,trap_lane",00100,3,5,3,0,2,0,3,0.6,fast,fast,agent_fast__task_fast,1.5,3.78724,0.0632,5.35044,False,False,True,0,,,36559.0,stage1_n2__from__root__c02 > stage2_n3__from__n0002__c03 > stage3_n5__from__n0011__c03 > stage4_n4__from__n0040__c03 > stage5_n4__from__n0118__c03,[mms_issue]bad_network_preference|break_app_storage_permission[PERSONA:None]
risky_ps_linear,PS,7,0,7,23,trap_pre_switch,trap_favoring,False,trap_like_good,repair_all,repair_all,FFFDD,FFFFF,"F/F,F/F,F/F,D/F,D/F","trap_stage1_intake,trap_stage2_router,trap_stage3_network,general_stage4_verify,target_stage5_verify","trap_lane,trap_lane,trap_lane,general_shared,target_specialist",00000,3,5,3,0,2,0,3,0.6,fast,fast,agent_fast__task_fast,0.0,7.02375,0.0601,7.08385,True,True,True,0,,,62250.0,stage1_n4__from__root__c04 > stage2_n3__from__n0004__c03 > stage3_n4__from__n0017__c02 > stage4_n3__from__n0057__c02 > stage5_n1__from__n0159__c01,[mms_issue]bad_wifi_calling[PERSONA:Easy]
risky_ps_linear,PS,8,0,8,61,trap_pre_switch,trap_favoring,False,trap_like_good,repair_all,repair_all,FDDDD,FFFFF,"F/F,D/F,D/F,D/F,D/F","trap_stage1_intake,general_stage2_roaming,barrier_stage3_gate,barrier_stage4_gate,barrier_stage5_transfer","trap_lane,general_shared,private_barrier,private_barrier,private_barrier",00111,1,5,1,0,4,0,1,0.2,deep,fast,agent_deep__task_fast,0.0,4.67719,0.0726,4.749790000000001,True,True,True,0,,,38236.0,stage1_n4__from__root__c04 > stage2_n4__from__n0004__c04 > stage3_n5__from__n0018__c03 > stage4_n5__from__n0061__c04 > stage5_n5__from__n0175__c03,[mms_issue]bad_wifi_calling|break_app_storage_permission[PERSONA:Easy]
risky_ps_linear,PS,9,0,9,0,trap_pre_switch,trap_favoring,False,neutral,repair_all,repair_all,DFFDD,FFFFF,"D/F,F/F,F/F,D/F,D/F","target_stage1_handoff,general_stage2_core,trap_stage3_network,barrier_stage4_gate,barrier_stage5_transfer","general_shared,general_shared,trap_lane,private_barrier,private_barrier",00011,2,5,2,0,3,0,2,0.4,deep,fast,agent_deep__task_fast,1.5,4.11906,0.0731,5.69216,False,False,True,0,,,35928.0,stage1_n3__from__root__c03 > stage2_n2__from__n0003__c02 > stage3_n4__from__n0013__c03 > stage4_n5__from__n0045__c04 > stage5_n5__from__n0128__c03,[mms_issue]break_app_both_permissions[PERSONA:Hard]
risky_ps_linear,PS,10,1,0,19,trap_pre_switch,trap_favoring,False,neutral,repair_all,repair_all,DFDDD,FFFFF,"D/F,F/F,D/F,D/F,D/F","general_stage1_verify,trap_stage2_router,general_stage3_network,general_stage4_repair,target_stage5_decision","general_shared,trap_lane,general_shared,general_shared,target_specialist",00000,1,5,1,0,4,0,1,0.2,deep,fast,agent_deep__task_fast,1.5,5.51861,0.0669,7.085509999999999,False,False,True,0,,,45299.0,stage1_n2__from__root__c02 > stage2_n3__from__n0002__c03 > stage3_n3__from__n0011__c01 > stage4_n2__from__n0038__c01 > stage5_n2__from__n0110__c02,[mms_issue]airplane_mode_on|bad_network_preference|break_app_sms_permission[PERSONA:Hard]
risky_ps_linear,PS,11,1,1,13,trap_pre_switch,trap_favoring,False,trap_like_good,repair_all,repair_all,FDDDD,FFFFF,"F/F,D/F,D/F,D/F,D/F","trap_stage1_intake,target_stage2_router,target_stage3_roaming,target_stage4_repair,target_stage5_verify","trap_lane,target_specialist,target_specialist,target_specialist,target_specialist",00000,1,5,1,0,4,0,1,0.2,deep,fast,agent_deep__task_fast,0.0,4.66039,0.0741,4.734489999999999,True,True,True,0,,,37915.0,stage1_n4__from__root__c04 > stage2_n1__from__n0004__c01 > stage3_n2__from__n0015__c02 > stage4_n1__from__n0051__c01 > stage5_n1__from__n0144__c01,[mms_issue]airplane_mode_on|bad_wifi_calling|break_app_sms_permission[PERSONA:None]
risky_ps_linear,PS,12,1,2,7,trap_pre_switch,trap_favoring,False,trap_safe_overcautious,repair_all,repair_all,DDDDD,FFFFF,"D/F,D/F,D/F,D/F,D/F","general_stage1_verify,target_stage2_router,target_stage3_apn,target_stage4_repair,target_stage5_verify","general_shared,target_specialist,target_specialist,target_specialist,target_specialist",00000,0,5,0,0,5,0,0,0.0,deep,fast,agent_deep__task_fast,0.0,5.28126,0.07600000000000001,5.357259999999999,True,True,True,0,,,42117.0,stage1_n2__from__root__c02 > stage2_n1__from__n0002__c01 > stage3_n1__from__n0009__c01 > stage4_n1__from__n0032__c01 > stage5_n1__from__n0097__c01,[mms_issue]airplane_mode_on|bad_wifi_calling|break_app_storage_permission[PERSONA:Easy]
risky_ps_linear,PS,13,1,3,25,trap_pre_switch,trap_favoring,False,neutral,repair_subset,repair_subset,FDFFD,FFFFF,"F/F,D/F,F/F,F/F,D/F","barrier_stage1_gate,barrier_stage2_gate,trap_stage3_network,trap_stage4_execute,general_stage5_verify","private_barrier,private_barrier,trap_lane,trap_lane,general_shared",11000,3,5,3,0,2,0,3,0.6,fast,fast,agent_fast__task_fast,4.0,3.802535,0.06830000000000001,7.870835,False,False,False,1,,,35261.0,stage1_n5__from__root__c05 > stage2_n5__from__n0005__c03 > stage3_n4__from__n0022__c02 > stage4_n4__from__n0072__c03 > stage5_n3__from__n0210__c02,[mms_issue]airplane_mode_on|break_app_both_permissions|data_usage_exceeded[PERSONA:Hard]
risky_ps_linear,PS,14,1,4,36,trap_pre_switch,trap_favoring,False,neutral,repair_all,repair_all,FFDDD,FFFFF,"F/F,F/F,D/F,D/F,D/F","general_stage1_intake,trap_stage2_router,general_stage3_network,general_stage4_repair,target_stage5_decision","general_shared,trap_lane,general_shared,general_shared,target_specialist",00000,2,5,2,0,3,0,2,0.4,deep,fast,agent_deep__task_fast,1.5,3.956315,0.0661,5.5224150000000005,False,False,True,0,,,33182.0,stage1_n1__from__root__c01 > stage2_n3__from__n0001__c03 > stage3_n3__from__n0008__c01 > stage4_n2__from__n0029__c01 > stage5_n2__from__n0087__c02,[mms_issue]airplane_mode_on|break_app_storage_permission[PERSONA:Easy]
risky_ps_linear,PS,15,1,5,18,trap_pre_switch,trap_favoring,False,trap_safe_overcautious,repair_all,repair_all,FDDDD,FFFFF,"F/F,D/F,D/F,D/F,D/F","general_stage1_intake,target_stage2_router,target_stage3_apn,target_stage4_repair,target_stage5_decision","general_shared,target_specialist,target_specialist,target_specialist,target_specialist",00000,1,5,1,0,4,0,1,0.2,deep,fast,agent_deep__task_fast,1.5,4.107725,0.07900000000000001,5.686725,False,False,True,0,,,33740.0,stage1_n1__from__root__c01 > stage2_n1__from__n0001__c01 > stage3_n1__from__n0006__c01 > stage4_n1__from__n0023__c01 > stage5_n2__from__n0074__c02,[mms_issue]bad_network_preference[PERSONA:None]
risky_ps_linear,PS,16,1,6,24,trap_pre_switch,trap_favoring,False,trap_safe_overcautious,repair_all,repair_all,FDDDD,FFFFF,"F/F,D/F,D/F,D/F,D/F","general_stage1_intake,target_stage2_router,target_stage3_apn,target_stage4_repair,target_stage5_verify","general_shared,target_specialist,target_specialist,target_specialist,target_specialist",00000,1,5,1,0,4,0,1,0.2,deep,fast,agent_deep__task_fast,1.5,4.34674,0.07750000000000001,5.924239999999999,False,False,True,0,,,35548.0,stage1_n1__from__root__c01 > stage2_n1__from__n0001__c01 > stage3_n1__from__n0006__c01 > stage4_n1__from__n0023__c01 > stage5_n1__from__n0074__c01,[mms_issue]bad_network_preference|break_app_storage_permission[PERSONA:None]
risky_ps_linear,PS,17,1,7,23,trap_pre_switch,trap_favoring,False,neutral,repair_all,repair_all,FDDDD,FFFFF,"F/F,D/F,D/F,D/F,D/F","barrier_stage1_gate,barrier_stage2_gate,barrier_stage3_gate,general_stage4_repair,target_stage5_decision","private_barrier,private_barrier,private_barrier,general_shared,target_specialist",11100,1,5,1,0,4,0,1,0.2,deep,fast,agent_deep__task_fast,0.0,8.92927,0.0795,9.00877,True,True,True,0,,,74683.0,stage1_n5__from__root__c05 > stage2_n5__from__n0005__c03 > stage3_n5__from__n0022__c03 > stage4_n2__from__n0073__c01 > stage5_n2__from__n0212__c02,[mms_issue]bad_wifi_calling[PERSONA:Easy]
risky_ps_linear,PS,18,1,8,61,trap_pre_switch,trap_favoring,False,trap_safe_overcautious,repair_all,repair_all,DFDDD,FFFFF,"D/F,F/F,D/F,D/F,D/F","general_stage1_verify,general_stage2_core,target_stage3_roaming,target_stage4_repair,target_stage5_verify","general_shared,general_shared,target_specialist,target_specialist,target_specialist",00000,1,5,1,0,4,0,1,0.2,deep,fast,agent_deep__task_fast,0.0,4.846505,0.0721,4.9186049999999994,True,True,True,0,,,40004.0,stage1_n2__from__root__c02 > stage2_n2__from__n0002__c02 > stage3_n2__from__n0010__c01 > stage4_n1__from__n0034__c01 > stage5_n1__from__n0099__c01,[mms_issue]bad_wifi_calling|break_app_storage_permission[PERSONA:Easy]
risky_ps_linear,PS,19,1,9,0,trap_pre_switch,trap_favoring,False,trap_safe_overcautious,repair_all,repair_all,DDDDD,FFFFF,"D/F,D/F,D/F,D/F,D/F","target_stage1_handoff,target_stage2_router,target_stage3_roaming,target_stage4_repair,target_stage5_decision","general_shared,target_specialist,target_specialist,target_specialist,target_specialist",00000,0,5,0,0,5,0,0,0.0,deep,fast,agent_deep__task_fast,1.5,5.082425,0.07600000000000001,6.658424999999999,False,False,True,0,,,40919.0,stage1_n3__from__root__c03 > stage2_n1__from__n0003__c01 > stage3_n2__from__n0012__c02 > stage4_n1__from__n0042__c01 > stage5_n2__from__n0121__c02,[mms_issue]break_app_both_permissions[PERSONA:Hard]
risky_ps_linear,PS,20,2,0,19,trap_pre_switch,trap_favoring,False,neutral,repair_all,repair_all,FFDDD,FFFFF,"F/F,F/F,D/F,D/F,D/F","barrier_stage1_gate,trap_stage2_router,general_stage3_network,general_stage4_verify,target_stage5_decision","private_barrier,trap_lane,general_shared,general_shared,target_specialist",10000,2,5,2,0,3,0,2,0.4,deep,fast,agent_deep__task_fast,1.5,4.90642,0.0725,6.47892,False,False,True,0,,,41125.0,stage1_n5__from__root__c05 > stage2_n3__from__n0005__c01 > stage3_n3__from__n0020__c01 > stage4_n3__from__n0065__c02 > stage5_n2__from__n0187__c02,[mms_issue]airplane_mode_on|bad_network_preference|break_app_sms_permission[PERSONA:Hard]
risky_ps_linear,PS,21,2,1,13,trap_pre_switch,trap_favoring,False,neutral,repair_all,repair_all,DFDDD,FFFFF,"D/F,F/F,D/F,D/F,D/F","general_stage1_verify,general_stage2_core,barrier_stage3_gate,general_stage4_verify,general_stage5_verify","general_shared,general_shared,private_barrier,general_shared,general_shared",00100,1,5,1,0,4,0,1,0.2,deep,fast,agent_deep__task_fast,0.0,4.558535,0.06720000000000001,4.625735,True,True,True,0,,,37364.0,stage1_n2__from__root__c02 > stage2_n2__from__n0002__c02 > stage3_n5__from__n0010__c04 > stage4_n3__from__n0037__c02 > stage5_n3__from__n0107__c03,[mms_issue]airplane_mode_on|bad_wifi_calling|break_app_sms_permission[PERSONA:None]
risky_ps_linear,PS,22,2,2,7,trap_pre_switch,trap_favoring,False,neutral,repair_all,repair_all,FFDDD,FFFFF,"F/F,F/F,D/F,D/F,D/F","general_stage1_intake,general_stage2_core,general_stage3_network,general_stage4_verify,general_stage5_verify","general_shared,general_shared,general_shared,general_shared,general_shared",00000,2,5,2,0,3,0,2,0.4,deep,fast,agent_deep__task_fast,0.0,3.944445,0.0671,4.011545,True,True,True,0,,,33195.0,stage1_n1__from__root__c01 > stage2_n2__from__n0001__c02 > stage3_n3__from__n0007__c02 > stage4_n3__from__n0026__c02 > stage5_n3__from__n0078__c03,[mms_issue]airplane_mode_on|bad_wifi_calling|break_app_storage_permission[PERSONA:Easy]
risky_ps_linear,PS,23,2,3,25,trap_pre_switch,trap_favoring,False,trap_safe_overcautious,repair_subset,repair_subset,DDDDD,FFFFF,"D/F,D/F,D/F,D/F,D/F","target_stage1_handoff,target_stage2_router,target_stage3_roaming,target_stage4_repair,target_stage5_verify","general_shared,target_specialist,target_specialist,target_specialist,target_specialist",00000,0,5,0,0,5,0,0,0.0,deep,fast,agent_deep__task_fast,6.0,5.005145,0.07750000000000001,11.082645,False,False,False,1,,,40010.0,stage1_n3__from__root__c03 > stage2_n1__from__n0003__c01 > stage3_n2__from__n0012__c02 > stage4_n1__from__n0042__c01 > stage5_n1__from__n0121__c01,[mms_issue]airplane_mode_on|break_app_both_permissions|data_usage_exceeded[PERSONA:Hard]
risky_ps_linear,PS,24,2,4,36,trap_pre_switch,trap_favoring,False,neutral,repair_all,repair_all,FFDDD,FFFFF,"F/F,F/F,D/F,D/F,D/F","general_stage1_intake,general_stage2_core,barrier_stage3_gate,general_stage4_verify,target_stage5_decision","general_shared,general_shared,private_barrier,general_shared,target_specialist",00100,2,5,2,0,3,0,2,0.4,deep,fast,agent_deep__task_fast,1.5,3.955855,0.0718,5.527655,False,False,True,0,,,33181.0,stage1_n1__from__root__c01 > stage2_n2__from__n0001__c02 > stage3_n5__from__n0007__c04 > stage4_n3__from__n0028__c02 > stage5_n2__from__n0084__c02,[mms_issue]airplane_mode_on|break_app_storage_permission[PERSONA:Easy]
risky_ps_linear,PS,25,2,5,35,target_post_switch,target_favoring,True,neutral,repair_subset,transfer,FDDDD,FDDDD,"F/F,D/D,D/D,D/D,D/D","barrier_stage1_gate,general_stage2_roaming,barrier_stage3_gate,general_stage4_repair,target_stage5_decision","private_barrier,general_shared,private_barrier,general_shared,target_specialist",10100,1,1,1,0,0,4,5,1.0,deep,deep,agent_deep__task_deep,18.5,5.027325,0.0742,23.601525000000002,False,False,False,1,,,53559.0,stage1_n5__from__root__c05 > stage2_n4__from__n0005__c02 > stage3_n5__from__n0021__c03 > stage4_n2__from__n0070__c01 > stage5_n2__from__n0202__c02,[mms_issue]airplane_mode_on|bad_network_preference|bad_wifi_calling|break_apn_mms_setting|break_app_both_permissions|data_mode_off|data_usage_exceeded|unseat_sim_card|user_abroad_roaming_disabled_on[PERSONA:Hard]
risky_ps_linear,PS,26,2,6,51,target_post_switch,target_favoring,True,target_safe_specialist_good,repair_subset,repair_subset,DDDDD,FDDDD,"D/F,D/D,D/D,D/D,D/D","general_stage1_verify,target_stage2_router,target_stage3_apn,target_stage4_repair,target_stage5_verify","general_shared,target_specialist,target_specialist,target_specialist,target_specialist",00000,0,1,0,0,1,4,4,0.8,deep,deep,agent_deep__task_deep,2.0,5.16959,0.07600000000000001,7.24559,True,True,False,1,,,52814.0,stage1_n2__from__root__c02 > stage2_n1__from__n0002__c01 > stage3_n1__from__n0009__c01 > stage4_n1__from__n0032__c01 > stage5_n1__from__n0097__c01,[mms_issue]airplane_mode_on|bad_network_preference|bad_wifi_calling|break_apn_mms_setting|break_app_both_permissions|data_mode_off|data_usage_exceeded|unseat_sim_card|user_abroad_roaming_enabled_off[PERSONA:Hard]
risky_ps_linear,PS,27,2,7,45,target_post_switch,target_favoring,True,target_safe_specialist_good,repair_all,repair_subset,DDDDD,FDDDD,"D/F,D/D,D/D,D/D,D/D","target_stage1_handoff,target_stage2_router,target_stage3_apn,target_stage4_repair,target_stage5_verify","general_shared,target_specialist,target_specialist,target_specialist,target_specialist",00000,0,1,0,0,1,4,4,0.8,deep,deep,agent_deep__task_deep,11.0,6.16536,0.07650000000000001,17.24186,False,False,True,0,,,64707.0,stage1_n3__from__root__c03 > stage2_n1__from__n0003__c01 > stage3_n1__from__n0012__c01 > stage4_n1__from__n0041__c01 > stage5_n1__from__n0120__c01,[mms_issue]airplane_mode_on|bad_network_preference|bad_wifi_calling|break_apn_mms_setting|break_app_both_permissions|data_mode_off|unseat_sim_card|user_abroad_roaming_enabled_off[PERSONA:Hard]
risky_ps_linear,PS,28,2,8,40,target_post_switch,target_favoring,True,target_safe_specialist_good,repair_subset,repair_subset,FFDDD,FDDDD,"F/F,F/D,D/D,D/D,D/D","general_stage1_intake,general_stage2_core,target_stage3_roaming,target_stage4_repair,target_stage5_decision","general_shared,general_shared,target_specialist,target_specialist,target_specialist",00000,2,1,1,1,0,3,4,0.8,deep,deep,agent_deep__task_deep,3.0,4.59083,0.0736,7.66443,False,False,False,1,,,47743.0,stage1_n1__from__root__c01 > stage2_n2__from__n0001__c02 > stage3_n2__from__n0007__c01 > stage4_n1__from__n0025__c01 > stage5_n2__from__n0076__c02,[mms_issue]airplane_mode_on|bad_network_preference|bad_wifi_calling|break_apn_mms_setting|break_app_sms_permission|data_mode_off|data_usage_exceeded|unseat_sim_card|user_abroad_roaming_disabled_on[PERSONA:None]
risky_ps_linear,PS,29,2,9,46,target_post_switch,target_favoring,True,neutral,repair_subset,repair_subset,FFDDD,FDDDD,"F/F,F/D,D/D,D/D,D/D","general_stage1_intake,trap_stage2_router,barrier_stage3_gate,general_stage4_repair,target_stage5_verify","general_shared,trap_lane,private_barrier,general_shared,target_specialist",00100,2,1,1,1,0,3,4,0.8,deep,deep,agent_deep__task_deep,15.0,6.0003,0.071,21.0713,False,False,False,1,,,64370.0,stage1_n1__from__root__c01 > stage2_n3__from__n0001__c03 > stage3_n5__from__n0008__c03 > stage4_n2__from__n0031__c01 > stage5_n1__from__n0093__c01,[mms_issue]airplane_mode_on|bad_network_preference|bad_wifi_calling|break_apn_mms_setting|break_app_sms_permission|data_mode_off|data_usage_exceeded|unseat_sim_card|user_abroad_roaming_enabled_off[PERSONA:None]
risky_ps_linear,PS,30,3,0,16,target_post_switch,target_favoring,True,trap_like_bad,repair_subset,repair_subset,FDDDD,FDDDD,"F/F,D/D,D/D,D/D,D/D","trap_stage1_intake,barrier_stage2_gate,general_stage3_network,general_stage4_verify,general_stage5_verify","trap_lane,private_barrier,general_shared,general_shared,general_shared",01000,1,1,1,0,0,4,5,1.0,deep,deep,agent_deep__task_deep,2.0,4.828425,0.0675,6.895925,True,True,False,1,,,52416.0,stage1_n4__from__root__c04 > stage2_n5__from__n0004__c05 > stage3_n3__from__n0019__c01 > stage4_n3__from__n0062__c02 > stage5_n3__from__n0177__c03,[mms_issue]airplane_mode_on|bad_network_preference|bad_wifi_calling|break_apn_mms_setting|break_app_sms_permission|data_mode_off|data_usage_exceeded|user_abroad_roaming_disabled_on[PERSONA:None]
risky_ps_linear,PS,31,3,1,65,target_post_switch,target_favoring,True,trap_like_bad,repair_all,repair_subset,FDFFD,FDDDD,"F/F,D/D,F/D,F/D,D/D","trap_stage1_intake,general_stage2_roaming,trap_stage3_network,trap_stage4_execute,target_stage5_verify","trap_lane,general_shared,trap_lane,trap_lane,target_specialist",00000,3,1,1,2,0,2,3,0.6,fast,deep,agent_fast__task_deep,5.0,5.136145,0.0608,10.196945,False,False,False,1,,,43200.0,stage1_n4__from__root__c04 > stage2_n4__from__n0004__c04 > stage3_n4__from__n0018__c02 > stage4_n4__from__n0060__c03 > stage5_n1__from__n0170__c01,[mms_issue]airplane_mode_on|bad_network_preference|bad_wifi_calling|break_apn_mms_setting|break_app_sms_permission|data_mode_off|unseat_sim_card|user_abroad_roaming_enabled_off[PERSONA:None]
risky_ps_linear,PS,32,3,2,11,target_post_switch,target_favoring,True,neutral,repair_subset,repair_subset,FFDDD,FDDDD,"F/F,F/D,D/D,D/D,D/D","barrier_stage1_gate,trap_stage2_router,general_stage3_network,general_stage4_repair,target_stage5_decision","private_barrier,trap_lane,general_shared,general_shared,target_specialist",10000,2,1,1,1,0,3,4,0.8,deep,deep,agent_deep__task_deep,3.0,4.58855,0.0711,7.659649999999999,False,False,False,1,,,47745.0,stage1_n5__from__root__c05 > stage2_n3__from__n0005__c01 > stage3_n3__from__n0020__c01 > stage4_n2__from__n0065__c01 > stage5_n2__from__n0186__c02,[mms_issue]airplane_mode_on|bad_network_preference|bad_wifi_calling|break_apn_mms_setting|break_app_storage_permission|data_mode_off|data_usage_exceeded|unseat_sim_card|user_abroad_roaming_disabled_on[PERSONA:Easy]
risky_ps_linear,PS,33,3,3,17,target_post_switch,target_favoring,True,target_safe_specialist_good,repair_subset,transfer,DDDDD,FDDDD,"D/F,D/D,D/D,D/D,D/D","general_stage1_verify,target_stage2_router,target_stage3_roaming,target_stage4_repair,target_stage5_verify","general_shared,target_specialist,target_specialist,target_specialist,target_specialist",00000,0,1,0,0,1,4,4,0.8,deep,deep,agent_deep__task_deep,20.5,5.540495,0.0748,26.115295,False,False,False,1,,,57059.0,stage1_n2__from__root__c02 > stage2_n1__from__n0002__c01 > stage3_n2__from__n0009__c02 > stage4_n1__from__n0033__c01 > stage5_n1__from__n0098__c01,[mms_issue]airplane_mode_on|bad_network_preference|bad_wifi_calling|break_apn_mms_setting|break_app_storage_permission|data_mode_off|data_usage_exceeded|unseat_sim_card|user_abroad_roaming_enabled_off[PERSONA:Easy]
risky_ps_linear,PS,34,3,4,67,target_post_switch,target_favoring,False,trap_like_bad,transfer,transfer,FFDDD,FDDDD,"F/F,F/D,D/D,D/D,D/D","trap_stage1_intake,trap_stage2_router,general_stage3_network,general_stage4_repair,target_stage5_decision","trap_lane,trap_lane,general_shared,general_shared,target_specialist",00000,2,1,1,1,0,3,4,0.8,deep,deep,agent_deep__task_deep,3.0,4.43485,0.061700000000000005,7.49655,False,False,False,1,,,46580.0,stage1_n4__from__root__c04 > stage2_n3__from__n0004__c03 > stage3_n3__from__n0017__c01 > stage4_n2__from__n0056__c01 > stage5_n2__from__n0156__c02,[mms_issue]airplane_mode_on|break_apn_mms_setting|break_app_both_permissions|user_abroad_roaming_disabled_off[PERSONA:None]
risky_ps_linear,PS,35,3,5,35,target_post_switch,target_favoring,True,neutral,repair_subset,repair_subset,FDFDD,FDDDD,"F/F,D/D,F/D,D/D,D/D","barrier_stage1_gate,general_stage2_roaming,trap_stage3_network,general_stage4_verify,general_stage5_verify","private_barrier,general_shared,trap_lane,general_shared,general_shared",10000,2,1,1,1,0,3,4,0.8,deep,deep,agent_deep__task_deep,2.0,4.84623,0.06770000000000001,6.913930000000001,True,True,False,1,,,48387.0,stage1_n5__from__root__c05 > stage2_n4__from__n0005__c02 > stage3_n4__from__n0021__c02 > stage4_n3__from__n0069__c02 > stage5_n3__from__n0199__c03,[mms_issue]airplane_mode_on|bad_network_preference|bad_wifi_calling|break_apn_mms_setting|break_app_both_permissions|data_mode_off|data_usage_exceeded|unseat_sim_card|user_abroad_roaming_disabled_on[PERSONA:Hard]
risky_ps_linear,PS,36,3,6,51,target_post_switch,target_favoring,True,neutral,repair_subset,repair_subset,FDDDD,FDDDD,"F/F,D/D,D/D,D/D,D/D","barrier_stage1_gate,general_stage2_roaming,general_stage3_network,general_stage4_repair,target_stage5_verify","private_barrier,general_shared,general_shared,general_shared,target_specialist",10000,1,1,1,0,0,4,5,1.0,deep,deep,agent_deep__task_deep,13.0,5.339785,0.0732,18.412985,False,False,False,1,,,58132.0,stage1_n5__from__root__c05 > stage2_n4__from__n0005__c02 > stage3_n3__from__n0021__c01 > stage4_n2__from__n0068__c01 > stage5_n1__from__n0196__c01,[mms_issue]airplane_mode_on|bad_network_preference|bad_wifi_calling|break_apn_mms_setting|break_app_both_permissions|data_mode_off|data_usage_exceeded|unseat_sim_card|user_abroad_roaming_enabled_off[PERSONA:Hard]
risky_ps_linear,PS,37,3,7,45,target_post_switch,target_favoring,True,neutral,repair_all,repair_subset,FFFFD,FDDDD,"F/F,F/D,F/D,F/D,D/D","general_stage1_intake,general_stage2_core,trap_stage3_network,trap_stage4_execute,general_stage5_verify","general_shared,general_shared,trap_lane,trap_lane,general_shared",00000,4,1,1,3,0,1,2,0.4,fast,deep,agent_fast__task_deep,5.0,5.13396,0.0623,10.196259999999999,False,False,False,1,,,41271.0,stage1_n1__from__root__c01 > stage2_n2__from__n0001__c02 > stage3_n4__from__n0007__c03 > stage4_n4__from__n0027__c03 > stage5_n3__from__n0081__c02,[mms_issue]airplane_mode_on|bad_network_preference|bad_wifi_calling|break_apn_mms_setting|break_app_both_permissions|data_mode_off|unseat_sim_card|user_abroad_roaming_enabled_off[PERSONA:Hard]
risky_ps_linear,PS,38,3,8,40,target_post_switch,target_favoring,True,neutral,repair_subset,transfer,FDDDD,FDDDD,"F/F,D/D,D/D,D/D,D/D","barrier_stage1_gate,barrier_stage2_gate,general_stage3_network,general_stage4_repair,target_stage5_decision","private_barrier,private_barrier,general_shared,general_shared,target_specialist",11000,1,1,1,0,0,4,5,1.0,deep,deep,agent_deep__task_deep,18.5,4.958475,0.0777,23.536175,False,False,False,1,,,52962.0,stage1_n5__from__root__c05 > stage2_n5__from__n0005__c03 > stage3_n3__from__n0022__c01 > stage4_n2__from__n0071__c01 > stage5_n2__from__n0206__c02,[mms_issue]airplane_mode_on|bad_network_preference|bad_wifi_calling|break_apn_mms_setting|break_app_sms_permission|data_mode_off|data_usage_exceeded|unseat_sim_card|user_abroad_roaming_disabled_on[PERSONA:None]
risky_ps_linear,PS,39,3,9,46,target_post_switch,target_favoring,True,trap_like_bad,repair_subset,repair_subset,FDFDD,FDDDD,"F/F,D/D,F/D,D/D,D/D","trap_stage1_intake,barrier_stage2_gate,trap_stage3_network,general_stage4_repair,target_stage5_decision","trap_lane,private_barrier,trap_lane,general_shared,target_specialist",01000,2,1,1,1,0,3,4,0.8,deep,deep,agent_deep__task_deep,14.0,4.81927,0.0675,18.886770000000002,False,False,False,1,,,47948.0,stage1_n4__from__root__c04 > stage2_n5__from__n0004__c05 > stage3_n4__from__n0019__c02 > stage4_n2__from__n0063__c01 > stage5_n2__from__n0178__c02,[mms_issue]airplane_mode_on|bad_network_preference|bad_wifi_calling|break_apn_mms_setting|break_app_sms_permission|data_mode_off|data_usage_exceeded|unseat_sim_card|user_abroad_roaming_enabled_off[PERSONA:None]
risky_ps_linear,PS,40,4,0,16,target_post_switch,target_favoring,True,target_safe_specialist_good,repair_subset,repair_subset,FFDDD,FDDDD,"F/F,F/D,D/D,D/D,D/D","general_stage1_intake,general_stage2_core,target_stage3_roaming,target_stage4_repair,target_stage5_decision","general_shared,general_shared,target_specialist,target_specialist,target_specialist",00000,2,1,1,1,0,3,4,0.8,deep,deep,agent_deep__task_deep,17.5,3.790565,0.0736,21.364165,False,False,False,1,,,39105.0,stage1_n1__from__root__c01 > stage2_n2__from__n0001__c02 > stage3_n2__from__n0007__c01 > stage4_n1__from__n0025__c01 > stage5_n2__from__n0076__c02,[mms_issue]airplane_mode_on|bad_network_preference|bad_wifi_calling|break_apn_mms_setting|break_app_sms_permission|data_mode_off|data_usage_exceeded|user_abroad_roaming_disabled_on[PERSONA:None]
risky_ps_linear,PS,41,4,1,65,target_post_switch,target_favoring,True,neutral,repair_all,repair_all,DFFDD,FDDDD,"D/F,F/D,F/D,D/D,D/D","target_stage1_handoff,trap_stage2_router,trap_stage3_network,general_stage4_verify,target_stage5_decision","general_shared,trap_lane,trap_lane,general_shared,target_specialist",00000,2,1,0,2,1,2,2,0.4,deep,deep,agent_deep__task_deep,0.0,5.67472,0.0645,5.7392199999999995,True,True,True,0,,,53954.0,stage1_n3__from__root__c03 > stage2_n3__from__n0003__c03 > stage3_n4__from__n0014__c02 > stage4_n3__from__n0048__c02 > stage5_n2__from__n0136__c02,[mms_issue]airplane_mode_on|bad_network_preference|bad_wifi_calling|break_apn_mms_setting|break_app_sms_permission|data_mode_off|unseat_sim_card|user_abroad_roaming_enabled_off[PERSONA:None]
risky_ps_linear,PS,42,4,2,11,target_post_switch,target_favoring,True,target_decoy_medium,repair_subset,transfer,FFDDD,FDDDD,"F/F,F/D,D/D,D/D,D/D","general_stage1_intake,general_stage2_core,barrier_stage3_gate,barrier_stage4_gate,target_stage5_decision","general_shared,general_shared,private_barrier,private_barrier,target_specialist",00110,2,1,1,1,0,3,4,0.8,deep,deep,agent_deep__task_deep,19.5,4.543755,0.07680000000000001,24.120555,False,False,False,1,,,46447.0,stage1_n1__from__root__c01 > stage2_n2__from__n0001__c02 > stage3_n5__from__n0007__c04 > stage4_n5__from__n0028__c04 > stage5_n2__from__n0086__c01,[mms_issue]airplane_mode_on|bad_network_preference|bad_wifi_calling|break_apn_mms_setting|break_app_storage_permission|data_mode_off|data_usage_exceeded|unseat_sim_card|user_abroad_roaming_disabled_on[PERSONA:Easy]
risky_ps_linear,PS,43,4,3,17,target_post_switch,target_favoring,True,trap_like_bad,repair_subset,transfer,FFDDD,FDDDD,"F/F,F/D,D/D,D/D,D/D","trap_stage1_intake,trap_stage2_router,barrier_stage3_gate,general_stage4_repair,target_stage5_decision","trap_lane,trap_lane,private_barrier,general_shared,target_specialist",00100,2,1,1,1,0,3,4,0.8,deep,deep,agent_deep__task_deep,21.5,4.023385,0.06730000000000001,25.590685,False,False,False,1,,,40727.0,stage1_n4__from__root__c04 > stage2_n3__from__n0004__c03 > stage3_n5__from__n0017__c03 > stage4_n2__from__n0058__c01 > stage5_n2__from__n0162__c02,[mms_issue]airplane_mode_on|bad_network_preference|bad_wifi_calling|break_apn_mms_setting|break_app_storage_permission|data_mode_off|data_usage_exceeded|unseat_sim_card|user_abroad_roaming_enabled_off[PERSONA:Easy]
risky_ps_linear,PS,44,4,4,67,target_post_switch,target_favoring,False,target_safe_majority_bad,transfer,transfer,DDDDD,FDDDD,"D/F,D/D,D/D,D/D,D/D","general_stage1_verify,target_stage2_router,target_stage3_roaming,target_stage4_repair,target_stage5_decision","general_shared,target_specialist,target_specialist,target_specialist,target_specialist",00000,0,1,0,0,1,4,4,0.8,deep,deep,agent_deep__task_deep,1.0,4.967945,0.0753,6.043245000000001,False,False,True,0,,,51026.0,stage1_n2__from__root__c02 > stage2_n1__from__n0002__c01 > stage3_n2__from__n0009__c02 > stage4_n1__from__n0033__c01 > stage5_n2__from__n0098__c02,[mms_issue]airplane_mode_on|break_apn_mms_setting|break_app_both_permissions|user_abroad_roaming_disabled_off[PERSONA:None]
risky_ps_linear,PS,45,4,5,35,target_post_switch,target_favoring,True,trap_like_bad,repair_subset,repair_subset,FFFFD,FDDDD,"F/F,F/D,F/D,F/D,D/D","trap_stage1_intake,general_stage2_core,trap_stage3_network,trap_stage4_execute,barrier_stage5_transfer","trap_lane,general_shared,trap_lane,trap_lane,private_barrier",00001,4,1,1,3,0,1,2,0.4,fast,deep,agent_fast__task_deep,9.0,5.428645,0.0618,14.490445000000001,False,False,False,1,,,45945.0,stage1_n4__from__root__c04 > stage2_n2__from__n0004__c02 > stage3_n4__from__n0016__c03 > stage4_n4__from__n0054__c03 > stage5_n5__from__n0150__c04,[mms_issue]airplane_mode_on|bad_network_preference|bad_wifi_calling|break_apn_mms_setting|break_app_both_permissions|data_mode_off|data_usage_exceeded|unseat_sim_card|user_abroad_roaming_disabled_on[PERSONA:Hard]
risky_ps_linear,PS,46,4,6,51,target_post_switch,target_favoring,True,trap_like_bad,repair_subset,repair_subset,FDDDD,FDDDD,"F/F,D/D,D/D,D/D,D/D","trap_stage1_intake,target_stage2_router,target_stage3_apn,target_stage4_repair,target_stage5_decision","trap_lane,target_specialist,target_specialist,target_specialist,target_specialist",00000,1,1,1,0,0,4,5,1.0,deep,deep,agent_deep__task_deep,2.0,4.56008,0.0724,6.63248,True,True,False,1,,,48602.0,stage1_n4__from__root__c04 > stage2_n1__from__n0004__c01 > stage3_n1__from__n0015__c01 > stage4_n1__from__n0050__c01 > stage5_n2__from__n0143__c02,[mms_issue]airplane_mode_on|bad_network_preference|bad_wifi_calling|break_apn_mms_setting|break_app_both_permissions|data_mode_off|data_usage_exceeded|unseat_sim_card|user_abroad_roaming_enabled_off[PERSONA:Hard]
risky_ps_linear,PS,47,4,7,45,target_post_switch,target_favoring,True,trap_like_bad,repair_all,repair_subset,FDDDD,FDDDD,"F/F,D/D,D/D,D/D,D/D","trap_stage1_intake,general_stage2_roaming,general_stage3_network,general_stage4_verify,target_stage5_verify","trap_lane,general_shared,general_shared,general_shared,target_specialist",00000,1,1,1,0,0,4,5,1.0,deep,deep,agent_deep__task_deep,11.0,5.5352,0.0651,16.600299999999997,False,False,True,0,,,60422.0,stage1_n4__from__root__c04 > stage2_n4__from__n0004__c04 > stage3_n3__from__n0018__c01 > stage4_n3__from__n0059__c02 > stage5_n1__from__n0167__c01,[mms_issue]airplane_mode_on|bad_network_preference|bad_wifi_calling|break_apn_mms_setting|break_app_both_permissions|data_mode_off|unseat_sim_card|user_abroad_roaming_enabled_off[PERSONA:Hard]
risky_ps_linear,PS,48,4,8,40,target_post_switch,target_favoring,True,neutral,repair_subset,transfer,DFFDF,FDDDD,"D/F,F/D,F/D,D/D,F/D","target_stage1_handoff,general_stage2_core,trap_stage3_network,general_stage4_verify,trap_stage5_terminal","general_shared,general_shared,trap_lane,general_shared,trap_lane",00000,3,1,0,3,1,1,1,0.2,fast,deep,agent_fast__task_deep,19.5,5.515695,0.061900000000000004,25.077595000000002,False,False,False,1,,,44477.0,stage1_n3__from__root__c03 > stage2_n2__from__n0003__c02 > stage3_n4__from__n0013__c03 > stage4_n3__from__n0045__c02 > stage5_n4__from__n0126__c04,[mms_issue]airplane_mode_on|bad_network_preference|bad_wifi_calling|break_apn_mms_setting|break_app_sms_permission|data_mode_off|data_usage_exceeded|unseat_sim_card|user_abroad_roaming_disabled_on[PERSONA:None]
risky_ps_linear,PS,49,4,9,46,target_post_switch,target_favoring,True,trap_like_bad,repair_subset,repair_subset,FDDDD,FDDDD,"F/F,D/D,D/D,D/D,D/D","trap_stage1_intake,target_stage2_router,target_stage3_roaming,target_stage4_repair,target_stage5_verify","trap_lane,target_specialist,target_specialist,target_specialist,target_specialist",00000,1,1,1,0,0,4,5,1.0,deep,deep,agent_deep__task_deep,14.0,4.53475,0.0741,18.60885,False,False,False,1,,,48133.0,stage1_n4__from__root__c04 > stage2_n1__from__n0004__c01 > stage3_n2__from__n0015__c02 > stage4_n1__from__n0051__c01 > stage5_n1__from__n0144__c01,[mms_issue]airplane_mode_on|bad_network_preference|bad_wifi_calling|break_apn_mms_setting|break_app_sms_permission|data_mode_off|data_usage_exceeded|unseat_sim_card|user_abroad_roaming_enabled_off[PERSONA:None]
risky_ps_linear,PS,50,5,0,16,target_post_switch,target_favoring,True,target_safe_majority_bad,repair_subset,repair_subset,DFDDD,FDDDD,"D/F,F/D,D/D,D/D,D/D","general_stage1_verify,general_stage2_core,general_stage3_network,general_stage4_verify,target_stage5_decision","general_shared,general_shared,general_shared,general_shared,target_specialist",00000,1,1,0,1,1,3,3,0.6,deep,deep,agent_deep__task_deep,3.0,4.55164,0.0684,7.6200399999999995,False,False,False,1,,,44375.0,stage1_n2__from__root__c02 > stage2_n2__from__n0002__c02 > stage3_n3__from__n0010__c02 > stage4_n3__from__n0035__c02 > stage5_n2__from__n0101__c02,[mms_issue]airplane_mode_on|bad_network_preference|bad_wifi_calling|break_apn_mms_setting|break_app_sms_permission|data_mode_off|data_usage_exceeded|user_abroad_roaming_disabled_on[PERSONA:None]
risky_ps_linear,PS,51,5,1,65,target_post_switch,target_favoring,True,target_safe_specialist_good,repair_all,transfer,DFDDD,FDDDD,"D/F,F/D,D/D,D/D,D/D","general_stage1_verify,general_stage2_core,target_stage3_roaming,target_stage4_repair,target_stage5_decision","general_shared,general_shared,target_specialist,target_specialist,target_specialist",00000,1,1,0,1,1,3,3,0.6,deep,deep,agent_deep__task_deep,18.5,5.088245,0.0714,23.659645,False,False,True,0,,,50340.0,stage1_n2__from__root__c02 > stage2_n2__from__n0002__c02 > stage3_n2__from__n0010__c01 > stage4_n1__from__n0034__c01 > stage5_n2__from__n0099__c02,[mms_issue]airplane_mode_on|bad_network_preference|bad_wifi_calling|break_apn_mms_setting|break_app_sms_permission|data_mode_off|unseat_sim_card|user_abroad_roaming_enabled_off[PERSONA:None]
risky_ps_linear,PS,52,5,2,11,target_post_switch,target_favoring,True,trap_like_bad,repair_subset,repair_subset,FDDFF,FDDDD,"F/F,D/D,D/D,F/D,F/D","trap_stage1_intake,barrier_stage2_gate,barrier_stage3_gate,trap_stage4_execute,trap_stage5_terminal","trap_lane,private_barrier,private_barrier,trap_lane,trap_lane",01100,3,1,1,2,0,2,3,0.6,fast,deep,agent_fast__task_deep,14.0,4.585935,0.0649,18.650835,False,False,False,1,,,37368.0,stage1_n4__from__root__c04 > stage2_n5__from__n0004__c05 > stage3_n5__from__n0019__c03 > stage4_n4__from__n0064__c03 > stage5_n4__from__n0184__c03,[mms_issue]airplane_mode_on|bad_network_preference|bad_wifi_calling|break_apn_mms_setting|break_app_storage_permission|data_mode_off|data_usage_exceeded|unseat_sim_card|user_abroad_roaming_disabled_on[PERSONA:Easy]
risky_ps_linear,PS,53,5,3,17,target_post_switch,target_favoring,True,neutral,repair_subset,repair_subset,FFDDF,FDDDD,"F/F,F/D,D/D,D/D,F/D","general_stage1_intake,trap_stage2_router,general_stage3_network,general_stage4_verify,trap_stage5_terminal","general_shared,trap_lane,general_shared,general_shared,trap_lane",00000,3,1,1,2,0,2,3,0.6,fast,deep,agent_fast__task_deep,13.0,5.25734,0.061200000000000004,18.31854,False,False,False,1,,,48840.0,stage1_n1__from__root__c01 > stage2_n3__from__n0001__c03 > stage3_n3__from__n0008__c01 > stage4_n3__from__n0029__c02 > stage5_n4__from__n0088__c04,[mms_issue]airplane_mode_on|bad_network_preference|bad_wifi_calling|break_apn_mms_setting|break_app_storage_permission|data_mode_off|data_usage_exceeded|unseat_sim_card|user_abroad_roaming_enabled_off[PERSONA:Easy]
risky_ps_linear,PS,54,5,4,67,target_post_switch,target_favoring,False,target_decoy_medium,transfer,transfer,FDFDD,FDDDD,"F/F,D/D,F/D,D/D,D/D","barrier_stage1_gate,general_stage2_roaming,trap_stage3_network,barrier_stage4_gate,barrier_stage5_transfer","private_barrier,general_shared,trap_lane,private_barrier,private_barrier",10011,2,1,1,1,0,3,4,0.8,deep,deep,agent_deep__task_deep,1.0,4.59461,0.07500000000000001,5.6696100000000005,False,False,True,0,,,46594.0,stage1_n5__from__root__c05 > stage2_n4__from__n0005__c02 > stage3_n4__from__n0021__c02 > stage4_n5__from__n0069__c04 > stage5_n5__from__n0201__c03,[mms_issue]airplane_mode_on|break_apn_mms_setting|break_app_both_permissions|user_abroad_roaming_disabled_off[PERSONA:None]
risky_ps_linear,PS,55,5,5,35,target_post_switch,target_favoring,True,target_decoy_medium,repair_subset,repair_subset,FFFDF,FDDDD,"F/F,F/D,F/D,D/D,F/D","barrier_stage1_gate,trap_stage2_router,trap_stage3_network,barrier_stage4_gate,trap_stage5_terminal","private_barrier,trap_lane,trap_lane,private_barrier,trap_lane",10010,4,1,1,3,0,1,2,0.4,fast,deep,agent_fast__task_deep,3.0,5.130925,0.0641,8.195025000000001,False,False,False,1,,,41851.0,stage1_n5__from__root__c05 > stage2_n3__from__n0005__c01 > stage3_n4__from__n0020__c02 > stage4_n5__from__n0066__c04 > stage5_n4__from__n0191__c02,[mms_issue]airplane_mode_on|bad_network_preference|bad_wifi_calling|break_apn_mms_setting|break_app_both_permissions|data_mode_off|data_usage_exceeded|unseat_sim_card|user_abroad_roaming_disabled_on[PERSONA:Hard]
risky_ps_linear,PS,56,5,6,51,target_post_switch,target_favoring,True,neutral,repair_subset,repair_subset,FFFDD,FDDDD,"F/F,F/D,F/D,D/D,D/D","general_stage1_intake,trap_stage2_router,trap_stage3_network,general_stage4_verify,target_stage5_verify","general_shared,trap_lane,trap_lane,general_shared,target_specialist",00000,3,1,1,2,0,2,3,0.6,fast,deep,agent_fast__task_deep,15.0,4.37426,0.0661,19.44036,False,False,False,1,,,41990.0,stage1_n1__from__root__c01 > stage2_n3__from__n0001__c03 > stage3_n4__from__n0008__c02 > stage4_n3__from__n0030__c02 > stage5_n1__from__n0090__c01,[mms_issue]airplane_mode_on|bad_network_preference|bad_wifi_calling|break_apn_mms_setting|break_app_both_permissions|data_mode_off|data_usage_exceeded|unseat_sim_card|user_abroad_roaming_enabled_off[PERSONA:Hard]
risky_ps_linear,PS,57,5,7,45,target_post_switch,target_favoring,True,trap_like_bad,repair_all,repair_subset,FDDDF,FDDDD,"F/F,D/D,D/D,D/D,F/D","trap_stage1_intake,barrier_stage2_gate,general_stage3_network,general_stage4_verify,trap_stage5_terminal","trap_lane,private_barrier,general_shared,general_shared,trap_lane",01000,2,1,1,1,0,3,4,0.8,deep,deep,agent_deep__task_deep,11.0,5.378375,0.06480000000000001,16.443175,False,False,True,0,,,51766.0,stage1_n4__from__root__c04 > stage2_n5__from__n0004__c05 > stage3_n3__from__n0019__c01 > stage4_n3__from__n0062__c02 > stage5_n4__from__n0177__c04,[mms_issue]airplane_mode_on|bad_network_preference|bad_wifi_calling|break_apn_mms_setting|break_app_both_permissions|data_mode_off|unseat_sim_card|user_abroad_roaming_enabled_off[PERSONA:Hard]
risky_ps_linear,PS,58,5,8,40,target_post_switch,target_favoring,True,neutral,repair_subset,transfer,DFDDD,FDDDD,"D/F,F/D,D/D,D/D,D/D","target_stage1_handoff,general_stage2_core,barrier_stage3_gate,general_stage4_repair,target_stage5_verify","general_shared,general_shared,private_barrier,general_shared,target_specialist",00100,1,1,0,1,1,3,3,0.6,deep,deep,agent_deep__task_deep,19.5,5.13091,0.0696,24.70051,False,False,False,1,,,50589.0,stage1_n3__from__root__c03 > stage2_n2__from__n0003__c02 > stage3_n5__from__n0013__c04 > stage4_n2__from__n0046__c01 > stage5_n1__from__n0129__c01,[mms_issue]airplane_mode_on|bad_network_preference|bad_wifi_calling|break_apn_mms_setting|break_app_sms_permission|data_mode_off|data_usage_exceeded|unseat_sim_card|user_abroad_roaming_disabled_on[PERSONA:None]
risky_ps_linear,PS,59,5,9,46,target_post_switch,target_favoring,True,target_safe_specialist_good,repair_subset,repair_subset,FDDDD,FDDDD,"F/F,D/D,D/D,D/D,D/D","general_stage1_intake,target_stage2_router,target_stage3_roaming,target_stage4_repair,target_stage5_verify","general_shared,target_specialist,target_specialist,target_specialist,target_specialist",00000,1,1,1,0,0,4,5,1.0,deep,deep,agent_deep__task_deep,2.0,4.49429,0.0752,6.56949,True,True,False,1,,,48014.0,stage1_n1__from__root__c01 > stage2_n1__from__n0001__c01 > stage3_n2__from__n0006__c02 > stage4_n1__from__n0024__c01 > stage5_n1__from__n0075__c01,[mms_issue]airplane_mode_on|bad_network_preference|bad_wifi_calling|break_apn_mms_setting|break_app_sms_permission|data_mode_off|data_usage_exceeded|unseat_sim_card|user_abroad_roaming_enabled_off[PERSONA:None]
risky_ps_linear,PS,60,6,0,16,target_post_switch,target_favoring,True,target_safe_majority_bad,repair_subset,repair_subset,DFDDD,FDDDD,"D/F,F/D,D/D,D/D,D/D","general_stage1_verify,general_stage2_core,general_stage3_network,general_stage4_repair,target_stage5_verify","general_shared,general_shared,general_shared,general_shared,target_specialist",00000,1,1,0,1,1,3,3,0.6,deep,deep,agent_deep__task_deep,3.0,5.017355,0.0695,8.086855,False,False,False,1,,,50088.0,stage1_n2__from__root__c02 > stage2_n2__from__n0002__c02 > stage3_n3__from__n0010__c02 > stage4_n2__from__n0035__c01 > stage5_n1__from__n0100__c01,[mms_issue]airplane_mode_on|bad_network_preference|bad_wifi_calling|break_apn_mms_setting|break_app_sms_permission|data_mode_off|data_usage_exceeded|user_abroad_roaming_disabled_on[PERSONA:None]
risky_ps_linear,PS,61,6,1,65,target_post_switch,target_favoring,True,neutral,repair_all,repair_all,FFFDD,FDDDD,"F/F,F/D,F/D,D/D,D/D","barrier_stage1_gate,trap_stage2_router,trap_stage3_network,general_stage4_repair,target_stage5_decision","private_barrier,trap_lane,trap_lane,general_shared,target_specialist",10000,3,1,1,2,0,2,3,0.6,fast,deep,agent_fast__task_deep,0.0,4.36157,0.0678,4.4293700000000005,True,True,True,0,,,41529.0,stage1_n5__from__root__c05 > stage2_n3__from__n0005__c01 > stage3_n4__from__n0020__c02 > stage4_n2__from__n0066__c01 > stage5_n2__from__n0188__c02,[mms_issue]airplane_mode_on|bad_network_preference|bad_wifi_calling|break_apn_mms_setting|break_app_sms_permission|data_mode_off|unseat_sim_card|user_abroad_roaming_enabled_off[PERSONA:None]
risky_ps_linear,PS,62,6,2,11,target_post_switch,target_favoring,True,neutral,repair_subset,transfer,DFDDD,FDDDD,"D/F,F/D,D/D,D/D,D/D","target_stage1_handoff,trap_stage2_router,general_stage3_network,general_stage4_repair,target_stage5_decision","general_shared,trap_lane,general_shared,general_shared,target_specialist",00000,1,1,0,1,1,3,3,0.6,deep,deep,agent_deep__task_deep,19.5,4.991815,0.0691,24.560914999999998,False,False,False,1,,,50183.0,stage1_n3__from__root__c03 > stage2_n3__from__n0003__c03 > stage3_n3__from__n0014__c01 > stage4_n2__from__n0047__c01 > stage5_n2__from__n0133__c02,[mms_issue]airplane_mode_on|bad_network_preference|bad_wifi_calling|break_apn_mms_setting|break_app_storage_permission|data_mode_off|data_usage_exceeded|unseat_sim_card|user_abroad_roaming_disabled_on[PERSONA:Easy]
risky_ps_linear,PS,63,6,3,17,target_post_switch,target_favoring,True,trap_like_bad,repair_subset,repair_subset,FDDDD,FDDDD,"F/F,D/D,D/D,D/D,D/D","trap_stage1_intake,general_stage2_roaming,barrier_stage3_gate,general_stage4_repair,target_stage5_decision","trap_lane,general_shared,private_barrier,general_shared,target_specialist",00100,1,1,1,0,0,4,5,1.0,deep,deep,agent_deep__task_deep,2.0,5.268895,0.0704,7.339295,True,True,False,1,,,56911.0,stage1_n4__from__root__c04 > stage2_n4__from__n0004__c04 > stage3_n5__from__n0018__c03 > stage4_n2__from__n0061__c01 > stage5_n2__from__n0172__c02,[mms_issue]airplane_mode_on|bad_network_preference|bad_wifi_calling|break_apn_mms_setting|break_app_storage_permission|data_mode_off|data_usage_exceeded|unseat_sim_card|user_abroad_roaming_enabled_off[PERSONA:Easy]
risky_ps_linear,PS,64,6,4,67,target_post_switch,target_favoring,False,target_safe_majority_bad,transfer,transfer,DFDDD,FDDDD,"D/F,F/D,D/D,D/D,D/D","general_stage1_verify,general_stage2_core,general_stage3_network,general_stage4_repair,target_stage5_decision","general_shared,general_shared,general_shared,general_shared,target_specialist",00000,1,1,0,1,1,3,3,0.6,deep,deep,agent_deep__task_deep,3.0,5.56071,0.0695,8.63021,False,False,False,1,,,56041.0,stage1_n2__from__root__c02 > stage2_n2__from__n0002__c02 > stage3_n3__from__n0010__c02 > stage4_n2__from__n0035__c01 > stage5_n2__from__n0100__c02,[mms_issue]airplane_mode_on|break_apn_mms_setting|break_app_both_permissions|user_abroad_roaming_disabled_off[PERSONA:None]
risky_ps_linear,PS,65,6,5,35,target_post_switch,target_favoring,True,neutral,repair_subset,repair_subset,FFFDF,FDDDD,"F/F,F/D,F/D,D/D,F/D","barrier_stage1_gate,trap_stage2_router,trap_stage3_network,general_stage4_verify,trap_stage5_terminal","private_barrier,trap_lane,trap_lane,general_shared,trap_lane",10000,4,1,1,3,0,1,2,0.4,fast,deep,agent_fast__task_deep,3.0,5.10919,0.0621,8.171289999999999,False,False,False,1,,,41795.0,stage1_n5__from__root__c05 > stage2_n3__from__n0005__c01 > stage3_n4__from__n0020__c02 > stage4_n3__from__n0066__c02 > stage5_n4__from__n0189__c04,[mms_issue]airplane_mode_on|bad_network_preference|bad_wifi_calling|break_apn_mms_setting|break_app_both_permissions|data_mode_off|data_usage_exceeded|unseat_sim_card|user_abroad_roaming_disabled_on[PERSONA:Hard]
risky_ps_linear,PS,66,6,6,51,target_post_switch,target_favoring,True,neutral,repair_subset,repair_subset,DFFDF,FDDDD,"D/F,F/D,F/D,D/D,F/D","general_stage1_verify,general_stage2_core,trap_stage3_network,general_stage4_verify,trap_stage5_terminal","general_shared,general_shared,trap_lane,general_shared,trap_lane",00000,3,1,0,3,1,1,1,0.2,fast,deep,agent_fast__task_deep,13.0,6.236295,0.0608,19.297095,False,False,False,1,,,53464.0,stage1_n2__from__root__c02 > stage2_n2__from__n0002__c02 > stage3_n4__from__n0010__c03 > stage4_n3__from__n0036__c02 > stage5_n4__from__n0103__c04,[mms_issue]airplane_mode_on|bad_network_preference|bad_wifi_calling|break_apn_mms_setting|break_app_both_permissions|data_mode_off|data_usage_exceeded|unseat_sim_card|user_abroad_roaming_enabled_off[PERSONA:Hard]
risky_ps_linear,PS,67,6,7,45,target_post_switch,target_favoring,True,target_decoy_medium,repair_all,repair_all,DFFDD,FDDDD,"D/F,F/D,F/D,D/D,D/D","general_stage1_verify,general_stage2_core,trap_stage3_network,barrier_stage4_gate,target_stage5_decision","general_shared,general_shared,trap_lane,private_barrier,target_specialist",00010,2,1,0,2,1,2,2,0.4,deep,deep,agent_deep__task_deep,0.0,5.068545,0.06949999999999999,5.138045,True,True,True,0,,,46330.0,stage1_n2__from__root__c02 > stage2_n2__from__n0002__c02 > stage3_n4__from__n0010__c03 > stage4_n5__from__n0036__c04 > stage5_n2__from__n0105__c01,[mms_issue]airplane_mode_on|bad_network_preference|bad_wifi_calling|break_apn_mms_setting|break_app_both_permissions|data_mode_off|unseat_sim_card|user_abroad_roaming_enabled_off[PERSONA:Hard]
risky_ps_linear,PS,68,6,8,40,target_post_switch,target_favoring,True,neutral,repair_subset,transfer,FFFDD,FDDDD,"F/F,F/D,F/D,D/D,D/D","barrier_stage1_gate,trap_stage2_router,trap_stage3_network,general_stage4_repair,target_stage5_decision","private_barrier,trap_lane,trap_lane,general_shared,target_specialist",10000,3,1,1,2,0,2,3,0.6,fast,deep,agent_fast__task_deep,19.5,4.860855,0.0678,24.428655,False,False,False,1,,,46374.0,stage1_n5__from__root__c05 > stage2_n3__from__n0005__c01 > stage3_n4__from__n0020__c02 > stage4_n2__from__n0066__c01 > stage5_n2__from__n0188__c02,[mms_issue]airplane_mode_on|bad_network_preference|bad_wifi_calling|break_apn_mms_setting|break_app_sms_permission|data_mode_off|data_usage_exceeded|unseat_sim_card|user_abroad_roaming_disabled_on[PERSONA:None]
risky_ps_linear,PS,69,6,9,46,target_post_switch,target_favoring,True,target_decoy_medium,repair_subset,repair_subset,FFFDD,FDDDD,"F/F,F/D,F/D,D/D,D/D","general_stage1_intake,trap_stage2_router,trap_stage3_network,barrier_stage4_gate,barrier_stage5_transfer","general_shared,trap_lane,trap_lane,private_barrier,private_barrier",00011,3,1,1,2,0,2,3,0.6,fast,deep,agent_fast__task_deep,15.0,6.31648,0.0712,21.38768,False,False,False,1,,,64279.0,stage1_n1__from__root__c01 > stage2_n3__from__n0001__c03 > stage3_n4__from__n0008__c02 > stage4_n5__from__n0030__c04 > stage5_n5__from__n0092__c03,[mms_issue]airplane_mode_on|bad_network_preference|bad_wifi_calling|break_apn_mms_setting|break_app_sms_permission|data_mode_off|data_usage_exceeded|unseat_sim_card|user_abroad_roaming_enabled_off[PERSONA:None]
risky_ps_linear,PS,70,7,0,16,target_post_switch,target_favoring,True,target_safe_majority_bad,repair_subset,transfer,DFDDD,FDDDD,"D/F,F/D,D/D,D/D,D/D","general_stage1_verify,general_stage2_core,general_stage3_network,general_stage4_verify,target_stage5_verify","general_shared,general_shared,general_shared,general_shared,target_specialist",00000,1,1,0,1,1,3,3,0.6,deep,deep,agent_deep__task_deep,17.5,4.973665,0.06910000000000001,22.542765,False,False,False,1,,,48896.0,stage1_n2__from__root__c02 > stage2_n2__from__n0002__c02 > stage3_n3__from__n0010__c02 > stage4_n3__from__n0035__c02 > stage5_n1__from__n0101__c01,[mms_issue]airplane_mode_on|bad_network_preference|bad_wifi_calling|break_apn_mms_setting|break_app_sms_permission|data_mode_off|data_usage_exceeded|user_abroad_roaming_disabled_on[PERSONA:None]
risky_ps_linear,PS,71,7,1,65,target_post_switch,target_favoring,True,neutral,repair_all,repair_subset,FFFFF,FDDDD,"F/F,F/D,F/D,F/D,F/D","barrier_stage1_gate,trap_stage2_router,trap_stage3_network,trap_stage4_execute,trap_stage5_terminal","private_barrier,trap_lane,trap_lane,trap_lane,trap_lane",10000,5,1,1,4,0,0,1,0.2,fast,deep,agent_fast__task_deep,5.0,5.73078,0.0595,10.79028,False,False,False,1,,,40444.0,stage1_n5__from__root__c05 > stage2_n3__from__n0005__c01 > stage3_n4__from__n0020__c02 > stage4_n4__from__n0066__c03 > stage5_n4__from__n0190__c03,[mms_issue]airplane_mode_on|bad_network_preference|bad_wifi_calling|break_apn_mms_setting|break_app_sms_permission|data_mode_off|unseat_sim_card|user_abroad_roaming_enabled_off[PERSONA:None]
risky_ps_linear,PS,72,7,2,11,target_post_switch,target_favoring,True,neutral,repair_subset,transfer,FFFDD,FDDDD,"F/F,F/D,F/D,D/D,D/D","barrier_stage1_gate,trap_stage2_router,trap_stage3_network,general_stage4_verify,target_stage5_decision","private_barrier,trap_lane,trap_lane,general_shared,target_specialist",10000,3,1,1,2,0,2,3,0.6,fast,deep,agent_fast__task_deep,19.5,4.834705,0.0656,24.400305,False,False,False,1,,,46244.0,stage1_n5__from__root__c05 > stage2_n3__from__n0005__c01 > stage3_n4__from__n0020__c02 > stage4_n3__from__n0066__c02 > stage5_n2__from__n0189__c02,[mms_issue]airplane_mode_on|bad_network_preference|bad_wifi_calling|break_apn_mms_setting|break_app_storage_permission|data_mode_off|data_usage_exceeded|unseat_sim_card|user_abroad_roaming_disabled_on[PERSONA:Easy]
risky_ps_linear,PS,73,7,3,17,target_post_switch,target_favoring,True,trap_like_bad,repair_subset,transfer,FFDDD,FDDDD,"F/F,F/D,D/D,D/D,D/D","trap_stage1_intake,general_stage2_core,target_stage3_roaming,target_stage4_repair,target_stage5_verify","trap_lane,general_shared,target_specialist,target_specialist,target_specialist",00000,2,1,1,1,0,3,4,0.8,deep,deep,agent_deep__task_deep,21.5,5.10501,0.07010000000000001,26.67511,False,False,False,1,,,54670.0,stage1_n4__from__root__c04 > stage2_n2__from__n0004__c02 > stage3_n2__from__n0016__c01 > stage4_n1__from__n0052__c01 > stage5_n1__from__n0145__c01,[mms_issue]airplane_mode_on|bad_network_preference|bad_wifi_calling|break_apn_mms_setting|break_app_storage_permission|data_mode_off|data_usage_exceeded|unseat_sim_card|user_abroad_roaming_enabled_off[PERSONA:Easy]
risky_ps_linear,PS,74,7,4,67,target_post_switch,target_favoring,False,neutral,transfer,transfer,FFDFD,FDDDD,"F/F,F/D,D/D,F/D,D/D","barrier_stage1_gate,trap_stage2_router,barrier_stage3_gate,trap_stage4_execute,target_stage5_verify","private_barrier,trap_lane,private_barrier,trap_lane,target_specialist",10100,3,1,1,2,0,2,3,0.6,fast,deep,agent_fast__task_deep,3.0,4.853725,0.0699,7.9236249999999995,False,False,False,1,,,43215.0,stage1_n5__from__root__c05 > stage2_n3__from__n0005__c01 > stage3_n5__from__n0020__c03 > stage4_n4__from__n0067__c03 > stage5_n1__from__n0194__c01,[mms_issue]airplane_mode_on|break_apn_mms_setting|break_app_both_permissions|user_abroad_roaming_disabled_off[PERSONA:None]
risky_ps_linear,PS,75,7,5,35,target_post_switch,target_favoring,True,neutral,repair_subset,repair_subset,DFDFD,FDDDD,"D/F,F/D,D/D,F/D,D/D","general_stage1_verify,general_stage2_core,barrier_stage3_gate,trap_stage4_execute,general_stage5_verify","general_shared,general_shared,private_barrier,trap_lane,general_shared",00100,2,1,0,2,1,2,2,0.4,deep,deep,agent_deep__task_deep,9.0,5.729185,0.066,14.795185,False,False,False,1,,,50265.0,stage1_n2__from__root__c02 > stage2_n2__from__n0002__c02 > stage3_n5__from__n0010__c04 > stage4_n4__from__n0037__c03 > stage5_n3__from__n0108__c02,[mms_issue]airplane_mode_on|bad_network_preference|bad_wifi_calling|break_apn_mms_setting|break_app_both_permissions|data_mode_off|data_usage_exceeded|unseat_sim_card|user_abroad_roaming_disabled_on[PERSONA:Hard]
risky_ps_linear,PS,76,7,6,51,target_post_switch,target_favoring,True,target_safe_specialist_good,repair_subset,repair_all,FDDDD,FDDDD,"F/F,D/D,D/D,D/D,D/D","general_stage1_intake,target_stage2_router,target_stage3_roaming,target_stage4_repair,target_stage5_verify","general_shared,target_specialist,target_specialist,target_specialist,target_specialist",00000,1,1,1,0,0,4,5,1.0,deep,deep,agent_deep__task_deep,3.5,4.59884,0.0752,8.17404,False,False,True,0,,,48770.0,stage1_n1__from__root__c01 > stage2_n1__from__n0001__c01 > stage3_n2__from__n0006__c02 > stage4_n1__from__n0024__c01 > stage5_n1__from__n0075__c01,[mms_issue]airplane_mode_on|bad_network_preference|bad_wifi_calling|break_apn_mms_setting|break_app_both_permissions|data_mode_off|data_usage_exceeded|unseat_sim_card|user_abroad_roaming_enabled_off[PERSONA:Hard]
risky_ps_linear,PS,77,7,7,45,target_post_switch,target_favoring,True,target_safe_specialist_good,repair_all,repair_subset,FDDDD,FDDDD,"F/F,D/D,D/D,D/D,D/D","general_stage1_intake,target_stage2_router,target_stage3_roaming,target_stage4_repair,target_stage5_decision","general_shared,target_specialist,target_specialist,target_specialist,target_specialist",00000,1,1,1,0,0,4,5,1.0,deep,deep,agent_deep__task_deep,11.0,5.57362,0.0758,16.64942,False,False,True,0,,,60553.0,stage1_n1__from__root__c01 > stage2_n1__from__n0001__c01 > stage3_n2__from__n0006__c02 > stage4_n1__from__n0024__c01 > stage5_n2__from__n0075__c02,[mms_issue]airplane_mode_on|bad_network_preference|bad_wifi_calling|break_apn_mms_setting|break_app_both_permissions|data_mode_off|unseat_sim_card|user_abroad_roaming_enabled_off[PERSONA:Hard]
risky_ps_linear,PS,78,7,8,40,target_post_switch,target_favoring,True,target_decoy_medium,repair_subset,repair_subset,FDDDD,FDDDD,"F/F,D/D,D/D,D/D,D/D","barrier_stage1_gate,barrier_stage2_gate,barrier_stage3_gate,barrier_stage4_gate,target_stage5_decision","private_barrier,private_barrier,private_barrier,private_barrier,target_specialist",11110,1,1,1,0,0,4,5,1.0,deep,deep,agent_deep__task_deep,2.0,5.739285,0.08410000000000001,7.823385,True,True,False,1,,,63015.0,stage1_n5__from__root__c05 > stage2_n5__from__n0005__c03 > stage3_n5__from__n0022__c03 > stage4_n5__from__n0073__c04 > stage5_n2__from__n0215__c01,[mms_issue]airplane_mode_on|bad_network_preference|bad_wifi_calling|break_apn_mms_setting|break_app_sms_permission|data_mode_off|data_usage_exceeded|unseat_sim_card|user_abroad_roaming_disabled_on[PERSONA:None]
risky_ps_linear,PS,79,7,9,46,target_post_switch,target_favoring,True,trap_like_bad,repair_subset,transfer,FDDDD,FDDDD,"F/F,D/D,D/D,D/D,D/D","trap_stage1_intake,target_stage2_router,target_stage3_roaming,target_stage4_repair,target_stage5_decision","trap_lane,target_specialist,target_specialist,target_specialist,target_specialist",00000,1,1,1,0,0,4,5,1.0,deep,deep,agent_deep__task_deep,20.5,4.954055,0.0752,25.529255,False,False,False,1,,,52877.0,stage1_n4__from__root__c04 > stage2_n1__from__n0004__c01 > stage3_n2__from__n0015__c02 > stage4_n1__from__n0051__c01 > stage5_n2__from__n0144__c02,[mms_issue]airplane_mode_on|bad_network_preference|bad_wifi_calling|break_apn_mms_setting|break_app_sms_permission|data_mode_off|data_usage_exceeded|unseat_sim_card|user_abroad_roaming_enabled_off[PERSONA:None]
risky_ps_linear,PS,80,8,0,16,target_post_switch,target_favoring,True,target_decoy_medium,repair_subset,transfer,FDFDD,FDDDD,"F/F,D/D,F/D,D/D,D/D","barrier_stage1_gate,barrier_stage2_gate,trap_stage3_network,barrier_stage4_gate,target_stage5_decision","private_barrier,private_barrier,trap_lane,private_barrier,target_specialist",11010,2,1,1,1,0,3,4,0.8,deep,deep,agent_deep__task_deep,16.5,5.09264,0.0763,21.66894,False,False,False,1,,,51086.0,stage1_n5__from__root__c05 > stage2_n5__from__n0005__c03 > stage3_n4__from__n0022__c02 > stage4_n5__from__n0072__c04 > stage5_n2__from__n0211__c01,[mms_issue]airplane_mode_on|bad_network_preference|bad_wifi_calling|break_apn_mms_setting|break_app_sms_permission|data_mode_off|data_usage_exceeded|user_abroad_roaming_disabled_on[PERSONA:None]
risky_ps_linear,PS,81,8,1,65,target_post_switch,target_favoring,True,neutral,repair_all,repair_all,FFDDD,FDDDD,"F/F,F/D,D/D,D/D,D/D","barrier_stage1_gate,trap_stage2_router,barrier_stage3_gate,general_stage4_repair,target_stage5_verify","private_barrier,trap_lane,private_barrier,general_shared,target_specialist",10100,2,1,1,1,0,3,4,0.8,deep,deep,agent_deep__task_deep,0.0,4.836915,0.0722,4.909115,True,True,True,0,,,50026.0,stage1_n5__from__root__c05 > stage2_n3__from__n0005__c01 > stage3_n5__from__n0020__c03 > stage4_n2__from__n0067__c01 > stage5_n1__from__n0192__c01,[mms_issue]airplane_mode_on|bad_network_preference|bad_wifi_calling|break_apn_mms_setting|break_app_sms_permission|data_mode_off|unseat_sim_card|user_abroad_roaming_enabled_off[PERSONA:None]
risky_ps_linear,PS,82,8,2,11,target_post_switch,target_favoring,True,target_decoy_medium,repair_subset,repair_subset,DFFDF,FDDDD,"D/F,F/D,F/D,D/D,F/D","general_stage1_verify,general_stage2_core,trap_stage3_network,barrier_stage4_gate,trap_stage5_terminal","general_shared,general_shared,trap_lane,private_barrier,trap_lane",00010,3,1,0,3,1,1,1,0.2,fast,deep,agent_fast__task_deep,3.0,5.707165,0.066,8.773164999999999,False,False,False,1,,,45575.0,stage1_n2__from__root__c02 > stage2_n2__from__n0002__c02 > stage3_n4__from__n0010__c03 > stage4_n5__from__n0036__c04 > stage5_n4__from__n0105__c02,[mms_issue]airplane_mode_on|bad_network_preference|bad_wifi_calling|break_apn_mms_setting|break_app_storage_permission|data_mode_off|data_usage_exceeded|unseat_sim_card|user_abroad_roaming_disabled_on[PERSONA:Easy]
risky_ps_linear,PS,83,8,3,17,target_post_switch,target_favoring,True,neutral,repair_subset,repair_subset,FDDFD,FDDDD,"F/F,D/D,D/D,F/D,D/D","barrier_stage1_gate,barrier_stage2_gate,barrier_stage3_gate,trap_stage4_execute,target_stage5_verify","private_barrier,private_barrier,private_barrier,trap_lane,target_specialist",11100,2,1,1,1,0,3,4,0.8,deep,deep,agent_deep__task_deep,16.0,3.9765,0.07780000000000001,20.0543,False,False,False,1,,,37588.0,stage1_n5__from__root__c05 > stage2_n5__from__n0005__c03 > stage3_n5__from__n0022__c03 > stage4_n4__from__n0073__c03 > stage5_n1__from__n0214__c01,[mms_issue]airplane_mode_on|bad_network_preference|bad_wifi_calling|break_apn_mms_setting|break_app_storage_permission|data_mode_off|data_usage_exceeded|unseat_sim_card|user_abroad_roaming_enabled_off[PERSONA:Easy]
risky_ps_linear,PS,84,8,4,67,target_post_switch,target_favoring,False,target_safe_majority_bad,transfer,transfer,FDDDD,FDDDD,"F/F,D/D,D/D,D/D,D/D","general_stage1_intake,target_stage2_router,target_stage3_roaming,target_stage4_repair,target_stage5_decision","general_shared,target_specialist,target_specialist,target_specialist,target_specialist",00000,1,1,1,0,0,4,5,1.0,deep,deep,agent_deep__task_deep,1.0,5.032425,0.0758,6.108225,False,False,True,0,,,54327.0,stage1_n1__from__root__c01 > stage2_n1__from__n0001__c01 > stage3_n2__from__n0006__c02 > stage4_n1__from__n0024__c01 > stage5_n2__from__n0075__c02,[mms_issue]airplane_mode_on|break_apn_mms_setting|break_app_both_permissions|user_abroad_roaming_disabled_off[PERSONA:None]
risky_ps_linear,PS,85,8,5,35,target_post_switch,target_favoring,True,neutral,repair_subset,repair_subset,FDFFD,FDDDD,"F/F,D/D,F/D,F/D,D/D","barrier_stage1_gate,general_stage2_roaming,trap_stage3_network,trap_stage4_execute,general_stage5_verify","private_barrier,general_shared,trap_lane,trap_lane,general_shared",10000,3,1,1,2,0,2,3,0.6,fast,deep,agent_fast__task_deep,4.0,6.131885,0.06330000000000001,10.195184999999999,False,False,False,1,,,54099.0,stage1_n5__from__root__c05 > stage2_n4__from__n0005__c02 > stage3_n4__from__n0021__c02 > stage4_n4__from__n0069__c03 > stage5_n3__from__n0200__c02,[mms_issue]airplane_mode_on|bad_network_preference|bad_wifi_calling|break_apn_mms_setting|break_app_both_permissions|data_mode_off|data_usage_exceeded|unseat_sim_card|user_abroad_roaming_disabled_on[PERSONA:Hard]
risky_ps_linear,PS,86,8,6,51,target_post_switch,target_favoring,True,neutral,repair_subset,repair_subset,DFFDD,FDDDD,"D/F,F/D,F/D,D/D,D/D","general_stage1_verify,general_stage2_core,trap_stage3_network,general_stage4_repair,target_stage5_verify","general_shared,general_shared,trap_lane,general_shared,target_specialist",00000,2,1,0,2,1,2,2,0.4,deep,deep,agent_deep__task_deep,15.0,5.105845,0.0671,20.172945,False,False,False,1,,,46489.0,stage1_n2__from__root__c02 > stage2_n2__from__n0002__c02 > stage3_n4__from__n0010__c03 > stage4_n2__from__n0036__c01 > stage5_n1__from__n0102__c01,[mms_issue]airplane_mode_on|bad_network_preference|bad_wifi_calling|break_apn_mms_setting|break_app_both_permissions|data_mode_off|data_usage_exceeded|unseat_sim_card|user_abroad_roaming_enabled_off[PERSONA:Hard]
risky_ps_linear,PS,87,8,7,45,target_post_switch,target_favoring,True,neutral,repair_all,repair_subset,FDDDD,FDDDD,"F/F,D/D,D/D,D/D,D/D","barrier_stage1_gate,general_stage2_roaming,general_stage3_network,general_stage4_verify,target_stage5_verify","private_barrier,general_shared,general_shared,general_shared,target_specialist",10000,1,1,1,0,0,4,5,1.0,deep,deep,agent_deep__task_deep,11.0,5.57192,0.07330000000000002,16.645220000000002,False,False,True,0,,,60548.0,stage1_n5__from__root__c05 > stage2_n4__from__n0005__c02 > stage3_n3__from__n0021__c01 > stage4_n3__from__n0068__c02 > stage5_n1__from__n0197__c01,[mms_issue]airplane_mode_on|bad_network_preference|bad_wifi_calling|break_apn_mms_setting|break_app_both_permissions|data_mode_off|unseat_sim_card|user_abroad_roaming_enabled_off[PERSONA:Hard]
risky_ps_linear,PS,88,8,8,40,target_post_switch,target_favoring,True,neutral,repair_subset,repair_subset,FFDFD,FDDDD,"F/F,F/D,D/D,F/D,D/D","general_stage1_intake,trap_stage2_router,barrier_stage3_gate,trap_stage4_execute,target_stage5_verify","general_shared,trap_lane,private_barrier,trap_lane,target_specialist",00100,3,1,1,2,0,2,3,0.6,fast,deep,agent_fast__task_deep,5.0,4.74921,0.06930000000000001,9.81851,False,False,False,1,,,40817.0,stage1_n1__from__root__c01 > stage2_n3__from__n0001__c03 > stage3_n5__from__n0008__c03 > stage4_n4__from__n0031__c03 > stage5_n1__from__n0095__c01,[mms_issue]airplane_mode_on|bad_network_preference|bad_wifi_calling|break_apn_mms_setting|break_app_sms_permission|data_mode_off|data_usage_exceeded|unseat_sim_card|user_abroad_roaming_disabled_on[PERSONA:None]
risky_ps_linear,PS,89,8,9,46,target_post_switch,target_favoring,True,neutral,repair_subset,transfer,FDDDF,FDDDD,"F/F,D/D,D/D,D/D,F/D","barrier_stage1_gate,general_stage2_roaming,general_stage3_network,general_stage4_verify,trap_stage5_terminal","private_barrier,general_shared,general_shared,general_shared,trap_lane",10000,2,1,1,1,0,3,4,0.8,deep,deep,agent_deep__task_deep,21.5,5.55838,0.06780000000000001,27.126179999999998,False,False,False,1,,,52160.0,stage1_n5__from__root__c05 > stage2_n4__from__n0005__c02 > stage3_n3__from__n0021__c01 > stage4_n3__from__n0068__c02 > stage5_n4__from__n0197__c04,[mms_issue]airplane_mode_on|bad_network_preference|bad_wifi_calling|break_apn_mms_setting|break_app_sms_permission|data_mode_off|data_usage_exceeded|unseat_sim_card|user_abroad_roaming_enabled_off[PERSONA:None]
risky_ps_linear,PS,90,9,0,16,target_post_switch,target_favoring,True,target_safe_specialist_good,repair_subset,transfer,FDDDD,FDDDD,"F/F,D/D,D/D,D/D,D/D","general_stage1_intake,target_stage2_router,target_stage3_apn,target_stage4_repair,target_stage5_decision","general_shared,target_specialist,target_specialist,target_specialist,target_specialist",00000,1,1,1,0,0,4,5,1.0,deep,deep,agent_deep__task_deep,16.5,4.743,0.07900000000000001,21.322000000000003,False,False,False,1,,,51078.0,stage1_n1__from__root__c01 > stage2_n1__from__n0001__c01 > stage3_n1__from__n0006__c01 > stage4_n1__from__n0023__c01 > stage5_n2__from__n0074__c02,[mms_issue]airplane_mode_on|bad_network_preference|bad_wifi_calling|break_apn_mms_setting|break_app_sms_permission|data_mode_off|data_usage_exceeded|user_abroad_roaming_disabled_on[PERSONA:None]
risky_ps_linear,PS,91,9,1,65,target_post_switch,target_favoring,True,neutral,repair_all,repair_subset,DFFFF,FDDDD,"D/F,F/D,F/D,F/D,F/D","general_stage1_verify,general_stage2_core,trap_stage3_network,trap_stage4_execute,trap_stage5_terminal","general_shared,general_shared,trap_lane,trap_lane,trap_lane",00000,4,1,0,4,1,0,0,0.0,fast,deep,agent_fast__task_deep,17.0,5.0806,0.0582,22.1388,False,False,False,1,,,35500.0,stage1_n2__from__root__c02 > stage2_n2__from__n0002__c02 > stage3_n4__from__n0010__c03 > stage4_n4__from__n0036__c03 > stage5_n4__from__n0104__c03,[mms_issue]airplane_mode_on|bad_network_preference|bad_wifi_calling|break_apn_mms_setting|break_app_sms_permission|data_mode_off|unseat_sim_card|user_abroad_roaming_enabled_off[PERSONA:None]
risky_ps_linear,PS,92,9,2,11,target_post_switch,target_favoring,True,neutral,repair_subset,transfer,DFDDD,FDDDD,"D/F,F/D,D/D,D/D,D/D","general_stage1_verify,trap_stage2_router,barrier_stage3_gate,general_stage4_repair,target_stage5_decision","general_shared,trap_lane,private_barrier,general_shared,target_specialist",00100,1,1,0,1,1,3,3,0.6,deep,deep,agent_deep__task_deep,19.5,5.1534,0.0736,24.727,False,False,False,1,,,50659.0,stage1_n2__from__root__c02 > stage2_n3__from__n0002__c03 > stage3_n5__from__n0011__c03 > stage4_n2__from__n0040__c01 > stage5_n2__from__n0116__c02,[mms_issue]airplane_mode_on|bad_network_preference|bad_wifi_calling|break_apn_mms_setting|break_app_storage_permission|data_mode_off|data_usage_exceeded|unseat_sim_card|user_abroad_roaming_disabled_on[PERSONA:Easy]
risky_ps_linear,PS,93,9,3,17,target_post_switch,target_favoring,True,neutral,repair_subset,repair_subset,FDFDD,FDDDD,"F/F,D/D,F/D,D/D,D/D","barrier_stage1_gate,general_stage2_roaming,trap_stage3_network,general_stage4_repair,target_stage5_verify","private_barrier,general_shared,trap_lane,general_shared,target_specialist",10000,2,1,1,1,0,3,4,0.8,deep,deep,agent_deep__task_deep,2.0,5.33464,0.07010000000000001,7.40474,True,True,False,1,,,54235.0,stage1_n5__from__root__c05 > stage2_n4__from__n0005__c02 > stage3_n4__from__n0021__c02 > stage4_n2__from__n0069__c01 > stage5_n1__from__n0198__c01,[mms_issue]airplane_mode_on|bad_network_preference|bad_wifi_calling|break_apn_mms_setting|break_app_storage_permission|data_mode_off|data_usage_exceeded|unseat_sim_card|user_abroad_roaming_enabled_off[PERSONA:Easy]
risky_ps_linear,PS,94,9,4,67,target_post_switch,target_favoring,False,target_decoy_medium,transfer,transfer,FFDDF,FDDDD,"F/F,F/D,D/D,D/D,F/D","barrier_stage1_gate,trap_stage2_router,barrier_stage3_gate,barrier_stage4_gate,trap_stage5_terminal","private_barrier,trap_lane,private_barrier,private_barrier,trap_lane",10110,3,1,1,2,0,2,3,0.6,fast,deep,agent_fast__task_deep,1.0,5.34634,0.0729,6.419239999999999,False,False,True,0,,,50649.0,stage1_n5__from__root__c05 > stage2_n3__from__n0005__c01 > stage3_n5__from__n0020__c03 > stage4_n5__from__n0067__c04 > stage5_n4__from__n0195__c02,[mms_issue]airplane_mode_on|break_apn_mms_setting|break_app_both_permissions|user_abroad_roaming_disabled_off[PERSONA:None]
risky_ps_linear,PS,95,9,5,35,target_post_switch,target_favoring,True,neutral,repair_subset,repair_subset,DFFDD,FDDDD,"D/F,F/D,F/D,D/D,D/D","general_stage1_verify,general_stage2_core,trap_stage3_network,general_stage4_repair,target_stage5_decision","general_shared,general_shared,trap_lane,general_shared,target_specialist",00000,2,1,0,2,1,2,2,0.4,deep,deep,agent_deep__task_deep,3.0,5.490215,0.06770000000000001,8.557915,False,False,False,1,,,52307.0,stage1_n2__from__root__c02 > stage2_n2__from__n0002__c02 > stage3_n4__from__n0010__c03 > stage4_n2__from__n0036__c01 > stage5_n2__from__n0102__c02,[mms_issue]airplane_mode_on|bad_network_preference|bad_wifi_calling|break_apn_mms_setting|break_app_both_permissions|data_mode_off|data_usage_exceeded|unseat_sim_card|user_abroad_roaming_disabled_on[PERSONA:Hard]
risky_ps_linear,PS,96,9,6,51,target_post_switch,target_favoring,True,target_decoy_medium,repair_subset,repair_subset,FFDDD,FDDDD,"F/F,F/D,D/D,D/D,D/D","barrier_stage1_gate,trap_stage2_router,barrier_stage3_gate,barrier_stage4_gate,barrier_stage5_transfer","private_barrier,trap_lane,private_barrier,private_barrier,private_barrier",10111,2,1,1,1,0,3,4,0.8,deep,deep,agent_deep__task_deep,13.0,5.297975,0.08280000000000001,18.380775,False,False,False,1,,,55763.0,stage1_n5__from__root__c05 > stage2_n3__from__n0005__c01 > stage3_n5__from__n0020__c03 > stage4_n5__from__n0067__c04 > stage5_n5__from__n0195__c03,[mms_issue]airplane_mode_on|bad_network_preference|bad_wifi_calling|break_apn_mms_setting|break_app_both_permissions|data_mode_off|data_usage_exceeded|unseat_sim_card|user_abroad_roaming_enabled_off[PERSONA:Hard]
risky_ps_linear,PS,97,9,7,45,target_post_switch,target_favoring,True,target_decoy_medium,repair_all,transfer,FFDDD,FDDDD,"F/F,F/D,D/D,D/D,D/D","barrier_stage1_gate,trap_stage2_router,barrier_stage3_gate,barrier_stage4_gate,target_stage5_decision","private_barrier,trap_lane,private_barrier,private_barrier,target_specialist",10110,2,1,1,1,0,3,4,0.8,deep,deep,agent_deep__task_deep,18.5,5.283365,0.0801,23.863465,False,False,True,0,,,55663.0,stage1_n5__from__root__c05 > stage2_n3__from__n0005__c01 > stage3_n5__from__n0020__c03 > stage4_n5__from__n0067__c04 > stage5_n2__from__n0195__c01,[mms_issue]airplane_mode_on|bad_network_preference|bad_wifi_calling|break_apn_mms_setting|break_app_both_permissions|data_mode_off|unseat_sim_card|user_abroad_roaming_enabled_off[PERSONA:Hard]
risky_ps_linear,PS,98,9,8,40,target_post_switch,target_favoring,True,neutral,repair_subset,transfer,FFFDD,FDDDD,"F/F,F/D,F/D,D/D,D/D","general_stage1_intake,trap_stage2_router,trap_stage3_network,general_stage4_repair,target_stage5_verify","general_shared,trap_lane,trap_lane,general_shared,target_specialist",00000,3,1,1,2,0,2,3,0.6,fast,deep,agent_fast__task_deep,19.5,4.847765,0.06480000000000001,24.412565,False,False,False,1,,,46295.0,stage1_n1__from__root__c01 > stage2_n3__from__n0001__c03 > stage3_n4__from__n0008__c02 > stage4_n2__from__n0030__c01 > stage5_n1__from__n0089__c01,[mms_issue]airplane_mode_on|bad_network_preference|bad_wifi_calling|break_apn_mms_setting|break_app_sms_permission|data_mode_off|data_usage_exceeded|unseat_sim_card|user_abroad_roaming_disabled_on[PERSONA:None]
risky_ps_linear,PS,99,9,9,46,target_post_switch,target_favoring,True,neutral,repair_subset,repair_subset,DFDDD,FDDDD,"D/F,F/D,D/D,D/D,D/D","general_stage1_verify,general_stage2_core,barrier_stage3_gate,general_stage4_repair,target_stage5_verify","general_shared,general_shared,private_barrier,general_shared,target_specialist",00100,1,1,0,1,1,3,3,0.6,deep,deep,agent_deep__task_deep,13.0,5.84134,0.0713,18.91264,False,False,False,1,,,59259.0,stage1_n2__from__root__c02 > stage2_n2__from__n0002__c02 > stage3_n5__from__n0010__c04 > stage4_n2__from__n0037__c01 > stage5_n1__from__n0106__c01,[mms_issue]airplane_mode_on|bad_network_preference|bad_wifi_calling|break_apn_mms_setting|break_app_sms_permission|data_mode_off|data_usage_exceeded|unseat_sim_card|user_abroad_roaming_enabled_off[PERSONA:None]
risky_ps,PS,0,0,0,19,trap_pre_switch,trap_favoring,False,trap_like_good,repair_all,repair_all,FFDDD,FFFFF,"F/F,F/F,D/F,D/F,D/F","trap_stage1_intake,general_stage2_core,general_stage3_network,general_stage4_verify,target_stage5_decision","trap_lane,general_shared,general_shared,general_shared,target_specialist",00000,2,5,2,0,3,0,2,0.4,deep,fast,agent_deep__task_fast,1.5,4.9492,0.06670000000000001,6.5159,False,False,True,0,,,41218.0,stage1_n4__from__root__c04 > stage2_n2__from__n0004__c02 > stage3_n3__from__n0016__c02 > stage4_n3__from__n0053__c02 > stage5_n2__from__n0147__c02,[mms_issue]airplane_mode_on|bad_network_preference|break_app_sms_permission[PERSONA:Hard]
risky_ps,PS,1,0,1,13,trap_pre_switch,trap_favoring,False,neutral,repair_all,repair_all,DFDDF,FFFFF,"D/F,F/F,D/F,D/F,F/F","target_stage1_handoff,general_stage2_core,barrier_stage3_gate,general_stage4_verify,trap_stage5_terminal","general_shared,general_shared,private_barrier,general_shared,trap_lane",00100,2,5,2,0,3,0,2,0.4,deep,fast,agent_deep__task_fast,0.0,4.224085,0.06530000000000001,4.289384999999999,True,True,True,0,,,37102.0,stage1_n3__from__root__c03 > stage2_n2__from__n0003__c02 > stage3_n5__from__n0013__c04 > stage4_n3__from__n0046__c02 > stage5_n4__from__n0130__c04,[mms_issue]airplane_mode_on|bad_wifi_calling|break_app_sms_permission[PERSONA:None]
risky_ps,PS,2,0,2,7,trap_pre_switch,trap_favoring,False,neutral,repair_all,repair_all,FFDDD,FFFFF,"F/F,F/F,D/F,D/F,D/F","barrier_stage1_gate,trap_stage2_router,barrier_stage3_gate,general_stage4_verify,target_stage5_verify","private_barrier,trap_lane,private_barrier,general_shared,target_specialist",10100,2,5,2,0,3,0,2,0.4,deep,fast,agent_deep__task_fast,0.0,3.946745,0.07500000000000001,4.021745,True,True,True,0,,,33200.0,stage1_n5__from__root__c05 > stage2_n3__from__n0005__c01 > stage3_n5__from__n0020__c03 > stage4_n3__from__n0067__c02 > stage5_n1__from__n0193__c01,[mms_issue]airplane_mode_on|bad_wifi_calling|break_app_storage_permission[PERSONA:Easy]
risky_ps,PS,3,0,3,25,trap_pre_switch,trap_favoring,False,neutral,repair_subset,repair_subset,DFDDD,FFFFF,"D/F,F/F,D/F,D/F,D/F","target_stage1_handoff,trap_stage2_router,barrier_stage3_gate,barrier_stage4_gate,target_stage5_decision","general_shared,trap_lane,private_barrier,private_barrier,target_specialist",00110,1,5,1,0,4,0,1,0.2,deep,fast,agent_deep__task_fast,6.0,4.94286,0.0758,11.01866,False,False,False,1,,,40668.0,stage1_n3__from__root__c03 > stage2_n3__from__n0003__c03 > stage3_n5__from__n0014__c03 > stage4_n5__from__n0049__c04 > stage5_n2__from__n0142__c01,[mms_issue]airplane_mode_on|break_app_both_permissions|data_usage_exceeded[PERSONA:Hard]
risky_ps,PS,4,0,4,36,trap_pre_switch,trap_favoring,False,neutral,repair_all,repair_all,DFFDD,FFFFF,"D/F,F/F,F/F,D/F,D/F","general_stage1_verify,trap_stage2_router,trap_stage3_network,general_stage4_repair,target_stage5_verify","general_shared,trap_lane,trap_lane,general_shared,target_specialist",00000,2,5,2,0,3,0,2,0.4,deep,fast,agent_deep__task_fast,1.5,4.95,0.06420000000000001,6.514200000000001,False,False,True,0,,,42789.0,stage1_n2__from__root__c02 > stage2_n3__from__n0002__c03 > stage3_n4__from__n0011__c02 > stage4_n2__from__n0039__c01 > stage5_n1__from__n0112__c01,[mms_issue]airplane_mode_on|break_app_storage_permission[PERSONA:Easy]
risky_ps,PS,5,0,5,18,trap_pre_switch,trap_favoring,False,trap_safe_overcautious,repair_all,repair_all,FDDDD,FFFFF,"F/F,D/F,D/F,D/F,D/F","general_stage1_intake,target_stage2_router,target_stage3_roaming,target_stage4_repair,target_stage5_verify","general_shared,target_specialist,target_specialist,target_specialist,target_specialist",00000,1,5,1,0,4,0,1,0.2,deep,fast,agent_deep__task_fast,1.5,4.133485,0.0752,5.708685,False,False,True,0,,,33796.0,stage1_n1__from__root__c01 > stage2_n1__from__n0001__c01 > stage3_n2__from__n0006__c02 > stage4_n1__from__n0024__c01 > stage5_n1__from__n0075__c01,[mms_issue]bad_network_preference[PERSONA:None]
risky_ps,PS,6,0,6,24,trap_pre_switch,trap_favoring,False,neutral,repair_all,repair_all,DFDFF,FFFFF,"D/F,F/F,D/F,F/F,F/F","general_stage1_verify,trap_stage2_router,barrier_stage3_gate,trap_stage4_execute,trap_stage5_terminal","general_shared,trap_lane,private_barrier,trap_lane,trap_lane",00100,3,5,3,0,2,0,3,0.6,fast,fast,agent_fast__task_fast,1.5,3.79948,0.0632,5.36268,False,False,True,0,,,36802.0,stage1_n2__from__root__c02 > stage2_n3__from__n0002__c03 > stage3_n5__from__n0011__c03 > stage4_n4__from__n0040__c03 > stage5_n4__from__n0118__c03,[mms_issue]bad_network_preference|break_app_storage_permission[PERSONA:None]
risky_ps,PS,7,0,7,23,trap_pre_switch,trap_favoring,False,trap_like_good,repair_all,repair_all,FFFDD,FFFFF,"F/F,F/F,F/F,D/F,D/F","trap_stage1_intake,trap_stage2_router,trap_stage3_network,general_stage4_verify,target_stage5_verify","trap_lane,trap_lane,trap_lane,general_shared,target_specialist",00000,3,5,3,0,2,0,3,0.6,fast,fast,agent_fast__task_fast,0.0,6.971615,0.0601,7.031715,True,True,True,0,,,62084.0,stage1_n4__from__root__c04 > stage2_n3__from__n0004__c03 > stage3_n4__from__n0017__c02 > stage4_n3__from__n0057__c02 > stage5_n1__from__n0159__c01,[mms_issue]bad_wifi_calling[PERSONA:Easy]
risky_ps,PS,8,0,8,61,trap_pre_switch,trap_favoring,False,trap_like_good,repair_all,repair_all,FDDDD,FFFFF,"F/F,D/F,D/F,D/F,D/F","trap_stage1_intake,general_stage2_roaming,barrier_stage3_gate,barrier_stage4_gate,barrier_stage5_transfer","trap_lane,general_shared,private_barrier,private_barrier,private_barrier",00111,1,5,1,0,4,0,1,0.2,deep,fast,agent_deep__task_fast,0.0,4.67558,0.0726,4.74818,True,True,True,0,,,38213.0,stage1_n4__from__root__c04 > stage2_n4__from__n0004__c04 > stage3_n5__from__n0018__c03 > stage4_n5__from__n0061__c04 > stage5_n5__from__n0175__c03,[mms_issue]bad_wifi_calling|break_app_storage_permission[PERSONA:Easy]
risky_ps,PS,9,0,9,0,trap_pre_switch,trap_favoring,False,neutral,repair_all,repair_all,DFFDD,FFFFF,"D/F,F/F,F/F,D/F,D/F","target_stage1_handoff,general_stage2_core,trap_stage3_network,barrier_stage4_gate,barrier_stage5_transfer","general_shared,general_shared,trap_lane,private_barrier,private_barrier",00011,2,5,2,0,3,0,2,0.4,deep,fast,agent_deep__task_fast,1.5,4.7879,0.0731,6.361,False,False,True,0,,,41564.0,stage1_n3__from__root__c03 > stage2_n2__from__n0003__c02 > stage3_n4__from__n0013__c03 > stage4_n5__from__n0045__c04 > stage5_n5__from__n0128__c03,[mms_issue]break_app_both_permissions[PERSONA:Hard]
risky_ps,PS,10,1,0,19,trap_pre_switch,trap_favoring,False,neutral,repair_all,repair_all,DFDDD,FFFFF,"D/F,F/F,D/F,D/F,D/F","general_stage1_verify,trap_stage2_router,general_stage3_network,general_stage4_repair,target_stage5_decision","general_shared,trap_lane,general_shared,general_shared,target_specialist",00000,1,5,1,0,4,0,1,0.2,deep,fast,agent_deep__task_fast,1.5,5.51907,0.0669,7.08597,False,False,True,0,,,45300.0,stage1_n2__from__root__c02 > stage2_n3__from__n0002__c03 > stage3_n3__from__n0011__c01 > stage4_n2__from__n0038__c01 > stage5_n2__from__n0110__c02,[mms_issue]airplane_mode_on|bad_network_preference|break_app_sms_permission[PERSONA:Hard]
risky_ps,PS,11,1,1,13,trap_pre_switch,trap_favoring,False,trap_like_good,repair_all,repair_all,FDDDD,FFFFF,"F/F,D/F,D/F,D/F,D/F","trap_stage1_intake,target_stage2_router,target_stage3_roaming,target_stage4_repair,target_stage5_verify","trap_lane,target_specialist,target_specialist,target_specialist,target_specialist",00000,1,5,1,0,4,0,1,0.2,deep,fast,agent_deep__task_fast,0.0,4.65993,0.0741,4.73403,True,True,True,0,,,37914.0,stage1_n4__from__root__c04 > stage2_n1__from__n0004__c01 > stage3_n2__from__n0015__c02 > stage4_n1__from__n0051__c01 > stage5_n1__from__n0144__c01,[mms_issue]airplane_mode_on|bad_wifi_calling|break_app_sms_permission[PERSONA:None]
risky_ps,PS,12,1,2,7,trap_pre_switch,trap_favoring,False,trap_safe_overcautious,repair_all,repair_all,DDDDD,FFFFF,"D/F,D/F,D/F,D/F,D/F","general_stage1_verify,target_stage2_router,target_stage3_apn,target_stage4_repair,target_stage5_verify","general_shared,target_specialist,target_specialist,target_specialist,target_specialist",00000,0,5,0,0,5,0,0,0.0,deep,fast,agent_deep__task_fast,0.0,5.65662,0.07600000000000001,5.73262,True,True,True,0,,,45216.0,stage1_n2__from__root__c02 > stage2_n1__from__n0002__c01 > stage3_n1__from__n0009__c01 > stage4_n1__from__n0032__c01 > stage5_n1__from__n0097__c01,[mms_issue]airplane_mode_on|bad_wifi_calling|break_app_storage_permission[PERSONA:Easy]
risky_ps,PS,13,1,3,25,trap_pre_switch,trap_favoring,False,neutral,repair_subset,repair_subset,FDFFD,FFFFF,"F/F,D/F,F/F,F/F,D/F","barrier_stage1_gate,barrier_stage2_gate,trap_stage3_network,trap_stage4_execute,general_stage5_verify","private_barrier,private_barrier,trap_lane,trap_lane,general_shared",11000,3,5,3,0,2,0,3,0.6,fast,fast,agent_fast__task_fast,4.0,3.745955,0.06830000000000001,7.814254999999999,False,False,False,1,,,35138.0,stage1_n5__from__root__c05 > stage2_n5__from__n0005__c03 > stage3_n4__from__n0022__c02 > stage4_n4__from__n0072__c03 > stage5_n3__from__n0210__c02,[mms_issue]airplane_mode_on|break_app_both_permissions|data_usage_exceeded[PERSONA:Hard]
risky_ps,PS,14,1,4,36,trap_pre_switch,trap_favoring,False,neutral,repair_all,repair_all,FFDDD,FFFFF,"F/F,F/F,D/F,D/F,D/F","general_stage1_intake,trap_stage2_router,general_stage3_network,general_stage4_repair,target_stage5_decision","general_shared,trap_lane,general_shared,general_shared,target_specialist",00000,2,5,2,0,3,0,2,0.4,deep,fast,agent_deep__task_fast,1.5,4.621705,0.0661,6.187805000000001,False,False,True,0,,,38968.0,stage1_n1__from__root__c01 > stage2_n3__from__n0001__c03 > stage3_n3__from__n0008__c01 > stage4_n2__from__n0029__c01 > stage5_n2__from__n0087__c02,[mms_issue]airplane_mode_on|break_app_storage_permission[PERSONA:Easy]
risky_ps,PS,15,1,5,18,trap_pre_switch,trap_favoring,False,trap_safe_overcautious,repair_all,repair_all,FDDDD,FFFFF,"F/F,D/F,D/F,D/F,D/F","general_stage1_intake,target_stage2_router,target_stage3_apn,target_stage4_repair,target_stage5_decision","general_shared,target_specialist,target_specialist,target_specialist,target_specialist",00000,1,5,1,0,4,0,1,0.2,deep,fast,agent_deep__task_fast,1.5,4.119685,0.07900000000000001,5.698684999999999,False,False,True,0,,,33766.0,stage1_n1__from__root__c01 > stage2_n1__from__n0001__c01 > stage3_n1__from__n0006__c01 > stage4_n1__from__n0023__c01 > stage5_n2__from__n0074__c02,[mms_issue]bad_network_preference[PERSONA:None]
risky_ps,PS,16,1,6,24,trap_pre_switch,trap_favoring,False,trap_safe_overcautious,repair_all,repair_all,FDDDD,FFFFF,"F/F,D/F,D/F,D/F,D/F","general_stage1_intake,target_stage2_router,target_stage3_apn,target_stage4_repair,target_stage5_verify","general_shared,target_specialist,target_specialist,target_specialist,target_specialist",00000,1,5,1,0,4,0,1,0.2,deep,fast,agent_deep__task_fast,1.5,4.34674,0.07750000000000001,5.924239999999999,False,False,True,0,,,35548.0,stage1_n1__from__root__c01 > stage2_n1__from__n0001__c01 > stage3_n1__from__n0006__c01 > stage4_n1__from__n0023__c01 > stage5_n1__from__n0074__c01,[mms_issue]bad_network_preference|break_app_storage_permission[PERSONA:None]
risky_ps,PS,17,1,7,23,trap_pre_switch,trap_favoring,False,neutral,repair_all,repair_all,FDDDD,FFFFF,"F/F,D/F,D/F,D/F,D/F","barrier_stage1_gate,barrier_stage2_gate,barrier_stage3_gate,general_stage4_repair,target_stage5_decision","private_barrier,private_barrier,private_barrier,general_shared,target_specialist",11100,1,5,1,0,4,0,1,0.2,deep,fast,agent_deep__task_fast,0.0,7.64403,0.0795,7.72353,True,True,True,0,,,64686.0,stage1_n5__from__root__c05 > stage2_n5__from__n0005__c03 > stage3_n5__from__n0022__c03 > stage4_n2__from__n0073__c01 > stage5_n2__from__n0212__c02,[mms_issue]bad_wifi_calling[PERSONA:Easy]
risky_ps,PS,18,1,8,61,trap_pre_switch,trap_favoring,False,trap_safe_overcautious,repair_all,repair_all,DFDDD,FFFFF,"D/F,F/F,D/F,D/F,D/F","general_stage1_verify,general_stage2_core,target_stage3_roaming,target_stage4_repair,target_stage5_verify","general_shared,general_shared,target_specialist,target_specialist,target_specialist",00000,1,5,1,0,4,0,1,0.2,deep,fast,agent_deep__task_fast,0.0,12.64178,0.0721,12.713880000000001,True,True,True,0,,,106988.0,stage1_n2__from__root__c02 > stage2_n2__from__n0002__c02 > stage3_n2__from__n0010__c01 > stage4_n1__from__n0034__c01 > stage5_n1__from__n0099__c01,[mms_issue]bad_wifi_calling|break_app_storage_permission[PERSONA:Easy]
risky_ps,PS,19,1,9,0,trap_pre_switch,trap_favoring,False,trap_safe_overcautious,repair_all,repair_all,DDDDD,FFFFF,"D/F,D/F,D/F,D/F,D/F","target_stage1_handoff,target_stage2_router,target_stage3_roaming,target_stage4_repair,target_stage5_decision","general_shared,target_specialist,target_specialist,target_specialist,target_specialist",00000,0,5,0,0,5,0,0,0.0,deep,fast,agent_deep__task_fast,1.5,5.760925,0.07600000000000001,7.336925000000001,False,False,True,0,,,46579.0,stage1_n3__from__root__c03 > stage2_n1__from__n0003__c01 > stage3_n2__from__n0012__c02 > stage4_n1__from__n0042__c01 > stage5_n2__from__n0121__c02,[mms_issue]break_app_both_permissions[PERSONA:Hard]
risky_ps,PS,20,2,0,19,trap_pre_switch,trap_favoring,False,neutral,repair_all,repair_all,FFDDD,FFFFF,"F/F,F/F,D/F,D/F,D/F","barrier_stage1_gate,trap_stage2_router,general_stage3_network,general_stage4_verify,target_stage5_decision","private_barrier,trap_lane,general_shared,general_shared,target_specialist",10000,2,5,2,0,3,0,2,0.4,deep,fast,agent_deep__task_fast,1.5,4.9216,0.0725,6.4940999999999995,False,False,True,0,,,41158.0,stage1_n5__from__root__c05 > stage2_n3__from__n0005__c01 > stage3_n3__from__n0020__c01 > stage4_n3__from__n0065__c02 > stage5_n2__from__n0187__c02,[mms_issue]airplane_mode_on|bad_network_preference|break_app_sms_permission[PERSONA:Hard]
risky_ps,PS,21,2,1,13,trap_pre_switch,trap_favoring,False,neutral,repair_all,repair_all,DFDDD,FFFFF,"D/F,F/F,D/F,D/F,D/F","general_stage1_verify,general_stage2_core,barrier_stage3_gate,general_stage4_verify,general_stage5_verify","general_shared,general_shared,private_barrier,general_shared,general_shared",00100,1,5,1,0,4,0,1,0.2,deep,fast,agent_deep__task_fast,0.0,4.563135,0.06720000000000001,4.630335,True,True,True,0,,,37374.0,stage1_n2__from__root__c02 > stage2_n2__from__n0002__c02 > stage3_n5__from__n0010__c04 > stage4_n3__from__n0037__c02 > stage5_n3__from__n0107__c03,[mms_issue]airplane_mode_on|bad_wifi_calling|break_app_sms_permission[PERSONA:None]
risky_ps,PS,22,2,2,7,trap_pre_switch,trap_favoring,False,neutral,repair_all,repair_all,FFDDD,FFFFF,"F/F,F/F,D/F,D/F,D/F","general_stage1_intake,general_stage2_core,general_stage3_network,general_stage4_verify,general_stage5_verify","general_shared,general_shared,general_shared,general_shared,general_shared",00000,2,5,2,0,3,0,2,0.4,deep,fast,agent_deep__task_fast,0.0,3.944445,0.0671,4.011545,True,True,True,0,,,33195.0,stage1_n1__from__root__c01 > stage2_n2__from__n0001__c02 > stage3_n3__from__n0007__c02 > stage4_n3__from__n0026__c02 > stage5_n3__from__n0078__c03,[mms_issue]airplane_mode_on|bad_wifi_calling|break_app_storage_permission[PERSONA:Easy]
risky_ps,PS,23,2,3,25,trap_pre_switch,trap_favoring,False,trap_safe_overcautious,repair_subset,repair_subset,DDDDD,FFFFF,"D/F,D/F,D/F,D/F,D/F","target_stage1_handoff,target_stage2_router,target_stage3_roaming,target_stage4_repair,target_stage5_verify","general_shared,target_specialist,target_specialist,target_specialist,target_specialist",00000,0,5,0,0,5,0,0,0.0,deep,fast,agent_deep__task_fast,6.0,5.74655,0.07750000000000001,11.82405,False,False,False,1,,,46202.0,stage1_n3__from__root__c03 > stage2_n1__from__n0003__c01 > stage3_n2__from__n0012__c02 > stage4_n1__from__n0042__c01 > stage5_n1__from__n0121__c01,[mms_issue]airplane_mode_on|break_app_both_permissions|data_usage_exceeded[PERSONA:Hard]
risky_ps,PS,24,2,4,36,trap_pre_switch,trap_favoring,False,neutral,repair_all,repair_all,FFDDD,FFFFF,"F/F,F/F,D/F,D/F,D/F","general_stage1_intake,general_stage2_core,barrier_stage3_gate,general_stage4_verify,target_stage5_decision","general_shared,general_shared,private_barrier,general_shared,target_specialist",00100,2,5,2,0,3,0,2,0.4,deep,fast,agent_deep__task_fast,1.5,4.630905,0.0718,6.202705,False,False,True,0,,,38988.0,stage1_n1__from__root__c01 > stage2_n2__from__n0001__c02 > stage3_n5__from__n0007__c04 > stage4_n3__from__n0028__c02 > stage5_n2__from__n0084__c02,[mms_issue]airplane_mode_on|break_app_storage_permission[PERSONA:Easy]
risky_ps,PS,25,2,5,35,target_post_switch,target_favoring,True,neutral,repair_subset,repair_subset,FDDDD,FDDDD,"F/F,D/D,D/D,D/D,D/D","barrier_stage1_gate,general_stage2_roaming,barrier_stage3_gate,general_stage4_repair,target_stage5_decision","private_barrier,general_shared,private_barrier,general_shared,target_specialist",10100,1,1,1,0,0,4,5,1.0,deep,deep,agent_deep__task_deep,2.0,4.53594,0.0742,6.6101399999999995,True,True,False,1,,,48507.0,stage1_n5__from__root__c05 > stage2_n4__from__n0005__c02 > stage3_n5__from__n0021__c03 > stage4_n2__from__n0070__c01 > stage5_n2__from__n0202__c02,[mms_issue]airplane_mode_on|bad_network_preference|bad_wifi_calling|break_apn_mms_setting|break_app_both_permissions|data_mode_off|data_usage_exceeded|unseat_sim_card|user_abroad_roaming_disabled_on[PERSONA:Hard]
risky_ps,PS,26,2,6,51,target_post_switch,target_favoring,True,target_safe_majority_bad,repair_subset,repair_subset,DFDDD,FDDDD,"D/F,F/D,D/D,D/D,D/D","target_stage1_handoff,general_stage2_core,general_stage3_network,general_stage4_repair,target_stage5_decision","general_shared,general_shared,general_shared,general_shared,target_specialist",00000,1,1,0,1,1,3,3,0.6,deep,deep,agent_deep__task_deep,13.0,5.894225,0.0679,18.962125,False,False,False,1,,,59936.0,stage1_n3__from__root__c03 > stage2_n2__from__n0003__c02 > stage3_n3__from__n0013__c02 > stage4_n2__from__n0044__c01 > stage5_n2__from__n0123__c02,[mms_issue]airplane_mode_on|bad_network_preference|bad_wifi_calling|break_apn_mms_setting|break_app_both_permissions|data_mode_off|data_usage_exceeded|unseat_sim_card|user_abroad_roaming_enabled_off[PERSONA:Hard]
risky_ps,PS,27,2,7,45,target_post_switch,target_favoring,True,neutral,repair_all,repair_subset,FFFDD,FDDDD,"F/F,F/D,F/D,D/D,D/D","general_stage1_intake,trap_stage2_router,trap_stage3_network,general_stage4_repair,target_stage5_decision","general_shared,trap_lane,trap_lane,general_shared,target_specialist",00000,3,1,1,2,0,2,3,0.6,fast,deep,agent_fast__task_deep,11.0,5.474705,0.0661,16.540805,False,False,True,0,,,55206.0,stage1_n1__from__root__c01 > stage2_n3__from__n0001__c03 > stage3_n4__from__n0008__c02 > stage4_n2__from__n0030__c01 > stage5_n2__from__n0089__c02,[mms_issue]airplane_mode_on|bad_network_preference|bad_wifi_calling|break_apn_mms_setting|break_app_both_permissions|data_mode_off|unseat_sim_card|user_abroad_roaming_enabled_off[PERSONA:Hard]
risky_ps,PS,28,2,8,40,target_post_switch,target_favoring,True,neutral,repair_subset,repair_subset,FFFFD,FDDDD,"F/F,F/D,F/D,F/D,D/D","general_stage1_intake,general_stage2_core,trap_stage3_network,trap_stage4_execute,general_stage5_verify","general_shared,general_shared,trap_lane,trap_lane,general_shared",00000,4,1,1,3,0,1,2,0.4,fast,deep,agent_fast__task_deep,15.0,3.82645,0.0623,18.88875,False,False,False,1,,,31496.0,stage1_n1__from__root__c01 > stage2_n2__from__n0001__c02 > stage3_n4__from__n0007__c03 > stage4_n4__from__n0027__c03 > stage5_n3__from__n0081__c02,[mms_issue]airplane_mode_on|bad_network_preference|bad_wifi_calling|break_apn_mms_setting|break_app_sms_permission|data_mode_off|data_usage_exceeded|unseat_sim_card|user_abroad_roaming_disabled_on[PERSONA:None]
risky_ps,PS,29,2,9,46,target_post_switch,target_favoring,True,trap_like_bad,repair_subset,transfer,FDDDD,FDDDD,"F/F,D/D,D/D,D/D,D/D","trap_stage1_intake,target_stage2_router,target_stage3_roaming,target_stage4_repair,target_stage5_decision","trap_lane,target_specialist,target_specialist,target_specialist,target_specialist",00000,1,1,1,0,0,4,5,1.0,deep,deep,agent_deep__task_deep,20.5,4.96247,0.0752,25.53767,False,False,False,1,,,52919.0,stage1_n4__from__root__c04 > stage2_n1__from__n0004__c01 > stage3_n2__from__n0015__c02 > stage4_n1__from__n0051__c01 > stage5_n2__from__n0144__c02,[mms_issue]airplane_mode_on|bad_network_preference|bad_wifi_calling|break_apn_mms_setting|break_app_sms_permission|data_mode_off|data_usage_exceeded|unseat_sim_card|user_abroad_roaming_enabled_off[PERSONA:None]
risky_ps,PS,30,3,0,16,target_post_switch,target_favoring,True,target_decoy_medium,repair_subset,repair_subset,FDFDF,FDDDD,"F/F,D/D,F/D,D/D,F/D","barrier_stage1_gate,general_stage2_roaming,trap_stage3_network,barrier_stage4_gate,trap_stage5_terminal","private_barrier,general_shared,trap_lane,private_barrier,trap_lane",10010,3,1,1,2,0,2,3,0.6,fast,deep,agent_fast__task_deep,2.0,5.356285,0.06820000000000001,7.424485,True,True,False,1,,,46117.0,stage1_n5__from__root__c05 > stage2_n4__from__n0005__c02 > stage3_n4__from__n0021__c02 > stage4_n5__from__n0069__c04 > stage5_n4__from__n0201__c02,[mms_issue]airplane_mode_on|bad_network_preference|bad_wifi_calling|break_apn_mms_setting|break_app_sms_permission|data_mode_off|data_usage_exceeded|user_abroad_roaming_disabled_on[PERSONA:None]
risky_ps,PS,31,3,1,65,target_post_switch,target_favoring,True,target_safe_specialist_good,repair_all,transfer,DDDDD,FDDDD,"D/F,D/D,D/D,D/D,D/D","general_stage1_verify,target_stage2_router,target_stage3_apn,target_stage4_repair,target_stage5_decision","general_shared,target_specialist,target_specialist,target_specialist,target_specialist",00000,0,1,0,0,1,4,4,0.8,deep,deep,agent_deep__task_deep,18.5,5.839825,0.0772,24.417025000000002,False,False,True,0,,,61417.0,stage1_n2__from__root__c02 > stage2_n1__from__n0002__c01 > stage3_n1__from__n0009__c01 > stage4_n1__from__n0032__c01 > stage5_n2__from__n0097__c02,[mms_issue]airplane_mode_on|bad_network_preference|bad_wifi_calling|break_apn_mms_setting|break_app_sms_permission|data_mode_off|unseat_sim_card|user_abroad_roaming_enabled_off[PERSONA:None]
risky_ps,PS,32,3,2,11,target_post_switch,target_favoring,True,trap_like_bad,repair_subset,repair_subset,FFDDD,FDDDD,"F/F,F/D,D/D,D/D,D/D","trap_stage1_intake,general_stage2_core,barrier_stage3_gate,general_stage4_verify,general_stage5_verify","trap_lane,general_shared,private_barrier,general_shared,general_shared",00100,2,1,1,1,0,3,4,0.8,deep,deep,agent_deep__task_deep,3.0,4.61575,0.0679,7.68365,False,False,False,1,,,47825.0,stage1_n4__from__root__c04 > stage2_n2__from__n0004__c02 > stage3_n5__from__n0016__c04 > stage4_n3__from__n0055__c02 > stage5_n3__from__n0153__c03,[mms_issue]airplane_mode_on|bad_network_preference|bad_wifi_calling|break_apn_mms_setting|break_app_storage_permission|data_mode_off|data_usage_exceeded|unseat_sim_card|user_abroad_roaming_disabled_on[PERSONA:Easy]
risky_ps,PS,33,3,3,17,target_post_switch,target_favoring,True,neutral,repair_subset,transfer,FFFDD,FDDDD,"F/F,F/D,F/D,D/D,D/D","barrier_stage1_gate,trap_stage2_router,trap_stage3_network,general_stage4_verify,target_stage5_decision","private_barrier,trap_lane,trap_lane,general_shared,target_specialist",10000,3,1,1,2,0,2,3,0.6,fast,deep,agent_fast__task_deep,21.5,4.847455,0.0656,26.413055,False,False,False,1,,,46247.0,stage1_n5__from__root__c05 > stage2_n3__from__n0005__c01 > stage3_n4__from__n0020__c02 > stage4_n3__from__n0066__c02 > stage5_n2__from__n0189__c02,[mms_issue]airplane_mode_on|bad_network_preference|bad_wifi_calling|break_apn_mms_setting|break_app_storage_permission|data_mode_off|data_usage_exceeded|unseat_sim_card|user_abroad_roaming_enabled_off[PERSONA:Easy]
risky_ps,PS,34,3,4,67,target_post_switch,target_favoring,False,neutral,transfer,transfer,FFDDD,FDDDD,"F/F,F/D,D/D,D/D,D/D","general_stage1_intake,trap_stage2_router,barrier_stage3_gate,general_stage4_verify,general_stage5_verify","general_shared,trap_lane,private_barrier,general_shared,general_shared",00100,2,1,1,1,0,3,4,0.8,deep,deep,agent_deep__task_deep,1.0,4.346365,0.069,5.4153649999999995,False,False,True,0,,,45038.0,stage1_n1__from__root__c01 > stage2_n3__from__n0001__c03 > stage3_n5__from__n0008__c03 > stage4_n3__from__n0031__c02 > stage5_n3__from__n0094__c03,[mms_issue]airplane_mode_on|break_apn_mms_setting|break_app_both_permissions|user_abroad_roaming_disabled_off[PERSONA:None]
risky_ps,PS,35,3,5,35,target_post_switch,target_favoring,True,trap_like_bad,repair_subset,repair_subset,FDFDD,FDDDD,"F/F,D/D,F/D,D/D,D/D","trap_stage1_intake,barrier_stage2_gate,trap_stage3_network,barrier_stage4_gate,target_stage5_decision","trap_lane,private_barrier,trap_lane,private_barrier,target_specialist",01010,2,1,1,1,0,3,4,0.8,deep,deep,agent_deep__task_deep,2.0,5.25525,0.0732,7.32845,True,True,False,1,,,54513.0,stage1_n4__from__root__c04 > stage2_n5__from__n0004__c05 > stage3_n4__from__n0019__c02 > stage4_n5__from__n0063__c04 > stage5_n2__from__n0181__c01,[mms_issue]airplane_mode_on|bad_network_preference|bad_wifi_calling|break_apn_mms_setting|break_app_both_permissions|data_mode_off|data_usage_exceeded|unseat_sim_card|user_abroad_roaming_disabled_on[PERSONA:Hard]
risky_ps,PS,36,3,6,51,target_post_switch,target_favoring,True,neutral,repair_subset,repair_subset,FFFFF,FDDDD,"F/F,F/D,F/D,F/D,F/D","barrier_stage1_gate,trap_stage2_router,trap_stage3_network,trap_stage4_execute,trap_stage5_terminal","private_barrier,trap_lane,trap_lane,trap_lane,trap_lane",10000,5,1,1,4,0,0,1,0.2,fast,deep,agent_fast__task_deep,5.0,5.81216,0.0595,10.87166,False,False,False,1,,,40992.0,stage1_n5__from__root__c05 > stage2_n3__from__n0005__c01 > stage3_n4__from__n0020__c02 > stage4_n4__from__n0066__c03 > stage5_n4__from__n0190__c03,[mms_issue]airplane_mode_on|bad_network_preference|bad_wifi_calling|break_apn_mms_setting|break_app_both_permissions|data_mode_off|data_usage_exceeded|unseat_sim_card|user_abroad_roaming_enabled_off[PERSONA:Hard]
risky_ps,PS,37,3,7,45,target_post_switch,target_favoring,True,trap_like_bad,repair_all,repair_subset,FDDDD,FDDDD,"F/F,D/D,D/D,D/D,D/D","trap_stage1_intake,general_stage2_roaming,general_stage3_network,general_stage4_verify,target_stage5_verify","trap_lane,general_shared,general_shared,general_shared,target_specialist",00000,1,1,1,0,0,4,5,1.0,deep,deep,agent_deep__task_deep,11.0,5.32933,0.0651,16.39443,False,False,True,0,,,58039.0,stage1_n4__from__root__c04 > stage2_n4__from__n0004__c04 > stage3_n3__from__n0018__c01 > stage4_n3__from__n0059__c02 > stage5_n1__from__n0167__c01,[mms_issue]airplane_mode_on|bad_network_preference|bad_wifi_calling|break_apn_mms_setting|break_app_both_permissions|data_mode_off|unseat_sim_card|user_abroad_roaming_enabled_off[PERSONA:Hard]
risky_ps,PS,38,3,8,40,target_post_switch,target_favoring,True,neutral,repair_subset,repair_all,FDDDD,FDDDD,"F/F,D/D,D/D,D/D,D/D","barrier_stage1_gate,general_stage2_roaming,general_stage3_network,general_stage4_verify,target_stage5_verify","private_barrier,general_shared,general_shared,general_shared,target_specialist",10000,1,1,1,0,0,4,5,1.0,deep,deep,agent_deep__task_deep,6.0,5.30808,0.07330000000000002,11.38138,False,False,True,0,,,57147.0,stage1_n5__from__root__c05 > stage2_n4__from__n0005__c02 > stage3_n3__from__n0021__c01 > stage4_n3__from__n0068__c02 > stage5_n1__from__n0197__c01,[mms_issue]airplane_mode_on|bad_network_preference|bad_wifi_calling|break_apn_mms_setting|break_app_sms_permission|data_mode_off|data_usage_exceeded|unseat_sim_card|user_abroad_roaming_disabled_on[PERSONA:None]
risky_ps,PS,39,3,9,46,target_post_switch,target_favoring,True,neutral,repair_subset,repair_subset,FDFDD,FDDDD,"F/F,D/D,F/D,D/D,D/D","barrier_stage1_gate,general_stage2_roaming,trap_stage3_network,general_stage4_repair,target_stage5_decision","private_barrier,general_shared,trap_lane,general_shared,target_specialist",10000,2,1,1,1,0,3,4,0.8,deep,deep,agent_deep__task_deep,14.0,5.55707,0.0704,19.62747,False,False,False,1,,,56727.0,stage1_n5__from__root__c05 > stage2_n4__from__n0005__c02 > stage3_n4__from__n0021__c02 > stage4_n2__from__n0069__c01 > stage5_n2__from__n0198__c02,[mms_issue]airplane_mode_on|bad_network_preference|bad_wifi_calling|break_apn_mms_setting|break_app_sms_permission|data_mode_off|data_usage_exceeded|unseat_sim_card|user_abroad_roaming_enabled_off[PERSONA:None]
risky_ps,PS,40,4,0,16,target_post_switch,target_favoring,True,neutral,repair_subset,repair_subset,FFDDD,FDDDD,"F/F,F/D,D/D,D/D,D/D","general_stage1_intake,trap_stage2_router,barrier_stage3_gate,general_stage4_repair,target_stage5_verify","general_shared,trap_lane,private_barrier,general_shared,target_specialist",00100,2,1,1,1,0,3,4,0.8,deep,deep,agent_deep__task_deep,3.0,3.94875,0.071,7.01975,False,False,False,1,,,40186.0,stage1_n1__from__root__c01 > stage2_n3__from__n0001__c03 > stage3_n5__from__n0008__c03 > stage4_n2__from__n0031__c01 > stage5_n1__from__n0093__c01,[mms_issue]airplane_mode_on|bad_network_preference|bad_wifi_calling|break_apn_mms_setting|break_app_sms_permission|data_mode_off|data_usage_exceeded|user_abroad_roaming_disabled_on[PERSONA:None]
risky_ps,PS,41,4,1,65,target_post_switch,target_favoring,True,neutral,repair_all,transfer,FDDDF,FDDDD,"F/F,D/D,D/D,D/D,F/D","barrier_stage1_gate,barrier_stage2_gate,general_stage3_network,general_stage4_verify,trap_stage5_terminal","private_barrier,private_barrier,general_shared,general_shared,trap_lane",11000,2,1,1,1,0,3,4,0.8,deep,deep,agent_deep__task_deep,18.5,5.34156,0.0717,23.91326,False,False,True,0,,,50892.0,stage1_n5__from__root__c05 > stage2_n5__from__n0005__c03 > stage3_n3__from__n0022__c01 > stage4_n3__from__n0071__c02 > stage5_n4__from__n0207__c04,[mms_issue]airplane_mode_on|bad_network_preference|bad_wifi_calling|break_apn_mms_setting|break_app_sms_permission|data_mode_off|unseat_sim_card|user_abroad_roaming_enabled_off[PERSONA:None]
risky_ps,PS,42,4,2,11,target_post_switch,target_favoring,True,target_decoy_medium,repair_subset,repair_subset,FFDDD,FDDDD,"F/F,F/D,D/D,D/D,D/D","general_stage1_intake,general_stage2_core,barrier_stage3_gate,barrier_stage4_gate,target_stage5_decision","general_shared,general_shared,private_barrier,private_barrier,target_specialist",00110,2,1,1,1,0,3,4,0.8,deep,deep,agent_deep__task_deep,3.0,4.576225,0.07680000000000001,7.6530249999999995,False,False,False,1,,,47708.0,stage1_n1__from__root__c01 > stage2_n2__from__n0001__c02 > stage3_n5__from__n0007__c04 > stage4_n5__from__n0028__c04 > stage5_n2__from__n0086__c01,[mms_issue]airplane_mode_on|bad_network_preference|bad_wifi_calling|break_apn_mms_setting|break_app_storage_permission|data_mode_off|data_usage_exceeded|unseat_sim_card|user_abroad_roaming_disabled_on[PERSONA:Easy]
risky_ps,PS,43,4,3,17,target_post_switch,target_favoring,True,neutral,repair_subset,repair_subset,FDDDD,FDDDD,"F/F,D/D,D/D,D/D,D/D","barrier_stage1_gate,general_stage2_roaming,general_stage3_network,general_stage4_verify,target_stage5_decision","private_barrier,general_shared,general_shared,general_shared,target_specialist",10000,1,1,1,0,0,4,5,1.0,deep,deep,agent_deep__task_deep,2.0,4.48783,0.072,6.55983,True,True,False,1,,,47965.0,stage1_n5__from__root__c05 > stage2_n4__from__n0005__c02 > stage3_n3__from__n0021__c01 > stage4_n3__from__n0068__c02 > stage5_n2__from__n0197__c02,[mms_issue]airplane_mode_on|bad_network_preference|bad_wifi_calling|break_apn_mms_setting|break_app_storage_permission|data_mode_off|data_usage_exceeded|unseat_sim_card|user_abroad_roaming_enabled_off[PERSONA:Easy]
risky_ps,PS,44,4,4,67,target_post_switch,target_favoring,False,target_decoy_medium,transfer,transfer,FFDDD,FDDDD,"F/F,F/D,D/D,D/D,D/D","general_stage1_intake,trap_stage2_router,barrier_stage3_gate,barrier_stage4_gate,barrier_stage5_transfer","general_shared,trap_lane,private_barrier,private_barrier,private_barrier",00111,2,1,1,1,0,3,4,0.8,deep,deep,agent_deep__task_deep,1.0,4.365065,0.0746,5.439665000000001,False,False,True,0,,,45093.0,stage1_n1__from__root__c01 > stage2_n3__from__n0001__c03 > stage3_n5__from__n0008__c03 > stage4_n5__from__n0031__c04 > stage5_n5__from__n0096__c03,[mms_issue]airplane_mode_on|break_apn_mms_setting|break_app_both_permissions|user_abroad_roaming_disabled_off[PERSONA:None]
risky_ps,PS,45,4,5,35,target_post_switch,target_favoring,True,target_decoy_medium,repair_subset,repair_subset,FDFDD,FDDDD,"F/F,D/D,F/D,D/D,D/D","barrier_stage1_gate,barrier_stage2_gate,trap_stage3_network,barrier_stage4_gate,barrier_stage5_transfer","private_barrier,private_barrier,trap_lane,private_barrier,private_barrier",11011,2,1,1,1,0,3,4,0.8,deep,deep,agent_deep__task_deep,2.0,4.85337,0.08000000000000002,6.93337,True,True,False,1,,,48408.0,stage1_n5__from__root__c05 > stage2_n5__from__n0005__c03 > stage3_n4__from__n0022__c02 > stage4_n5__from__n0072__c04 > stage5_n5__from__n0211__c03,[mms_issue]airplane_mode_on|bad_network_preference|bad_wifi_calling|break_apn_mms_setting|break_app_both_permissions|data_mode_off|data_usage_exceeded|unseat_sim_card|user_abroad_roaming_disabled_on[PERSONA:Hard]
risky_ps,PS,46,4,6,51,target_post_switch,target_favoring,True,trap_like_bad,repair_subset,repair_subset,FDDDD,FDDDD,"F/F,D/D,D/D,D/D,D/D","trap_stage1_intake,barrier_stage2_gate,general_stage3_network,general_stage4_repair,target_stage5_decision","trap_lane,private_barrier,general_shared,general_shared,target_specialist",01000,1,1,1,0,0,4,5,1.0,deep,deep,agent_deep__task_deep,2.0,4.42476,0.0689,6.49366,True,True,False,1,,,48204.0,stage1_n4__from__root__c04 > stage2_n5__from__n0004__c05 > stage3_n3__from__n0019__c01 > stage4_n2__from__n0062__c01 > stage5_n2__from__n0176__c02,[mms_issue]airplane_mode_on|bad_network_preference|bad_wifi_calling|break_apn_mms_setting|break_app_both_permissions|data_mode_off|data_usage_exceeded|unseat_sim_card|user_abroad_roaming_enabled_off[PERSONA:Hard]
risky_ps,PS,47,4,7,45,target_post_switch,target_favoring,True,neutral,repair_all,transfer,FFDDD,FDDDD,"F/F,F/D,D/D,D/D,D/D","general_stage1_intake,trap_stage2_router,general_stage3_network,general_stage4_verify,target_stage5_verify","general_shared,trap_lane,general_shared,general_shared,target_specialist",00000,2,1,1,1,0,3,4,0.8,deep,deep,agent_deep__task_deep,18.5,5.167425,0.06830000000000001,23.735725000000002,False,False,True,0,,,55322.0,stage1_n1__from__root__c01 > stage2_n3__from__n0001__c03 > stage3_n3__from__n0008__c01 > stage4_n3__from__n0029__c02 > stage5_n1__from__n0088__c01,[mms_issue]airplane_mode_on|bad_network_preference|bad_wifi_calling|break_apn_mms_setting|break_app_both_permissions|data_mode_off|unseat_sim_card|user_abroad_roaming_enabled_off[PERSONA:Hard]
risky_ps,PS,48,4,8,40,target_post_switch,target_favoring,True,target_safe_majority_bad,repair_subset,repair_subset,DFDDD,FDDDD,"D/F,F/D,D/D,D/D,D/D","general_stage1_verify,general_stage2_core,general_stage3_network,general_stage4_verify,target_stage5_decision","general_shared,general_shared,general_shared,general_shared,target_specialist",00000,1,1,0,1,1,3,3,0.6,deep,deep,agent_deep__task_deep,13.0,5.21591,0.0684,18.28431,False,False,False,1,,,52042.0,stage1_n2__from__root__c02 > stage2_n2__from__n0002__c02 > stage3_n3__from__n0010__c02 > stage4_n3__from__n0035__c02 > stage5_n2__from__n0101__c02,[mms_issue]airplane_mode_on|bad_network_preference|bad_wifi_calling|break_apn_mms_setting|break_app_sms_permission|data_mode_off|data_usage_exceeded|unseat_sim_card|user_abroad_roaming_disabled_on[PERSONA:None]
risky_ps,PS,49,4,9,46,target_post_switch,target_favoring,True,neutral,repair_subset,transfer,FDFDD,FDDDD,"F/F,D/D,F/D,D/D,D/D","barrier_stage1_gate,general_stage2_roaming,trap_stage3_network,general_stage4_verify,target_stage5_verify","private_barrier,general_shared,trap_lane,general_shared,target_specialist",10000,2,1,1,1,0,3,4,0.8,deep,deep,agent_deep__task_deep,20.5,5.26467,0.0699,25.83457,False,False,False,1,,,52786.0,stage1_n5__from__root__c05 > stage2_n4__from__n0005__c02 > stage3_n4__from__n0021__c02 > stage4_n3__from__n0069__c02 > stage5_n1__from__n0199__c01,[mms_issue]airplane_mode_on|bad_network_preference|bad_wifi_calling|break_apn_mms_setting|break_app_sms_permission|data_mode_off|data_usage_exceeded|unseat_sim_card|user_abroad_roaming_enabled_off[PERSONA:None]
risky_ps,PS,50,5,0,16,target_post_switch,target_favoring,True,target_safe_specialist_good,repair_subset,transfer,DDDDD,FDDDD,"D/F,D/D,D/D,D/D,D/D","general_stage1_verify,target_stage2_router,target_stage3_roaming,target_stage4_repair,target_stage5_decision","general_shared,target_specialist,target_specialist,target_specialist,target_specialist",00000,0,1,0,0,1,4,4,0.8,deep,deep,agent_deep__task_deep,16.5,5.3906,0.0753,21.965899999999998,False,False,False,1,,,55394.0,stage1_n2__from__root__c02 > stage2_n1__from__n0002__c01 > stage3_n2__from__n0009__c02 > stage4_n1__from__n0033__c01 > stage5_n2__from__n0098__c02,[mms_issue]airplane_mode_on|bad_network_preference|bad_wifi_calling|break_apn_mms_setting|break_app_sms_permission|data_mode_off|data_usage_exceeded|user_abroad_roaming_disabled_on[PERSONA:None]
risky_ps,PS,51,5,1,65,target_post_switch,target_favoring,True,trap_like_bad,repair_all,transfer,FDDFD,FDDDD,"F/F,D/D,D/D,F/D,D/D","trap_stage1_intake,barrier_stage2_gate,barrier_stage3_gate,trap_stage4_execute,target_stage5_verify","trap_lane,private_barrier,private_barrier,trap_lane,target_specialist",01100,2,1,1,1,0,3,4,0.8,deep,deep,agent_deep__task_deep,20.5,3.84353,0.0694,24.412930000000003,False,False,False,1,,,36457.0,stage1_n4__from__root__c04 > stage2_n5__from__n0004__c05 > stage3_n5__from__n0019__c03 > stage4_n4__from__n0064__c03 > stage5_n1__from__n0184__c01,[mms_issue]airplane_mode_on|bad_network_preference|bad_wifi_calling|break_apn_mms_setting|break_app_sms_permission|data_mode_off|unseat_sim_card|user_abroad_roaming_enabled_off[PERSONA:None]
risky_ps,PS,52,5,2,11,target_post_switch,target_favoring,True,trap_like_bad,repair_subset,transfer,FFDDD,FDDDD,"F/F,F/D,D/D,D/D,D/D","trap_stage1_intake,trap_stage2_router,barrier_stage3_gate,barrier_stage4_gate,barrier_stage5_transfer","trap_lane,trap_lane,private_barrier,private_barrier,private_barrier",00111,2,1,1,1,0,3,4,0.8,deep,deep,agent_deep__task_deep,19.5,4.537975,0.0725,24.110475,False,False,False,1,,,46430.0,stage1_n4__from__root__c04 > stage2_n3__from__n0004__c03 > stage3_n5__from__n0017__c03 > stage4_n5__from__n0058__c04 > stage5_n5__from__n0165__c03,[mms_issue]airplane_mode_on|bad_network_preference|bad_wifi_calling|break_apn_mms_setting|break_app_storage_permission|data_mode_off|data_usage_exceeded|unseat_sim_card|user_abroad_roaming_disabled_on[PERSONA:Easy]
risky_ps,PS,53,5,3,17,target_post_switch,target_favoring,True,target_decoy_medium,repair_subset,transfer,FDDDD,FDDDD,"F/F,D/D,D/D,D/D,D/D","barrier_stage1_gate,barrier_stage2_gate,barrier_stage3_gate,barrier_stage4_gate,target_stage5_decision","private_barrier,private_barrier,private_barrier,private_barrier,target_specialist",11110,1,1,1,0,0,4,5,1.0,deep,deep,agent_deep__task_deep,20.5,4.940285,0.08410000000000001,25.524385,False,False,False,1,,,52826.0,stage1_n5__from__root__c05 > stage2_n5__from__n0005__c03 > stage3_n5__from__n0022__c03 > stage4_n5__from__n0073__c04 > stage5_n2__from__n0215__c01,[mms_issue]airplane_mode_on|bad_network_preference|bad_wifi_calling|break_apn_mms_setting|break_app_storage_permission|data_mode_off|data_usage_exceeded|unseat_sim_card|user_abroad_roaming_enabled_off[PERSONA:Easy]
risky_ps,PS,54,5,4,67,target_post_switch,target_favoring,False,trap_like_bad,transfer,transfer,FDFDD,FDDDD,"F/F,D/D,F/D,D/D,D/D","trap_stage1_intake,barrier_stage2_gate,trap_stage3_network,general_stage4_repair,target_stage5_decision","trap_lane,private_barrier,trap_lane,general_shared,target_specialist",01000,2,1,1,1,0,3,4,0.8,deep,deep,agent_deep__task_deep,1.0,5.237465,0.0675,6.304965,False,False,True,0,,,53962.0,stage1_n4__from__root__c04 > stage2_n5__from__n0004__c05 > stage3_n4__from__n0019__c02 > stage4_n2__from__n0063__c01 > stage5_n2__from__n0178__c02,[mms_issue]airplane_mode_on|break_apn_mms_setting|break_app_both_permissions|user_abroad_roaming_disabled_off[PERSONA:None]
risky_ps,PS,55,5,5,35,target_post_switch,target_favoring,True,trap_like_bad,repair_subset,repair_subset,FDFFD,FDDDD,"F/F,D/D,F/D,F/D,D/D","trap_stage1_intake,general_stage2_roaming,trap_stage3_network,trap_stage4_execute,barrier_stage5_transfer","trap_lane,general_shared,trap_lane,trap_lane,private_barrier",00001,3,1,1,2,0,2,3,0.6,fast,deep,agent_fast__task_deep,11.0,8.695155,0.06480000000000001,19.759954999999998,False,False,True,0,,,82814.0,stage1_n4__from__root__c04 > stage2_n4__from__n0004__c04 > stage3_n4__from__n0018__c02 > stage4_n4__from__n0060__c03 > stage5_n5__from__n0170__c04,[mms_issue]airplane_mode_on|bad_network_preference|bad_wifi_calling|break_apn_mms_setting|break_app_both_permissions|data_mode_off|data_usage_exceeded|unseat_sim_card|user_abroad_roaming_disabled_on[PERSONA:Hard]
risky_ps,PS,56,5,6,51,target_post_switch,target_favoring,True,target_safe_specialist_good,repair_subset,transfer,FFDDD,FDDDD,"F/F,F/D,D/D,D/D,D/D","general_stage1_intake,general_stage2_core,target_stage3_roaming,target_stage4_repair,target_stage5_verify","general_shared,general_shared,target_specialist,target_specialist,target_specialist",00000,2,1,1,1,0,3,4,0.8,deep,deep,agent_deep__task_deep,21.5,5.170985,0.0742,26.745185,False,False,False,1,,,55376.0,stage1_n1__from__root__c01 > stage2_n2__from__n0001__c02 > stage3_n2__from__n0007__c01 > stage4_n1__from__n0025__c01 > stage5_n1__from__n0076__c01,[mms_issue]airplane_mode_on|bad_network_preference|bad_wifi_calling|break_apn_mms_setting|break_app_both_permissions|data_mode_off|data_usage_exceeded|unseat_sim_card|user_abroad_roaming_enabled_off[PERSONA:Hard]
risky_ps,PS,57,5,7,45,target_post_switch,target_favoring,True,neutral,repair_all,repair_all,FFDDD,FDDDD,"F/F,F/D,D/D,D/D,D/D","barrier_stage1_gate,trap_stage2_router,general_stage3_network,general_stage4_repair,target_stage5_verify","private_barrier,trap_lane,general_shared,general_shared,target_specialist",10000,2,1,1,1,0,3,4,0.8,deep,deep,agent_deep__task_deep,0.0,4.185845,0.072,4.257845,True,True,True,0,,,42340.0,stage1_n5__from__root__c05 > stage2_n3__from__n0005__c01 > stage3_n3__from__n0020__c01 > stage4_n2__from__n0065__c01 > stage5_n1__from__n0186__c01,[mms_issue]airplane_mode_on|bad_network_preference|bad_wifi_calling|break_apn_mms_setting|break_app_both_permissions|data_mode_off|unseat_sim_card|user_abroad_roaming_enabled_off[PERSONA:Hard]
risky_ps,PS,58,5,8,40,target_post_switch,target_favoring,True,neutral,repair_subset,repair_subset,FDDDD,FDDDD,"F/F,D/D,D/D,D/D,D/D","barrier_stage1_gate,general_stage2_roaming,general_stage3_network,general_stage4_repair,target_stage5_decision","private_barrier,general_shared,general_shared,general_shared,target_specialist",10000,1,1,1,0,0,4,5,1.0,deep,deep,agent_deep__task_deep,11.0,7.43784,0.07410000000000001,18.51194,False,False,True,0,,,82392.0,stage1_n5__from__root__c05 > stage2_n4__from__n0005__c02 > stage3_n3__from__n0021__c01 > stage4_n2__from__n0068__c01 > stage5_n2__from__n0196__c02,[mms_issue]airplane_mode_on|bad_network_preference|bad_wifi_calling|break_apn_mms_setting|break_app_sms_permission|data_mode_off|data_usage_exceeded|unseat_sim_card|user_abroad_roaming_disabled_on[PERSONA:None]
risky_ps,PS,59,5,9,46,target_post_switch,target_favoring,True,target_safe_specialist_good,repair_subset,repair_subset,DFDDD,FDDDD,"D/F,F/D,D/D,D/D,D/D","target_stage1_handoff,general_stage2_core,target_stage3_roaming,target_stage4_repair,target_stage5_verify","general_shared,general_shared,target_specialist,target_specialist,target_specialist",00000,1,1,0,1,1,3,3,0.6,deep,deep,agent_deep__task_deep,15.0,5.44728,0.0741,20.52138,False,False,False,1,,,54287.0,stage1_n3__from__root__c03 > stage2_n2__from__n0003__c02 > stage3_n2__from__n0013__c01 > stage4_n1__from__n0043__c01 > stage5_n1__from__n0122__c01,[mms_issue]airplane_mode_on|bad_network_preference|bad_wifi_calling|break_apn_mms_setting|break_app_sms_permission|data_mode_off|data_usage_exceeded|unseat_sim_card|user_abroad_roaming_enabled_off[PERSONA:None]
risky_ps,PS,60,6,0,16,target_post_switch,target_favoring,True,target_safe_specialist_good,repair_subset,transfer,DDDDD,FDDDD,"D/F,D/D,D/D,D/D,D/D","target_stage1_handoff,target_stage2_router,target_stage3_roaming,target_stage4_repair,target_stage5_decision","general_shared,target_specialist,target_specialist,target_specialist,target_specialist",00000,0,1,0,0,1,4,4,0.8,deep,deep,agent_deep__task_deep,16.5,5.37462,0.07600000000000001,21.95062,False,False,False,1,,,55347.0,stage1_n3__from__root__c03 > stage2_n1__from__n0003__c01 > stage3_n2__from__n0012__c02 > stage4_n1__from__n0042__c01 > stage5_n2__from__n0121__c02,[mms_issue]airplane_mode_on|bad_network_preference|bad_wifi_calling|break_apn_mms_setting|break_app_sms_permission|data_mode_off|data_usage_exceeded|user_abroad_roaming_disabled_on[PERSONA:None]
risky_ps,PS,61,6,1,65,target_post_switch,target_favoring,True,target_decoy_medium,repair_all,repair_subset,FDDFD,FDDDD,"F/F,D/D,D/D,F/D,D/D","barrier_stage1_gate,general_stage2_roaming,barrier_stage3_gate,trap_stage4_execute,barrier_stage5_transfer","private_barrier,general_shared,private_barrier,trap_lane,private_barrier",10101,2,1,1,1,0,3,4,0.8,deep,deep,agent_deep__task_deep,5.0,5.50535,0.0733,10.57865,False,False,False,1,,,51697.0,stage1_n5__from__root__c05 > stage2_n4__from__n0005__c02 > stage3_n5__from__n0021__c03 > stage4_n4__from__n0070__c03 > stage5_n5__from__n0204__c04,[mms_issue]airplane_mode_on|bad_network_preference|bad_wifi_calling|break_apn_mms_setting|break_app_sms_permission|data_mode_off|unseat_sim_card|user_abroad_roaming_enabled_off[PERSONA:None]
risky_ps,PS,62,6,2,11,target_post_switch,target_favoring,True,trap_like_bad,repair_subset,transfer,FFDDD,FDDDD,"F/F,F/D,D/D,D/D,D/D","trap_stage1_intake,trap_stage2_router,general_stage3_network,general_stage4_verify,target_stage5_verify","trap_lane,trap_lane,general_shared,general_shared,target_specialist",00000,2,1,1,1,0,3,4,0.8,deep,deep,agent_deep__task_deep,19.5,4.541375,0.0621,24.103475000000003,False,False,False,1,,,46440.0,stage1_n4__from__root__c04 > stage2_n3__from__n0004__c03 > stage3_n3__from__n0017__c01 > stage4_n3__from__n0056__c02 > stage5_n1__from__n0157__c01,[mms_issue]airplane_mode_on|bad_network_preference|bad_wifi_calling|break_apn_mms_setting|break_app_storage_permission|data_mode_off|data_usage_exceeded|unseat_sim_card|user_abroad_roaming_disabled_on[PERSONA:Easy]
risky_ps,PS,63,6,3,17,target_post_switch,target_favoring,True,target_safe_specialist_good,repair_subset,repair_all,FDDDD,FDDDD,"F/F,D/D,D/D,D/D,D/D","general_stage1_intake,target_stage2_router,target_stage3_roaming,target_stage4_repair,target_stage5_decision","general_shared,target_specialist,target_specialist,target_specialist,target_specialist",00000,1,1,1,0,0,4,5,1.0,deep,deep,agent_deep__task_deep,3.5,5.296945,0.0758,8.872745,False,False,True,0,,,57058.0,stage1_n1__from__root__c01 > stage2_n1__from__n0001__c01 > stage3_n2__from__n0006__c02 > stage4_n1__from__n0024__c01 > stage5_n2__from__n0075__c02,[mms_issue]airplane_mode_on|bad_network_preference|bad_wifi_calling|break_apn_mms_setting|break_app_storage_permission|data_mode_off|data_usage_exceeded|unseat_sim_card|user_abroad_roaming_enabled_off[PERSONA:Easy]
risky_ps,PS,64,6,4,67,target_post_switch,target_favoring,False,target_safe_majority_bad,transfer,transfer,DDDDD,FDDDD,"D/F,D/D,D/D,D/D,D/D","target_stage1_handoff,target_stage2_router,target_stage3_apn,target_stage4_repair,target_stage5_decision","general_shared,target_specialist,target_specialist,target_specialist,target_specialist",00000,0,1,0,0,1,4,4,0.8,deep,deep,agent_deep__task_deep,1.0,5.004665,0.07790000000000001,6.082565000000001,False,False,True,0,,,51140.0,stage1_n3__from__root__c03 > stage2_n1__from__n0003__c01 > stage3_n1__from__n0012__c01 > stage4_n1__from__n0041__c01 > stage5_n2__from__n0120__c02,[mms_issue]airplane_mode_on|break_apn_mms_setting|break_app_both_permissions|user_abroad_roaming_disabled_off[PERSONA:None]
risky_ps,PS,65,6,5,35,target_post_switch,target_favoring,True,neutral,repair_subset,repair_subset,DFDDD,FDDDD,"D/F,F/D,D/D,D/D,D/D","target_stage1_handoff,trap_stage2_router,general_stage3_network,general_stage4_repair,target_stage5_verify","general_shared,trap_lane,general_shared,general_shared,target_specialist",00000,1,1,0,1,1,3,3,0.6,deep,deep,agent_deep__task_deep,3.0,5.261315,0.0682,8.329515,False,False,False,1,,,52649.0,stage1_n3__from__root__c03 > stage2_n3__from__n0003__c03 > stage3_n3__from__n0014__c01 > stage4_n2__from__n0047__c01 > stage5_n1__from__n0133__c01,[mms_issue]airplane_mode_on|bad_network_preference|bad_wifi_calling|break_apn_mms_setting|break_app_both_permissions|data_mode_off|data_usage_exceeded|unseat_sim_card|user_abroad_roaming_disabled_on[PERSONA:Hard]
risky_ps,PS,66,6,6,51,target_post_switch,target_favoring,True,trap_like_bad,repair_subset,repair_subset,FDDDF,FDDDD,"F/F,D/D,D/D,D/D,F/D","trap_stage1_intake,barrier_stage2_gate,barrier_stage3_gate,general_stage4_verify,trap_stage5_terminal","trap_lane,private_barrier,private_barrier,general_shared,trap_lane",01100,2,1,1,1,0,3,4,0.8,deep,deep,agent_deep__task_deep,13.0,5.35231,0.0684,18.42071,False,False,False,1,,,51737.0,stage1_n4__from__root__c04 > stage2_n5__from__n0004__c05 > stage3_n5__from__n0019__c03 > stage4_n3__from__n0064__c02 > stage5_n4__from__n0183__c04,[mms_issue]airplane_mode_on|bad_network_preference|bad_wifi_calling|break_apn_mms_setting|break_app_both_permissions|data_mode_off|data_usage_exceeded|unseat_sim_card|user_abroad_roaming_enabled_off[PERSONA:Hard]
risky_ps,PS,67,6,7,45,target_post_switch,target_favoring,True,neutral,repair_all,repair_all,DFFDD,FDDDD,"D/F,F/D,F/D,D/D,D/D","target_stage1_handoff,trap_stage2_router,trap_stage3_network,general_stage4_verify,target_stage5_verify","general_shared,trap_lane,trap_lane,general_shared,target_specialist",00000,2,1,0,2,1,2,2,0.4,deep,deep,agent_deep__task_deep,0.0,5.02229,0.06580000000000001,5.08809,True,True,True,0,,,46266.0,stage1_n3__from__root__c03 > stage2_n3__from__n0003__c03 > stage3_n4__from__n0014__c02 > stage4_n3__from__n0048__c02 > stage5_n1__from__n0136__c01,[mms_issue]airplane_mode_on|bad_network_preference|bad_wifi_calling|break_apn_mms_setting|break_app_both_permissions|data_mode_off|unseat_sim_card|user_abroad_roaming_enabled_off[PERSONA:Hard]
risky_ps,PS,68,6,8,40,target_post_switch,target_favoring,True,trap_like_bad,repair_subset,transfer,FDDDD,FDDDD,"F/F,D/D,D/D,D/D,D/D","trap_stage1_intake,target_stage2_router,target_stage3_apn,target_stage4_repair,target_stage5_decision","trap_lane,target_specialist,target_specialist,target_specialist,target_specialist",00000,1,1,1,0,0,4,5,1.0,deep,deep,agent_deep__task_deep,18.5,4.974795,0.0724,23.547195,False,False,False,1,,,53010.0,stage1_n4__from__root__c04 > stage2_n1__from__n0004__c01 > stage3_n1__from__n0015__c01 > stage4_n1__from__n0050__c01 > stage5_n2__from__n0143__c02,[mms_issue]airplane_mode_on|bad_network_preference|bad_wifi_calling|break_apn_mms_setting|break_app_sms_permission|data_mode_off|data_usage_exceeded|unseat_sim_card|user_abroad_roaming_disabled_on[PERSONA:None]
risky_ps,PS,69,6,9,46,target_post_switch,target_favoring,True,target_decoy_medium,repair_subset,transfer,DFFDD,FDDDD,"D/F,F/D,F/D,D/D,D/D","general_stage1_verify,general_stage2_core,trap_stage3_network,barrier_stage4_gate,barrier_stage5_transfer","general_shared,general_shared,trap_lane,private_barrier,private_barrier",00011,2,1,0,2,1,2,2,0.4,deep,deep,agent_deep__task_deep,21.5,5.507695,0.0735,27.081195,False,False,False,1,,,50581.0,stage1_n2__from__root__c02 > stage2_n2__from__n0002__c02 > stage3_n4__from__n0010__c03 > stage4_n5__from__n0036__c04 > stage5_n5__from__n0105__c03,[mms_issue]airplane_mode_on|bad_network_preference|bad_wifi_calling|break_apn_mms_setting|break_app_sms_permission|data_mode_off|data_usage_exceeded|unseat_sim_card|user_abroad_roaming_enabled_off[PERSONA:None]
risky_ps,PS,70,7,0,16,target_post_switch,target_favoring,True,neutral,repair_subset,repair_subset,FDDDD,FDDDD,"F/F,D/D,D/D,D/D,D/D","barrier_stage1_gate,general_stage2_roaming,barrier_stage3_gate,general_stage4_verify,target_stage5_decision","private_barrier,general_shared,private_barrier,general_shared,target_specialist",10100,1,1,1,0,0,4,5,1.0,deep,deep,agent_deep__task_deep,2.0,4.829445,0.0748,6.9042449999999995,True,True,False,1,,,52368.0,stage1_n5__from__root__c05 > stage2_n4__from__n0005__c02 > stage3_n5__from__n0021__c03 > stage4_n3__from__n0070__c02 > stage5_n2__from__n0203__c02,[mms_issue]airplane_mode_on|bad_network_preference|bad_wifi_calling|break_apn_mms_setting|break_app_sms_permission|data_mode_off|data_usage_exceeded|user_abroad_roaming_disabled_on[PERSONA:None]
risky_ps,PS,71,7,1,65,target_post_switch,target_favoring,True,trap_like_bad,repair_all,transfer,FDDDD,FDDDD,"F/F,D/D,D/D,D/D,D/D","trap_stage1_intake,barrier_stage2_gate,general_stage3_network,general_stage4_verify,target_stage5_decision","trap_lane,private_barrier,general_shared,general_shared,target_specialist",01000,1,1,1,0,0,4,5,1.0,deep,deep,agent_deep__task_deep,18.5,5.45309,0.06999999999999999,24.02309,False,False,True,0,,,59168.0,stage1_n4__from__root__c04 > stage2_n5__from__n0004__c05 > stage3_n3__from__n0019__c01 > stage4_n3__from__n0062__c02 > stage5_n2__from__n0177__c02,[mms_issue]airplane_mode_on|bad_network_preference|bad_wifi_calling|break_apn_mms_setting|break_app_sms_permission|data_mode_off|unseat_sim_card|user_abroad_roaming_enabled_off[PERSONA:None]
risky_ps,PS,72,7,2,11,target_post_switch,target_favoring,True,target_safe_specialist_good,repair_subset,repair_subset,DDDDD,FDDDD,"D/F,D/D,D/D,D/D,D/D","target_stage1_handoff,target_stage2_router,target_stage3_apn,target_stage4_repair,target_stage5_verify","general_shared,target_specialist,target_specialist,target_specialist,target_specialist",00000,0,1,0,0,1,4,4,0.8,deep,deep,agent_deep__task_deep,17.0,4.9687,0.07650000000000001,22.0452,False,False,True,0,,,51313.0,stage1_n3__from__root__c03 > stage2_n1__from__n0003__c01 > stage3_n1__from__n0012__c01 > stage4_n1__from__n0041__c01 > stage5_n1__from__n0120__c01,[mms_issue]airplane_mode_on|bad_network_preference|bad_wifi_calling|break_apn_mms_setting|break_app_storage_permission|data_mode_off|data_usage_exceeded|unseat_sim_card|user_abroad_roaming_disabled_on[PERSONA:Easy]
risky_ps,PS,73,7,3,17,target_post_switch,target_favoring,True,neutral,repair_subset,repair_subset,DFDDF,FDDDD,"D/F,F/D,D/D,D/D,F/D","target_stage1_handoff,trap_stage2_router,general_stage3_network,general_stage4_verify,trap_stage5_terminal","general_shared,trap_lane,general_shared,general_shared,trap_lane",00000,2,1,0,2,1,2,2,0.4,deep,deep,agent_deep__task_deep,13.0,5.72832,0.063,18.79132,False,False,False,1,,,52794.0,stage1_n3__from__root__c03 > stage2_n3__from__n0003__c03 > stage3_n3__from__n0014__c01 > stage4_n3__from__n0047__c02 > stage5_n4__from__n0134__c04,[mms_issue]airplane_mode_on|bad_network_preference|bad_wifi_calling|break_apn_mms_setting|break_app_storage_permission|data_mode_off|data_usage_exceeded|unseat_sim_card|user_abroad_roaming_enabled_off[PERSONA:Easy]
risky_ps,PS,74,7,4,67,target_post_switch,target_favoring,False,neutral,transfer,transfer,DFFDD,FDDDD,"D/F,F/D,F/D,D/D,D/D","target_stage1_handoff,trap_stage2_router,trap_stage3_network,general_stage4_repair,target_stage5_decision","general_shared,trap_lane,trap_lane,general_shared,target_specialist",00000,2,1,0,2,1,2,2,0.4,deep,deep,agent_deep__task_deep,1.0,4.966195,0.06530000000000001,6.031495,False,False,True,0,,,46111.0,stage1_n3__from__root__c03 > stage2_n3__from__n0003__c03 > stage3_n4__from__n0014__c02 > stage4_n2__from__n0048__c01 > stage5_n2__from__n0135__c02,[mms_issue]airplane_mode_on|break_apn_mms_setting|break_app_both_permissions|user_abroad_roaming_disabled_off[PERSONA:None]
risky_ps,PS,75,7,5,35,target_post_switch,target_favoring,True,neutral,repair_subset,repair_subset,DFDDD,FDDDD,"D/F,F/D,D/D,D/D,D/D","target_stage1_handoff,trap_stage2_router,general_stage3_network,general_stage4_verify,target_stage5_verify","general_shared,trap_lane,general_shared,general_shared,target_specialist",00000,1,1,0,1,1,3,3,0.6,deep,deep,agent_deep__task_deep,13.0,6.8203,0.06770000000000001,19.887999999999998,False,False,False,1,,,70396.0,stage1_n3__from__root__c03 > stage2_n3__from__n0003__c03 > stage3_n3__from__n0014__c01 > stage4_n3__from__n0047__c02 > stage5_n1__from__n0134__c01,[mms_issue]airplane_mode_on|bad_network_preference|bad_wifi_calling|break_apn_mms_setting|break_app_both_permissions|data_mode_off|data_usage_exceeded|unseat_sim_card|user_abroad_roaming_disabled_on[PERSONA:Hard]
risky_ps,PS,76,7,6,51,target_post_switch,target_favoring,True,neutral,repair_subset,repair_subset,FDDDD,FDDDD,"F/F,D/D,D/D,D/D,D/D","barrier_stage1_gate,general_stage2_roaming,barrier_stage3_gate,general_stage4_repair,target_stage5_verify","private_barrier,general_shared,private_barrier,general_shared,target_specialist",10100,1,1,1,0,0,4,5,1.0,deep,deep,agent_deep__task_deep,2.0,4.5628,0.0742,6.6370000000000005,True,True,False,1,,,48610.0,stage1_n5__from__root__c05 > stage2_n4__from__n0005__c02 > stage3_n5__from__n0021__c03 > stage4_n2__from__n0070__c01 > stage5_n1__from__n0202__c01,[mms_issue]airplane_mode_on|bad_network_preference|bad_wifi_calling|break_apn_mms_setting|break_app_both_permissions|data_mode_off|data_usage_exceeded|unseat_sim_card|user_abroad_roaming_enabled_off[PERSONA:Hard]
risky_ps,PS,77,7,7,45,target_post_switch,target_favoring,True,neutral,repair_all,repair_subset,FDDDD,FDDDD,"F/F,D/D,D/D,D/D,D/D","barrier_stage1_gate,general_stage2_roaming,general_stage3_network,general_stage4_repair,target_stage5_verify","private_barrier,general_shared,general_shared,general_shared,target_specialist",10000,1,1,1,0,0,4,5,1.0,deep,deep,agent_deep__task_deep,11.0,5.57566,0.0732,16.64886,False,False,True,0,,,60559.0,stage1_n5__from__root__c05 > stage2_n4__from__n0005__c02 > stage3_n3__from__n0021__c01 > stage4_n2__from__n0068__c01 > stage5_n1__from__n0196__c01,[mms_issue]airplane_mode_on|bad_network_preference|bad_wifi_calling|break_apn_mms_setting|break_app_both_permissions|data_mode_off|unseat_sim_card|user_abroad_roaming_enabled_off[PERSONA:Hard]
risky_ps,PS,78,7,8,40,target_post_switch,target_favoring,True,neutral,repair_subset,transfer,FDDDD,FDDDD,"F/F,D/D,D/D,D/D,D/D","barrier_stage1_gate,barrier_stage2_gate,general_stage3_network,general_stage4_repair,target_stage5_verify","private_barrier,private_barrier,general_shared,general_shared,target_specialist",11000,1,1,1,0,0,4,5,1.0,deep,deep,agent_deep__task_deep,18.5,4.971395,0.0786,23.549995000000003,False,False,False,1,,,53000.0,stage1_n5__from__root__c05 > stage2_n5__from__n0005__c03 > stage3_n3__from__n0022__c01 > stage4_n2__from__n0071__c01 > stage5_n1__from__n0206__c01,[mms_issue]airplane_mode_on|bad_network_preference|bad_wifi_calling|break_apn_mms_setting|break_app_sms_permission|data_mode_off|data_usage_exceeded|unseat_sim_card|user_abroad_roaming_disabled_on[PERSONA:None]
risky_ps,PS,79,7,9,46,target_post_switch,target_favoring,True,target_decoy_medium,repair_subset,repair_subset,DFFDD,FDDDD,"D/F,F/D,F/D,D/D,D/D","target_stage1_handoff,trap_stage2_router,trap_stage3_network,barrier_stage4_gate,target_stage5_decision","general_shared,trap_lane,trap_lane,private_barrier,target_specialist",00010,2,1,0,2,1,2,2,0.4,deep,deep,agent_deep__task_deep,15.0,6.23198,0.0708,21.30278,False,False,False,1,,,60146.0,stage1_n3__from__root__c03 > stage2_n3__from__n0003__c03 > stage3_n4__from__n0014__c02 > stage4_n5__from__n0048__c04 > stage5_n2__from__n0138__c01,[mms_issue]airplane_mode_on|bad_network_preference|bad_wifi_calling|break_apn_mms_setting|break_app_sms_permission|data_mode_off|data_usage_exceeded|unseat_sim_card|user_abroad_roaming_enabled_off[PERSONA:None]
risky_ps,PS,80,8,0,16,target_post_switch,target_favoring,True,neutral,repair_subset,repair_subset,DFFDD,FDDDD,"D/F,F/D,F/D,D/D,D/D","target_stage1_handoff,trap_stage2_router,trap_stage3_network,general_stage4_repair,target_stage5_decision","general_shared,trap_lane,trap_lane,general_shared,target_specialist",00000,2,1,0,2,1,2,2,0.4,deep,deep,agent_deep__task_deep,11.0,5.35165,0.06530000000000001,16.41695,False,False,False,1,,,50036.0,stage1_n3__from__root__c03 > stage2_n3__from__n0003__c03 > stage3_n4__from__n0014__c02 > stage4_n2__from__n0048__c01 > stage5_n2__from__n0135__c02,[mms_issue]airplane_mode_on|bad_network_preference|bad_wifi_calling|break_apn_mms_setting|break_app_sms_permission|data_mode_off|data_usage_exceeded|user_abroad_roaming_disabled_on[PERSONA:None]
risky_ps,PS,81,8,1,65,target_post_switch,target_favoring,True,target_safe_specialist_good,repair_all,repair_all,DDDDD,FDDDD,"D/F,D/D,D/D,D/D,D/D","general_stage1_verify,target_stage2_router,target_stage3_apn,target_stage4_repair,target_stage5_verify","general_shared,target_specialist,target_specialist,target_specialist,target_specialist",00000,0,1,0,0,1,4,4,0.8,deep,deep,agent_deep__task_deep,0.0,5.677135,0.07600000000000001,5.753134999999999,True,True,True,0,,,58921.0,stage1_n2__from__root__c02 > stage2_n1__from__n0002__c01 > stage3_n1__from__n0009__c01 > stage4_n1__from__n0032__c01 > stage5_n1__from__n0097__c01,[mms_issue]airplane_mode_on|bad_network_preference|bad_wifi_calling|break_apn_mms_setting|break_app_sms_permission|data_mode_off|unseat_sim_card|user_abroad_roaming_enabled_off[PERSONA:None]
risky_ps,PS,82,8,2,11,target_post_switch,target_favoring,True,neutral,repair_subset,repair_subset,DFFFD,FDDDD,"D/F,F/D,F/D,F/D,D/D","general_stage1_verify,general_stage2_core,trap_stage3_network,trap_stage4_execute,general_stage5_verify","general_shared,general_shared,trap_lane,trap_lane,general_shared",00000,3,1,0,3,1,1,1,0.2,fast,deep,agent_fast__task_deep,15.0,4.540385,0.0608,19.601185,False,False,False,1,,,36020.0,stage1_n2__from__root__c02 > stage2_n2__from__n0002__c02 > stage3_n4__from__n0010__c03 > stage4_n4__from__n0036__c03 > stage5_n3__from__n0104__c02,[mms_issue]airplane_mode_on|bad_network_preference|bad_wifi_calling|break_apn_mms_setting|break_app_storage_permission|data_mode_off|data_usage_exceeded|unseat_sim_card|user_abroad_roaming_disabled_on[PERSONA:Easy]
risky_ps,PS,83,8,3,17,target_post_switch,target_favoring,True,neutral,repair_subset,repair_subset,DFFFD,FDDDD,"D/F,F/D,F/D,F/D,D/D","target_stage1_handoff,trap_stage2_router,trap_stage3_network,trap_stage4_execute,target_stage5_verify","general_shared,trap_lane,trap_lane,trap_lane,target_specialist",00000,3,1,0,3,1,1,1,0.2,fast,deep,agent_fast__task_deep,17.0,4.47423,0.0611,21.535330000000002,False,False,False,1,,,35751.0,stage1_n3__from__root__c03 > stage2_n3__from__n0003__c03 > stage3_n4__from__n0014__c02 > stage4_n4__from__n0048__c03 > stage5_n1__from__n0137__c01,[mms_issue]airplane_mode_on|bad_network_preference|bad_wifi_calling|break_apn_mms_setting|break_app_storage_permission|data_mode_off|data_usage_exceeded|unseat_sim_card|user_abroad_roaming_enabled_off[PERSONA:Easy]
risky_ps,PS,84,8,4,67,target_post_switch,target_favoring,False,target_safe_majority_bad,transfer,transfer,DDDDD,FDDDD,"D/F,D/D,D/D,D/D,D/D","general_stage1_verify,target_stage2_router,target_stage3_roaming,target_stage4_repair,target_stage5_decision","general_shared,target_specialist,target_specialist,target_specialist,target_specialist",00000,0,1,0,0,1,4,4,0.8,deep,deep,agent_deep__task_deep,1.0,6.18234,0.0753,7.25764,False,False,True,0,,,65130.0,stage1_n2__from__root__c02 > stage2_n1__from__n0002__c01 > stage3_n2__from__n0009__c02 > stage4_n1__from__n0033__c01 > stage5_n2__from__n0098__c02,[mms_issue]airplane_mode_on|break_apn_mms_setting|break_app_both_permissions|user_abroad_roaming_disabled_off[PERSONA:None]
risky_ps,PS,85,8,5,35,target_post_switch,target_favoring,True,target_decoy_medium,repair_subset,repair_subset,FDDDD,FDDDD,"F/F,D/D,D/D,D/D,D/D","barrier_stage1_gate,general_stage2_roaming,barrier_stage3_gate,barrier_stage4_gate,target_stage5_decision","private_barrier,general_shared,private_barrier,private_barrier,target_specialist",10110,1,1,1,0,0,4,5,1.0,deep,deep,agent_deep__task_deep,2.0,4.98015,0.0776,7.05775,True,True,False,1,,,54726.0,stage1_n5__from__root__c05 > stage2_n4__from__n0005__c02 > stage3_n5__from__n0021__c03 > stage4_n5__from__n0070__c04 > stage5_n2__from__n0205__c01,[mms_issue]airplane_mode_on|bad_network_preference|bad_wifi_calling|break_apn_mms_setting|break_app_both_permissions|data_mode_off|data_usage_exceeded|unseat_sim_card|user_abroad_roaming_disabled_on[PERSONA:Hard]
risky_ps,PS,86,8,6,51,target_post_switch,target_favoring,True,target_safe_specialist_good,repair_subset,transfer,DDDDD,FDDDD,"D/F,D/D,D/D,D/D,D/D","target_stage1_handoff,target_stage2_router,target_stage3_apn,target_stage4_repair,target_stage5_decision","general_shared,target_specialist,target_specialist,target_specialist,target_specialist",00000,0,1,0,0,1,4,4,0.8,deep,deep,agent_deep__task_deep,21.5,5.947255,0.07790000000000001,27.525154999999998,False,False,False,1,,,61762.0,stage1_n3__from__root__c03 > stage2_n1__from__n0003__c01 > stage3_n1__from__n0012__c01 > stage4_n1__from__n0041__c01 > stage5_n2__from__n0120__c02,[mms_issue]airplane_mode_on|bad_network_preference|bad_wifi_calling|break_apn_mms_setting|break_app_both_permissions|data_mode_off|data_usage_exceeded|unseat_sim_card|user_abroad_roaming_enabled_off[PERSONA:Hard]
risky_ps,PS,87,8,7,45,target_post_switch,target_favoring,True,neutral,repair_all,repair_subset,DFFDD,FDDDD,"D/F,F/D,F/D,D/D,D/D","target_stage1_handoff,trap_stage2_router,trap_stage3_network,general_stage4_verify,general_stage5_verify","general_shared,trap_lane,trap_lane,general_shared,general_shared",00000,2,1,0,2,1,2,2,0.4,deep,deep,agent_deep__task_deep,11.0,6.00931,0.06420000000000001,17.07351,False,False,True,0,,,59282.0,stage1_n3__from__root__c03 > stage2_n3__from__n0003__c03 > stage3_n4__from__n0014__c02 > stage4_n3__from__n0048__c02 > stage5_n3__from__n0136__c03,[mms_issue]airplane_mode_on|bad_network_preference|bad_wifi_calling|break_apn_mms_setting|break_app_both_permissions|data_mode_off|unseat_sim_card|user_abroad_roaming_enabled_off[PERSONA:Hard]
risky_ps,PS,88,8,8,40,target_post_switch,target_favoring,True,neutral,repair_subset,transfer,FFDDF,FDDDD,"F/F,F/D,D/D,D/D,F/D","barrier_stage1_gate,trap_stage2_router,general_stage3_network,general_stage4_verify,trap_stage5_terminal","private_barrier,trap_lane,general_shared,general_shared,trap_lane",10000,3,1,1,2,0,2,3,0.6,fast,deep,agent_fast__task_deep,19.5,4.520645,0.06699999999999999,24.087645000000002,False,False,False,1,,,40239.0,stage1_n5__from__root__c05 > stage2_n3__from__n0005__c01 > stage3_n3__from__n0020__c01 > stage4_n3__from__n0065__c02 > stage5_n4__from__n0187__c04,[mms_issue]airplane_mode_on|bad_network_preference|bad_wifi_calling|break_apn_mms_setting|break_app_sms_permission|data_mode_off|data_usage_exceeded|unseat_sim_card|user_abroad_roaming_disabled_on[PERSONA:None]
risky_ps,PS,89,8,9,46,target_post_switch,target_favoring,True,target_safe_specialist_good,repair_subset,transfer,DDDDD,FDDDD,"D/F,D/D,D/D,D/D,D/D","general_stage1_verify,target_stage2_router,target_stage3_roaming,target_stage4_repair,target_stage5_decision","general_shared,target_specialist,target_specialist,target_specialist,target_specialist",00000,0,1,0,0,1,4,4,0.8,deep,deep,agent_deep__task_deep,20.5,5.56494,0.0753,26.14024,False,False,False,1,,,57108.0,stage1_n2__from__root__c02 > stage2_n1__from__n0002__c01 > stage3_n2__from__n0009__c02 > stage4_n1__from__n0033__c01 > stage5_n2__from__n0098__c02,[mms_issue]airplane_mode_on|bad_network_preference|bad_wifi_calling|break_apn_mms_setting|break_app_sms_permission|data_mode_off|data_usage_exceeded|unseat_sim_card|user_abroad_roaming_enabled_off[PERSONA:None]
risky_ps,PS,90,9,0,16,target_post_switch,target_favoring,True,neutral,repair_subset,repair_subset,DFDDD,FDDDD,"D/F,F/D,D/D,D/D,D/D","target_stage1_handoff,trap_stage2_router,general_stage3_network,general_stage4_repair,target_stage5_decision","general_shared,trap_lane,general_shared,general_shared,target_specialist",00000,1,1,0,1,1,3,3,0.6,deep,deep,agent_deep__task_deep,17.5,4.372375,0.0691,21.941474999999997,False,False,False,1,,,43223.0,stage1_n3__from__root__c03 > stage2_n3__from__n0003__c03 > stage3_n3__from__n0014__c01 > stage4_n2__from__n0047__c01 > stage5_n2__from__n0133__c02,[mms_issue]airplane_mode_on|bad_network_preference|bad_wifi_calling|break_apn_mms_setting|break_app_sms_permission|data_mode_off|data_usage_exceeded|user_abroad_roaming_disabled_on[PERSONA:None]
risky_ps,PS,91,9,1,65,target_post_switch,target_favoring,True,trap_like_bad,repair_all,repair_subset,FFFFD,FDDDD,"F/F,F/D,F/D,F/D,D/D","trap_stage1_intake,general_stage2_core,trap_stage3_network,trap_stage4_execute,general_stage5_verify","trap_lane,general_shared,trap_lane,trap_lane,general_shared",00000,4,1,1,3,0,1,2,0.4,fast,deep,agent_fast__task_deep,5.0,4.978525,0.059600000000000014,10.038125,False,False,False,1,,,40549.0,stage1_n4__from__root__c04 > stage2_n2__from__n0004__c02 > stage3_n4__from__n0016__c03 > stage4_n4__from__n0054__c03 > stage5_n3__from__n0150__c02,[mms_issue]airplane_mode_on|bad_network_preference|bad_wifi_calling|break_apn_mms_setting|break_app_sms_permission|data_mode_off|unseat_sim_card|user_abroad_roaming_enabled_off[PERSONA:None]
risky_ps,PS,92,9,2,11,target_post_switch,target_favoring,True,neutral,repair_subset,transfer,DFDDD,FDDDD,"D/F,F/D,D/D,D/D,D/D","target_stage1_handoff,trap_stage2_router,general_stage3_network,general_stage4_verify,target_stage5_verify","general_shared,trap_lane,general_shared,general_shared,target_specialist",00000,1,1,0,1,1,3,3,0.6,deep,deep,agent_deep__task_deep,19.5,5.15102,0.06770000000000001,24.718719999999998,False,False,False,1,,,50652.0,stage1_n3__from__root__c03 > stage2_n3__from__n0003__c03 > stage3_n3__from__n0014__c01 > stage4_n3__from__n0047__c02 > stage5_n1__from__n0134__c01,[mms_issue]airplane_mode_on|bad_network_preference|bad_wifi_calling|break_apn_mms_setting|break_app_storage_permission|data_mode_off|data_usage_exceeded|unseat_sim_card|user_abroad_roaming_disabled_on[PERSONA:Easy]
risky_ps,PS,93,9,3,17,target_post_switch,target_favoring,True,target_decoy_medium,repair_subset,repair_subset,DFFDD,FDDDD,"D/F,F/D,F/D,D/D,D/D","target_stage1_handoff,trap_stage2_router,trap_stage3_network,barrier_stage4_gate,barrier_stage5_transfer","general_shared,trap_lane,trap_lane,private_barrier,private_barrier",00011,2,1,0,2,1,2,2,0.4,deep,deep,agent_deep__task_deep,15.0,6.2272,0.073,21.3002,False,False,False,1,,,60113.0,stage1_n3__from__root__c03 > stage2_n3__from__n0003__c03 > stage3_n4__from__n0014__c02 > stage4_n5__from__n0048__c04 > stage5_n5__from__n0138__c03,[mms_issue]airplane_mode_on|bad_network_preference|bad_wifi_calling|break_apn_mms_setting|break_app_storage_permission|data_mode_off|data_usage_exceeded|unseat_sim_card|user_abroad_roaming_enabled_off[PERSONA:Easy]
risky_ps,PS,94,9,4,67,target_post_switch,target_favoring,False,neutral,transfer,transfer,DFFFF,FDDDD,"D/F,F/D,F/D,F/D,F/D","target_stage1_handoff,trap_stage2_router,trap_stage3_network,trap_stage4_execute,trap_stage5_terminal","general_shared,trap_lane,trap_lane,trap_lane,trap_lane",00000,4,1,0,4,1,0,0,0.0,fast,deep,agent_fast__task_deep,3.0,5.75029,0.0566,8.80689,False,False,False,1,,,40897.0,stage1_n3__from__root__c03 > stage2_n3__from__n0003__c03 > stage3_n4__from__n0014__c02 > stage4_n4__from__n0048__c03 > stage5_n4__from__n0137__c03,[mms_issue]airplane_mode_on|break_apn_mms_setting|break_app_both_permissions|user_abroad_roaming_disabled_off[PERSONA:None]
risky_ps,PS,95,9,5,35,target_post_switch,target_favoring,True,neutral,repair_subset,repair_subset,DFFDD,FDDDD,"D/F,F/D,F/D,D/D,D/D","target_stage1_handoff,trap_stage2_router,trap_stage3_network,general_stage4_verify,general_stage5_verify","general_shared,trap_lane,trap_lane,general_shared,general_shared",00000,2,1,0,2,1,2,2,0.4,deep,deep,agent_deep__task_deep,3.0,5.605135,0.06420000000000001,8.669335,False,False,False,1,,,52639.0,stage1_n3__from__root__c03 > stage2_n3__from__n0003__c03 > stage3_n4__from__n0014__c02 > stage4_n3__from__n0048__c02 > stage5_n3__from__n0136__c03,[mms_issue]airplane_mode_on|bad_network_preference|bad_wifi_calling|break_apn_mms_setting|break_app_both_permissions|data_mode_off|data_usage_exceeded|unseat_sim_card|user_abroad_roaming_disabled_on[PERSONA:Hard]
risky_ps,PS,96,9,6,51,target_post_switch,target_favoring,True,neutral,repair_subset,repair_subset,DFDDD,FDDDD,"D/F,F/D,D/D,D/D,D/D","target_stage1_handoff,trap_stage2_router,general_stage3_network,general_stage4_verify,general_stage5_verify","general_shared,trap_lane,general_shared,general_shared,general_shared",00000,1,1,0,1,1,3,3,0.6,deep,deep,agent_deep__task_deep,13.0,5.911565,0.0661,18.977665000000002,False,False,False,1,,,59987.0,stage1_n3__from__root__c03 > stage2_n3__from__n0003__c03 > stage3_n3__from__n0014__c01 > stage4_n3__from__n0047__c02 > stage5_n3__from__n0134__c03,[mms_issue]airplane_mode_on|bad_network_preference|bad_wifi_calling|break_apn_mms_setting|break_app_both_permissions|data_mode_off|data_usage_exceeded|unseat_sim_card|user_abroad_roaming_enabled_off[PERSONA:Hard]
risky_ps,PS,97,9,7,45,target_post_switch,target_favoring,True,neutral,repair_all,transfer,DFFDD,FDDDD,"D/F,F/D,F/D,D/D,D/D","target_stage1_handoff,trap_stage2_router,trap_stage3_network,general_stage4_verify,general_stage5_verify","general_shared,trap_lane,trap_lane,general_shared,general_shared",00000,2,1,0,2,1,2,2,0.4,deep,deep,agent_deep__task_deep,18.5,6.04824,0.06420000000000001,24.61244,False,False,True,0,,,58816.0,stage1_n3__from__root__c03 > stage2_n3__from__n0003__c03 > stage3_n4__from__n0014__c02 > stage4_n3__from__n0048__c02 > stage5_n3__from__n0136__c03,[mms_issue]airplane_mode_on|bad_network_preference|bad_wifi_calling|break_apn_mms_setting|break_app_both_permissions|data_mode_off|unseat_sim_card|user_abroad_roaming_enabled_off[PERSONA:Hard]
risky_ps,PS,98,9,8,40,target_post_switch,target_favoring,True,trap_like_bad,repair_subset,transfer,FDFDD,FDDDD,"F/F,D/D,F/D,D/D,D/D","trap_stage1_intake,barrier_stage2_gate,trap_stage3_network,general_stage4_repair,target_stage5_verify","trap_lane,private_barrier,trap_lane,general_shared,target_specialist",01000,2,1,1,1,0,3,4,0.8,deep,deep,agent_deep__task_deep,18.5,5.280055,0.0675,23.847555,False,False,False,1,,,52886.0,stage1_n4__from__root__c04 > stage2_n5__from__n0004__c05 > stage3_n4__from__n0019__c02 > stage4_n2__from__n0063__c01 > stage5_n1__from__n0178__c01,[mms_issue]airplane_mode_on|bad_network_preference|bad_wifi_calling|break_apn_mms_setting|break_app_sms_permission|data_mode_off|data_usage_exceeded|unseat_sim_card|user_abroad_roaming_disabled_on[PERSONA:None]
risky_ps,PS,99,9,9,46,target_post_switch,target_favoring,True,neutral,repair_subset,transfer,DFFDD,FDDDD,"D/F,F/D,F/D,D/D,D/D","target_stage1_handoff,trap_stage2_router,trap_stage3_network,general_stage4_repair,target_stage5_verify","general_shared,trap_lane,trap_lane,general_shared,target_specialist",00000,2,1,0,2,1,2,2,0.4,deep,deep,agent_deep__task_deep,21.5,7.57311,0.0656,29.13871,False,False,False,1,,,75678.0,stage1_n3__from__root__c03 > stage2_n3__from__n0003__c03 > stage3_n4__from__n0014__c02 > stage4_n2__from__n0048__c01 > stage5_n1__from__n0135__c01,[mms_issue]airplane_mode_on|bad_network_preference|bad_wifi_calling|break_apn_mms_setting|break_app_sms_permission|data_mode_off|data_usage_exceeded|unseat_sim_card|user_abroad_roaming_enabled_off[PERSONA:None]
risky_ps_direct_cost,PS,0,0,0,19,trap_pre_switch,trap_favoring,False,trap_like_good,repair_all,repair_all,FFDDD,FFFFF,"F/F,F/F,D/F,D/F,D/F","trap_stage1_intake,general_stage2_core,general_stage3_network,general_stage4_verify,target_stage5_decision","trap_lane,general_shared,general_shared,general_shared,target_specialist",00000,2,5,2,0,3,0,2,0.4,deep,fast,agent_deep__task_fast,1.5,4.94644,0.06670000000000001,6.51314,False,False,True,0,,,41212.0,stage1_n4__from__root__c04 > stage2_n2__from__n0004__c02 > stage3_n3__from__n0016__c02 > stage4_n3__from__n0053__c02 > stage5_n2__from__n0147__c02,[mms_issue]airplane_mode_on|bad_network_preference|break_app_sms_permission[PERSONA:Hard]
risky_ps_direct_cost,PS,1,0,1,13,trap_pre_switch,trap_favoring,False,neutral,repair_all,repair_all,DFDDF,FFFFF,"D/F,F/F,D/F,D/F,F/F","target_stage1_handoff,general_stage2_core,barrier_stage3_gate,general_stage4_verify,trap_stage5_terminal","general_shared,general_shared,private_barrier,general_shared,trap_lane",00100,2,5,2,0,3,0,2,0.4,deep,fast,agent_deep__task_fast,0.0,4.220005,0.06530000000000001,4.285304999999999,True,True,True,0,,,37090.0,stage1_n3__from__root__c03 > stage2_n2__from__n0003__c02 > stage3_n5__from__n0013__c04 > stage4_n3__from__n0046__c02 > stage5_n4__from__n0130__c04,[mms_issue]airplane_mode_on|bad_wifi_calling|break_app_sms_permission[PERSONA:None]
risky_ps_direct_cost,PS,2,0,2,7,trap_pre_switch,trap_favoring,False,neutral,repair_all,repair_all,FFDDD,FFFFF,"F/F,F/F,D/F,D/F,D/F","barrier_stage1_gate,trap_stage2_router,barrier_stage3_gate,general_stage4_verify,target_stage5_verify","private_barrier,trap_lane,private_barrier,general_shared,target_specialist",10100,2,5,2,0,3,0,2,0.4,deep,fast,agent_deep__task_fast,0.0,3.966985,0.07500000000000001,4.041985,True,True,True,0,,,33244.0,stage1_n5__from__root__c05 > stage2_n3__from__n0005__c01 > stage3_n5__from__n0020__c03 > stage4_n3__from__n0067__c02 > stage5_n1__from__n0193__c01,[mms_issue]airplane_mode_on|bad_wifi_calling|break_app_storage_permission[PERSONA:Easy]
risky_ps_direct_cost,PS,3,0,3,25,trap_pre_switch,trap_favoring,False,neutral,repair_subset,repair_subset,DFDDD,FFFFF,"D/F,F/F,D/F,D/F,D/F","target_stage1_handoff,trap_stage2_router,barrier_stage3_gate,barrier_stage4_gate,target_stage5_decision","general_shared,trap_lane,private_barrier,private_barrier,target_specialist",00110,1,5,1,0,4,0,1,0.2,deep,fast,agent_deep__task_fast,4.0,4.88168,0.0758,8.95748,False,False,False,1,,,40544.0,stage1_n3__from__root__c03 > stage2_n3__from__n0003__c03 > stage3_n5__from__n0014__c03 > stage4_n5__from__n0049__c04 > stage5_n2__from__n0142__c01,[mms_issue]airplane_mode_on|break_app_both_permissions|data_usage_exceeded[PERSONA:Hard]
risky_ps_direct_cost,PS,4,0,4,36,trap_pre_switch,trap_favoring,False,neutral,repair_all,repair_all,DFFDD,FFFFF,"D/F,F/F,F/F,D/F,D/F","general_stage1_verify,trap_stage2_router,trap_stage3_network,general_stage4_repair,target_stage5_verify","general_shared,trap_lane,trap_lane,general_shared,target_specialist",00000,2,5,2,0,3,0,2,0.4,deep,fast,agent_deep__task_fast,1.5,4.97116,0.06420000000000001,6.535360000000001,False,False,True,0,,,42835.0,stage1_n2__from__root__c02 > stage2_n3__from__n0002__c03 > stage3_n4__from__n0011__c02 > stage4_n2__from__n0039__c01 > stage5_n1__from__n0112__c01,[mms_issue]airplane_mode_on|break_app_storage_permission[PERSONA:Easy]
risky_ps_direct_cost,PS,5,0,5,18,trap_pre_switch,trap_favoring,False,trap_safe_overcautious,repair_all,repair_all,FDDDD,FFFFF,"F/F,D/F,D/F,D/F,D/F","general_stage1_intake,target_stage2_router,target_stage3_roaming,target_stage4_repair,target_stage5_verify","general_shared,target_specialist,target_specialist,target_specialist,target_specialist",00000,1,5,1,0,4,0,1,0.2,deep,fast,agent_deep__task_fast,1.5,4.107725,0.0752,5.682925,False,False,True,0,,,33740.0,stage1_n1__from__root__c01 > stage2_n1__from__n0001__c01 > stage3_n2__from__n0006__c02 > stage4_n1__from__n0024__c01 > stage5_n1__from__n0075__c01,[mms_issue]bad_network_preference[PERSONA:None]
risky_ps_direct_cost,PS,6,0,6,24,trap_pre_switch,trap_favoring,False,neutral,repair_all,repair_all,DFDFF,FFFFF,"D/F,F/F,D/F,F/F,F/F","general_stage1_verify,trap_stage2_router,barrier_stage3_gate,trap_stage4_execute,trap_stage5_terminal","general_shared,trap_lane,private_barrier,trap_lane,trap_lane",00100,3,5,3,0,2,0,3,0.6,fast,fast,agent_fast__task_fast,1.5,3.6951,0.0632,5.2583,False,False,True,0,,,36288.0,stage1_n2__from__root__c02 > stage2_n3__from__n0002__c03 > stage3_n5__from__n0011__c03 > stage4_n4__from__n0040__c03 > stage5_n4__from__n0118__c03,[mms_issue]bad_network_preference|break_app_storage_permission[PERSONA:None]
risky_ps_direct_cost,PS,7,0,7,23,trap_pre_switch,trap_favoring,False,trap_like_good,repair_all,repair_all,FFFDD,FFFFF,"F/F,F/F,F/F,D/F,D/F","trap_stage1_intake,trap_stage2_router,trap_stage3_network,general_stage4_verify,target_stage5_verify","trap_lane,trap_lane,trap_lane,general_shared,target_specialist",00000,3,5,3,0,2,0,3,0.6,fast,fast,agent_fast__task_fast,0.0,7.65317,0.0601,7.7132700000000005,True,True,True,0,,,67235.0,stage1_n4__from__root__c04 > stage2_n3__from__n0004__c03 > stage3_n4__from__n0017__c02 > stage4_n3__from__n0057__c02 > stage5_n1__from__n0159__c01,[mms_issue]bad_wifi_calling[PERSONA:Easy]
risky_ps_direct_cost,PS,8,0,8,61,trap_pre_switch,trap_favoring,False,trap_like_good,repair_all,repair_all,FDDDD,FFFFF,"F/F,D/F,D/F,D/F,D/F","trap_stage1_intake,general_stage2_roaming,barrier_stage3_gate,barrier_stage4_gate,barrier_stage5_transfer","trap_lane,general_shared,private_barrier,private_barrier,private_barrier",00111,1,5,1,0,4,0,1,0.2,deep,fast,agent_deep__task_fast,0.0,4.67098,0.0726,4.74358,True,True,True,0,,,38203.0,stage1_n4__from__root__c04 > stage2_n4__from__n0004__c04 > stage3_n5__from__n0018__c03 > stage4_n5__from__n0061__c04 > stage5_n5__from__n0175__c03,[mms_issue]bad_wifi_calling|break_app_storage_permission[PERSONA:Easy]
risky_ps_direct_cost,PS,9,0,9,0,trap_pre_switch,trap_favoring,False,neutral,repair_all,repair_all,DFFDD,FFFFF,"D/F,F/F,F/F,D/F,D/F","target_stage1_handoff,general_stage2_core,trap_stage3_network,barrier_stage4_gate,barrier_stage5_transfer","general_shared,general_shared,trap_lane,private_barrier,private_barrier",00011,2,5,2,0,3,0,2,0.4,deep,fast,agent_deep__task_fast,1.5,4.77686,0.0731,6.34996,False,False,True,0,,,41540.0,stage1_n3__from__root__c03 > stage2_n2__from__n0003__c02 > stage3_n4__from__n0013__c03 > stage4_n5__from__n0045__c04 > stage5_n5__from__n0128__c03,[mms_issue]break_app_both_permissions[PERSONA:Hard]
risky_ps_direct_cost,PS,10,1,0,19,trap_pre_switch,trap_favoring,False,neutral,repair_all,repair_all,DFDDD,FFFFF,"D/F,F/F,D/F,D/F,D/F","general_stage1_verify,trap_stage2_router,general_stage3_network,general_stage4_repair,target_stage5_decision","general_shared,trap_lane,general_shared,general_shared,target_specialist",00000,1,5,1,0,4,0,1,0.2,deep,fast,agent_deep__task_fast,1.5,5.53195,0.0669,7.0988500000000005,False,False,True,0,,,45328.0,stage1_n2__from__root__c02 > stage2_n3__from__n0002__c03 > stage3_n3__from__n0011__c01 > stage4_n2__from__n0038__c01 > stage5_n2__from__n0110__c02,[mms_issue]airplane_mode_on|bad_network_preference|break_app_sms_permission[PERSONA:Hard]
risky_ps_direct_cost,PS,11,1,1,13,trap_pre_switch,trap_favoring,False,trap_like_good,repair_all,repair_all,FDDDD,FFFFF,"F/F,D/F,D/F,D/F,D/F","trap_stage1_intake,target_stage2_router,target_stage3_roaming,target_stage4_repair,target_stage5_verify","trap_lane,target_specialist,target_specialist,target_specialist,target_specialist",00000,1,5,1,0,4,0,1,0.2,deep,fast,agent_deep__task_fast,0.0,4.67235,0.0741,4.746449999999999,True,True,True,0,,,37941.0,stage1_n4__from__root__c04 > stage2_n1__from__n0004__c01 > stage3_n2__from__n0015__c02 > stage4_n1__from__n0051__c01 > stage5_n1__from__n0144__c01,[mms_issue]airplane_mode_on|bad_wifi_calling|break_app_sms_permission[PERSONA:None]
risky_ps_direct_cost,PS,12,1,2,7,trap_pre_switch,trap_favoring,False,trap_safe_overcautious,repair_all,repair_all,DDDDD,FFFFF,"D/F,D/F,D/F,D/F,D/F","general_stage1_verify,target_stage2_router,target_stage3_apn,target_stage4_repair,target_stage5_verify","general_shared,target_specialist,target_specialist,target_specialist,target_specialist",00000,0,5,0,0,5,0,0,0.0,deep,fast,agent_deep__task_fast,0.0,5.267,0.07600000000000001,5.343,True,True,True,0,,,42086.0,stage1_n2__from__root__c02 > stage2_n1__from__n0002__c01 > stage3_n1__from__n0009__c01 > stage4_n1__from__n0032__c01 > stage5_n1__from__n0097__c01,[mms_issue]airplane_mode_on|bad_wifi_calling|break_app_storage_permission[PERSONA:Easy]
risky_ps_direct_cost,PS,13,1,3,25,trap_pre_switch,trap_favoring,False,neutral,repair_subset,repair_subset,FDFFD,FFFFF,"F/F,D/F,F/F,F/F,D/F","barrier_stage1_gate,barrier_stage2_gate,trap_stage3_network,trap_stage4_execute,general_stage5_verify","private_barrier,private_barrier,trap_lane,trap_lane,general_shared",11000,3,5,3,0,2,0,3,0.6,fast,fast,agent_fast__task_fast,4.0,3.788275,0.06830000000000001,7.856574999999999,False,False,False,1,,,35230.0,stage1_n5__from__root__c05 > stage2_n5__from__n0005__c03 > stage3_n4__from__n0022__c02 > stage4_n4__from__n0072__c03 > stage5_n3__from__n0210__c02,[mms_issue]airplane_mode_on|break_app_both_permissions|data_usage_exceeded[PERSONA:Hard]
risky_ps_direct_cost,PS,14,1,4,36,trap_pre_switch,trap_favoring,False,neutral,repair_all,repair_all,FFDDD,FFFFF,"F/F,F/F,D/F,D/F,D/F","general_stage1_intake,trap_stage2_router,general_stage3_network,general_stage4_repair,target_stage5_decision","general_shared,trap_lane,general_shared,general_shared,target_specialist",00000,2,5,2,0,3,0,2,0.4,deep,fast,agent_deep__task_fast,1.5,4.979355,0.0661,6.5454550000000005,False,False,True,0,,,41958.0,stage1_n1__from__root__c01 > stage2_n3__from__n0001__c03 > stage3_n3__from__n0008__c01 > stage4_n2__from__n0029__c01 > stage5_n2__from__n0087__c02,[mms_issue]airplane_mode_on|break_app_storage_permission[PERSONA:Easy]
risky_ps_direct_cost,PS,15,1,5,18,trap_pre_switch,trap_favoring,False,trap_safe_overcautious,repair_all,repair_all,FDDDD,FFFFF,"F/F,D/F,D/F,D/F,D/F","general_stage1_intake,target_stage2_router,target_stage3_apn,target_stage4_repair,target_stage5_decision","general_shared,target_specialist,target_specialist,target_specialist,target_specialist",00000,1,5,1,0,4,0,1,0.2,deep,fast,agent_deep__task_fast,1.5,4.107725,0.07900000000000001,5.686725,False,False,True,0,,,33740.0,stage1_n1__from__root__c01 > stage2_n1__from__n0001__c01 > stage3_n1__from__n0006__c01 > stage4_n1__from__n0023__c01 > stage5_n2__from__n0074__c02,[mms_issue]bad_network_preference[PERSONA:None]
risky_ps_direct_cost,PS,16,1,6,24,trap_pre_switch,trap_favoring,False,trap_safe_overcautious,repair_all,repair_all,FDDDD,FFFFF,"F/F,D/F,D/F,D/F,D/F","general_stage1_intake,target_stage2_router,target_stage3_apn,target_stage4_repair,target_stage5_verify","general_shared,target_specialist,target_specialist,target_specialist,target_specialist",00000,1,5,1,0,4,0,1,0.2,deep,fast,agent_deep__task_fast,1.5,4.35916,0.07750000000000001,5.93666,False,False,True,0,,,35575.0,stage1_n1__from__root__c01 > stage2_n1__from__n0001__c01 > stage3_n1__from__n0006__c01 > stage4_n1__from__n0023__c01 > stage5_n1__from__n0074__c01,[mms_issue]bad_network_preference|break_app_storage_permission[PERSONA:None]
risky_ps_direct_cost,PS,17,1,7,23,trap_pre_switch,trap_favoring,False,neutral,repair_all,repair_all,FDDDD,FFFFF,"F/F,D/F,D/F,D/F,D/F","barrier_stage1_gate,barrier_stage2_gate,barrier_stage3_gate,general_stage4_repair,target_stage5_decision","private_barrier,private_barrier,private_barrier,general_shared,target_specialist",11100,1,5,1,0,4,0,1,0.2,deep,fast,agent_deep__task_fast,0.0,8.93111,0.0795,9.01061,True,True,True,0,,,74696.0,stage1_n5__from__root__c05 > stage2_n5__from__n0005__c03 > stage3_n5__from__n0022__c03 > stage4_n2__from__n0073__c01 > stage5_n2__from__n0212__c02,[mms_issue]bad_wifi_calling[PERSONA:Easy]
risky_ps_direct_cost,PS,18,1,8,61,trap_pre_switch,trap_favoring,False,trap_safe_overcautious,repair_all,repair_all,DFDDD,FFFFF,"D/F,F/F,D/F,D/F,D/F","general_stage1_verify,general_stage2_core,target_stage3_roaming,target_stage4_repair,target_stage5_verify","general_shared,general_shared,target_specialist,target_specialist,target_specialist",00000,1,5,1,0,4,0,1,0.2,deep,fast,agent_deep__task_fast,0.0,4.849725,0.0721,4.921825,True,True,True,0,,,40011.0,stage1_n2__from__root__c02 > stage2_n2__from__n0002__c02 > stage3_n2__from__n0010__c01 > stage4_n1__from__n0034__c01 > stage5_n1__from__n0099__c01,[mms_issue]bad_wifi_calling|break_app_storage_permission[PERSONA:Easy]
risky_ps_direct_cost,PS,19,1,9,0,trap_pre_switch,trap_favoring,False,trap_safe_overcautious,repair_all,repair_all,DDDDD,FFFFF,"D/F,D/F,D/F,D/F,D/F","target_stage1_handoff,target_stage2_router,target_stage3_roaming,target_stage4_repair,target_stage5_decision","general_shared,target_specialist,target_specialist,target_specialist,target_specialist",00000,0,5,0,0,5,0,0,0.0,deep,fast,agent_deep__task_fast,1.5,5.751725,0.07600000000000001,7.327725000000001,False,False,True,0,,,46559.0,stage1_n3__from__root__c03 > stage2_n1__from__n0003__c01 > stage3_n2__from__n0012__c02 > stage4_n1__from__n0042__c01 > stage5_n2__from__n0121__c02,[mms_issue]break_app_both_permissions[PERSONA:Hard]
risky_ps_direct_cost,PS,20,2,0,19,trap_pre_switch,trap_favoring,False,neutral,repair_all,repair_all,FFDDD,FFFFF,"F/F,F/F,D/F,D/F,D/F","barrier_stage1_gate,trap_stage2_router,general_stage3_network,general_stage4_verify,target_stage5_decision","private_barrier,trap_lane,general_shared,general_shared,target_specialist",10000,2,5,2,0,3,0,2,0.4,deep,fast,agent_deep__task_fast,1.5,4.9492,0.0725,6.5217,False,False,True,0,,,41218.0,stage1_n5__from__root__c05 > stage2_n3__from__n0005__c01 > stage3_n3__from__n0020__c01 > stage4_n3__from__n0065__c02 > stage5_n2__from__n0187__c02,[mms_issue]airplane_mode_on|bad_network_preference|break_app_sms_permission[PERSONA:Hard]
risky_ps_direct_cost,PS,21,2,1,13,trap_pre_switch,trap_favoring,False,neutral,repair_all,repair_all,DFDDD,FFFFF,"D/F,F/F,D/F,D/F,D/F","general_stage1_verify,general_stage2_core,barrier_stage3_gate,general_stage4_verify,general_stage5_verify","general_shared,general_shared,private_barrier,general_shared,general_shared",00100,1,5,1,0,4,0,1,0.2,deep,fast,agent_deep__task_fast,0.0,4.563135,0.06720000000000001,4.630335,True,True,True,0,,,37374.0,stage1_n2__from__root__c02 > stage2_n2__from__n0002__c02 > stage3_n5__from__n0010__c04 > stage4_n3__from__n0037__c02 > stage5_n3__from__n0107__c03,[mms_issue]airplane_mode_on|bad_wifi_calling|break_app_sms_permission[PERSONA:None]
risky_ps_direct_cost,PS,22,2,2,7,trap_pre_switch,trap_favoring,False,neutral,repair_all,repair_all,FFDDD,FFFFF,"F/F,F/F,D/F,D/F,D/F","general_stage1_intake,general_stage2_core,general_stage3_network,general_stage4_verify,general_stage5_verify","general_shared,general_shared,general_shared,general_shared,general_shared",00000,2,5,2,0,3,0,2,0.4,deep,fast,agent_deep__task_fast,0.0,3.983545,0.0671,4.050645,True,True,True,0,,,33280.0,stage1_n1__from__root__c01 > stage2_n2__from__n0001__c02 > stage3_n3__from__n0007__c02 > stage4_n3__from__n0026__c02 > stage5_n3__from__n0078__c03,[mms_issue]airplane_mode_on|bad_wifi_calling|break_app_storage_permission[PERSONA:Easy]
risky_ps_direct_cost,PS,23,2,3,25,trap_pre_switch,trap_favoring,False,trap_safe_overcautious,repair_subset,repair_subset,DDDDD,FFFFF,"D/F,D/F,D/F,D/F,D/F","target_stage1_handoff,target_stage2_router,target_stage3_roaming,target_stage4_repair,target_stage5_verify","general_shared,target_specialist,target_specialist,target_specialist,target_specialist",00000,0,5,0,0,5,0,0,0.0,deep,fast,agent_deep__task_fast,4.0,4.942585,0.07750000000000001,9.020085,False,False,False,1,,,39883.0,stage1_n3__from__root__c03 > stage2_n1__from__n0003__c01 > stage3_n2__from__n0012__c02 > stage4_n1__from__n0042__c01 > stage5_n1__from__n0121__c01,[mms_issue]airplane_mode_on|break_app_both_permissions|data_usage_exceeded[PERSONA:Hard]
risky_ps_direct_cost,PS,24,2,4,36,trap_pre_switch,trap_favoring,False,neutral,repair_all,repair_all,FFDDD,FFFFF,"F/F,F/F,D/F,D/F,D/F","general_stage1_intake,general_stage2_core,barrier_stage3_gate,general_stage4_verify,target_stage5_decision","general_shared,general_shared,private_barrier,general_shared,target_specialist",00100,2,5,2,0,3,0,2,0.4,deep,fast,agent_deep__task_fast,1.5,3.956315,0.0718,5.528115,False,False,True,0,,,33182.0,stage1_n1__from__root__c01 > stage2_n2__from__n0001__c02 > stage3_n5__from__n0007__c04 > stage4_n3__from__n0028__c02 > stage5_n2__from__n0084__c02,[mms_issue]airplane_mode_on|break_app_storage_permission[PERSONA:Easy]
risky_ps_direct_cost,PS,25,2,5,35,target_post_switch,target_favoring,True,neutral,repair_subset,repair_subset,FDDDD,FDDDD,"F/F,D/D,D/D,D/D,D/D","barrier_stage1_gate,general_stage2_roaming,barrier_stage3_gate,general_stage4_repair,target_stage5_decision","private_barrier,general_shared,private_barrier,general_shared,target_specialist",10100,1,1,1,0,0,4,5,1.0,deep,deep,agent_deep__task_deep,11.0,7.554885,0.0742,18.629085,False,False,True,0,,,83688.0,stage1_n5__from__root__c05 > stage2_n4__from__n0005__c02 > stage3_n5__from__n0021__c03 > stage4_n2__from__n0070__c01 > stage5_n2__from__n0202__c02,[mms_issue]airplane_mode_on|bad_network_preference|bad_wifi_calling|break_apn_mms_setting|break_app_both_permissions|data_mode_off|data_usage_exceeded|unseat_sim_card|user_abroad_roaming_disabled_on[PERSONA:Hard]
risky_ps_direct_cost,PS,26,2,6,51,target_post_switch,target_favoring,True,target_safe_specialist_good,repair_subset,transfer,DDDDD,FDDDD,"D/F,D/D,D/D,D/D,D/D","general_stage1_verify,target_stage2_router,target_stage3_apn,target_stage4_repair,target_stage5_verify","general_shared,target_specialist,target_specialist,target_specialist,target_specialist",00000,0,1,0,0,1,4,4,0.8,deep,deep,agent_deep__task_deep,21.5,5.82239,0.07600000000000001,27.39839,False,False,False,1,,,61955.0,stage1_n2__from__root__c02 > stage2_n1__from__n0002__c01 > stage3_n1__from__n0009__c01 > stage4_n1__from__n0032__c01 > stage5_n1__from__n0097__c01,[mms_issue]airplane_mode_on|bad_network_preference|bad_wifi_calling|break_apn_mms_setting|break_app_both_permissions|data_mode_off|data_usage_exceeded|unseat_sim_card|user_abroad_roaming_enabled_off[PERSONA:Hard]
risky_ps_direct_cost,PS,27,2,7,45,target_post_switch,target_favoring,True,trap_like_bad,repair_all,repair_subset,FDDDD,FDDDD,"F/F,D/D,D/D,D/D,D/D","trap_stage1_intake,target_stage2_router,target_stage3_roaming,target_stage4_repair,target_stage5_verify","trap_lane,target_specialist,target_specialist,target_specialist,target_specialist",00000,1,1,1,0,0,4,5,1.0,deep,deep,agent_deep__task_deep,11.0,5.53928,0.0741,16.61338,False,False,True,0,,,60434.0,stage1_n4__from__root__c04 > stage2_n1__from__n0004__c01 > stage3_n2__from__n0015__c02 > stage4_n1__from__n0051__c01 > stage5_n1__from__n0144__c01,[mms_issue]airplane_mode_on|bad_network_preference|bad_wifi_calling|break_apn_mms_setting|break_app_both_permissions|data_mode_off|unseat_sim_card|user_abroad_roaming_enabled_off[PERSONA:Hard]
risky_ps_direct_cost,PS,28,2,8,40,target_post_switch,target_favoring,True,target_safe_specialist_good,repair_subset,repair_subset,FFDDD,FDDDD,"F/F,F/D,D/D,D/D,D/D","general_stage1_intake,general_stage2_core,target_stage3_roaming,target_stage4_repair,target_stage5_decision","general_shared,general_shared,target_specialist,target_specialist,target_specialist",00000,2,1,1,1,0,3,4,0.8,deep,deep,agent_deep__task_deep,3.0,4.60477,0.0736,7.67837,False,False,False,1,,,47784.0,stage1_n1__from__root__c01 > stage2_n2__from__n0001__c02 > stage3_n2__from__n0007__c01 > stage4_n1__from__n0025__c01 > stage5_n2__from__n0076__c02,[mms_issue]airplane_mode_on|bad_network_preference|bad_wifi_calling|break_apn_mms_setting|break_app_sms_permission|data_mode_off|data_usage_exceeded|unseat_sim_card|user_abroad_roaming_disabled_on[PERSONA:None]
risky_ps_direct_cost,PS,29,2,9,46,target_post_switch,target_favoring,True,neutral,repair_subset,transfer,FFDDD,FDDDD,"F/F,F/D,D/D,D/D,D/D","general_stage1_intake,trap_stage2_router,barrier_stage3_gate,general_stage4_repair,target_stage5_verify","general_shared,trap_lane,private_barrier,general_shared,target_specialist",00100,2,1,1,1,0,3,4,0.8,deep,deep,agent_deep__task_deep,21.5,5.235215,0.071,26.806215,False,False,False,1,,,54556.0,stage1_n1__from__root__c01 > stage2_n3__from__n0001__c03 > stage3_n5__from__n0008__c03 > stage4_n2__from__n0031__c01 > stage5_n1__from__n0093__c01,[mms_issue]airplane_mode_on|bad_network_preference|bad_wifi_calling|break_apn_mms_setting|break_app_sms_permission|data_mode_off|data_usage_exceeded|unseat_sim_card|user_abroad_roaming_enabled_off[PERSONA:None]
risky_ps_direct_cost,PS,30,3,0,16,target_post_switch,target_favoring,True,trap_like_bad,repair_subset,repair_subset,FDDDD,FDDDD,"F/F,D/D,D/D,D/D,D/D","trap_stage1_intake,barrier_stage2_gate,general_stage3_network,general_stage4_verify,general_stage5_verify","trap_lane,private_barrier,general_shared,general_shared,general_shared",01000,1,1,1,0,0,4,5,1.0,deep,deep,agent_deep__task_deep,2.0,4.838625,0.0675,6.906125,True,True,False,1,,,52446.0,stage1_n4__from__root__c04 > stage2_n5__from__n0004__c05 > stage3_n3__from__n0019__c01 > stage4_n3__from__n0062__c02 > stage5_n3__from__n0177__c03,[mms_issue]airplane_mode_on|bad_network_preference|bad_wifi_calling|break_apn_mms_setting|break_app_sms_permission|data_mode_off|data_usage_exceeded|user_abroad_roaming_disabled_on[PERSONA:None]
risky_ps_direct_cost,PS,31,3,1,65,target_post_switch,target_favoring,True,neutral,repair_all,repair_subset,FDFFD,FDDDD,"F/F,D/D,F/D,F/D,D/D","barrier_stage1_gate,general_stage2_roaming,trap_stage3_network,trap_stage4_execute,target_stage5_verify","private_barrier,general_shared,trap_lane,trap_lane,target_specialist",10000,3,1,1,2,0,2,3,0.6,fast,deep,agent_fast__task_deep,11.0,4.917815,0.0659,15.983715,False,False,False,1,,,41858.0,stage1_n5__from__root__c05 > stage2_n4__from__n0005__c02 > stage3_n4__from__n0021__c02 > stage4_n4__from__n0069__c03 > stage5_n1__from__n0200__c01,[mms_issue]airplane_mode_on|bad_network_preference|bad_wifi_calling|break_apn_mms_setting|break_app_sms_permission|data_mode_off|unseat_sim_card|user_abroad_roaming_enabled_off[PERSONA:None]
risky_ps_direct_cost,PS,32,3,2,11,target_post_switch,target_favoring,True,neutral,repair_subset,transfer,FFDDD,FDDDD,"F/F,F/D,D/D,D/D,D/D","barrier_stage1_gate,trap_stage2_router,general_stage3_network,general_stage4_repair,target_stage5_decision","private_barrier,trap_lane,general_shared,general_shared,target_specialist",10000,2,1,1,1,0,3,4,0.8,deep,deep,agent_deep__task_deep,19.5,4.53024,0.0711,24.10134,False,False,False,1,,,46393.0,stage1_n5__from__root__c05 > stage2_n3__from__n0005__c01 > stage3_n3__from__n0020__c01 > stage4_n2__from__n0065__c01 > stage5_n2__from__n0186__c02,[mms_issue]airplane_mode_on|bad_network_preference|bad_wifi_calling|break_apn_mms_setting|break_app_storage_permission|data_mode_off|data_usage_exceeded|unseat_sim_card|user_abroad_roaming_disabled_on[PERSONA:Easy]
risky_ps_direct_cost,PS,33,3,3,17,target_post_switch,target_favoring,True,target_safe_specialist_good,repair_subset,repair_subset,DDDDD,FDDDD,"D/F,D/D,D/D,D/D,D/D","target_stage1_handoff,target_stage2_router,target_stage3_apn,target_stage4_repair,target_stage5_verify","general_shared,target_specialist,target_specialist,target_specialist,target_specialist",00000,0,1,0,0,1,4,4,0.8,deep,deep,agent_deep__task_deep,14.0,5.896135,0.07650000000000001,19.972635,False,False,False,1,,,61174.0,stage1_n3__from__root__c03 > stage2_n1__from__n0003__c01 > stage3_n1__from__n0012__c01 > stage4_n1__from__n0041__c01 > stage5_n1__from__n0120__c01,[mms_issue]airplane_mode_on|bad_network_preference|bad_wifi_calling|break_apn_mms_setting|break_app_storage_permission|data_mode_off|data_usage_exceeded|unseat_sim_card|user_abroad_roaming_enabled_off[PERSONA:Easy]
risky_ps_direct_cost,PS,34,3,4,67,target_post_switch,target_favoring,False,target_safe_majority_bad,transfer,transfer,DFDDD,FDDDD,"D/F,F/D,D/D,D/D,D/D","target_stage1_handoff,general_stage2_core,target_stage3_roaming,target_stage4_repair,target_stage5_decision","general_shared,general_shared,target_specialist,target_specialist,target_specialist",00000,1,1,0,1,1,3,3,0.6,deep,deep,agent_deep__task_deep,1.0,5.59675,0.0758,6.67255,False,False,True,0,,,56264.0,stage1_n3__from__root__c03 > stage2_n2__from__n0003__c02 > stage3_n2__from__n0013__c01 > stage4_n1__from__n0043__c01 > stage5_n2__from__n0122__c02,[mms_issue]airplane_mode_on|break_apn_mms_setting|break_app_both_permissions|user_abroad_roaming_disabled_off[PERSONA:None]
risky_ps_direct_cost,PS,35,3,5,35,target_post_switch,target_favoring,True,trap_like_bad,repair_subset,repair_subset,FDFDD,FDDDD,"F/F,D/D,F/D,D/D,D/D","trap_stage1_intake,general_stage2_roaming,trap_stage3_network,general_stage4_verify,general_stage5_verify","trap_lane,general_shared,trap_lane,general_shared,general_shared",00000,2,1,1,1,0,3,4,0.8,deep,deep,agent_deep__task_deep,2.0,4.88856,0.0631,6.95166,True,True,False,1,,,48522.0,stage1_n4__from__root__c04 > stage2_n4__from__n0004__c04 > stage3_n4__from__n0018__c02 > stage4_n3__from__n0060__c02 > stage5_n3__from__n0169__c03,[mms_issue]airplane_mode_on|bad_network_preference|bad_wifi_calling|break_apn_mms_setting|break_app_both_permissions|data_mode_off|data_usage_exceeded|unseat_sim_card|user_abroad_roaming_disabled_on[PERSONA:Hard]
risky_ps_direct_cost,PS,36,3,6,51,target_post_switch,target_favoring,True,neutral,repair_subset,repair_subset,FDDDD,FDDDD,"F/F,D/D,D/D,D/D,D/D","barrier_stage1_gate,general_stage2_roaming,general_stage3_network,general_stage4_repair,target_stage5_verify","private_barrier,general_shared,general_shared,general_shared,target_specialist",10000,1,1,1,0,0,4,5,1.0,deep,deep,agent_deep__task_deep,2.0,4.56382,0.0732,6.63702,True,True,False,1,,,48613.0,stage1_n5__from__root__c05 > stage2_n4__from__n0005__c02 > stage3_n3__from__n0021__c01 > stage4_n2__from__n0068__c01 > stage5_n1__from__n0196__c01,[mms_issue]airplane_mode_on|bad_network_preference|bad_wifi_calling|break_apn_mms_setting|break_app_both_permissions|data_mode_off|data_usage_exceeded|unseat_sim_card|user_abroad_roaming_enabled_off[PERSONA:Hard]
risky_ps_direct_cost,PS,37,3,7,45,target_post_switch,target_favoring,True,neutral,repair_all,repair_subset,FFFFD,FDDDD,"F/F,F/D,F/D,F/D,D/D","general_stage1_intake,general_stage2_core,trap_stage3_network,trap_stage4_execute,general_stage5_verify","general_shared,general_shared,trap_lane,trap_lane,general_shared",00000,4,1,1,3,0,1,2,0.4,fast,deep,agent_fast__task_deep,5.0,5.12155,0.0623,10.18385,False,False,False,1,,,41224.0,stage1_n1__from__root__c01 > stage2_n2__from__n0001__c02 > stage3_n4__from__n0007__c03 > stage4_n4__from__n0027__c03 > stage5_n3__from__n0081__c02,[mms_issue]airplane_mode_on|bad_network_preference|bad_wifi_calling|break_apn_mms_setting|break_app_both_permissions|data_mode_off|unseat_sim_card|user_abroad_roaming_enabled_off[PERSONA:Hard]
risky_ps_direct_cost,PS,38,3,8,40,target_post_switch,target_favoring,True,neutral,repair_subset,repair_subset,FDDDD,FDDDD,"F/F,D/D,D/D,D/D,D/D","barrier_stage1_gate,barrier_stage2_gate,general_stage3_network,general_stage4_repair,target_stage5_decision","private_barrier,private_barrier,general_shared,general_shared,target_specialist",11000,1,1,1,0,0,4,5,1.0,deep,deep,agent_deep__task_deep,15.0,5.17259,0.0777,20.25029,False,False,True,0,,,56312.0,stage1_n5__from__root__c05 > stage2_n5__from__n0005__c03 > stage3_n3__from__n0022__c01 > stage4_n2__from__n0071__c01 > stage5_n2__from__n0206__c02,[mms_issue]airplane_mode_on|bad_network_preference|bad_wifi_calling|break_apn_mms_setting|break_app_sms_permission|data_mode_off|data_usage_exceeded|unseat_sim_card|user_abroad_roaming_disabled_on[PERSONA:None]
risky_ps_direct_cost,PS,39,3,9,46,target_post_switch,target_favoring,True,trap_like_bad,repair_subset,transfer,FDFDD,FDDDD,"F/F,D/D,F/D,D/D,D/D","trap_stage1_intake,barrier_stage2_gate,trap_stage3_network,general_stage4_repair,target_stage5_decision","trap_lane,private_barrier,trap_lane,general_shared,target_specialist",01000,2,1,1,1,0,3,4,0.8,deep,deep,agent_deep__task_deep,20.5,6.01369,0.0675,26.58119,False,False,False,1,,,61598.0,stage1_n4__from__root__c04 > stage2_n5__from__n0004__c05 > stage3_n4__from__n0019__c02 > stage4_n2__from__n0063__c01 > stage5_n2__from__n0178__c02,[mms_issue]airplane_mode_on|bad_network_preference|bad_wifi_calling|break_apn_mms_setting|break_app_sms_permission|data_mode_off|data_usage_exceeded|unseat_sim_card|user_abroad_roaming_enabled_off[PERSONA:None]
risky_ps_direct_cost,PS,40,4,0,16,target_post_switch,target_favoring,True,target_safe_specialist_good,repair_subset,repair_subset,FFDDD,FDDDD,"F/F,F/D,D/D,D/D,D/D","general_stage1_intake,general_stage2_core,target_stage3_roaming,target_stage4_repair,target_stage5_decision","general_shared,general_shared,target_specialist,target_specialist,target_specialist",00000,2,1,1,1,0,3,4,0.8,deep,deep,agent_deep__task_deep,3.0,3.93957,0.0736,7.01317,False,False,False,1,,,40159.0,stage1_n1__from__root__c01 > stage2_n2__from__n0001__c02 > stage3_n2__from__n0007__c01 > stage4_n1__from__n0025__c01 > stage5_n2__from__n0076__c02,[mms_issue]airplane_mode_on|bad_network_preference|bad_wifi_calling|break_apn_mms_setting|break_app_sms_permission|data_mode_off|data_usage_exceeded|user_abroad_roaming_disabled_on[PERSONA:None]
risky_ps_direct_cost,PS,41,4,1,65,target_post_switch,target_favoring,True,neutral,repair_all,transfer,DFFDD,FDDDD,"D/F,F/D,F/D,D/D,D/D","general_stage1_verify,general_stage2_core,trap_stage3_network,general_stage4_verify,target_stage5_decision","general_shared,general_shared,trap_lane,general_shared,target_specialist",00000,2,1,0,2,1,2,2,0.4,deep,deep,agent_deep__task_deep,18.5,5.446765,0.0671,24.013865,False,False,True,0,,,50375.0,stage1_n2__from__root__c02 > stage2_n2__from__n0002__c02 > stage3_n4__from__n0010__c03 > stage4_n3__from__n0036__c02 > stage5_n2__from__n0103__c02,[mms_issue]airplane_mode_on|bad_network_preference|bad_wifi_calling|break_apn_mms_setting|break_app_sms_permission|data_mode_off|unseat_sim_card|user_abroad_roaming_enabled_off[PERSONA:None]
risky_ps_direct_cost,PS,42,4,2,11,target_post_switch,target_favoring,True,target_decoy_medium,repair_subset,transfer,FFDDD,FDDDD,"F/F,F/D,D/D,D/D,D/D","general_stage1_intake,general_stage2_core,barrier_stage3_gate,barrier_stage4_gate,target_stage5_decision","general_shared,general_shared,private_barrier,private_barrier,target_specialist",00110,2,1,1,1,0,3,4,0.8,deep,deep,agent_deep__task_deep,19.5,4.543755,0.07680000000000001,24.120555,False,False,False,1,,,46447.0,stage1_n1__from__root__c01 > stage2_n2__from__n0001__c02 > stage3_n5__from__n0007__c04 > stage4_n5__from__n0028__c04 > stage5_n2__from__n0086__c01,[mms_issue]airplane_mode_on|bad_network_preference|bad_wifi_calling|break_apn_mms_setting|break_app_storage_permission|data_mode_off|data_usage_exceeded|unseat_sim_card|user_abroad_roaming_disabled_on[PERSONA:Easy]
risky_ps_direct_cost,PS,43,4,3,17,target_post_switch,target_favoring,True,trap_like_bad,repair_subset,repair_subset,FFDDD,FDDDD,"F/F,F/D,D/D,D/D,D/D","trap_stage1_intake,trap_stage2_router,barrier_stage3_gate,general_stage4_repair,target_stage5_decision","trap_lane,trap_lane,private_barrier,general_shared,target_specialist",00100,2,1,1,1,0,3,4,0.8,deep,deep,agent_deep__task_deep,15.0,4.133205,0.06730000000000001,19.200505,False,False,False,1,,,41857.0,stage1_n4__from__root__c04 > stage2_n3__from__n0004__c03 > stage3_n5__from__n0017__c03 > stage4_n2__from__n0058__c01 > stage5_n2__from__n0162__c02,[mms_issue]airplane_mode_on|bad_network_preference|bad_wifi_calling|break_apn_mms_setting|break_app_storage_permission|data_mode_off|data_usage_exceeded|unseat_sim_card|user_abroad_roaming_enabled_off[PERSONA:Easy]
risky_ps_direct_cost,PS,44,4,4,67,target_post_switch,target_favoring,False,target_safe_majority_bad,transfer,transfer,DDDDD,FDDDD,"D/F,D/D,D/D,D/D,D/D","general_stage1_verify,target_stage2_router,target_stage3_roaming,target_stage4_repair,target_stage5_verify","general_shared,target_specialist,target_specialist,target_specialist,target_specialist",00000,0,1,0,0,1,4,4,0.8,deep,deep,agent_deep__task_deep,3.0,5.53073,0.0748,8.60553,False,False,False,1,,,57722.0,stage1_n2__from__root__c02 > stage2_n1__from__n0002__c01 > stage3_n2__from__n0009__c02 > stage4_n1__from__n0033__c01 > stage5_n1__from__n0098__c01,[mms_issue]airplane_mode_on|break_apn_mms_setting|break_app_both_permissions|user_abroad_roaming_disabled_off[PERSONA:None]
risky_ps_direct_cost,PS,45,4,5,35,target_post_switch,target_favoring,True,target_decoy_medium,repair_subset,repair_subset,DFFFD,FDDDD,"D/F,F/D,F/D,F/D,D/D","target_stage1_handoff,trap_stage2_router,trap_stage3_network,trap_stage4_execute,barrier_stage5_transfer","general_shared,trap_lane,trap_lane,trap_lane,private_barrier",00001,3,1,0,3,1,1,1,0.2,fast,deep,agent_fast__task_deep,3.0,6.372075,0.0631,9.435175,False,False,False,1,,,51965.0,stage1_n3__from__root__c03 > stage2_n3__from__n0003__c03 > stage3_n4__from__n0014__c02 > stage4_n4__from__n0048__c03 > stage5_n5__from__n0137__c04,[mms_issue]airplane_mode_on|bad_network_preference|bad_wifi_calling|break_apn_mms_setting|break_app_both_permissions|data_mode_off|data_usage_exceeded|unseat_sim_card|user_abroad_roaming_disabled_on[PERSONA:Hard]
risky_ps_direct_cost,PS,46,4,6,51,target_post_switch,target_favoring,True,trap_like_bad,repair_subset,transfer,FFFDF,FDDDD,"F/F,F/D,F/D,D/D,F/D","trap_stage1_intake,general_stage2_core,trap_stage3_network,general_stage4_verify,trap_stage5_terminal","trap_lane,general_shared,trap_lane,general_shared,trap_lane",00000,4,1,1,3,0,1,2,0.4,fast,deep,agent_fast__task_deep,21.5,5.643575,0.060200000000000004,27.203775,False,False,False,1,,,48856.0,stage1_n4__from__root__c04 > stage2_n2__from__n0004__c02 > stage3_n4__from__n0016__c03 > stage4_n3__from__n0054__c02 > stage5_n4__from__n0149__c04,[mms_issue]airplane_mode_on|bad_network_preference|bad_wifi_calling|break_apn_mms_setting|break_app_both_permissions|data_mode_off|data_usage_exceeded|unseat_sim_card|user_abroad_roaming_enabled_off[PERSONA:Hard]
risky_ps_direct_cost,PS,47,4,7,45,target_post_switch,target_favoring,True,neutral,repair_all,repair_subset,DFDDD,FDDDD,"D/F,F/D,D/D,D/D,D/D","target_stage1_handoff,trap_stage2_router,general_stage3_network,general_stage4_repair,target_stage5_decision","general_shared,trap_lane,general_shared,general_shared,target_specialist",00000,1,1,0,1,1,3,3,0.6,deep,deep,agent_deep__task_deep,11.0,5.89168,0.0691,16.96078,False,False,True,0,,,59901.0,stage1_n3__from__root__c03 > stage2_n3__from__n0003__c03 > stage3_n3__from__n0014__c01 > stage4_n2__from__n0047__c01 > stage5_n2__from__n0133__c02,[mms_issue]airplane_mode_on|bad_network_preference|bad_wifi_calling|break_apn_mms_setting|break_app_both_permissions|data_mode_off|unseat_sim_card|user_abroad_roaming_enabled_off[PERSONA:Hard]
risky_ps_direct_cost,PS,48,4,8,40,target_post_switch,target_favoring,True,neutral,repair_subset,transfer,FFFDD,FDDDD,"F/F,F/D,F/D,D/D,D/D","general_stage1_intake,trap_stage2_router,trap_stage3_network,general_stage4_repair,target_stage5_decision","general_shared,trap_lane,trap_lane,general_shared,target_specialist",00000,3,1,1,2,0,2,3,0.6,fast,deep,agent_fast__task_deep,19.5,4.853375,0.0661,24.419475,False,False,False,1,,,46352.0,stage1_n1__from__root__c01 > stage2_n3__from__n0001__c03 > stage3_n4__from__n0008__c02 > stage4_n2__from__n0030__c01 > stage5_n2__from__n0089__c02,[mms_issue]airplane_mode_on|bad_network_preference|bad_wifi_calling|break_apn_mms_setting|break_app_sms_permission|data_mode_off|data_usage_exceeded|unseat_sim_card|user_abroad_roaming_disabled_on[PERSONA:None]
risky_ps_direct_cost,PS,49,4,9,46,target_post_switch,target_favoring,True,target_safe_specialist_good,repair_subset,transfer,DDDDD,FDDDD,"D/F,D/D,D/D,D/D,D/D","target_stage1_handoff,target_stage2_router,target_stage3_apn,target_stage4_repair,target_stage5_verify","general_shared,target_specialist,target_specialist,target_specialist,target_specialist",00000,0,1,0,0,1,4,4,0.8,deep,deep,agent_deep__task_deep,20.5,5.56596,0.07650000000000001,26.14246,False,False,False,1,,,57111.0,stage1_n3__from__root__c03 > stage2_n1__from__n0003__c01 > stage3_n1__from__n0012__c01 > stage4_n1__from__n0041__c01 > stage5_n1__from__n0120__c01,[mms_issue]airplane_mode_on|bad_network_preference|bad_wifi_calling|break_apn_mms_setting|break_app_sms_permission|data_mode_off|data_usage_exceeded|unseat_sim_card|user_abroad_roaming_enabled_off[PERSONA:None]
risky_ps_direct_cost,PS,50,5,0,16,target_post_switch,target_favoring,True,trap_like_bad,repair_subset,transfer,FFDDD,FDDDD,"F/F,F/D,D/D,D/D,D/D","trap_stage1_intake,trap_stage2_router,general_stage3_network,general_stage4_verify,target_stage5_decision","trap_lane,trap_lane,general_shared,general_shared,target_specialist",00000,2,1,1,1,0,3,4,0.8,deep,deep,agent_deep__task_deep,17.5,4.364825,0.0614,21.926225,False,False,False,1,,,44694.0,stage1_n4__from__root__c04 > stage2_n3__from__n0004__c03 > stage3_n3__from__n0017__c01 > stage4_n3__from__n0056__c02 > stage5_n2__from__n0157__c02,[mms_issue]airplane_mode_on|bad_network_preference|bad_wifi_calling|break_apn_mms_setting|break_app_sms_permission|data_mode_off|data_usage_exceeded|user_abroad_roaming_disabled_on[PERSONA:None]
risky_ps_direct_cost,PS,51,5,1,65,target_post_switch,target_favoring,True,target_safe_majority_bad,repair_all,transfer,DFDDD,FDDDD,"D/F,F/D,D/D,D/D,D/D","target_stage1_handoff,general_stage2_core,general_stage3_network,general_stage4_repair,target_stage5_decision","general_shared,general_shared,general_shared,general_shared,target_specialist",00000,1,1,0,1,1,3,3,0.6,deep,deep,agent_deep__task_deep,18.5,5.837435,0.0679,24.405335,False,False,True,0,,,58695.0,stage1_n3__from__root__c03 > stage2_n2__from__n0003__c02 > stage3_n3__from__n0013__c02 > stage4_n2__from__n0044__c01 > stage5_n2__from__n0123__c02,[mms_issue]airplane_mode_on|bad_network_preference|bad_wifi_calling|break_apn_mms_setting|break_app_sms_permission|data_mode_off|unseat_sim_card|user_abroad_roaming_enabled_off[PERSONA:None]
risky_ps_direct_cost,PS,52,5,2,11,target_post_switch,target_favoring,True,neutral,repair_subset,repair_subset,DFFDD,FDDDD,"D/F,F/D,F/D,D/D,D/D","target_stage1_handoff,trap_stage2_router,trap_stage3_network,general_stage4_verify,target_stage5_decision","general_shared,trap_lane,trap_lane,general_shared,target_specialist",00000,2,1,0,2,1,2,2,0.4,deep,deep,agent_deep__task_deep,3.0,5.015865,0.0645,8.080365,False,False,False,1,,,45841.0,stage1_n3__from__root__c03 > stage2_n3__from__n0003__c03 > stage3_n4__from__n0014__c02 > stage4_n3__from__n0048__c02 > stage5_n2__from__n0136__c02,[mms_issue]airplane_mode_on|bad_network_preference|bad_wifi_calling|break_apn_mms_setting|break_app_storage_permission|data_mode_off|data_usage_exceeded|unseat_sim_card|user_abroad_roaming_disabled_on[PERSONA:Easy]
risky_ps_direct_cost,PS,53,5,3,17,target_post_switch,target_favoring,True,target_decoy_medium,repair_subset,transfer,DFFDD,FDDDD,"D/F,F/D,F/D,D/D,D/D","target_stage1_handoff,trap_stage2_router,trap_stage3_network,barrier_stage4_gate,barrier_stage5_transfer","general_shared,trap_lane,trap_lane,private_barrier,private_barrier",00011,2,1,0,2,1,2,2,0.4,deep,deep,agent_deep__task_deep,21.5,5.39182,0.073,26.96482,False,False,False,1,,,50249.0,stage1_n3__from__root__c03 > stage2_n3__from__n0003__c03 > stage3_n4__from__n0014__c02 > stage4_n5__from__n0048__c04 > stage5_n5__from__n0138__c03,[mms_issue]airplane_mode_on|bad_network_preference|bad_wifi_calling|break_apn_mms_setting|break_app_storage_permission|data_mode_off|data_usage_exceeded|unseat_sim_card|user_abroad_roaming_enabled_off[PERSONA:Easy]
risky_ps_direct_cost,PS,54,5,4,67,target_post_switch,target_favoring,False,target_safe_majority_bad,transfer,transfer,DFDDD,FDDDD,"D/F,F/D,D/D,D/D,D/D","target_stage1_handoff,general_stage2_core,general_stage3_network,general_stage4_verify,target_stage5_decision","general_shared,general_shared,general_shared,general_shared,target_specialist",00000,1,1,0,1,1,3,3,0.6,deep,deep,agent_deep__task_deep,1.0,5.31115,0.0692,6.38035,False,False,True,0,,,53213.0,stage1_n3__from__root__c03 > stage2_n2__from__n0003__c02 > stage3_n3__from__n0013__c02 > stage4_n3__from__n0044__c02 > stage5_n2__from__n0124__c02,[mms_issue]airplane_mode_on|break_apn_mms_setting|break_app_both_permissions|user_abroad_roaming_disabled_off[PERSONA:None]
risky_ps_direct_cost,PS,55,5,5,35,target_post_switch,target_favoring,True,neutral,repair_subset,transfer,FFFFD,FDDDD,"F/F,F/D,F/D,F/D,D/D","general_stage1_intake,trap_stage2_router,trap_stage3_network,trap_stage4_execute,target_stage5_verify","general_shared,trap_lane,trap_lane,trap_lane,target_specialist",00000,4,1,1,3,0,1,2,0.4,fast,deep,agent_fast__task_deep,19.5,5.741965,0.0641,25.306065,False,False,False,1,,,46353.0,stage1_n1__from__root__c01 > stage2_n3__from__n0001__c03 > stage3_n4__from__n0008__c02 > stage4_n4__from__n0030__c03 > stage5_n1__from__n0091__c01,[mms_issue]airplane_mode_on|bad_network_preference|bad_wifi_calling|break_apn_mms_setting|break_app_both_permissions|data_mode_off|data_usage_exceeded|unseat_sim_card|user_abroad_roaming_disabled_on[PERSONA:Hard]
risky_ps_direct_cost,PS,56,5,6,51,target_post_switch,target_favoring,True,neutral,repair_subset,repair_subset,FDDDD,FDDDD,"F/F,D/D,D/D,D/D,D/D","barrier_stage1_gate,general_stage2_roaming,general_stage3_network,general_stage4_repair,target_stage5_verify","private_barrier,general_shared,general_shared,general_shared,target_specialist",10000,1,1,1,0,0,4,5,1.0,deep,deep,agent_deep__task_deep,13.0,5.383305,0.0732,18.456505,False,False,False,1,,,58278.0,stage1_n5__from__root__c05 > stage2_n4__from__n0005__c02 > stage3_n3__from__n0021__c01 > stage4_n2__from__n0068__c01 > stage5_n1__from__n0196__c01,[mms_issue]airplane_mode_on|bad_network_preference|bad_wifi_calling|break_apn_mms_setting|break_app_both_permissions|data_mode_off|data_usage_exceeded|unseat_sim_card|user_abroad_roaming_enabled_off[PERSONA:Hard]
risky_ps_direct_cost,PS,57,5,7,45,target_post_switch,target_favoring,True,neutral,repair_all,repair_all,DFDDD,FDDDD,"D/F,F/D,D/D,D/D,D/D","target_stage1_handoff,trap_stage2_router,general_stage3_network,general_stage4_verify,general_stage5_verify","general_shared,trap_lane,general_shared,general_shared,general_shared",00000,1,1,0,1,1,3,3,0.6,deep,deep,agent_deep__task_deep,0.0,4.794925,0.0661,4.861025,True,True,True,0,,,46545.0,stage1_n3__from__root__c03 > stage2_n3__from__n0003__c03 > stage3_n3__from__n0014__c01 > stage4_n3__from__n0047__c02 > stage5_n3__from__n0134__c03,[mms_issue]airplane_mode_on|bad_network_preference|bad_wifi_calling|break_apn_mms_setting|break_app_both_permissions|data_mode_off|unseat_sim_card|user_abroad_roaming_enabled_off[PERSONA:Hard]
risky_ps_direct_cost,PS,58,5,8,40,target_post_switch,target_favoring,True,neutral,repair_subset,transfer,DFDDD,FDDDD,"D/F,F/D,D/D,D/D,D/D","general_stage1_verify,general_stage2_core,barrier_stage3_gate,general_stage4_repair,target_stage5_verify","general_shared,general_shared,private_barrier,general_shared,target_specialist",00100,1,1,0,1,1,3,3,0.6,deep,deep,agent_deep__task_deep,19.5,5.149695,0.0713,24.720995000000002,False,False,False,1,,,50621.0,stage1_n2__from__root__c02 > stage2_n2__from__n0002__c02 > stage3_n5__from__n0010__c04 > stage4_n2__from__n0037__c01 > stage5_n1__from__n0106__c01,[mms_issue]airplane_mode_on|bad_network_preference|bad_wifi_calling|break_apn_mms_setting|break_app_sms_permission|data_mode_off|data_usage_exceeded|unseat_sim_card|user_abroad_roaming_disabled_on[PERSONA:None]
risky_ps_direct_cost,PS,59,5,9,46,target_post_switch,target_favoring,True,target_safe_specialist_good,repair_subset,transfer,FDDDD,FDDDD,"F/F,D/D,D/D,D/D,D/D","general_stage1_intake,target_stage2_router,target_stage3_roaming,target_stage4_repair,target_stage5_verify","general_shared,target_specialist,target_specialist,target_specialist,target_specialist",00000,1,1,1,0,0,4,5,1.0,deep,deep,agent_deep__task_deep,20.5,4.93935,0.0752,25.51455,False,False,False,1,,,52851.0,stage1_n1__from__root__c01 > stage2_n1__from__n0001__c01 > stage3_n2__from__n0006__c02 > stage4_n1__from__n0024__c01 > stage5_n1__from__n0075__c01,[mms_issue]airplane_mode_on|bad_network_preference|bad_wifi_calling|break_apn_mms_setting|break_app_sms_permission|data_mode_off|data_usage_exceeded|unseat_sim_card|user_abroad_roaming_enabled_off[PERSONA:None]
risky_ps_direct_cost,PS,60,6,0,16,target_post_switch,target_favoring,True,neutral,repair_subset,repair_subset,FFDDD,FDDDD,"F/F,F/D,D/D,D/D,D/D","general_stage1_intake,trap_stage2_router,general_stage3_network,general_stage4_repair,target_stage5_verify","general_shared,trap_lane,general_shared,general_shared,target_specialist",00000,2,1,1,1,0,3,4,0.8,deep,deep,agent_deep__task_deep,3.0,4.435715,0.0661,7.501815000000001,False,False,False,1,,,45966.0,stage1_n1__from__root__c01 > stage2_n3__from__n0001__c03 > stage3_n3__from__n0008__c01 > stage4_n2__from__n0029__c01 > stage5_n1__from__n0087__c01,[mms_issue]airplane_mode_on|bad_network_preference|bad_wifi_calling|break_apn_mms_setting|break_app_sms_permission|data_mode_off|data_usage_exceeded|user_abroad_roaming_disabled_on[PERSONA:None]
risky_ps_direct_cost,PS,61,6,1,65,target_post_switch,target_favoring,True,neutral,repair_all,repair_all,FFFDD,FDDDD,"F/F,F/D,F/D,D/D,D/D","barrier_stage1_gate,trap_stage2_router,trap_stage3_network,general_stage4_repair,target_stage5_decision","private_barrier,trap_lane,trap_lane,general_shared,target_specialist",10000,3,1,1,2,0,2,3,0.6,fast,deep,agent_fast__task_deep,0.0,4.444885,0.0678,4.512685,True,True,True,0,,,41702.0,stage1_n5__from__root__c05 > stage2_n3__from__n0005__c01 > stage3_n4__from__n0020__c02 > stage4_n2__from__n0066__c01 > stage5_n2__from__n0188__c02,[mms_issue]airplane_mode_on|bad_network_preference|bad_wifi_calling|break_apn_mms_setting|break_app_sms_permission|data_mode_off|unseat_sim_card|user_abroad_roaming_enabled_off[PERSONA:None]
risky_ps_direct_cost,PS,62,6,2,11,target_post_switch,target_favoring,True,trap_like_bad,repair_subset,repair_subset,FDDDF,FDDDD,"F/F,D/D,D/D,D/D,F/D","trap_stage1_intake,barrier_stage2_gate,barrier_stage3_gate,barrier_stage4_gate,trap_stage5_terminal","trap_lane,private_barrier,private_barrier,private_barrier,trap_lane",01110,2,1,1,1,0,3,4,0.8,deep,deep,agent_deep__task_deep,15.0,5.050815,0.0736,20.124415,False,False,True,0,,,47035.0,stage1_n4__from__root__c04 > stage2_n5__from__n0004__c05 > stage3_n5__from__n0019__c03 > stage4_n5__from__n0064__c04 > stage5_n4__from__n0185__c02,[mms_issue]airplane_mode_on|bad_network_preference|bad_wifi_calling|break_apn_mms_setting|break_app_storage_permission|data_mode_off|data_usage_exceeded|unseat_sim_card|user_abroad_roaming_disabled_on[PERSONA:Easy]
risky_ps_direct_cost,PS,63,6,3,17,target_post_switch,target_favoring,True,neutral,repair_subset,repair_all,FDFDD,FDDDD,"F/F,D/D,F/D,D/D,D/D","barrier_stage1_gate,barrier_stage2_gate,trap_stage3_network,general_stage4_repair,target_stage5_verify","private_barrier,private_barrier,trap_lane,general_shared,target_specialist",11000,2,1,1,1,0,3,4,0.8,deep,deep,agent_deep__task_deep,3.5,5.682205,0.07550000000000001,9.257705,False,False,True,0,,,57514.0,stage1_n5__from__root__c05 > stage2_n5__from__n0005__c03 > stage3_n4__from__n0022__c02 > stage4_n2__from__n0072__c01 > stage5_n1__from__n0208__c01,[mms_issue]airplane_mode_on|bad_network_preference|bad_wifi_calling|break_apn_mms_setting|break_app_storage_permission|data_mode_off|data_usage_exceeded|unseat_sim_card|user_abroad_roaming_enabled_off[PERSONA:Easy]
risky_ps_direct_cost,PS,64,6,4,67,target_post_switch,target_favoring,False,target_safe_majority_bad,transfer,transfer,FDDDD,FDDDD,"F/F,D/D,D/D,D/D,D/D","general_stage1_intake,target_stage2_router,target_stage3_apn,target_stage4_repair,target_stage5_decision","general_shared,target_specialist,target_specialist,target_specialist,target_specialist",00000,1,1,1,0,0,4,5,1.0,deep,deep,agent_deep__task_deep,3.0,4.962725,0.07900000000000001,8.041725,False,False,False,1,,,53663.0,stage1_n1__from__root__c01 > stage2_n1__from__n0001__c01 > stage3_n1__from__n0006__c01 > stage4_n1__from__n0023__c01 > stage5_n2__from__n0074__c02,[mms_issue]airplane_mode_on|break_apn_mms_setting|break_app_both_permissions|user_abroad_roaming_disabled_off[PERSONA:None]
risky_ps_direct_cost,PS,65,6,5,35,target_post_switch,target_favoring,True,neutral,repair_subset,repair_subset,FFDDF,FDDDD,"F/F,F/D,D/D,D/D,F/D","general_stage1_intake,general_stage2_core,general_stage3_network,general_stage4_verify,trap_stage5_terminal","general_shared,general_shared,general_shared,general_shared,trap_lane",00000,3,1,1,2,0,2,3,0.6,fast,deep,agent_fast__task_deep,3.0,4.781475,0.0646,7.846075000000001,False,False,False,1,,,41876.0,stage1_n1__from__root__c01 > stage2_n2__from__n0001__c02 > stage3_n3__from__n0007__c02 > stage4_n3__from__n0026__c02 > stage5_n4__from__n0078__c04,[mms_issue]airplane_mode_on|bad_network_preference|bad_wifi_calling|break_apn_mms_setting|break_app_both_permissions|data_mode_off|data_usage_exceeded|unseat_sim_card|user_abroad_roaming_disabled_on[PERSONA:Hard]
risky_ps_direct_cost,PS,66,6,6,51,target_post_switch,target_favoring,True,neutral,repair_subset,repair_subset,DFDDD,FDDDD,"D/F,F/D,D/D,D/D,D/D","target_stage1_handoff,trap_stage2_router,general_stage3_network,general_stage4_repair,target_stage5_verify","general_shared,trap_lane,general_shared,general_shared,target_specialist",00000,1,1,0,1,1,3,3,0.6,deep,deep,agent_deep__task_deep,15.0,4.760665,0.0682,19.828865,False,False,False,1,,,46495.0,stage1_n3__from__root__c03 > stage2_n3__from__n0003__c03 > stage3_n3__from__n0014__c01 > stage4_n2__from__n0047__c01 > stage5_n1__from__n0133__c01,[mms_issue]airplane_mode_on|bad_network_preference|bad_wifi_calling|break_apn_mms_setting|break_app_both_permissions|data_mode_off|data_usage_exceeded|unseat_sim_card|user_abroad_roaming_enabled_off[PERSONA:Hard]
risky_ps_direct_cost,PS,67,6,7,45,target_post_switch,target_favoring,True,neutral,repair_all,repair_subset,FDDFD,FDDDD,"F/F,D/D,D/D,F/D,D/D","barrier_stage1_gate,general_stage2_roaming,barrier_stage3_gate,trap_stage4_execute,general_stage5_verify","private_barrier,general_shared,private_barrier,trap_lane,general_shared",10100,2,1,1,1,0,3,4,0.8,deep,deep,agent_deep__task_deep,5.0,5.062835,0.06920000000000001,10.132035,False,False,False,1,,,46093.0,stage1_n5__from__root__c05 > stage2_n4__from__n0005__c02 > stage3_n5__from__n0021__c03 > stage4_n4__from__n0070__c03 > stage5_n3__from__n0204__c02,[mms_issue]airplane_mode_on|bad_network_preference|bad_wifi_calling|break_apn_mms_setting|break_app_both_permissions|data_mode_off|unseat_sim_card|user_abroad_roaming_enabled_off[PERSONA:Hard]
risky_ps_direct_cost,PS,68,6,8,40,target_post_switch,target_favoring,True,neutral,repair_subset,transfer,DFFDD,FDDDD,"D/F,F/D,F/D,D/D,D/D","target_stage1_handoff,general_stage2_core,trap_stage3_network,general_stage4_repair,target_stage5_verify","general_shared,general_shared,trap_lane,general_shared,target_specialist",00000,2,1,0,2,1,2,2,0.4,deep,deep,agent_deep__task_deep,19.5,5.47531,0.06899999999999999,25.04431,False,False,False,1,,,50581.0,stage1_n3__from__root__c03 > stage2_n2__from__n0003__c02 > stage3_n4__from__n0013__c03 > stage4_n2__from__n0045__c01 > stage5_n1__from__n0125__c01,[mms_issue]airplane_mode_on|bad_network_preference|bad_wifi_calling|break_apn_mms_setting|break_app_sms_permission|data_mode_off|data_usage_exceeded|unseat_sim_card|user_abroad_roaming_disabled_on[PERSONA:None]
risky_ps_direct_cost,PS,69,6,9,46,target_post_switch,target_favoring,True,neutral,repair_subset,transfer,FFFDD,FDDDD,"F/F,F/D,F/D,D/D,D/D","barrier_stage1_gate,trap_stage2_router,trap_stage3_network,general_stage4_verify,general_stage5_verify","private_barrier,trap_lane,trap_lane,general_shared,general_shared",10000,3,1,1,2,0,2,3,0.6,fast,deep,agent_fast__task_deep,21.5,4.84428,0.06380000000000001,26.40808,False,False,False,1,,,46230.0,stage1_n5__from__root__c05 > stage2_n3__from__n0005__c01 > stage3_n4__from__n0020__c02 > stage4_n3__from__n0066__c02 > stage5_n3__from__n0189__c03,[mms_issue]airplane_mode_on|bad_network_preference|bad_wifi_calling|break_apn_mms_setting|break_app_sms_permission|data_mode_off|data_usage_exceeded|unseat_sim_card|user_abroad_roaming_enabled_off[PERSONA:None]
risky_ps_direct_cost,PS,70,7,0,16,target_post_switch,target_favoring,True,neutral,repair_subset,transfer,FFFDD,FDDDD,"F/F,F/D,F/D,D/D,D/D","barrier_stage1_gate,trap_stage2_router,trap_stage3_network,general_stage4_repair,target_stage5_decision","private_barrier,trap_lane,trap_lane,general_shared,target_specialist",10000,3,1,1,2,0,2,3,0.6,fast,deep,agent_fast__task_deep,17.5,4.682205,0.0678,22.250004999999998,False,False,False,1,,,44608.0,stage1_n5__from__root__c05 > stage2_n3__from__n0005__c01 > stage3_n4__from__n0020__c02 > stage4_n2__from__n0066__c01 > stage5_n2__from__n0188__c02,[mms_issue]airplane_mode_on|bad_network_preference|bad_wifi_calling|break_apn_mms_setting|break_app_sms_permission|data_mode_off|data_usage_exceeded|user_abroad_roaming_disabled_on[PERSONA:None]
risky_ps_direct_cost,PS,71,7,1,65,target_post_switch,target_favoring,True,target_safe_specialist_good,repair_all,transfer,FDDDD,FDDDD,"F/F,D/D,D/D,D/D,D/D","general_stage1_intake,target_stage2_router,target_stage3_apn,target_stage4_repair,target_stage5_verify","general_shared,target_specialist,target_specialist,target_specialist,target_specialist",00000,1,1,1,0,0,4,5,1.0,deep,deep,agent_deep__task_deep,18.5,5.25725,0.07750000000000001,23.83475,False,False,True,0,,,56834.0,stage1_n1__from__root__c01 > stage2_n1__from__n0001__c01 > stage3_n1__from__n0006__c01 > stage4_n1__from__n0023__c01 > stage5_n1__from__n0074__c01,[mms_issue]airplane_mode_on|bad_network_preference|bad_wifi_calling|break_apn_mms_setting|break_app_sms_permission|data_mode_off|unseat_sim_card|user_abroad_roaming_enabled_off[PERSONA:None]
risky_ps_direct_cost,PS,72,7,2,11,target_post_switch,target_favoring,True,neutral,repair_subset,repair_subset,FDFDD,FDDDD,"F/F,D/D,F/D,D/D,D/D","barrier_stage1_gate,general_stage2_roaming,trap_stage3_network,general_stage4_verify,general_stage5_verify","private_barrier,general_shared,trap_lane,general_shared,general_shared",10000,2,1,1,1,0,3,4,0.8,deep,deep,agent_deep__task_deep,11.0,7.74099,0.06770000000000001,18.80869,False,False,True,0,,,82239.0,stage1_n5__from__root__c05 > stage2_n4__from__n0005__c02 > stage3_n4__from__n0021__c02 > stage4_n3__from__n0069__c02 > stage5_n3__from__n0199__c03,[mms_issue]airplane_mode_on|bad_network_preference|bad_wifi_calling|break_apn_mms_setting|break_app_storage_permission|data_mode_off|data_usage_exceeded|unseat_sim_card|user_abroad_roaming_disabled_on[PERSONA:Easy]
risky_ps_direct_cost,PS,73,7,3,17,target_post_switch,target_favoring,True,neutral,repair_subset,transfer,FDDDD,FDDDD,"F/F,D/D,D/D,D/D,D/D","barrier_stage1_gate,general_stage2_roaming,general_stage3_network,general_stage4_verify,general_stage5_verify","private_barrier,general_shared,general_shared,general_shared,general_shared",10000,1,1,1,0,0,4,5,1.0,deep,deep,agent_deep__task_deep,20.5,4.94734,0.07020000000000001,25.51754,False,False,False,1,,,52879.0,stage1_n5__from__root__c05 > stage2_n4__from__n0005__c02 > stage3_n3__from__n0021__c01 > stage4_n3__from__n0068__c02 > stage5_n3__from__n0197__c03,[mms_issue]airplane_mode_on|bad_network_preference|bad_wifi_calling|break_apn_mms_setting|break_app_storage_permission|data_mode_off|data_usage_exceeded|unseat_sim_card|user_abroad_roaming_enabled_off[PERSONA:Easy]
risky_ps_direct_cost,PS,74,7,4,67,target_post_switch,target_favoring,False,target_safe_majority_bad,transfer,transfer,DFDDD,FDDDD,"D/F,F/D,D/D,D/D,D/D","general_stage1_verify,general_stage2_core,general_stage3_network,general_stage4_repair,target_stage5_verify","general_shared,general_shared,general_shared,general_shared,target_specialist",00000,1,1,0,1,1,3,3,0.6,deep,deep,agent_deep__task_deep,1.0,4.70799,0.0695,5.77749,False,False,True,0,,,46294.0,stage1_n2__from__root__c02 > stage2_n2__from__n0002__c02 > stage3_n3__from__n0010__c02 > stage4_n2__from__n0035__c01 > stage5_n1__from__n0100__c01,[mms_issue]airplane_mode_on|break_apn_mms_setting|break_app_both_permissions|user_abroad_roaming_disabled_off[PERSONA:None]
risky_ps_direct_cost,PS,75,7,5,35,target_post_switch,target_favoring,True,neutral,repair_subset,repair_subset,FFDDD,FDDDD,"F/F,F/D,D/D,D/D,D/D","general_stage1_intake,trap_stage2_router,general_stage3_network,general_stage4_verify,target_stage5_decision","general_shared,trap_lane,general_shared,general_shared,target_specialist",00000,2,1,1,1,0,3,4,0.8,deep,deep,agent_deep__task_deep,11.0,6.950035,0.06780000000000001,18.017834999999998,False,False,False,1,,,74983.0,stage1_n1__from__root__c01 > stage2_n3__from__n0001__c03 > stage3_n3__from__n0008__c01 > stage4_n3__from__n0029__c02 > stage5_n2__from__n0088__c02,[mms_issue]airplane_mode_on|bad_network_preference|bad_wifi_calling|break_apn_mms_setting|break_app_both_permissions|data_mode_off|data_usage_exceeded|unseat_sim_card|user_abroad_roaming_disabled_on[PERSONA:Hard]
risky_ps_direct_cost,PS,76,7,6,51,target_post_switch,target_favoring,True,neutral,repair_subset,repair_subset,DFFDD,FDDDD,"D/F,F/D,F/D,D/D,D/D","target_stage1_handoff,trap_stage2_router,trap_stage3_network,general_stage4_repair,target_stage5_decision","general_shared,trap_lane,trap_lane,general_shared,target_specialist",00000,2,1,0,2,1,2,2,0.4,deep,deep,agent_deep__task_deep,17.0,5.01573,0.06530000000000001,22.08103,False,False,False,1,,,46296.0,stage1_n3__from__root__c03 > stage2_n3__from__n0003__c03 > stage3_n4__from__n0014__c02 > stage4_n2__from__n0048__c01 > stage5_n2__from__n0135__c02,[mms_issue]airplane_mode_on|bad_network_preference|bad_wifi_calling|break_apn_mms_setting|break_app_both_permissions|data_mode_off|data_usage_exceeded|unseat_sim_card|user_abroad_roaming_enabled_off[PERSONA:Hard]
risky_ps_direct_cost,PS,77,7,7,45,target_post_switch,target_favoring,True,trap_like_bad,repair_all,repair_subset,FDDDD,FDDDD,"F/F,D/D,D/D,D/D,D/D","trap_stage1_intake,general_stage2_roaming,general_stage3_network,general_stage4_verify,target_stage5_verify","trap_lane,general_shared,general_shared,general_shared,target_specialist",00000,1,1,1,0,0,4,5,1.0,deep,deep,agent_deep__task_deep,11.0,5.34735,0.0651,16.41245,False,False,True,0,,,58110.0,stage1_n4__from__root__c04 > stage2_n4__from__n0004__c04 > stage3_n3__from__n0018__c01 > stage4_n3__from__n0059__c02 > stage5_n1__from__n0167__c01,[mms_issue]airplane_mode_on|bad_network_preference|bad_wifi_calling|break_apn_mms_setting|break_app_both_permissions|data_mode_off|unseat_sim_card|user_abroad_roaming_enabled_off[PERSONA:Hard]
risky_ps_direct_cost,PS,78,7,8,40,target_post_switch,target_favoring,True,trap_like_bad,repair_subset,transfer,FDDDF,FDDDD,"F/F,D/D,D/D,D/D,F/D","trap_stage1_intake,general_stage2_roaming,general_stage3_network,general_stage4_verify,trap_stage5_terminal","trap_lane,general_shared,general_shared,general_shared,trap_lane",00000,2,1,1,1,0,3,4,0.8,deep,deep,agent_deep__task_deep,18.5,5.013225,0.0591,23.572325,False,False,False,1,,,46597.0,stage1_n4__from__root__c04 > stage2_n4__from__n0004__c04 > stage3_n3__from__n0018__c01 > stage4_n3__from__n0059__c02 > stage5_n4__from__n0167__c04,[mms_issue]airplane_mode_on|bad_network_preference|bad_wifi_calling|break_apn_mms_setting|break_app_sms_permission|data_mode_off|data_usage_exceeded|unseat_sim_card|user_abroad_roaming_disabled_on[PERSONA:None]
risky_ps_direct_cost,PS,79,7,9,46,target_post_switch,target_favoring,True,neutral,repair_subset,repair_subset,FFDFD,FDDDD,"F/F,F/D,D/D,F/D,D/D","barrier_stage1_gate,trap_stage2_router,barrier_stage3_gate,trap_stage4_execute,target_stage5_verify","private_barrier,trap_lane,private_barrier,trap_lane,target_specialist",10100,3,1,1,2,0,2,3,0.6,fast,deep,agent_fast__task_deep,5.0,7.66827,0.0699,12.73817,False,False,False,1,,,74738.0,stage1_n5__from__root__c05 > stage2_n3__from__n0005__c01 > stage3_n5__from__n0020__c03 > stage4_n4__from__n0067__c03 > stage5_n1__from__n0194__c01,[mms_issue]airplane_mode_on|bad_network_preference|bad_wifi_calling|break_apn_mms_setting|break_app_sms_permission|data_mode_off|data_usage_exceeded|unseat_sim_card|user_abroad_roaming_enabled_off[PERSONA:None]
risky_ps_direct_cost,PS,80,8,0,16,target_post_switch,target_favoring,True,target_decoy_medium,repair_subset,transfer,FDDDD,FDDDD,"F/F,D/D,D/D,D/D,D/D","barrier_stage1_gate,barrier_stage2_gate,barrier_stage3_gate,barrier_stage4_gate,barrier_stage5_transfer","private_barrier,private_barrier,private_barrier,private_barrier,private_barrier",11111,1,1,1,0,0,4,5,1.0,deep,deep,agent_deep__task_deep,16.5,4.78482,0.0828,21.36762,False,False,False,1,,,51201.0,stage1_n5__from__root__c05 > stage2_n5__from__n0005__c03 > stage3_n5__from__n0022__c03 > stage4_n5__from__n0073__c04 > stage5_n5__from__n0215__c03,[mms_issue]airplane_mode_on|bad_network_preference|bad_wifi_calling|break_apn_mms_setting|break_app_sms_permission|data_mode_off|data_usage_exceeded|user_abroad_roaming_disabled_on[PERSONA:None]
risky_ps_direct_cost,PS,81,8,1,65,target_post_switch,target_favoring,True,target_safe_specialist_good,repair_all,repair_subset,DDDDD,FDDDD,"D/F,D/D,D/D,D/D,D/D","target_stage1_handoff,target_stage2_router,target_stage3_apn,target_stage4_repair,target_stage5_decision","general_shared,target_specialist,target_specialist,target_specialist,target_specialist",00000,0,1,0,0,1,4,4,0.8,deep,deep,agent_deep__task_deep,11.0,5.978205,0.07790000000000001,17.056105,False,False,True,0,,,63618.0,stage1_n3__from__root__c03 > stage2_n1__from__n0003__c01 > stage3_n1__from__n0012__c01 > stage4_n1__from__n0041__c01 > stage5_n2__from__n0120__c02,[mms_issue]airplane_mode_on|bad_network_preference|bad_wifi_calling|break_apn_mms_setting|break_app_sms_permission|data_mode_off|unseat_sim_card|user_abroad_roaming_enabled_off[PERSONA:None]
risky_ps_direct_cost,PS,82,8,2,11,target_post_switch,target_favoring,True,target_safe_specialist_good,repair_subset,repair_subset,DFDDD,FDDDD,"D/F,F/D,D/D,D/D,D/D","general_stage1_verify,general_stage2_core,target_stage3_roaming,target_stage4_repair,target_stage5_verify","general_shared,general_shared,target_specialist,target_specialist,target_specialist",00000,1,1,0,1,1,3,3,0.6,deep,deep,agent_deep__task_deep,3.0,5.170995,0.0721,8.243095,False,False,False,1,,,51898.0,stage1_n2__from__root__c02 > stage2_n2__from__n0002__c02 > stage3_n2__from__n0010__c01 > stage4_n1__from__n0034__c01 > stage5_n1__from__n0099__c01,[mms_issue]airplane_mode_on|bad_network_preference|bad_wifi_calling|break_apn_mms_setting|break_app_storage_permission|data_mode_off|data_usage_exceeded|unseat_sim_card|user_abroad_roaming_disabled_on[PERSONA:Easy]
risky_ps_direct_cost,PS,83,8,3,17,target_post_switch,target_favoring,True,target_safe_majority_bad,repair_subset,repair_subset,DFDDD,FDDDD,"D/F,F/D,D/D,D/D,D/D","general_stage1_verify,general_stage2_core,general_stage3_network,general_stage4_verify,target_stage5_decision","general_shared,general_shared,general_shared,general_shared,target_specialist",00000,1,1,0,1,1,3,3,0.6,deep,deep,agent_deep__task_deep,15.0,5.41333,0.0684,20.48173,False,False,False,1,,,54197.0,stage1_n2__from__root__c02 > stage2_n2__from__n0002__c02 > stage3_n3__from__n0010__c02 > stage4_n3__from__n0035__c02 > stage5_n2__from__n0101__c02,[mms_issue]airplane_mode_on|bad_network_preference|bad_wifi_calling|break_apn_mms_setting|break_app_storage_permission|data_mode_off|data_usage_exceeded|unseat_sim_card|user_abroad_roaming_enabled_off[PERSONA:Easy]
risky_ps_direct_cost,PS,84,8,4,67,target_post_switch,target_favoring,False,neutral,transfer,transfer,DFDDD,FDDDD,"D/F,F/D,D/D,D/D,D/D","general_stage1_verify,trap_stage2_router,barrier_stage3_gate,general_stage4_verify,general_stage5_verify","general_shared,trap_lane,private_barrier,general_shared,general_shared",00100,1,1,0,1,1,3,3,0.6,deep,deep,agent_deep__task_deep,1.0,5.29143,0.0704,6.36183,False,False,True,0,,,53182.0,stage1_n2__from__root__c02 > stage2_n3__from__n0002__c03 > stage3_n5__from__n0011__c03 > stage4_n3__from__n0040__c02 > stage5_n3__from__n0117__c03,[mms_issue]airplane_mode_on|break_apn_mms_setting|break_app_both_permissions|user_abroad_roaming_disabled_off[PERSONA:None]
risky_ps_direct_cost,PS,85,8,5,35,target_post_switch,target_favoring,True,target_safe_specialist_good,repair_subset,transfer,FDDDD,FDDDD,"F/F,D/D,D/D,D/D,D/D","general_stage1_intake,target_stage2_router,target_stage3_apn,target_stage4_repair,target_stage5_verify","general_shared,target_specialist,target_specialist,target_specialist,target_specialist",00000,1,1,1,0,0,4,5,1.0,deep,deep,agent_deep__task_deep,18.5,5.021885,0.07750000000000001,23.599385,False,False,False,1,,,53543.0,stage1_n1__from__root__c01 > stage2_n1__from__n0001__c01 > stage3_n1__from__n0006__c01 > stage4_n1__from__n0023__c01 > stage5_n1__from__n0074__c01,[mms_issue]airplane_mode_on|bad_network_preference|bad_wifi_calling|break_apn_mms_setting|break_app_both_permissions|data_mode_off|data_usage_exceeded|unseat_sim_card|user_abroad_roaming_disabled_on[PERSONA:Hard]
risky_ps_direct_cost,PS,86,8,6,51,target_post_switch,target_favoring,True,neutral,repair_subset,repair_subset,DFDDD,FDDDD,"D/F,F/D,D/D,D/D,D/D","target_stage1_handoff,trap_stage2_router,general_stage3_network,general_stage4_verify,target_stage5_verify","general_shared,trap_lane,general_shared,general_shared,target_specialist",00000,1,1,0,1,1,3,3,0.6,deep,deep,agent_deep__task_deep,13.0,5.906125,0.06770000000000001,18.973825,False,False,False,1,,,59971.0,stage1_n3__from__root__c03 > stage2_n3__from__n0003__c03 > stage3_n3__from__n0014__c01 > stage4_n3__from__n0047__c02 > stage5_n1__from__n0134__c01,[mms_issue]airplane_mode_on|bad_network_preference|bad_wifi_calling|break_apn_mms_setting|break_app_both_permissions|data_mode_off|data_usage_exceeded|unseat_sim_card|user_abroad_roaming_enabled_off[PERSONA:Hard]
risky_ps_direct_cost,PS,87,8,7,45,target_post_switch,target_favoring,True,neutral,repair_all,repair_all,FDDDD,FDDDD,"F/F,D/D,D/D,D/D,D/D","barrier_stage1_gate,barrier_stage2_gate,general_stage3_network,general_stage4_repair,target_stage5_verify","private_barrier,private_barrier,general_shared,general_shared,target_specialist",11000,1,1,1,0,0,4,5,1.0,deep,deep,agent_deep__task_deep,0.0,5.66372,0.0786,5.742319999999999,True,True,True,0,,,61478.0,stage1_n5__from__root__c05 > stage2_n5__from__n0005__c03 > stage3_n3__from__n0022__c01 > stage4_n2__from__n0071__c01 > stage5_n1__from__n0206__c01,[mms_issue]airplane_mode_on|bad_network_preference|bad_wifi_calling|break_apn_mms_setting|break_app_both_permissions|data_mode_off|unseat_sim_card|user_abroad_roaming_enabled_off[PERSONA:Hard]
risky_ps_direct_cost,PS,88,8,8,40,target_post_switch,target_favoring,True,target_safe_majority_bad,repair_subset,transfer,DFDDD,FDDDD,"D/F,F/D,D/D,D/D,D/D","general_stage1_verify,general_stage2_core,general_stage3_network,general_stage4_repair,target_stage5_decision","general_shared,general_shared,general_shared,general_shared,target_specialist",00000,1,1,0,1,1,3,3,0.6,deep,deep,agent_deep__task_deep,19.5,5.160065,0.0695,24.729565,False,False,False,1,,,50692.0,stage1_n2__from__root__c02 > stage2_n2__from__n0002__c02 > stage3_n3__from__n0010__c02 > stage4_n2__from__n0035__c01 > stage5_n2__from__n0100__c02,[mms_issue]airplane_mode_on|bad_network_preference|bad_wifi_calling|break_apn_mms_setting|break_app_sms_permission|data_mode_off|data_usage_exceeded|unseat_sim_card|user_abroad_roaming_disabled_on[PERSONA:None]
risky_ps_direct_cost,PS,89,8,9,46,target_post_switch,target_favoring,True,target_safe_specialist_good,repair_subset,transfer,DDDDD,FDDDD,"D/F,D/D,D/D,D/D,D/D","general_stage1_verify,target_stage2_router,target_stage3_roaming,target_stage4_repair,target_stage5_verify","general_shared,target_specialist,target_specialist,target_specialist,target_specialist",00000,0,1,0,0,1,4,4,0.8,deep,deep,agent_deep__task_deep,20.5,5.204795,0.0748,25.779595,False,False,False,1,,,54287.0,stage1_n2__from__root__c02 > stage2_n1__from__n0002__c01 > stage3_n2__from__n0009__c02 > stage4_n1__from__n0033__c01 > stage5_n1__from__n0098__c01,[mms_issue]airplane_mode_on|bad_network_preference|bad_wifi_calling|break_apn_mms_setting|break_app_sms_permission|data_mode_off|data_usage_exceeded|unseat_sim_card|user_abroad_roaming_enabled_off[PERSONA:None]
risky_ps_direct_cost,PS,90,9,0,16,target_post_switch,target_favoring,True,neutral,repair_subset,transfer,FFDDD,FDDDD,"F/F,F/D,D/D,D/D,D/D","general_stage1_intake,trap_stage2_router,general_stage3_network,general_stage4_repair,target_stage5_verify","general_shared,trap_lane,general_shared,general_shared,target_specialist",00000,2,1,1,1,0,3,4,0.8,deep,deep,agent_deep__task_deep,17.5,4.375025,0.0661,21.941125,False,False,False,1,,,44724.0,stage1_n1__from__root__c01 > stage2_n3__from__n0001__c03 > stage3_n3__from__n0008__c01 > stage4_n2__from__n0029__c01 > stage5_n1__from__n0087__c01,[mms_issue]airplane_mode_on|bad_network_preference|bad_wifi_calling|break_apn_mms_setting|break_app_sms_permission|data_mode_off|data_usage_exceeded|user_abroad_roaming_disabled_on[PERSONA:None]
risky_ps_direct_cost,PS,91,9,1,65,target_post_switch,target_favoring,True,neutral,repair_all,repair_all,DFDDF,FDDDD,"D/F,F/D,D/D,D/D,F/D","target_stage1_handoff,trap_stage2_router,general_stage3_network,general_stage4_verify,trap_stage5_terminal","general_shared,trap_lane,general_shared,general_shared,trap_lane",00000,2,1,0,2,1,2,2,0.4,deep,deep,agent_deep__task_deep,0.0,5.342605,0.063,5.4056049999999995,True,True,True,0,,,45563.0,stage1_n3__from__root__c03 > stage2_n3__from__n0003__c03 > stage3_n3__from__n0014__c01 > stage4_n3__from__n0047__c02 > stage5_n4__from__n0134__c04,[mms_issue]airplane_mode_on|bad_network_preference|bad_wifi_calling|break_apn_mms_setting|break_app_sms_permission|data_mode_off|unseat_sim_card|user_abroad_roaming_enabled_off[PERSONA:None]
risky_ps_direct_cost,PS,92,9,2,11,target_post_switch,target_favoring,True,target_safe_specialist_good,repair_subset,transfer,FDDDD,FDDDD,"F/F,D/D,D/D,D/D,D/D","general_stage1_intake,target_stage2_router,target_stage3_roaming,target_stage4_repair,target_stage5_verify","general_shared,target_specialist,target_specialist,target_specialist,target_specialist",00000,1,1,1,0,0,4,5,1.0,deep,deep,agent_deep__task_deep,18.5,4.957455,0.0752,23.532655,False,False,False,1,,,52935.0,stage1_n1__from__root__c01 > stage2_n1__from__n0001__c01 > stage3_n2__from__n0006__c02 > stage4_n1__from__n0024__c01 > stage5_n1__from__n0075__c01,[mms_issue]airplane_mode_on|bad_network_preference|bad_wifi_calling|break_apn_mms_setting|break_app_storage_permission|data_mode_off|data_usage_exceeded|unseat_sim_card|user_abroad_roaming_disabled_on[PERSONA:Easy]
risky_ps_direct_cost,PS,93,9,3,17,target_post_switch,target_favoring,True,neutral,repair_subset,repair_subset,FDDDD,FDDDD,"F/F,D/D,D/D,D/D,D/D","barrier_stage1_gate,barrier_stage2_gate,general_stage3_network,general_stage4_verify,general_stage5_verify","private_barrier,private_barrier,general_shared,general_shared,general_shared",11000,1,1,1,0,0,4,5,1.0,deep,deep,agent_deep__task_deep,2.0,5.0082,0.0751,7.0833,True,True,False,1,,,54264.0,stage1_n5__from__root__c05 > stage2_n5__from__n0005__c03 > stage3_n3__from__n0022__c01 > stage4_n3__from__n0071__c02 > stage5_n3__from__n0207__c03,[mms_issue]airplane_mode_on|bad_network_preference|bad_wifi_calling|break_apn_mms_setting|break_app_storage_permission|data_mode_off|data_usage_exceeded|unseat_sim_card|user_abroad_roaming_enabled_off[PERSONA:Easy]
risky_ps_direct_cost,PS,94,9,4,67,target_post_switch,target_favoring,False,target_safe_majority_bad,transfer,transfer,DFDDD,FDDDD,"D/F,F/D,D/D,D/D,D/D","general_stage1_verify,general_stage2_core,target_stage3_roaming,target_stage4_repair,target_stage5_verify","general_shared,general_shared,target_specialist,target_specialist,target_specialist",00000,1,1,0,1,1,3,3,0.6,deep,deep,agent_deep__task_deep,1.0,4.732045,0.0721,5.804145,False,False,True,0,,,46361.0,stage1_n2__from__root__c02 > stage2_n2__from__n0002__c02 > stage3_n2__from__n0010__c01 > stage4_n1__from__n0034__c01 > stage5_n1__from__n0099__c01,[mms_issue]airplane_mode_on|break_apn_mms_setting|break_app_both_permissions|user_abroad_roaming_disabled_off[PERSONA:None]
risky_ps_direct_cost,PS,95,9,5,35,target_post_switch,target_favoring,True,neutral,repair_subset,repair_subset,FDDFF,FDDDD,"F/F,D/D,D/D,F/D,F/D","barrier_stage1_gate,barrier_stage2_gate,barrier_stage3_gate,trap_stage4_execute,trap_stage5_terminal","private_barrier,private_barrier,private_barrier,trap_lane,trap_lane",11100,3,1,1,2,0,2,3,0.6,fast,deep,agent_fast__task_deep,4.0,5.89473,0.0716,9.96633,False,False,False,1,,,46948.0,stage1_n5__from__root__c05 > stage2_n5__from__n0005__c03 > stage3_n5__from__n0022__c03 > stage4_n4__from__n0073__c03 > stage5_n4__from__n0214__c03,[mms_issue]airplane_mode_on|bad_network_preference|bad_wifi_calling|break_apn_mms_setting|break_app_both_permissions|data_mode_off|data_usage_exceeded|unseat_sim_card|user_abroad_roaming_disabled_on[PERSONA:Hard]
risky_ps_direct_cost,PS,96,9,6,51,target_post_switch,target_favoring,True,target_decoy_medium,repair_subset,repair_subset,FDFDD,FDDDD,"F/F,D/D,F/D,D/D,D/D","barrier_stage1_gate,barrier_stage2_gate,trap_stage3_network,barrier_stage4_gate,target_stage5_decision","private_barrier,private_barrier,trap_lane,private_barrier,target_specialist",11010,2,1,1,1,0,3,4,0.8,deep,deep,agent_deep__task_deep,2.0,4.8872,0.0763,6.9635,True,True,False,1,,,48542.0,stage1_n5__from__root__c05 > stage2_n5__from__n0005__c03 > stage3_n4__from__n0022__c02 > stage4_n5__from__n0072__c04 > stage5_n2__from__n0211__c01,[mms_issue]airplane_mode_on|bad_network_preference|bad_wifi_calling|break_apn_mms_setting|break_app_both_permissions|data_mode_off|data_usage_exceeded|unseat_sim_card|user_abroad_roaming_enabled_off[PERSONA:Hard]
risky_ps_direct_cost,PS,97,9,7,45,target_post_switch,target_favoring,True,neutral,repair_all,transfer,DFDDD,FDDDD,"D/F,F/D,D/D,D/D,D/D","target_stage1_handoff,trap_stage2_router,general_stage3_network,general_stage4_verify,target_stage5_verify","general_shared,trap_lane,general_shared,general_shared,target_specialist",00000,1,1,0,1,1,3,3,0.6,deep,deep,agent_deep__task_deep,18.5,5.90681,0.06770000000000001,24.47451,False,False,True,0,,,59314.0,stage1_n3__from__root__c03 > stage2_n3__from__n0003__c03 > stage3_n3__from__n0014__c01 > stage4_n3__from__n0047__c02 > stage5_n1__from__n0134__c01,[mms_issue]airplane_mode_on|bad_network_preference|bad_wifi_calling|break_apn_mms_setting|break_app_both_permissions|data_mode_off|unseat_sim_card|user_abroad_roaming_enabled_off[PERSONA:Hard]
risky_ps_direct_cost,PS,98,9,8,40,target_post_switch,target_favoring,True,neutral,repair_subset,repair_subset,DFDFF,FDDDD,"D/F,F/D,D/D,F/D,F/D","target_stage1_handoff,trap_stage2_router,barrier_stage3_gate,trap_stage4_execute,trap_stage5_terminal","general_shared,trap_lane,private_barrier,trap_lane,trap_lane",00100,3,1,0,3,1,1,1,0.2,fast,deep,agent_fast__task_deep,17.5,4.79155,0.0615,22.35305,False,False,False,1,,,35790.0,stage1_n3__from__root__c03 > stage2_n3__from__n0003__c03 > stage3_n5__from__n0014__c03 > stage4_n4__from__n0049__c03 > stage5_n4__from__n0141__c03,[mms_issue]airplane_mode_on|bad_network_preference|bad_wifi_calling|break_apn_mms_setting|break_app_sms_permission|data_mode_off|data_usage_exceeded|unseat_sim_card|user_abroad_roaming_disabled_on[PERSONA:None]
risky_ps_direct_cost,PS,99,9,9,46,target_post_switch,target_favoring,True,target_decoy_medium,repair_subset,repair_subset,FDFDD,FDDDD,"F/F,D/D,F/D,D/D,D/D","barrier_stage1_gate,barrier_stage2_gate,trap_stage3_network,barrier_stage4_gate,barrier_stage5_transfer","private_barrier,private_barrier,trap_lane,private_barrier,private_barrier",11011,2,1,1,1,0,3,4,0.8,deep,deep,agent_deep__task_deep,15.0,5.184515,0.08000000000000002,20.264515,False,False,False,1,,,52335.0,stage1_n5__from__root__c05 > stage2_n5__from__n0005__c03 > stage3_n4__from__n0022__c02 > stage4_n5__from__n0072__c04 > stage5_n5__from__n0211__c03,[mms_issue]airplane_mode_on|bad_network_preference|bad_wifi_calling|break_apn_mms_setting|break_app_sms_permission|data_mode_off|data_usage_exceeded|unseat_sim_card|user_abroad_roaming_enabled_off[PERSONA:None]
risky_ps_safe_conditional_ix,PS,0,0,0,19,trap_pre_switch,trap_favoring,False,trap_like_good,repair_all,repair_all,FFDDD,FFFFF,"F/F,F/F,D/F,D/F,D/F","trap_stage1_intake,general_stage2_core,general_stage3_network,general_stage4_verify,target_stage5_decision","trap_lane,general_shared,general_shared,general_shared,target_specialist",00000,2,5,2,0,3,0,2,0.4,deep,fast,agent_deep__task_fast,1.5,4.88434,0.06670000000000001,6.45104,False,False,True,0,,,41077.0,stage1_n4__from__root__c04 > stage2_n2__from__n0004__c02 > stage3_n3__from__n0016__c02 > stage4_n3__from__n0053__c02 > stage5_n2__from__n0147__c02,[mms_issue]airplane_mode_on|bad_network_preference|break_app_sms_permission[PERSONA:Hard]
risky_ps_safe_conditional_ix,PS,1,0,1,13,trap_pre_switch,trap_favoring,False,neutral,repair_all,repair_all,DFDDF,FFFFF,"D/F,F/F,D/F,D/F,F/F","target_stage1_handoff,general_stage2_core,barrier_stage3_gate,general_stage4_verify,trap_stage5_terminal","general_shared,general_shared,private_barrier,general_shared,trap_lane",00100,2,5,2,0,3,0,2,0.4,deep,fast,agent_deep__task_fast,0.0,4.231905,0.06530000000000001,4.297205,True,True,True,0,,,37125.0,stage1_n3__from__root__c03 > stage2_n2__from__n0003__c02 > stage3_n5__from__n0013__c04 > stage4_n3__from__n0046__c02 > stage5_n4__from__n0130__c04,[mms_issue]airplane_mode_on|bad_wifi_calling|break_app_sms_permission[PERSONA:None]
risky_ps_safe_conditional_ix,PS,2,0,2,7,trap_pre_switch,trap_favoring,False,neutral,repair_all,repair_all,FFDDD,FFFFF,"F/F,F/F,D/F,D/F,D/F","barrier_stage1_gate,trap_stage2_router,barrier_stage3_gate,general_stage4_verify,target_stage5_verify","private_barrier,trap_lane,private_barrier,general_shared,target_specialist",10100,2,5,2,0,3,0,2,0.4,deep,fast,agent_deep__task_fast,0.0,3.945365,0.07500000000000001,4.020365,True,True,True,0,,,33197.0,stage1_n5__from__root__c05 > stage2_n3__from__n0005__c01 > stage3_n5__from__n0020__c03 > stage4_n3__from__n0067__c02 > stage5_n1__from__n0193__c01,[mms_issue]airplane_mode_on|bad_wifi_calling|break_app_storage_permission[PERSONA:Easy]
risky_ps_safe_conditional_ix,PS,3,0,3,25,trap_pre_switch,trap_favoring,False,neutral,repair_subset,repair_subset,DFDDD,FFFFF,"D/F,F/F,D/F,D/F,D/F","target_stage1_handoff,trap_stage2_router,barrier_stage3_gate,barrier_stage4_gate,target_stage5_decision","general_shared,trap_lane,private_barrier,private_barrier,target_specialist",00110,1,5,1,0,4,0,1,0.2,deep,fast,agent_deep__task_fast,6.0,5.333285,0.0758,11.409085000000001,False,False,False,1,,,43883.0,stage1_n3__from__root__c03 > stage2_n3__from__n0003__c03 > stage3_n5__from__n0014__c03 > stage4_n5__from__n0049__c04 > stage5_n2__from__n0142__c01,[mms_issue]airplane_mode_on|break_app_both_permissions|data_usage_exceeded[PERSONA:Hard]
risky_ps_safe_conditional_ix,PS,4,0,4,36,trap_pre_switch,trap_favoring,False,neutral,repair_all,repair_all,DFFDD,FFFFF,"D/F,F/F,F/F,D/F,D/F","general_stage1_verify,trap_stage2_router,trap_stage3_network,general_stage4_repair,target_stage5_verify","general_shared,trap_lane,trap_lane,general_shared,target_specialist",00000,2,5,2,0,3,0,2,0.4,deep,fast,agent_deep__task_fast,1.5,4.28599,0.06420000000000001,5.85019,False,False,True,0,,,37006.0,stage1_n2__from__root__c02 > stage2_n3__from__n0002__c03 > stage3_n4__from__n0011__c02 > stage4_n2__from__n0039__c01 > stage5_n1__from__n0112__c01,[mms_issue]airplane_mode_on|break_app_storage_permission[PERSONA:Easy]
risky_ps_safe_conditional_ix,PS,5,0,5,18,trap_pre_switch,trap_favoring,False,trap_safe_overcautious,repair_all,repair_all,FDDDD,FFFFF,"F/F,D/F,D/F,D/F,D/F","general_stage1_intake,target_stage2_router,target_stage3_roaming,target_stage4_repair,target_stage5_verify","general_shared,target_specialist,target_specialist,target_specialist,target_specialist",00000,1,5,1,0,4,0,1,0.2,deep,fast,agent_deep__task_fast,1.5,4.381885,0.0752,5.957084999999999,False,False,True,0,,,36067.0,stage1_n1__from__root__c01 > stage2_n1__from__n0001__c01 > stage3_n2__from__n0006__c02 > stage4_n1__from__n0024__c01 > stage5_n1__from__n0075__c01,[mms_issue]bad_network_preference[PERSONA:None]
risky_ps_safe_conditional_ix,PS,6,0,6,24,trap_pre_switch,trap_favoring,False,neutral,repair_all,repair_all,DFDFF,FFFFF,"D/F,F/F,D/F,F/F,F/F","general_stage1_verify,trap_stage2_router,barrier_stage3_gate,trap_stage4_execute,trap_stage5_terminal","general_shared,trap_lane,private_barrier,trap_lane,trap_lane",00100,3,5,3,0,2,0,3,0.6,fast,fast,agent_fast__task_fast,1.5,3.6951,0.0632,5.2583,False,False,True,0,,,36288.0,stage1_n2__from__root__c02 > stage2_n3__from__n0002__c03 > stage3_n5__from__n0011__c03 > stage4_n4__from__n0040__c03 > stage5_n4__from__n0118__c03,[mms_issue]bad_network_preference|break_app_storage_permission[PERSONA:None]
risky_ps_safe_conditional_ix,PS,7,0,7,23,trap_pre_switch,trap_favoring,False,trap_like_good,repair_all,repair_all,FFFDD,FFFFF,"F/F,F/F,F/F,D/F,D/F","trap_stage1_intake,trap_stage2_router,trap_stage3_network,general_stage4_verify,target_stage5_verify","trap_lane,trap_lane,trap_lane,general_shared,target_specialist",00000,3,5,3,0,2,0,3,0.6,fast,fast,agent_fast__task_fast,0.0,8.311175,0.0601,8.371275,True,True,True,0,,,72287.0,stage1_n4__from__root__c04 > stage2_n3__from__n0004__c03 > stage3_n4__from__n0017__c02 > stage4_n3__from__n0057__c02 > stage5_n1__from__n0159__c01,[mms_issue]bad_wifi_calling[PERSONA:Easy]
risky_ps_safe_conditional_ix,PS,8,0,8,61,trap_pre_switch,trap_favoring,False,trap_like_good,repair_all,repair_all,FDDDD,FFFFF,"F/F,D/F,D/F,D/F,D/F","trap_stage1_intake,general_stage2_roaming,barrier_stage3_gate,barrier_stage4_gate,barrier_stage5_transfer","trap_lane,general_shared,private_barrier,private_barrier,private_barrier",00111,1,5,1,0,4,0,1,0.2,deep,fast,agent_deep__task_fast,0.0,4.67512,0.0726,4.747719999999999,True,True,True,0,,,38212.0,stage1_n4__from__root__c04 > stage2_n4__from__n0004__c04 > stage3_n5__from__n0018__c03 > stage4_n5__from__n0061__c04 > stage5_n5__from__n0175__c03,[mms_issue]bad_wifi_calling|break_app_storage_permission[PERSONA:Easy]
risky_ps_safe_conditional_ix,PS,9,0,9,0,trap_pre_switch,trap_favoring,False,neutral,repair_all,repair_all,DFFDD,FFFFF,"D/F,F/F,F/F,D/F,D/F","target_stage1_handoff,general_stage2_core,trap_stage3_network,barrier_stage4_gate,barrier_stage5_transfer","general_shared,general_shared,trap_lane,private_barrier,private_barrier",00011,2,5,2,0,3,0,2,0.4,deep,fast,agent_deep__task_fast,1.5,4.78606,0.0731,6.35916,False,False,True,0,,,41560.0,stage1_n3__from__root__c03 > stage2_n2__from__n0003__c02 > stage3_n4__from__n0013__c03 > stage4_n5__from__n0045__c04 > stage5_n5__from__n0128__c03,[mms_issue]break_app_both_permissions[PERSONA:Hard]
risky_ps_safe_conditional_ix,PS,10,1,0,19,trap_pre_switch,trap_favoring,False,neutral,repair_all,repair_all,DFDDD,FFFFF,"D/F,F/F,D/F,D/F,D/F","general_stage1_verify,trap_stage2_router,general_stage3_network,general_stage4_repair,target_stage5_decision","general_shared,trap_lane,general_shared,general_shared,target_specialist",00000,1,5,1,0,4,0,1,0.2,deep,fast,agent_deep__task_fast,1.5,5.48457,0.0669,7.05147,False,False,True,0,,,45225.0,stage1_n2__from__root__c02 > stage2_n3__from__n0002__c03 > stage3_n3__from__n0011__c01 > stage4_n2__from__n0038__c01 > stage5_n2__from__n0110__c02,[mms_issue]airplane_mode_on|bad_network_preference|break_app_sms_permission[PERSONA:Hard]
risky_ps_safe_conditional_ix,PS,11,1,1,13,trap_pre_switch,trap_favoring,False,trap_like_good,repair_all,repair_all,FDDDD,FFFFF,"F/F,D/F,D/F,D/F,D/F","trap_stage1_intake,target_stage2_router,target_stage3_roaming,target_stage4_repair,target_stage5_verify","trap_lane,target_specialist,target_specialist,target_specialist,target_specialist",00000,1,5,1,0,4,0,1,0.2,deep,fast,agent_deep__task_fast,0.0,4.65487,0.0741,4.7289699999999995,True,True,True,0,,,37903.0,stage1_n4__from__root__c04 > stage2_n1__from__n0004__c01 > stage3_n2__from__n0015__c02 > stage4_n1__from__n0051__c01 > stage5_n1__from__n0144__c01,[mms_issue]airplane_mode_on|bad_wifi_calling|break_app_sms_permission[PERSONA:None]
risky_ps_safe_conditional_ix,PS,12,1,2,7,trap_pre_switch,trap_favoring,False,trap_safe_overcautious,repair_all,repair_all,DDDDD,FFFFF,"D/F,D/F,D/F,D/F,D/F","general_stage1_verify,target_stage2_router,target_stage3_apn,target_stage4_repair,target_stage5_verify","general_shared,target_specialist,target_specialist,target_specialist,target_specialist",00000,0,5,0,0,5,0,0,0.0,deep,fast,agent_deep__task_fast,0.0,5.65731,0.07600000000000001,5.7333099999999995,True,True,True,0,,,45153.0,stage1_n2__from__root__c02 > stage2_n1__from__n0002__c01 > stage3_n1__from__n0009__c01 > stage4_n1__from__n0032__c01 > stage5_n1__from__n0097__c01,[mms_issue]airplane_mode_on|bad_wifi_calling|break_app_storage_permission[PERSONA:Easy]
risky_ps_safe_conditional_ix,PS,13,1,3,25,trap_pre_switch,trap_favoring,False,neutral,repair_subset,repair_all,FDFFD,FFFFF,"F/F,D/F,F/F,F/F,D/F","barrier_stage1_gate,barrier_stage2_gate,trap_stage3_network,trap_stage4_execute,general_stage5_verify","private_barrier,private_barrier,trap_lane,trap_lane,general_shared",11000,3,5,3,0,2,0,3,0.6,fast,fast,agent_fast__task_fast,5.5,3.83727,0.06830000000000001,9.40557,False,False,False,1,,,35523.0,stage1_n5__from__root__c05 > stage2_n5__from__n0005__c03 > stage3_n4__from__n0022__c02 > stage4_n4__from__n0072__c03 > stage5_n3__from__n0210__c02,[mms_issue]airplane_mode_on|break_app_both_permissions|data_usage_exceeded[PERSONA:Hard]
risky_ps_safe_conditional_ix,PS,14,1,4,36,trap_pre_switch,trap_favoring,False,neutral,repair_all,repair_all,FFDDD,FFFFF,"F/F,F/F,D/F,D/F,D/F","general_stage1_intake,trap_stage2_router,general_stage3_network,general_stage4_repair,target_stage5_decision","general_shared,trap_lane,general_shared,general_shared,target_specialist",00000,2,5,2,0,3,0,2,0.4,deep,fast,agent_deep__task_fast,1.5,4.603305,0.0661,6.169404999999999,False,False,True,0,,,38928.0,stage1_n1__from__root__c01 > stage2_n3__from__n0001__c03 > stage3_n3__from__n0008__c01 > stage4_n2__from__n0029__c01 > stage5_n2__from__n0087__c02,[mms_issue]airplane_mode_on|break_app_storage_permission[PERSONA:Easy]
risky_ps_safe_conditional_ix,PS,15,1,5,18,trap_pre_switch,trap_favoring,False,trap_safe_overcautious,repair_all,repair_all,FDDDD,FFFFF,"F/F,D/F,D/F,D/F,D/F","general_stage1_intake,target_stage2_router,target_stage3_apn,target_stage4_repair,target_stage5_decision","general_shared,target_specialist,target_specialist,target_specialist,target_specialist",00000,1,5,1,0,4,0,1,0.2,deep,fast,agent_deep__task_fast,1.5,4.119685,0.07900000000000001,5.698684999999999,False,False,True,0,,,33766.0,stage1_n1__from__root__c01 > stage2_n1__from__n0001__c01 > stage3_n1__from__n0006__c01 > stage4_n1__from__n0023__c01 > stage5_n2__from__n0074__c02,[mms_issue]bad_network_preference[PERSONA:None]
risky_ps_safe_conditional_ix,PS,16,1,6,24,trap_pre_switch,trap_favoring,False,trap_safe_overcautious,repair_all,repair_all,FDDDD,FFFFF,"F/F,D/F,D/F,D/F,D/F","general_stage1_intake,target_stage2_router,target_stage3_apn,target_stage4_repair,target_stage5_verify","general_shared,target_specialist,target_specialist,target_specialist,target_specialist",00000,1,5,1,0,4,0,1,0.2,deep,fast,agent_deep__task_fast,1.5,4.36468,0.07750000000000001,5.9421800000000005,False,False,True,0,,,35587.0,stage1_n1__from__root__c01 > stage2_n1__from__n0001__c01 > stage3_n1__from__n0006__c01 > stage4_n1__from__n0023__c01 > stage5_n1__from__n0074__c01,[mms_issue]bad_network_preference|break_app_storage_permission[PERSONA:None]
risky_ps_safe_conditional_ix,PS,17,1,7,23,trap_pre_switch,trap_favoring,False,neutral,repair_all,repair_all,FDDDD,FFFFF,"F/F,D/F,D/F,D/F,D/F","barrier_stage1_gate,barrier_stage2_gate,barrier_stage3_gate,general_stage4_repair,target_stage5_decision","private_barrier,private_barrier,private_barrier,general_shared,target_specialist",11100,1,5,1,0,4,0,1,0.2,deep,fast,agent_deep__task_fast,0.0,8.926395,0.0795,9.005894999999999,True,True,True,0,,,74679.0,stage1_n5__from__root__c05 > stage2_n5__from__n0005__c03 > stage3_n5__from__n0022__c03 > stage4_n2__from__n0073__c01 > stage5_n2__from__n0212__c02,[mms_issue]bad_wifi_calling[PERSONA:Easy]
risky_ps_safe_conditional_ix,PS,18,1,8,61,trap_pre_switch,trap_favoring,False,trap_safe_overcautious,repair_all,repair_all,DFDDD,FFFFF,"D/F,F/F,D/F,D/F,D/F","general_stage1_verify,general_stage2_core,target_stage3_roaming,target_stage4_repair,target_stage5_verify","general_shared,general_shared,target_specialist,target_specialist,target_specialist",00000,1,5,1,0,4,0,1,0.2,deep,fast,agent_deep__task_fast,0.0,4.842825,0.0721,4.914925,True,True,True,0,,,39996.0,stage1_n2__from__root__c02 > stage2_n2__from__n0002__c02 > stage3_n2__from__n0010__c01 > stage4_n1__from__n0034__c01 > stage5_n1__from__n0099__c01,[mms_issue]bad_wifi_calling|break_app_storage_permission[PERSONA:Easy]
risky_ps_safe_conditional_ix,PS,19,1,9,0,trap_pre_switch,trap_favoring,False,trap_safe_overcautious,repair_all,repair_all,DDDDD,FFFFF,"D/F,D/F,D/F,D/F,D/F","target_stage1_handoff,target_stage2_router,target_stage3_roaming,target_stage4_repair,target_stage5_decision","general_shared,target_specialist,target_specialist,target_specialist,target_specialist",00000,0,5,0,0,5,0,0,0.0,deep,fast,agent_deep__task_fast,1.5,10.164965,0.07600000000000001,11.740965000000001,False,False,True,0,,,84143.0,stage1_n3__from__root__c03 > stage2_n1__from__n0003__c01 > stage3_n2__from__n0012__c02 > stage4_n1__from__n0042__c01 > stage5_n2__from__n0121__c02,[mms_issue]break_app_both_permissions[PERSONA:Hard]
risky_ps_safe_conditional_ix,PS,20,2,0,19,trap_pre_switch,trap_favoring,False,neutral,repair_all,repair_all,FFDDD,FFFFF,"F/F,F/F,D/F,D/F,D/F","barrier_stage1_gate,trap_stage2_router,general_stage3_network,general_stage4_verify,target_stage5_decision","private_barrier,trap_lane,general_shared,general_shared,target_specialist",10000,2,5,2,0,3,0,2,0.4,deep,fast,agent_deep__task_fast,1.5,4.9101,0.0725,6.4826,False,False,True,0,,,41133.0,stage1_n5__from__root__c05 > stage2_n3__from__n0005__c01 > stage3_n3__from__n0020__c01 > stage4_n3__from__n0065__c02 > stage5_n2__from__n0187__c02,[mms_issue]airplane_mode_on|bad_network_preference|break_app_sms_permission[PERSONA:Hard]
risky_ps_safe_conditional_ix,PS,21,2,1,13,trap_pre_switch,trap_favoring,False,neutral,repair_all,repair_all,DFDDD,FFFFF,"D/F,F/F,D/F,D/F,D/F","general_stage1_verify,general_stage2_core,barrier_stage3_gate,general_stage4_verify,general_stage5_verify","general_shared,general_shared,private_barrier,general_shared,general_shared",00100,1,5,1,0,4,0,1,0.2,deep,fast,agent_deep__task_fast,0.0,4.575095,0.06720000000000001,4.642295,True,True,True,0,,,37400.0,stage1_n2__from__root__c02 > stage2_n2__from__n0002__c02 > stage3_n5__from__n0010__c04 > stage4_n3__from__n0037__c02 > stage5_n3__from__n0107__c03,[mms_issue]airplane_mode_on|bad_wifi_calling|break_app_sms_permission[PERSONA:None]
risky_ps_safe_conditional_ix,PS,22,2,2,7,trap_pre_switch,trap_favoring,False,neutral,repair_all,repair_all,FFDDD,FFFFF,"F/F,F/F,D/F,D/F,D/F","general_stage1_intake,general_stage2_core,general_stage3_network,general_stage4_verify,general_stage5_verify","general_shared,general_shared,general_shared,general_shared,general_shared",00000,2,5,2,0,3,0,2,0.4,deep,fast,agent_deep__task_fast,0.0,3.977105,0.0671,4.044205,True,True,True,0,,,33266.0,stage1_n1__from__root__c01 > stage2_n2__from__n0001__c02 > stage3_n3__from__n0007__c02 > stage4_n3__from__n0026__c02 > stage5_n3__from__n0078__c03,[mms_issue]airplane_mode_on|bad_wifi_calling|break_app_storage_permission[PERSONA:Easy]
risky_ps_safe_conditional_ix,PS,23,2,3,25,trap_pre_switch,trap_favoring,False,trap_safe_overcautious,repair_subset,repair_subset,DDDDD,FFFFF,"D/F,D/F,D/F,D/F,D/F","general_stage1_verify,target_stage2_router,target_stage3_roaming,target_stage4_repair,target_stage5_verify","general_shared,target_specialist,target_specialist,target_specialist,target_specialist",00000,0,5,0,0,5,0,0,0.0,deep,fast,agent_deep__task_fast,6.0,5.76081,0.0748,11.835609999999999,False,False,False,1,,,46233.0,stage1_n2__from__root__c02 > stage2_n1__from__n0002__c01 > stage3_n2__from__n0009__c02 > stage4_n1__from__n0033__c01 > stage5_n1__from__n0098__c01,[mms_issue]airplane_mode_on|break_app_both_permissions|data_usage_exceeded[PERSONA:Hard]
risky_ps_safe_conditional_ix,PS,24,2,4,36,trap_pre_switch,trap_favoring,False,neutral,repair_all,repair_all,FFDDD,FFFFF,"F/F,F/F,D/F,D/F,D/F","general_stage1_intake,general_stage2_core,barrier_stage3_gate,general_stage4_verify,target_stage5_decision","general_shared,general_shared,private_barrier,general_shared,target_specialist",00100,2,5,2,0,3,0,2,0.4,deep,fast,agent_deep__task_fast,1.5,3.938375,0.0718,5.510175,False,False,True,0,,,33143.0,stage1_n1__from__root__c01 > stage2_n2__from__n0001__c02 > stage3_n5__from__n0007__c04 > stage4_n3__from__n0028__c02 > stage5_n2__from__n0084__c02,[mms_issue]airplane_mode_on|break_app_storage_permission[PERSONA:Easy]
risky_ps_safe_conditional_ix,PS,25,2,5,35,target_post_switch,target_favoring,True,neutral,repair_subset,repair_subset,FDDDD,FDDDD,"F/F,D/D,D/D,D/D,D/D","barrier_stage1_gate,general_stage2_roaming,barrier_stage3_gate,general_stage4_repair,target_stage5_decision","private_barrier,general_shared,private_barrier,general_shared,target_specialist",10100,1,1,1,0,0,4,5,1.0,deep,deep,agent_deep__task_deep,2.0,4.57402,0.0742,6.64822,True,True,False,1,,,48619.0,stage1_n5__from__root__c05 > stage2_n4__from__n0005__c02 > stage3_n5__from__n0021__c03 > stage4_n2__from__n0070__c01 > stage5_n2__from__n0202__c02,[mms_issue]airplane_mode_on|bad_network_preference|bad_wifi_calling|break_apn_mms_setting|break_app_both_permissions|data_mode_off|data_usage_exceeded|unseat_sim_card|user_abroad_roaming_disabled_on[PERSONA:Hard]
risky_ps_safe_conditional_ix,PS,26,2,6,51,target_post_switch,target_favoring,True,target_safe_specialist_good,repair_subset,repair_subset,DDDDD,FDDDD,"D/F,D/D,D/D,D/D,D/D","target_stage1_handoff,target_stage2_router,target_stage3_apn,target_stage4_repair,target_stage5_verify","general_shared,target_specialist,target_specialist,target_specialist,target_specialist",00000,0,1,0,0,1,4,4,0.8,deep,deep,agent_deep__task_deep,2.0,5.16959,0.07650000000000001,7.246090000000001,True,True,False,1,,,52814.0,stage1_n3__from__root__c03 > stage2_n1__from__n0003__c01 > stage3_n1__from__n0012__c01 > stage4_n1__from__n0041__c01 > stage5_n1__from__n0120__c01,[mms_issue]airplane_mode_on|bad_network_preference|bad_wifi_calling|break_apn_mms_setting|break_app_both_permissions|data_mode_off|data_usage_exceeded|unseat_sim_card|user_abroad_roaming_enabled_off[PERSONA:Hard]
risky_ps_safe_conditional_ix,PS,27,2,7,45,target_post_switch,target_favoring,True,trap_like_bad,repair_all,repair_subset,FDDDD,FDDDD,"F/F,D/D,D/D,D/D,D/D","trap_stage1_intake,target_stage2_router,target_stage3_roaming,target_stage4_repair,target_stage5_verify","trap_lane,target_specialist,target_specialist,target_specialist,target_specialist",00000,1,1,1,0,0,4,5,1.0,deep,deep,agent_deep__task_deep,11.0,5.23107,0.0741,16.30517,False,False,True,0,,,57768.0,stage1_n4__from__root__c04 > stage2_n1__from__n0004__c01 > stage3_n2__from__n0015__c02 > stage4_n1__from__n0051__c01 > stage5_n1__from__n0144__c01,[mms_issue]airplane_mode_on|bad_network_preference|bad_wifi_calling|break_apn_mms_setting|break_app_both_permissions|data_mode_off|unseat_sim_card|user_abroad_roaming_enabled_off[PERSONA:Hard]
risky_ps_safe_conditional_ix,PS,28,2,8,40,target_post_switch,target_favoring,True,target_safe_specialist_good,repair_subset,repair_subset,FFDDD,FDDDD,"F/F,F/D,D/D,D/D,D/D","general_stage1_intake,general_stage2_core,target_stage3_roaming,target_stage4_repair,target_stage5_decision","general_shared,general_shared,target_specialist,target_specialist,target_specialist",00000,2,1,1,1,0,3,4,0.8,deep,deep,agent_deep__task_deep,15.5,4.57094,0.0736,20.14454,False,False,False,1,,,47728.0,stage1_n1__from__root__c01 > stage2_n2__from__n0001__c02 > stage3_n2__from__n0007__c01 > stage4_n1__from__n0025__c01 > stage5_n2__from__n0076__c02,[mms_issue]airplane_mode_on|bad_network_preference|bad_wifi_calling|break_apn_mms_setting|break_app_sms_permission|data_mode_off|data_usage_exceeded|unseat_sim_card|user_abroad_roaming_disabled_on[PERSONA:None]
risky_ps_safe_conditional_ix,PS,29,2,9,46,target_post_switch,target_favoring,True,neutral,repair_subset,transfer,FFDDD,FDDDD,"F/F,F/D,D/D,D/D,D/D","general_stage1_intake,trap_stage2_router,barrier_stage3_gate,general_stage4_repair,target_stage5_verify","general_shared,trap_lane,private_barrier,general_shared,target_specialist",00100,2,1,1,1,0,3,4,0.8,deep,deep,agent_deep__task_deep,21.5,4.37612,0.071,25.94712,False,False,False,1,,,45874.0,stage1_n1__from__root__c01 > stage2_n3__from__n0001__c03 > stage3_n5__from__n0008__c03 > stage4_n2__from__n0031__c01 > stage5_n1__from__n0093__c01,[mms_issue]airplane_mode_on|bad_network_preference|bad_wifi_calling|break_apn_mms_setting|break_app_sms_permission|data_mode_off|data_usage_exceeded|unseat_sim_card|user_abroad_roaming_enabled_off[PERSONA:None]
risky_ps_safe_conditional_ix,PS,30,3,0,16,target_post_switch,target_favoring,True,trap_like_bad,repair_subset,repair_subset,FDDDD,FDDDD,"F/F,D/D,D/D,D/D,D/D","trap_stage1_intake,barrier_stage2_gate,general_stage3_network,general_stage4_verify,general_stage5_verify","trap_lane,private_barrier,general_shared,general_shared,general_shared",01000,1,1,1,0,0,4,5,1.0,deep,deep,agent_deep__task_deep,2.0,4.858005,0.0675,6.925505,True,True,False,1,,,52503.0,stage1_n4__from__root__c04 > stage2_n5__from__n0004__c05 > stage3_n3__from__n0019__c01 > stage4_n3__from__n0062__c02 > stage5_n3__from__n0177__c03,[mms_issue]airplane_mode_on|bad_network_preference|bad_wifi_calling|break_apn_mms_setting|break_app_sms_permission|data_mode_off|data_usage_exceeded|user_abroad_roaming_disabled_on[PERSONA:None]
risky_ps_safe_conditional_ix,PS,31,3,1,65,target_post_switch,target_favoring,True,neutral,repair_all,repair_subset,FDFFD,FDDDD,"F/F,D/D,F/D,F/D,D/D","barrier_stage1_gate,general_stage2_roaming,trap_stage3_network,trap_stage4_execute,target_stage5_verify","private_barrier,general_shared,trap_lane,trap_lane,target_specialist",10000,3,1,1,2,0,2,3,0.6,fast,deep,agent_fast__task_deep,17.0,3.874325,0.0659,20.940224999999998,False,False,False,1,,,33844.0,stage1_n5__from__root__c05 > stage2_n4__from__n0005__c02 > stage3_n4__from__n0021__c02 > stage4_n4__from__n0069__c03 > stage5_n1__from__n0200__c01,[mms_issue]airplane_mode_on|bad_network_preference|bad_wifi_calling|break_apn_mms_setting|break_app_sms_permission|data_mode_off|unseat_sim_card|user_abroad_roaming_enabled_off[PERSONA:None]
risky_ps_safe_conditional_ix,PS,32,3,2,11,target_post_switch,target_favoring,True,neutral,repair_subset,transfer,FFDDD,FDDDD,"F/F,F/D,D/D,D/D,D/D","barrier_stage1_gate,trap_stage2_router,general_stage3_network,general_stage4_repair,target_stage5_decision","private_barrier,trap_lane,general_shared,general_shared,target_specialist",10000,2,1,1,1,0,3,4,0.8,deep,deep,agent_deep__task_deep,19.5,4.513495,0.0711,24.084595,False,False,False,1,,,46313.0,stage1_n5__from__root__c05 > stage2_n3__from__n0005__c01 > stage3_n3__from__n0020__c01 > stage4_n2__from__n0065__c01 > stage5_n2__from__n0186__c02,[mms_issue]airplane_mode_on|bad_network_preference|bad_wifi_calling|break_apn_mms_setting|break_app_storage_permission|data_mode_off|data_usage_exceeded|unseat_sim_card|user_abroad_roaming_disabled_on[PERSONA:Easy]
risky_ps_safe_conditional_ix,PS,33,3,3,17,target_post_switch,target_favoring,True,target_safe_specialist_good,repair_subset,repair_all,DDDDD,FDDDD,"D/F,D/D,D/D,D/D,D/D","target_stage1_handoff,target_stage2_router,target_stage3_apn,target_stage4_repair,target_stage5_verify","general_shared,target_specialist,target_specialist,target_specialist,target_specialist",00000,0,1,0,0,1,4,4,0.8,deep,deep,agent_deep__task_deep,3.5,5.889505,0.07650000000000001,9.466005,False,False,True,0,,,61219.0,stage1_n3__from__root__c03 > stage2_n1__from__n0003__c01 > stage3_n1__from__n0012__c01 > stage4_n1__from__n0041__c01 > stage5_n1__from__n0120__c01,[mms_issue]airplane_mode_on|bad_network_preference|bad_wifi_calling|break_apn_mms_setting|break_app_storage_permission|data_mode_off|data_usage_exceeded|unseat_sim_card|user_abroad_roaming_enabled_off[PERSONA:Easy]
risky_ps_safe_conditional_ix,PS,34,3,4,67,target_post_switch,target_favoring,False,trap_like_bad,transfer,transfer,FDDDD,FDDDD,"F/F,D/D,D/D,D/D,D/D","trap_stage1_intake,general_stage2_roaming,general_stage3_network,general_stage4_repair,target_stage5_decision","trap_lane,general_shared,general_shared,general_shared,target_specialist",00000,1,1,1,0,0,4,5,1.0,deep,deep,agent_deep__task_deep,1.0,4.400195,0.06580000000000001,5.465995,False,False,True,0,,,46997.0,stage1_n4__from__root__c04 > stage2_n4__from__n0004__c04 > stage3_n3__from__n0018__c01 > stage4_n2__from__n0059__c01 > stage5_n2__from__n0166__c02,[mms_issue]airplane_mode_on|break_apn_mms_setting|break_app_both_permissions|user_abroad_roaming_disabled_off[PERSONA:None]
risky_ps_safe_conditional_ix,PS,35,3,5,35,target_post_switch,target_favoring,True,neutral,repair_subset,transfer,FDFDD,FDDDD,"F/F,D/D,F/D,D/D,D/D","barrier_stage1_gate,general_stage2_roaming,trap_stage3_network,general_stage4_repair,target_stage5_decision","private_barrier,general_shared,trap_lane,general_shared,target_specialist",10000,2,1,1,1,0,3,4,0.8,deep,deep,agent_deep__task_deep,18.5,5.338295,0.0704,23.908694999999998,False,False,False,1,,,53465.0,stage1_n5__from__root__c05 > stage2_n4__from__n0005__c02 > stage3_n4__from__n0021__c02 > stage4_n2__from__n0069__c01 > stage5_n2__from__n0198__c02,[mms_issue]airplane_mode_on|bad_network_preference|bad_wifi_calling|break_apn_mms_setting|break_app_both_permissions|data_mode_off|data_usage_exceeded|unseat_sim_card|user_abroad_roaming_disabled_on[PERSONA:Hard]
risky_ps_safe_conditional_ix,PS,36,3,6,51,target_post_switch,target_favoring,True,neutral,repair_subset,repair_subset,FDDDD,FDDDD,"F/F,D/D,D/D,D/D,D/D","barrier_stage1_gate,general_stage2_roaming,general_stage3_network,general_stage4_repair,target_stage5_verify","private_barrier,general_shared,general_shared,general_shared,target_specialist",10000,1,1,1,0,0,4,5,1.0,deep,deep,agent_deep__task_deep,2.0,4.57844,0.0732,6.6516399999999996,True,True,False,1,,,48656.0,stage1_n5__from__root__c05 > stage2_n4__from__n0005__c02 > stage3_n3__from__n0021__c01 > stage4_n2__from__n0068__c01 > stage5_n1__from__n0196__c01,[mms_issue]airplane_mode_on|bad_network_preference|bad_wifi_calling|break_apn_mms_setting|break_app_both_permissions|data_mode_off|data_usage_exceeded|unseat_sim_card|user_abroad_roaming_enabled_off[PERSONA:Hard]
risky_ps_safe_conditional_ix,PS,37,3,7,45,target_post_switch,target_favoring,True,neutral,repair_all,repair_subset,FFFFD,FDDDD,"F/F,F/D,F/D,F/D,D/D","general_stage1_intake,general_stage2_core,trap_stage3_network,trap_stage4_execute,general_stage5_verify","general_shared,general_shared,trap_lane,trap_lane,general_shared",00000,4,1,1,3,0,1,2,0.4,fast,deep,agent_fast__task_deep,11.0,4.92951,0.0623,15.991810000000001,False,False,False,1,,,39882.0,stage1_n1__from__root__c01 > stage2_n2__from__n0001__c02 > stage3_n4__from__n0007__c03 > stage4_n4__from__n0027__c03 > stage5_n3__from__n0081__c02,[mms_issue]airplane_mode_on|bad_network_preference|bad_wifi_calling|break_apn_mms_setting|break_app_both_permissions|data_mode_off|unseat_sim_card|user_abroad_roaming_enabled_off[PERSONA:Hard]
risky_ps_safe_conditional_ix,PS,38,3,8,40,target_post_switch,target_favoring,True,neutral,repair_subset,repair_subset,FDDDD,FDDDD,"F/F,D/D,D/D,D/D,D/D","barrier_stage1_gate,barrier_stage2_gate,general_stage3_network,general_stage4_repair,target_stage5_decision","private_barrier,private_barrier,general_shared,general_shared,target_specialist",11000,1,1,1,0,0,4,5,1.0,deep,deep,agent_deep__task_deep,2.0,5.03047,0.0777,7.10817,True,True,False,1,,,54373.0,stage1_n5__from__root__c05 > stage2_n5__from__n0005__c03 > stage3_n3__from__n0022__c01 > stage4_n2__from__n0071__c01 > stage5_n2__from__n0206__c02,[mms_issue]airplane_mode_on|bad_network_preference|bad_wifi_calling|break_apn_mms_setting|break_app_sms_permission|data_mode_off|data_usage_exceeded|unseat_sim_card|user_abroad_roaming_disabled_on[PERSONA:None]
risky_ps_safe_conditional_ix,PS,39,3,9,46,target_post_switch,target_favoring,True,trap_like_bad,repair_subset,transfer,FDFDD,FDDDD,"F/F,D/D,F/D,D/D,D/D","trap_stage1_intake,barrier_stage2_gate,trap_stage3_network,general_stage4_repair,target_stage5_decision","trap_lane,private_barrier,trap_lane,general_shared,target_specialist",01000,2,1,1,1,0,3,4,0.8,deep,deep,agent_deep__task_deep,20.5,6.01403,0.0675,26.58153,False,False,False,1,,,61599.0,stage1_n4__from__root__c04 > stage2_n5__from__n0004__c05 > stage3_n4__from__n0019__c02 > stage4_n2__from__n0063__c01 > stage5_n2__from__n0178__c02,[mms_issue]airplane_mode_on|bad_network_preference|bad_wifi_calling|break_apn_mms_setting|break_app_sms_permission|data_mode_off|data_usage_exceeded|unseat_sim_card|user_abroad_roaming_enabled_off[PERSONA:None]
risky_ps_safe_conditional_ix,PS,40,4,0,16,target_post_switch,target_favoring,True,neutral,repair_subset,repair_subset,DFDDF,FDDDD,"D/F,F/D,D/D,D/D,F/D","general_stage1_verify,general_stage2_core,general_stage3_network,general_stage4_verify,trap_stage5_terminal","general_shared,general_shared,general_shared,general_shared,trap_lane",00000,2,1,0,2,1,2,2,0.4,deep,deep,agent_deep__task_deep,3.0,5.22818,0.06420000000000001,8.29238,False,False,False,1,,,44178.0,stage1_n2__from__root__c02 > stage2_n2__from__n0002__c02 > stage3_n3__from__n0010__c02 > stage4_n3__from__n0035__c02 > stage5_n4__from__n0101__c04,[mms_issue]airplane_mode_on|bad_network_preference|bad_wifi_calling|break_apn_mms_setting|break_app_sms_permission|data_mode_off|data_usage_exceeded|user_abroad_roaming_disabled_on[PERSONA:None]
risky_ps_safe_conditional_ix,PS,41,4,1,65,target_post_switch,target_favoring,True,neutral,repair_all,repair_subset,DFDFF,FDDDD,"D/F,F/D,D/D,F/D,F/D","general_stage1_verify,general_stage2_core,barrier_stage3_gate,trap_stage4_execute,trap_stage5_terminal","general_shared,general_shared,private_barrier,trap_lane,trap_lane",00100,3,1,0,3,1,1,1,0.2,fast,deep,agent_fast__task_deep,5.0,6.02851,0.0629,11.09141,False,False,False,1,,,44766.0,stage1_n2__from__root__c02 > stage2_n2__from__n0002__c02 > stage3_n5__from__n0010__c04 > stage4_n4__from__n0037__c03 > stage5_n4__from__n0108__c03,[mms_issue]airplane_mode_on|bad_network_preference|bad_wifi_calling|break_apn_mms_setting|break_app_sms_permission|data_mode_off|unseat_sim_card|user_abroad_roaming_enabled_off[PERSONA:None]
risky_ps_safe_conditional_ix,PS,42,4,2,11,target_post_switch,target_favoring,True,target_safe_majority_bad,repair_subset,transfer,DFDDD,FDDDD,"D/F,F/D,D/D,D/D,D/D","target_stage1_handoff,general_stage2_core,general_stage3_network,general_stage4_verify,target_stage5_verify","general_shared,general_shared,general_shared,general_shared,target_specialist",00000,1,1,0,1,1,3,3,0.6,deep,deep,agent_deep__task_deep,19.5,5.150935,0.06910000000000001,24.720035,False,False,False,1,,,50651.0,stage1_n3__from__root__c03 > stage2_n2__from__n0003__c02 > stage3_n3__from__n0013__c02 > stage4_n3__from__n0044__c02 > stage5_n1__from__n0124__c01,[mms_issue]airplane_mode_on|bad_network_preference|bad_wifi_calling|break_apn_mms_setting|break_app_storage_permission|data_mode_off|data_usage_exceeded|unseat_sim_card|user_abroad_roaming_disabled_on[PERSONA:Easy]
risky_ps_safe_conditional_ix,PS,43,4,3,17,target_post_switch,target_favoring,True,neutral,repair_subset,repair_subset,DFFDD,FDDDD,"D/F,F/D,F/D,D/D,D/D","general_stage1_verify,general_stage2_core,trap_stage3_network,general_stage4_repair,target_stage5_verify","general_shared,general_shared,trap_lane,general_shared,target_specialist",00000,2,1,0,2,1,2,2,0.4,deep,deep,agent_deep__task_deep,13.0,6.936525,0.0671,20.003625,False,False,False,1,,,68530.0,stage1_n2__from__root__c02 > stage2_n2__from__n0002__c02 > stage3_n4__from__n0010__c03 > stage4_n2__from__n0036__c01 > stage5_n1__from__n0102__c01,[mms_issue]airplane_mode_on|bad_network_preference|bad_wifi_calling|break_apn_mms_setting|break_app_storage_permission|data_mode_off|data_usage_exceeded|unseat_sim_card|user_abroad_roaming_enabled_off[PERSONA:Easy]
risky_ps_safe_conditional_ix,PS,44,4,4,67,target_post_switch,target_favoring,False,target_safe_majority_bad,transfer,transfer,FDDDD,FDDDD,"F/F,D/D,D/D,D/D,D/D","general_stage1_intake,target_stage2_router,target_stage3_apn,target_stage4_repair,target_stage5_verify","general_shared,target_specialist,target_specialist,target_specialist,target_specialist",00000,1,1,1,0,0,4,5,1.0,deep,deep,agent_deep__task_deep,1.0,4.365685,0.07750000000000001,5.443185,False,False,True,0,,,46864.0,stage1_n1__from__root__c01 > stage2_n1__from__n0001__c01 > stage3_n1__from__n0006__c01 > stage4_n1__from__n0023__c01 > stage5_n1__from__n0074__c01,[mms_issue]airplane_mode_on|break_apn_mms_setting|break_app_both_permissions|user_abroad_roaming_disabled_off[PERSONA:None]
risky_ps_safe_conditional_ix,PS,45,4,5,35,target_post_switch,target_favoring,True,target_decoy_medium,repair_subset,repair_subset,DFFFD,FDDDD,"D/F,F/D,F/D,F/D,D/D","general_stage1_verify,general_stage2_core,trap_stage3_network,trap_stage4_execute,barrier_stage5_transfer","general_shared,general_shared,trap_lane,trap_lane,private_barrier",00001,3,1,0,3,1,1,1,0.2,fast,deep,agent_fast__task_deep,5.0,6.21325,0.0665,11.27975,False,False,False,1,,,51333.0,stage1_n2__from__root__c02 > stage2_n2__from__n0002__c02 > stage3_n4__from__n0010__c03 > stage4_n4__from__n0036__c03 > stage5_n5__from__n0104__c04,[mms_issue]airplane_mode_on|bad_network_preference|bad_wifi_calling|break_apn_mms_setting|break_app_both_permissions|data_mode_off|data_usage_exceeded|unseat_sim_card|user_abroad_roaming_disabled_on[PERSONA:Hard]
risky_ps_safe_conditional_ix,PS,46,4,6,51,target_post_switch,target_favoring,True,neutral,repair_subset,repair_subset,FDDDF,FDDDD,"F/F,D/D,D/D,D/D,F/D","barrier_stage1_gate,barrier_stage2_gate,general_stage3_network,general_stage4_verify,trap_stage5_terminal","private_barrier,private_barrier,general_shared,general_shared,trap_lane",11000,2,1,1,1,0,3,4,0.8,deep,deep,agent_deep__task_deep,2.0,5.22252,0.0717,7.29422,True,True,False,1,,,48202.0,stage1_n5__from__root__c05 > stage2_n5__from__n0005__c03 > stage3_n3__from__n0022__c01 > stage4_n3__from__n0071__c02 > stage5_n4__from__n0207__c04,[mms_issue]airplane_mode_on|bad_network_preference|bad_wifi_calling|break_apn_mms_setting|break_app_both_permissions|data_mode_off|data_usage_exceeded|unseat_sim_card|user_abroad_roaming_enabled_off[PERSONA:Hard]
risky_ps_safe_conditional_ix,PS,47,4,7,45,target_post_switch,target_favoring,True,trap_like_bad,repair_all,repair_all,FFDDD,FDDDD,"F/F,F/D,D/D,D/D,D/D","trap_stage1_intake,trap_stage2_router,barrier_stage3_gate,general_stage4_repair,target_stage5_verify","trap_lane,trap_lane,private_barrier,general_shared,target_specialist",00100,2,1,1,1,0,3,4,0.8,deep,deep,agent_deep__task_deep,0.0,4.766735,0.067,4.833735,True,True,True,0,,,48850.0,stage1_n4__from__root__c04 > stage2_n3__from__n0004__c03 > stage3_n5__from__n0017__c03 > stage4_n2__from__n0058__c01 > stage5_n1__from__n0162__c01,[mms_issue]airplane_mode_on|bad_network_preference|bad_wifi_calling|break_apn_mms_setting|break_app_both_permissions|data_mode_off|unseat_sim_card|user_abroad_roaming_enabled_off[PERSONA:Hard]
risky_ps_safe_conditional_ix,PS,48,4,8,40,target_post_switch,target_favoring,True,neutral,repair_subset,transfer,DFDDF,FDDDD,"D/F,F/D,D/D,D/D,F/D","general_stage1_verify,general_stage2_core,general_stage3_network,general_stage4_verify,trap_stage5_terminal","general_shared,general_shared,general_shared,general_shared,trap_lane",00000,2,1,0,2,1,2,2,0.4,deep,deep,agent_deep__task_deep,19.5,5.18432,0.06420000000000001,24.74852,False,False,False,1,,,44513.0,stage1_n2__from__root__c02 > stage2_n2__from__n0002__c02 > stage3_n3__from__n0010__c02 > stage4_n3__from__n0035__c02 > stage5_n4__from__n0101__c04,[mms_issue]airplane_mode_on|bad_network_preference|bad_wifi_calling|break_apn_mms_setting|break_app_sms_permission|data_mode_off|data_usage_exceeded|unseat_sim_card|user_abroad_roaming_disabled_on[PERSONA:None]
risky_ps_safe_conditional_ix,PS,49,4,9,46,target_post_switch,target_favoring,True,trap_like_bad,repair_subset,transfer,FFDDD,FDDDD,"F/F,F/D,D/D,D/D,D/D","trap_stage1_intake,general_stage2_core,target_stage3_roaming,target_stage4_repair,target_stage5_verify","trap_lane,general_shared,target_specialist,target_specialist,target_specialist",00000,2,1,1,1,0,3,4,0.8,deep,deep,agent_deep__task_deep,21.5,5.118425,0.07010000000000001,26.688525,False,False,False,1,,,54703.0,stage1_n4__from__root__c04 > stage2_n2__from__n0004__c02 > stage3_n2__from__n0016__c01 > stage4_n1__from__n0052__c01 > stage5_n1__from__n0145__c01,[mms_issue]airplane_mode_on|bad_network_preference|bad_wifi_calling|break_apn_mms_setting|break_app_sms_permission|data_mode_off|data_usage_exceeded|unseat_sim_card|user_abroad_roaming_enabled_off[PERSONA:None]
risky_ps_safe_conditional_ix,PS,50,5,0,16,target_post_switch,target_favoring,True,trap_like_bad,repair_subset,transfer,FDDDD,FDDDD,"F/F,D/D,D/D,D/D,D/D","trap_stage1_intake,general_stage2_roaming,barrier_stage3_gate,general_stage4_verify,target_stage5_decision","trap_lane,general_shared,private_barrier,general_shared,target_specialist",00100,1,1,1,0,0,4,5,1.0,deep,deep,agent_deep__task_deep,16.5,4.77258,0.06880000000000001,21.34138,False,False,False,1,,,51165.0,stage1_n4__from__root__c04 > stage2_n4__from__n0004__c04 > stage3_n5__from__n0018__c03 > stage4_n3__from__n0061__c02 > stage5_n2__from__n0173__c02,[mms_issue]airplane_mode_on|bad_network_preference|bad_wifi_calling|break_apn_mms_setting|break_app_sms_permission|data_mode_off|data_usage_exceeded|user_abroad_roaming_disabled_on[PERSONA:None]
risky_ps_safe_conditional_ix,PS,51,5,1,65,target_post_switch,target_favoring,True,target_safe_specialist_good,repair_all,transfer,DDDDD,FDDDD,"D/F,D/D,D/D,D/D,D/D","target_stage1_handoff,target_stage2_router,target_stage3_roaming,target_stage4_repair,target_stage5_verify","general_shared,target_specialist,target_specialist,target_specialist,target_specialist",00000,0,1,0,0,1,4,4,0.8,deep,deep,agent_deep__task_deep,18.5,5.405985,0.07750000000000001,23.983485,False,False,True,0,,,55287.0,stage1_n3__from__root__c03 > stage2_n1__from__n0003__c01 > stage3_n2__from__n0012__c02 > stage4_n1__from__n0042__c01 > stage5_n1__from__n0121__c01,[mms_issue]airplane_mode_on|bad_network_preference|bad_wifi_calling|break_apn_mms_setting|break_app_sms_permission|data_mode_off|unseat_sim_card|user_abroad_roaming_enabled_off[PERSONA:None]
risky_ps_safe_conditional_ix,PS,52,5,2,11,target_post_switch,target_favoring,True,target_safe_specialist_good,repair_subset,repair_subset,DDDDD,FDDDD,"D/F,D/D,D/D,D/D,D/D","general_stage1_verify,target_stage2_router,target_stage3_apn,target_stage4_repair,target_stage5_decision","general_shared,target_specialist,target_specialist,target_specialist,target_specialist",00000,0,1,0,0,1,4,4,0.8,deep,deep,agent_deep__task_deep,11.0,8.026745,0.0772,19.103945,False,False,True,0,,,86525.0,stage1_n2__from__root__c02 > stage2_n1__from__n0002__c01 > stage3_n1__from__n0009__c01 > stage4_n1__from__n0032__c01 > stage5_n2__from__n0097__c02,[mms_issue]airplane_mode_on|bad_network_preference|bad_wifi_calling|break_apn_mms_setting|break_app_storage_permission|data_mode_off|data_usage_exceeded|unseat_sim_card|user_abroad_roaming_disabled_on[PERSONA:Easy]
risky_ps_safe_conditional_ix,PS,53,5,3,17,target_post_switch,target_favoring,True,neutral,repair_subset,repair_subset,DFFDD,FDDDD,"D/F,F/D,F/D,D/D,D/D","target_stage1_handoff,trap_stage2_router,trap_stage3_network,general_stage4_repair,target_stage5_decision","general_shared,trap_lane,trap_lane,general_shared,target_specialist",00000,2,1,0,2,1,2,2,0.4,deep,deep,agent_deep__task_deep,13.0,5.54601,0.06530000000000001,18.61131,False,False,False,1,,,51982.0,stage1_n3__from__root__c03 > stage2_n3__from__n0003__c03 > stage3_n4__from__n0014__c02 > stage4_n2__from__n0048__c01 > stage5_n2__from__n0135__c02,[mms_issue]airplane_mode_on|bad_network_preference|bad_wifi_calling|break_apn_mms_setting|break_app_storage_permission|data_mode_off|data_usage_exceeded|unseat_sim_card|user_abroad_roaming_enabled_off[PERSONA:Easy]
risky_ps_safe_conditional_ix,PS,54,5,4,67,target_post_switch,target_favoring,False,neutral,transfer,transfer,FDDDF,FDDDD,"F/F,D/D,D/D,D/D,F/D","barrier_stage1_gate,general_stage2_roaming,barrier_stage3_gate,general_stage4_verify,trap_stage5_terminal","private_barrier,general_shared,private_barrier,general_shared,trap_lane",10100,2,1,1,1,0,3,4,0.8,deep,deep,agent_deep__task_deep,1.0,4.426175,0.07050000000000001,5.496675,False,False,True,0,,,41411.0,stage1_n5__from__root__c05 > stage2_n4__from__n0005__c02 > stage3_n5__from__n0021__c03 > stage4_n3__from__n0070__c02 > stage5_n4__from__n0203__c04,[mms_issue]airplane_mode_on|break_apn_mms_setting|break_app_both_permissions|user_abroad_roaming_disabled_off[PERSONA:None]
risky_ps_safe_conditional_ix,PS,55,5,5,35,target_post_switch,target_favoring,True,trap_like_bad,repair_subset,repair_subset,FDDDD,FDDDD,"F/F,D/D,D/D,D/D,D/D","trap_stage1_intake,barrier_stage2_gate,general_stage3_network,general_stage4_verify,target_stage5_decision","trap_lane,private_barrier,general_shared,general_shared,target_specialist",01000,1,1,1,0,0,4,5,1.0,deep,deep,agent_deep__task_deep,2.0,5.08589,0.06999999999999999,7.155889999999999,True,True,False,1,,,55037.0,stage1_n4__from__root__c04 > stage2_n5__from__n0004__c05 > stage3_n3__from__n0019__c01 > stage4_n3__from__n0062__c02 > stage5_n2__from__n0177__c02,[mms_issue]airplane_mode_on|bad_network_preference|bad_wifi_calling|break_apn_mms_setting|break_app_both_permissions|data_mode_off|data_usage_exceeded|unseat_sim_card|user_abroad_roaming_disabled_on[PERSONA:Hard]
risky_ps_safe_conditional_ix,PS,56,5,6,51,target_post_switch,target_favoring,True,target_decoy_medium,repair_subset,repair_subset,FFFDD,FDDDD,"F/F,F/D,F/D,D/D,D/D","barrier_stage1_gate,trap_stage2_router,trap_stage3_network,barrier_stage4_gate,barrier_stage5_transfer","private_barrier,trap_lane,trap_lane,private_barrier,private_barrier",10011,3,1,1,2,0,2,3,0.6,fast,deep,agent_fast__task_deep,13.0,5.5442,0.0735,18.6177,False,False,False,1,,,55538.0,stage1_n5__from__root__c05 > stage2_n3__from__n0005__c01 > stage3_n4__from__n0020__c02 > stage4_n5__from__n0066__c04 > stage5_n5__from__n0191__c03,[mms_issue]airplane_mode_on|bad_network_preference|bad_wifi_calling|break_apn_mms_setting|break_app_both_permissions|data_mode_off|data_usage_exceeded|unseat_sim_card|user_abroad_roaming_enabled_off[PERSONA:Hard]
risky_ps_safe_conditional_ix,PS,57,5,7,45,target_post_switch,target_favoring,True,neutral,repair_all,transfer,FFFDD,FDDDD,"F/F,F/D,F/D,D/D,D/D","general_stage1_intake,trap_stage2_router,trap_stage3_network,general_stage4_verify,target_stage5_verify","general_shared,trap_lane,trap_lane,general_shared,target_specialist",00000,3,1,1,2,0,2,3,0.6,fast,deep,agent_fast__task_deep,18.5,5.589285,0.0661,24.155385,False,False,True,0,,,55543.0,stage1_n1__from__root__c01 > stage2_n3__from__n0001__c03 > stage3_n4__from__n0008__c02 > stage4_n3__from__n0030__c02 > stage5_n1__from__n0090__c01,[mms_issue]airplane_mode_on|bad_network_preference|bad_wifi_calling|break_apn_mms_setting|break_app_both_permissions|data_mode_off|unseat_sim_card|user_abroad_roaming_enabled_off[PERSONA:Hard]
risky_ps_safe_conditional_ix,PS,58,5,8,40,target_post_switch,target_favoring,True,neutral,repair_subset,transfer,DFDDF,FDDDD,"D/F,F/D,D/D,D/D,F/D","target_stage1_handoff,trap_stage2_router,general_stage3_network,general_stage4_verify,trap_stage5_terminal","general_shared,trap_lane,general_shared,general_shared,trap_lane",00000,2,1,0,2,1,2,2,0.4,deep,deep,agent_deep__task_deep,19.5,5.45371,0.063,25.01671,False,False,False,1,,,45843.0,stage1_n3__from__root__c03 > stage2_n3__from__n0003__c03 > stage3_n3__from__n0014__c01 > stage4_n3__from__n0047__c02 > stage5_n4__from__n0134__c04,[mms_issue]airplane_mode_on|bad_network_preference|bad_wifi_calling|break_apn_mms_setting|break_app_sms_permission|data_mode_off|data_usage_exceeded|unseat_sim_card|user_abroad_roaming_disabled_on[PERSONA:None]
risky_ps_safe_conditional_ix,PS,59,5,9,46,target_post_switch,target_favoring,True,neutral,repair_subset,transfer,FFDDD,FDDDD,"F/F,F/D,D/D,D/D,D/D","general_stage1_intake,trap_stage2_router,general_stage3_network,general_stage4_repair,target_stage5_decision","general_shared,trap_lane,general_shared,general_shared,target_specialist",00000,2,1,1,1,0,3,4,0.8,deep,deep,agent_deep__task_deep,21.5,4.53218,0.0661,26.09828,False,False,False,1,,,46333.0,stage1_n1__from__root__c01 > stage2_n3__from__n0001__c03 > stage3_n3__from__n0008__c01 > stage4_n2__from__n0029__c01 > stage5_n2__from__n0087__c02,[mms_issue]airplane_mode_on|bad_network_preference|bad_wifi_calling|break_apn_mms_setting|break_app_sms_permission|data_mode_off|data_usage_exceeded|unseat_sim_card|user_abroad_roaming_enabled_off[PERSONA:None]
risky_ps_safe_conditional_ix,PS,60,6,0,16,target_post_switch,target_favoring,True,target_safe_specialist_good,repair_subset,transfer,FDDDD,FDDDD,"F/F,D/D,D/D,D/D,D/D","general_stage1_intake,target_stage2_router,target_stage3_apn,target_stage4_repair,target_stage5_decision","general_shared,target_specialist,target_specialist,target_specialist,target_specialist",00000,1,1,1,0,0,4,5,1.0,deep,deep,agent_deep__task_deep,16.5,4.78856,0.07900000000000001,21.36756,False,False,False,1,,,51212.0,stage1_n1__from__root__c01 > stage2_n1__from__n0001__c01 > stage3_n1__from__n0006__c01 > stage4_n1__from__n0023__c01 > stage5_n2__from__n0074__c02,[mms_issue]airplane_mode_on|bad_network_preference|bad_wifi_calling|break_apn_mms_setting|break_app_sms_permission|data_mode_off|data_usage_exceeded|user_abroad_roaming_disabled_on[PERSONA:None]
risky_ps_safe_conditional_ix,PS,61,6,1,65,target_post_switch,target_favoring,True,neutral,repair_all,repair_all,FFDDD,FDDDD,"F/F,F/D,D/D,D/D,D/D","general_stage1_intake,general_stage2_core,barrier_stage3_gate,general_stage4_repair,target_stage5_verify","general_shared,general_shared,private_barrier,general_shared,target_specialist",00100,2,1,1,1,0,3,4,0.8,deep,deep,agent_deep__task_deep,0.0,4.137025,0.0716,4.2086250000000005,True,True,True,0,,,41816.0,stage1_n1__from__root__c01 > stage2_n2__from__n0001__c02 > stage3_n5__from__n0007__c04 > stage4_n2__from__n0028__c01 > stage5_n1__from__n0083__c01,[mms_issue]airplane_mode_on|bad_network_preference|bad_wifi_calling|break_apn_mms_setting|break_app_sms_permission|data_mode_off|unseat_sim_card|user_abroad_roaming_enabled_off[PERSONA:None]
risky_ps_safe_conditional_ix,PS,62,6,2,11,target_post_switch,target_favoring,True,target_safe_specialist_good,repair_subset,repair_all,DDDDD,FDDDD,"D/F,D/D,D/D,D/D,D/D","general_stage1_verify,target_stage2_router,target_stage3_apn,target_stage4_repair,target_stage5_decision","general_shared,target_specialist,target_specialist,target_specialist,target_specialist",00000,0,1,0,0,1,4,4,0.8,deep,deep,agent_deep__task_deep,6.0,5.917725,0.0772,11.994925,False,False,True,0,,,61368.0,stage1_n2__from__root__c02 > stage2_n1__from__n0002__c01 > stage3_n1__from__n0009__c01 > stage4_n1__from__n0032__c01 > stage5_n2__from__n0097__c02,[mms_issue]airplane_mode_on|bad_network_preference|bad_wifi_calling|break_apn_mms_setting|break_app_storage_permission|data_mode_off|data_usage_exceeded|unseat_sim_card|user_abroad_roaming_disabled_on[PERSONA:Easy]
risky_ps_safe_conditional_ix,PS,63,6,3,17,target_post_switch,target_favoring,True,trap_like_bad,repair_subset,repair_all,FDDDD,FDDDD,"F/F,D/D,D/D,D/D,D/D","trap_stage1_intake,barrier_stage2_gate,barrier_stage3_gate,barrier_stage4_gate,barrier_stage5_transfer","trap_lane,private_barrier,private_barrier,private_barrier,private_barrier",01111,1,1,1,0,0,4,5,1.0,deep,deep,agent_deep__task_deep,3.5,5.289125,0.07940000000000001,8.868525,False,False,True,0,,,57035.0,stage1_n4__from__root__c04 > stage2_n5__from__n0004__c05 > stage3_n5__from__n0019__c03 > stage4_n5__from__n0064__c04 > stage5_n5__from__n0185__c03,[mms_issue]airplane_mode_on|bad_network_preference|bad_wifi_calling|break_apn_mms_setting|break_app_storage_permission|data_mode_off|data_usage_exceeded|unseat_sim_card|user_abroad_roaming_enabled_off[PERSONA:Easy]
risky_ps_safe_conditional_ix,PS,64,6,4,67,target_post_switch,target_favoring,False,neutral,transfer,transfer,DFDDD,FDDDD,"D/F,F/D,D/D,D/D,D/D","target_stage1_handoff,trap_stage2_router,general_stage3_network,general_stage4_repair,target_stage5_verify","general_shared,trap_lane,general_shared,general_shared,target_specialist",00000,1,1,0,1,1,3,3,0.6,deep,deep,agent_deep__task_deep,3.0,5.302055,0.0682,8.370255,False,False,False,1,,,53094.0,stage1_n3__from__root__c03 > stage2_n3__from__n0003__c03 > stage3_n3__from__n0014__c01 > stage4_n2__from__n0047__c01 > stage5_n1__from__n0133__c01,[mms_issue]airplane_mode_on|break_apn_mms_setting|break_app_both_permissions|user_abroad_roaming_disabled_off[PERSONA:None]
risky_ps_safe_conditional_ix,PS,65,6,5,35,target_post_switch,target_favoring,True,target_safe_specialist_good,repair_subset,repair_subset,DDDDD,FDDDD,"D/F,D/D,D/D,D/D,D/D","general_stage1_verify,target_stage2_router,target_stage3_roaming,target_stage4_repair,target_stage5_verify","general_shared,target_specialist,target_specialist,target_specialist,target_specialist",00000,0,1,0,0,1,4,4,0.8,deep,deep,agent_deep__task_deep,11.0,5.585155,0.0748,16.659955,False,False,True,0,,,58732.0,stage1_n2__from__root__c02 > stage2_n1__from__n0002__c01 > stage3_n2__from__n0009__c02 > stage4_n1__from__n0033__c01 > stage5_n1__from__n0098__c01,[mms_issue]airplane_mode_on|bad_network_preference|bad_wifi_calling|break_apn_mms_setting|break_app_both_permissions|data_mode_off|data_usage_exceeded|unseat_sim_card|user_abroad_roaming_disabled_on[PERSONA:Hard]
risky_ps_safe_conditional_ix,PS,66,6,6,51,target_post_switch,target_favoring,True,neutral,repair_subset,repair_subset,DFDDD,FDDDD,"D/F,F/D,D/D,D/D,D/D","target_stage1_handoff,trap_stage2_router,general_stage3_network,general_stage4_verify,target_stage5_decision","general_shared,trap_lane,general_shared,general_shared,target_specialist",00000,1,1,0,1,1,3,3,0.6,deep,deep,agent_deep__task_deep,13.0,5.907485,0.0679,18.975385,False,False,False,1,,,59975.0,stage1_n3__from__root__c03 > stage2_n3__from__n0003__c03 > stage3_n3__from__n0014__c01 > stage4_n3__from__n0047__c02 > stage5_n2__from__n0134__c02,[mms_issue]airplane_mode_on|bad_network_preference|bad_wifi_calling|break_apn_mms_setting|break_app_both_permissions|data_mode_off|data_usage_exceeded|unseat_sim_card|user_abroad_roaming_enabled_off[PERSONA:Hard]
risky_ps_safe_conditional_ix,PS,67,6,7,45,target_post_switch,target_favoring,True,neutral,repair_all,repair_subset,DFDDD,FDDDD,"D/F,F/D,D/D,D/D,D/D","target_stage1_handoff,general_stage2_core,barrier_stage3_gate,general_stage4_repair,target_stage5_decision","general_shared,general_shared,private_barrier,general_shared,target_specialist",00100,1,1,0,1,1,3,3,0.6,deep,deep,agent_deep__task_deep,11.0,5.871705,0.0698,16.941505,False,False,True,0,,,59807.0,stage1_n3__from__root__c03 > stage2_n2__from__n0003__c02 > stage3_n5__from__n0013__c04 > stage4_n2__from__n0046__c01 > stage5_n2__from__n0129__c02,[mms_issue]airplane_mode_on|bad_network_preference|bad_wifi_calling|break_apn_mms_setting|break_app_both_permissions|data_mode_off|unseat_sim_card|user_abroad_roaming_enabled_off[PERSONA:Hard]
risky_ps_safe_conditional_ix,PS,68,6,8,40,target_post_switch,target_favoring,True,neutral,repair_subset,transfer,FFFDF,FDDDD,"F/F,F/D,F/D,D/D,F/D","barrier_stage1_gate,trap_stage2_router,trap_stage3_network,general_stage4_verify,trap_stage5_terminal","private_barrier,trap_lane,trap_lane,general_shared,trap_lane",10000,4,1,1,3,0,1,2,0.4,fast,deep,agent_fast__task_deep,19.5,4.83157,0.0621,24.39367,False,False,False,1,,,40129.0,stage1_n5__from__root__c05 > stage2_n3__from__n0005__c01 > stage3_n4__from__n0020__c02 > stage4_n3__from__n0066__c02 > stage5_n4__from__n0189__c04,[mms_issue]airplane_mode_on|bad_network_preference|bad_wifi_calling|break_apn_mms_setting|break_app_sms_permission|data_mode_off|data_usage_exceeded|unseat_sim_card|user_abroad_roaming_disabled_on[PERSONA:None]
risky_ps_safe_conditional_ix,PS,69,6,9,46,target_post_switch,target_favoring,True,neutral,repair_subset,transfer,DFDDD,FDDDD,"D/F,F/D,D/D,D/D,D/D","target_stage1_handoff,trap_stage2_router,general_stage3_network,general_stage4_verify,general_stage5_verify","general_shared,trap_lane,general_shared,general_shared,general_shared",00000,1,1,0,1,1,3,3,0.6,deep,deep,agent_deep__task_deep,21.5,5.124875,0.0661,26.690974999999998,False,False,False,1,,,50461.0,stage1_n3__from__root__c03 > stage2_n3__from__n0003__c03 > stage3_n3__from__n0014__c01 > stage4_n3__from__n0047__c02 > stage5_n3__from__n0134__c03,[mms_issue]airplane_mode_on|bad_network_preference|bad_wifi_calling|break_apn_mms_setting|break_app_sms_permission|data_mode_off|data_usage_exceeded|unseat_sim_card|user_abroad_roaming_enabled_off[PERSONA:None]
risky_ps_safe_conditional_ix,PS,70,7,0,16,target_post_switch,target_favoring,True,target_decoy_medium,repair_subset,repair_subset,DFFFD,FDDDD,"D/F,F/D,F/D,F/D,D/D","general_stage1_verify,trap_stage2_router,trap_stage3_network,trap_stage4_execute,barrier_stage5_transfer","general_shared,trap_lane,trap_lane,trap_lane,private_barrier",00001,3,1,0,3,1,1,1,0.2,fast,deep,agent_fast__task_deep,5.0,5.473055,0.064,10.537054999999999,False,False,False,1,,,43282.0,stage1_n2__from__root__c02 > stage2_n3__from__n0002__c03 > stage3_n4__from__n0011__c02 > stage4_n4__from__n0039__c03 > stage5_n5__from__n0114__c04,[mms_issue]airplane_mode_on|bad_network_preference|bad_wifi_calling|break_apn_mms_setting|break_app_sms_permission|data_mode_off|data_usage_exceeded|user_abroad_roaming_disabled_on[PERSONA:None]
risky_ps_safe_conditional_ix,PS,71,7,1,65,target_post_switch,target_favoring,True,trap_like_bad,repair_all,transfer,FDFDD,FDDDD,"F/F,D/D,F/D,D/D,D/D","trap_stage1_intake,general_stage2_roaming,trap_stage3_network,general_stage4_verify,general_stage5_verify","trap_lane,general_shared,trap_lane,general_shared,general_shared",00000,2,1,1,1,0,3,4,0.8,deep,deep,agent_deep__task_deep,18.5,5.720365,0.0631,24.283465,False,False,True,0,,,58930.0,stage1_n4__from__root__c04 > stage2_n4__from__n0004__c04 > stage3_n4__from__n0018__c02 > stage4_n3__from__n0060__c02 > stage5_n3__from__n0169__c03,[mms_issue]airplane_mode_on|bad_network_preference|bad_wifi_calling|break_apn_mms_setting|break_app_sms_permission|data_mode_off|unseat_sim_card|user_abroad_roaming_enabled_off[PERSONA:None]
risky_ps_safe_conditional_ix,PS,72,7,2,11,target_post_switch,target_favoring,True,target_safe_specialist_good,repair_subset,transfer,DFDDD,FDDDD,"D/F,F/D,D/D,D/D,D/D","target_stage1_handoff,general_stage2_core,target_stage3_roaming,target_stage4_repair,target_stage5_decision","general_shared,general_shared,target_specialist,target_specialist,target_specialist",00000,1,1,0,1,1,3,3,0.6,deep,deep,agent_deep__task_deep,19.5,5.138015,0.0758,24.713815,False,False,False,1,,,50562.0,stage1_n3__from__root__c03 > stage2_n2__from__n0003__c02 > stage3_n2__from__n0013__c01 > stage4_n1__from__n0043__c01 > stage5_n2__from__n0122__c02,[mms_issue]airplane_mode_on|bad_network_preference|bad_wifi_calling|break_apn_mms_setting|break_app_storage_permission|data_mode_off|data_usage_exceeded|unseat_sim_card|user_abroad_roaming_disabled_on[PERSONA:Easy]
risky_ps_safe_conditional_ix,PS,73,7,3,17,target_post_switch,target_favoring,True,neutral,repair_subset,repair_subset,FDDDD,FDDDD,"F/F,D/D,D/D,D/D,D/D","barrier_stage1_gate,general_stage2_roaming,general_stage3_network,general_stage4_verify,target_stage5_verify","private_barrier,general_shared,general_shared,general_shared,target_specialist",10000,1,1,1,0,0,4,5,1.0,deep,deep,agent_deep__task_deep,2.0,4.52149,0.07330000000000002,6.59479,True,True,False,1,,,48103.0,stage1_n5__from__root__c05 > stage2_n4__from__n0005__c02 > stage3_n3__from__n0021__c01 > stage4_n3__from__n0068__c02 > stage5_n1__from__n0197__c01,[mms_issue]airplane_mode_on|bad_network_preference|bad_wifi_calling|break_apn_mms_setting|break_app_storage_permission|data_mode_off|data_usage_exceeded|unseat_sim_card|user_abroad_roaming_enabled_off[PERSONA:Easy]
risky_ps_safe_conditional_ix,PS,74,7,4,67,target_post_switch,target_favoring,False,target_decoy_medium,transfer,transfer,DFFFD,FDDDD,"D/F,F/D,F/D,F/D,D/D","target_stage1_handoff,trap_stage2_router,trap_stage3_network,trap_stage4_execute,barrier_stage5_transfer","general_shared,trap_lane,trap_lane,trap_lane,private_barrier",00001,3,1,0,3,1,1,1,0.2,fast,deep,agent_fast__task_deep,3.0,5.710025,0.0631,8.773125,False,False,False,1,,,47428.0,stage1_n3__from__root__c03 > stage2_n3__from__n0003__c03 > stage3_n4__from__n0014__c02 > stage4_n4__from__n0048__c03 > stage5_n5__from__n0137__c04,[mms_issue]airplane_mode_on|break_apn_mms_setting|break_app_both_permissions|user_abroad_roaming_disabled_off[PERSONA:None]
risky_ps_safe_conditional_ix,PS,75,7,5,35,target_post_switch,target_favoring,True,target_decoy_medium,repair_subset,repair_subset,DFFDD,FDDDD,"D/F,F/D,F/D,D/D,D/D","target_stage1_handoff,trap_stage2_router,trap_stage3_network,barrier_stage4_gate,barrier_stage5_transfer","general_shared,trap_lane,trap_lane,private_barrier,private_barrier",00011,2,1,0,2,1,2,2,0.4,deep,deep,agent_deep__task_deep,11.0,7.1325,0.073,18.2055,False,False,False,1,,,70293.0,stage1_n3__from__root__c03 > stage2_n3__from__n0003__c03 > stage3_n4__from__n0014__c02 > stage4_n5__from__n0048__c04 > stage5_n5__from__n0138__c03,[mms_issue]airplane_mode_on|bad_network_preference|bad_wifi_calling|break_apn_mms_setting|break_app_both_permissions|data_mode_off|data_usage_exceeded|unseat_sim_card|user_abroad_roaming_disabled_on[PERSONA:Hard]
risky_ps_safe_conditional_ix,PS,76,7,6,51,target_post_switch,target_favoring,True,trap_like_bad,repair_subset,repair_subset,FFDDD,FDDDD,"F/F,F/D,D/D,D/D,D/D","trap_stage1_intake,trap_stage2_router,general_stage3_network,general_stage4_verify,target_stage5_verify","trap_lane,trap_lane,general_shared,general_shared,target_specialist",00000,2,1,1,1,0,3,4,0.8,deep,deep,agent_deep__task_deep,13.0,5.293895,0.0621,18.355995,False,False,False,1,,,55751.0,stage1_n4__from__root__c04 > stage2_n3__from__n0004__c03 > stage3_n3__from__n0017__c01 > stage4_n3__from__n0056__c02 > stage5_n1__from__n0157__c01,[mms_issue]airplane_mode_on|bad_network_preference|bad_wifi_calling|break_apn_mms_setting|break_app_both_permissions|data_mode_off|data_usage_exceeded|unseat_sim_card|user_abroad_roaming_enabled_off[PERSONA:Hard]
risky_ps_safe_conditional_ix,PS,77,7,7,45,target_post_switch,target_favoring,True,neutral,repair_all,repair_subset,FDFDD,FDDDD,"F/F,D/D,F/D,D/D,D/D","barrier_stage1_gate,barrier_stage2_gate,trap_stage3_network,general_stage4_repair,target_stage5_decision","private_barrier,private_barrier,trap_lane,general_shared,target_specialist",11000,2,1,1,1,0,3,4,0.8,deep,deep,agent_deep__task_deep,11.0,5.84754,0.07390000000000001,16.92144,False,False,True,0,,,60320.0,stage1_n5__from__root__c05 > stage2_n5__from__n0005__c03 > stage3_n4__from__n0022__c02 > stage4_n2__from__n0072__c01 > stage5_n2__from__n0208__c02,[mms_issue]airplane_mode_on|bad_network_preference|bad_wifi_calling|break_apn_mms_setting|break_app_both_permissions|data_mode_off|unseat_sim_card|user_abroad_roaming_enabled_off[PERSONA:Hard]
risky_ps_safe_conditional_ix,PS,78,7,8,40,target_post_switch,target_favoring,True,neutral,repair_subset,transfer,FDDDD,FDDDD,"F/F,D/D,D/D,D/D,D/D","barrier_stage1_gate,barrier_stage2_gate,general_stage3_network,general_stage4_repair,target_stage5_decision","private_barrier,private_barrier,general_shared,general_shared,target_specialist",11000,1,1,1,0,0,4,5,1.0,deep,deep,agent_deep__task_deep,18.5,4.921415,0.0777,23.499115,False,False,False,1,,,52853.0,stage1_n5__from__root__c05 > stage2_n5__from__n0005__c03 > stage3_n3__from__n0022__c01 > stage4_n2__from__n0071__c01 > stage5_n2__from__n0206__c02,[mms_issue]airplane_mode_on|bad_network_preference|bad_wifi_calling|break_apn_mms_setting|break_app_sms_permission|data_mode_off|data_usage_exceeded|unseat_sim_card|user_abroad_roaming_disabled_on[PERSONA:None]
risky_ps_safe_conditional_ix,PS,79,7,9,46,target_post_switch,target_favoring,True,trap_like_bad,repair_subset,repair_subset,FFDDD,FDDDD,"F/F,F/D,D/D,D/D,D/D","trap_stage1_intake,trap_stage2_router,barrier_stage3_gate,general_stage4_verify,target_stage5_decision","trap_lane,trap_lane,private_barrier,general_shared,target_specialist",00100,2,1,1,1,0,3,4,0.8,deep,deep,agent_deep__task_deep,15.0,6.002,0.0676,21.0696,False,False,False,1,,,64375.0,stage1_n4__from__root__c04 > stage2_n3__from__n0004__c03 > stage3_n5__from__n0017__c03 > stage4_n3__from__n0058__c02 > stage5_n2__from__n0163__c02,[mms_issue]airplane_mode_on|bad_network_preference|bad_wifi_calling|break_apn_mms_setting|break_app_sms_permission|data_mode_off|data_usage_exceeded|unseat_sim_card|user_abroad_roaming_enabled_off[PERSONA:None]
risky_ps_safe_conditional_ix,PS,80,8,0,16,target_post_switch,target_favoring,True,target_decoy_medium,repair_subset,repair_subset,FFFFD,FDDDD,"F/F,F/D,F/D,F/D,D/D","general_stage1_intake,trap_stage2_router,trap_stage3_network,trap_stage4_execute,barrier_stage5_transfer","general_shared,trap_lane,trap_lane,trap_lane,private_barrier",00001,4,1,1,3,0,1,2,0.4,fast,deep,agent_fast__task_deep,11.5,5.28623,0.0639,16.85013,False,False,False,1,,,44075.0,stage1_n1__from__root__c01 > stage2_n3__from__n0001__c03 > stage3_n4__from__n0008__c02 > stage4_n4__from__n0030__c03 > stage5_n5__from__n0091__c04,[mms_issue]airplane_mode_on|bad_network_preference|bad_wifi_calling|break_apn_mms_setting|break_app_sms_permission|data_mode_off|data_usage_exceeded|user_abroad_roaming_disabled_on[PERSONA:None]
risky_ps_safe_conditional_ix,PS,81,8,1,65,target_post_switch,target_favoring,True,trap_like_bad,repair_all,transfer,FFDDD,FDDDD,"F/F,F/D,D/D,D/D,D/D","trap_stage1_intake,trap_stage2_router,general_stage3_network,general_stage4_repair,target_stage5_decision","trap_lane,trap_lane,general_shared,general_shared,target_specialist",00000,2,1,1,1,0,3,4,0.8,deep,deep,agent_deep__task_deep,18.5,5.236075,0.061700000000000005,23.797774999999998,False,False,True,0,,,54515.0,stage1_n4__from__root__c04 > stage2_n3__from__n0004__c03 > stage3_n3__from__n0017__c01 > stage4_n2__from__n0056__c01 > stage5_n2__from__n0156__c02,[mms_issue]airplane_mode_on|bad_network_preference|bad_wifi_calling|break_apn_mms_setting|break_app_sms_permission|data_mode_off|unseat_sim_card|user_abroad_roaming_enabled_off[PERSONA:None]
risky_ps_safe_conditional_ix,PS,82,8,2,11,target_post_switch,target_favoring,True,target_decoy_medium,repair_subset,transfer,FFFDF,FDDDD,"F/F,F/D,F/D,D/D,F/D","general_stage1_intake,trap_stage2_router,trap_stage3_network,barrier_stage4_gate,trap_stage5_terminal","general_shared,trap_lane,trap_lane,private_barrier,trap_lane",00010,4,1,1,3,0,1,2,0.4,fast,deep,agent_fast__task_deep,19.5,4.88868,0.06280000000000001,24.45148,False,False,False,1,,,40208.0,stage1_n1__from__root__c01 > stage2_n3__from__n0001__c03 > stage3_n4__from__n0008__c02 > stage4_n5__from__n0030__c04 > stage5_n4__from__n0092__c02,[mms_issue]airplane_mode_on|bad_network_preference|bad_wifi_calling|break_apn_mms_setting|break_app_storage_permission|data_mode_off|data_usage_exceeded|unseat_sim_card|user_abroad_roaming_disabled_on[PERSONA:Easy]
risky_ps_safe_conditional_ix,PS,83,8,3,17,target_post_switch,target_favoring,True,trap_like_bad,repair_subset,repair_subset,FFFFD,FDDDD,"F/F,F/D,F/D,F/D,D/D","trap_stage1_intake,general_stage2_core,trap_stage3_network,trap_stage4_execute,barrier_stage5_transfer","trap_lane,general_shared,trap_lane,trap_lane,private_barrier",00001,4,1,1,3,0,1,2,0.4,fast,deep,agent_fast__task_deep,9.0,5.483985,0.0618,14.545784999999999,False,False,False,1,,,45836.0,stage1_n4__from__root__c04 > stage2_n2__from__n0004__c02 > stage3_n4__from__n0016__c03 > stage4_n4__from__n0054__c03 > stage5_n5__from__n0150__c04,[mms_issue]airplane_mode_on|bad_network_preference|bad_wifi_calling|break_apn_mms_setting|break_app_storage_permission|data_mode_off|data_usage_exceeded|unseat_sim_card|user_abroad_roaming_enabled_off[PERSONA:Easy]
risky_ps_safe_conditional_ix,PS,84,8,4,67,target_post_switch,target_favoring,False,neutral,transfer,transfer,FDDFD,FDDDD,"F/F,D/D,D/D,F/D,D/D","barrier_stage1_gate,general_stage2_roaming,barrier_stage3_gate,trap_stage4_execute,target_stage5_verify","private_barrier,general_shared,private_barrier,trap_lane,target_specialist",10100,2,1,1,1,0,3,4,0.8,deep,deep,agent_deep__task_deep,3.0,4.93438,0.0729,8.00728,False,False,False,1,,,45939.0,stage1_n5__from__root__c05 > stage2_n4__from__n0005__c02 > stage3_n5__from__n0021__c03 > stage4_n4__from__n0070__c03 > stage5_n1__from__n0204__c01,[mms_issue]airplane_mode_on|break_apn_mms_setting|break_app_both_permissions|user_abroad_roaming_disabled_off[PERSONA:None]
risky_ps_safe_conditional_ix,PS,85,8,5,35,target_post_switch,target_favoring,True,trap_like_bad,repair_subset,repair_subset,FFDDF,FDDDD,"F/F,F/D,D/D,D/D,F/D","trap_stage1_intake,trap_stage2_router,barrier_stage3_gate,barrier_stage4_gate,trap_stage5_terminal","trap_lane,trap_lane,private_barrier,private_barrier,trap_lane",00110,3,1,1,2,0,2,3,0.6,fast,deep,agent_fast__task_deep,3.0,4.876515,0.06620000000000001,7.942715,False,False,False,1,,,42052.0,stage1_n4__from__root__c04 > stage2_n3__from__n0004__c03 > stage3_n5__from__n0017__c03 > stage4_n5__from__n0058__c04 > stage5_n4__from__n0165__c02,[mms_issue]airplane_mode_on|bad_network_preference|bad_wifi_calling|break_apn_mms_setting|break_app_both_permissions|data_mode_off|data_usage_exceeded|unseat_sim_card|user_abroad_roaming_disabled_on[PERSONA:Hard]
risky_ps_safe_conditional_ix,PS,86,8,6,51,target_post_switch,target_favoring,True,neutral,repair_subset,repair_subset,FFDDD,FDDDD,"F/F,F/D,D/D,D/D,D/D","barrier_stage1_gate,trap_stage2_router,barrier_stage3_gate,general_stage4_repair,target_stage5_verify","private_barrier,trap_lane,private_barrier,general_shared,target_specialist",10100,2,1,1,1,0,3,4,0.8,deep,deep,agent_deep__task_deep,13.0,5.293895,0.0722,18.366095,False,False,False,1,,,55751.0,stage1_n5__from__root__c05 > stage2_n3__from__n0005__c01 > stage3_n5__from__n0020__c03 > stage4_n2__from__n0067__c01 > stage5_n1__from__n0192__c01,[mms_issue]airplane_mode_on|bad_network_preference|bad_wifi_calling|break_apn_mms_setting|break_app_both_permissions|data_mode_off|data_usage_exceeded|unseat_sim_card|user_abroad_roaming_enabled_off[PERSONA:Hard]
risky_ps_safe_conditional_ix,PS,87,8,7,45,target_post_switch,target_favoring,True,target_safe_specialist_good,repair_all,repair_all,DFDDD,FDDDD,"D/F,F/D,D/D,D/D,D/D","target_stage1_handoff,general_stage2_core,target_stage3_roaming,target_stage4_repair,target_stage5_decision","general_shared,general_shared,target_specialist,target_specialist,target_specialist",00000,1,1,0,1,1,3,3,0.6,deep,deep,agent_deep__task_deep,0.0,5.374795,0.0758,5.450595,True,True,True,0,,,53052.0,stage1_n3__from__root__c03 > stage2_n2__from__n0003__c02 > stage3_n2__from__n0013__c01 > stage4_n1__from__n0043__c01 > stage5_n2__from__n0122__c02,[mms_issue]airplane_mode_on|bad_network_preference|bad_wifi_calling|break_apn_mms_setting|break_app_both_permissions|data_mode_off|unseat_sim_card|user_abroad_roaming_enabled_off[PERSONA:Hard]
risky_ps_safe_conditional_ix,PS,88,8,8,40,target_post_switch,target_favoring,True,target_safe_specialist_good,repair_subset,repair_subset,DDDDD,FDDDD,"D/F,D/D,D/D,D/D,D/D","target_stage1_handoff,target_stage2_router,target_stage3_roaming,target_stage4_repair,target_stage5_verify","general_shared,target_specialist,target_specialist,target_specialist,target_specialist",00000,0,1,0,0,1,4,4,0.8,deep,deep,agent_deep__task_deep,2.0,5.12243,0.07750000000000001,7.19993,True,True,False,1,,,52214.0,stage1_n3__from__root__c03 > stage2_n1__from__n0003__c01 > stage3_n2__from__n0012__c02 > stage4_n1__from__n0042__c01 > stage5_n1__from__n0121__c01,[mms_issue]airplane_mode_on|bad_network_preference|bad_wifi_calling|break_apn_mms_setting|break_app_sms_permission|data_mode_off|data_usage_exceeded|unseat_sim_card|user_abroad_roaming_disabled_on[PERSONA:None]
risky_ps_safe_conditional_ix,PS,89,8,9,46,target_post_switch,target_favoring,True,neutral,repair_subset,repair_subset,FFDDD,FDDDD,"F/F,F/D,D/D,D/D,D/D","general_stage1_intake,trap_stage2_router,general_stage3_network,general_stage4_repair,target_stage5_verify","general_shared,trap_lane,general_shared,general_shared,target_specialist",00000,2,1,1,1,0,3,4,0.8,deep,deep,agent_deep__task_deep,13.0,5.29803,0.0661,18.36413,False,False,False,1,,,56003.0,stage1_n1__from__root__c01 > stage2_n3__from__n0001__c03 > stage3_n3__from__n0008__c01 > stage4_n2__from__n0029__c01 > stage5_n1__from__n0087__c01,[mms_issue]airplane_mode_on|bad_network_preference|bad_wifi_calling|break_apn_mms_setting|break_app_sms_permission|data_mode_off|data_usage_exceeded|unseat_sim_card|user_abroad_roaming_enabled_off[PERSONA:None]
risky_ps_safe_conditional_ix,PS,90,9,0,16,target_post_switch,target_favoring,True,neutral,repair_subset,repair_subset,DFFFD,FDDDD,"D/F,F/D,F/D,F/D,D/D","target_stage1_handoff,trap_stage2_router,trap_stage3_network,trap_stage4_execute,target_stage5_verify","general_shared,trap_lane,trap_lane,trap_lane,target_specialist",00000,3,1,0,3,1,1,1,0.2,fast,deep,agent_fast__task_deep,5.0,5.442455,0.0611,10.503554999999999,False,False,False,1,,,43186.0,stage1_n3__from__root__c03 > stage2_n3__from__n0003__c03 > stage3_n4__from__n0014__c02 > stage4_n4__from__n0048__c03 > stage5_n1__from__n0137__c01,[mms_issue]airplane_mode_on|bad_network_preference|bad_wifi_calling|break_apn_mms_setting|break_app_sms_permission|data_mode_off|data_usage_exceeded|user_abroad_roaming_disabled_on[PERSONA:None]
risky_ps_safe_conditional_ix,PS,91,9,1,65,target_post_switch,target_favoring,True,neutral,repair_all,transfer,DFFDD,FDDDD,"D/F,F/D,F/D,D/D,D/D","target_stage1_handoff,trap_stage2_router,trap_stage3_network,general_stage4_verify,general_stage5_verify","general_shared,trap_lane,trap_lane,general_shared,general_shared",00000,2,1,0,2,1,2,2,0.4,deep,deep,agent_deep__task_deep,18.5,5.36243,0.06420000000000001,23.92663,False,False,True,0,,,50199.0,stage1_n3__from__root__c03 > stage2_n3__from__n0003__c03 > stage3_n4__from__n0014__c02 > stage4_n3__from__n0048__c02 > stage5_n3__from__n0136__c03,[mms_issue]airplane_mode_on|bad_network_preference|bad_wifi_calling|break_apn_mms_setting|break_app_sms_permission|data_mode_off|unseat_sim_card|user_abroad_roaming_enabled_off[PERSONA:None]
risky_ps_safe_conditional_ix,PS,92,9,2,11,target_post_switch,target_favoring,True,neutral,repair_subset,transfer,DFFDF,FDDDD,"D/F,F/D,F/D,D/D,F/D","target_stage1_handoff,trap_stage2_router,trap_stage3_network,general_stage4_verify,trap_stage5_terminal","general_shared,trap_lane,trap_lane,general_shared,trap_lane",00000,3,1,0,3,1,1,1,0.2,fast,deep,agent_fast__task_deep,19.5,5.50708,0.061,25.068080000000002,False,False,False,1,,,44435.0,stage1_n3__from__root__c03 > stage2_n3__from__n0003__c03 > stage3_n4__from__n0014__c02 > stage4_n3__from__n0048__c02 > stage5_n4__from__n0136__c04,[mms_issue]airplane_mode_on|bad_network_preference|bad_wifi_calling|break_apn_mms_setting|break_app_storage_permission|data_mode_off|data_usage_exceeded|unseat_sim_card|user_abroad_roaming_disabled_on[PERSONA:Easy]
risky_ps_safe_conditional_ix,PS,93,9,3,17,target_post_switch,target_favoring,True,trap_like_bad,repair_subset,repair_subset,FDDDD,FDDDD,"F/F,D/D,D/D,D/D,D/D","trap_stage1_intake,target_stage2_router,target_stage3_roaming,target_stage4_repair,target_stage5_decision","trap_lane,target_specialist,target_specialist,target_specialist,target_specialist",00000,1,1,1,0,0,4,5,1.0,deep,deep,agent_deep__task_deep,2.0,5.271615,0.0752,7.346814999999999,True,True,False,1,,,56919.0,stage1_n4__from__root__c04 > stage2_n1__from__n0004__c01 > stage3_n2__from__n0015__c02 > stage4_n1__from__n0051__c01 > stage5_n2__from__n0144__c02,[mms_issue]airplane_mode_on|bad_network_preference|bad_wifi_calling|break_apn_mms_setting|break_app_storage_permission|data_mode_off|data_usage_exceeded|unseat_sim_card|user_abroad_roaming_enabled_off[PERSONA:Easy]
risky_ps_safe_conditional_ix,PS,94,9,4,67,target_post_switch,target_favoring,False,trap_like_bad,transfer,transfer,FFDFF,FDDDD,"F/F,F/D,D/D,F/D,F/D","trap_stage1_intake,general_stage2_core,barrier_stage3_gate,trap_stage4_execute,trap_stage5_terminal","trap_lane,general_shared,private_barrier,trap_lane,trap_lane",00100,4,1,1,3,0,1,2,0.4,fast,deep,agent_fast__task_deep,3.0,4.958925,0.0623,8.021225,False,False,False,1,,,37269.0,stage1_n4__from__root__c04 > stage2_n2__from__n0004__c02 > stage3_n5__from__n0016__c04 > stage4_n4__from__n0055__c03 > stage5_n4__from__n0154__c03,[mms_issue]airplane_mode_on|break_apn_mms_setting|break_app_both_permissions|user_abroad_roaming_disabled_off[PERSONA:None]
risky_ps_safe_conditional_ix,PS,95,9,5,35,target_post_switch,target_favoring,True,trap_like_bad,repair_subset,repair_subset,FFFDD,FDDDD,"F/F,F/D,F/D,D/D,D/D","trap_stage1_intake,general_stage2_core,trap_stage3_network,general_stage4_repair,target_stage5_verify","trap_lane,general_shared,trap_lane,general_shared,target_specialist",00000,3,1,1,2,0,2,3,0.6,fast,deep,agent_fast__task_deep,3.0,4.993585,0.06480000000000001,8.058385000000001,False,False,False,1,,,48421.0,stage1_n4__from__root__c04 > stage2_n2__from__n0004__c02 > stage3_n4__from__n0016__c03 > stage4_n2__from__n0054__c01 > stage5_n1__from__n0148__c01,[mms_issue]airplane_mode_on|bad_network_preference|bad_wifi_calling|break_apn_mms_setting|break_app_both_permissions|data_mode_off|data_usage_exceeded|unseat_sim_card|user_abroad_roaming_disabled_on[PERSONA:Hard]
risky_ps_safe_conditional_ix,PS,96,9,6,51,target_post_switch,target_favoring,True,trap_like_bad,repair_subset,transfer,FFDDD,FDDDD,"F/F,F/D,D/D,D/D,D/D","trap_stage1_intake,general_stage2_core,barrier_stage3_gate,barrier_stage4_gate,target_stage5_decision","trap_lane,general_shared,private_barrier,private_barrier,target_specialist",00110,2,1,1,1,0,3,4,0.8,deep,deep,agent_deep__task_deep,21.5,5.174555,0.0747,26.749254999999998,False,False,False,1,,,55400.0,stage1_n4__from__root__c04 > stage2_n2__from__n0004__c02 > stage3_n5__from__n0016__c04 > stage4_n5__from__n0055__c04 > stage5_n2__from__n0155__c01,[mms_issue]airplane_mode_on|bad_network_preference|bad_wifi_calling|break_apn_mms_setting|break_app_both_permissions|data_mode_off|data_usage_exceeded|unseat_sim_card|user_abroad_roaming_enabled_off[PERSONA:Hard]
risky_ps_safe_conditional_ix,PS,97,9,7,45,target_post_switch,target_favoring,True,trap_like_bad,repair_all,transfer,FDDDD,FDDDD,"F/F,D/D,D/D,D/D,D/D","trap_stage1_intake,target_stage2_router,target_stage3_roaming,target_stage4_repair,target_stage5_decision","trap_lane,target_specialist,target_specialist,target_specialist,target_specialist",00000,1,1,1,0,0,4,5,1.0,deep,deep,agent_deep__task_deep,18.5,5.45581,0.0752,24.03101,False,False,True,0,,,59626.0,stage1_n4__from__root__c04 > stage2_n1__from__n0004__c01 > stage3_n2__from__n0015__c02 > stage4_n1__from__n0051__c01 > stage5_n2__from__n0144__c02,[mms_issue]airplane_mode_on|bad_network_preference|bad_wifi_calling|break_apn_mms_setting|break_app_both_permissions|data_mode_off|unseat_sim_card|user_abroad_roaming_enabled_off[PERSONA:Hard]
risky_ps_safe_conditional_ix,PS,98,9,8,40,target_post_switch,target_favoring,True,trap_like_bad,repair_subset,transfer,FFFDF,FDDDD,"F/F,F/D,F/D,D/D,F/D","trap_stage1_intake,trap_stage2_router,trap_stage3_network,barrier_stage4_gate,trap_stage5_terminal","trap_lane,trap_lane,trap_lane,private_barrier,trap_lane",00010,4,1,1,3,0,1,2,0.4,fast,deep,agent_fast__task_deep,19.5,4.88719,0.0606,24.44779,False,False,False,1,,,40232.0,stage1_n4__from__root__c04 > stage2_n3__from__n0004__c03 > stage3_n4__from__n0017__c02 > stage4_n5__from__n0057__c04 > stage5_n4__from__n0161__c02,[mms_issue]airplane_mode_on|bad_network_preference|bad_wifi_calling|break_apn_mms_setting|break_app_sms_permission|data_mode_off|data_usage_exceeded|unseat_sim_card|user_abroad_roaming_disabled_on[PERSONA:None]
risky_ps_safe_conditional_ix,PS,99,9,9,46,target_post_switch,target_favoring,True,neutral,repair_subset,transfer,FFFDD,FDDDD,"F/F,F/D,F/D,D/D,D/D","general_stage1_intake,trap_stage2_router,trap_stage3_network,general_stage4_repair,target_stage5_verify","general_shared,trap_lane,trap_lane,general_shared,target_specialist",00000,3,1,1,2,0,2,3,0.6,fast,deep,agent_fast__task_deep,21.5,5.52768,0.06480000000000001,27.092480000000002,False,False,False,1,,,54363.0,stage1_n1__from__root__c01 > stage2_n3__from__n0001__c03 > stage3_n4__from__n0008__c02 > stage4_n2__from__n0030__c01 > stage5_n1__from__n0089__c01,[mms_issue]airplane_mode_on|bad_network_preference|bad_wifi_calling|break_apn_mms_setting|break_app_sms_permission|data_mode_off|data_usage_exceeded|unseat_sim_card|user_abroad_roaming_enabled_off[PERSONA:None]
direct_multistage_exp3,baseline,0,0,0,19,trap_pre_switch,trap_favoring,False,neutral,repair_all,repair_all,FDFDD,FFFFF,"F/F,D/F,F/F,D/F,D/F","barrier_stage1_gate,barrier_stage2_gate,trap_stage3_network,general_stage4_verify,general_stage5_verify","private_barrier,private_barrier,trap_lane,general_shared,general_shared",11000,2,5,2,0,3,0,2,0.4,deep,fast,agent_deep__task_fast,1.5,5.390905,0.0709,6.961805,False,False,True,0,,,45625.0,stage1_n5__from__root__c05 > stage2_n5__from__n0005__c03 > stage3_n4__from__n0022__c02 > stage4_n3__from__n0072__c02 > stage5_n3__from__n0209__c03,[mms_issue]airplane_mode_on|bad_network_preference|break_app_sms_permission[PERSONA:Hard]
direct_multistage_exp3,baseline,1,0,1,13,trap_pre_switch,trap_favoring,False,neutral,repair_all,repair_all,DFDDD,FFFFF,"D/F,F/F,D/F,D/F,D/F","general_stage1_verify,trap_stage2_router,general_stage3_network,general_stage4_repair,target_stage5_decision","general_shared,trap_lane,general_shared,general_shared,target_specialist",00000,1,5,1,0,4,0,1,0.2,deep,fast,agent_deep__task_fast,0.0,4.575095,0.0669,4.6419950000000005,True,True,True,0,,,37400.0,stage1_n2__from__root__c02 > stage2_n3__from__n0002__c03 > stage3_n3__from__n0011__c01 > stage4_n2__from__n0038__c01 > stage5_n2__from__n0110__c02,[mms_issue]airplane_mode_on|bad_wifi_calling|break_app_sms_permission[PERSONA:None]
direct_multistage_exp3,baseline,2,0,2,7,trap_pre_switch,trap_favoring,False,neutral,repair_all,repair_all,FDDDD,FFFFF,"F/F,D/F,D/F,D/F,D/F","barrier_stage1_gate,general_stage2_roaming,general_stage3_network,general_stage4_verify,general_stage5_verify","private_barrier,general_shared,general_shared,general_shared,general_shared",10000,1,5,1,0,4,0,1,0.2,deep,fast,agent_deep__task_fast,0.0,4.70311,0.07020000000000001,4.7733099999999995,True,True,True,0,,,38017.0,stage1_n5__from__root__c05 > stage2_n4__from__n0005__c02 > stage3_n3__from__n0021__c01 > stage4_n3__from__n0068__c02 > stage5_n3__from__n0197__c03,[mms_issue]airplane_mode_on|bad_wifi_calling|break_app_storage_permission[PERSONA:Easy]
direct_multistage_exp3,baseline,3,0,3,25,trap_pre_switch,trap_favoring,False,neutral,repair_subset,repair_subset,DFDDD,FFFFF,"D/F,F/F,D/F,D/F,D/F","general_stage1_verify,trap_stage2_router,barrier_stage3_gate,barrier_stage4_gate,barrier_stage5_transfer","general_shared,trap_lane,private_barrier,private_barrier,private_barrier",00111,1,5,1,0,4,0,1,0.2,deep,fast,agent_deep__task_fast,4.0,4.51966,0.07840000000000001,8.59806,False,False,False,1,,,37543.0,stage1_n2__from__root__c02 > stage2_n3__from__n0002__c03 > stage3_n5__from__n0011__c03 > stage4_n5__from__n0040__c04 > stage5_n5__from__n0119__c03,[mms_issue]airplane_mode_on|break_app_both_permissions|data_usage_exceeded[PERSONA:Hard]
direct_multistage_exp3,baseline,4,0,4,36,trap_pre_switch,trap_favoring,False,neutral,repair_all,repair_all,DFDFD,FFFFF,"D/F,F/F,D/F,F/F,D/F","general_stage1_verify,general_stage2_core,barrier_stage3_gate,trap_stage4_execute,general_stage5_verify","general_shared,general_shared,private_barrier,trap_lane,general_shared",00100,2,5,2,0,3,0,2,0.4,deep,fast,agent_deep__task_fast,1.5,4.10971,0.066,5.67571,False,False,True,0,,,36577.0,stage1_n2__from__root__c02 > stage2_n2__from__n0002__c02 > stage3_n5__from__n0010__c04 > stage4_n4__from__n0037__c03 > stage5_n3__from__n0108__c02,[mms_issue]airplane_mode_on|break_app_storage_permission[PERSONA:Easy]
direct_multistage_exp3,baseline,5,0,5,18,trap_pre_switch,trap_favoring,False,neutral,repair_all,repair_all,FFFDD,FFFFF,"F/F,F/F,F/F,D/F,D/F","general_stage1_intake,general_stage2_core,trap_stage3_network,barrier_stage4_gate,barrier_stage5_transfer","general_shared,general_shared,trap_lane,private_barrier,private_barrier",00011,3,5,3,0,2,0,3,0.6,fast,fast,agent_fast__task_fast,1.5,3.47334,0.074,5.04734,False,False,True,0,,,31260.0,stage1_n1__from__root__c01 > stage2_n2__from__n0001__c02 > stage3_n4__from__n0007__c03 > stage4_n5__from__n0027__c04 > stage5_n5__from__n0082__c03,[mms_issue]bad_network_preference[PERSONA:None]
direct_multistage_exp3,baseline,6,0,6,24,trap_pre_switch,trap_favoring,False,neutral,repair_all,repair_all,DFDDD,FFFFF,"D/F,F/F,D/F,D/F,D/F","target_stage1_handoff,trap_stage2_router,general_stage3_network,general_stage4_verify,general_stage5_verify","general_shared,trap_lane,general_shared,general_shared,general_shared",00000,1,5,1,0,4,0,1,0.2,deep,fast,agent_deep__task_fast,1.5,4.52537,0.0661,6.091469999999999,False,False,True,0,,,37355.0,stage1_n3__from__root__c03 > stage2_n3__from__n0003__c03 > stage3_n3__from__n0014__c01 > stage4_n3__from__n0047__c02 > stage5_n3__from__n0134__c03,[mms_issue]bad_network_preference|break_app_storage_permission[PERSONA:None]
direct_multistage_exp3,baseline,7,0,7,23,trap_pre_switch,trap_favoring,False,neutral,repair_all,repair_all,FFFDD,FFFFF,"F/F,F/F,F/F,D/F,D/F","general_stage1_intake,trap_stage2_router,trap_stage3_network,barrier_stage4_gate,barrier_stage5_transfer","general_shared,trap_lane,trap_lane,private_barrier,private_barrier",00011,3,5,3,0,2,0,3,0.6,fast,fast,agent_fast__task_fast,0.0,7.02674,0.0712,7.09794,True,True,True,0,,,62276.0,stage1_n1__from__root__c01 > stage2_n3__from__n0001__c03 > stage3_n4__from__n0008__c02 > stage4_n5__from__n0030__c04 > stage5_n5__from__n0092__c03,[mms_issue]bad_wifi_calling[PERSONA:Easy]
direct_multistage_exp3,baseline,8,0,8,61,trap_pre_switch,trap_favoring,False,neutral,repair_all,repair_all,FFDDD,FFFFF,"F/F,F/F,D/F,D/F,D/F","general_stage1_intake,general_stage2_core,barrier_stage3_gate,general_stage4_repair,target_stage5_verify","general_shared,general_shared,private_barrier,general_shared,target_specialist",00100,2,5,2,0,3,0,2,0.4,deep,fast,agent_deep__task_fast,0.0,4.243125,0.0716,4.314725,True,True,True,0,,,35856.0,stage1_n1__from__root__c01 > stage2_n2__from__n0001__c02 > stage3_n5__from__n0007__c04 > stage4_n2__from__n0028__c01 > stage5_n1__from__n0083__c01,[mms_issue]bad_wifi_calling|break_app_storage_permission[PERSONA:Easy]
direct_multistage_exp3,baseline,9,0,9,0,trap_pre_switch,trap_favoring,False,neutral,repair_all,repair_all,FFFDD,FFFFF,"F/F,F/F,F/F,D/F,D/F","barrier_stage1_gate,trap_stage2_router,trap_stage3_network,general_stage4_repair,target_stage5_decision","private_barrier,trap_lane,trap_lane,general_shared,target_specialist",10000,3,5,3,0,2,0,3,0.6,fast,fast,agent_fast__task_fast,1.5,8.892515,0.0678,10.460315,False,False,True,0,,,77390.0,stage1_n5__from__root__c05 > stage2_n3__from__n0005__c01 > stage3_n4__from__n0020__c02 > stage4_n2__from__n0066__c01 > stage5_n2__from__n0188__c02,[mms_issue]break_app_both_permissions[PERSONA:Hard]
direct_multistage_exp3,baseline,10,1,0,19,trap_pre_switch,trap_favoring,False,trap_like_good,repair_all,repair_all,FFDDD,FFFFF,"F/F,F/F,D/F,D/F,D/F","trap_stage1_intake,trap_stage2_router,general_stage3_network,general_stage4_repair,target_stage5_decision","trap_lane,trap_lane,general_shared,general_shared,target_specialist",00000,2,5,2,0,3,0,2,0.4,deep,fast,agent_deep__task_fast,1.5,4.89768,0.061700000000000005,6.45938,False,False,True,0,,,41106.0,stage1_n4__from__root__c04 > stage2_n3__from__n0004__c03 > stage3_n3__from__n0017__c01 > stage4_n2__from__n0056__c01 > stage5_n2__from__n0156__c02,[mms_issue]airplane_mode_on|bad_network_preference|break_app_sms_permission[PERSONA:Hard]
direct_multistage_exp3,baseline,11,1,1,13,trap_pre_switch,trap_favoring,False,neutral,repair_all,repair_all,FFDFF,FFFFF,"F/F,F/F,D/F,F/F,F/F","barrier_stage1_gate,trap_stage2_router,barrier_stage3_gate,trap_stage4_execute,trap_stage5_terminal","private_barrier,trap_lane,private_barrier,trap_lane,trap_lane",10100,4,5,4,0,1,0,4,0.8,fast,fast,agent_fast__task_fast,0.0,3.219545,0.06520000000000001,3.284745,True,True,True,0,,,32441.0,stage1_n5__from__root__c05 > stage2_n3__from__n0005__c01 > stage3_n5__from__n0020__c03 > stage4_n4__from__n0067__c03 > stage5_n4__from__n0194__c03,[mms_issue]airplane_mode_on|bad_wifi_calling|break_app_sms_permission[PERSONA:None]
direct_multistage_exp3,baseline,12,1,2,7,trap_pre_switch,trap_favoring,False,trap_like_good,repair_all,repair_all,FFDFF,FFFFF,"F/F,F/F,D/F,F/F,F/F","trap_stage1_intake,trap_stage2_router,barrier_stage3_gate,trap_stage4_execute,trap_stage5_terminal","trap_lane,trap_lane,private_barrier,trap_lane,trap_lane",00100,4,5,4,0,1,0,4,0.8,fast,fast,agent_fast__task_fast,0.0,3.223855,0.0581,3.281955,True,True,True,0,,,32461.0,stage1_n4__from__root__c04 > stage2_n3__from__n0004__c03 > stage3_n5__from__n0017__c03 > stage4_n4__from__n0058__c03 > stage5_n4__from__n0164__c03,[mms_issue]airplane_mode_on|bad_wifi_calling|break_app_storage_permission[PERSONA:Easy]
direct_multistage_exp3,baseline,13,1,3,25,trap_pre_switch,trap_favoring,False,trap_safe_overcautious,repair_subset,repair_subset,DFDDD,FFFFF,"D/F,F/F,D/F,D/F,D/F","target_stage1_handoff,general_stage2_core,general_stage3_network,general_stage4_verify,target_stage5_decision","general_shared,general_shared,general_shared,general_shared,target_specialist",00000,1,5,1,0,4,0,1,0.2,deep,fast,agent_deep__task_fast,4.0,4.57647,0.0692,8.645669999999999,False,False,False,1,,,37665.0,stage1_n3__from__root__c03 > stage2_n2__from__n0003__c02 > stage3_n3__from__n0013__c02 > stage4_n3__from__n0044__c02 > stage5_n2__from__n0124__c02,[mms_issue]airplane_mode_on|break_app_both_permissions|data_usage_exceeded[PERSONA:Hard]
direct_multistage_exp3,baseline,14,1,4,36,trap_pre_switch,trap_favoring,False,trap_safe_overcautious,repair_all,repair_all,FDDDD,FFFFF,"F/F,D/F,D/F,D/F,D/F","general_stage1_intake,target_stage2_router,target_stage3_roaming,target_stage4_repair,target_stage5_verify","general_shared,target_specialist,target_specialist,target_specialist,target_specialist",00000,1,5,1,0,4,0,1,0.2,deep,fast,agent_deep__task_fast,1.5,5.40077,0.0752,6.975969999999999,False,False,True,0,,,44288.0,stage1_n1__from__root__c01 > stage2_n1__from__n0001__c01 > stage3_n2__from__n0006__c02 > stage4_n1__from__n0024__c01 > stage5_n1__from__n0075__c01,[mms_issue]airplane_mode_on|break_app_storage_permission[PERSONA:Easy]
direct_multistage_exp3,baseline,15,1,5,18,trap_pre_switch,trap_favoring,False,neutral,repair_all,repair_all,FFDDD,FFFFF,"F/F,F/F,D/F,D/F,D/F","general_stage1_intake,trap_stage2_router,barrier_stage3_gate,barrier_stage4_gate,barrier_stage5_transfer","general_shared,trap_lane,private_barrier,private_barrier,private_barrier",00111,2,5,2,0,3,0,2,0.4,deep,fast,agent_deep__task_fast,1.5,3.67471,0.0746,5.24931,False,False,True,0,,,31372.0,stage1_n1__from__root__c01 > stage2_n3__from__n0001__c03 > stage3_n5__from__n0008__c03 > stage4_n5__from__n0031__c04 > stage5_n5__from__n0096__c03,[mms_issue]bad_network_preference[PERSONA:None]
direct_multistage_exp3,baseline,16,1,6,24,trap_pre_switch,trap_favoring,False,neutral,repair_all,repair_all,FDDDD,FFFFF,"F/F,D/F,D/F,D/F,D/F","barrier_stage1_gate,barrier_stage2_gate,barrier_stage3_gate,general_stage4_verify,general_stage5_verify","private_barrier,private_barrier,private_barrier,general_shared,general_shared",11100,1,5,1,0,4,0,1,0.2,deep,fast,agent_deep__task_fast,1.5,4.35916,0.07590000000000001,5.93506,False,False,True,0,,,35575.0,stage1_n5__from__root__c05 > stage2_n5__from__n0005__c03 > stage3_n5__from__n0022__c03 > stage4_n3__from__n0073__c02 > stage5_n3__from__n0213__c03,[mms_issue]bad_network_preference|break_app_storage_permission[PERSONA:None]
direct_multistage_exp3,baseline,17,1,7,23,trap_pre_switch,trap_favoring,False,neutral,repair_all,repair_all,DFFDF,FFFFF,"D/F,F/F,F/F,D/F,F/F","general_stage1_verify,general_stage2_core,trap_stage3_network,barrier_stage4_gate,trap_stage5_terminal","general_shared,general_shared,trap_lane,private_barrier,trap_lane",00010,3,5,3,0,2,0,3,0.6,fast,fast,agent_fast__task_fast,0.0,7.792295,0.066,7.858295,True,True,True,0,,,70262.0,stage1_n2__from__root__c02 > stage2_n2__from__n0002__c02 > stage3_n4__from__n0010__c03 > stage4_n5__from__n0036__c04 > stage5_n4__from__n0105__c02,[mms_issue]bad_wifi_calling[PERSONA:Easy]
direct_multistage_exp3,baseline,18,1,8,61,trap_pre_switch,trap_favoring,False,neutral,repair_all,repair_all,FDFFD,FFFFF,"F/F,D/F,F/F,F/F,D/F","barrier_stage1_gate,general_stage2_roaming,trap_stage3_network,trap_stage4_execute,barrier_stage5_transfer","private_barrier,general_shared,trap_lane,trap_lane,private_barrier",10001,3,5,3,0,2,0,3,0.6,fast,fast,agent_fast__task_fast,0.0,4.029415,0.06760000000000001,4.097015,True,True,True,0,,,37375.0,stage1_n5__from__root__c05 > stage2_n4__from__n0005__c02 > stage3_n4__from__n0021__c02 > stage4_n4__from__n0069__c03 > stage5_n5__from__n0200__c04,[mms_issue]bad_wifi_calling|break_app_storage_permission[PERSONA:Easy]
direct_multistage_exp3,baseline,19,1,9,0,trap_pre_switch,trap_favoring,False,trap_like_good,repair_all,repair_all,FDDDD,FFFFF,"F/F,D/F,D/F,D/F,D/F","trap_stage1_intake,barrier_stage2_gate,general_stage3_network,general_stage4_verify,target_stage5_decision","trap_lane,private_barrier,general_shared,general_shared,target_specialist",01000,1,5,1,0,4,0,1,0.2,deep,fast,agent_deep__task_fast,1.5,5.1234,0.06999999999999999,6.6934000000000005,False,False,True,0,,,42285.0,stage1_n4__from__root__c04 > stage2_n5__from__n0004__c05 > stage3_n3__from__n0019__c01 > stage4_n3__from__n0062__c02 > stage5_n2__from__n0177__c02,[mms_issue]break_app_both_permissions[PERSONA:Hard]
direct_multistage_exp3,baseline,20,2,0,19,trap_pre_switch,trap_favoring,False,trap_like_good,repair_all,repair_all,FDDDD,FFFFF,"F/F,D/F,D/F,D/F,D/F","trap_stage1_intake,general_stage2_roaming,general_stage3_network,general_stage4_verify,target_stage5_verify","trap_lane,general_shared,general_shared,general_shared,target_specialist",00000,1,5,1,0,4,0,1,0.2,deep,fast,agent_deep__task_fast,1.5,5.99364,0.0651,7.55874,False,False,True,0,,,48879.0,stage1_n4__from__root__c04 > stage2_n4__from__n0004__c04 > stage3_n3__from__n0018__c01 > stage4_n3__from__n0059__c02 > stage5_n1__from__n0167__c01,[mms_issue]airplane_mode_on|bad_network_preference|break_app_sms_permission[PERSONA:Hard]
direct_multistage_exp3,baseline,21,2,1,13,trap_pre_switch,trap_favoring,False,trap_safe_overcautious,repair_all,repair_all,DDDDD,FFFFF,"D/F,D/F,D/F,D/F,D/F","general_stage1_verify,target_stage2_router,target_stage3_apn,target_stage4_repair,target_stage5_verify","general_shared,target_specialist,target_specialist,target_specialist,target_specialist",00000,0,5,0,0,5,0,0,0.0,deep,fast,agent_deep__task_fast,0.0,5.25665,0.07600000000000001,5.332649999999999,True,True,True,0,,,42053.0,stage1_n2__from__root__c02 > stage2_n1__from__n0002__c01 > stage3_n1__from__n0009__c01 > stage4_n1__from__n0032__c01 > stage5_n1__from__n0097__c01,[mms_issue]airplane_mode_on|bad_wifi_calling|break_app_sms_permission[PERSONA:None]
direct_multistage_exp3,baseline,22,2,2,7,trap_pre_switch,trap_favoring,False,trap_safe_overcautious,repair_all,repair_all,FFDDD,FFFFF,"F/F,F/F,D/F,D/F,D/F","general_stage1_intake,general_stage2_core,target_stage3_roaming,target_stage4_repair,target_stage5_decision","general_shared,general_shared,target_specialist,target_specialist,target_specialist",00000,2,5,2,0,3,0,2,0.4,deep,fast,agent_deep__task_fast,0.0,3.944445,0.0736,4.018045,True,True,True,0,,,33195.0,stage1_n1__from__root__c01 > stage2_n2__from__n0001__c02 > stage3_n2__from__n0007__c01 > stage4_n1__from__n0025__c01 > stage5_n2__from__n0076__c02,[mms_issue]airplane_mode_on|bad_wifi_calling|break_app_storage_permission[PERSONA:Easy]
direct_multistage_exp3,baseline,23,2,3,25,trap_pre_switch,trap_favoring,False,trap_safe_overcautious,repair_subset,repair_subset,DFDDD,FFFFF,"D/F,F/F,D/F,D/F,D/F","target_stage1_handoff,general_stage2_core,target_stage3_roaming,target_stage4_repair,target_stage5_decision","general_shared,general_shared,target_specialist,target_specialist,target_specialist",00000,1,5,1,0,4,0,1,0.2,deep,fast,agent_deep__task_fast,6.0,4.57854,0.0758,10.654340000000001,False,False,False,1,,,37662.0,stage1_n3__from__root__c03 > stage2_n2__from__n0003__c02 > stage3_n2__from__n0013__c01 > stage4_n1__from__n0043__c01 > stage5_n2__from__n0122__c02,[mms_issue]airplane_mode_on|break_app_both_permissions|data_usage_exceeded[PERSONA:Hard]
direct_multistage_exp3,baseline,24,2,4,36,trap_pre_switch,trap_favoring,False,trap_safe_overcautious,repair_all,repair_all,DDDDD,FFFFF,"D/F,D/F,D/F,D/F,D/F","target_stage1_handoff,target_stage2_router,target_stage3_apn,target_stage4_repair,target_stage5_verify","general_shared,target_specialist,target_specialist,target_specialist,target_specialist",00000,0,5,0,0,5,0,0,0.0,deep,fast,agent_deep__task_fast,1.5,5.32312,0.07650000000000001,6.8996200000000005,False,False,True,0,,,42619.0,stage1_n3__from__root__c03 > stage2_n1__from__n0003__c01 > stage3_n1__from__n0012__c01 > stage4_n1__from__n0041__c01 > stage5_n1__from__n0120__c01,[mms_issue]airplane_mode_on|break_app_storage_permission[PERSONA:Easy]
direct_multistage_exp3,baseline,25,2,5,35,target_post_switch,target_favoring,True,neutral,repair_subset,repair_subset,FFDDD,FDDDD,"F/F,F/D,D/D,D/D,D/D","general_stage1_intake,trap_stage2_router,general_stage3_network,general_stage4_repair,target_stage5_verify","general_shared,trap_lane,general_shared,general_shared,target_specialist",00000,2,1,1,1,0,3,4,0.8,deep,deep,agent_deep__task_deep,11.5,4.141465,0.0661,15.707565,False,False,False,1,,,41983.0,stage1_n1__from__root__c01 > stage2_n3__from__n0001__c03 > stage3_n3__from__n0008__c01 > stage4_n2__from__n0029__c01 > stage5_n1__from__n0087__c01,[mms_issue]airplane_mode_on|bad_network_preference|bad_wifi_calling|break_apn_mms_setting|break_app_both_permissions|data_mode_off|data_usage_exceeded|unseat_sim_card|user_abroad_roaming_disabled_on[PERSONA:Hard]
direct_multistage_exp3,baseline,26,2,6,51,target_post_switch,target_favoring,True,trap_like_bad,repair_subset,repair_subset,FDDDD,FDDDD,"F/F,D/D,D/D,D/D,D/D","trap_stage1_intake,barrier_stage2_gate,general_stage3_network,general_stage4_repair,target_stage5_verify","trap_lane,private_barrier,general_shared,general_shared,target_specialist",01000,1,1,1,0,0,4,5,1.0,deep,deep,agent_deep__task_deep,13.0,5.337065,0.06930000000000001,18.406365,False,False,False,1,,,58124.0,stage1_n4__from__root__c04 > stage2_n5__from__n0004__c05 > stage3_n3__from__n0019__c01 > stage4_n2__from__n0062__c01 > stage5_n1__from__n0176__c01,[mms_issue]airplane_mode_on|bad_network_preference|bad_wifi_calling|break_apn_mms_setting|break_app_both_permissions|data_mode_off|data_usage_exceeded|unseat_sim_card|user_abroad_roaming_enabled_off[PERSONA:Hard]
direct_multistage_exp3,baseline,27,2,7,45,target_post_switch,target_favoring,True,target_safe_specialist_good,repair_all,repair_all,DDDDD,FDDDD,"D/F,D/D,D/D,D/D,D/D","target_stage1_handoff,target_stage2_router,target_stage3_roaming,target_stage4_repair,target_stage5_verify","general_shared,target_specialist,target_specialist,target_specialist,target_specialist",00000,0,1,0,0,1,4,4,0.8,deep,deep,agent_deep__task_deep,0.0,5.04557,0.07750000000000001,5.123069999999999,True,True,True,0,,,51296.0,stage1_n3__from__root__c03 > stage2_n1__from__n0003__c01 > stage3_n2__from__n0012__c02 > stage4_n1__from__n0042__c01 > stage5_n1__from__n0121__c01,[mms_issue]airplane_mode_on|bad_network_preference|bad_wifi_calling|break_apn_mms_setting|break_app_both_permissions|data_mode_off|unseat_sim_card|user_abroad_roaming_enabled_off[PERSONA:Hard]
direct_multistage_exp3,baseline,28,2,8,40,target_post_switch,target_favoring,True,target_safe_specialist_good,repair_subset,repair_subset,DDDDD,FDDDD,"D/F,D/D,D/D,D/D,D/D","target_stage1_handoff,target_stage2_router,target_stage3_apn,target_stage4_repair,target_stage5_verify","general_shared,target_specialist,target_specialist,target_specialist,target_specialist",00000,0,1,0,0,1,4,4,0.8,deep,deep,agent_deep__task_deep,19.0,5.64722,0.07650000000000001,24.72372,False,False,True,0,,,59849.0,stage1_n3__from__root__c03 > stage2_n1__from__n0003__c01 > stage3_n1__from__n0012__c01 > stage4_n1__from__n0041__c01 > stage5_n1__from__n0120__c01,[mms_issue]airplane_mode_on|bad_network_preference|bad_wifi_calling|break_apn_mms_setting|break_app_sms_permission|data_mode_off|data_usage_exceeded|unseat_sim_card|user_abroad_roaming_disabled_on[PERSONA:None]
direct_multistage_exp3,baseline,29,2,9,46,target_post_switch,target_favoring,True,target_decoy_medium,repair_subset,repair_subset,DFDDD,FDDDD,"D/F,F/D,D/D,D/D,D/D","target_stage1_handoff,trap_stage2_router,barrier_stage3_gate,barrier_stage4_gate,target_stage5_decision","general_shared,trap_lane,private_barrier,private_barrier,target_specialist",00110,1,1,0,1,1,3,3,0.6,deep,deep,agent_deep__task_deep,13.0,5.8376,0.0758,18.9134,False,False,False,1,,,59248.0,stage1_n3__from__root__c03 > stage2_n3__from__n0003__c03 > stage3_n5__from__n0014__c03 > stage4_n5__from__n0049__c04 > stage5_n2__from__n0142__c01,[mms_issue]airplane_mode_on|bad_network_preference|bad_wifi_calling|break_apn_mms_setting|break_app_sms_permission|data_mode_off|data_usage_exceeded|unseat_sim_card|user_abroad_roaming_enabled_off[PERSONA:None]
direct_multistage_exp3,baseline,30,3,0,16,target_post_switch,target_favoring,True,trap_like_bad,repair_subset,repair_subset,FDFFD,FDDDD,"F/F,D/D,F/D,F/D,D/D","trap_stage1_intake,general_stage2_roaming,trap_stage3_network,trap_stage4_execute,barrier_stage5_transfer","trap_lane,general_shared,trap_lane,trap_lane,private_barrier",00001,3,1,1,2,0,2,3,0.6,fast,deep,agent_fast__task_deep,15.0,5.16932,0.06480000000000001,20.23412,False,False,False,1,,,44488.0,stage1_n4__from__root__c04 > stage2_n4__from__n0004__c04 > stage3_n4__from__n0018__c02 > stage4_n4__from__n0060__c03 > stage5_n5__from__n0170__c04,[mms_issue]airplane_mode_on|bad_network_preference|bad_wifi_calling|break_apn_mms_setting|break_app_sms_permission|data_mode_off|data_usage_exceeded|user_abroad_roaming_disabled_on[PERSONA:None]
direct_multistage_exp3,baseline,31,3,1,65,target_post_switch,target_favoring,True,target_safe_specialist_good,repair_all,repair_all,DDDDD,FDDDD,"D/F,D/D,D/D,D/D,D/D","general_stage1_verify,target_stage2_router,target_stage3_roaming,target_stage4_repair,target_stage5_verify","general_shared,target_specialist,target_specialist,target_specialist,target_specialist",00000,0,1,0,0,1,4,4,0.8,deep,deep,agent_deep__task_deep,0.0,6.218075,0.0748,6.2928749999999996,True,True,True,0,,,65054.0,stage1_n2__from__root__c02 > stage2_n1__from__n0002__c01 > stage3_n2__from__n0009__c02 > stage4_n1__from__n0033__c01 > stage5_n1__from__n0098__c01,[mms_issue]airplane_mode_on|bad_network_preference|bad_wifi_calling|break_apn_mms_setting|break_app_sms_permission|data_mode_off|unseat_sim_card|user_abroad_roaming_enabled_off[PERSONA:None]
direct_multistage_exp3,baseline,32,3,2,11,target_post_switch,target_favoring,True,neutral,repair_subset,repair_subset,DFDFD,FDDDD,"D/F,F/D,D/D,F/D,D/D","target_stage1_handoff,general_stage2_core,barrier_stage3_gate,trap_stage4_execute,general_stage5_verify","general_shared,general_shared,private_barrier,trap_lane,general_shared",00100,2,1,0,2,1,2,2,0.4,deep,deep,agent_deep__task_deep,5.0,5.31409,0.06520000000000001,10.379290000000001,False,False,False,1,,,44893.0,stage1_n3__from__root__c03 > stage2_n2__from__n0003__c02 > stage3_n5__from__n0013__c04 > stage4_n4__from__n0046__c03 > stage5_n3__from__n0131__c02,[mms_issue]airplane_mode_on|bad_network_preference|bad_wifi_calling|break_apn_mms_setting|break_app_storage_permission|data_mode_off|data_usage_exceeded|unseat_sim_card|user_abroad_roaming_disabled_on[PERSONA:Easy]
direct_multistage_exp3,baseline,33,3,3,17,target_post_switch,target_favoring,True,target_safe_specialist_good,repair_subset,transfer,DFDDD,FDDDD,"D/F,F/D,D/D,D/D,D/D","general_stage1_verify,general_stage2_core,target_stage3_roaming,target_stage4_repair,target_stage5_verify","general_shared,general_shared,target_specialist,target_specialist,target_specialist",00000,1,1,0,1,1,3,3,0.6,deep,deep,agent_deep__task_deep,21.5,5.838925,0.0721,27.411025,False,False,False,1,,,59249.0,stage1_n2__from__root__c02 > stage2_n2__from__n0002__c02 > stage3_n2__from__n0010__c01 > stage4_n1__from__n0034__c01 > stage5_n1__from__n0099__c01,[mms_issue]airplane_mode_on|bad_network_preference|bad_wifi_calling|break_apn_mms_setting|break_app_storage_permission|data_mode_off|data_usage_exceeded|unseat_sim_card|user_abroad_roaming_enabled_off[PERSONA:Easy]
direct_multistage_exp3,baseline,34,3,4,67,target_post_switch,target_favoring,False,trap_like_bad,transfer,transfer,FDDDD,FDDDD,"F/F,D/D,D/D,D/D,D/D","trap_stage1_intake,target_stage2_router,target_stage3_apn,target_stage4_repair,target_stage5_verify","trap_lane,target_specialist,target_specialist,target_specialist,target_specialist",00000,1,1,1,0,0,4,5,1.0,deep,deep,agent_deep__task_deep,3.0,4.960345,0.0735,8.033845,False,False,False,1,,,53656.0,stage1_n4__from__root__c04 > stage2_n1__from__n0004__c01 > stage3_n1__from__n0015__c01 > stage4_n1__from__n0050__c01 > stage5_n1__from__n0143__c01,[mms_issue]airplane_mode_on|break_apn_mms_setting|break_app_both_permissions|user_abroad_roaming_disabled_off[PERSONA:None]
direct_multistage_exp3,baseline,35,3,5,35,target_post_switch,target_favoring,True,neutral,repair_subset,transfer,FDDDF,FDDDD,"F/F,D/D,D/D,D/D,F/D","barrier_stage1_gate,general_stage2_roaming,barrier_stage3_gate,general_stage4_verify,trap_stage5_terminal","private_barrier,general_shared,private_barrier,general_shared,trap_lane",10100,2,1,1,1,0,3,4,0.8,deep,deep,agent_deep__task_deep,18.5,5.01069,0.07050000000000001,23.58119,False,False,False,1,,,46951.0,stage1_n5__from__root__c05 > stage2_n4__from__n0005__c02 > stage3_n5__from__n0021__c03 > stage4_n3__from__n0070__c02 > stage5_n4__from__n0203__c04,[mms_issue]airplane_mode_on|bad_network_preference|bad_wifi_calling|break_apn_mms_setting|break_app_both_permissions|data_mode_off|data_usage_exceeded|unseat_sim_card|user_abroad_roaming_disabled_on[PERSONA:Hard]
direct_multistage_exp3,baseline,36,3,6,51,target_post_switch,target_favoring,True,trap_like_bad,repair_subset,repair_subset,FFFDD,FDDDD,"F/F,F/D,F/D,D/D,D/D","trap_stage1_intake,general_stage2_core,trap_stage3_network,general_stage4_verify,target_stage5_decision","trap_lane,general_shared,trap_lane,general_shared,target_specialist",00000,3,1,1,2,0,2,3,0.6,fast,deep,agent_fast__task_deep,13.0,5.585355,0.0639,18.649255,False,False,False,1,,,55587.0,stage1_n4__from__root__c04 > stage2_n2__from__n0004__c02 > stage3_n4__from__n0016__c03 > stage4_n3__from__n0054__c02 > stage5_n2__from__n0149__c02,[mms_issue]airplane_mode_on|bad_network_preference|bad_wifi_calling|break_apn_mms_setting|break_app_both_permissions|data_mode_off|data_usage_exceeded|unseat_sim_card|user_abroad_roaming_enabled_off[PERSONA:Hard]
direct_multistage_exp3,baseline,37,3,7,45,target_post_switch,target_favoring,True,trap_like_bad,repair_all,repair_subset,FDDDD,FDDDD,"F/F,D/D,D/D,D/D,D/D","trap_stage1_intake,target_stage2_router,target_stage3_apn,target_stage4_repair,target_stage5_decision","trap_lane,target_specialist,target_specialist,target_specialist,target_specialist",00000,1,1,1,0,0,4,5,1.0,deep,deep,agent_deep__task_deep,11.0,5.51922,0.0724,16.59162,False,False,True,0,,,60375.0,stage1_n4__from__root__c04 > stage2_n1__from__n0004__c01 > stage3_n1__from__n0015__c01 > stage4_n1__from__n0050__c01 > stage5_n2__from__n0143__c02,[mms_issue]airplane_mode_on|bad_network_preference|bad_wifi_calling|break_apn_mms_setting|break_app_both_permissions|data_mode_off|unseat_sim_card|user_abroad_roaming_enabled_off[PERSONA:Hard]
direct_multistage_exp3,baseline,38,3,8,40,target_post_switch,target_favoring,True,trap_like_bad,repair_subset,repair_subset,FFDFD,FDDDD,"F/F,F/D,D/D,F/D,D/D","trap_stage1_intake,general_stage2_core,barrier_stage3_gate,trap_stage4_execute,general_stage5_verify","trap_lane,general_shared,private_barrier,trap_lane,general_shared",00100,3,1,1,2,0,2,3,0.6,fast,deep,agent_fast__task_deep,5.0,4.74479,0.0654,9.81019,False,False,False,1,,,40798.0,stage1_n4__from__root__c04 > stage2_n2__from__n0004__c02 > stage3_n5__from__n0016__c04 > stage4_n4__from__n0055__c03 > stage5_n3__from__n0154__c02,[mms_issue]airplane_mode_on|bad_network_preference|bad_wifi_calling|break_apn_mms_setting|break_app_sms_permission|data_mode_off|data_usage_exceeded|unseat_sim_card|user_abroad_roaming_disabled_on[PERSONA:None]
direct_multistage_exp3,baseline,39,3,9,46,target_post_switch,target_favoring,True,target_safe_specialist_good,repair_subset,transfer,DDDDD,FDDDD,"D/F,D/D,D/D,D/D,D/D","general_stage1_verify,target_stage2_router,target_stage3_roaming,target_stage4_repair,target_stage5_verify","general_shared,target_specialist,target_specialist,target_specialist,target_specialist",00000,0,1,0,0,1,4,4,0.8,deep,deep,agent_deep__task_deep,20.5,5.562985,0.0748,26.137785,False,False,False,1,,,57085.0,stage1_n2__from__root__c02 > stage2_n1__from__n0002__c01 > stage3_n2__from__n0009__c02 > stage4_n1__from__n0033__c01 > stage5_n1__from__n0098__c01,[mms_issue]airplane_mode_on|bad_network_preference|bad_wifi_calling|break_apn_mms_setting|break_app_sms_permission|data_mode_off|data_usage_exceeded|unseat_sim_card|user_abroad_roaming_enabled_off[PERSONA:None]
direct_multistage_exp3,baseline,40,4,0,16,target_post_switch,target_favoring,True,target_safe_specialist_good,repair_subset,repair_subset,DDDDD,FDDDD,"D/F,D/D,D/D,D/D,D/D","target_stage1_handoff,target_stage2_router,target_stage3_roaming,target_stage4_repair,target_stage5_decision","general_shared,target_specialist,target_specialist,target_specialist,target_specialist",00000,0,1,0,0,1,4,4,0.8,deep,deep,agent_deep__task_deep,2.0,5.416865,0.07600000000000001,7.492865,True,True,False,1,,,56558.0,stage1_n3__from__root__c03 > stage2_n1__from__n0003__c01 > stage3_n2__from__n0012__c02 > stage4_n1__from__n0042__c01 > stage5_n2__from__n0121__c02,[mms_issue]airplane_mode_on|bad_network_preference|bad_wifi_calling|break_apn_mms_setting|break_app_sms_permission|data_mode_off|data_usage_exceeded|user_abroad_roaming_disabled_on[PERSONA:None]
direct_multistage_exp3,baseline,41,4,1,65,target_post_switch,target_favoring,True,trap_like_bad,repair_all,transfer,FFFDD,FDDDD,"F/F,F/D,F/D,D/D,D/D","trap_stage1_intake,trap_stage2_router,trap_stage3_network,general_stage4_verify,target_stage5_decision","trap_lane,trap_lane,trap_lane,general_shared,target_specialist",00000,3,1,1,2,0,2,3,0.6,fast,deep,agent_fast__task_deep,18.5,4.75495,0.0594,23.31435,False,False,True,0,,,46001.0,stage1_n4__from__root__c04 > stage2_n3__from__n0004__c03 > stage3_n4__from__n0017__c02 > stage4_n3__from__n0057__c02 > stage5_n2__from__n0159__c02,[mms_issue]airplane_mode_on|bad_network_preference|bad_wifi_calling|break_apn_mms_setting|break_app_sms_permission|data_mode_off|unseat_sim_card|user_abroad_roaming_enabled_off[PERSONA:None]
direct_multistage_exp3,baseline,42,4,2,11,target_post_switch,target_favoring,True,target_safe_specialist_good,repair_subset,repair_subset,FDDDD,FDDDD,"F/F,D/D,D/D,D/D,D/D","general_stage1_intake,target_stage2_router,target_stage3_roaming,target_stage4_repair,target_stage5_decision","general_shared,target_specialist,target_specialist,target_specialist,target_specialist",00000,1,1,1,0,0,4,5,1.0,deep,deep,agent_deep__task_deep,21.0,4.26581,0.0758,25.341610000000003,False,False,False,1,,,46655.0,stage1_n1__from__root__c01 > stage2_n1__from__n0001__c01 > stage3_n2__from__n0006__c02 > stage4_n1__from__n0024__c01 > stage5_n2__from__n0075__c02,[mms_issue]airplane_mode_on|bad_network_preference|bad_wifi_calling|break_apn_mms_setting|break_app_storage_permission|data_mode_off|data_usage_exceeded|unseat_sim_card|user_abroad_roaming_disabled_on[PERSONA:Easy]
direct_multistage_exp3,baseline,43,4,3,17,target_post_switch,target_favoring,True,neutral,repair_subset,transfer,FDDDF,FDDDD,"F/F,D/D,D/D,D/D,F/D","barrier_stage1_gate,barrier_stage2_gate,general_stage3_network,general_stage4_verify,trap_stage5_terminal","private_barrier,private_barrier,general_shared,general_shared,trap_lane",11000,2,1,1,1,0,3,4,0.8,deep,deep,agent_deep__task_deep,20.5,4.988975,0.0717,25.560675,False,False,False,1,,,46467.0,stage1_n5__from__root__c05 > stage2_n5__from__n0005__c03 > stage3_n3__from__n0022__c01 > stage4_n3__from__n0071__c02 > stage5_n4__from__n0207__c04,[mms_issue]airplane_mode_on|bad_network_preference|bad_wifi_calling|break_apn_mms_setting|break_app_storage_permission|data_mode_off|data_usage_exceeded|unseat_sim_card|user_abroad_roaming_enabled_off[PERSONA:Easy]
direct_multistage_exp3,baseline,44,4,4,67,target_post_switch,target_favoring,False,target_safe_majority_bad,transfer,transfer,FDDDD,FDDDD,"F/F,D/D,D/D,D/D,D/D","general_stage1_intake,target_stage2_router,target_stage3_apn,target_stage4_repair,target_stage5_decision","general_shared,target_specialist,target_specialist,target_specialist,target_specialist",00000,1,1,1,0,0,4,5,1.0,deep,deep,agent_deep__task_deep,3.0,4.964765,0.07900000000000001,8.043765,False,False,False,1,,,53669.0,stage1_n1__from__root__c01 > stage2_n1__from__n0001__c01 > stage3_n1__from__n0006__c01 > stage4_n1__from__n0023__c01 > stage5_n2__from__n0074__c02,[mms_issue]airplane_mode_on|break_apn_mms_setting|break_app_both_permissions|user_abroad_roaming_disabled_off[PERSONA:None]
direct_multistage_exp3,baseline,45,4,5,35,target_post_switch,target_favoring,True,target_safe_majority_bad,repair_subset,repair_subset,FFDDD,FDDDD,"F/F,F/D,D/D,D/D,D/D","general_stage1_intake,general_stage2_core,general_stage3_network,general_stage4_repair,target_stage5_verify","general_shared,general_shared,general_shared,general_shared,target_specialist",00000,2,1,1,1,0,3,4,0.8,deep,deep,agent_deep__task_deep,3.0,4.665915,0.06970000000000001,7.735615,False,False,False,1,,,48462.0,stage1_n1__from__root__c01 > stage2_n2__from__n0001__c02 > stage3_n3__from__n0007__c02 > stage4_n2__from__n0026__c01 > stage5_n1__from__n0077__c01,[mms_issue]airplane_mode_on|bad_network_preference|bad_wifi_calling|break_apn_mms_setting|break_app_both_permissions|data_mode_off|data_usage_exceeded|unseat_sim_card|user_abroad_roaming_disabled_on[PERSONA:Hard]
direct_multistage_exp3,baseline,46,4,6,51,target_post_switch,target_favoring,True,trap_like_bad,repair_subset,repair_subset,FDDDD,FDDDD,"F/F,D/D,D/D,D/D,D/D","trap_stage1_intake,general_stage2_roaming,barrier_stage3_gate,barrier_stage4_gate,target_stage5_decision","trap_lane,general_shared,private_barrier,private_barrier,target_specialist",00110,1,1,1,0,0,4,5,1.0,deep,deep,agent_deep__task_deep,2.0,4.55345,0.0721,6.62555,True,True,False,1,,,48572.0,stage1_n4__from__root__c04 > stage2_n4__from__n0004__c04 > stage3_n5__from__n0018__c03 > stage4_n5__from__n0061__c04 > stage5_n2__from__n0175__c01,[mms_issue]airplane_mode_on|bad_network_preference|bad_wifi_calling|break_apn_mms_setting|break_app_both_permissions|data_mode_off|data_usage_exceeded|unseat_sim_card|user_abroad_roaming_enabled_off[PERSONA:Hard]
direct_multistage_exp3,baseline,47,4,7,45,target_post_switch,target_favoring,True,trap_like_bad,repair_all,repair_all,FDDDD,FDDDD,"F/F,D/D,D/D,D/D,D/D","trap_stage1_intake,target_stage2_router,target_stage3_roaming,target_stage4_repair,target_stage5_verify","trap_lane,target_specialist,target_specialist,target_specialist,target_specialist",00000,1,1,1,0,0,4,5,1.0,deep,deep,agent_deep__task_deep,0.0,4.40317,0.0741,4.47727,True,True,True,0,,,46993.0,stage1_n4__from__root__c04 > stage2_n1__from__n0004__c01 > stage3_n2__from__n0015__c02 > stage4_n1__from__n0051__c01 > stage5_n1__from__n0144__c01,[mms_issue]airplane_mode_on|bad_network_preference|bad_wifi_calling|break_apn_mms_setting|break_app_both_permissions|data_mode_off|unseat_sim_card|user_abroad_roaming_enabled_off[PERSONA:Hard]
direct_multistage_exp3,baseline,48,4,8,40,target_post_switch,target_favoring,True,trap_like_bad,repair_subset,repair_subset,FFDDD,FDDDD,"F/F,F/D,D/D,D/D,D/D","trap_stage1_intake,general_stage2_core,target_stage3_roaming,target_stage4_repair,target_stage5_decision","trap_lane,general_shared,target_specialist,target_specialist,target_specialist",00000,2,1,1,1,0,3,4,0.8,deep,deep,agent_deep__task_deep,13.0,4.61718,0.07050000000000001,17.68768,False,False,False,1,,,47864.0,stage1_n4__from__root__c04 > stage2_n2__from__n0004__c02 > stage3_n2__from__n0016__c01 > stage4_n1__from__n0052__c01 > stage5_n2__from__n0145__c02,[mms_issue]airplane_mode_on|bad_network_preference|bad_wifi_calling|break_apn_mms_setting|break_app_sms_permission|data_mode_off|data_usage_exceeded|unseat_sim_card|user_abroad_roaming_disabled_on[PERSONA:None]
direct_multistage_exp3,baseline,49,4,9,46,target_post_switch,target_favoring,True,target_safe_majority_bad,repair_subset,repair_subset,FFDDD,FDDDD,"F/F,F/D,D/D,D/D,D/D","general_stage1_intake,general_stage2_core,general_stage3_network,general_stage4_repair,target_stage5_decision","general_shared,general_shared,general_shared,general_shared,target_specialist",00000,2,1,1,1,0,3,4,0.8,deep,deep,agent_deep__task_deep,15.0,5.98194,0.0684,21.05034,False,False,False,1,,,64316.0,stage1_n1__from__root__c01 > stage2_n2__from__n0001__c02 > stage3_n3__from__n0007__c02 > stage4_n2__from__n0026__c01 > stage5_n2__from__n0077__c02,[mms_issue]airplane_mode_on|bad_network_preference|bad_wifi_calling|break_apn_mms_setting|break_app_sms_permission|data_mode_off|data_usage_exceeded|unseat_sim_card|user_abroad_roaming_enabled_off[PERSONA:None]
direct_multistage_exp3,baseline,50,5,0,16,target_post_switch,target_favoring,True,target_decoy_medium,repair_subset,repair_subset,DFFDD,FDDDD,"D/F,F/D,F/D,D/D,D/D","target_stage1_handoff,trap_stage2_router,trap_stage3_network,barrier_stage4_gate,barrier_stage5_transfer","general_shared,trap_lane,trap_lane,private_barrier,private_barrier",00011,2,1,0,2,1,2,2,0.4,deep,deep,agent_deep__task_deep,3.0,4.85423,0.073,7.92723,False,False,False,1,,,44241.0,stage1_n3__from__root__c03 > stage2_n3__from__n0003__c03 > stage3_n4__from__n0014__c02 > stage4_n5__from__n0048__c04 > stage5_n5__from__n0138__c03,[mms_issue]airplane_mode_on|bad_network_preference|bad_wifi_calling|break_apn_mms_setting|break_app_sms_permission|data_mode_off|data_usage_exceeded|user_abroad_roaming_disabled_on[PERSONA:None]
direct_multistage_exp3,baseline,51,5,1,65,target_post_switch,target_favoring,True,target_safe_specialist_good,repair_all,repair_all,FDDDD,FDDDD,"F/F,D/D,D/D,D/D,D/D","general_stage1_intake,target_stage2_router,target_stage3_apn,target_stage4_repair,target_stage5_decision","general_shared,target_specialist,target_specialist,target_specialist,target_specialist",00000,1,1,1,0,0,4,5,1.0,deep,deep,agent_deep__task_deep,0.0,5.820375,0.07900000000000001,5.899375,True,True,True,0,,,63231.0,stage1_n1__from__root__c01 > stage2_n1__from__n0001__c01 > stage3_n1__from__n0006__c01 > stage4_n1__from__n0023__c01 > stage5_n2__from__n0074__c02,[mms_issue]airplane_mode_on|bad_network_preference|bad_wifi_calling|break_apn_mms_setting|break_app_sms_permission|data_mode_off|unseat_sim_card|user_abroad_roaming_enabled_off[PERSONA:None]
direct_multistage_exp3,baseline,52,5,2,11,target_post_switch,target_favoring,True,neutral,repair_subset,transfer,FFDDD,FDDDD,"F/F,F/D,D/D,D/D,D/D","barrier_stage1_gate,trap_stage2_router,general_stage3_network,general_stage4_verify,target_stage5_verify","private_barrier,trap_lane,general_shared,general_shared,target_specialist",10000,2,1,1,1,0,3,4,0.8,deep,deep,agent_deep__task_deep,19.5,4.39373,0.0716,23.96533,False,False,False,1,,,46029.0,stage1_n5__from__root__c05 > stage2_n3__from__n0005__c01 > stage3_n3__from__n0020__c01 > stage4_n3__from__n0065__c02 > stage5_n1__from__n0187__c01,[mms_issue]airplane_mode_on|bad_network_preference|bad_wifi_calling|break_apn_mms_setting|break_app_storage_permission|data_mode_off|data_usage_exceeded|unseat_sim_card|user_abroad_roaming_disabled_on[PERSONA:Easy]
direct_multistage_exp3,baseline,53,5,3,17,target_post_switch,target_favoring,True,target_safe_specialist_good,repair_subset,repair_all,DDDDD,FDDDD,"D/F,D/D,D/D,D/D,D/D","target_stage1_handoff,target_stage2_router,target_stage3_roaming,target_stage4_repair,target_stage5_decision","general_shared,target_specialist,target_specialist,target_specialist,target_specialist",00000,0,1,0,0,1,4,4,0.8,deep,deep,agent_deep__task_deep,3.5,5.980285,0.07600000000000001,9.556285,False,False,True,0,,,61831.0,stage1_n3__from__root__c03 > stage2_n1__from__n0003__c01 > stage3_n2__from__n0012__c02 > stage4_n1__from__n0042__c01 > stage5_n2__from__n0121__c02,[mms_issue]airplane_mode_on|bad_network_preference|bad_wifi_calling|break_apn_mms_setting|break_app_storage_permission|data_mode_off|data_usage_exceeded|unseat_sim_card|user_abroad_roaming_enabled_off[PERSONA:Easy]
direct_multistage_exp3,baseline,54,5,4,67,target_post_switch,target_favoring,False,trap_like_bad,transfer,transfer,FDDDD,FDDDD,"F/F,D/D,D/D,D/D,D/D","trap_stage1_intake,target_stage2_router,target_stage3_roaming,target_stage4_repair,target_stage5_verify","trap_lane,target_specialist,target_specialist,target_specialist,target_specialist",00000,1,1,1,0,0,4,5,1.0,deep,deep,agent_deep__task_deep,1.0,4.99188,0.0741,6.06598,False,False,True,0,,,53874.0,stage1_n4__from__root__c04 > stage2_n1__from__n0004__c01 > stage3_n2__from__n0015__c02 > stage4_n1__from__n0051__c01 > stage5_n1__from__n0144__c01,[mms_issue]airplane_mode_on|break_apn_mms_setting|break_app_both_permissions|user_abroad_roaming_disabled_off[PERSONA:None]
direct_multistage_exp3,baseline,55,5,5,35,target_post_switch,target_favoring,True,neutral,repair_subset,transfer,FDFDD,FDDDD,"F/F,D/D,F/D,D/D,D/D","barrier_stage1_gate,general_stage2_roaming,trap_stage3_network,general_stage4_verify,target_stage5_decision","private_barrier,general_shared,trap_lane,general_shared,target_specialist",10000,2,1,1,1,0,3,4,0.8,deep,deep,agent_deep__task_deep,18.5,5.24903,0.07020000000000001,23.81923,False,False,False,1,,,53261.0,stage1_n5__from__root__c05 > stage2_n4__from__n0005__c02 > stage3_n4__from__n0021__c02 > stage4_n3__from__n0069__c02 > stage5_n2__from__n0199__c02,[mms_issue]airplane_mode_on|bad_network_preference|bad_wifi_calling|break_apn_mms_setting|break_app_both_permissions|data_mode_off|data_usage_exceeded|unseat_sim_card|user_abroad_roaming_disabled_on[PERSONA:Hard]
direct_multistage_exp3,baseline,56,5,6,51,target_post_switch,target_favoring,True,target_safe_specialist_good,repair_subset,repair_subset,DDDDD,FDDDD,"D/F,D/D,D/D,D/D,D/D","general_stage1_verify,target_stage2_router,target_stage3_apn,target_stage4_repair,target_stage5_decision","general_shared,target_specialist,target_specialist,target_specialist,target_specialist",00000,0,1,0,0,1,4,4,0.8,deep,deep,agent_deep__task_deep,2.0,5.17401,0.0772,7.25121,True,True,False,1,,,52827.0,stage1_n2__from__root__c02 > stage2_n1__from__n0002__c01 > stage3_n1__from__n0009__c01 > stage4_n1__from__n0032__c01 > stage5_n2__from__n0097__c02,[mms_issue]airplane_mode_on|bad_network_preference|bad_wifi_calling|break_apn_mms_setting|break_app_both_permissions|data_mode_off|data_usage_exceeded|unseat_sim_card|user_abroad_roaming_enabled_off[PERSONA:Hard]
direct_multistage_exp3,baseline,57,5,7,45,target_post_switch,target_favoring,True,target_safe_specialist_good,repair_all,transfer,FDDDD,FDDDD,"F/F,D/D,D/D,D/D,D/D","general_stage1_intake,target_stage2_router,target_stage3_apn,target_stage4_repair,target_stage5_verify","general_shared,target_specialist,target_specialist,target_specialist,target_specialist",00000,1,1,1,0,0,4,5,1.0,deep,deep,agent_deep__task_deep,18.5,5.344375,0.07750000000000001,23.921875,False,False,True,0,,,57505.0,stage1_n1__from__root__c01 > stage2_n1__from__n0001__c01 > stage3_n1__from__n0006__c01 > stage4_n1__from__n0023__c01 > stage5_n1__from__n0074__c01,[mms_issue]airplane_mode_on|bad_network_preference|bad_wifi_calling|break_apn_mms_setting|break_app_both_permissions|data_mode_off|unseat_sim_card|user_abroad_roaming_enabled_off[PERSONA:Hard]
direct_multistage_exp3,baseline,58,5,8,40,target_post_switch,target_favoring,True,trap_like_bad,repair_subset,repair_subset,FDDDD,FDDDD,"F/F,D/D,D/D,D/D,D/D","trap_stage1_intake,target_stage2_router,target_stage3_roaming,target_stage4_repair,target_stage5_decision","trap_lane,target_specialist,target_specialist,target_specialist,target_specialist",00000,1,1,1,0,0,4,5,1.0,deep,deep,agent_deep__task_deep,19.0,4.27516,0.0752,23.35036,False,False,True,0,,,46726.0,stage1_n4__from__root__c04 > stage2_n1__from__n0004__c01 > stage3_n2__from__n0015__c02 > stage4_n1__from__n0051__c01 > stage5_n2__from__n0144__c02,[mms_issue]airplane_mode_on|bad_network_preference|bad_wifi_calling|break_apn_mms_setting|break_app_sms_permission|data_mode_off|data_usage_exceeded|unseat_sim_card|user_abroad_roaming_disabled_on[PERSONA:None]
direct_multistage_exp3,baseline,59,5,9,46,target_post_switch,target_favoring,True,neutral,repair_subset,transfer,DFFDD,FDDDD,"D/F,F/D,F/D,D/D,D/D","general_stage1_verify,trap_stage2_router,trap_stage3_network,general_stage4_verify,general_stage5_verify","general_shared,trap_lane,trap_lane,general_shared,general_shared",00000,2,1,0,2,1,2,2,0.4,deep,deep,agent_deep__task_deep,21.5,5.212815,0.0613,26.774115,False,False,False,1,,,49803.0,stage1_n2__from__root__c02 > stage2_n3__from__n0002__c03 > stage3_n4__from__n0011__c02 > stage4_n3__from__n0039__c02 > stage5_n3__from__n0113__c03,[mms_issue]airplane_mode_on|bad_network_preference|bad_wifi_calling|break_apn_mms_setting|break_app_sms_permission|data_mode_off|data_usage_exceeded|unseat_sim_card|user_abroad_roaming_enabled_off[PERSONA:None]
direct_multistage_exp3,baseline,60,6,0,16,target_post_switch,target_favoring,True,trap_like_bad,repair_subset,repair_subset,FDDDF,FDDDD,"F/F,D/D,D/D,D/D,F/D","trap_stage1_intake,barrier_stage2_gate,barrier_stage3_gate,general_stage4_verify,trap_stage5_terminal","trap_lane,private_barrier,private_barrier,general_shared,trap_lane",01100,2,1,1,1,0,3,4,0.8,deep,deep,agent_deep__task_deep,2.0,4.943415,0.0684,7.011815,True,True,False,1,,,46024.0,stage1_n4__from__root__c04 > stage2_n5__from__n0004__c05 > stage3_n5__from__n0019__c03 > stage4_n3__from__n0064__c02 > stage5_n4__from__n0183__c04,[mms_issue]airplane_mode_on|bad_network_preference|bad_wifi_calling|break_apn_mms_setting|break_app_sms_permission|data_mode_off|data_usage_exceeded|user_abroad_roaming_disabled_on[PERSONA:None]
direct_multistage_exp3,baseline,61,6,1,65,target_post_switch,target_favoring,True,target_safe_majority_bad,repair_all,transfer,DFDDD,FDDDD,"D/F,F/D,D/D,D/D,D/D","target_stage1_handoff,general_stage2_core,general_stage3_network,general_stage4_repair,target_stage5_verify","general_shared,general_shared,general_shared,general_shared,target_specialist",00000,1,1,0,1,1,3,3,0.6,deep,deep,agent_deep__task_deep,18.5,5.842195,0.0702,24.412395,False,False,True,0,,,58709.0,stage1_n3__from__root__c03 > stage2_n2__from__n0003__c02 > stage3_n3__from__n0013__c02 > stage4_n2__from__n0044__c01 > stage5_n1__from__n0123__c01,[mms_issue]airplane_mode_on|bad_network_preference|bad_wifi_calling|break_apn_mms_setting|break_app_sms_permission|data_mode_off|unseat_sim_card|user_abroad_roaming_enabled_off[PERSONA:None]
direct_multistage_exp3,baseline,62,6,2,11,target_post_switch,target_favoring,True,target_safe_specialist_good,repair_subset,repair_subset,FDDDD,FDDDD,"F/F,D/D,D/D,D/D,D/D","general_stage1_intake,target_stage2_router,target_stage3_apn,target_stage4_repair,target_stage5_verify","general_shared,target_specialist,target_specialist,target_specialist,target_specialist",00000,1,1,1,0,0,4,5,1.0,deep,deep,agent_deep__task_deep,2.0,4.46964,0.07750000000000001,6.547140000000001,True,True,False,1,,,47886.0,stage1_n1__from__root__c01 > stage2_n1__from__n0001__c01 > stage3_n1__from__n0006__c01 > stage4_n1__from__n0023__c01 > stage5_n1__from__n0074__c01,[mms_issue]airplane_mode_on|bad_network_preference|bad_wifi_calling|break_apn_mms_setting|break_app_storage_permission|data_mode_off|data_usage_exceeded|unseat_sim_card|user_abroad_roaming_disabled_on[PERSONA:Easy]
direct_multistage_exp3,baseline,63,6,3,17,target_post_switch,target_favoring,True,neutral,repair_subset,repair_subset,DFFDF,FDDDD,"D/F,F/D,F/D,D/D,F/D","target_stage1_handoff,trap_stage2_router,trap_stage3_network,general_stage4_verify,trap_stage5_terminal","general_shared,trap_lane,trap_lane,general_shared,trap_lane",00000,3,1,0,3,1,1,1,0.2,fast,deep,agent_fast__task_deep,15.0,6.33329,0.061,21.394289999999998,False,False,False,1,,,53702.0,stage1_n3__from__root__c03 > stage2_n3__from__n0003__c03 > stage3_n4__from__n0014__c02 > stage4_n3__from__n0048__c02 > stage5_n4__from__n0136__c04,[mms_issue]airplane_mode_on|bad_network_preference|bad_wifi_calling|break_apn_mms_setting|break_app_storage_permission|data_mode_off|data_usage_exceeded|unseat_sim_card|user_abroad_roaming_enabled_off[PERSONA:Easy]
direct_multistage_exp3,baseline,64,6,4,67,target_post_switch,target_favoring,False,target_safe_majority_bad,transfer,transfer,FDDDD,FDDDD,"F/F,D/D,D/D,D/D,D/D","general_stage1_intake,target_stage2_router,target_stage3_apn,target_stage4_repair,target_stage5_verify","general_shared,target_specialist,target_specialist,target_specialist,target_specialist",00000,1,1,1,0,0,4,5,1.0,deep,deep,agent_deep__task_deep,1.0,4.355315,0.07750000000000001,5.432815,False,False,True,0,,,46955.0,stage1_n1__from__root__c01 > stage2_n1__from__n0001__c01 > stage3_n1__from__n0006__c01 > stage4_n1__from__n0023__c01 > stage5_n1__from__n0074__c01,[mms_issue]airplane_mode_on|break_apn_mms_setting|break_app_both_permissions|user_abroad_roaming_disabled_off[PERSONA:None]
direct_multistage_exp3,baseline,65,6,5,35,target_post_switch,target_favoring,True,trap_like_bad,repair_subset,repair_subset,FFDDD,FDDDD,"F/F,F/D,D/D,D/D,D/D","trap_stage1_intake,general_stage2_core,barrier_stage3_gate,general_stage4_verify,general_stage5_verify","trap_lane,general_shared,private_barrier,general_shared,general_shared",00100,2,1,1,1,0,3,4,0.8,deep,deep,agent_deep__task_deep,3.0,4.685465,0.0679,7.753365,False,False,False,1,,,48536.0,stage1_n4__from__root__c04 > stage2_n2__from__n0004__c02 > stage3_n5__from__n0016__c04 > stage4_n3__from__n0055__c02 > stage5_n3__from__n0153__c03,[mms_issue]airplane_mode_on|bad_network_preference|bad_wifi_calling|break_apn_mms_setting|break_app_both_permissions|data_mode_off|data_usage_exceeded|unseat_sim_card|user_abroad_roaming_disabled_on[PERSONA:Hard]
direct_multistage_exp3,baseline,66,6,6,51,target_post_switch,target_favoring,True,target_safe_specialist_good,repair_subset,transfer,FDDDD,FDDDD,"F/F,D/D,D/D,D/D,D/D","general_stage1_intake,target_stage2_router,target_stage3_apn,target_stage4_repair,target_stage5_decision","general_shared,target_specialist,target_specialist,target_specialist,target_specialist",00000,1,1,1,0,0,4,5,1.0,deep,deep,agent_deep__task_deep,20.5,4.998085,0.07900000000000001,25.577085,False,False,False,1,,,53401.0,stage1_n1__from__root__c01 > stage2_n1__from__n0001__c01 > stage3_n1__from__n0006__c01 > stage4_n1__from__n0023__c01 > stage5_n2__from__n0074__c02,[mms_issue]airplane_mode_on|bad_network_preference|bad_wifi_calling|break_apn_mms_setting|break_app_both_permissions|data_mode_off|data_usage_exceeded|unseat_sim_card|user_abroad_roaming_enabled_off[PERSONA:Hard]
direct_multistage_exp3,baseline,67,6,7,45,target_post_switch,target_favoring,True,target_safe_specialist_good,repair_all,repair_all,FDDDD,FDDDD,"F/F,D/D,D/D,D/D,D/D","general_stage1_intake,target_stage2_router,target_stage3_apn,target_stage4_repair,target_stage5_verify","general_shared,target_specialist,target_specialist,target_specialist,target_specialist",00000,1,1,1,0,0,4,5,1.0,deep,deep,agent_deep__task_deep,0.0,4.22943,0.07750000000000001,4.3069299999999995,True,True,True,0,,,44709.0,stage1_n1__from__root__c01 > stage2_n1__from__n0001__c01 > stage3_n1__from__n0006__c01 > stage4_n1__from__n0023__c01 > stage5_n1__from__n0074__c01,[mms_issue]airplane_mode_on|bad_network_preference|bad_wifi_calling|break_apn_mms_setting|break_app_both_permissions|data_mode_off|unseat_sim_card|user_abroad_roaming_enabled_off[PERSONA:Hard]
direct_multistage_exp3,baseline,68,6,8,40,target_post_switch,target_favoring,True,neutral,repair_subset,transfer,FFDDD,FDDDD,"F/F,F/D,D/D,D/D,D/D","general_stage1_intake,trap_stage2_router,barrier_stage3_gate,general_stage4_repair,target_stage5_verify","general_shared,trap_lane,private_barrier,general_shared,target_specialist",00100,2,1,1,1,0,3,4,0.8,deep,deep,agent_deep__task_deep,19.5,4.551815,0.071,24.122815000000003,False,False,False,1,,,46486.0,stage1_n1__from__root__c01 > stage2_n3__from__n0001__c03 > stage3_n5__from__n0008__c03 > stage4_n2__from__n0031__c01 > stage5_n1__from__n0093__c01,[mms_issue]airplane_mode_on|bad_network_preference|bad_wifi_calling|break_apn_mms_setting|break_app_sms_permission|data_mode_off|data_usage_exceeded|unseat_sim_card|user_abroad_roaming_disabled_on[PERSONA:None]
direct_multistage_exp3,baseline,69,6,9,46,target_post_switch,target_favoring,True,neutral,repair_subset,repair_subset,DFFFD,FDDDD,"D/F,F/D,F/D,F/D,D/D","target_stage1_handoff,trap_stage2_router,trap_stage3_network,trap_stage4_execute,general_stage5_verify","general_shared,trap_lane,trap_lane,trap_lane,general_shared",00000,3,1,0,3,1,1,1,0.2,fast,deep,agent_fast__task_deep,5.0,5.67652,0.0595,10.73602,False,False,False,1,,,44998.0,stage1_n3__from__root__c03 > stage2_n3__from__n0003__c03 > stage3_n4__from__n0014__c02 > stage4_n4__from__n0048__c03 > stage5_n3__from__n0137__c02,[mms_issue]airplane_mode_on|bad_network_preference|bad_wifi_calling|break_apn_mms_setting|break_app_sms_permission|data_mode_off|data_usage_exceeded|unseat_sim_card|user_abroad_roaming_enabled_off[PERSONA:None]
direct_multistage_exp3,baseline,70,7,0,16,target_post_switch,target_favoring,True,neutral,repair_subset,transfer,DFFDD,FDDDD,"D/F,F/D,F/D,D/D,D/D","target_stage1_handoff,trap_stage2_router,trap_stage3_network,general_stage4_repair,target_stage5_decision","general_shared,trap_lane,trap_lane,general_shared,target_specialist",00000,2,1,0,2,1,2,2,0.4,deep,deep,agent_deep__task_deep,17.5,5.292065,0.06530000000000001,22.857365,False,False,False,1,,,48813.0,stage1_n3__from__root__c03 > stage2_n3__from__n0003__c03 > stage3_n4__from__n0014__c02 > stage4_n2__from__n0048__c01 > stage5_n2__from__n0135__c02,[mms_issue]airplane_mode_on|bad_network_preference|bad_wifi_calling|break_apn_mms_setting|break_app_sms_permission|data_mode_off|data_usage_exceeded|user_abroad_roaming_disabled_on[PERSONA:None]
direct_multistage_exp3,baseline,71,7,1,65,target_post_switch,target_favoring,True,target_safe_specialist_good,repair_all,repair_all,FDDDD,FDDDD,"F/F,D/D,D/D,D/D,D/D","general_stage1_intake,target_stage2_router,target_stage3_roaming,target_stage4_repair,target_stage5_decision","general_shared,target_specialist,target_specialist,target_specialist,target_specialist",00000,1,1,1,0,0,4,5,1.0,deep,deep,agent_deep__task_deep,0.0,5.430395,0.0758,5.506195,True,True,True,0,,,58712.0,stage1_n1__from__root__c01 > stage2_n1__from__n0001__c01 > stage3_n2__from__n0006__c02 > stage4_n1__from__n0024__c01 > stage5_n2__from__n0075__c02,[mms_issue]airplane_mode_on|bad_network_preference|bad_wifi_calling|break_apn_mms_setting|break_app_sms_permission|data_mode_off|unseat_sim_card|user_abroad_roaming_enabled_off[PERSONA:None]
direct_multistage_exp3,baseline,72,7,2,11,target_post_switch,target_favoring,True,target_safe_specialist_good,repair_subset,repair_subset,FDDDD,FDDDD,"F/F,D/D,D/D,D/D,D/D","general_stage1_intake,target_stage2_router,target_stage3_apn,target_stage4_repair,target_stage5_decision","general_shared,target_specialist,target_specialist,target_specialist,target_specialist",00000,1,1,1,0,0,4,5,1.0,deep,deep,agent_deep__task_deep,15.0,5.6168,0.07900000000000001,20.6958,False,False,True,0,,,62276.0,stage1_n1__from__root__c01 > stage2_n1__from__n0001__c01 > stage3_n1__from__n0006__c01 > stage4_n1__from__n0023__c01 > stage5_n2__from__n0074__c02,[mms_issue]airplane_mode_on|bad_network_preference|bad_wifi_calling|break_apn_mms_setting|break_app_storage_permission|data_mode_off|data_usage_exceeded|unseat_sim_card|user_abroad_roaming_disabled_on[PERSONA:Easy]
direct_multistage_exp3,baseline,73,7,3,17,target_post_switch,target_favoring,True,trap_like_bad,repair_subset,repair_subset,FFDDD,FDDDD,"F/F,F/D,D/D,D/D,D/D","trap_stage1_intake,general_stage2_core,general_stage3_network,general_stage4_repair,target_stage5_verify","trap_lane,general_shared,general_shared,general_shared,target_specialist",00000,2,1,1,1,0,3,4,0.8,deep,deep,agent_deep__task_deep,15.0,4.73781,0.06480000000000001,19.80261,False,False,False,1,,,49792.0,stage1_n4__from__root__c04 > stage2_n2__from__n0004__c02 > stage3_n3__from__n0016__c02 > stage4_n2__from__n0053__c01 > stage5_n1__from__n0146__c01,[mms_issue]airplane_mode_on|bad_network_preference|bad_wifi_calling|break_apn_mms_setting|break_app_storage_permission|data_mode_off|data_usage_exceeded|unseat_sim_card|user_abroad_roaming_enabled_off[PERSONA:Easy]
direct_multistage_exp3,baseline,74,7,4,67,target_post_switch,target_favoring,False,trap_like_bad,transfer,transfer,FDDDD,FDDDD,"F/F,D/D,D/D,D/D,D/D","trap_stage1_intake,target_stage2_router,target_stage3_apn,target_stage4_repair,target_stage5_verify","trap_lane,target_specialist,target_specialist,target_specialist,target_specialist",00000,1,1,1,0,0,4,5,1.0,deep,deep,agent_deep__task_deep,1.0,5.582375,0.0735,6.655875,False,False,True,0,,,60956.0,stage1_n4__from__root__c04 > stage2_n1__from__n0004__c01 > stage3_n1__from__n0015__c01 > stage4_n1__from__n0050__c01 > stage5_n1__from__n0143__c01,[mms_issue]airplane_mode_on|break_apn_mms_setting|break_app_both_permissions|user_abroad_roaming_disabled_off[PERSONA:None]
direct_multistage_exp3,baseline,75,7,5,35,target_post_switch,target_favoring,True,trap_like_bad,repair_subset,repair_subset,FDDDD,FDDDD,"F/F,D/D,D/D,D/D,D/D","trap_stage1_intake,target_stage2_router,target_stage3_roaming,target_stage4_repair,target_stage5_decision","trap_lane,target_specialist,target_specialist,target_specialist,target_specialist",00000,1,1,1,0,0,4,5,1.0,deep,deep,agent_deep__task_deep,2.0,5.114195,0.0752,7.189394999999999,True,True,False,1,,,55118.0,stage1_n4__from__root__c04 > stage2_n1__from__n0004__c01 > stage3_n2__from__n0015__c02 > stage4_n1__from__n0051__c01 > stage5_n2__from__n0144__c02,[mms_issue]airplane_mode_on|bad_network_preference|bad_wifi_calling|break_apn_mms_setting|break_app_both_permissions|data_mode_off|data_usage_exceeded|unseat_sim_card|user_abroad_roaming_disabled_on[PERSONA:Hard]
direct_multistage_exp3,baseline,76,7,6,51,target_post_switch,target_favoring,True,trap_like_bad,repair_subset,repair_subset,FFFFF,FDDDD,"F/F,F/D,F/D,F/D,F/D","trap_stage1_intake,general_stage2_core,trap_stage3_network,trap_stage4_execute,trap_stage5_terminal","trap_lane,general_shared,trap_lane,trap_lane,trap_lane",00000,5,1,1,4,0,0,1,0.2,fast,deep,agent_fast__task_deep,5.0,5.83808,0.05700000000000001,10.89508,False,False,False,1,,,41043.0,stage1_n4__from__root__c04 > stage2_n2__from__n0004__c02 > stage3_n4__from__n0016__c03 > stage4_n4__from__n0054__c03 > stage5_n4__from__n0150__c03,[mms_issue]airplane_mode_on|bad_network_preference|bad_wifi_calling|break_apn_mms_setting|break_app_both_permissions|data_mode_off|data_usage_exceeded|unseat_sim_card|user_abroad_roaming_enabled_off[PERSONA:Hard]
direct_multistage_exp3,baseline,77,7,7,45,target_post_switch,target_favoring,True,neutral,repair_all,repair_subset,DFDFF,FDDDD,"D/F,F/D,D/D,F/D,F/D","target_stage1_handoff,trap_stage2_router,barrier_stage3_gate,trap_stage4_execute,trap_stage5_terminal","general_shared,trap_lane,private_barrier,trap_lane,trap_lane",00100,3,1,0,3,1,1,1,0.2,fast,deep,agent_fast__task_deep,5.0,6.12437,0.0615,11.18587,False,False,False,1,,,45298.0,stage1_n3__from__root__c03 > stage2_n3__from__n0003__c03 > stage3_n5__from__n0014__c03 > stage4_n4__from__n0049__c03 > stage5_n4__from__n0141__c03,[mms_issue]airplane_mode_on|bad_network_preference|bad_wifi_calling|break_apn_mms_setting|break_app_both_permissions|data_mode_off|unseat_sim_card|user_abroad_roaming_enabled_off[PERSONA:Hard]
direct_multistage_exp3,baseline,78,7,8,40,target_post_switch,target_favoring,True,trap_like_bad,repair_subset,repair_subset,FDDDD,FDDDD,"F/F,D/D,D/D,D/D,D/D","trap_stage1_intake,target_stage2_router,target_stage3_roaming,target_stage4_repair,target_stage5_decision","trap_lane,target_specialist,target_specialist,target_specialist,target_specialist",00000,1,1,1,0,0,4,5,1.0,deep,deep,agent_deep__task_deep,19.0,4.32123,0.0752,23.39643,False,False,True,0,,,46860.0,stage1_n4__from__root__c04 > stage2_n1__from__n0004__c01 > stage3_n2__from__n0015__c02 > stage4_n1__from__n0051__c01 > stage5_n2__from__n0144__c02,[mms_issue]airplane_mode_on|bad_network_preference|bad_wifi_calling|break_apn_mms_setting|break_app_sms_permission|data_mode_off|data_usage_exceeded|unseat_sim_card|user_abroad_roaming_disabled_on[PERSONA:None]
direct_multistage_exp3,baseline,79,7,9,46,target_post_switch,target_favoring,True,target_safe_specialist_good,repair_subset,repair_subset,DDDDD,FDDDD,"D/F,D/D,D/D,D/D,D/D","general_stage1_verify,target_stage2_router,target_stage3_apn,target_stage4_repair,target_stage5_decision","general_shared,target_specialist,target_specialist,target_specialist,target_specialist",00000,0,1,0,0,1,4,4,0.8,deep,deep,agent_deep__task_deep,14.0,5.11342,0.0772,19.19062,False,False,False,1,,,52252.0,stage1_n2__from__root__c02 > stage2_n1__from__n0002__c01 > stage3_n1__from__n0009__c01 > stage4_n1__from__n0032__c01 > stage5_n2__from__n0097__c02,[mms_issue]airplane_mode_on|bad_network_preference|bad_wifi_calling|break_apn_mms_setting|break_app_sms_permission|data_mode_off|data_usage_exceeded|unseat_sim_card|user_abroad_roaming_enabled_off[PERSONA:None]
direct_multistage_exp3,baseline,80,8,0,16,target_post_switch,target_favoring,True,target_safe_specialist_good,repair_subset,transfer,DFDDD,FDDDD,"D/F,F/D,D/D,D/D,D/D","target_stage1_handoff,general_stage2_core,target_stage3_roaming,target_stage4_repair,target_stage5_verify","general_shared,general_shared,target_specialist,target_specialist,target_specialist",00000,1,1,0,1,1,3,3,0.6,deep,deep,agent_deep__task_deep,17.5,4.973665,0.0741,22.547765000000002,False,False,False,1,,,48896.0,stage1_n3__from__root__c03 > stage2_n2__from__n0003__c02 > stage3_n2__from__n0013__c01 > stage4_n1__from__n0043__c01 > stage5_n1__from__n0122__c01,[mms_issue]airplane_mode_on|bad_network_preference|bad_wifi_calling|break_apn_mms_setting|break_app_sms_permission|data_mode_off|data_usage_exceeded|user_abroad_roaming_disabled_on[PERSONA:None]
direct_multistage_exp3,baseline,81,8,1,65,target_post_switch,target_favoring,True,target_safe_specialist_good,repair_all,transfer,FDDDD,FDDDD,"F/F,D/D,D/D,D/D,D/D","general_stage1_intake,target_stage2_router,target_stage3_roaming,target_stage4_repair,target_stage5_verify","general_shared,target_specialist,target_specialist,target_specialist,target_specialist",00000,1,1,1,0,0,4,5,1.0,deep,deep,agent_deep__task_deep,18.5,5.505705,0.0752,24.080904999999998,False,False,True,0,,,59799.0,stage1_n1__from__root__c01 > stage2_n1__from__n0001__c01 > stage3_n2__from__n0006__c02 > stage4_n1__from__n0024__c01 > stage5_n1__from__n0075__c01,[mms_issue]airplane_mode_on|bad_network_preference|bad_wifi_calling|break_apn_mms_setting|break_app_sms_permission|data_mode_off|unseat_sim_card|user_abroad_roaming_enabled_off[PERSONA:None]
direct_multistage_exp3,baseline,82,8,2,11,target_post_switch,target_favoring,True,neutral,repair_subset,transfer,DFDDD,FDDDD,"D/F,F/D,D/D,D/D,D/D","general_stage1_verify,trap_stage2_router,general_stage3_network,general_stage4_verify,target_stage5_verify","general_shared,trap_lane,general_shared,general_shared,target_specialist",00000,1,1,0,1,1,3,3,0.6,deep,deep,agent_deep__task_deep,19.5,5.151275,0.06820000000000001,24.719475000000003,False,False,False,1,,,50652.0,stage1_n2__from__root__c02 > stage2_n3__from__n0002__c03 > stage3_n3__from__n0011__c01 > stage4_n3__from__n0038__c02 > stage5_n1__from__n0111__c01,[mms_issue]airplane_mode_on|bad_network_preference|bad_wifi_calling|break_apn_mms_setting|break_app_storage_permission|data_mode_off|data_usage_exceeded|unseat_sim_card|user_abroad_roaming_disabled_on[PERSONA:Easy]
direct_multistage_exp3,baseline,83,8,3,17,target_post_switch,target_favoring,True,target_safe_specialist_good,repair_subset,repair_subset,FFDDD,FDDDD,"F/F,F/D,D/D,D/D,D/D","general_stage1_intake,general_stage2_core,target_stage3_roaming,target_stage4_repair,target_stage5_verify","general_shared,general_shared,target_specialist,target_specialist,target_specialist",00000,2,1,1,1,0,3,4,0.8,deep,deep,agent_deep__task_deep,15.0,4.76637,0.0742,19.84057,False,False,False,1,,,49876.0,stage1_n1__from__root__c01 > stage2_n2__from__n0001__c02 > stage3_n2__from__n0007__c01 > stage4_n1__from__n0025__c01 > stage5_n1__from__n0076__c01,[mms_issue]airplane_mode_on|bad_network_preference|bad_wifi_calling|break_apn_mms_setting|break_app_storage_permission|data_mode_off|data_usage_exceeded|unseat_sim_card|user_abroad_roaming_enabled_off[PERSONA:Easy]
direct_multistage_exp3,baseline,84,8,4,67,target_post_switch,target_favoring,False,target_safe_majority_bad,transfer,transfer,DDDDD,FDDDD,"D/F,D/D,D/D,D/D,D/D","general_stage1_verify,target_stage2_router,target_stage3_apn,target_stage4_repair,target_stage5_verify","general_shared,target_specialist,target_specialist,target_specialist,target_specialist",00000,0,1,0,0,1,4,4,0.8,deep,deep,agent_deep__task_deep,1.0,5.00628,0.07600000000000001,6.082280000000001,False,False,True,0,,,51267.0,stage1_n2__from__root__c02 > stage2_n1__from__n0002__c01 > stage3_n1__from__n0009__c01 > stage4_n1__from__n0032__c01 > stage5_n1__from__n0097__c01,[mms_issue]airplane_mode_on|break_apn_mms_setting|break_app_both_permissions|user_abroad_roaming_disabled_off[PERSONA:None]
direct_multistage_exp3,baseline,85,8,5,35,target_post_switch,target_favoring,True,trap_like_bad,repair_subset,repair_subset,FFDDD,FDDDD,"F/F,F/D,D/D,D/D,D/D","trap_stage1_intake,trap_stage2_router,barrier_stage3_gate,general_stage4_verify,target_stage5_verify","trap_lane,trap_lane,private_barrier,general_shared,target_specialist",00100,2,1,1,1,0,3,4,0.8,deep,deep,agent_deep__task_deep,3.0,4.68538,0.0649,7.75028,False,False,False,1,,,48535.0,stage1_n4__from__root__c04 > stage2_n3__from__n0004__c03 > stage3_n5__from__n0017__c03 > stage4_n3__from__n0058__c02 > stage5_n1__from__n0163__c01,[mms_issue]airplane_mode_on|bad_network_preference|bad_wifi_calling|break_apn_mms_setting|break_app_both_permissions|data_mode_off|data_usage_exceeded|unseat_sim_card|user_abroad_roaming_disabled_on[PERSONA:Hard]
direct_multistage_exp3,baseline,86,8,6,51,target_post_switch,target_favoring,True,target_safe_specialist_good,repair_subset,transfer,DDDDD,FDDDD,"D/F,D/D,D/D,D/D,D/D","general_stage1_verify,target_stage2_router,target_stage3_apn,target_stage4_repair,target_stage5_decision","general_shared,target_specialist,target_specialist,target_specialist,target_specialist",00000,0,1,0,0,1,4,4,0.8,deep,deep,agent_deep__task_deep,21.5,5.822985,0.0772,27.400185,False,False,False,1,,,61959.0,stage1_n2__from__root__c02 > stage2_n1__from__n0002__c01 > stage3_n1__from__n0009__c01 > stage4_n1__from__n0032__c01 > stage5_n2__from__n0097__c02,[mms_issue]airplane_mode_on|bad_network_preference|bad_wifi_calling|break_apn_mms_setting|break_app_both_permissions|data_mode_off|data_usage_exceeded|unseat_sim_card|user_abroad_roaming_enabled_off[PERSONA:Hard]
direct_multistage_exp3,baseline,87,8,7,45,target_post_switch,target_favoring,True,target_safe_specialist_good,repair_all,repair_all,FDDDD,FDDDD,"F/F,D/D,D/D,D/D,D/D","general_stage1_intake,target_stage2_router,target_stage3_apn,target_stage4_repair,target_stage5_verify","general_shared,target_specialist,target_specialist,target_specialist,target_specialist",00000,1,1,1,0,0,4,5,1.0,deep,deep,agent_deep__task_deep,0.0,4.22943,0.07750000000000001,4.3069299999999995,True,True,True,0,,,44709.0,stage1_n1__from__root__c01 > stage2_n1__from__n0001__c01 > stage3_n1__from__n0006__c01 > stage4_n1__from__n0023__c01 > stage5_n1__from__n0074__c01,[mms_issue]airplane_mode_on|bad_network_preference|bad_wifi_calling|break_apn_mms_setting|break_app_both_permissions|data_mode_off|unseat_sim_card|user_abroad_roaming_enabled_off[PERSONA:Hard]
direct_multistage_exp3,baseline,88,8,8,40,target_post_switch,target_favoring,True,neutral,repair_subset,repair_subset,DFFFF,FDDDD,"D/F,F/D,F/D,F/D,F/D","general_stage1_verify,trap_stage2_router,trap_stage3_network,trap_stage4_execute,trap_stage5_terminal","general_shared,trap_lane,trap_lane,trap_lane,trap_lane",00000,4,1,0,4,1,0,0,0.0,fast,deep,agent_fast__task_deep,15.0,5.03754,0.05600000000000001,20.093539999999997,False,False,False,1,,,35547.0,stage1_n2__from__root__c02 > stage2_n3__from__n0002__c03 > stage3_n4__from__n0011__c02 > stage4_n4__from__n0039__c03 > stage5_n4__from__n0114__c03,[mms_issue]airplane_mode_on|bad_network_preference|bad_wifi_calling|break_apn_mms_setting|break_app_sms_permission|data_mode_off|data_usage_exceeded|unseat_sim_card|user_abroad_roaming_disabled_on[PERSONA:None]
direct_multistage_exp3,baseline,89,8,9,46,target_post_switch,target_favoring,True,target_safe_specialist_good,repair_subset,repair_subset,DDDDD,FDDDD,"D/F,D/D,D/D,D/D,D/D","general_stage1_verify,target_stage2_router,target_stage3_roaming,target_stage4_repair,target_stage5_decision","general_shared,target_specialist,target_specialist,target_specialist,target_specialist",00000,0,1,0,0,1,4,4,0.8,deep,deep,agent_deep__task_deep,4.0,5.57378,0.0753,9.649080000000001,False,False,False,1,,,58250.0,stage1_n2__from__root__c02 > stage2_n1__from__n0002__c01 > stage3_n2__from__n0009__c02 > stage4_n1__from__n0033__c01 > stage5_n2__from__n0098__c02,[mms_issue]airplane_mode_on|bad_network_preference|bad_wifi_calling|break_apn_mms_setting|break_app_sms_permission|data_mode_off|data_usage_exceeded|unseat_sim_card|user_abroad_roaming_enabled_off[PERSONA:None]
direct_multistage_exp3,baseline,90,9,0,16,target_post_switch,target_favoring,True,target_decoy_medium,repair_subset,repair_subset,FFDDD,FDDDD,"F/F,F/D,D/D,D/D,D/D","general_stage1_intake,general_stage2_core,barrier_stage3_gate,barrier_stage4_gate,barrier_stage5_transfer","general_shared,general_shared,private_barrier,private_barrier,private_barrier",00111,2,1,1,1,0,3,4,0.8,deep,deep,agent_deep__task_deep,3.0,4.435715,0.07640000000000001,7.512115,False,False,False,1,,,45966.0,stage1_n1__from__root__c01 > stage2_n2__from__n0001__c02 > stage3_n5__from__n0007__c04 > stage4_n5__from__n0028__c04 > stage5_n5__from__n0086__c03,[mms_issue]airplane_mode_on|bad_network_preference|bad_wifi_calling|break_apn_mms_setting|break_app_sms_permission|data_mode_off|data_usage_exceeded|user_abroad_roaming_disabled_on[PERSONA:None]
direct_multistage_exp3,baseline,91,9,1,65,target_post_switch,target_favoring,True,neutral,repair_all,repair_all,DFDDD,FDDDD,"D/F,F/D,D/D,D/D,D/D","target_stage1_handoff,trap_stage2_router,general_stage3_network,general_stage4_repair,target_stage5_verify","general_shared,trap_lane,general_shared,general_shared,target_specialist",00000,1,1,0,1,1,3,3,0.6,deep,deep,agent_deep__task_deep,0.0,4.744505,0.0682,4.812705,True,True,True,0,,,46014.0,stage1_n3__from__root__c03 > stage2_n3__from__n0003__c03 > stage3_n3__from__n0014__c01 > stage4_n2__from__n0047__c01 > stage5_n1__from__n0133__c01,[mms_issue]airplane_mode_on|bad_network_preference|bad_wifi_calling|break_apn_mms_setting|break_app_sms_permission|data_mode_off|unseat_sim_card|user_abroad_roaming_enabled_off[PERSONA:None]
direct_multistage_exp3,baseline,92,9,2,11,target_post_switch,target_favoring,True,trap_like_bad,repair_subset,transfer,FDDDF,FDDDD,"F/F,D/D,D/D,D/D,F/D","trap_stage1_intake,general_stage2_roaming,barrier_stage3_gate,general_stage4_verify,trap_stage5_terminal","trap_lane,general_shared,private_barrier,general_shared,trap_lane",00100,2,1,1,1,0,3,4,0.8,deep,deep,agent_deep__task_deep,18.5,5.013615,0.06470000000000001,23.578314999999996,False,False,False,1,,,46580.0,stage1_n4__from__root__c04 > stage2_n4__from__n0004__c04 > stage3_n5__from__n0018__c03 > stage4_n3__from__n0061__c02 > stage5_n4__from__n0173__c04,[mms_issue]airplane_mode_on|bad_network_preference|bad_wifi_calling|break_apn_mms_setting|break_app_storage_permission|data_mode_off|data_usage_exceeded|unseat_sim_card|user_abroad_roaming_disabled_on[PERSONA:Easy]
direct_multistage_exp3,baseline,93,9,3,17,target_post_switch,target_favoring,True,target_safe_specialist_good,repair_subset,repair_all,FDDDD,FDDDD,"F/F,D/D,D/D,D/D,D/D","general_stage1_intake,target_stage2_router,target_stage3_apn,target_stage4_repair,target_stage5_verify","general_shared,target_specialist,target_specialist,target_specialist,target_specialist",00000,1,1,1,0,0,4,5,1.0,deep,deep,agent_deep__task_deep,3.5,5.338765,0.07750000000000001,8.916265000000001,False,False,True,0,,,57367.0,stage1_n1__from__root__c01 > stage2_n1__from__n0001__c01 > stage3_n1__from__n0006__c01 > stage4_n1__from__n0023__c01 > stage5_n1__from__n0074__c01,[mms_issue]airplane_mode_on|bad_network_preference|bad_wifi_calling|break_apn_mms_setting|break_app_storage_permission|data_mode_off|data_usage_exceeded|unseat_sim_card|user_abroad_roaming_enabled_off[PERSONA:Easy]
direct_multistage_exp3,baseline,94,9,4,67,target_post_switch,target_favoring,False,trap_like_bad,transfer,transfer,FDFDD,FDDDD,"F/F,D/D,F/D,D/D,D/D","trap_stage1_intake,barrier_stage2_gate,trap_stage3_network,general_stage4_repair,target_stage5_verify","trap_lane,private_barrier,trap_lane,general_shared,target_specialist",01000,2,1,1,1,0,3,4,0.8,deep,deep,agent_deep__task_deep,1.0,4.61943,0.0675,5.68693,False,False,True,0,,,46676.0,stage1_n4__from__root__c04 > stage2_n5__from__n0004__c05 > stage3_n4__from__n0019__c02 > stage4_n2__from__n0063__c01 > stage5_n1__from__n0178__c01,[mms_issue]airplane_mode_on|break_apn_mms_setting|break_app_both_permissions|user_abroad_roaming_disabled_off[PERSONA:None]
direct_multistage_exp3,baseline,95,9,5,35,target_post_switch,target_favoring,True,neutral,repair_subset,repair_subset,DFDDD,FDDDD,"D/F,F/D,D/D,D/D,D/D","target_stage1_handoff,trap_stage2_router,general_stage3_network,general_stage4_repair,target_stage5_decision","general_shared,trap_lane,general_shared,general_shared,target_specialist",00000,1,1,0,1,1,3,3,0.6,deep,deep,agent_deep__task_deep,3.0,5.298035,0.0691,8.367135,False,False,False,1,,,52763.0,stage1_n3__from__root__c03 > stage2_n3__from__n0003__c03 > stage3_n3__from__n0014__c01 > stage4_n2__from__n0047__c01 > stage5_n2__from__n0133__c02,[mms_issue]airplane_mode_on|bad_network_preference|bad_wifi_calling|break_apn_mms_setting|break_app_both_permissions|data_mode_off|data_usage_exceeded|unseat_sim_card|user_abroad_roaming_disabled_on[PERSONA:Hard]
direct_multistage_exp3,baseline,96,9,6,51,target_post_switch,target_favoring,True,target_safe_specialist_good,repair_subset,transfer,FDDDD,FDDDD,"F/F,D/D,D/D,D/D,D/D","general_stage1_intake,target_stage2_router,target_stage3_apn,target_stage4_repair,target_stage5_decision","general_shared,target_specialist,target_specialist,target_specialist,target_specialist",00000,1,1,1,0,0,4,5,1.0,deep,deep,agent_deep__task_deep,21.5,4.83463,0.07900000000000001,26.41363,False,False,False,1,,,51856.0,stage1_n1__from__root__c01 > stage2_n1__from__n0001__c01 > stage3_n1__from__n0006__c01 > stage4_n1__from__n0023__c01 > stage5_n2__from__n0074__c02,[mms_issue]airplane_mode_on|bad_network_preference|bad_wifi_calling|break_apn_mms_setting|break_app_both_permissions|data_mode_off|data_usage_exceeded|unseat_sim_card|user_abroad_roaming_enabled_off[PERSONA:Hard]
direct_multistage_exp3,baseline,97,9,7,45,target_post_switch,target_favoring,True,trap_like_bad,repair_all,transfer,FFDDD,FDDDD,"F/F,F/D,D/D,D/D,D/D","trap_stage1_intake,general_stage2_core,target_stage3_roaming,target_stage4_repair,target_stage5_verify","trap_lane,general_shared,target_specialist,target_specialist,target_specialist",00000,2,1,1,1,0,3,4,0.8,deep,deep,agent_deep__task_deep,18.5,5.29841,0.07010000000000001,23.86851,False,False,True,0,,,55111.0,stage1_n4__from__root__c04 > stage2_n2__from__n0004__c02 > stage3_n2__from__n0016__c01 > stage4_n1__from__n0052__c01 > stage5_n1__from__n0145__c01,[mms_issue]airplane_mode_on|bad_network_preference|bad_wifi_calling|break_apn_mms_setting|break_app_both_permissions|data_mode_off|unseat_sim_card|user_abroad_roaming_enabled_off[PERSONA:Hard]
direct_multistage_exp3,baseline,98,9,8,40,target_post_switch,target_favoring,True,target_safe_specialist_good,repair_subset,repair_subset,FDDDD,FDDDD,"F/F,D/D,D/D,D/D,D/D","general_stage1_intake,target_stage2_router,target_stage3_apn,target_stage4_repair,target_stage5_verify","general_shared,target_specialist,target_specialist,target_specialist,target_specialist",00000,1,1,1,0,0,4,5,1.0,deep,deep,agent_deep__task_deep,2.0,5.727725,0.07750000000000001,7.805225,True,True,False,1,,,62981.0,stage1_n1__from__root__c01 > stage2_n1__from__n0001__c01 > stage3_n1__from__n0006__c01 > stage4_n1__from__n0023__c01 > stage5_n1__from__n0074__c01,[mms_issue]airplane_mode_on|bad_network_preference|bad_wifi_calling|break_apn_mms_setting|break_app_sms_permission|data_mode_off|data_usage_exceeded|unseat_sim_card|user_abroad_roaming_disabled_on[PERSONA:None]
direct_multistage_exp3,baseline,99,9,9,46,target_post_switch,target_favoring,True,target_safe_specialist_good,repair_subset,transfer,DDDDD,FDDDD,"D/F,D/D,D/D,D/D,D/D","target_stage1_handoff,target_stage2_router,target_stage3_apn,target_stage4_repair,target_stage5_decision","general_shared,target_specialist,target_specialist,target_specialist,target_specialist",00000,0,1,0,0,1,4,4,0.8,deep,deep,agent_deep__task_deep,20.5,5.57106,0.07790000000000001,26.14896,False,False,False,1,,,57126.0,stage1_n3__from__root__c03 > stage2_n1__from__n0003__c01 > stage3_n1__from__n0012__c01 > stage4_n1__from__n0041__c01 > stage5_n2__from__n0120__c02,[mms_issue]airplane_mode_on|bad_network_preference|bad_wifi_calling|break_apn_mms_setting|break_app_sms_permission|data_mode_off|data_usage_exceeded|unseat_sim_card|user_abroad_roaming_enabled_off[PERSONA:None]
direct_multistage_exp3_local,baseline,0,0,0,19,trap_pre_switch,trap_favoring,False,neutral,repair_all,repair_all,FDFDD,FFFFF,"F/F,D/F,F/F,D/F,D/F","barrier_stage1_gate,barrier_stage2_gate,trap_stage3_network,general_stage4_verify,general_stage5_verify","private_barrier,private_barrier,trap_lane,general_shared,general_shared",11000,2,5,2,0,3,0,2,0.4,deep,fast,agent_deep__task_fast,1.5,5.131265,0.0709,6.702165,False,False,True,0,,,43376.0,stage1_n5__from__root__c05 > stage2_n5__from__n0005__c03 > stage3_n4__from__n0022__c02 > stage4_n3__from__n0072__c02 > stage5_n3__from__n0209__c03,[mms_issue]airplane_mode_on|bad_network_preference|break_app_sms_permission[PERSONA:Hard]
direct_multistage_exp3_local,baseline,1,0,1,13,trap_pre_switch,trap_favoring,False,neutral,repair_all,repair_all,DFDDD,FFFFF,"D/F,F/F,D/F,D/F,D/F","general_stage1_verify,trap_stage2_router,general_stage3_network,general_stage4_repair,target_stage5_decision","general_shared,trap_lane,general_shared,general_shared,target_specialist",00000,1,5,1,0,4,0,1,0.2,deep,fast,agent_deep__task_fast,0.0,4.557615,0.0669,4.624515000000001,True,True,True,0,,,37362.0,stage1_n2__from__root__c02 > stage2_n3__from__n0002__c03 > stage3_n3__from__n0011__c01 > stage4_n2__from__n0038__c01 > stage5_n2__from__n0110__c02,[mms_issue]airplane_mode_on|bad_wifi_calling|break_app_sms_permission[PERSONA:None]
direct_multistage_exp3_local,baseline,2,0,2,7,trap_pre_switch,trap_favoring,False,neutral,repair_all,repair_all,FDDDD,FFFFF,"F/F,D/F,D/F,D/F,D/F","barrier_stage1_gate,general_stage2_roaming,general_stage3_network,general_stage4_verify,general_stage5_verify","private_barrier,general_shared,general_shared,general_shared,general_shared",10000,1,5,1,0,4,0,1,0.2,deep,fast,agent_deep__task_fast,0.0,4.70541,0.07020000000000001,4.7756099999999995,True,True,True,0,,,38022.0,stage1_n5__from__root__c05 > stage2_n4__from__n0005__c02 > stage3_n3__from__n0021__c01 > stage4_n3__from__n0068__c02 > stage5_n3__from__n0197__c03,[mms_issue]airplane_mode_on|bad_wifi_calling|break_app_storage_permission[PERSONA:Easy]
direct_multistage_exp3_local,baseline,3,0,3,25,trap_pre_switch,trap_favoring,False,neutral,repair_subset,repair_subset,DFDDD,FFFFF,"D/F,F/F,D/F,D/F,D/F","general_stage1_verify,trap_stage2_router,barrier_stage3_gate,barrier_stage4_gate,barrier_stage5_transfer","general_shared,trap_lane,private_barrier,private_barrier,private_barrier",00111,1,5,1,0,4,0,1,0.2,deep,fast,agent_deep__task_fast,6.0,5.013355,0.07840000000000001,11.091755,False,False,False,1,,,40960.0,stage1_n2__from__root__c02 > stage2_n3__from__n0002__c03 > stage3_n5__from__n0011__c03 > stage4_n5__from__n0040__c04 > stage5_n5__from__n0119__c03,[mms_issue]airplane_mode_on|break_app_both_permissions|data_usage_exceeded[PERSONA:Hard]
direct_multistage_exp3_local,baseline,4,0,4,36,trap_pre_switch,trap_favoring,False,neutral,repair_all,repair_all,DFDFD,FFFFF,"D/F,F/F,D/F,F/F,D/F","general_stage1_verify,general_stage2_core,barrier_stage3_gate,trap_stage4_execute,general_stage5_verify","general_shared,general_shared,private_barrier,trap_lane,general_shared",00100,2,5,2,0,3,0,2,0.4,deep,fast,agent_deep__task_fast,1.5,4.10925,0.066,5.67525,False,False,True,0,,,36576.0,stage1_n2__from__root__c02 > stage2_n2__from__n0002__c02 > stage3_n5__from__n0010__c04 > stage4_n4__from__n0037__c03 > stage5_n3__from__n0108__c02,[mms_issue]airplane_mode_on|break_app_storage_permission[PERSONA:Easy]
direct_multistage_exp3_local,baseline,5,0,5,18,trap_pre_switch,trap_favoring,False,neutral,repair_all,repair_all,FFFDD,FFFFF,"F/F,F/F,F/F,D/F,D/F","general_stage1_intake,general_stage2_core,trap_stage3_network,barrier_stage4_gate,barrier_stage5_transfer","general_shared,general_shared,trap_lane,private_barrier,private_barrier",00011,3,5,3,0,2,0,3,0.6,fast,fast,agent_fast__task_fast,1.5,3.47242,0.074,5.04642,False,False,True,0,,,31258.0,stage1_n1__from__root__c01 > stage2_n2__from__n0001__c02 > stage3_n4__from__n0007__c03 > stage4_n5__from__n0027__c04 > stage5_n5__from__n0082__c03,[mms_issue]bad_network_preference[PERSONA:None]
direct_multistage_exp3_local,baseline,6,0,6,24,trap_pre_switch,trap_favoring,False,neutral,repair_all,repair_all,DFDDD,FFFFF,"D/F,F/F,D/F,D/F,D/F","target_stage1_handoff,trap_stage2_router,general_stage3_network,general_stage4_verify,general_stage5_verify","general_shared,trap_lane,general_shared,general_shared,general_shared",00000,1,5,1,0,4,0,1,0.2,deep,fast,agent_deep__task_fast,1.5,4.51893,0.0661,6.08503,False,False,True,0,,,37341.0,stage1_n3__from__root__c03 > stage2_n3__from__n0003__c03 > stage3_n3__from__n0014__c01 > stage4_n3__from__n0047__c02 > stage5_n3__from__n0134__c03,[mms_issue]bad_network_preference|break_app_storage_permission[PERSONA:None]
direct_multistage_exp3_local,baseline,7,0,7,23,trap_pre_switch,trap_favoring,False,neutral,repair_all,repair_all,FFFDD,FFFFF,"F/F,F/F,F/F,D/F,D/F","general_stage1_intake,trap_stage2_router,trap_stage3_network,barrier_stage4_gate,barrier_stage5_transfer","general_shared,trap_lane,trap_lane,private_barrier,private_barrier",00011,3,5,3,0,2,0,3,0.6,fast,fast,agent_fast__task_fast,0.0,8.31543,0.0712,8.386629999999998,True,True,True,0,,,72303.0,stage1_n1__from__root__c01 > stage2_n3__from__n0001__c03 > stage3_n4__from__n0008__c02 > stage4_n5__from__n0030__c04 > stage5_n5__from__n0092__c03,[mms_issue]bad_wifi_calling[PERSONA:Easy]
direct_multistage_exp3_local,baseline,8,0,8,61,trap_pre_switch,trap_favoring,False,neutral,repair_all,repair_all,FFDDD,FFFFF,"F/F,F/F,D/F,D/F,D/F","general_stage1_intake,general_stage2_core,barrier_stage3_gate,general_stage4_repair,target_stage5_verify","general_shared,general_shared,private_barrier,general_shared,target_specialist",00100,2,5,2,0,3,0,2,0.4,deep,fast,agent_deep__task_fast,0.0,4.243585,0.0716,4.3151850000000005,True,True,True,0,,,35857.0,stage1_n1__from__root__c01 > stage2_n2__from__n0001__c02 > stage3_n5__from__n0007__c04 > stage4_n2__from__n0028__c01 > stage5_n1__from__n0083__c01,[mms_issue]bad_wifi_calling|break_app_storage_permission[PERSONA:Easy]
direct_multistage_exp3_local,baseline,9,0,9,0,trap_pre_switch,trap_favoring,False,neutral,repair_all,repair_all,FFFDD,FFFFF,"F/F,F/F,F/F,D/F,D/F","barrier_stage1_gate,trap_stage2_router,trap_stage3_network,general_stage4_repair,target_stage5_decision","private_barrier,trap_lane,trap_lane,general_shared,target_specialist",10000,3,5,3,0,2,0,3,0.6,fast,fast,agent_fast__task_fast,1.5,4.18752,0.0678,5.75532,False,False,True,0,,,37428.0,stage1_n5__from__root__c05 > stage2_n3__from__n0005__c01 > stage3_n4__from__n0020__c02 > stage4_n2__from__n0066__c01 > stage5_n2__from__n0188__c02,[mms_issue]break_app_both_permissions[PERSONA:Hard]
direct_multistage_exp3_local,baseline,10,1,0,19,trap_pre_switch,trap_favoring,False,trap_like_good,repair_all,repair_all,FFDDD,FFFFF,"F/F,F/F,D/F,D/F,D/F","trap_stage1_intake,trap_stage2_router,general_stage3_network,general_stage4_repair,target_stage5_decision","trap_lane,trap_lane,general_shared,general_shared,target_specialist",00000,2,5,2,0,3,0,2,0.4,deep,fast,agent_deep__task_fast,1.5,4.88434,0.061700000000000005,6.44604,False,False,True,0,,,41077.0,stage1_n4__from__root__c04 > stage2_n3__from__n0004__c03 > stage3_n3__from__n0017__c01 > stage4_n2__from__n0056__c01 > stage5_n2__from__n0156__c02,[mms_issue]airplane_mode_on|bad_network_preference|break_app_sms_permission[PERSONA:Hard]
direct_multistage_exp3_local,baseline,11,1,1,13,trap_pre_switch,trap_favoring,False,neutral,repair_all,repair_all,FFFFF,FFFFF,"F/F,F/F,F/F,F/F,F/F","barrier_stage1_gate,trap_stage2_router,trap_stage3_network,trap_stage4_execute,trap_stage5_terminal","private_barrier,trap_lane,trap_lane,trap_lane,trap_lane",10000,5,5,5,0,0,0,5,1.0,fast,fast,agent_fast__task_fast,0.0,2.95392,0.0595,3.01342,True,True,True,0,,,32127.0,stage1_n5__from__root__c05 > stage2_n3__from__n0005__c01 > stage3_n4__from__n0020__c02 > stage4_n4__from__n0066__c03 > stage5_n4__from__n0190__c03,[mms_issue]airplane_mode_on|bad_wifi_calling|break_app_sms_permission[PERSONA:None]
direct_multistage_exp3_local,baseline,12,1,2,7,trap_pre_switch,trap_favoring,False,trap_like_good,repair_all,repair_all,FFDFF,FFFFF,"F/F,F/F,D/F,F/F,F/F","trap_stage1_intake,trap_stage2_router,barrier_stage3_gate,trap_stage4_execute,trap_stage5_terminal","trap_lane,trap_lane,private_barrier,trap_lane,trap_lane",00100,4,5,4,0,1,0,4,0.8,fast,fast,agent_fast__task_fast,0.0,3.219775,0.0581,3.277875,True,True,True,0,,,32449.0,stage1_n4__from__root__c04 > stage2_n3__from__n0004__c03 > stage3_n5__from__n0017__c03 > stage4_n4__from__n0058__c03 > stage5_n4__from__n0164__c03,[mms_issue]airplane_mode_on|bad_wifi_calling|break_app_storage_permission[PERSONA:Easy]
direct_multistage_exp3_local,baseline,13,1,3,25,trap_pre_switch,trap_favoring,False,trap_safe_overcautious,repair_subset,repair_subset,DFDDD,FFFFF,"D/F,F/F,D/F,D/F,D/F","target_stage1_handoff,general_stage2_core,general_stage3_network,general_stage4_verify,target_stage5_decision","general_shared,general_shared,general_shared,general_shared,target_specialist",00000,1,5,1,0,4,0,1,0.2,deep,fast,agent_deep__task_fast,6.0,4.59694,0.0692,10.66614,False,False,False,1,,,37702.0,stage1_n3__from__root__c03 > stage2_n2__from__n0003__c02 > stage3_n3__from__n0013__c02 > stage4_n3__from__n0044__c02 > stage5_n2__from__n0124__c02,[mms_issue]airplane_mode_on|break_app_both_permissions|data_usage_exceeded[PERSONA:Hard]
direct_multistage_exp3_local,baseline,14,1,4,36,trap_pre_switch,trap_favoring,False,trap_safe_overcautious,repair_all,repair_all,FDDDD,FFFFF,"F/F,D/F,D/F,D/F,D/F","general_stage1_intake,target_stage2_router,target_stage3_roaming,target_stage4_repair,target_stage5_verify","general_shared,target_specialist,target_specialist,target_specialist,target_specialist",00000,1,5,1,0,4,0,1,0.2,deep,fast,agent_deep__task_fast,1.5,4.7248,0.0752,6.3,False,False,True,0,,,38482.0,stage1_n1__from__root__c01 > stage2_n1__from__n0001__c01 > stage3_n2__from__n0006__c02 > stage4_n1__from__n0024__c01 > stage5_n1__from__n0075__c01,[mms_issue]airplane_mode_on|break_app_storage_permission[PERSONA:Easy]
direct_multistage_exp3_local,baseline,15,1,5,18,trap_pre_switch,trap_favoring,False,neutral,repair_all,repair_all,FFDDD,FFFFF,"F/F,F/F,D/F,D/F,D/F","general_stage1_intake,trap_stage2_router,barrier_stage3_gate,barrier_stage4_gate,barrier_stage5_transfer","general_shared,trap_lane,private_barrier,private_barrier,private_barrier",00111,2,5,2,0,3,0,2,0.4,deep,fast,agent_deep__task_fast,1.5,3.66275,0.0746,5.23735,False,False,True,0,,,31346.0,stage1_n1__from__root__c01 > stage2_n3__from__n0001__c03 > stage3_n5__from__n0008__c03 > stage4_n5__from__n0031__c04 > stage5_n5__from__n0096__c03,[mms_issue]bad_network_preference[PERSONA:None]
direct_multistage_exp3_local,baseline,16,1,6,24,trap_pre_switch,trap_favoring,False,neutral,repair_all,repair_all,FDFDD,FFFFF,"F/F,D/F,F/F,D/F,D/F","barrier_stage1_gate,barrier_stage2_gate,trap_stage3_network,general_stage4_verify,general_stage5_verify","private_barrier,private_barrier,trap_lane,general_shared,general_shared",11000,2,5,2,0,3,0,2,0.4,deep,fast,agent_deep__task_fast,1.5,4.79856,0.0709,6.36946,False,False,True,0,,,40215.0,stage1_n5__from__root__c05 > stage2_n5__from__n0005__c03 > stage3_n4__from__n0022__c02 > stage4_n3__from__n0072__c02 > stage5_n3__from__n0209__c03,[mms_issue]bad_network_preference|break_app_storage_permission[PERSONA:None]
direct_multistage_exp3_local,baseline,17,1,7,23,trap_pre_switch,trap_favoring,False,neutral,repair_all,repair_all,DFDDF,FFFFF,"D/F,F/F,D/F,D/F,F/F","target_stage1_handoff,trap_stage2_router,barrier_stage3_gate,barrier_stage4_gate,trap_stage5_terminal","general_shared,trap_lane,private_barrier,private_barrier,trap_lane",00110,2,5,2,0,3,0,2,0.4,deep,fast,agent_deep__task_fast,0.0,7.995905,0.06830000000000001,8.064205,True,True,True,0,,,70388.0,stage1_n3__from__root__c03 > stage2_n3__from__n0003__c03 > stage3_n5__from__n0014__c03 > stage4_n5__from__n0049__c04 > stage5_n4__from__n0142__c02,[mms_issue]bad_wifi_calling[PERSONA:Easy]
direct_multistage_exp3_local,baseline,18,1,8,61,trap_pre_switch,trap_favoring,False,neutral,repair_all,repair_all,FDFFD,FFFFF,"F/F,D/F,F/F,F/F,D/F","barrier_stage1_gate,general_stage2_roaming,trap_stage3_network,trap_stage4_execute,barrier_stage5_transfer","private_barrier,general_shared,trap_lane,trap_lane,private_barrier",10001,3,5,3,0,2,0,3,0.6,fast,fast,agent_fast__task_fast,0.0,4.038155,0.06760000000000001,4.105754999999999,True,True,True,0,,,37394.0,stage1_n5__from__root__c05 > stage2_n4__from__n0005__c02 > stage3_n4__from__n0021__c02 > stage4_n4__from__n0069__c03 > stage5_n5__from__n0200__c04,[mms_issue]bad_wifi_calling|break_app_storage_permission[PERSONA:Easy]
direct_multistage_exp3_local,baseline,19,1,9,0,trap_pre_switch,trap_favoring,False,neutral,repair_all,repair_all,FDDDD,FFFFF,"F/F,D/F,D/F,D/F,D/F","barrier_stage1_gate,barrier_stage2_gate,general_stage3_network,general_stage4_verify,target_stage5_decision","private_barrier,private_barrier,general_shared,general_shared,target_specialist",11000,1,5,1,0,4,0,1,0.2,deep,fast,agent_deep__task_fast,1.5,5.163305,0.0757,6.739005000000001,False,False,True,0,,,42449.0,stage1_n5__from__root__c05 > stage2_n5__from__n0005__c03 > stage3_n3__from__n0022__c01 > stage4_n3__from__n0071__c02 > stage5_n2__from__n0207__c02,[mms_issue]break_app_both_permissions[PERSONA:Hard]
direct_multistage_exp3_local,baseline,20,2,0,19,trap_pre_switch,trap_favoring,False,trap_like_good,repair_all,repair_all,FDDDD,FFFFF,"F/F,D/F,D/F,D/F,D/F","trap_stage1_intake,barrier_stage2_gate,general_stage3_network,general_stage4_verify,target_stage5_verify","trap_lane,private_barrier,general_shared,general_shared,target_specialist",01000,1,5,1,0,4,0,1,0.2,deep,fast,agent_deep__task_fast,1.5,5.61943,0.0714,7.19083,False,False,True,0,,,45850.0,stage1_n4__from__root__c04 > stage2_n5__from__n0004__c05 > stage3_n3__from__n0019__c01 > stage4_n3__from__n0062__c02 > stage5_n1__from__n0177__c01,[mms_issue]airplane_mode_on|bad_network_preference|break_app_sms_permission[PERSONA:Hard]
direct_multistage_exp3_local,baseline,21,2,1,13,trap_pre_switch,trap_favoring,False,neutral,repair_all,repair_all,DFDDD,FFFFF,"D/F,F/F,D/F,D/F,D/F","general_stage1_verify,trap_stage2_router,general_stage3_network,general_stage4_verify,target_stage5_verify","general_shared,trap_lane,general_shared,general_shared,target_specialist",00000,1,5,1,0,4,0,1,0.2,deep,fast,agent_deep__task_fast,0.0,4.546115,0.06820000000000001,4.614315,True,True,True,0,,,37337.0,stage1_n2__from__root__c02 > stage2_n3__from__n0002__c03 > stage3_n3__from__n0011__c01 > stage4_n3__from__n0038__c02 > stage5_n1__from__n0111__c01,[mms_issue]airplane_mode_on|bad_wifi_calling|break_app_sms_permission[PERSONA:None]
direct_multistage_exp3_local,baseline,22,2,2,7,trap_pre_switch,trap_favoring,False,trap_safe_overcautious,repair_all,repair_all,FFDDD,FFFFF,"F/F,F/F,D/F,D/F,D/F","general_stage1_intake,general_stage2_core,target_stage3_roaming,target_stage4_repair,target_stage5_decision","general_shared,general_shared,target_specialist,target_specialist,target_specialist",00000,2,5,2,0,3,0,2,0.4,deep,fast,agent_deep__task_fast,0.0,3.958245,0.0736,4.031845,True,True,True,0,,,33225.0,stage1_n1__from__root__c01 > stage2_n2__from__n0001__c02 > stage3_n2__from__n0007__c01 > stage4_n1__from__n0025__c01 > stage5_n2__from__n0076__c02,[mms_issue]airplane_mode_on|bad_wifi_calling|break_app_storage_permission[PERSONA:Easy]
direct_multistage_exp3_local,baseline,23,2,3,25,trap_pre_switch,trap_favoring,False,trap_safe_overcautious,repair_subset,repair_subset,DFDDD,FFFFF,"D/F,F/F,D/F,D/F,D/F","target_stage1_handoff,general_stage2_core,target_stage3_roaming,target_stage4_repair,target_stage5_decision","general_shared,general_shared,target_specialist,target_specialist,target_specialist",00000,1,5,1,0,4,0,1,0.2,deep,fast,agent_deep__task_fast,6.0,4.579,0.0758,10.6548,False,False,False,1,,,37663.0,stage1_n3__from__root__c03 > stage2_n2__from__n0003__c02 > stage3_n2__from__n0013__c01 > stage4_n1__from__n0043__c01 > stage5_n2__from__n0122__c02,[mms_issue]airplane_mode_on|break_app_both_permissions|data_usage_exceeded[PERSONA:Hard]
direct_multistage_exp3_local,baseline,24,2,4,36,trap_pre_switch,trap_favoring,False,trap_like_good,repair_all,repair_all,FFDDD,FFFFF,"F/F,F/F,D/F,D/F,D/F","trap_stage1_intake,general_stage2_core,general_stage3_network,general_stage4_verify,target_stage5_verify","trap_lane,general_shared,general_shared,general_shared,target_specialist",00000,2,5,2,0,3,0,2,0.4,deep,fast,agent_deep__task_fast,1.5,3.941135,0.0666,5.507735,False,False,True,0,,,33149.0,stage1_n4__from__root__c04 > stage2_n2__from__n0004__c02 > stage3_n3__from__n0016__c02 > stage4_n3__from__n0053__c02 > stage5_n1__from__n0147__c01,[mms_issue]airplane_mode_on|break_app_storage_permission[PERSONA:Easy]
direct_multistage_exp3_local,baseline,25,2,5,35,target_post_switch,target_favoring,True,neutral,repair_subset,repair_subset,FFDDD,FDDDD,"F/F,F/D,D/D,D/D,D/D","general_stage1_intake,trap_stage2_router,general_stage3_network,general_stage4_repair,target_stage5_verify","general_shared,trap_lane,general_shared,general_shared,target_specialist",00000,2,1,1,1,0,3,4,0.8,deep,deep,agent_deep__task_deep,3.0,4.67926,0.0661,7.74536,False,False,False,1,,,48502.0,stage1_n1__from__root__c01 > stage2_n3__from__n0001__c03 > stage3_n3__from__n0008__c01 > stage4_n2__from__n0029__c01 > stage5_n1__from__n0087__c01,[mms_issue]airplane_mode_on|bad_network_preference|bad_wifi_calling|break_apn_mms_setting|break_app_both_permissions|data_mode_off|data_usage_exceeded|unseat_sim_card|user_abroad_roaming_disabled_on[PERSONA:Hard]
direct_multistage_exp3_local,baseline,26,2,6,51,target_post_switch,target_favoring,True,trap_like_bad,repair_subset,repair_subset,FDDDD,FDDDD,"F/F,D/D,D/D,D/D,D/D","trap_stage1_intake,barrier_stage2_gate,general_stage3_network,general_stage4_repair,target_stage5_verify","trap_lane,private_barrier,general_shared,general_shared,target_specialist",01000,1,1,1,0,0,4,5,1.0,deep,deep,agent_deep__task_deep,2.0,4.55345,0.06930000000000001,6.62275,True,True,False,1,,,48572.0,stage1_n4__from__root__c04 > stage2_n5__from__n0004__c05 > stage3_n3__from__n0019__c01 > stage4_n2__from__n0062__c01 > stage5_n1__from__n0176__c01,[mms_issue]airplane_mode_on|bad_network_preference|bad_wifi_calling|break_apn_mms_setting|break_app_both_permissions|data_mode_off|data_usage_exceeded|unseat_sim_card|user_abroad_roaming_enabled_off[PERSONA:Hard]
direct_multistage_exp3_local,baseline,27,2,7,45,target_post_switch,target_favoring,True,target_safe_specialist_good,repair_all,transfer,DDDDD,FDDDD,"D/F,D/D,D/D,D/D,D/D","general_stage1_verify,target_stage2_router,target_stage3_roaming,target_stage4_repair,target_stage5_verify","general_shared,target_specialist,target_specialist,target_specialist,target_specialist",00000,0,1,0,0,1,4,4,0.8,deep,deep,agent_deep__task_deep,18.5,6.042195,0.0748,24.616995,False,False,True,0,,,63807.0,stage1_n2__from__root__c02 > stage2_n1__from__n0002__c01 > stage3_n2__from__n0009__c02 > stage4_n1__from__n0033__c01 > stage5_n1__from__n0098__c01,[mms_issue]airplane_mode_on|bad_network_preference|bad_wifi_calling|break_apn_mms_setting|break_app_both_permissions|data_mode_off|unseat_sim_card|user_abroad_roaming_enabled_off[PERSONA:Hard]
direct_multistage_exp3_local,baseline,28,2,8,40,target_post_switch,target_favoring,True,trap_like_bad,repair_subset,transfer,FDDDD,FDDDD,"F/F,D/D,D/D,D/D,D/D","trap_stage1_intake,target_stage2_router,target_stage3_apn,target_stage4_repair,target_stage5_verify","trap_lane,target_specialist,target_specialist,target_specialist,target_specialist",00000,1,1,1,0,0,4,5,1.0,deep,deep,agent_deep__task_deep,18.5,4.944875,0.0735,23.518375,False,False,False,1,,,52922.0,stage1_n4__from__root__c04 > stage2_n1__from__n0004__c01 > stage3_n1__from__n0015__c01 > stage4_n1__from__n0050__c01 > stage5_n1__from__n0143__c01,[mms_issue]airplane_mode_on|bad_network_preference|bad_wifi_calling|break_apn_mms_setting|break_app_sms_permission|data_mode_off|data_usage_exceeded|unseat_sim_card|user_abroad_roaming_disabled_on[PERSONA:None]
direct_multistage_exp3_local,baseline,29,2,9,46,target_post_switch,target_favoring,True,target_decoy_medium,repair_subset,transfer,DFDDD,FDDDD,"D/F,F/D,D/D,D/D,D/D","target_stage1_handoff,trap_stage2_router,barrier_stage3_gate,barrier_stage4_gate,target_stage5_decision","general_shared,trap_lane,private_barrier,private_barrier,target_specialist",00110,1,1,0,1,1,3,3,0.6,deep,deep,agent_deep__task_deep,21.5,5.844145,0.0758,27.419945000000002,False,False,False,1,,,58764.0,stage1_n3__from__root__c03 > stage2_n3__from__n0003__c03 > stage3_n5__from__n0014__c03 > stage4_n5__from__n0049__c04 > stage5_n2__from__n0142__c01,[mms_issue]airplane_mode_on|bad_network_preference|bad_wifi_calling|break_apn_mms_setting|break_app_sms_permission|data_mode_off|data_usage_exceeded|unseat_sim_card|user_abroad_roaming_enabled_off[PERSONA:None]
direct_multistage_exp3_local,baseline,30,3,0,16,target_post_switch,target_favoring,True,trap_like_bad,repair_subset,repair_subset,FDDDF,FDDDD,"F/F,D/D,D/D,D/D,F/D","trap_stage1_intake,barrier_stage2_gate,general_stage3_network,general_stage4_verify,trap_stage5_terminal","trap_lane,private_barrier,general_shared,general_shared,trap_lane",01000,2,1,1,1,0,3,4,0.8,deep,deep,agent_deep__task_deep,2.0,5.000605,0.06480000000000001,7.065405,True,True,False,1,,,46119.0,stage1_n4__from__root__c04 > stage2_n5__from__n0004__c05 > stage3_n3__from__n0019__c01 > stage4_n3__from__n0062__c02 > stage5_n4__from__n0177__c04,[mms_issue]airplane_mode_on|bad_network_preference|bad_wifi_calling|break_apn_mms_setting|break_app_sms_permission|data_mode_off|data_usage_exceeded|user_abroad_roaming_disabled_on[PERSONA:None]
direct_multistage_exp3_local,baseline,31,3,1,65,target_post_switch,target_favoring,True,target_safe_specialist_good,repair_all,transfer,DDDDD,FDDDD,"D/F,D/D,D/D,D/D,D/D","target_stage1_handoff,target_stage2_router,target_stage3_roaming,target_stage4_repair,target_stage5_verify","general_shared,target_specialist,target_specialist,target_specialist,target_specialist",00000,0,1,0,0,1,4,4,0.8,deep,deep,agent_deep__task_deep,18.5,5.1815,0.07750000000000001,23.759,False,False,True,0,,,52853.0,stage1_n3__from__root__c03 > stage2_n1__from__n0003__c01 > stage3_n2__from__n0012__c02 > stage4_n1__from__n0042__c01 > stage5_n1__from__n0121__c01,[mms_issue]airplane_mode_on|bad_network_preference|bad_wifi_calling|break_apn_mms_setting|break_app_sms_permission|data_mode_off|unseat_sim_card|user_abroad_roaming_enabled_off[PERSONA:None]
direct_multistage_exp3_local,baseline,32,3,2,11,target_post_switch,target_favoring,True,trap_like_bad,repair_subset,repair_subset,FFFFD,FDDDD,"F/F,F/D,F/D,F/D,D/D","trap_stage1_intake,trap_stage2_router,trap_stage3_network,trap_stage4_execute,general_stage5_verify","trap_lane,trap_lane,trap_lane,trap_lane,general_shared",00000,4,1,1,3,0,1,2,0.4,fast,deep,agent_fast__task_deep,5.0,5.03424,0.055400000000000005,10.08964,False,False,False,1,,,40647.0,stage1_n4__from__root__c04 > stage2_n3__from__n0004__c03 > stage3_n4__from__n0017__c02 > stage4_n4__from__n0057__c03 > stage5_n3__from__n0160__c02,[mms_issue]airplane_mode_on|bad_network_preference|bad_wifi_calling|break_apn_mms_setting|break_app_storage_permission|data_mode_off|data_usage_exceeded|unseat_sim_card|user_abroad_roaming_disabled_on[PERSONA:Easy]
direct_multistage_exp3_local,baseline,33,3,3,17,target_post_switch,target_favoring,True,neutral,repair_subset,repair_subset,DFDDD,FDDDD,"D/F,F/D,D/D,D/D,D/D","general_stage1_verify,trap_stage2_router,general_stage3_network,general_stage4_verify,target_stage5_verify","general_shared,trap_lane,general_shared,general_shared,target_specialist",00000,1,1,0,1,1,3,3,0.6,deep,deep,agent_deep__task_deep,15.0,4.736985,0.06820000000000001,19.805184999999998,False,False,False,1,,,46051.0,stage1_n2__from__root__c02 > stage2_n3__from__n0002__c03 > stage3_n3__from__n0011__c01 > stage4_n3__from__n0038__c02 > stage5_n1__from__n0111__c01,[mms_issue]airplane_mode_on|bad_network_preference|bad_wifi_calling|break_apn_mms_setting|break_app_storage_permission|data_mode_off|data_usage_exceeded|unseat_sim_card|user_abroad_roaming_enabled_off[PERSONA:Easy]
direct_multistage_exp3_local,baseline,34,3,4,67,target_post_switch,target_favoring,False,trap_like_bad,transfer,transfer,FFDDD,FDDDD,"F/F,F/D,D/D,D/D,D/D","trap_stage1_intake,general_stage2_core,target_stage3_roaming,target_stage4_repair,target_stage5_verify","trap_lane,general_shared,target_specialist,target_specialist,target_specialist",00000,2,1,1,1,0,3,4,0.8,deep,deep,agent_deep__task_deep,3.0,4.43332,0.07010000000000001,7.50342,False,False,False,1,,,46574.0,stage1_n4__from__root__c04 > stage2_n2__from__n0004__c02 > stage3_n2__from__n0016__c01 > stage4_n1__from__n0052__c01 > stage5_n1__from__n0145__c01,[mms_issue]airplane_mode_on|break_apn_mms_setting|break_app_both_permissions|user_abroad_roaming_disabled_off[PERSONA:None]
direct_multistage_exp3_local,baseline,35,3,5,35,target_post_switch,target_favoring,True,neutral,repair_subset,repair_subset,FFDDD,FDDDD,"F/F,F/D,D/D,D/D,D/D","barrier_stage1_gate,trap_stage2_router,general_stage3_network,general_stage4_repair,target_stage5_decision","private_barrier,trap_lane,general_shared,general_shared,target_specialist",10000,2,1,1,1,0,3,4,0.8,deep,deep,agent_deep__task_deep,3.0,4.173935,0.0711,7.245035,False,False,False,1,,,42341.0,stage1_n5__from__root__c05 > stage2_n3__from__n0005__c01 > stage3_n3__from__n0020__c01 > stage4_n2__from__n0065__c01 > stage5_n2__from__n0186__c02,[mms_issue]airplane_mode_on|bad_network_preference|bad_wifi_calling|break_apn_mms_setting|break_app_both_permissions|data_mode_off|data_usage_exceeded|unseat_sim_card|user_abroad_roaming_disabled_on[PERSONA:Hard]
direct_multistage_exp3_local,baseline,36,3,6,51,target_post_switch,target_favoring,True,trap_like_bad,repair_subset,transfer,FDDDD,FDDDD,"F/F,D/D,D/D,D/D,D/D","trap_stage1_intake,general_stage2_roaming,barrier_stage3_gate,general_stage4_verify,target_stage5_decision","trap_lane,general_shared,private_barrier,general_shared,target_specialist",00100,1,1,1,0,0,4,5,1.0,deep,deep,agent_deep__task_deep,20.5,4.990435,0.06880000000000001,25.559235,False,False,False,1,,,53356.0,stage1_n4__from__root__c04 > stage2_n4__from__n0004__c04 > stage3_n5__from__n0018__c03 > stage4_n3__from__n0061__c02 > stage5_n2__from__n0173__c02,[mms_issue]airplane_mode_on|bad_network_preference|bad_wifi_calling|break_apn_mms_setting|break_app_both_permissions|data_mode_off|data_usage_exceeded|unseat_sim_card|user_abroad_roaming_enabled_off[PERSONA:Hard]
direct_multistage_exp3_local,baseline,37,3,7,45,target_post_switch,target_favoring,True,trap_like_bad,repair_all,transfer,FDDDD,FDDDD,"F/F,D/D,D/D,D/D,D/D","trap_stage1_intake,target_stage2_router,target_stage3_apn,target_stage4_repair,target_stage5_verify","trap_lane,target_specialist,target_specialist,target_specialist,target_specialist",00000,1,1,1,0,0,4,5,1.0,deep,deep,agent_deep__task_deep,18.5,5.184065,0.0735,23.757565,False,False,True,0,,,57092.0,stage1_n4__from__root__c04 > stage2_n1__from__n0004__c01 > stage3_n1__from__n0015__c01 > stage4_n1__from__n0050__c01 > stage5_n1__from__n0143__c01,[mms_issue]airplane_mode_on|bad_network_preference|bad_wifi_calling|break_apn_mms_setting|break_app_both_permissions|data_mode_off|unseat_sim_card|user_abroad_roaming_enabled_off[PERSONA:Hard]
direct_multistage_exp3_local,baseline,38,3,8,40,target_post_switch,target_favoring,True,target_safe_specialist_good,repair_subset,transfer,DDDDD,FDDDD,"D/F,D/D,D/D,D/D,D/D","target_stage1_handoff,target_stage2_router,target_stage3_roaming,target_stage4_repair,target_stage5_decision","general_shared,target_specialist,target_specialist,target_specialist,target_specialist",00000,0,1,0,0,1,4,4,0.8,deep,deep,agent_deep__task_deep,18.5,5.543945,0.07600000000000001,24.119945,False,False,False,1,,,57050.0,stage1_n3__from__root__c03 > stage2_n1__from__n0003__c01 > stage3_n2__from__n0012__c02 > stage4_n1__from__n0042__c01 > stage5_n2__from__n0121__c02,[mms_issue]airplane_mode_on|bad_network_preference|bad_wifi_calling|break_apn_mms_setting|break_app_sms_permission|data_mode_off|data_usage_exceeded|unseat_sim_card|user_abroad_roaming_disabled_on[PERSONA:None]
direct_multistage_exp3_local,baseline,39,3,9,46,target_post_switch,target_favoring,True,target_safe_majority_bad,repair_subset,transfer,FFDDD,FDDDD,"F/F,F/D,D/D,D/D,D/D","general_stage1_intake,general_stage2_core,general_stage3_network,general_stage4_verify,target_stage5_verify","general_shared,general_shared,general_shared,general_shared,target_specialist",00000,2,1,1,1,0,3,4,0.8,deep,deep,agent_deep__task_deep,21.5,4.5366,0.0682,26.1048,False,False,False,1,,,46346.0,stage1_n1__from__root__c01 > stage2_n2__from__n0001__c02 > stage3_n3__from__n0007__c02 > stage4_n3__from__n0026__c02 > stage5_n1__from__n0078__c01,[mms_issue]airplane_mode_on|bad_network_preference|bad_wifi_calling|break_apn_mms_setting|break_app_sms_permission|data_mode_off|data_usage_exceeded|unseat_sim_card|user_abroad_roaming_enabled_off[PERSONA:None]
direct_multistage_exp3_local,baseline,40,4,0,16,target_post_switch,target_favoring,True,target_safe_specialist_good,repair_subset,repair_subset,DDDDD,FDDDD,"D/F,D/D,D/D,D/D,D/D","general_stage1_verify,target_stage2_router,target_stage3_apn,target_stage4_repair,target_stage5_verify","general_shared,target_specialist,target_specialist,target_specialist,target_specialist",00000,0,1,0,0,1,4,4,0.8,deep,deep,agent_deep__task_deep,2.0,5.416525,0.07600000000000001,7.4925250000000005,True,True,False,1,,,56557.0,stage1_n2__from__root__c02 > stage2_n1__from__n0002__c01 > stage3_n1__from__n0009__c01 > stage4_n1__from__n0032__c01 > stage5_n1__from__n0097__c01,[mms_issue]airplane_mode_on|bad_network_preference|bad_wifi_calling|break_apn_mms_setting|break_app_sms_permission|data_mode_off|data_usage_exceeded|user_abroad_roaming_disabled_on[PERSONA:None]
direct_multistage_exp3_local,baseline,41,4,1,65,target_post_switch,target_favoring,True,trap_like_bad,repair_all,repair_subset,FDDFD,FDDDD,"F/F,D/D,D/D,F/D,D/D","trap_stage1_intake,general_stage2_roaming,barrier_stage3_gate,trap_stage4_execute,general_stage5_verify","trap_lane,general_shared,private_barrier,trap_lane,general_shared",00100,2,1,1,1,0,3,4,0.8,deep,deep,agent_deep__task_deep,5.0,5.019575,0.062200000000000005,10.081775,False,False,False,1,,,45637.0,stage1_n4__from__root__c04 > stage2_n4__from__n0004__c04 > stage3_n5__from__n0018__c03 > stage4_n4__from__n0061__c03 > stage5_n3__from__n0174__c02,[mms_issue]airplane_mode_on|bad_network_preference|bad_wifi_calling|break_apn_mms_setting|break_app_sms_permission|data_mode_off|unseat_sim_card|user_abroad_roaming_enabled_off[PERSONA:None]
direct_multistage_exp3_local,baseline,42,4,2,11,target_post_switch,target_favoring,True,neutral,repair_subset,repair_subset,DFDFD,FDDDD,"D/F,F/D,D/D,F/D,D/D","target_stage1_handoff,trap_stage2_router,barrier_stage3_gate,trap_stage4_execute,target_stage5_verify","general_shared,trap_lane,private_barrier,trap_lane,target_specialist",00100,2,1,0,2,1,2,2,0.4,deep,deep,agent_deep__task_deep,17.5,4.204555,0.0689,21.773455,False,False,False,1,,,36067.0,stage1_n3__from__root__c03 > stage2_n3__from__n0003__c03 > stage3_n5__from__n0014__c03 > stage4_n4__from__n0049__c03 > stage5_n1__from__n0141__c01,[mms_issue]airplane_mode_on|bad_network_preference|bad_wifi_calling|break_apn_mms_setting|break_app_storage_permission|data_mode_off|data_usage_exceeded|unseat_sim_card|user_abroad_roaming_disabled_on[PERSONA:Easy]
direct_multistage_exp3_local,baseline,43,4,3,17,target_post_switch,target_favoring,True,neutral,repair_subset,repair_subset,FDDDF,FDDDD,"F/F,D/D,D/D,D/D,F/D","barrier_stage1_gate,general_stage2_roaming,general_stage3_network,general_stage4_verify,trap_stage5_terminal","private_barrier,general_shared,general_shared,general_shared,trap_lane",10000,2,1,1,1,0,3,4,0.8,deep,deep,agent_deep__task_deep,2.0,5.23657,0.06780000000000001,7.3043700000000005,True,True,False,1,,,47834.0,stage1_n5__from__root__c05 > stage2_n4__from__n0005__c02 > stage3_n3__from__n0021__c01 > stage4_n3__from__n0068__c02 > stage5_n4__from__n0197__c04,[mms_issue]airplane_mode_on|bad_network_preference|bad_wifi_calling|break_apn_mms_setting|break_app_storage_permission|data_mode_off|data_usage_exceeded|unseat_sim_card|user_abroad_roaming_enabled_off[PERSONA:Easy]
direct_multistage_exp3_local,baseline,44,4,4,67,target_post_switch,target_favoring,False,target_safe_majority_bad,transfer,transfer,FFDDD,FDDDD,"F/F,F/D,D/D,D/D,D/D","general_stage1_intake,general_stage2_core,general_stage3_network,general_stage4_repair,target_stage5_decision","general_shared,general_shared,general_shared,general_shared,target_specialist",00000,2,1,1,1,0,3,4,0.8,deep,deep,agent_deep__task_deep,1.0,4.09706,0.0684,5.1654599999999995,False,False,True,0,,,42078.0,stage1_n1__from__root__c01 > stage2_n2__from__n0001__c02 > stage3_n3__from__n0007__c02 > stage4_n2__from__n0026__c01 > stage5_n2__from__n0077__c02,[mms_issue]airplane_mode_on|break_apn_mms_setting|break_app_both_permissions|user_abroad_roaming_disabled_off[PERSONA:None]
direct_multistage_exp3_local,baseline,45,4,5,35,target_post_switch,target_favoring,True,neutral,repair_subset,repair_subset,FFFDD,FDDDD,"F/F,F/D,F/D,D/D,D/D","general_stage1_intake,trap_stage2_router,trap_stage3_network,general_stage4_repair,target_stage5_verify","general_shared,trap_lane,trap_lane,general_shared,target_specialist",00000,3,1,1,2,0,2,3,0.6,fast,deep,agent_fast__task_deep,3.0,4.97888,0.06480000000000001,8.04368,False,False,False,1,,,48377.0,stage1_n1__from__root__c01 > stage2_n3__from__n0001__c03 > stage3_n4__from__n0008__c02 > stage4_n2__from__n0030__c01 > stage5_n1__from__n0089__c01,[mms_issue]airplane_mode_on|bad_network_preference|bad_wifi_calling|break_apn_mms_setting|break_app_both_permissions|data_mode_off|data_usage_exceeded|unseat_sim_card|user_abroad_roaming_disabled_on[PERSONA:Hard]
direct_multistage_exp3_local,baseline,46,4,6,51,target_post_switch,target_favoring,True,trap_like_bad,repair_subset,repair_subset,FDFDD,FDDDD,"F/F,D/D,F/D,D/D,D/D","trap_stage1_intake,barrier_stage2_gate,trap_stage3_network,barrier_stage4_gate,target_stage5_decision","trap_lane,private_barrier,trap_lane,private_barrier,target_specialist",01010,2,1,1,1,0,3,4,0.8,deep,deep,agent_deep__task_deep,14.0,4.89519,0.0732,18.96839,False,False,False,1,,,48555.0,stage1_n4__from__root__c04 > stage2_n5__from__n0004__c05 > stage3_n4__from__n0019__c02 > stage4_n5__from__n0063__c04 > stage5_n2__from__n0181__c01,[mms_issue]airplane_mode_on|bad_network_preference|bad_wifi_calling|break_apn_mms_setting|break_app_both_permissions|data_mode_off|data_usage_exceeded|unseat_sim_card|user_abroad_roaming_enabled_off[PERSONA:Hard]
direct_multistage_exp3_local,baseline,47,4,7,45,target_post_switch,target_favoring,True,neutral,repair_all,repair_all,FDDDD,FDDDD,"F/F,D/D,D/D,D/D,D/D","barrier_stage1_gate,general_stage2_roaming,general_stage3_network,general_stage4_repair,target_stage5_verify","private_barrier,general_shared,general_shared,general_shared,target_specialist",10000,1,1,1,0,0,4,5,1.0,deep,deep,agent_deep__task_deep,0.0,4.43479,0.0732,4.5079899999999995,True,True,True,0,,,47086.0,stage1_n5__from__root__c05 > stage2_n4__from__n0005__c02 > stage3_n3__from__n0021__c01 > stage4_n2__from__n0068__c01 > stage5_n1__from__n0196__c01,[mms_issue]airplane_mode_on|bad_network_preference|bad_wifi_calling|break_apn_mms_setting|break_app_both_permissions|data_mode_off|unseat_sim_card|user_abroad_roaming_enabled_off[PERSONA:Hard]
direct_multistage_exp3_local,baseline,48,4,8,40,target_post_switch,target_favoring,True,neutral,repair_subset,transfer,FDDDD,FDDDD,"F/F,D/D,D/D,D/D,D/D","barrier_stage1_gate,barrier_stage2_gate,general_stage3_network,general_stage4_repair,target_stage5_decision","private_barrier,private_barrier,general_shared,general_shared,target_specialist",11000,1,1,1,0,0,4,5,1.0,deep,deep,agent_deep__task_deep,16.5,4.27618,0.0777,20.85388,False,False,True,0,,,46729.0,stage1_n5__from__root__c05 > stage2_n5__from__n0005__c03 > stage3_n3__from__n0022__c01 > stage4_n2__from__n0071__c01 > stage5_n2__from__n0206__c02,[mms_issue]airplane_mode_on|bad_network_preference|bad_wifi_calling|break_apn_mms_setting|break_app_sms_permission|data_mode_off|data_usage_exceeded|unseat_sim_card|user_abroad_roaming_disabled_on[PERSONA:None]
direct_multistage_exp3_local,baseline,49,4,9,46,target_post_switch,target_favoring,True,neutral,repair_subset,repair_subset,FFDDD,FDDDD,"F/F,F/D,D/D,D/D,D/D","general_stage1_intake,trap_stage2_router,general_stage3_network,general_stage4_repair,target_stage5_verify","general_shared,trap_lane,general_shared,general_shared,target_specialist",00000,2,1,1,1,0,3,4,0.8,deep,deep,agent_deep__task_deep,15.0,5.52226,0.0661,20.58836,False,False,False,1,,,58392.0,stage1_n1__from__root__c01 > stage2_n3__from__n0001__c03 > stage3_n3__from__n0008__c01 > stage4_n2__from__n0029__c01 > stage5_n1__from__n0087__c01,[mms_issue]airplane_mode_on|bad_network_preference|bad_wifi_calling|break_apn_mms_setting|break_app_sms_permission|data_mode_off|data_usage_exceeded|unseat_sim_card|user_abroad_roaming_enabled_off[PERSONA:None]
direct_multistage_exp3_local,baseline,50,5,0,16,target_post_switch,target_favoring,True,trap_like_bad,repair_subset,transfer,FFDDD,FDDDD,"F/F,F/D,D/D,D/D,D/D","trap_stage1_intake,trap_stage2_router,barrier_stage3_gate,barrier_stage4_gate,barrier_stage5_transfer","trap_lane,trap_lane,private_barrier,private_barrier,private_barrier",00111,2,1,1,1,0,3,4,0.8,deep,deep,agent_deep__task_deep,17.5,4.373325,0.0725,21.945825000000003,False,False,False,1,,,44719.0,stage1_n4__from__root__c04 > stage2_n3__from__n0004__c03 > stage3_n5__from__n0017__c03 > stage4_n5__from__n0058__c04 > stage5_n5__from__n0165__c03,[mms_issue]airplane_mode_on|bad_network_preference|bad_wifi_calling|break_apn_mms_setting|break_app_sms_permission|data_mode_off|data_usage_exceeded|user_abroad_roaming_disabled_on[PERSONA:None]
direct_multistage_exp3_local,baseline,51,5,1,65,target_post_switch,target_favoring,True,neutral,repair_all,repair_subset,FFDFF,FDDDD,"F/F,F/D,D/D,F/D,F/D","general_stage1_intake,general_stage2_core,barrier_stage3_gate,trap_stage4_execute,trap_stage5_terminal","general_shared,general_shared,private_barrier,trap_lane,trap_lane",00100,4,1,1,3,0,1,2,0.4,fast,deep,agent_fast__task_deep,17.0,4.16526,0.06380000000000001,21.22906,False,False,False,1,,,31416.0,stage1_n1__from__root__c01 > stage2_n2__from__n0001__c02 > stage3_n5__from__n0007__c04 > stage4_n4__from__n0028__c03 > stage5_n4__from__n0085__c03,[mms_issue]airplane_mode_on|bad_network_preference|bad_wifi_calling|break_apn_mms_setting|break_app_sms_permission|data_mode_off|unseat_sim_card|user_abroad_roaming_enabled_off[PERSONA:None]
direct_multistage_exp3_local,baseline,52,5,2,11,target_post_switch,target_favoring,True,neutral,repair_subset,repair_subset,FDFFD,FDDDD,"F/F,D/D,F/D,F/D,D/D","barrier_stage1_gate,general_stage2_roaming,trap_stage3_network,trap_stage4_execute,target_stage5_verify","private_barrier,general_shared,trap_lane,trap_lane,target_specialist",10000,3,1,1,2,0,2,3,0.6,fast,deep,agent_fast__task_deep,2.0,5.6085,0.0659,7.6744,True,True,False,1,,,47217.0,stage1_n5__from__root__c05 > stage2_n4__from__n0005__c02 > stage3_n4__from__n0021__c02 > stage4_n4__from__n0069__c03 > stage5_n1__from__n0200__c01,[mms_issue]airplane_mode_on|bad_network_preference|bad_wifi_calling|break_apn_mms_setting|break_app_storage_permission|data_mode_off|data_usage_exceeded|unseat_sim_card|user_abroad_roaming_disabled_on[PERSONA:Easy]
direct_multistage_exp3_local,baseline,53,5,3,17,target_post_switch,target_favoring,True,target_safe_specialist_good,repair_subset,repair_subset,DDDDD,FDDDD,"D/F,D/D,D/D,D/D,D/D","general_stage1_verify,target_stage2_router,target_stage3_apn,target_stage4_repair,target_stage5_decision","general_shared,target_specialist,target_specialist,target_specialist,target_specialist",00000,0,1,0,0,1,4,4,0.8,deep,deep,agent_deep__task_deep,2.0,5.13904,0.0772,7.216239999999999,True,True,False,1,,,52348.0,stage1_n2__from__root__c02 > stage2_n1__from__n0002__c01 > stage3_n1__from__n0009__c01 > stage4_n1__from__n0032__c01 > stage5_n2__from__n0097__c02,[mms_issue]airplane_mode_on|bad_network_preference|bad_wifi_calling|break_apn_mms_setting|break_app_storage_permission|data_mode_off|data_usage_exceeded|unseat_sim_card|user_abroad_roaming_enabled_off[PERSONA:Easy]
direct_multistage_exp3_local,baseline,54,5,4,67,target_post_switch,target_favoring,False,neutral,transfer,transfer,FFDDD,FDDDD,"F/F,F/D,D/D,D/D,D/D","barrier_stage1_gate,trap_stage2_router,barrier_stage3_gate,general_stage4_repair,target_stage5_verify","private_barrier,trap_lane,private_barrier,general_shared,target_specialist",10100,2,1,1,1,0,3,4,0.8,deep,deep,agent_deep__task_deep,1.0,4.732945,0.0722,5.8051449999999996,False,False,True,0,,,49166.0,stage1_n5__from__root__c05 > stage2_n3__from__n0005__c01 > stage3_n5__from__n0020__c03 > stage4_n2__from__n0067__c01 > stage5_n1__from__n0192__c01,[mms_issue]airplane_mode_on|break_apn_mms_setting|break_app_both_permissions|user_abroad_roaming_disabled_off[PERSONA:None]
direct_multistage_exp3_local,baseline,55,5,5,35,target_post_switch,target_favoring,True,neutral,repair_subset,transfer,FFFFD,FDDDD,"F/F,F/D,F/D,F/D,D/D","barrier_stage1_gate,trap_stage2_router,trap_stage3_network,trap_stage4_execute,general_stage5_verify","private_barrier,trap_lane,trap_lane,trap_lane,general_shared",10000,4,1,1,3,0,1,2,0.4,fast,deep,agent_fast__task_deep,19.5,5.65933,0.0637,25.22303,False,False,False,1,,,46182.0,stage1_n5__from__root__c05 > stage2_n3__from__n0005__c01 > stage3_n4__from__n0020__c02 > stage4_n4__from__n0066__c03 > stage5_n3__from__n0190__c02,[mms_issue]airplane_mode_on|bad_network_preference|bad_wifi_calling|break_apn_mms_setting|break_app_both_permissions|data_mode_off|data_usage_exceeded|unseat_sim_card|user_abroad_roaming_disabled_on[PERSONA:Hard]
direct_multistage_exp3_local,baseline,56,5,6,51,target_post_switch,target_favoring,True,target_safe_specialist_good,repair_subset,repair_subset,FDDDD,FDDDD,"F/F,D/D,D/D,D/D,D/D","general_stage1_intake,target_stage2_router,target_stage3_apn,target_stage4_repair,target_stage5_decision","general_shared,target_specialist,target_specialist,target_specialist,target_specialist",00000,1,1,1,0,0,4,5,1.0,deep,deep,agent_deep__task_deep,13.0,5.317685,0.07900000000000001,18.396685,False,False,False,1,,,58067.0,stage1_n1__from__root__c01 > stage2_n1__from__n0001__c01 > stage3_n1__from__n0006__c01 > stage4_n1__from__n0023__c01 > stage5_n2__from__n0074__c02,[mms_issue]airplane_mode_on|bad_network_preference|bad_wifi_calling|break_apn_mms_setting|break_app_both_permissions|data_mode_off|data_usage_exceeded|unseat_sim_card|user_abroad_roaming_enabled_off[PERSONA:Hard]
direct_multistage_exp3_local,baseline,57,5,7,45,target_post_switch,target_favoring,True,target_safe_specialist_good,repair_all,transfer,FDDDD,FDDDD,"F/F,D/D,D/D,D/D,D/D","general_stage1_intake,target_stage2_router,target_stage3_apn,target_stage4_repair,target_stage5_verify","general_shared,target_specialist,target_specialist,target_specialist,target_specialist",00000,1,1,1,0,0,4,5,1.0,deep,deep,agent_deep__task_deep,18.5,5.22835,0.07750000000000001,23.80585,False,False,True,0,,,57760.0,stage1_n1__from__root__c01 > stage2_n1__from__n0001__c01 > stage3_n1__from__n0006__c01 > stage4_n1__from__n0023__c01 > stage5_n1__from__n0074__c01,[mms_issue]airplane_mode_on|bad_network_preference|bad_wifi_calling|break_apn_mms_setting|break_app_both_permissions|data_mode_off|unseat_sim_card|user_abroad_roaming_enabled_off[PERSONA:Hard]
direct_multistage_exp3_local,baseline,58,5,8,40,target_post_switch,target_favoring,True,target_decoy_medium,repair_subset,repair_subset,FDDDF,FDDDD,"F/F,D/D,D/D,D/D,F/D","barrier_stage1_gate,general_stage2_roaming,barrier_stage3_gate,barrier_stage4_gate,trap_stage5_terminal","private_barrier,general_shared,private_barrier,private_barrier,trap_lane",10110,2,1,1,1,0,3,4,0.8,deep,deep,agent_deep__task_deep,2.0,5.973575,0.0723,8.045875,True,True,False,1,,,56543.0,stage1_n5__from__root__c05 > stage2_n4__from__n0005__c02 > stage3_n5__from__n0021__c03 > stage4_n5__from__n0070__c04 > stage5_n4__from__n0205__c02,[mms_issue]airplane_mode_on|bad_network_preference|bad_wifi_calling|break_apn_mms_setting|break_app_sms_permission|data_mode_off|data_usage_exceeded|unseat_sim_card|user_abroad_roaming_disabled_on[PERSONA:None]
direct_multistage_exp3_local,baseline,59,5,9,46,target_post_switch,target_favoring,True,target_safe_majority_bad,repair_subset,transfer,FFDDD,FDDDD,"F/F,F/D,D/D,D/D,D/D","general_stage1_intake,general_stage2_core,general_stage3_network,general_stage4_repair,target_stage5_decision","general_shared,general_shared,general_shared,general_shared,target_specialist",00000,2,1,1,1,0,3,4,0.8,deep,deep,agent_deep__task_deep,21.5,4.539405,0.0684,26.107805,False,False,False,1,,,46337.0,stage1_n1__from__root__c01 > stage2_n2__from__n0001__c02 > stage3_n3__from__n0007__c02 > stage4_n2__from__n0026__c01 > stage5_n2__from__n0077__c02,[mms_issue]airplane_mode_on|bad_network_preference|bad_wifi_calling|break_apn_mms_setting|break_app_sms_permission|data_mode_off|data_usage_exceeded|unseat_sim_card|user_abroad_roaming_enabled_off[PERSONA:None]
direct_multistage_exp3_local,baseline,60,6,0,16,target_post_switch,target_favoring,True,neutral,repair_subset,repair_subset,FDDDF,FDDDD,"F/F,D/D,D/D,D/D,F/D","barrier_stage1_gate,barrier_stage2_gate,barrier_stage3_gate,general_stage4_verify,trap_stage5_terminal","private_barrier,private_barrier,private_barrier,general_shared,trap_lane",11100,2,1,1,1,0,3,4,0.8,deep,deep,agent_deep__task_deep,2.0,5.034625,0.0737,7.108325000000001,True,True,False,1,,,46206.0,stage1_n5__from__root__c05 > stage2_n5__from__n0005__c03 > stage3_n5__from__n0022__c03 > stage4_n3__from__n0073__c02 > stage5_n4__from__n0213__c04,[mms_issue]airplane_mode_on|bad_network_preference|bad_wifi_calling|break_apn_mms_setting|break_app_sms_permission|data_mode_off|data_usage_exceeded|user_abroad_roaming_disabled_on[PERSONA:None]
direct_multistage_exp3_local,baseline,61,6,1,65,target_post_switch,target_favoring,True,target_safe_specialist_good,repair_all,transfer,DDDDD,FDDDD,"D/F,D/D,D/D,D/D,D/D","general_stage1_verify,target_stage2_router,target_stage3_apn,target_stage4_repair,target_stage5_verify","general_shared,target_specialist,target_specialist,target_specialist,target_specialist",00000,0,1,0,0,1,4,4,0.8,deep,deep,agent_deep__task_deep,18.5,6.06941,0.07600000000000001,24.645410000000002,False,False,True,0,,,63392.0,stage1_n2__from__root__c02 > stage2_n1__from__n0002__c01 > stage3_n1__from__n0009__c01 > stage4_n1__from__n0032__c01 > stage5_n1__from__n0097__c01,[mms_issue]airplane_mode_on|bad_network_preference|bad_wifi_calling|break_apn_mms_setting|break_app_sms_permission|data_mode_off|unseat_sim_card|user_abroad_roaming_enabled_off[PERSONA:None]
direct_multistage_exp3_local,baseline,62,6,2,11,target_post_switch,target_favoring,True,target_safe_specialist_good,repair_subset,repair_subset,FDDDD,FDDDD,"F/F,D/D,D/D,D/D,D/D","general_stage1_intake,target_stage2_router,target_stage3_roaming,target_stage4_repair,target_stage5_decision","general_shared,target_specialist,target_specialist,target_specialist,target_specialist",00000,1,1,1,0,0,4,5,1.0,deep,deep,agent_deep__task_deep,21.0,4.30967,0.0758,25.38547,False,False,False,1,,,46784.0,stage1_n1__from__root__c01 > stage2_n1__from__n0001__c01 > stage3_n2__from__n0006__c02 > stage4_n1__from__n0024__c01 > stage5_n2__from__n0075__c02,[mms_issue]airplane_mode_on|bad_network_preference|bad_wifi_calling|break_apn_mms_setting|break_app_storage_permission|data_mode_off|data_usage_exceeded|unseat_sim_card|user_abroad_roaming_disabled_on[PERSONA:Easy]
direct_multistage_exp3_local,baseline,63,6,3,17,target_post_switch,target_favoring,True,trap_like_bad,repair_subset,repair_subset,FDDDD,FDDDD,"F/F,D/D,D/D,D/D,D/D","trap_stage1_intake,general_stage2_roaming,general_stage3_network,general_stage4_repair,target_stage5_decision","trap_lane,general_shared,general_shared,general_shared,target_specialist",00000,1,1,1,0,0,4,5,1.0,deep,deep,agent_deep__task_deep,2.0,5.271615,0.06580000000000001,7.337415,True,True,False,1,,,56919.0,stage1_n4__from__root__c04 > stage2_n4__from__n0004__c04 > stage3_n3__from__n0018__c01 > stage4_n2__from__n0059__c01 > stage5_n2__from__n0166__c02,[mms_issue]airplane_mode_on|bad_network_preference|bad_wifi_calling|break_apn_mms_setting|break_app_storage_permission|data_mode_off|data_usage_exceeded|unseat_sim_card|user_abroad_roaming_enabled_off[PERSONA:Easy]
direct_multistage_exp3_local,baseline,64,6,4,67,target_post_switch,target_favoring,False,neutral,transfer,transfer,FFFDD,FDDDD,"F/F,F/D,F/D,D/D,D/D","general_stage1_intake,trap_stage2_router,trap_stage3_network,general_stage4_verify,target_stage5_verify","general_shared,trap_lane,trap_lane,general_shared,target_specialist",00000,3,1,1,2,0,2,3,0.6,fast,deep,agent_fast__task_deep,1.0,4.32509,0.0661,5.39119,False,False,True,0,,,41822.0,stage1_n1__from__root__c01 > stage2_n3__from__n0001__c03 > stage3_n4__from__n0008__c02 > stage4_n3__from__n0030__c02 > stage5_n1__from__n0090__c01,[mms_issue]airplane_mode_on|break_apn_mms_setting|break_app_both_permissions|user_abroad_roaming_disabled_off[PERSONA:None]
direct_multistage_exp3_local,baseline,65,6,5,35,target_post_switch,target_favoring,True,neutral,repair_subset,repair_subset,FDDDD,FDDDD,"F/F,D/D,D/D,D/D,D/D","barrier_stage1_gate,general_stage2_roaming,barrier_stage3_gate,general_stage4_verify,general_stage5_verify","private_barrier,general_shared,private_barrier,general_shared,general_shared",10100,1,1,1,0,0,4,5,1.0,deep,deep,agent_deep__task_deep,2.0,5.092605,0.0714,7.1640049999999995,True,True,False,1,,,55041.0,stage1_n5__from__root__c05 > stage2_n4__from__n0005__c02 > stage3_n5__from__n0021__c03 > stage4_n3__from__n0070__c02 > stage5_n3__from__n0203__c03,[mms_issue]airplane_mode_on|bad_network_preference|bad_wifi_calling|break_apn_mms_setting|break_app_both_permissions|data_mode_off|data_usage_exceeded|unseat_sim_card|user_abroad_roaming_disabled_on[PERSONA:Hard]
direct_multistage_exp3_local,baseline,66,6,6,51,target_post_switch,target_favoring,True,target_safe_specialist_good,repair_subset,repair_subset,FDDDD,FDDDD,"F/F,D/D,D/D,D/D,D/D","general_stage1_intake,target_stage2_router,target_stage3_apn,target_stage4_repair,target_stage5_decision","general_shared,target_specialist,target_specialist,target_specialist,target_specialist",00000,1,1,1,0,0,4,5,1.0,deep,deep,agent_deep__task_deep,2.0,4.5611,0.07900000000000001,6.6401,True,True,False,1,,,48605.0,stage1_n1__from__root__c01 > stage2_n1__from__n0001__c01 > stage3_n1__from__n0006__c01 > stage4_n1__from__n0023__c01 > stage5_n2__from__n0074__c02,[mms_issue]airplane_mode_on|bad_network_preference|bad_wifi_calling|break_apn_mms_setting|break_app_both_permissions|data_mode_off|data_usage_exceeded|unseat_sim_card|user_abroad_roaming_enabled_off[PERSONA:Hard]
direct_multistage_exp3_local,baseline,67,6,7,45,target_post_switch,target_favoring,True,target_safe_specialist_good,repair_all,repair_subset,FDDDD,FDDDD,"F/F,D/D,D/D,D/D,D/D","general_stage1_intake,target_stage2_router,target_stage3_apn,target_stage4_repair,target_stage5_decision","general_shared,target_specialist,target_specialist,target_specialist,target_specialist",00000,1,1,1,0,0,4,5,1.0,deep,deep,agent_deep__task_deep,11.0,6.303855,0.07900000000000001,17.382855,False,False,True,0,,,69063.0,stage1_n1__from__root__c01 > stage2_n1__from__n0001__c01 > stage3_n1__from__n0006__c01 > stage4_n1__from__n0023__c01 > stage5_n2__from__n0074__c02,[mms_issue]airplane_mode_on|bad_network_preference|bad_wifi_calling|break_apn_mms_setting|break_app_both_permissions|data_mode_off|unseat_sim_card|user_abroad_roaming_enabled_off[PERSONA:Hard]
direct_multistage_exp3_local,baseline,68,6,8,40,target_post_switch,target_favoring,True,neutral,repair_subset,transfer,FFDDD,FDDDD,"F/F,F/D,D/D,D/D,D/D","general_stage1_intake,trap_stage2_router,barrier_stage3_gate,general_stage4_repair,target_stage5_verify","general_shared,trap_lane,private_barrier,general_shared,target_specialist",00100,2,1,1,1,0,3,4,0.8,deep,deep,agent_deep__task_deep,19.5,4.5519,0.071,24.1229,False,False,False,1,,,46469.0,stage1_n1__from__root__c01 > stage2_n3__from__n0001__c03 > stage3_n5__from__n0008__c03 > stage4_n2__from__n0031__c01 > stage5_n1__from__n0093__c01,[mms_issue]airplane_mode_on|bad_network_preference|bad_wifi_calling|break_apn_mms_setting|break_app_sms_permission|data_mode_off|data_usage_exceeded|unseat_sim_card|user_abroad_roaming_disabled_on[PERSONA:None]
direct_multistage_exp3_local,baseline,69,6,9,46,target_post_switch,target_favoring,True,target_decoy_medium,repair_subset,transfer,FDFDD,FDDDD,"F/F,D/D,F/D,D/D,D/D","barrier_stage1_gate,barrier_stage2_gate,trap_stage3_network,barrier_stage4_gate,target_stage5_decision","private_barrier,private_barrier,trap_lane,private_barrier,target_specialist",11010,2,1,1,1,0,3,4,0.8,deep,deep,agent_deep__task_deep,20.5,5.26603,0.0763,25.84233,False,False,False,1,,,52790.0,stage1_n5__from__root__c05 > stage2_n5__from__n0005__c03 > stage3_n4__from__n0022__c02 > stage4_n5__from__n0072__c04 > stage5_n2__from__n0211__c01,[mms_issue]airplane_mode_on|bad_network_preference|bad_wifi_calling|break_apn_mms_setting|break_app_sms_permission|data_mode_off|data_usage_exceeded|unseat_sim_card|user_abroad_roaming_enabled_off[PERSONA:None]
direct_multistage_exp3_local,baseline,70,7,0,16,target_post_switch,target_favoring,True,neutral,repair_subset,transfer,DFFDD,FDDDD,"D/F,F/D,F/D,D/D,D/D","target_stage1_handoff,general_stage2_core,trap_stage3_network,general_stage4_repair,target_stage5_decision","general_shared,general_shared,trap_lane,general_shared,target_specialist",00000,2,1,0,2,1,2,2,0.4,deep,deep,agent_deep__task_deep,17.5,5.287985,0.06659999999999999,22.854585,False,False,False,1,,,48801.0,stage1_n3__from__root__c03 > stage2_n2__from__n0003__c02 > stage3_n4__from__n0013__c03 > stage4_n2__from__n0045__c01 > stage5_n2__from__n0125__c02,[mms_issue]airplane_mode_on|bad_network_preference|bad_wifi_calling|break_apn_mms_setting|break_app_sms_permission|data_mode_off|data_usage_exceeded|user_abroad_roaming_disabled_on[PERSONA:None]
direct_multistage_exp3_local,baseline,71,7,1,65,target_post_switch,target_favoring,True,target_decoy_medium,repair_all,repair_all,DFDDD,FDDDD,"D/F,F/D,D/D,D/D,D/D","general_stage1_verify,general_stage2_core,barrier_stage3_gate,barrier_stage4_gate,barrier_stage5_transfer","general_shared,general_shared,private_barrier,private_barrier,private_barrier",00111,1,1,0,1,1,3,3,0.6,deep,deep,agent_deep__task_deep,0.0,4.743145,0.0752,4.818345,True,True,True,0,,,46010.0,stage1_n2__from__root__c02 > stage2_n2__from__n0002__c02 > stage3_n5__from__n0010__c04 > stage4_n5__from__n0037__c04 > stage5_n5__from__n0109__c03,[mms_issue]airplane_mode_on|bad_network_preference|bad_wifi_calling|break_apn_mms_setting|break_app_sms_permission|data_mode_off|unseat_sim_card|user_abroad_roaming_enabled_off[PERSONA:None]
direct_multistage_exp3_local,baseline,72,7,2,11,target_post_switch,target_favoring,True,target_safe_specialist_good,repair_subset,transfer,FDDDD,FDDDD,"F/F,D/D,D/D,D/D,D/D","general_stage1_intake,target_stage2_router,target_stage3_apn,target_stage4_repair,target_stage5_decision","general_shared,target_specialist,target_specialist,target_specialist,target_specialist",00000,1,1,1,0,0,4,5,1.0,deep,deep,agent_deep__task_deep,18.5,4.95176,0.07900000000000001,23.53076,False,False,False,1,,,52901.0,stage1_n1__from__root__c01 > stage2_n1__from__n0001__c01 > stage3_n1__from__n0006__c01 > stage4_n1__from__n0023__c01 > stage5_n2__from__n0074__c02,[mms_issue]airplane_mode_on|bad_network_preference|bad_wifi_calling|break_apn_mms_setting|break_app_storage_permission|data_mode_off|data_usage_exceeded|unseat_sim_card|user_abroad_roaming_disabled_on[PERSONA:Easy]
direct_multistage_exp3_local,baseline,73,7,3,17,target_post_switch,target_favoring,True,trap_like_bad,repair_subset,transfer,FDFDD,FDDDD,"F/F,D/D,F/D,D/D,D/D","trap_stage1_intake,general_stage2_roaming,trap_stage3_network,general_stage4_repair,target_stage5_verify","trap_lane,general_shared,trap_lane,general_shared,target_specialist",00000,2,1,1,1,0,3,4,0.8,deep,deep,agent_deep__task_deep,20.5,4.7512,0.0641,25.3153,False,False,False,1,,,46960.0,stage1_n4__from__root__c04 > stage2_n4__from__n0004__c04 > stage3_n4__from__n0018__c02 > stage4_n2__from__n0060__c01 > stage5_n1__from__n0168__c01,[mms_issue]airplane_mode_on|bad_network_preference|bad_wifi_calling|break_apn_mms_setting|break_app_storage_permission|data_mode_off|data_usage_exceeded|unseat_sim_card|user_abroad_roaming_enabled_off[PERSONA:Easy]
direct_multistage_exp3_local,baseline,74,7,4,67,target_post_switch,target_favoring,False,neutral,transfer,transfer,FFDDD,FDDDD,"F/F,F/D,D/D,D/D,D/D","barrier_stage1_gate,trap_stage2_router,general_stage3_network,general_stage4_repair,target_stage5_verify","private_barrier,trap_lane,general_shared,general_shared,target_specialist",10000,2,1,1,1,0,3,4,0.8,deep,deep,agent_deep__task_deep,1.0,5.00741,0.072,6.07941,False,False,True,0,,,52167.0,stage1_n5__from__root__c05 > stage2_n3__from__n0005__c01 > stage3_n3__from__n0020__c01 > stage4_n2__from__n0065__c01 > stage5_n1__from__n0186__c01,[mms_issue]airplane_mode_on|break_apn_mms_setting|break_app_both_permissions|user_abroad_roaming_disabled_off[PERSONA:None]
direct_multistage_exp3_local,baseline,75,7,5,35,target_post_switch,target_favoring,True,neutral,repair_subset,repair_subset,FFDDD,FDDDD,"F/F,F/D,D/D,D/D,D/D","barrier_stage1_gate,trap_stage2_router,general_stage3_network,general_stage4_repair,target_stage5_decision","private_barrier,trap_lane,general_shared,general_shared,target_specialist",10000,2,1,1,1,0,3,4,0.8,deep,deep,agent_deep__task_deep,3.0,4.572245,0.0711,7.643345,False,False,False,1,,,48209.0,stage1_n5__from__root__c05 > stage2_n3__from__n0005__c01 > stage3_n3__from__n0020__c01 > stage4_n2__from__n0065__c01 > stage5_n2__from__n0186__c02,[mms_issue]airplane_mode_on|bad_network_preference|bad_wifi_calling|break_apn_mms_setting|break_app_both_permissions|data_mode_off|data_usage_exceeded|unseat_sim_card|user_abroad_roaming_disabled_on[PERSONA:Hard]
direct_multistage_exp3_local,baseline,76,7,6,51,target_post_switch,target_favoring,True,neutral,repair_subset,repair_subset,FDDDD,FDDDD,"F/F,D/D,D/D,D/D,D/D","barrier_stage1_gate,general_stage2_roaming,barrier_stage3_gate,general_stage4_verify,general_stage5_verify","private_barrier,general_shared,private_barrier,general_shared,general_shared",10100,1,1,1,0,0,4,5,1.0,deep,deep,agent_deep__task_deep,2.0,4.42476,0.0714,6.49616,True,True,False,1,,,48204.0,stage1_n5__from__root__c05 > stage2_n4__from__n0005__c02 > stage3_n5__from__n0021__c03 > stage4_n3__from__n0070__c02 > stage5_n3__from__n0203__c03,[mms_issue]airplane_mode_on|bad_network_preference|bad_wifi_calling|break_apn_mms_setting|break_app_both_permissions|data_mode_off|data_usage_exceeded|unseat_sim_card|user_abroad_roaming_enabled_off[PERSONA:Hard]
direct_multistage_exp3_local,baseline,77,7,7,45,target_post_switch,target_favoring,True,trap_like_bad,repair_all,repair_subset,FDFDD,FDDDD,"F/F,D/D,F/D,D/D,D/D","trap_stage1_intake,general_stage2_roaming,trap_stage3_network,barrier_stage4_gate,barrier_stage5_transfer","trap_lane,general_shared,trap_lane,private_barrier,private_barrier",00011,2,1,1,1,0,3,4,0.8,deep,deep,agent_deep__task_deep,11.0,5.70287,0.0724,16.77527,False,False,True,0,,,58153.0,stage1_n4__from__root__c04 > stage2_n4__from__n0004__c04 > stage3_n4__from__n0018__c02 > stage4_n5__from__n0060__c04 > stage5_n5__from__n0171__c03,[mms_issue]airplane_mode_on|bad_network_preference|bad_wifi_calling|break_apn_mms_setting|break_app_both_permissions|data_mode_off|unseat_sim_card|user_abroad_roaming_enabled_off[PERSONA:Hard]
direct_multistage_exp3_local,baseline,78,7,8,40,target_post_switch,target_favoring,True,target_decoy_medium,repair_subset,repair_subset,FFDFD,FDDDD,"F/F,F/D,D/D,F/D,D/D","barrier_stage1_gate,trap_stage2_router,barrier_stage3_gate,trap_stage4_execute,barrier_stage5_transfer","private_barrier,trap_lane,private_barrier,trap_lane,private_barrier",10101,3,1,1,2,0,2,3,0.6,fast,deep,agent_fast__task_deep,5.0,4.75822,0.0729,9.831119999999999,False,False,False,1,,,40851.0,stage1_n5__from__root__c05 > stage2_n3__from__n0005__c01 > stage3_n5__from__n0020__c03 > stage4_n4__from__n0067__c03 > stage5_n5__from__n0194__c04,[mms_issue]airplane_mode_on|bad_network_preference|bad_wifi_calling|break_apn_mms_setting|break_app_sms_permission|data_mode_off|data_usage_exceeded|unseat_sim_card|user_abroad_roaming_disabled_on[PERSONA:None]
direct_multistage_exp3_local,baseline,79,7,9,46,target_post_switch,target_favoring,True,target_decoy_medium,repair_subset,repair_subset,DFFFD,FDDDD,"D/F,F/D,F/D,F/D,D/D","general_stage1_verify,trap_stage2_router,trap_stage3_network,trap_stage4_execute,barrier_stage5_transfer","general_shared,trap_lane,trap_lane,trap_lane,private_barrier",00001,3,1,0,3,1,1,1,0.2,fast,deep,agent_fast__task_deep,5.0,6.199695,0.064,11.263695,False,False,False,1,,,51144.0,stage1_n2__from__root__c02 > stage2_n3__from__n0002__c03 > stage3_n4__from__n0011__c02 > stage4_n4__from__n0039__c03 > stage5_n5__from__n0114__c04,[mms_issue]airplane_mode_on|bad_network_preference|bad_wifi_calling|break_apn_mms_setting|break_app_sms_permission|data_mode_off|data_usage_exceeded|unseat_sim_card|user_abroad_roaming_enabled_off[PERSONA:None]
direct_multistage_exp3_local,baseline,80,8,0,16,target_post_switch,target_favoring,True,neutral,repair_subset,repair_subset,FDDDD,FDDDD,"F/F,D/D,D/D,D/D,D/D","barrier_stage1_gate,general_stage2_roaming,general_stage3_network,general_stage4_repair,target_stage5_decision","private_barrier,general_shared,general_shared,general_shared,target_specialist",10000,1,1,1,0,0,4,5,1.0,deep,deep,agent_deep__task_deep,2.0,4.846445,0.07410000000000001,6.920545000000001,True,True,False,1,,,52418.0,stage1_n5__from__root__c05 > stage2_n4__from__n0005__c02 > stage3_n3__from__n0021__c01 > stage4_n2__from__n0068__c01 > stage5_n2__from__n0196__c02,[mms_issue]airplane_mode_on|bad_network_preference|bad_wifi_calling|break_apn_mms_setting|break_app_sms_permission|data_mode_off|data_usage_exceeded|user_abroad_roaming_disabled_on[PERSONA:None]
direct_multistage_exp3_local,baseline,81,8,1,65,target_post_switch,target_favoring,True,target_safe_specialist_good,repair_all,repair_all,DDDDD,FDDDD,"D/F,D/D,D/D,D/D,D/D","general_stage1_verify,target_stage2_router,target_stage3_roaming,target_stage4_repair,target_stage5_verify","general_shared,target_specialist,target_specialist,target_specialist,target_specialist",00000,0,1,0,0,1,4,4,0.8,deep,deep,agent_deep__task_deep,0.0,5.682235,0.0748,5.757035,True,True,True,0,,,58936.0,stage1_n2__from__root__c02 > stage2_n1__from__n0002__c01 > stage3_n2__from__n0009__c02 > stage4_n1__from__n0033__c01 > stage5_n1__from__n0098__c01,[mms_issue]airplane_mode_on|bad_network_preference|bad_wifi_calling|break_apn_mms_setting|break_app_sms_permission|data_mode_off|unseat_sim_card|user_abroad_roaming_enabled_off[PERSONA:None]
direct_multistage_exp3_local,baseline,82,8,2,11,target_post_switch,target_favoring,True,target_safe_specialist_good,repair_subset,transfer,DFDDD,FDDDD,"D/F,F/D,D/D,D/D,D/D","general_stage1_verify,general_stage2_core,target_stage3_roaming,target_stage4_repair,target_stage5_verify","general_shared,general_shared,target_specialist,target_specialist,target_specialist",00000,1,1,0,1,1,3,3,0.6,deep,deep,agent_deep__task_deep,19.5,5.150935,0.0721,24.723035,False,False,False,1,,,50651.0,stage1_n2__from__root__c02 > stage2_n2__from__n0002__c02 > stage3_n2__from__n0010__c01 > stage4_n1__from__n0034__c01 > stage5_n1__from__n0099__c01,[mms_issue]airplane_mode_on|bad_network_preference|bad_wifi_calling|break_apn_mms_setting|break_app_storage_permission|data_mode_off|data_usage_exceeded|unseat_sim_card|user_abroad_roaming_disabled_on[PERSONA:Easy]
direct_multistage_exp3_local,baseline,83,8,3,17,target_post_switch,target_favoring,True,neutral,repair_subset,repair_subset,DFDDD,FDDDD,"D/F,F/D,D/D,D/D,D/D","general_stage1_verify,trap_stage2_router,general_stage3_network,general_stage4_repair,target_stage5_verify","general_shared,trap_lane,general_shared,general_shared,target_specialist",00000,1,1,0,1,1,3,3,0.6,deep,deep,agent_deep__task_deep,15.0,5.37831,0.06570000000000001,20.44401,False,False,False,1,,,54094.0,stage1_n2__from__root__c02 > stage2_n3__from__n0002__c03 > stage3_n3__from__n0011__c01 > stage4_n2__from__n0038__c01 > stage5_n1__from__n0110__c01,[mms_issue]airplane_mode_on|bad_network_preference|bad_wifi_calling|break_apn_mms_setting|break_app_storage_permission|data_mode_off|data_usage_exceeded|unseat_sim_card|user_abroad_roaming_enabled_off[PERSONA:Easy]
direct_multistage_exp3_local,baseline,84,8,4,67,target_post_switch,target_favoring,False,neutral,transfer,transfer,DFFFD,FDDDD,"D/F,F/D,F/D,F/D,D/D","target_stage1_handoff,trap_stage2_router,trap_stage3_network,trap_stage4_execute,target_stage5_verify","general_shared,trap_lane,trap_lane,trap_lane,target_specialist",00000,3,1,0,3,1,1,1,0.2,fast,deep,agent_fast__task_deep,1.0,5.276845,0.0611,6.3379449999999995,False,False,True,0,,,42217.0,stage1_n3__from__root__c03 > stage2_n3__from__n0003__c03 > stage3_n4__from__n0014__c02 > stage4_n4__from__n0048__c03 > stage5_n1__from__n0137__c01,[mms_issue]airplane_mode_on|break_apn_mms_setting|break_app_both_permissions|user_abroad_roaming_disabled_off[PERSONA:None]
direct_multistage_exp3_local,baseline,85,8,5,35,target_post_switch,target_favoring,True,neutral,repair_subset,transfer,FDFDD,FDDDD,"F/F,D/D,F/D,D/D,D/D","barrier_stage1_gate,general_stage2_roaming,trap_stage3_network,general_stage4_verify,target_stage5_verify","private_barrier,general_shared,trap_lane,general_shared,target_specialist",10000,2,1,1,1,0,3,4,0.8,deep,deep,agent_deep__task_deep,18.5,5.334045,0.0699,23.903945,False,False,False,1,,,53439.0,stage1_n5__from__root__c05 > stage2_n4__from__n0005__c02 > stage3_n4__from__n0021__c02 > stage4_n3__from__n0069__c02 > stage5_n1__from__n0199__c01,[mms_issue]airplane_mode_on|bad_network_preference|bad_wifi_calling|break_apn_mms_setting|break_app_both_permissions|data_mode_off|data_usage_exceeded|unseat_sim_card|user_abroad_roaming_disabled_on[PERSONA:Hard]
direct_multistage_exp3_local,baseline,86,8,6,51,target_post_switch,target_favoring,True,target_safe_specialist_good,repair_subset,repair_subset,DDDDD,FDDDD,"D/F,D/D,D/D,D/D,D/D","target_stage1_handoff,target_stage2_router,target_stage3_apn,target_stage4_repair,target_stage5_decision","general_shared,target_specialist,target_specialist,target_specialist,target_specialist",00000,0,1,0,0,1,4,4,0.8,deep,deep,agent_deep__task_deep,13.0,5.949975,0.07790000000000001,19.027875,False,False,False,1,,,62346.0,stage1_n3__from__root__c03 > stage2_n1__from__n0003__c01 > stage3_n1__from__n0012__c01 > stage4_n1__from__n0041__c01 > stage5_n2__from__n0120__c02,[mms_issue]airplane_mode_on|bad_network_preference|bad_wifi_calling|break_apn_mms_setting|break_app_both_permissions|data_mode_off|data_usage_exceeded|unseat_sim_card|user_abroad_roaming_enabled_off[PERSONA:Hard]
direct_multistage_exp3_local,baseline,87,8,7,45,target_post_switch,target_favoring,True,target_safe_specialist_good,repair_all,transfer,FDDDD,FDDDD,"F/F,D/D,D/D,D/D,D/D","general_stage1_intake,target_stage2_router,target_stage3_roaming,target_stage4_repair,target_stage5_decision","general_shared,target_specialist,target_specialist,target_specialist,target_specialist",00000,1,1,1,0,0,4,5,1.0,deep,deep,agent_deep__task_deep,18.5,6.14737,0.0758,24.72317,False,False,True,0,,,68587.0,stage1_n1__from__root__c01 > stage2_n1__from__n0001__c01 > stage3_n2__from__n0006__c02 > stage4_n1__from__n0024__c01 > stage5_n2__from__n0075__c02,[mms_issue]airplane_mode_on|bad_network_preference|bad_wifi_calling|break_apn_mms_setting|break_app_both_permissions|data_mode_off|unseat_sim_card|user_abroad_roaming_enabled_off[PERSONA:Hard]
direct_multistage_exp3_local,baseline,88,8,8,40,target_post_switch,target_favoring,True,trap_like_bad,repair_subset,transfer,FDDDD,FDDDD,"F/F,D/D,D/D,D/D,D/D","trap_stage1_intake,barrier_stage2_gate,barrier_stage3_gate,general_stage4_verify,general_stage5_verify","trap_lane,private_barrier,private_barrier,general_shared,general_shared",01100,1,1,1,0,0,4,5,1.0,deep,deep,agent_deep__task_deep,18.5,4.971735,0.0706,23.542334999999998,False,False,False,1,,,53001.0,stage1_n4__from__root__c04 > stage2_n5__from__n0004__c05 > stage3_n5__from__n0019__c03 > stage4_n3__from__n0064__c02 > stage5_n3__from__n0183__c03,[mms_issue]airplane_mode_on|bad_network_preference|bad_wifi_calling|break_apn_mms_setting|break_app_sms_permission|data_mode_off|data_usage_exceeded|unseat_sim_card|user_abroad_roaming_disabled_on[PERSONA:None]
direct_multistage_exp3_local,baseline,89,8,9,46,target_post_switch,target_favoring,True,target_safe_specialist_good,repair_subset,repair_subset,DDDDD,FDDDD,"D/F,D/D,D/D,D/D,D/D","general_stage1_verify,target_stage2_router,target_stage3_roaming,target_stage4_repair,target_stage5_decision","general_shared,target_specialist,target_specialist,target_specialist,target_specialist",00000,0,1,0,0,1,4,4,0.8,deep,deep,agent_deep__task_deep,2.0,5.1158,0.0753,7.1911000000000005,True,True,False,1,,,52259.0,stage1_n2__from__root__c02 > stage2_n1__from__n0002__c01 > stage3_n2__from__n0009__c02 > stage4_n1__from__n0033__c01 > stage5_n2__from__n0098__c02,[mms_issue]airplane_mode_on|bad_network_preference|bad_wifi_calling|break_apn_mms_setting|break_app_sms_permission|data_mode_off|data_usage_exceeded|unseat_sim_card|user_abroad_roaming_enabled_off[PERSONA:None]
direct_multistage_exp3_local,baseline,90,9,0,16,target_post_switch,target_favoring,True,target_decoy_medium,repair_subset,transfer,FFDDD,FDDDD,"F/F,F/D,D/D,D/D,D/D","general_stage1_intake,trap_stage2_router,barrier_stage3_gate,barrier_stage4_gate,barrier_stage5_transfer","general_shared,trap_lane,private_barrier,private_barrier,private_barrier",00111,2,1,1,1,0,3,4,0.8,deep,deep,agent_deep__task_deep,17.5,4.375025,0.0746,21.949625,False,False,False,1,,,44724.0,stage1_n1__from__root__c01 > stage2_n3__from__n0001__c03 > stage3_n5__from__n0008__c03 > stage4_n5__from__n0031__c04 > stage5_n5__from__n0096__c03,[mms_issue]airplane_mode_on|bad_network_preference|bad_wifi_calling|break_apn_mms_setting|break_app_sms_permission|data_mode_off|data_usage_exceeded|user_abroad_roaming_disabled_on[PERSONA:None]
direct_multistage_exp3_local,baseline,91,9,1,65,target_post_switch,target_favoring,True,target_decoy_medium,repair_all,repair_all,FDDDD,FDDDD,"F/F,D/D,D/D,D/D,D/D","barrier_stage1_gate,barrier_stage2_gate,barrier_stage3_gate,barrier_stage4_gate,target_stage5_decision","private_barrier,private_barrier,private_barrier,private_barrier,target_specialist",11110,1,1,1,0,0,4,5,1.0,deep,deep,agent_deep__task_deep,0.0,6.351115,0.08410000000000001,6.435215,True,True,True,0,,,69478.0,stage1_n5__from__root__c05 > stage2_n5__from__n0005__c03 > stage3_n5__from__n0022__c03 > stage4_n5__from__n0073__c04 > stage5_n2__from__n0215__c01,[mms_issue]airplane_mode_on|bad_network_preference|bad_wifi_calling|break_apn_mms_setting|break_app_sms_permission|data_mode_off|unseat_sim_card|user_abroad_roaming_enabled_off[PERSONA:None]
direct_multistage_exp3_local,baseline,92,9,2,11,target_post_switch,target_favoring,True,neutral,repair_subset,repair_subset,FDDDF,FDDDD,"F/F,D/D,D/D,D/D,F/D","barrier_stage1_gate,general_stage2_roaming,barrier_stage3_gate,general_stage4_verify,trap_stage5_terminal","private_barrier,general_shared,private_barrier,general_shared,trap_lane",10100,2,1,1,1,0,3,4,0.8,deep,deep,agent_deep__task_deep,2.0,5.92852,0.07050000000000001,7.99902,True,True,False,1,,,56457.0,stage1_n5__from__root__c05 > stage2_n4__from__n0005__c02 > stage3_n5__from__n0021__c03 > stage4_n3__from__n0070__c02 > stage5_n4__from__n0203__c04,[mms_issue]airplane_mode_on|bad_network_preference|bad_wifi_calling|break_apn_mms_setting|break_app_storage_permission|data_mode_off|data_usage_exceeded|unseat_sim_card|user_abroad_roaming_disabled_on[PERSONA:Easy]
direct_multistage_exp3_local,baseline,93,9,3,17,target_post_switch,target_favoring,True,target_safe_specialist_good,repair_subset,transfer,DDDDD,FDDDD,"D/F,D/D,D/D,D/D,D/D","general_stage1_verify,target_stage2_router,target_stage3_roaming,target_stage4_repair,target_stage5_decision","general_shared,target_specialist,target_specialist,target_specialist,target_specialist",00000,0,1,0,0,1,4,4,0.8,deep,deep,agent_deep__task_deep,20.5,5.572795,0.0753,26.148094999999998,False,False,False,1,,,57142.0,stage1_n2__from__root__c02 > stage2_n1__from__n0002__c01 > stage3_n2__from__n0009__c02 > stage4_n1__from__n0033__c01 > stage5_n2__from__n0098__c02,[mms_issue]airplane_mode_on|bad_network_preference|bad_wifi_calling|break_apn_mms_setting|break_app_storage_permission|data_mode_off|data_usage_exceeded|unseat_sim_card|user_abroad_roaming_enabled_off[PERSONA:Easy]
direct_multistage_exp3_local,baseline,94,9,4,67,target_post_switch,target_favoring,False,neutral,transfer,transfer,FDFDD,FDDDD,"F/F,D/D,F/D,D/D,D/D","barrier_stage1_gate,general_stage2_roaming,trap_stage3_network,general_stage4_repair,target_stage5_verify","private_barrier,general_shared,trap_lane,general_shared,target_specialist",10000,2,1,1,1,0,3,4,0.8,deep,deep,agent_deep__task_deep,1.0,4.620025,0.07010000000000001,5.690125,False,False,True,0,,,46653.0,stage1_n5__from__root__c05 > stage2_n4__from__n0005__c02 > stage3_n4__from__n0021__c02 > stage4_n2__from__n0069__c01 > stage5_n1__from__n0198__c01,[mms_issue]airplane_mode_on|break_apn_mms_setting|break_app_both_permissions|user_abroad_roaming_disabled_off[PERSONA:None]
direct_multistage_exp3_local,baseline,95,9,5,35,target_post_switch,target_favoring,True,neutral,repair_subset,repair_subset,FDDFD,FDDDD,"F/F,D/D,D/D,F/D,D/D","barrier_stage1_gate,barrier_stage2_gate,barrier_stage3_gate,trap_stage4_execute,general_stage5_verify","private_barrier,private_barrier,private_barrier,trap_lane,general_shared",11100,2,1,1,1,0,3,4,0.8,deep,deep,agent_deep__task_deep,4.0,5.702765,0.0735,9.776265,False,False,False,1,,,53850.0,stage1_n5__from__root__c05 > stage2_n5__from__n0005__c03 > stage3_n5__from__n0022__c03 > stage4_n4__from__n0073__c03 > stage5_n3__from__n0214__c02,[mms_issue]airplane_mode_on|bad_network_preference|bad_wifi_calling|break_apn_mms_setting|break_app_both_permissions|data_mode_off|data_usage_exceeded|unseat_sim_card|user_abroad_roaming_disabled_on[PERSONA:Hard]
direct_multistage_exp3_local,baseline,96,9,6,51,target_post_switch,target_favoring,True,target_safe_specialist_good,repair_subset,repair_all,DDDDD,FDDDD,"D/F,D/D,D/D,D/D,D/D","target_stage1_handoff,target_stage2_router,target_stage3_apn,target_stage4_repair,target_stage5_decision","general_shared,target_specialist,target_specialist,target_specialist,target_specialist",00000,0,1,0,0,1,4,4,0.8,deep,deep,agent_deep__task_deep,3.5,6.05733,0.07790000000000001,9.63523,False,False,True,0,,,62595.0,stage1_n3__from__root__c03 > stage2_n1__from__n0003__c01 > stage3_n1__from__n0012__c01 > stage4_n1__from__n0041__c01 > stage5_n2__from__n0120__c02,[mms_issue]airplane_mode_on|bad_network_preference|bad_wifi_calling|break_apn_mms_setting|break_app_both_permissions|data_mode_off|data_usage_exceeded|unseat_sim_card|user_abroad_roaming_enabled_off[PERSONA:Hard]
direct_multistage_exp3_local,baseline,97,9,7,45,target_post_switch,target_favoring,True,neutral,repair_all,repair_subset,FFDDD,FDDDD,"F/F,F/D,D/D,D/D,D/D","barrier_stage1_gate,trap_stage2_router,general_stage3_network,general_stage4_verify,general_stage5_verify","private_barrier,trap_lane,general_shared,general_shared,general_shared",10000,2,1,1,1,0,3,4,0.8,deep,deep,agent_deep__task_deep,11.0,5.286765,0.0703,16.357065,False,False,True,0,,,55673.0,stage1_n5__from__root__c05 > stage2_n3__from__n0005__c01 > stage3_n3__from__n0020__c01 > stage4_n3__from__n0065__c02 > stage5_n3__from__n0187__c03,[mms_issue]airplane_mode_on|bad_network_preference|bad_wifi_calling|break_apn_mms_setting|break_app_both_permissions|data_mode_off|unseat_sim_card|user_abroad_roaming_enabled_off[PERSONA:Hard]
direct_multistage_exp3_local,baseline,98,9,8,40,target_post_switch,target_favoring,True,target_safe_specialist_good,repair_subset,repair_subset,FDDDD,FDDDD,"F/F,D/D,D/D,D/D,D/D","general_stage1_intake,target_stage2_router,target_stage3_roaming,target_stage4_repair,target_stage5_decision","general_shared,target_specialist,target_specialist,target_specialist,target_specialist",00000,1,1,1,0,0,4,5,1.0,deep,deep,agent_deep__task_deep,2.0,5.722285,0.0758,7.798085,True,True,False,1,,,62965.0,stage1_n1__from__root__c01 > stage2_n1__from__n0001__c01 > stage3_n2__from__n0006__c02 > stage4_n1__from__n0024__c01 > stage5_n2__from__n0075__c02,[mms_issue]airplane_mode_on|bad_network_preference|bad_wifi_calling|break_apn_mms_setting|break_app_sms_permission|data_mode_off|data_usage_exceeded|unseat_sim_card|user_abroad_roaming_disabled_on[PERSONA:None]
direct_multistage_exp3_local,baseline,99,9,9,46,target_post_switch,target_favoring,True,neutral,repair_subset,repair_subset,FDDDD,FDDDD,"F/F,D/D,D/D,D/D,D/D","barrier_stage1_gate,general_stage2_roaming,general_stage3_network,general_stage4_repair,target_stage5_verify","private_barrier,general_shared,general_shared,general_shared,target_specialist",10000,1,1,1,0,0,4,5,1.0,deep,deep,agent_deep__task_deep,15.0,4.894555,0.0732,19.967755,False,False,False,1,,,52504.0,stage1_n5__from__root__c05 > stage2_n4__from__n0005__c02 > stage3_n3__from__n0021__c01 > stage4_n2__from__n0068__c01 > stage5_n1__from__n0196__c01,[mms_issue]airplane_mode_on|bad_network_preference|bad_wifi_calling|break_apn_mms_setting|break_app_sms_permission|data_mode_off|data_usage_exceeded|unseat_sim_card|user_abroad_roaming_enabled_off[PERSONA:None]
epsilon_exp3,baseline,0,0,0,19,trap_pre_switch,trap_favoring,False,trap_like_good,repair_all,repair_all,FFDDD,FFFFF,"F/F,F/F,D/F,D/F,D/F","trap_stage1_intake,general_stage2_core,general_stage3_network,general_stage4_repair,target_stage5_decision","trap_lane,general_shared,general_shared,general_shared,target_specialist",00000,2,5,2,0,3,0,2,0.4,deep,fast,agent_deep__task_fast,1.5,4.91148,0.0655,6.47698,False,False,True,0,,,41136.0,stage1_n4__from__root__c04 > stage2_n2__from__n0004__c02 > stage3_n3__from__n0016__c02 > stage4_n2__from__n0053__c01 > stage5_n2__from__n0146__c02,[mms_issue]airplane_mode_on|bad_network_preference|break_app_sms_permission[PERSONA:Hard]
epsilon_exp3,baseline,1,0,1,13,trap_pre_switch,trap_favoring,False,neutral,repair_all,repair_all,DFDDF,FFFFF,"D/F,F/F,D/F,D/F,F/F","target_stage1_handoff,trap_stage2_router,general_stage3_network,general_stage4_verify,trap_stage5_terminal","general_shared,trap_lane,general_shared,general_shared,trap_lane",00000,2,5,2,0,3,0,2,0.4,deep,fast,agent_deep__task_fast,0.0,4.217625,0.063,4.280625,True,True,True,0,,,37083.0,stage1_n3__from__root__c03 > stage2_n3__from__n0003__c03 > stage3_n3__from__n0014__c01 > stage4_n3__from__n0047__c02 > stage5_n4__from__n0134__c04,[mms_issue]airplane_mode_on|bad_wifi_calling|break_app_sms_permission[PERSONA:None]
epsilon_exp3,baseline,2,0,2,7,trap_pre_switch,trap_favoring,False,trap_like_good,repair_all,repair_all,FDDDF,FFFFF,"F/F,D/F,D/F,D/F,F/F","trap_stage1_intake,general_stage2_roaming,general_stage3_network,general_stage4_verify,trap_stage5_terminal","trap_lane,general_shared,general_shared,general_shared,trap_lane",00000,2,5,2,0,3,0,2,0.4,deep,fast,agent_deep__task_fast,0.0,4.34726,0.0591,4.40636,True,True,True,0,,,37709.0,stage1_n4__from__root__c04 > stage2_n4__from__n0004__c04 > stage3_n3__from__n0018__c01 > stage4_n3__from__n0059__c02 > stage5_n4__from__n0167__c04,[mms_issue]airplane_mode_on|bad_wifi_calling|break_app_storage_permission[PERSONA:Easy]
epsilon_exp3,baseline,3,0,3,25,trap_pre_switch,trap_favoring,False,neutral,repair_subset,repair_subset,FDDDD,FFFFF,"F/F,D/F,D/F,D/F,D/F","barrier_stage1_gate,barrier_stage2_gate,general_stage3_network,general_stage4_repair,target_stage5_decision","private_barrier,private_barrier,general_shared,general_shared,target_specialist",11000,1,5,1,0,4,0,1,0.2,deep,fast,agent_deep__task_fast,4.0,4.363225,0.0777,8.440925,False,False,False,1,,,35779.0,stage1_n5__from__root__c05 > stage2_n5__from__n0005__c03 > stage3_n3__from__n0022__c01 > stage4_n2__from__n0071__c01 > stage5_n2__from__n0206__c02,[mms_issue]airplane_mode_on|break_app_both_permissions|data_usage_exceeded[PERSONA:Hard]
epsilon_exp3,baseline,4,0,4,36,trap_pre_switch,trap_favoring,False,trap_safe_overcautious,repair_all,repair_all,DDDDD,FFFFF,"D/F,D/F,D/F,D/F,D/F","target_stage1_handoff,target_stage2_router,target_stage3_roaming,target_stage4_repair,target_stage5_decision","general_shared,target_specialist,target_specialist,target_specialist,target_specialist",00000,0,5,0,0,5,0,0,0.0,deep,fast,agent_deep__task_fast,1.5,6.02025,0.07600000000000001,7.5962499999999995,False,False,True,0,,,48474.0,stage1_n3__from__root__c03 > stage2_n1__from__n0003__c01 > stage3_n2__from__n0012__c02 > stage4_n1__from__n0042__c01 > stage5_n2__from__n0121__c02,[mms_issue]airplane_mode_on|break_app_storage_permission[PERSONA:Easy]
epsilon_exp3,baseline,5,0,5,18,trap_pre_switch,trap_favoring,False,trap_safe_overcautious,repair_all,repair_all,DDDDD,FFFFF,"D/F,D/F,D/F,D/F,D/F","general_stage1_verify,target_stage2_router,target_stage3_roaming,target_stage4_repair,target_stage5_decision","general_shared,target_specialist,target_specialist,target_specialist,target_specialist",00000,0,5,0,0,5,0,0,0.0,deep,fast,agent_deep__task_fast,1.5,4.711205,0.0753,6.286505,False,False,True,0,,,37880.0,stage1_n2__from__root__c02 > stage2_n1__from__n0002__c01 > stage3_n2__from__n0009__c02 > stage4_n1__from__n0033__c01 > stage5_n2__from__n0098__c02,[mms_issue]bad_network_preference[PERSONA:None]
epsilon_exp3,baseline,6,0,6,24,trap_pre_switch,trap_favoring,False,trap_safe_overcautious,repair_all,repair_all,DFDDD,FFFFF,"D/F,F/F,D/F,D/F,D/F","target_stage1_handoff,general_stage2_core,general_stage3_network,general_stage4_repair,target_stage5_verify","general_shared,general_shared,general_shared,general_shared,target_specialist",00000,1,5,1,0,4,0,1,0.2,deep,fast,agent_deep__task_fast,1.5,4.53595,0.0702,6.1061499999999995,False,False,True,0,,,37378.0,stage1_n3__from__root__c03 > stage2_n2__from__n0003__c02 > stage3_n3__from__n0013__c02 > stage4_n2__from__n0044__c01 > stage5_n1__from__n0123__c01,[mms_issue]bad_network_preference|break_app_storage_permission[PERSONA:None]
epsilon_exp3,baseline,7,0,7,23,trap_pre_switch,trap_favoring,False,trap_safe_overcautious,repair_all,repair_all,FFDDD,FFFFF,"F/F,F/F,D/F,D/F,D/F","general_stage1_intake,general_stage2_core,target_stage3_roaming,target_stage4_repair,target_stage5_decision","general_shared,general_shared,target_specialist,target_specialist,target_specialist",00000,2,5,2,0,3,0,2,0.4,deep,fast,agent_deep__task_fast,0.0,8.482855,0.0736,8.556455000000001,True,True,True,0,,,72181.0,stage1_n1__from__root__c01 > stage2_n2__from__n0001__c02 > stage3_n2__from__n0007__c01 > stage4_n1__from__n0025__c01 > stage5_n2__from__n0076__c02,[mms_issue]bad_wifi_calling[PERSONA:Easy]
epsilon_exp3,baseline,8,0,8,61,trap_pre_switch,trap_favoring,False,neutral,repair_all,repair_all,FFDDD,FFFFF,"F/F,F/F,D/F,D/F,D/F","barrier_stage1_gate,trap_stage2_router,general_stage3_network,general_stage4_verify,general_stage5_verify","private_barrier,trap_lane,general_shared,general_shared,general_shared",10000,2,5,2,0,3,0,2,0.4,deep,fast,agent_deep__task_fast,0.0,4.247725,0.0703,4.318025,True,True,True,0,,,35866.0,stage1_n5__from__root__c05 > stage2_n3__from__n0005__c01 > stage3_n3__from__n0020__c01 > stage4_n3__from__n0065__c02 > stage5_n3__from__n0187__c03,[mms_issue]bad_wifi_calling|break_app_storage_permission[PERSONA:Easy]
epsilon_exp3,baseline,9,0,9,0,trap_pre_switch,trap_favoring,False,neutral,repair_all,repair_all,DFDDD,FFFFF,"D/F,F/F,D/F,D/F,D/F","target_stage1_handoff,trap_stage2_router,barrier_stage3_gate,general_stage4_repair,target_stage5_verify","general_shared,trap_lane,private_barrier,general_shared,target_specialist",00100,1,5,1,0,4,0,1,0.2,deep,fast,agent_deep__task_fast,1.5,9.74931,0.07020000000000001,11.31951,False,False,True,0,,,81861.0,stage1_n3__from__root__c03 > stage2_n3__from__n0003__c03 > stage3_n5__from__n0014__c03 > stage4_n2__from__n0049__c01 > stage5_n1__from__n0139__c01,[mms_issue]break_app_both_permissions[PERSONA:Hard]
epsilon_exp3,baseline,10,1,0,19,trap_pre_switch,trap_favoring,False,neutral,repair_all,repair_all,FDDDD,FFFFF,"F/F,D/F,D/F,D/F,D/F","barrier_stage1_gate,general_stage2_roaming,general_stage3_network,general_stage4_repair,target_stage5_verify","private_barrier,general_shared,general_shared,general_shared,target_specialist",10000,1,5,1,0,4,0,1,0.2,deep,fast,agent_deep__task_fast,1.5,5.98582,0.0732,7.55902,False,False,True,0,,,48862.0,stage1_n5__from__root__c05 > stage2_n4__from__n0005__c02 > stage3_n3__from__n0021__c01 > stage4_n2__from__n0068__c01 > stage5_n1__from__n0196__c01,[mms_issue]airplane_mode_on|bad_network_preference|break_app_sms_permission[PERSONA:Hard]
epsilon_exp3,baseline,11,1,1,13,trap_pre_switch,trap_favoring,False,trap_like_good,repair_all,repair_all,FFFDD,FFFFF,"F/F,F/F,F/F,D/F,D/F","trap_stage1_intake,trap_stage2_router,trap_stage3_network,general_stage4_repair,target_stage5_decision","trap_lane,trap_lane,trap_lane,general_shared,target_specialist",00000,3,5,3,0,2,0,3,0.6,fast,fast,agent_fast__task_fast,0.0,3.73019,0.0586,3.78879,True,True,True,0,,,32993.0,stage1_n4__from__root__c04 > stage2_n3__from__n0004__c03 > stage3_n4__from__n0017__c02 > stage4_n2__from__n0057__c01 > stage5_n2__from__n0158__c02,[mms_issue]airplane_mode_on|bad_wifi_calling|break_app_sms_permission[PERSONA:None]
epsilon_exp3,baseline,12,1,2,7,trap_pre_switch,trap_favoring,False,neutral,repair_all,repair_all,DFDDD,FFFFF,"D/F,F/F,D/F,D/F,D/F","general_stage1_verify,trap_stage2_router,general_stage3_network,general_stage4_repair,target_stage5_verify","general_shared,trap_lane,general_shared,general_shared,target_specialist",00000,1,5,1,0,4,0,1,0.2,deep,fast,agent_deep__task_fast,0.0,4.580095,0.06570000000000001,4.645795,True,True,True,0,,,37420.0,stage1_n2__from__root__c02 > stage2_n3__from__n0002__c03 > stage3_n3__from__n0011__c01 > stage4_n2__from__n0038__c01 > stage5_n1__from__n0110__c01,[mms_issue]airplane_mode_on|bad_wifi_calling|break_app_storage_permission[PERSONA:Easy]
epsilon_exp3,baseline,13,1,3,25,trap_pre_switch,trap_favoring,False,neutral,repair_subset,repair_subset,FFFFD,FFFFF,"F/F,F/F,F/F,F/F,D/F","barrier_stage1_gate,trap_stage2_router,trap_stage3_network,trap_stage4_execute,target_stage5_verify","private_barrier,trap_lane,trap_lane,trap_lane,target_specialist",10000,4,5,4,0,1,0,4,0.8,fast,fast,agent_fast__task_fast,4.0,3.37961,0.06430000000000001,7.443910000000001,False,False,False,1,,,32921.0,stage1_n5__from__root__c05 > stage2_n3__from__n0005__c01 > stage3_n4__from__n0020__c02 > stage4_n4__from__n0066__c03 > stage5_n1__from__n0190__c01,[mms_issue]airplane_mode_on|break_app_both_permissions|data_usage_exceeded[PERSONA:Hard]
epsilon_exp3,baseline,14,1,4,36,trap_pre_switch,trap_favoring,False,neutral,repair_all,repair_all,FFFDD,FFFFF,"F/F,F/F,F/F,D/F,D/F","general_stage1_intake,trap_stage2_router,trap_stage3_network,barrier_stage4_gate,target_stage5_decision","general_shared,trap_lane,trap_lane,private_barrier,target_specialist",00010,3,5,3,0,2,0,3,0.6,fast,fast,agent_fast__task_fast,1.5,4.3572,0.06760000000000001,5.924799999999999,False,False,True,0,,,38664.0,stage1_n1__from__root__c01 > stage2_n3__from__n0001__c03 > stage3_n4__from__n0008__c02 > stage4_n5__from__n0030__c04 > stage5_n2__from__n0092__c01,[mms_issue]airplane_mode_on|break_app_storage_permission[PERSONA:Easy]
epsilon_exp3,baseline,15,1,5,18,trap_pre_switch,trap_favoring,False,neutral,repair_all,repair_all,FDFFD,FFFFF,"F/F,D/F,F/F,F/F,D/F","barrier_stage1_gate,general_stage2_roaming,trap_stage3_network,trap_stage4_execute,target_stage5_verify","private_barrier,general_shared,trap_lane,trap_lane,target_specialist",10000,3,5,3,0,2,0,3,0.6,fast,fast,agent_fast__task_fast,1.5,3.544175,0.0659,5.110075,False,False,True,0,,,33134.0,stage1_n5__from__root__c05 > stage2_n4__from__n0005__c02 > stage3_n4__from__n0021__c02 > stage4_n4__from__n0069__c03 > stage5_n1__from__n0200__c01,[mms_issue]bad_network_preference[PERSONA:None]
epsilon_exp3,baseline,16,1,6,24,trap_pre_switch,trap_favoring,False,trap_safe_overcautious,repair_all,repair_all,DFDDD,FFFFF,"D/F,F/F,D/F,D/F,D/F","general_stage1_verify,general_stage2_core,general_stage3_network,general_stage4_repair,target_stage5_verify","general_shared,general_shared,general_shared,general_shared,target_specialist",00000,1,5,1,0,4,0,1,0.2,deep,fast,agent_deep__task_fast,1.5,4.52353,0.0695,6.093030000000001,False,False,True,0,,,37351.0,stage1_n2__from__root__c02 > stage2_n2__from__n0002__c02 > stage3_n3__from__n0010__c02 > stage4_n2__from__n0035__c01 > stage5_n1__from__n0100__c01,[mms_issue]bad_network_preference|break_app_storage_permission[PERSONA:None]
epsilon_exp3,baseline,17,1,7,23,trap_pre_switch,trap_favoring,False,neutral,repair_all,repair_all,DFDDF,FFFFF,"D/F,F/F,D/F,D/F,F/F","general_stage1_verify,general_stage2_core,barrier_stage3_gate,general_stage4_verify,trap_stage5_terminal","general_shared,general_shared,private_barrier,general_shared,trap_lane",00100,2,5,2,0,3,0,2,0.4,deep,fast,agent_deep__task_fast,0.0,7.997435,0.06520000000000001,8.062635,True,True,True,0,,,70406.0,stage1_n2__from__root__c02 > stage2_n2__from__n0002__c02 > stage3_n5__from__n0010__c04 > stage4_n3__from__n0037__c02 > stage5_n4__from__n0107__c04,[mms_issue]bad_wifi_calling[PERSONA:Easy]
epsilon_exp3,baseline,18,1,8,61,trap_pre_switch,trap_favoring,False,trap_safe_overcautious,repair_all,repair_all,DDDDD,FFFFF,"D/F,D/F,D/F,D/F,D/F","target_stage1_handoff,target_stage2_router,target_stage3_apn,target_stage4_repair,target_stage5_verify","general_shared,target_specialist,target_specialist,target_specialist,target_specialist",00000,0,5,0,0,5,0,0,0.0,deep,fast,agent_deep__task_fast,0.0,5.27436,0.07650000000000001,5.35086,True,True,True,0,,,42351.0,stage1_n3__from__root__c03 > stage2_n1__from__n0003__c01 > stage3_n1__from__n0012__c01 > stage4_n1__from__n0041__c01 > stage5_n1__from__n0120__c01,[mms_issue]bad_wifi_calling|break_app_storage_permission[PERSONA:Easy]
epsilon_exp3,baseline,19,1,9,0,trap_pre_switch,trap_favoring,False,neutral,repair_all,repair_all,DFFDD,FFFFF,"D/F,F/F,F/F,D/F,D/F","general_stage1_verify,trap_stage2_router,trap_stage3_network,general_stage4_verify,target_stage5_verify","general_shared,trap_lane,trap_lane,general_shared,target_specialist",00000,2,5,2,0,3,0,2,0.4,deep,fast,agent_deep__task_fast,1.5,4.78698,0.06470000000000001,6.35168,False,False,True,0,,,41562.0,stage1_n2__from__root__c02 > stage2_n3__from__n0002__c03 > stage3_n4__from__n0011__c02 > stage4_n3__from__n0039__c02 > stage5_n1__from__n0113__c01,[mms_issue]break_app_both_permissions[PERSONA:Hard]
epsilon_exp3,baseline,20,2,0,19,trap_pre_switch,trap_favoring,False,neutral,repair_all,repair_all,FFFDD,FFFFF,"F/F,F/F,F/F,D/F,D/F","general_stage1_intake,general_stage2_core,trap_stage3_network,barrier_stage4_gate,target_stage5_decision","general_shared,general_shared,trap_lane,private_barrier,target_specialist",00010,3,5,3,0,2,0,3,0.6,fast,fast,agent_fast__task_fast,1.5,4.68236,0.0731,6.25546,False,False,True,0,,,40964.0,stage1_n1__from__root__c01 > stage2_n2__from__n0001__c02 > stage3_n4__from__n0007__c03 > stage4_n5__from__n0027__c04 > stage5_n2__from__n0082__c01,[mms_issue]airplane_mode_on|bad_network_preference|break_app_sms_permission[PERSONA:Hard]
epsilon_exp3,baseline,21,2,1,13,trap_pre_switch,trap_favoring,False,trap_like_good,repair_all,repair_all,FDDDD,FFFFF,"F/F,D/F,D/F,D/F,D/F","trap_stage1_intake,barrier_stage2_gate,barrier_stage3_gate,general_stage4_repair,target_stage5_decision","trap_lane,private_barrier,private_barrier,general_shared,target_specialist",01100,1,5,1,0,4,0,1,0.2,deep,fast,agent_deep__task_fast,0.0,4.66039,0.07590000000000001,4.7362899999999994,True,True,True,0,,,37915.0,stage1_n4__from__root__c04 > stage2_n5__from__n0004__c05 > stage3_n5__from__n0019__c03 > stage4_n2__from__n0064__c01 > stage5_n2__from__n0182__c02,[mms_issue]airplane_mode_on|bad_wifi_calling|break_app_sms_permission[PERSONA:None]
epsilon_exp3,baseline,22,2,2,7,trap_pre_switch,trap_favoring,False,trap_like_good,repair_all,repair_all,FDDDD,FFFFF,"F/F,D/F,D/F,D/F,D/F","trap_stage1_intake,target_stage2_router,target_stage3_apn,target_stage4_repair,target_stage5_verify","trap_lane,target_specialist,target_specialist,target_specialist,target_specialist",00000,1,5,1,0,4,0,1,0.2,deep,fast,agent_deep__task_fast,0.0,4.70311,0.0735,4.77661,True,True,True,0,,,38017.0,stage1_n4__from__root__c04 > stage2_n1__from__n0004__c01 > stage3_n1__from__n0015__c01 > stage4_n1__from__n0050__c01 > stage5_n1__from__n0143__c01,[mms_issue]airplane_mode_on|bad_wifi_calling|break_app_storage_permission[PERSONA:Easy]
epsilon_exp3,baseline,23,2,3,25,trap_pre_switch,trap_favoring,False,trap_like_good,repair_subset,repair_subset,FDFDD,FFFFF,"F/F,D/F,F/F,D/F,D/F","trap_stage1_intake,barrier_stage2_gate,trap_stage3_network,general_stage4_repair,target_stage5_verify","trap_lane,private_barrier,trap_lane,general_shared,target_specialist",01000,2,5,2,0,3,0,2,0.4,deep,fast,agent_deep__task_fast,6.0,4.976965,0.0675,11.044464999999999,False,False,False,1,,,42028.0,stage1_n4__from__root__c04 > stage2_n5__from__n0004__c05 > stage3_n4__from__n0019__c02 > stage4_n2__from__n0063__c01 > stage5_n1__from__n0178__c01,[mms_issue]airplane_mode_on|break_app_both_permissions|data_usage_exceeded[PERSONA:Hard]
epsilon_exp3,baseline,24,2,4,36,trap_pre_switch,trap_favoring,False,trap_like_good,repair_all,repair_all,FFDDD,FFFFF,"F/F,F/F,D/F,D/F,D/F","trap_stage1_intake,trap_stage2_router,general_stage3_network,general_stage4_repair,target_stage5_verify","trap_lane,trap_lane,general_shared,general_shared,target_specialist",00000,2,5,2,0,3,0,2,0.4,deep,fast,agent_deep__task_fast,1.5,4.987175,0.0637,6.550875,False,False,True,0,,,41972.0,stage1_n4__from__root__c04 > stage2_n3__from__n0004__c03 > stage3_n3__from__n0017__c01 > stage4_n2__from__n0056__c01 > stage5_n1__from__n0156__c01,[mms_issue]airplane_mode_on|break_app_storage_permission[PERSONA:Easy]
epsilon_exp3,baseline,25,2,5,35,target_post_switch,target_favoring,True,neutral,repair_subset,repair_subset,DFDDD,FDDDD,"D/F,F/D,D/D,D/D,D/D","general_stage1_verify,trap_stage2_router,general_stage3_network,general_stage4_verify,general_stage5_verify","general_shared,trap_lane,general_shared,general_shared,general_shared",00000,1,1,0,1,1,3,3,0.6,deep,deep,agent_deep__task_deep,3.0,5.29948,0.0651,8.36458,False,False,False,1,,,52768.0,stage1_n2__from__root__c02 > stage2_n3__from__n0002__c03 > stage3_n3__from__n0011__c01 > stage4_n3__from__n0038__c02 > stage5_n3__from__n0111__c03,[mms_issue]airplane_mode_on|bad_network_preference|bad_wifi_calling|break_apn_mms_setting|break_app_both_permissions|data_mode_off|data_usage_exceeded|unseat_sim_card|user_abroad_roaming_disabled_on[PERSONA:Hard]
epsilon_exp3,baseline,26,2,6,51,target_post_switch,target_favoring,True,neutral,repair_subset,repair_subset,DFFDD,FDDDD,"D/F,F/D,F/D,D/D,D/D","target_stage1_handoff,general_stage2_core,trap_stage3_network,general_stage4_repair,target_stage5_decision","general_shared,general_shared,trap_lane,general_shared,target_specialist",00000,2,1,0,2,1,2,2,0.4,deep,deep,agent_deep__task_deep,13.0,6.214585,0.06659999999999999,19.281185,False,False,False,1,,,59857.0,stage1_n3__from__root__c03 > stage2_n2__from__n0003__c02 > stage3_n4__from__n0013__c03 > stage4_n2__from__n0045__c01 > stage5_n2__from__n0125__c02,[mms_issue]airplane_mode_on|bad_network_preference|bad_wifi_calling|break_apn_mms_setting|break_app_both_permissions|data_mode_off|data_usage_exceeded|unseat_sim_card|user_abroad_roaming_enabled_off[PERSONA:Hard]
epsilon_exp3,baseline,27,2,7,45,target_post_switch,target_favoring,True,target_safe_specialist_good,repair_all,repair_subset,FDDDD,FDDDD,"F/F,D/D,D/D,D/D,D/D","general_stage1_intake,target_stage2_router,target_stage3_roaming,target_stage4_repair,target_stage5_verify","general_shared,target_specialist,target_specialist,target_specialist,target_specialist",00000,1,1,1,0,0,4,5,1.0,deep,deep,agent_deep__task_deep,11.0,5.53792,0.0752,16.613120000000002,False,False,True,0,,,60430.0,stage1_n1__from__root__c01 > stage2_n1__from__n0001__c01 > stage3_n2__from__n0006__c02 > stage4_n1__from__n0024__c01 > stage5_n1__from__n0075__c01,[mms_issue]airplane_mode_on|bad_network_preference|bad_wifi_calling|break_apn_mms_setting|break_app_both_permissions|data_mode_off|unseat_sim_card|user_abroad_roaming_enabled_off[PERSONA:Hard]
epsilon_exp3,baseline,28,2,8,40,target_post_switch,target_favoring,True,target_safe_specialist_good,repair_subset,repair_subset,FDDDD,FDDDD,"F/F,D/D,D/D,D/D,D/D","general_stage1_intake,target_stage2_router,target_stage3_apn,target_stage4_repair,target_stage5_verify","general_shared,target_specialist,target_specialist,target_specialist,target_specialist",00000,1,1,1,0,0,4,5,1.0,deep,deep,agent_deep__task_deep,2.0,4.9759,0.07750000000000001,7.0534,True,True,False,1,,,54196.0,stage1_n1__from__root__c01 > stage2_n1__from__n0001__c01 > stage3_n1__from__n0006__c01 > stage4_n1__from__n0023__c01 > stage5_n1__from__n0074__c01,[mms_issue]airplane_mode_on|bad_network_preference|bad_wifi_calling|break_apn_mms_setting|break_app_sms_permission|data_mode_off|data_usage_exceeded|unseat_sim_card|user_abroad_roaming_disabled_on[PERSONA:None]
epsilon_exp3,baseline,29,2,9,46,target_post_switch,target_favoring,True,neutral,repair_subset,transfer,DFDDD,FDDDD,"D/F,F/D,D/D,D/D,D/D","general_stage1_verify,trap_stage2_router,barrier_stage3_gate,general_stage4_verify,general_stage5_verify","general_shared,trap_lane,private_barrier,general_shared,general_shared",00100,1,1,0,1,1,3,3,0.6,deep,deep,agent_deep__task_deep,21.5,5.71299,0.0704,27.283389999999997,False,False,False,1,,,58868.0,stage1_n2__from__root__c02 > stage2_n3__from__n0002__c03 > stage3_n5__from__n0011__c03 > stage4_n3__from__n0040__c02 > stage5_n3__from__n0117__c03,[mms_issue]airplane_mode_on|bad_network_preference|bad_wifi_calling|break_apn_mms_setting|break_app_sms_permission|data_mode_off|data_usage_exceeded|unseat_sim_card|user_abroad_roaming_enabled_off[PERSONA:None]
epsilon_exp3,baseline,30,3,0,16,target_post_switch,target_favoring,True,neutral,repair_subset,repair_subset,FDDDD,FDDDD,"F/F,D/D,D/D,D/D,D/D","barrier_stage1_gate,general_stage2_roaming,barrier_stage3_gate,general_stage4_repair,target_stage5_verify","private_barrier,general_shared,private_barrier,general_shared,target_specialist",10100,1,1,1,0,0,4,5,1.0,deep,deep,agent_deep__task_deep,2.0,4.827405,0.0742,6.901605,True,True,False,1,,,52413.0,stage1_n5__from__root__c05 > stage2_n4__from__n0005__c02 > stage3_n5__from__n0021__c03 > stage4_n2__from__n0070__c01 > stage5_n1__from__n0202__c01,[mms_issue]airplane_mode_on|bad_network_preference|bad_wifi_calling|break_apn_mms_setting|break_app_sms_permission|data_mode_off|data_usage_exceeded|user_abroad_roaming_disabled_on[PERSONA:None]
epsilon_exp3,baseline,31,3,1,65,target_post_switch,target_favoring,True,target_safe_specialist_good,repair_all,repair_all,DDDDD,FDDDD,"D/F,D/D,D/D,D/D,D/D","general_stage1_verify,target_stage2_router,target_stage3_apn,target_stage4_repair,target_stage5_decision","general_shared,target_specialist,target_specialist,target_specialist,target_specialist",00000,0,1,0,0,1,4,4,0.8,deep,deep,agent_deep__task_deep,0.0,5.49005,0.0772,5.5672500000000005,True,True,True,0,,,56597.0,stage1_n2__from__root__c02 > stage2_n1__from__n0002__c01 > stage3_n1__from__n0009__c01 > stage4_n1__from__n0032__c01 > stage5_n2__from__n0097__c02,[mms_issue]airplane_mode_on|bad_network_preference|bad_wifi_calling|break_apn_mms_setting|break_app_sms_permission|data_mode_off|unseat_sim_card|user_abroad_roaming_enabled_off[PERSONA:None]
epsilon_exp3,baseline,32,3,2,11,target_post_switch,target_favoring,True,trap_like_bad,repair_subset,repair_subset,FDDDD,FDDDD,"F/F,D/D,D/D,D/D,D/D","trap_stage1_intake,target_stage2_router,target_stage3_roaming,target_stage4_repair,target_stage5_decision","trap_lane,target_specialist,target_specialist,target_specialist,target_specialist",00000,1,1,1,0,0,4,5,1.0,deep,deep,agent_deep__task_deep,2.0,4.91929,0.0752,6.994490000000001,True,True,False,1,,,54004.0,stage1_n4__from__root__c04 > stage2_n1__from__n0004__c01 > stage3_n2__from__n0015__c02 > stage4_n1__from__n0051__c01 > stage5_n2__from__n0144__c02,[mms_issue]airplane_mode_on|bad_network_preference|bad_wifi_calling|break_apn_mms_setting|break_app_storage_permission|data_mode_off|data_usage_exceeded|unseat_sim_card|user_abroad_roaming_disabled_on[PERSONA:Easy]
epsilon_exp3,baseline,33,3,3,17,target_post_switch,target_favoring,True,target_safe_specialist_good,repair_subset,repair_subset,FDDDD,FDDDD,"F/F,D/D,D/D,D/D,D/D","general_stage1_intake,target_stage2_router,target_stage3_apn,target_stage4_repair,target_stage5_decision","general_shared,target_specialist,target_specialist,target_specialist,target_specialist",00000,1,1,1,0,0,4,5,1.0,deep,deep,agent_deep__task_deep,14.0,5.267535,0.07900000000000001,19.346535,False,False,False,1,,,56880.0,stage1_n1__from__root__c01 > stage2_n1__from__n0001__c01 > stage3_n1__from__n0006__c01 > stage4_n1__from__n0023__c01 > stage5_n2__from__n0074__c02,[mms_issue]airplane_mode_on|bad_network_preference|bad_wifi_calling|break_apn_mms_setting|break_app_storage_permission|data_mode_off|data_usage_exceeded|unseat_sim_card|user_abroad_roaming_enabled_off[PERSONA:Easy]
epsilon_exp3,baseline,34,3,4,67,target_post_switch,target_favoring,False,neutral,transfer,transfer,FFDDD,FDDDD,"F/F,F/D,D/D,D/D,D/D","barrier_stage1_gate,trap_stage2_router,barrier_stage3_gate,general_stage4_verify,target_stage5_decision","private_barrier,trap_lane,private_barrier,general_shared,target_specialist",10100,2,1,1,1,0,3,4,0.8,deep,deep,agent_deep__task_deep,3.0,4.92598,0.07440000000000001,8.00038,False,False,False,1,,,51782.0,stage1_n5__from__root__c05 > stage2_n3__from__n0005__c01 > stage3_n5__from__n0020__c03 > stage4_n3__from__n0067__c02 > stage5_n2__from__n0193__c02,[mms_issue]airplane_mode_on|break_apn_mms_setting|break_app_both_permissions|user_abroad_roaming_disabled_off[PERSONA:None]
epsilon_exp3,baseline,35,3,5,35,target_post_switch,target_favoring,True,target_safe_specialist_good,repair_subset,repair_subset,DDDDD,FDDDD,"D/F,D/D,D/D,D/D,D/D","general_stage1_verify,target_stage2_router,target_stage3_apn,target_stage4_repair,target_stage5_decision","general_shared,target_specialist,target_specialist,target_specialist,target_specialist",00000,0,1,0,0,1,4,4,0.8,deep,deep,agent_deep__task_deep,2.0,5.15174,0.0772,7.22894,True,True,False,1,,,52727.0,stage1_n2__from__root__c02 > stage2_n1__from__n0002__c01 > stage3_n1__from__n0009__c01 > stage4_n1__from__n0032__c01 > stage5_n2__from__n0097__c02,[mms_issue]airplane_mode_on|bad_network_preference|bad_wifi_calling|break_apn_mms_setting|break_app_both_permissions|data_mode_off|data_usage_exceeded|unseat_sim_card|user_abroad_roaming_disabled_on[PERSONA:Hard]
epsilon_exp3,baseline,36,3,6,51,target_post_switch,target_favoring,True,target_decoy_medium,repair_subset,repair_subset,FFDDD,FDDDD,"F/F,F/D,D/D,D/D,D/D","general_stage1_intake,trap_stage2_router,barrier_stage3_gate,barrier_stage4_gate,target_stage5_decision","general_shared,trap_lane,private_barrier,private_barrier,target_specialist",00110,2,1,1,1,0,3,4,0.8,deep,deep,agent_deep__task_deep,13.0,5.277235,0.0732,18.350435,False,False,False,1,,,55702.0,stage1_n1__from__root__c01 > stage2_n3__from__n0001__c03 > stage3_n5__from__n0008__c03 > stage4_n5__from__n0031__c04 > stage5_n2__from__n0096__c01,[mms_issue]airplane_mode_on|bad_network_preference|bad_wifi_calling|break_apn_mms_setting|break_app_both_permissions|data_mode_off|data_usage_exceeded|unseat_sim_card|user_abroad_roaming_enabled_off[PERSONA:Hard]
epsilon_exp3,baseline,37,3,7,45,target_post_switch,target_favoring,True,target_safe_specialist_good,repair_all,repair_subset,FDDDD,FDDDD,"F/F,D/D,D/D,D/D,D/D","general_stage1_intake,target_stage2_router,target_stage3_roaming,target_stage4_repair,target_stage5_decision","general_shared,target_specialist,target_specialist,target_specialist,target_specialist",00000,1,1,1,0,0,4,5,1.0,deep,deep,agent_deep__task_deep,11.0,5.33341,0.0758,16.409209999999998,False,False,True,0,,,58051.0,stage1_n1__from__root__c01 > stage2_n1__from__n0001__c01 > stage3_n2__from__n0006__c02 > stage4_n1__from__n0024__c01 > stage5_n2__from__n0075__c02,[mms_issue]airplane_mode_on|bad_network_preference|bad_wifi_calling|break_apn_mms_setting|break_app_both_permissions|data_mode_off|unseat_sim_card|user_abroad_roaming_enabled_off[PERSONA:Hard]
epsilon_exp3,baseline,38,3,8,40,target_post_switch,target_favoring,True,trap_like_bad,repair_subset,transfer,FFDDD,FDDDD,"F/F,F/D,D/D,D/D,D/D","trap_stage1_intake,trap_stage2_router,barrier_stage3_gate,barrier_stage4_gate,barrier_stage5_transfer","trap_lane,trap_lane,private_barrier,private_barrier,private_barrier",00111,2,1,1,1,0,3,4,0.8,deep,deep,agent_deep__task_deep,19.5,4.546205,0.0725,24.118705000000002,False,False,False,1,,,46429.0,stage1_n4__from__root__c04 > stage2_n3__from__n0004__c03 > stage3_n5__from__n0017__c03 > stage4_n5__from__n0058__c04 > stage5_n5__from__n0165__c03,[mms_issue]airplane_mode_on|bad_network_preference|bad_wifi_calling|break_apn_mms_setting|break_app_sms_permission|data_mode_off|data_usage_exceeded|unseat_sim_card|user_abroad_roaming_disabled_on[PERSONA:None]
epsilon_exp3,baseline,39,3,9,46,target_post_switch,target_favoring,True,neutral,repair_subset,repair_subset,FFDDD,FDDDD,"F/F,F/D,D/D,D/D,D/D","general_stage1_intake,trap_stage2_router,general_stage3_network,general_stage4_repair,target_stage5_decision","general_shared,trap_lane,general_shared,general_shared,target_specialist",00000,2,1,1,1,0,3,4,0.8,deep,deep,agent_deep__task_deep,15.0,4.80741,0.0661,19.87351,False,False,False,1,,,49988.0,stage1_n1__from__root__c01 > stage2_n3__from__n0001__c03 > stage3_n3__from__n0008__c01 > stage4_n2__from__n0029__c01 > stage5_n2__from__n0087__c02,[mms_issue]airplane_mode_on|bad_network_preference|bad_wifi_calling|break_apn_mms_setting|break_app_sms_permission|data_mode_off|data_usage_exceeded|unseat_sim_card|user_abroad_roaming_enabled_off[PERSONA:None]
epsilon_exp3,baseline,40,4,0,16,target_post_switch,target_favoring,True,neutral,repair_subset,repair_subset,FFDDD,FDDDD,"F/F,F/D,D/D,D/D,D/D","barrier_stage1_gate,trap_stage2_router,general_stage3_network,general_stage4_repair,target_stage5_verify","private_barrier,trap_lane,general_shared,general_shared,target_specialist",10000,2,1,1,1,0,3,4,0.8,deep,deep,agent_deep__task_deep,3.0,4.435715,0.072,7.507715,False,False,False,1,,,45966.0,stage1_n5__from__root__c05 > stage2_n3__from__n0005__c01 > stage3_n3__from__n0020__c01 > stage4_n2__from__n0065__c01 > stage5_n1__from__n0186__c01,[mms_issue]airplane_mode_on|bad_network_preference|bad_wifi_calling|break_apn_mms_setting|break_app_sms_permission|data_mode_off|data_usage_exceeded|user_abroad_roaming_disabled_on[PERSONA:None]
epsilon_exp3,baseline,41,4,1,65,target_post_switch,target_favoring,True,neutral,repair_all,repair_all,FDFDD,FDDDD,"F/F,D/D,F/D,D/D,D/D","barrier_stage1_gate,barrier_stage2_gate,trap_stage3_network,general_stage4_repair,target_stage5_verify","private_barrier,private_barrier,trap_lane,general_shared,target_specialist",11000,2,1,1,1,0,3,4,0.8,deep,deep,agent_deep__task_deep,0.0,5.18771,0.07550000000000001,5.26321,True,True,True,0,,,52277.0,stage1_n5__from__root__c05 > stage2_n5__from__n0005__c03 > stage3_n4__from__n0022__c02 > stage4_n2__from__n0072__c01 > stage5_n1__from__n0208__c01,[mms_issue]airplane_mode_on|bad_network_preference|bad_wifi_calling|break_apn_mms_setting|break_app_sms_permission|data_mode_off|unseat_sim_card|user_abroad_roaming_enabled_off[PERSONA:None]
epsilon_exp3,baseline,42,4,2,11,target_post_switch,target_favoring,True,neutral,repair_subset,repair_subset,FDDFD,FDDDD,"F/F,D/D,D/D,F/D,D/D","barrier_stage1_gate,barrier_stage2_gate,barrier_stage3_gate,trap_stage4_execute,target_stage5_verify","private_barrier,private_barrier,private_barrier,trap_lane,target_specialist",11100,2,1,1,1,0,3,4,0.8,deep,deep,agent_deep__task_deep,14.0,4.014435,0.07780000000000001,18.092235,False,False,False,1,,,37774.0,stage1_n5__from__root__c05 > stage2_n5__from__n0005__c03 > stage3_n5__from__n0022__c03 > stage4_n4__from__n0073__c03 > stage5_n1__from__n0214__c01,[mms_issue]airplane_mode_on|bad_network_preference|bad_wifi_calling|break_apn_mms_setting|break_app_storage_permission|data_mode_off|data_usage_exceeded|unseat_sim_card|user_abroad_roaming_disabled_on[PERSONA:Easy]
epsilon_exp3,baseline,43,4,3,17,target_post_switch,target_favoring,True,neutral,repair_subset,repair_subset,FFDDF,FDDDD,"F/F,F/D,D/D,D/D,F/D","general_stage1_intake,trap_stage2_router,general_stage3_network,general_stage4_verify,trap_stage5_terminal","general_shared,trap_lane,general_shared,general_shared,trap_lane",00000,3,1,1,2,0,2,3,0.6,fast,deep,agent_fast__task_deep,15.0,5.522645,0.061200000000000004,20.583845,False,False,False,1,,,49803.0,stage1_n1__from__root__c01 > stage2_n3__from__n0001__c03 > stage3_n3__from__n0008__c01 > stage4_n3__from__n0029__c02 > stage5_n4__from__n0088__c04,[mms_issue]airplane_mode_on|bad_network_preference|bad_wifi_calling|break_apn_mms_setting|break_app_storage_permission|data_mode_off|data_usage_exceeded|unseat_sim_card|user_abroad_roaming_enabled_off[PERSONA:Easy]
epsilon_exp3,baseline,44,4,4,67,target_post_switch,target_favoring,False,target_decoy_medium,transfer,transfer,FDFDD,FDDDD,"F/F,D/D,F/D,D/D,D/D","barrier_stage1_gate,general_stage2_roaming,trap_stage3_network,barrier_stage4_gate,barrier_stage5_transfer","private_barrier,general_shared,trap_lane,private_barrier,private_barrier",10011,2,1,1,1,0,3,4,0.8,deep,deep,agent_deep__task_deep,1.0,5.10291,0.07500000000000001,6.17791,False,False,True,0,,,53045.0,stage1_n5__from__root__c05 > stage2_n4__from__n0005__c02 > stage3_n4__from__n0021__c02 > stage4_n5__from__n0069__c04 > stage5_n5__from__n0201__c03,[mms_issue]airplane_mode_on|break_apn_mms_setting|break_app_both_permissions|user_abroad_roaming_disabled_off[PERSONA:None]
epsilon_exp3,baseline,45,4,5,35,target_post_switch,target_favoring,True,neutral,repair_subset,repair_subset,FDFFD,FDDDD,"F/F,D/D,F/D,F/D,D/D","barrier_stage1_gate,barrier_stage2_gate,trap_stage3_network,trap_stage4_execute,target_stage5_verify","private_barrier,private_barrier,trap_lane,trap_lane,target_specialist",11000,3,1,1,2,0,2,3,0.6,fast,deep,agent_fast__task_deep,4.0,6.061085,0.06949999999999999,10.130585,False,False,False,1,,,53645.0,stage1_n5__from__root__c05 > stage2_n5__from__n0005__c03 > stage3_n4__from__n0022__c02 > stage4_n4__from__n0072__c03 > stage5_n1__from__n0210__c01,[mms_issue]airplane_mode_on|bad_network_preference|bad_wifi_calling|break_apn_mms_setting|break_app_both_permissions|data_mode_off|data_usage_exceeded|unseat_sim_card|user_abroad_roaming_disabled_on[PERSONA:Hard]
epsilon_exp3,baseline,46,4,6,51,target_post_switch,target_favoring,True,target_safe_specialist_good,repair_subset,transfer,DDDDD,FDDDD,"D/F,D/D,D/D,D/D,D/D","target_stage1_handoff,target_stage2_router,target_stage3_apn,target_stage4_repair,target_stage5_decision","general_shared,target_specialist,target_specialist,target_specialist,target_specialist",00000,0,1,0,0,1,4,4,0.8,deep,deep,agent_deep__task_deep,20.5,5.62927,0.07790000000000001,26.207169999999998,False,False,False,1,,,57673.0,stage1_n3__from__root__c03 > stage2_n1__from__n0003__c01 > stage3_n1__from__n0012__c01 > stage4_n1__from__n0041__c01 > stage5_n2__from__n0120__c02,[mms_issue]airplane_mode_on|bad_network_preference|bad_wifi_calling|break_apn_mms_setting|break_app_both_permissions|data_mode_off|data_usage_exceeded|unseat_sim_card|user_abroad_roaming_enabled_off[PERSONA:Hard]
epsilon_exp3,baseline,47,4,7,45,target_post_switch,target_favoring,True,trap_like_bad,repair_all,transfer,FDDDD,FDDDD,"F/F,D/D,D/D,D/D,D/D","trap_stage1_intake,target_stage2_router,target_stage3_roaming,target_stage4_repair,target_stage5_verify","trap_lane,target_specialist,target_specialist,target_specialist,target_specialist",00000,1,1,1,0,0,4,5,1.0,deep,deep,agent_deep__task_deep,18.5,5.43422,0.0741,24.00832,False,False,True,0,,,60125.0,stage1_n4__from__root__c04 > stage2_n1__from__n0004__c01 > stage3_n2__from__n0015__c02 > stage4_n1__from__n0051__c01 > stage5_n1__from__n0144__c01,[mms_issue]airplane_mode_on|bad_network_preference|bad_wifi_calling|break_apn_mms_setting|break_app_both_permissions|data_mode_off|unseat_sim_card|user_abroad_roaming_enabled_off[PERSONA:Hard]
epsilon_exp3,baseline,48,4,8,40,target_post_switch,target_favoring,True,neutral,repair_subset,transfer,FFDDD,FDDDD,"F/F,F/D,D/D,D/D,D/D","general_stage1_intake,general_stage2_core,barrier_stage3_gate,general_stage4_repair,target_stage5_decision","general_shared,general_shared,private_barrier,general_shared,target_specialist",00100,2,1,1,1,0,3,4,0.8,deep,deep,agent_deep__task_deep,19.5,4.55122,0.07310000000000001,24.12432,False,False,False,1,,,46467.0,stage1_n1__from__root__c01 > stage2_n2__from__n0001__c02 > stage3_n5__from__n0007__c04 > stage4_n2__from__n0028__c01 > stage5_n2__from__n0083__c02,[mms_issue]airplane_mode_on|bad_network_preference|bad_wifi_calling|break_apn_mms_setting|break_app_sms_permission|data_mode_off|data_usage_exceeded|unseat_sim_card|user_abroad_roaming_disabled_on[PERSONA:None]
epsilon_exp3,baseline,49,4,9,46,target_post_switch,target_favoring,True,target_safe_specialist_good,repair_subset,transfer,DDDDD,FDDDD,"D/F,D/D,D/D,D/D,D/D","general_stage1_verify,target_stage2_router,target_stage3_roaming,target_stage4_repair,target_stage5_verify","general_shared,target_specialist,target_specialist,target_specialist,target_specialist",00000,0,1,0,0,1,4,4,0.8,deep,deep,agent_deep__task_deep,20.5,5.5544,0.0748,26.1292,False,False,False,1,,,57026.0,stage1_n2__from__root__c02 > stage2_n1__from__n0002__c01 > stage3_n2__from__n0009__c02 > stage4_n1__from__n0033__c01 > stage5_n1__from__n0098__c01,[mms_issue]airplane_mode_on|bad_network_preference|bad_wifi_calling|break_apn_mms_setting|break_app_sms_permission|data_mode_off|data_usage_exceeded|unseat_sim_card|user_abroad_roaming_enabled_off[PERSONA:None]
epsilon_exp3,baseline,50,5,0,16,target_post_switch,target_favoring,True,neutral,repair_subset,transfer,DFFDD,FDDDD,"D/F,F/D,F/D,D/D,D/D","general_stage1_verify,trap_stage2_router,trap_stage3_network,general_stage4_repair,target_stage5_decision","general_shared,trap_lane,trap_lane,general_shared,target_specialist",00000,2,1,0,2,1,2,2,0.4,deep,deep,agent_deep__task_deep,17.5,5.288665,0.0627,22.851365,False,False,False,1,,,48803.0,stage1_n2__from__root__c02 > stage2_n3__from__n0002__c03 > stage3_n4__from__n0011__c02 > stage4_n2__from__n0039__c01 > stage5_n2__from__n0112__c02,[mms_issue]airplane_mode_on|bad_network_preference|bad_wifi_calling|break_apn_mms_setting|break_app_sms_permission|data_mode_off|data_usage_exceeded|user_abroad_roaming_disabled_on[PERSONA:None]
epsilon_exp3,baseline,51,5,1,65,target_post_switch,target_favoring,True,neutral,repair_all,repair_all,DFFDD,FDDDD,"D/F,F/D,F/D,D/D,D/D","general_stage1_verify,general_stage2_core,trap_stage3_network,general_stage4_repair,target_stage5_verify","general_shared,general_shared,trap_lane,general_shared,target_specialist",00000,2,1,0,2,1,2,2,0.4,deep,deep,agent_deep__task_deep,0.0,4.97177,0.0671,5.03887,True,True,True,0,,,45735.0,stage1_n2__from__root__c02 > stage2_n2__from__n0002__c02 > stage3_n4__from__n0010__c03 > stage4_n2__from__n0036__c01 > stage5_n1__from__n0102__c01,[mms_issue]airplane_mode_on|bad_network_preference|bad_wifi_calling|break_apn_mms_setting|break_app_sms_permission|data_mode_off|unseat_sim_card|user_abroad_roaming_enabled_off[PERSONA:None]
epsilon_exp3,baseline,52,5,2,11,target_post_switch,target_favoring,True,target_safe_specialist_good,repair_subset,transfer,DFDDD,FDDDD,"D/F,F/D,D/D,D/D,D/D","general_stage1_verify,general_stage2_core,target_stage3_roaming,target_stage4_repair,target_stage5_verify","general_shared,general_shared,target_specialist,target_specialist,target_specialist",00000,1,1,0,1,1,3,3,0.6,deep,deep,agent_deep__task_deep,19.5,5.13096,0.0721,24.70306,False,False,False,1,,,50656.0,stage1_n2__from__root__c02 > stage2_n2__from__n0002__c02 > stage3_n2__from__n0010__c01 > stage4_n1__from__n0034__c01 > stage5_n1__from__n0099__c01,[mms_issue]airplane_mode_on|bad_network_preference|bad_wifi_calling|break_apn_mms_setting|break_app_storage_permission|data_mode_off|data_usage_exceeded|unseat_sim_card|user_abroad_roaming_disabled_on[PERSONA:Easy]
epsilon_exp3,baseline,53,5,3,17,target_post_switch,target_favoring,True,neutral,repair_subset,repair_subset,FFFDD,FDDDD,"F/F,F/D,F/D,D/D,D/D","general_stage1_intake,general_stage2_core,trap_stage3_network,general_stage4_repair,target_stage5_decision","general_shared,general_shared,trap_lane,general_shared,target_specialist",00000,3,1,1,2,0,2,3,0.6,fast,deep,agent_fast__task_deep,13.0,5.521335,0.06780000000000001,18.589135,False,False,False,1,,,54889.0,stage1_n1__from__root__c01 > stage2_n2__from__n0001__c02 > stage3_n4__from__n0007__c03 > stage4_n2__from__n0027__c01 > stage5_n2__from__n0079__c02,[mms_issue]airplane_mode_on|bad_network_preference|bad_wifi_calling|break_apn_mms_setting|break_app_storage_permission|data_mode_off|data_usage_exceeded|unseat_sim_card|user_abroad_roaming_enabled_off[PERSONA:Easy]
epsilon_exp3,baseline,54,5,4,67,target_post_switch,target_favoring,False,trap_like_bad,transfer,transfer,FFDDD,FDDDD,"F/F,F/D,D/D,D/D,D/D","trap_stage1_intake,general_stage2_core,target_stage3_roaming,target_stage4_repair,target_stage5_decision","trap_lane,general_shared,target_specialist,target_specialist,target_specialist",00000,2,1,1,1,0,3,4,0.8,deep,deep,agent_deep__task_deep,1.0,4.401955,0.07050000000000001,5.472455,False,False,True,0,,,45233.0,stage1_n4__from__root__c04 > stage2_n2__from__n0004__c02 > stage3_n2__from__n0016__c01 > stage4_n1__from__n0052__c01 > stage5_n2__from__n0145__c02,[mms_issue]airplane_mode_on|break_apn_mms_setting|break_app_both_permissions|user_abroad_roaming_disabled_off[PERSONA:None]
epsilon_exp3,baseline,55,5,5,35,target_post_switch,target_favoring,True,trap_like_bad,repair_subset,repair_subset,FFFDD,FDDDD,"F/F,F/D,F/D,D/D,D/D","trap_stage1_intake,general_stage2_core,trap_stage3_network,general_stage4_repair,target_stage5_verify","trap_lane,general_shared,trap_lane,general_shared,target_specialist",00000,3,1,1,2,0,2,3,0.6,fast,deep,agent_fast__task_deep,3.0,4.99707,0.06480000000000001,8.061869999999999,False,False,False,1,,,48438.0,stage1_n4__from__root__c04 > stage2_n2__from__n0004__c02 > stage3_n4__from__n0016__c03 > stage4_n2__from__n0054__c01 > stage5_n1__from__n0148__c01,[mms_issue]airplane_mode_on|bad_network_preference|bad_wifi_calling|break_apn_mms_setting|break_app_both_permissions|data_mode_off|data_usage_exceeded|unseat_sim_card|user_abroad_roaming_disabled_on[PERSONA:Hard]
epsilon_exp3,baseline,56,5,6,51,target_post_switch,target_favoring,True,trap_like_bad,repair_subset,repair_subset,FDDDD,FDDDD,"F/F,D/D,D/D,D/D,D/D","trap_stage1_intake,general_stage2_roaming,barrier_stage3_gate,general_stage4_verify,general_stage5_verify","trap_lane,general_shared,private_barrier,general_shared,general_shared",00100,1,1,1,0,0,4,5,1.0,deep,deep,agent_deep__task_deep,2.0,5.02673,0.06720000000000001,7.09393,True,True,False,1,,,54872.0,stage1_n4__from__root__c04 > stage2_n4__from__n0004__c04 > stage3_n5__from__n0018__c03 > stage4_n3__from__n0061__c02 > stage5_n3__from__n0173__c03,[mms_issue]airplane_mode_on|bad_network_preference|bad_wifi_calling|break_apn_mms_setting|break_app_both_permissions|data_mode_off|data_usage_exceeded|unseat_sim_card|user_abroad_roaming_enabled_off[PERSONA:Hard]
epsilon_exp3,baseline,57,5,7,45,target_post_switch,target_favoring,True,trap_like_bad,repair_all,repair_subset,FDFDF,FDDDD,"F/F,D/D,F/D,D/D,F/D","trap_stage1_intake,general_stage2_roaming,trap_stage3_network,barrier_stage4_gate,trap_stage5_terminal","trap_lane,general_shared,trap_lane,private_barrier,trap_lane",00010,3,1,1,2,0,2,3,0.6,fast,deep,agent_fast__task_deep,11.0,5.867905,0.0655,16.933405,False,False,True,0,,,53947.0,stage1_n4__from__root__c04 > stage2_n4__from__n0004__c04 > stage3_n4__from__n0018__c02 > stage4_n5__from__n0060__c04 > stage5_n4__from__n0171__c02,[mms_issue]airplane_mode_on|bad_network_preference|bad_wifi_calling|break_apn_mms_setting|break_app_both_permissions|data_mode_off|unseat_sim_card|user_abroad_roaming_enabled_off[PERSONA:Hard]
epsilon_exp3,baseline,58,5,8,40,target_post_switch,target_favoring,True,trap_like_bad,repair_subset,transfer,FDDDD,FDDDD,"F/F,D/D,D/D,D/D,D/D","trap_stage1_intake,target_stage2_router,target_stage3_apn,target_stage4_repair,target_stage5_decision","trap_lane,target_specialist,target_specialist,target_specialist,target_specialist",00000,1,1,1,0,0,4,5,1.0,deep,deep,agent_deep__task_deep,18.5,4.976835,0.0724,23.549235,False,False,False,1,,,53016.0,stage1_n4__from__root__c04 > stage2_n1__from__n0004__c01 > stage3_n1__from__n0015__c01 > stage4_n1__from__n0050__c01 > stage5_n2__from__n0143__c02,[mms_issue]airplane_mode_on|bad_network_preference|bad_wifi_calling|break_apn_mms_setting|break_app_sms_permission|data_mode_off|data_usage_exceeded|unseat_sim_card|user_abroad_roaming_disabled_on[PERSONA:None]
epsilon_exp3,baseline,59,5,9,46,target_post_switch,target_favoring,True,target_decoy_medium,repair_subset,repair_subset,DFFDD,FDDDD,"D/F,F/D,F/D,D/D,D/D","target_stage1_handoff,trap_stage2_router,trap_stage3_network,barrier_stage4_gate,barrier_stage5_transfer","general_shared,trap_lane,trap_lane,private_barrier,private_barrier",00011,2,1,0,2,1,2,2,0.4,deep,deep,agent_deep__task_deep,15.0,6.18268,0.073,21.25568,False,False,False,1,,,60001.0,stage1_n3__from__root__c03 > stage2_n3__from__n0003__c03 > stage3_n4__from__n0014__c02 > stage4_n5__from__n0048__c04 > stage5_n5__from__n0138__c03,[mms_issue]airplane_mode_on|bad_network_preference|bad_wifi_calling|break_apn_mms_setting|break_app_sms_permission|data_mode_off|data_usage_exceeded|unseat_sim_card|user_abroad_roaming_enabled_off[PERSONA:None]
epsilon_exp3,baseline,60,6,0,16,target_post_switch,target_favoring,True,neutral,repair_subset,repair_subset,FFDDD,FDDDD,"F/F,F/D,D/D,D/D,D/D","barrier_stage1_gate,trap_stage2_router,barrier_stage3_gate,general_stage4_repair,target_stage5_verify","private_barrier,trap_lane,private_barrier,general_shared,target_specialist",10100,2,1,1,1,0,3,4,0.8,deep,deep,agent_deep__task_deep,11.0,3.9564,0.0722,15.0286,False,False,False,1,,,40198.0,stage1_n5__from__root__c05 > stage2_n3__from__n0005__c01 > stage3_n5__from__n0020__c03 > stage4_n2__from__n0067__c01 > stage5_n1__from__n0192__c01,[mms_issue]airplane_mode_on|bad_network_preference|bad_wifi_calling|break_apn_mms_setting|break_app_sms_permission|data_mode_off|data_usage_exceeded|user_abroad_roaming_disabled_on[PERSONA:None]
epsilon_exp3,baseline,61,6,1,65,target_post_switch,target_favoring,True,neutral,repair_all,repair_subset,FFFDF,FDDDD,"F/F,F/D,F/D,D/D,F/D","barrier_stage1_gate,trap_stage2_router,trap_stage3_network,general_stage4_verify,trap_stage5_terminal","private_barrier,trap_lane,trap_lane,general_shared,trap_lane",10000,4,1,1,3,0,1,2,0.4,fast,deep,agent_fast__task_deep,11.0,5.55405,0.0621,16.616149999999998,False,False,True,0,,,48626.0,stage1_n5__from__root__c05 > stage2_n3__from__n0005__c01 > stage3_n4__from__n0020__c02 > stage4_n3__from__n0066__c02 > stage5_n4__from__n0189__c04,[mms_issue]airplane_mode_on|bad_network_preference|bad_wifi_calling|break_apn_mms_setting|break_app_sms_permission|data_mode_off|unseat_sim_card|user_abroad_roaming_enabled_off[PERSONA:None]
epsilon_exp3,baseline,62,6,2,11,target_post_switch,target_favoring,True,trap_like_bad,repair_subset,repair_subset,FDDFD,FDDDD,"F/F,D/D,D/D,F/D,D/D","trap_stage1_intake,general_stage2_roaming,barrier_stage3_gate,trap_stage4_execute,general_stage5_verify","trap_lane,general_shared,private_barrier,trap_lane,general_shared",00100,2,1,1,1,0,3,4,0.8,deep,deep,agent_deep__task_deep,8.0,4.992175,0.062200000000000005,13.054375,False,False,False,1,,,45973.0,stage1_n4__from__root__c04 > stage2_n4__from__n0004__c04 > stage3_n5__from__n0018__c03 > stage4_n4__from__n0061__c03 > stage5_n3__from__n0174__c02,[mms_issue]airplane_mode_on|bad_network_preference|bad_wifi_calling|break_apn_mms_setting|break_app_storage_permission|data_mode_off|data_usage_exceeded|unseat_sim_card|user_abroad_roaming_disabled_on[PERSONA:Easy]
epsilon_exp3,baseline,63,6,3,17,target_post_switch,target_favoring,True,neutral,repair_subset,repair_subset,FDDDD,FDDDD,"F/F,D/D,D/D,D/D,D/D","barrier_stage1_gate,general_stage2_roaming,general_stage3_network,general_stage4_verify,target_stage5_verify","private_barrier,general_shared,general_shared,general_shared,target_specialist",10000,1,1,1,0,0,4,5,1.0,deep,deep,agent_deep__task_deep,2.0,5.270595,0.07330000000000002,7.343895,True,True,False,1,,,56916.0,stage1_n5__from__root__c05 > stage2_n4__from__n0005__c02 > stage3_n3__from__n0021__c01 > stage4_n3__from__n0068__c02 > stage5_n1__from__n0197__c01,[mms_issue]airplane_mode_on|bad_network_preference|bad_wifi_calling|break_apn_mms_setting|break_app_storage_permission|data_mode_off|data_usage_exceeded|unseat_sim_card|user_abroad_roaming_enabled_off[PERSONA:Easy]
epsilon_exp3,baseline,64,6,4,67,target_post_switch,target_favoring,False,trap_like_bad,transfer,transfer,FDFDD,FDDDD,"F/F,D/D,F/D,D/D,D/D","trap_stage1_intake,general_stage2_roaming,trap_stage3_network,general_stage4_verify,target_stage5_decision","trap_lane,general_shared,trap_lane,general_shared,target_specialist",00000,2,1,1,1,0,3,4,0.8,deep,deep,agent_deep__task_deep,1.0,5.828725,0.0659,6.8946250000000004,False,False,True,0,,,60756.0,stage1_n4__from__root__c04 > stage2_n4__from__n0004__c04 > stage3_n4__from__n0018__c02 > stage4_n3__from__n0060__c02 > stage5_n2__from__n0169__c02,[mms_issue]airplane_mode_on|break_apn_mms_setting|break_app_both_permissions|user_abroad_roaming_disabled_off[PERSONA:None]
epsilon_exp3,baseline,65,6,5,35,target_post_switch,target_favoring,True,target_safe_specialist_good,repair_subset,repair_subset,FDDDD,FDDDD,"F/F,D/D,D/D,D/D,D/D","general_stage1_intake,target_stage2_router,target_stage3_apn,target_stage4_repair,target_stage5_decision","general_shared,target_specialist,target_specialist,target_specialist,target_specialist",00000,1,1,1,0,0,4,5,1.0,deep,deep,agent_deep__task_deep,2.0,4.57844,0.07900000000000001,6.657439999999999,True,True,False,1,,,48632.0,stage1_n1__from__root__c01 > stage2_n1__from__n0001__c01 > stage3_n1__from__n0006__c01 > stage4_n1__from__n0023__c01 > stage5_n2__from__n0074__c02,[mms_issue]airplane_mode_on|bad_network_preference|bad_wifi_calling|break_apn_mms_setting|break_app_both_permissions|data_mode_off|data_usage_exceeded|unseat_sim_card|user_abroad_roaming_disabled_on[PERSONA:Hard]
epsilon_exp3,baseline,66,6,6,51,target_post_switch,target_favoring,True,target_decoy_medium,repair_subset,repair_subset,FFDDD,FDDDD,"F/F,F/D,D/D,D/D,D/D","barrier_stage1_gate,trap_stage2_router,barrier_stage3_gate,barrier_stage4_gate,barrier_stage5_transfer","private_barrier,trap_lane,private_barrier,private_barrier,private_barrier",10111,2,1,1,1,0,3,4,0.8,deep,deep,agent_deep__task_deep,13.0,5.275195,0.08280000000000001,18.357995000000003,False,False,False,1,,,55696.0,stage1_n5__from__root__c05 > stage2_n3__from__n0005__c01 > stage3_n5__from__n0020__c03 > stage4_n5__from__n0067__c04 > stage5_n5__from__n0195__c03,[mms_issue]airplane_mode_on|bad_network_preference|bad_wifi_calling|break_apn_mms_setting|break_app_both_permissions|data_mode_off|data_usage_exceeded|unseat_sim_card|user_abroad_roaming_enabled_off[PERSONA:Hard]
epsilon_exp3,baseline,67,6,7,45,target_post_switch,target_favoring,True,neutral,repair_all,repair_all,FDDFD,FDDDD,"F/F,D/D,D/D,F/D,D/D","barrier_stage1_gate,general_stage2_roaming,barrier_stage3_gate,trap_stage4_execute,general_stage5_verify","private_barrier,general_shared,private_barrier,trap_lane,general_shared",10100,2,1,1,1,0,3,4,0.8,deep,deep,agent_deep__task_deep,0.0,4.954565,0.06920000000000001,5.023765,True,True,True,0,,,44071.0,stage1_n5__from__root__c05 > stage2_n4__from__n0005__c02 > stage3_n5__from__n0021__c03 > stage4_n4__from__n0070__c03 > stage5_n3__from__n0204__c02,[mms_issue]airplane_mode_on|bad_network_preference|bad_wifi_calling|break_apn_mms_setting|break_app_both_permissions|data_mode_off|unseat_sim_card|user_abroad_roaming_enabled_off[PERSONA:Hard]
epsilon_exp3,baseline,68,6,8,40,target_post_switch,target_favoring,True,neutral,repair_subset,transfer,FDDDD,FDDDD,"F/F,D/D,D/D,D/D,D/D","barrier_stage1_gate,general_stage2_roaming,barrier_stage3_gate,general_stage4_verify,target_stage5_decision","private_barrier,general_shared,private_barrier,general_shared,target_specialist",10100,1,1,1,0,0,4,5,1.0,deep,deep,agent_deep__task_deep,18.5,4.959495,0.0748,23.534295,False,False,False,1,,,52965.0,stage1_n5__from__root__c05 > stage2_n4__from__n0005__c02 > stage3_n5__from__n0021__c03 > stage4_n3__from__n0070__c02 > stage5_n2__from__n0203__c02,[mms_issue]airplane_mode_on|bad_network_preference|bad_wifi_calling|break_apn_mms_setting|break_app_sms_permission|data_mode_off|data_usage_exceeded|unseat_sim_card|user_abroad_roaming_disabled_on[PERSONA:None]
epsilon_exp3,baseline,69,6,9,46,target_post_switch,target_favoring,True,target_safe_majority_bad,repair_subset,repair_subset,DFDDD,FDDDD,"D/F,F/D,D/D,D/D,D/D","general_stage1_verify,general_stage2_core,general_stage3_network,general_stage4_verify,target_stage5_verify","general_shared,general_shared,general_shared,general_shared,target_specialist",00000,1,1,0,1,1,3,3,0.6,deep,deep,agent_deep__task_deep,15.0,5.42212,0.06910000000000001,20.49122,False,False,False,1,,,54213.0,stage1_n2__from__root__c02 > stage2_n2__from__n0002__c02 > stage3_n3__from__n0010__c02 > stage4_n3__from__n0035__c02 > stage5_n1__from__n0101__c01,[mms_issue]airplane_mode_on|bad_network_preference|bad_wifi_calling|break_apn_mms_setting|break_app_sms_permission|data_mode_off|data_usage_exceeded|unseat_sim_card|user_abroad_roaming_enabled_off[PERSONA:None]
epsilon_exp3,baseline,70,7,0,16,target_post_switch,target_favoring,True,target_safe_specialist_good,repair_subset,repair_subset,DDDDD,FDDDD,"D/F,D/D,D/D,D/D,D/D","general_stage1_verify,target_stage2_router,target_stage3_apn,target_stage4_repair,target_stage5_verify","general_shared,target_specialist,target_specialist,target_specialist,target_specialist",00000,0,1,0,0,1,4,4,0.8,deep,deep,agent_deep__task_deep,2.0,5.462425,0.07600000000000001,7.538425,True,True,False,1,,,56641.0,stage1_n2__from__root__c02 > stage2_n1__from__n0002__c01 > stage3_n1__from__n0009__c01 > stage4_n1__from__n0032__c01 > stage5_n1__from__n0097__c01,[mms_issue]airplane_mode_on|bad_network_preference|bad_wifi_calling|break_apn_mms_setting|break_app_sms_permission|data_mode_off|data_usage_exceeded|user_abroad_roaming_disabled_on[PERSONA:None]
epsilon_exp3,baseline,71,7,1,65,target_post_switch,target_favoring,True,neutral,repair_all,repair_all,FDDDD,FDDDD,"F/F,D/D,D/D,D/D,D/D","barrier_stage1_gate,barrier_stage2_gate,barrier_stage3_gate,general_stage4_verify,target_stage5_verify","private_barrier,private_barrier,private_barrier,general_shared,target_specialist",11100,1,1,1,0,0,4,5,1.0,deep,deep,agent_deep__task_deep,0.0,4.1803,0.07869999999999999,4.259,True,True,True,0,,,44182.0,stage1_n5__from__root__c05 > stage2_n5__from__n0005__c03 > stage3_n5__from__n0022__c03 > stage4_n3__from__n0073__c02 > stage5_n1__from__n0213__c01,[mms_issue]airplane_mode_on|bad_network_preference|bad_wifi_calling|break_apn_mms_setting|break_app_sms_permission|data_mode_off|unseat_sim_card|user_abroad_roaming_enabled_off[PERSONA:None]
epsilon_exp3,baseline,72,7,2,11,target_post_switch,target_favoring,True,target_safe_majority_bad,repair_subset,transfer,FFDDD,FDDDD,"F/F,F/D,D/D,D/D,D/D","general_stage1_intake,general_stage2_core,general_stage3_network,general_stage4_verify,target_stage5_decision","general_shared,general_shared,general_shared,general_shared,target_specialist",00000,2,1,1,1,0,3,4,0.8,deep,deep,agent_deep__task_deep,19.5,4.536615,0.0685,24.105115,False,False,False,1,,,46426.0,stage1_n1__from__root__c01 > stage2_n2__from__n0001__c02 > stage3_n3__from__n0007__c02 > stage4_n3__from__n0026__c02 > stage5_n2__from__n0078__c02,[mms_issue]airplane_mode_on|bad_network_preference|bad_wifi_calling|break_apn_mms_setting|break_app_storage_permission|data_mode_off|data_usage_exceeded|unseat_sim_card|user_abroad_roaming_disabled_on[PERSONA:Easy]
epsilon_exp3,baseline,73,7,3,17,target_post_switch,target_favoring,True,trap_like_bad,repair_subset,transfer,FFDDD,FDDDD,"F/F,F/D,D/D,D/D,D/D","trap_stage1_intake,general_stage2_core,barrier_stage3_gate,general_stage4_verify,target_stage5_verify","trap_lane,general_shared,private_barrier,general_shared,target_specialist",00100,2,1,1,1,0,3,4,0.8,deep,deep,agent_deep__task_deep,21.5,7.360655,0.0718,28.932455,False,False,False,1,,,79824.0,stage1_n4__from__root__c04 > stage2_n2__from__n0004__c02 > stage3_n5__from__n0016__c04 > stage4_n3__from__n0055__c02 > stage5_n1__from__n0153__c01,[mms_issue]airplane_mode_on|bad_network_preference|bad_wifi_calling|break_apn_mms_setting|break_app_storage_permission|data_mode_off|data_usage_exceeded|unseat_sim_card|user_abroad_roaming_enabled_off[PERSONA:Easy]
epsilon_exp3,baseline,74,7,4,67,target_post_switch,target_favoring,False,target_decoy_medium,transfer,transfer,FDFDD,FDDDD,"F/F,D/D,F/D,D/D,D/D","barrier_stage1_gate,barrier_stage2_gate,trap_stage3_network,barrier_stage4_gate,barrier_stage5_transfer","private_barrier,private_barrier,trap_lane,private_barrier,private_barrier",11011,2,1,1,1,0,3,4,0.8,deep,deep,agent_deep__task_deep,1.0,5.20321,0.08000000000000002,6.28321,False,False,True,0,,,53544.0,stage1_n5__from__root__c05 > stage2_n5__from__n0005__c03 > stage3_n4__from__n0022__c02 > stage4_n5__from__n0072__c04 > stage5_n5__from__n0211__c03,[mms_issue]airplane_mode_on|break_apn_mms_setting|break_app_both_permissions|user_abroad_roaming_disabled_off[PERSONA:None]
epsilon_exp3,baseline,75,7,5,35,target_post_switch,target_favoring,True,trap_like_bad,repair_subset,repair_subset,FFDDD,FDDDD,"F/F,F/D,D/D,D/D,D/D","trap_stage1_intake,general_stage2_core,target_stage3_roaming,target_stage4_repair,target_stage5_verify","trap_lane,general_shared,target_specialist,target_specialist,target_specialist",00000,2,1,1,1,0,3,4,0.8,deep,deep,agent_deep__task_deep,3.0,4.65308,0.07010000000000001,7.72318,False,False,False,1,,,48440.0,stage1_n4__from__root__c04 > stage2_n2__from__n0004__c02 > stage3_n2__from__n0016__c01 > stage4_n1__from__n0052__c01 > stage5_n1__from__n0145__c01,[mms_issue]airplane_mode_on|bad_network_preference|bad_wifi_calling|break_apn_mms_setting|break_app_both_permissions|data_mode_off|data_usage_exceeded|unseat_sim_card|user_abroad_roaming_disabled_on[PERSONA:Hard]
epsilon_exp3,baseline,76,7,6,51,target_post_switch,target_favoring,True,target_decoy_medium,repair_subset,repair_all,FDDDD,FDDDD,"F/F,D/D,D/D,D/D,D/D","barrier_stage1_gate,general_stage2_roaming,barrier_stage3_gate,barrier_stage4_gate,target_stage5_decision","private_barrier,general_shared,private_barrier,private_barrier,target_specialist",10110,1,1,1,0,0,4,5,1.0,deep,deep,agent_deep__task_deep,3.5,4.5543,0.0776,8.1319,False,False,True,0,,,48639.0,stage1_n5__from__root__c05 > stage2_n4__from__n0005__c02 > stage3_n5__from__n0021__c03 > stage4_n5__from__n0070__c04 > stage5_n2__from__n0205__c01,[mms_issue]airplane_mode_on|bad_network_preference|bad_wifi_calling|break_apn_mms_setting|break_app_both_permissions|data_mode_off|data_usage_exceeded|unseat_sim_card|user_abroad_roaming_enabled_off[PERSONA:Hard]
epsilon_exp3,baseline,77,7,7,45,target_post_switch,target_favoring,True,neutral,repair_all,repair_subset,FFDDD,FDDDD,"F/F,F/D,D/D,D/D,D/D","barrier_stage1_gate,trap_stage2_router,general_stage3_network,general_stage4_verify,target_stage5_verify","private_barrier,trap_lane,general_shared,general_shared,target_specialist",10000,2,1,1,1,0,3,4,0.8,deep,deep,agent_deep__task_deep,11.0,5.342185,0.0716,16.413785,False,False,True,0,,,55854.0,stage1_n5__from__root__c05 > stage2_n3__from__n0005__c01 > stage3_n3__from__n0020__c01 > stage4_n3__from__n0065__c02 > stage5_n1__from__n0187__c01,[mms_issue]airplane_mode_on|bad_network_preference|bad_wifi_calling|break_apn_mms_setting|break_app_both_permissions|data_mode_off|unseat_sim_card|user_abroad_roaming_enabled_off[PERSONA:Hard]
epsilon_exp3,baseline,78,7,8,40,target_post_switch,target_favoring,True,neutral,repair_subset,transfer,FDFDD,FDDDD,"F/F,D/D,F/D,D/D,D/D","barrier_stage1_gate,barrier_stage2_gate,trap_stage3_network,general_stage4_verify,target_stage5_decision","private_barrier,private_barrier,trap_lane,general_shared,target_specialist",11000,2,1,1,1,0,3,4,0.8,deep,deep,agent_deep__task_deep,18.5,5.281415,0.0728,23.854215,False,False,False,1,,,52890.0,stage1_n5__from__root__c05 > stage2_n5__from__n0005__c03 > stage3_n4__from__n0022__c02 > stage4_n3__from__n0072__c02 > stage5_n2__from__n0209__c02,[mms_issue]airplane_mode_on|bad_network_preference|bad_wifi_calling|break_apn_mms_setting|break_app_sms_permission|data_mode_off|data_usage_exceeded|unseat_sim_card|user_abroad_roaming_disabled_on[PERSONA:None]
epsilon_exp3,baseline,79,7,9,46,target_post_switch,target_favoring,True,target_safe_specialist_good,repair_subset,repair_subset,DDDDD,FDDDD,"D/F,D/D,D/D,D/D,D/D","general_stage1_verify,target_stage2_router,target_stage3_apn,target_stage4_repair,target_stage5_verify","general_shared,target_specialist,target_specialist,target_specialist,target_specialist",00000,0,1,0,0,1,4,4,0.8,deep,deep,agent_deep__task_deep,14.0,5.14606,0.07600000000000001,19.22206,False,False,False,1,,,52348.0,stage1_n2__from__root__c02 > stage2_n1__from__n0002__c01 > stage3_n1__from__n0009__c01 > stage4_n1__from__n0032__c01 > stage5_n1__from__n0097__c01,[mms_issue]airplane_mode_on|bad_network_preference|bad_wifi_calling|break_apn_mms_setting|break_app_sms_permission|data_mode_off|data_usage_exceeded|unseat_sim_card|user_abroad_roaming_enabled_off[PERSONA:None]
epsilon_exp3,baseline,80,8,0,16,target_post_switch,target_favoring,True,target_decoy_medium,repair_subset,repair_subset,FDDDF,FDDDD,"F/F,D/D,D/D,D/D,F/D","barrier_stage1_gate,barrier_stage2_gate,barrier_stage3_gate,barrier_stage4_gate,trap_stage5_terminal","private_barrier,private_barrier,private_barrier,private_barrier,trap_lane",11110,2,1,1,1,0,3,4,0.8,deep,deep,agent_deep__task_deep,2.0,5.040965,0.07740000000000001,7.118365,True,True,False,1,,,46156.0,stage1_n5__from__root__c05 > stage2_n5__from__n0005__c03 > stage3_n5__from__n0022__c03 > stage4_n5__from__n0073__c04 > stage5_n4__from__n0215__c02,[mms_issue]airplane_mode_on|bad_network_preference|bad_wifi_calling|break_apn_mms_setting|break_app_sms_permission|data_mode_off|data_usage_exceeded|user_abroad_roaming_disabled_on[PERSONA:None]
epsilon_exp3,baseline,81,8,1,65,target_post_switch,target_favoring,True,neutral,repair_all,transfer,FDFDF,FDDDD,"F/F,D/D,F/D,D/D,F/D","barrier_stage1_gate,barrier_stage2_gate,trap_stage3_network,general_stage4_verify,trap_stage5_terminal","private_barrier,private_barrier,trap_lane,general_shared,trap_lane",11000,3,1,1,2,0,2,3,0.6,fast,deep,agent_fast__task_deep,18.5,4.938115,0.06730000000000001,23.505415,False,False,True,0,,,42536.0,stage1_n5__from__root__c05 > stage2_n5__from__n0005__c03 > stage3_n4__from__n0022__c02 > stage4_n3__from__n0072__c02 > stage5_n4__from__n0209__c04,[mms_issue]airplane_mode_on|bad_network_preference|bad_wifi_calling|break_apn_mms_setting|break_app_sms_permission|data_mode_off|unseat_sim_card|user_abroad_roaming_enabled_off[PERSONA:None]
epsilon_exp3,baseline,82,8,2,11,target_post_switch,target_favoring,True,trap_like_bad,repair_subset,repair_subset,FFFFD,FDDDD,"F/F,F/D,F/D,F/D,D/D","trap_stage1_intake,general_stage2_core,trap_stage3_network,trap_stage4_execute,barrier_stage5_transfer","trap_lane,general_shared,trap_lane,trap_lane,private_barrier",00001,4,1,1,3,0,1,2,0.4,fast,deep,agent_fast__task_deep,5.0,5.06722,0.0618,10.12902,False,False,False,1,,,40735.0,stage1_n4__from__root__c04 > stage2_n2__from__n0004__c02 > stage3_n4__from__n0016__c03 > stage4_n4__from__n0054__c03 > stage5_n5__from__n0150__c04,[mms_issue]airplane_mode_on|bad_network_preference|bad_wifi_calling|break_apn_mms_setting|break_app_storage_permission|data_mode_off|data_usage_exceeded|unseat_sim_card|user_abroad_roaming_disabled_on[PERSONA:Easy]
epsilon_exp3,baseline,83,8,3,17,target_post_switch,target_favoring,True,target_decoy_medium,repair_subset,repair_all,FDDDD,FDDDD,"F/F,D/D,D/D,D/D,D/D","barrier_stage1_gate,barrier_stage2_gate,barrier_stage3_gate,barrier_stage4_gate,barrier_stage5_transfer","private_barrier,private_barrier,private_barrier,private_barrier,private_barrier",11111,1,1,1,0,0,4,5,1.0,deep,deep,agent_deep__task_deep,3.5,5.296605,0.0828,8.879405,False,False,True,0,,,57057.0,stage1_n5__from__root__c05 > stage2_n5__from__n0005__c03 > stage3_n5__from__n0022__c03 > stage4_n5__from__n0073__c04 > stage5_n5__from__n0215__c03,[mms_issue]airplane_mode_on|bad_network_preference|bad_wifi_calling|break_apn_mms_setting|break_app_storage_permission|data_mode_off|data_usage_exceeded|unseat_sim_card|user_abroad_roaming_enabled_off[PERSONA:Easy]
epsilon_exp3,baseline,84,8,4,67,target_post_switch,target_favoring,False,neutral,transfer,transfer,FDDDD,FDDDD,"F/F,D/D,D/D,D/D,D/D","barrier_stage1_gate,barrier_stage2_gate,barrier_stage3_gate,general_stage4_repair,target_stage5_decision","private_barrier,private_barrier,private_barrier,general_shared,target_specialist",11100,1,1,1,0,0,4,5,1.0,deep,deep,agent_deep__task_deep,1.0,5.063705,0.0795,6.143205,False,False,True,0,,,54419.0,stage1_n5__from__root__c05 > stage2_n5__from__n0005__c03 > stage3_n5__from__n0022__c03 > stage4_n2__from__n0073__c01 > stage5_n2__from__n0212__c02,[mms_issue]airplane_mode_on|break_apn_mms_setting|break_app_both_permissions|user_abroad_roaming_disabled_off[PERSONA:None]
epsilon_exp3,baseline,85,8,5,35,target_post_switch,target_favoring,True,trap_like_bad,repair_subset,repair_subset,FDDFD,FDDDD,"F/F,D/D,D/D,F/D,D/D","trap_stage1_intake,barrier_stage2_gate,barrier_stage3_gate,trap_stage4_execute,barrier_stage5_transfer","trap_lane,private_barrier,private_barrier,trap_lane,private_barrier",01101,2,1,1,1,0,3,4,0.8,deep,deep,agent_deep__task_deep,4.0,5.70404,0.0734,9.77744,False,False,False,1,,,53856.0,stage1_n4__from__root__c04 > stage2_n5__from__n0004__c05 > stage3_n5__from__n0019__c03 > stage4_n4__from__n0064__c03 > stage5_n5__from__n0184__c04,[mms_issue]airplane_mode_on|bad_network_preference|bad_wifi_calling|break_apn_mms_setting|break_app_both_permissions|data_mode_off|data_usage_exceeded|unseat_sim_card|user_abroad_roaming_disabled_on[PERSONA:Hard]
epsilon_exp3,baseline,86,8,6,51,target_post_switch,target_favoring,True,trap_like_bad,repair_subset,repair_subset,FDDDD,FDDDD,"F/F,D/D,D/D,D/D,D/D","trap_stage1_intake,general_stage2_roaming,barrier_stage3_gate,general_stage4_repair,target_stage5_decision","trap_lane,general_shared,private_barrier,general_shared,target_specialist",00100,1,1,1,0,0,4,5,1.0,deep,deep,agent_deep__task_deep,2.0,4.42476,0.0704,6.49516,True,True,False,1,,,48204.0,stage1_n4__from__root__c04 > stage2_n4__from__n0004__c04 > stage3_n5__from__n0018__c03 > stage4_n2__from__n0061__c01 > stage5_n2__from__n0172__c02,[mms_issue]airplane_mode_on|bad_network_preference|bad_wifi_calling|break_apn_mms_setting|break_app_both_permissions|data_mode_off|data_usage_exceeded|unseat_sim_card|user_abroad_roaming_enabled_off[PERSONA:Hard]
epsilon_exp3,baseline,87,8,7,45,target_post_switch,target_favoring,True,neutral,repair_all,repair_subset,FDDDD,FDDDD,"F/F,D/D,D/D,D/D,D/D","barrier_stage1_gate,barrier_stage2_gate,barrier_stage3_gate,general_stage4_repair,target_stage5_verify","private_barrier,private_barrier,private_barrier,general_shared,target_specialist",11100,1,1,1,0,0,4,5,1.0,deep,deep,agent_deep__task_deep,11.0,5.5573,0.0799,16.6372,False,False,True,0,,,60505.0,stage1_n5__from__root__c05 > stage2_n5__from__n0005__c03 > stage3_n5__from__n0022__c03 > stage4_n2__from__n0073__c01 > stage5_n1__from__n0212__c01,[mms_issue]airplane_mode_on|bad_network_preference|bad_wifi_calling|break_apn_mms_setting|break_app_both_permissions|data_mode_off|unseat_sim_card|user_abroad_roaming_enabled_off[PERSONA:Hard]
epsilon_exp3,baseline,88,8,8,40,target_post_switch,target_favoring,True,trap_like_bad,repair_subset,transfer,FDDDF,FDDDD,"F/F,D/D,D/D,D/D,F/D","trap_stage1_intake,barrier_stage2_gate,barrier_stage3_gate,barrier_stage4_gate,trap_stage5_terminal","trap_lane,private_barrier,private_barrier,private_barrier,trap_lane",01110,2,1,1,1,0,3,4,0.8,deep,deep,agent_deep__task_deep,18.5,4.928985,0.0736,23.502585,False,False,False,1,,,46421.0,stage1_n4__from__root__c04 > stage2_n5__from__n0004__c05 > stage3_n5__from__n0019__c03 > stage4_n5__from__n0064__c04 > stage5_n4__from__n0185__c02,[mms_issue]airplane_mode_on|bad_network_preference|bad_wifi_calling|break_apn_mms_setting|break_app_sms_permission|data_mode_off|data_usage_exceeded|unseat_sim_card|user_abroad_roaming_disabled_on[PERSONA:None]
epsilon_exp3,baseline,89,8,9,46,target_post_switch,target_favoring,True,trap_like_bad,repair_subset,transfer,FDDDD,FDDDD,"F/F,D/D,D/D,D/D,D/D","trap_stage1_intake,barrier_stage2_gate,general_stage3_network,general_stage4_repair,target_stage5_decision","trap_lane,private_barrier,general_shared,general_shared,target_specialist",01000,1,1,1,0,0,4,5,1.0,deep,deep,agent_deep__task_deep,20.5,5.70537,0.0689,26.27427,False,False,False,1,,,61713.0,stage1_n4__from__root__c04 > stage2_n5__from__n0004__c05 > stage3_n3__from__n0019__c01 > stage4_n2__from__n0062__c01 > stage5_n2__from__n0176__c02,[mms_issue]airplane_mode_on|bad_network_preference|bad_wifi_calling|break_apn_mms_setting|break_app_sms_permission|data_mode_off|data_usage_exceeded|unseat_sim_card|user_abroad_roaming_enabled_off[PERSONA:None]
epsilon_exp3,baseline,90,9,0,16,target_post_switch,target_favoring,True,trap_like_bad,repair_subset,transfer,FDDDD,FDDDD,"F/F,D/D,D/D,D/D,D/D","trap_stage1_intake,barrier_stage2_gate,general_stage3_network,general_stage4_repair,target_stage5_verify","trap_lane,private_barrier,general_shared,general_shared,target_specialist",01000,1,1,1,0,0,4,5,1.0,deep,deep,agent_deep__task_deep,16.5,4.7753,0.06930000000000001,21.3446,False,False,False,1,,,51173.0,stage1_n4__from__root__c04 > stage2_n5__from__n0004__c05 > stage3_n3__from__n0019__c01 > stage4_n2__from__n0062__c01 > stage5_n1__from__n0176__c01,[mms_issue]airplane_mode_on|bad_network_preference|bad_wifi_calling|break_apn_mms_setting|break_app_sms_permission|data_mode_off|data_usage_exceeded|user_abroad_roaming_disabled_on[PERSONA:None]
epsilon_exp3,baseline,91,9,1,65,target_post_switch,target_favoring,True,target_decoy_medium,repair_all,repair_all,DFFDD,FDDDD,"D/F,F/D,F/D,D/D,D/D","general_stage1_verify,general_stage2_core,trap_stage3_network,barrier_stage4_gate,barrier_stage5_transfer","general_shared,general_shared,trap_lane,private_barrier,private_barrier",00011,2,1,0,2,1,2,2,0.4,deep,deep,agent_deep__task_deep,0.0,4.96905,0.0735,5.04255,True,True,True,0,,,45727.0,stage1_n2__from__root__c02 > stage2_n2__from__n0002__c02 > stage3_n4__from__n0010__c03 > stage4_n5__from__n0036__c04 > stage5_n5__from__n0105__c03,[mms_issue]airplane_mode_on|bad_network_preference|bad_wifi_calling|break_apn_mms_setting|break_app_sms_permission|data_mode_off|unseat_sim_card|user_abroad_roaming_enabled_off[PERSONA:None]
epsilon_exp3,baseline,92,9,2,11,target_post_switch,target_favoring,True,trap_like_bad,repair_subset,repair_subset,FDDDD,FDDDD,"F/F,D/D,D/D,D/D,D/D","trap_stage1_intake,barrier_stage2_gate,general_stage3_network,general_stage4_verify,target_stage5_decision","trap_lane,private_barrier,general_shared,general_shared,target_specialist",01000,1,1,1,0,0,4,5,1.0,deep,deep,agent_deep__task_deep,2.0,5.746595,0.06999999999999999,7.8165949999999995,True,True,False,1,,,63047.0,stage1_n4__from__root__c04 > stage2_n5__from__n0004__c05 > stage3_n3__from__n0019__c01 > stage4_n3__from__n0062__c02 > stage5_n2__from__n0177__c02,[mms_issue]airplane_mode_on|bad_network_preference|bad_wifi_calling|break_apn_mms_setting|break_app_storage_permission|data_mode_off|data_usage_exceeded|unseat_sim_card|user_abroad_roaming_disabled_on[PERSONA:Easy]
epsilon_exp3,baseline,93,9,3,17,target_post_switch,target_favoring,True,neutral,repair_subset,repair_all,FDDDD,FDDDD,"F/F,D/D,D/D,D/D,D/D","barrier_stage1_gate,barrier_stage2_gate,general_stage3_network,general_stage4_verify,target_stage5_decision","private_barrier,private_barrier,general_shared,general_shared,target_specialist",11000,1,1,1,0,0,4,5,1.0,deep,deep,agent_deep__task_deep,3.5,5.80686,0.0757,9.38256,False,False,True,0,,,63381.0,stage1_n5__from__root__c05 > stage2_n5__from__n0005__c03 > stage3_n3__from__n0022__c01 > stage4_n3__from__n0071__c02 > stage5_n2__from__n0207__c02,[mms_issue]airplane_mode_on|bad_network_preference|bad_wifi_calling|break_apn_mms_setting|break_app_storage_permission|data_mode_off|data_usage_exceeded|unseat_sim_card|user_abroad_roaming_enabled_off[PERSONA:Easy]
epsilon_exp3,baseline,94,9,4,67,target_post_switch,target_favoring,False,neutral,transfer,transfer,FDDDF,FDDDD,"F/F,D/D,D/D,D/D,F/D","barrier_stage1_gate,barrier_stage2_gate,general_stage3_network,general_stage4_verify,trap_stage5_terminal","private_barrier,private_barrier,general_shared,general_shared,trap_lane",11000,2,1,1,1,0,3,4,0.8,deep,deep,agent_deep__task_deep,1.0,4.7256,0.0717,5.7973,False,False,True,0,,,44475.0,stage1_n5__from__root__c05 > stage2_n5__from__n0005__c03 > stage3_n3__from__n0022__c01 > stage4_n3__from__n0071__c02 > stage5_n4__from__n0207__c04,[mms_issue]airplane_mode_on|break_apn_mms_setting|break_app_both_permissions|user_abroad_roaming_disabled_off[PERSONA:None]
epsilon_exp3,baseline,95,9,5,35,target_post_switch,target_favoring,True,trap_like_bad,repair_subset,repair_subset,FDDDD,FDDDD,"F/F,D/D,D/D,D/D,D/D","trap_stage1_intake,barrier_stage2_gate,general_stage3_network,general_stage4_repair,target_stage5_verify","trap_lane,private_barrier,general_shared,general_shared,target_specialist",01000,1,1,1,0,0,4,5,1.0,deep,deep,agent_deep__task_deep,2.0,5.12431,0.06930000000000001,7.1936100000000005,True,True,False,1,,,55150.0,stage1_n4__from__root__c04 > stage2_n5__from__n0004__c05 > stage3_n3__from__n0019__c01 > stage4_n2__from__n0062__c01 > stage5_n1__from__n0176__c01,[mms_issue]airplane_mode_on|bad_network_preference|bad_wifi_calling|break_apn_mms_setting|break_app_both_permissions|data_mode_off|data_usage_exceeded|unseat_sim_card|user_abroad_roaming_disabled_on[PERSONA:Hard]
epsilon_exp3,baseline,96,9,6,51,target_post_switch,target_favoring,True,neutral,repair_subset,repair_subset,FDDDF,FDDDD,"F/F,D/D,D/D,D/D,F/D","barrier_stage1_gate,barrier_stage2_gate,general_stage3_network,general_stage4_verify,trap_stage5_terminal","private_barrier,private_barrier,general_shared,general_shared,trap_lane",11000,2,1,1,1,0,3,4,0.8,deep,deep,agent_deep__task_deep,2.0,5.30249,0.0717,7.37419,True,True,False,1,,,48357.0,stage1_n5__from__root__c05 > stage2_n5__from__n0005__c03 > stage3_n3__from__n0022__c01 > stage4_n3__from__n0071__c02 > stage5_n4__from__n0207__c04,[mms_issue]airplane_mode_on|bad_network_preference|bad_wifi_calling|break_apn_mms_setting|break_app_both_permissions|data_mode_off|data_usage_exceeded|unseat_sim_card|user_abroad_roaming_enabled_off[PERSONA:Hard]
epsilon_exp3,baseline,97,9,7,45,target_post_switch,target_favoring,True,neutral,repair_all,repair_all,FDDDF,FDDDD,"F/F,D/D,D/D,D/D,F/D","barrier_stage1_gate,barrier_stage2_gate,barrier_stage3_gate,general_stage4_verify,trap_stage5_terminal","private_barrier,private_barrier,private_barrier,general_shared,trap_lane",11100,2,1,1,1,0,3,4,0.8,deep,deep,agent_deep__task_deep,0.0,5.00765,0.0737,5.08135,True,True,True,0,,,46529.0,stage1_n5__from__root__c05 > stage2_n5__from__n0005__c03 > stage3_n5__from__n0022__c03 > stage4_n3__from__n0073__c02 > stage5_n4__from__n0213__c04,[mms_issue]airplane_mode_on|bad_network_preference|bad_wifi_calling|break_apn_mms_setting|break_app_both_permissions|data_mode_off|unseat_sim_card|user_abroad_roaming_enabled_off[PERSONA:Hard]
epsilon_exp3,baseline,98,9,8,40,target_post_switch,target_favoring,True,trap_like_bad,repair_subset,transfer,FDDDD,FDDDD,"F/F,D/D,D/D,D/D,D/D","trap_stage1_intake,target_stage2_router,target_stage3_roaming,target_stage4_repair,target_stage5_decision","trap_lane,target_specialist,target_specialist,target_specialist,target_specialist",00000,1,1,1,0,0,4,5,1.0,deep,deep,agent_deep__task_deep,18.5,4.964595,0.0752,23.539794999999998,False,False,False,1,,,52980.0,stage1_n4__from__root__c04 > stage2_n1__from__n0004__c01 > stage3_n2__from__n0015__c02 > stage4_n1__from__n0051__c01 > stage5_n2__from__n0144__c02,[mms_issue]airplane_mode_on|bad_network_preference|bad_wifi_calling|break_apn_mms_setting|break_app_sms_permission|data_mode_off|data_usage_exceeded|unseat_sim_card|user_abroad_roaming_disabled_on[PERSONA:None]
epsilon_exp3,baseline,99,9,9,46,target_post_switch,target_favoring,True,target_decoy_medium,repair_subset,transfer,FFFDF,FDDDD,"F/F,F/D,F/D,D/D,F/D","barrier_stage1_gate,trap_stage2_router,trap_stage3_network,barrier_stage4_gate,trap_stage5_terminal","private_barrier,trap_lane,trap_lane,private_barrier,trap_lane",10010,4,1,1,3,0,1,2,0.4,fast,deep,agent_fast__task_deep,21.5,4.85042,0.0641,26.41452,False,False,False,1,,,40096.0,stage1_n5__from__root__c05 > stage2_n3__from__n0005__c01 > stage3_n4__from__n0020__c02 > stage4_n5__from__n0066__c04 > stage5_n4__from__n0191__c02,[mms_issue]airplane_mode_on|bad_network_preference|bad_wifi_calling|break_apn_mms_setting|break_app_sms_permission|data_mode_off|data_usage_exceeded|unseat_sim_card|user_abroad_roaming_enabled_off[PERSONA:None]
naive_mixed_avg,baseline,0,0,0,19,trap_pre_switch,trap_favoring,False,trap_safe_overcautious,repair_all,repair_all,FDDDD,FFFFF,"F/F,D/F,D/F,D/F,D/F","general_stage1_intake,target_stage2_router,target_stage3_apn,target_stage4_repair,target_stage5_verify","general_shared,target_specialist,target_specialist,target_specialist,target_specialist",00000,1,5,1,0,4,0,1,0.2,deep,fast,agent_deep__task_fast,1.5,5.61069,0.07750000000000001,7.1881900000000005,False,False,True,0,,,45831.0,stage1_n1__from__root__c01 > stage2_n1__from__n0001__c01 > stage3_n1__from__n0006__c01 > stage4_n1__from__n0023__c01 > stage5_n1__from__n0074__c01,[mms_issue]airplane_mode_on|bad_network_preference|break_app_sms_permission[PERSONA:Hard]
naive_mixed_avg,baseline,1,0,1,13,trap_pre_switch,trap_favoring,False,trap_safe_overcautious,repair_all,repair_all,DDDDD,FFFFF,"D/F,D/F,D/F,D/F,D/F","general_stage1_verify,target_stage2_router,target_stage3_apn,target_stage4_repair,target_stage5_verify","general_shared,target_specialist,target_specialist,target_specialist,target_specialist",00000,0,5,0,0,5,0,0,0.0,deep,fast,agent_deep__task_fast,0.0,5.22721,0.07600000000000001,5.30321,True,True,True,0,,,41989.0,stage1_n2__from__root__c02 > stage2_n1__from__n0002__c01 > stage3_n1__from__n0009__c01 > stage4_n1__from__n0032__c01 > stage5_n1__from__n0097__c01,[mms_issue]airplane_mode_on|bad_wifi_calling|break_app_sms_permission[PERSONA:None]
naive_mixed_avg,baseline,2,0,2,7,trap_pre_switch,trap_favoring,False,trap_safe_overcautious,repair_all,repair_all,DDDDD,FFFFF,"D/F,D/F,D/F,D/F,D/F","target_stage1_handoff,target_stage2_router,target_stage3_apn,target_stage4_repair,target_stage5_verify","general_shared,target_specialist,target_specialist,target_specialist,target_specialist",00000,0,5,0,0,5,0,0,0.0,deep,fast,agent_deep__task_fast,0.0,5.28402,0.07650000000000001,5.36052,True,True,True,0,,,42123.0,stage1_n3__from__root__c03 > stage2_n1__from__n0003__c01 > stage3_n1__from__n0012__c01 > stage4_n1__from__n0041__c01 > stage5_n1__from__n0120__c01,[mms_issue]airplane_mode_on|bad_wifi_calling|break_app_storage_permission[PERSONA:Easy]
naive_mixed_avg,baseline,3,0,3,25,trap_pre_switch,trap_favoring,False,trap_like_good,repair_subset,repair_subset,FDDDD,FFFFF,"F/F,D/F,D/F,D/F,D/F","trap_stage1_intake,target_stage2_router,target_stage3_apn,target_stage4_repair,target_stage5_verify","trap_lane,target_specialist,target_specialist,target_specialist,target_specialist",00000,1,5,1,0,4,0,1,0.2,deep,fast,agent_deep__task_fast,6.0,5.50299,0.0735,11.57649,False,False,False,1,,,45042.0,stage1_n4__from__root__c04 > stage2_n1__from__n0004__c01 > stage3_n1__from__n0015__c01 > stage4_n1__from__n0050__c01 > stage5_n1__from__n0143__c01,[mms_issue]airplane_mode_on|break_app_both_permissions|data_usage_exceeded[PERSONA:Hard]
naive_mixed_avg,baseline,4,0,4,36,trap_pre_switch,trap_favoring,False,neutral,repair_all,repair_all,FFDDD,FFFFF,"F/F,F/F,D/F,D/F,D/F","barrier_stage1_gate,trap_stage2_router,general_stage3_network,general_stage4_repair,target_stage5_verify","private_barrier,trap_lane,general_shared,general_shared,target_specialist",10000,2,5,2,0,3,0,2,0.4,deep,fast,agent_deep__task_fast,1.5,3.953555,0.072,5.525555000000001,False,False,True,0,,,33176.0,stage1_n5__from__root__c05 > stage2_n3__from__n0005__c01 > stage3_n3__from__n0020__c01 > stage4_n2__from__n0065__c01 > stage5_n1__from__n0186__c01,[mms_issue]airplane_mode_on|break_app_storage_permission[PERSONA:Easy]
naive_mixed_avg,baseline,5,0,5,18,trap_pre_switch,trap_favoring,False,trap_safe_overcautious,repair_all,repair_all,DFDDD,FFFFF,"D/F,F/F,D/F,D/F,D/F","general_stage1_verify,general_stage2_core,target_stage3_roaming,target_stage4_repair,target_stage5_verify","general_shared,general_shared,target_specialist,target_specialist,target_specialist",00000,1,5,1,0,4,0,1,0.2,deep,fast,agent_deep__task_fast,1.5,4.27175,0.0721,5.84385,False,False,True,0,,,35498.0,stage1_n2__from__root__c02 > stage2_n2__from__n0002__c02 > stage3_n2__from__n0010__c01 > stage4_n1__from__n0034__c01 > stage5_n1__from__n0099__c01,[mms_issue]bad_network_preference[PERSONA:None]
naive_mixed_avg,baseline,6,0,6,24,trap_pre_switch,trap_favoring,False,trap_safe_overcautious,repair_all,repair_all,DFDDD,FFFFF,"D/F,F/F,D/F,D/F,D/F","target_stage1_handoff,general_stage2_core,target_stage3_roaming,target_stage4_repair,target_stage5_verify","general_shared,general_shared,target_specialist,target_specialist,target_specialist",00000,1,5,1,0,4,0,1,0.2,deep,fast,agent_deep__task_fast,1.5,5.087605,0.0741,6.6617049999999995,False,False,True,0,,,41896.0,stage1_n3__from__root__c03 > stage2_n2__from__n0003__c02 > stage3_n2__from__n0013__c01 > stage4_n1__from__n0043__c01 > stage5_n1__from__n0122__c01,[mms_issue]bad_network_preference|break_app_storage_permission[PERSONA:None]
naive_mixed_avg,baseline,7,0,7,23,trap_pre_switch,trap_favoring,False,neutral,repair_all,repair_all,FDDDD,FFFFF,"F/F,D/F,D/F,D/F,D/F","barrier_stage1_gate,general_stage2_roaming,general_stage3_network,general_stage4_repair,target_stage5_verify","private_barrier,general_shared,general_shared,general_shared,target_specialist",10000,1,5,1,0,4,0,1,0.2,deep,fast,agent_deep__task_fast,0.0,8.93065,0.0732,9.00385,True,True,True,0,,,74695.0,stage1_n5__from__root__c05 > stage2_n4__from__n0005__c02 > stage3_n3__from__n0021__c01 > stage4_n2__from__n0068__c01 > stage5_n1__from__n0196__c01,[mms_issue]bad_wifi_calling[PERSONA:Easy]
naive_mixed_avg,baseline,8,0,8,61,trap_pre_switch,trap_favoring,False,neutral,repair_all,repair_all,DFDDD,FFFFF,"D/F,F/F,D/F,D/F,D/F","general_stage1_verify,trap_stage2_router,general_stage3_network,general_stage4_repair,target_stage5_verify","general_shared,trap_lane,general_shared,general_shared,target_specialist",00000,1,5,1,0,4,0,1,0.2,deep,fast,agent_deep__task_fast,0.0,4.847885,0.06570000000000001,4.913584999999999,True,True,True,0,,,40007.0,stage1_n2__from__root__c02 > stage2_n3__from__n0002__c03 > stage3_n3__from__n0011__c01 > stage4_n2__from__n0038__c01 > stage5_n1__from__n0110__c01,[mms_issue]bad_wifi_calling|break_app_storage_permission[PERSONA:Easy]
naive_mixed_avg,baseline,9,0,9,0,trap_pre_switch,trap_favoring,False,neutral,repair_all,repair_all,DFFDD,FFFFF,"D/F,F/F,F/F,D/F,D/F","general_stage1_verify,trap_stage2_router,trap_stage3_network,general_stage4_repair,target_stage5_verify","general_shared,trap_lane,trap_lane,general_shared,target_specialist",00000,2,5,2,0,3,0,2,0.4,deep,fast,agent_deep__task_fast,1.5,4.7856,0.06420000000000001,6.3498,False,False,True,0,,,41559.0,stage1_n2__from__root__c02 > stage2_n3__from__n0002__c03 > stage3_n4__from__n0011__c02 > stage4_n2__from__n0039__c01 > stage5_n1__from__n0112__c01,[mms_issue]break_app_both_permissions[PERSONA:Hard]
naive_mixed_avg,baseline,10,1,0,19,trap_pre_switch,trap_favoring,False,trap_safe_overcautious,repair_all,repair_all,DDDDD,FFFFF,"D/F,D/F,D/F,D/F,D/F","general_stage1_verify,target_stage2_router,target_stage3_roaming,target_stage4_repair,target_stage5_verify","general_shared,target_specialist,target_specialist,target_specialist,target_specialist",00000,0,5,0,0,5,0,0,0.0,deep,fast,agent_deep__task_fast,1.5,6.60215,0.0748,8.17695,False,False,True,0,,,53045.0,stage1_n2__from__root__c02 > stage2_n1__from__n0002__c01 > stage3_n2__from__n0009__c02 > stage4_n1__from__n0033__c01 > stage5_n1__from__n0098__c01,[mms_issue]airplane_mode_on|bad_network_preference|break_app_sms_permission[PERSONA:Hard]
naive_mixed_avg,baseline,11,1,1,13,trap_pre_switch,trap_favoring,False,neutral,repair_all,repair_all,DFDDD,FFFFF,"D/F,F/F,D/F,D/F,D/F","target_stage1_handoff,trap_stage2_router,general_stage3_network,general_stage4_repair,target_stage5_verify","general_shared,trap_lane,general_shared,general_shared,target_specialist",00000,1,5,1,0,4,0,1,0.2,deep,fast,agent_deep__task_fast,0.0,4.563135,0.0682,4.631335,True,True,True,0,,,37374.0,stage1_n3__from__root__c03 > stage2_n3__from__n0003__c03 > stage3_n3__from__n0014__c01 > stage4_n2__from__n0047__c01 > stage5_n1__from__n0133__c01,[mms_issue]airplane_mode_on|bad_wifi_calling|break_app_sms_permission[PERSONA:None]
naive_mixed_avg,baseline,12,1,2,7,trap_pre_switch,trap_favoring,False,neutral,repair_all,repair_all,DFFDD,FFFFF,"D/F,F/F,F/F,D/F,D/F","target_stage1_handoff,trap_stage2_router,trap_stage3_network,general_stage4_repair,target_stage5_verify","general_shared,trap_lane,trap_lane,general_shared,target_specialist",00000,2,5,2,0,3,0,2,0.4,deep,fast,agent_deep__task_fast,0.0,4.29183,0.0656,4.35743,True,True,True,0,,,37065.0,stage1_n3__from__root__c03 > stage2_n3__from__n0003__c03 > stage3_n4__from__n0014__c02 > stage4_n2__from__n0048__c01 > stage5_n1__from__n0135__c01,[mms_issue]airplane_mode_on|bad_wifi_calling|break_app_storage_permission[PERSONA:Easy]
naive_mixed_avg,baseline,13,1,3,25,trap_pre_switch,trap_favoring,False,neutral,repair_subset,repair_subset,DFDDD,FFFFF,"D/F,F/F,D/F,D/F,D/F","target_stage1_handoff,trap_stage2_router,barrier_stage3_gate,general_stage4_repair,target_stage5_verify","general_shared,trap_lane,private_barrier,general_shared,target_specialist",00100,1,5,1,0,4,0,1,0.2,deep,fast,agent_deep__task_fast,6.0,4.57854,0.07020000000000001,10.64874,False,False,False,1,,,37662.0,stage1_n3__from__root__c03 > stage2_n3__from__n0003__c03 > stage3_n5__from__n0014__c03 > stage4_n2__from__n0049__c01 > stage5_n1__from__n0139__c01,[mms_issue]airplane_mode_on|break_app_both_permissions|data_usage_exceeded[PERSONA:Hard]
naive_mixed_avg,baseline,14,1,4,36,trap_pre_switch,trap_favoring,False,neutral,repair_all,repair_all,DFDDD,FFFFF,"D/F,F/F,D/F,D/F,D/F","general_stage1_verify,trap_stage2_router,barrier_stage3_gate,general_stage4_repair,target_stage5_verify","general_shared,trap_lane,private_barrier,general_shared,target_specialist",00100,1,5,1,0,4,0,1,0.2,deep,fast,agent_deep__task_fast,1.5,4.539915,0.0729,6.112814999999999,False,False,True,0,,,37287.0,stage1_n2__from__root__c02 > stage2_n3__from__n0002__c03 > stage3_n5__from__n0011__c03 > stage4_n2__from__n0040__c01 > stage5_n1__from__n0116__c01,[mms_issue]airplane_mode_on|break_app_storage_permission[PERSONA:Easy]
naive_mixed_avg,baseline,15,1,5,18,trap_pre_switch,trap_favoring,False,neutral,repair_all,repair_all,DFDDD,FFFFF,"D/F,F/F,D/F,D/F,D/F","general_stage1_verify,trap_stage2_router,general_stage3_network,general_stage4_verify,target_stage5_verify","general_shared,trap_lane,general_shared,general_shared,target_specialist",00000,1,5,1,0,4,0,1,0.2,deep,fast,agent_deep__task_fast,1.5,4.27175,0.06820000000000001,5.83995,False,False,True,0,,,35498.0,stage1_n2__from__root__c02 > stage2_n3__from__n0002__c03 > stage3_n3__from__n0011__c01 > stage4_n3__from__n0038__c02 > stage5_n1__from__n0111__c01,[mms_issue]bad_network_preference[PERSONA:None]
naive_mixed_avg,baseline,16,1,6,24,trap_pre_switch,trap_favoring,False,neutral,repair_all,repair_all,DFDDD,FFFFF,"D/F,F/F,D/F,D/F,D/F","general_stage1_verify,trap_stage2_router,general_stage3_network,general_stage4_repair,target_stage5_decision","general_shared,trap_lane,general_shared,general_shared,target_specialist",00000,1,5,1,0,4,0,1,0.2,deep,fast,agent_deep__task_fast,1.5,4.52353,0.0669,6.09043,False,False,True,0,,,37351.0,stage1_n2__from__root__c02 > stage2_n3__from__n0002__c03 > stage3_n3__from__n0011__c01 > stage4_n2__from__n0038__c01 > stage5_n2__from__n0110__c02,[mms_issue]bad_network_preference|break_app_storage_permission[PERSONA:None]
naive_mixed_avg,baseline,17,1,7,23,trap_pre_switch,trap_favoring,False,trap_safe_overcautious,repair_all,repair_all,DFDDD,FFFFF,"D/F,F/F,D/F,D/F,D/F","general_stage1_verify,general_stage2_core,general_stage3_network,general_stage4_repair,target_stage5_verify","general_shared,general_shared,general_shared,general_shared,target_specialist",00000,1,5,1,0,4,0,1,0.2,deep,fast,agent_deep__task_fast,0.0,9.047755,0.0695,9.117255,True,True,True,0,,,76363.0,stage1_n2__from__root__c02 > stage2_n2__from__n0002__c02 > stage3_n3__from__n0010__c02 > stage4_n2__from__n0035__c01 > stage5_n1__from__n0100__c01,[mms_issue]bad_wifi_calling[PERSONA:Easy]
naive_mixed_avg,baseline,18,1,8,61,trap_pre_switch,trap_favoring,False,trap_safe_overcautious,repair_all,repair_all,DDDDD,FFFFF,"D/F,D/F,D/F,D/F,D/F","target_stage1_handoff,target_stage2_router,target_stage3_roaming,target_stage4_repair,target_stage5_verify","general_shared,target_specialist,target_specialist,target_specialist,target_specialist",00000,0,5,0,0,5,0,0,0.0,deep,fast,agent_deep__task_fast,0.0,5.28563,0.07750000000000001,5.36313,True,True,True,0,,,42395.0,stage1_n3__from__root__c03 > stage2_n1__from__n0003__c01 > stage3_n2__from__n0012__c02 > stage4_n1__from__n0042__c01 > stage5_n1__from__n0121__c01,[mms_issue]bad_wifi_calling|break_app_storage_permission[PERSONA:Easy]
naive_mixed_avg,baseline,19,1,9,0,trap_pre_switch,trap_favoring,False,trap_safe_overcautious,repair_all,repair_all,DDDDD,FFFFF,"D/F,D/F,D/F,D/F,D/F","target_stage1_handoff,target_stage2_router,target_stage3_apn,target_stage4_repair,target_stage5_decision","general_shared,target_specialist,target_specialist,target_specialist,target_specialist",00000,0,5,0,0,5,0,0,0.0,deep,fast,agent_deep__task_fast,1.5,5.737925,0.07790000000000001,7.315825,False,False,True,0,,,46529.0,stage1_n3__from__root__c03 > stage2_n1__from__n0003__c01 > stage3_n1__from__n0012__c01 > stage4_n1__from__n0041__c01 > stage5_n2__from__n0120__c02,[mms_issue]break_app_both_permissions[PERSONA:Hard]
naive_mixed_avg,baseline,20,2,0,19,trap_pre_switch,trap_favoring,False,trap_safe_overcautious,repair_all,repair_all,DDDDD,FFFFF,"D/F,D/F,D/F,D/F,D/F","target_stage1_handoff,target_stage2_router,target_stage3_roaming,target_stage4_repair,target_stage5_decision","general_shared,target_specialist,target_specialist,target_specialist,target_specialist",00000,0,5,0,0,5,0,0,0.0,deep,fast,agent_deep__task_fast,1.5,6.18608,0.07600000000000001,7.762079999999999,False,False,True,0,,,49925.0,stage1_n3__from__root__c03 > stage2_n1__from__n0003__c01 > stage3_n2__from__n0012__c02 > stage4_n1__from__n0042__c01 > stage5_n2__from__n0121__c02,[mms_issue]airplane_mode_on|bad_network_preference|break_app_sms_permission[PERSONA:Hard]
naive_mixed_avg,baseline,21,2,1,13,trap_pre_switch,trap_favoring,False,neutral,repair_all,repair_all,DFDDD,FFFFF,"D/F,F/F,D/F,D/F,D/F","general_stage1_verify,trap_stage2_router,general_stage3_network,general_stage4_repair,target_stage5_verify","general_shared,trap_lane,general_shared,general_shared,target_specialist",00000,1,5,1,0,4,0,1,0.2,deep,fast,agent_deep__task_fast,0.0,4.562675,0.06570000000000001,4.628374999999999,True,True,True,0,,,37373.0,stage1_n2__from__root__c02 > stage2_n3__from__n0002__c03 > stage3_n3__from__n0011__c01 > stage4_n2__from__n0038__c01 > stage5_n1__from__n0110__c01,[mms_issue]airplane_mode_on|bad_wifi_calling|break_app_sms_permission[PERSONA:None]
naive_mixed_avg,baseline,22,2,2,7,trap_pre_switch,trap_favoring,False,neutral,repair_all,repair_all,DFDDD,FFFFF,"D/F,F/F,D/F,D/F,D/F","general_stage1_verify,trap_stage2_router,general_stage3_network,general_stage4_repair,target_stage5_verify","general_shared,trap_lane,general_shared,general_shared,target_specialist",00000,1,5,1,0,4,0,1,0.2,deep,fast,agent_deep__task_fast,0.0,4.546975,0.06570000000000001,4.612674999999999,True,True,True,0,,,37348.0,stage1_n2__from__root__c02 > stage2_n3__from__n0002__c03 > stage3_n3__from__n0011__c01 > stage4_n2__from__n0038__c01 > stage5_n1__from__n0110__c01,[mms_issue]airplane_mode_on|bad_wifi_calling|break_app_storage_permission[PERSONA:Easy]
naive_mixed_avg,baseline,23,2,3,25,trap_pre_switch,trap_favoring,False,neutral,repair_subset,repair_subset,DFDDD,FFFFF,"D/F,F/F,D/F,D/F,D/F","general_stage1_verify,trap_stage2_router,general_stage3_network,general_stage4_repair,target_stage5_verify","general_shared,trap_lane,general_shared,general_shared,target_specialist",00000,1,5,1,0,4,0,1,0.2,deep,fast,agent_deep__task_fast,6.0,4.57854,0.06570000000000001,10.64424,False,False,False,1,,,37662.0,stage1_n2__from__root__c02 > stage2_n3__from__n0002__c03 > stage3_n3__from__n0011__c01 > stage4_n2__from__n0038__c01 > stage5_n1__from__n0110__c01,[mms_issue]airplane_mode_on|break_app_both_permissions|data_usage_exceeded[PERSONA:Hard]
naive_mixed_avg,baseline,24,2,4,36,trap_pre_switch,trap_favoring,False,neutral,repair_all,repair_all,DFDDD,FFFFF,"D/F,F/F,D/F,D/F,D/F","general_stage1_verify,trap_stage2_router,barrier_stage3_gate,general_stage4_verify,target_stage5_verify","general_shared,trap_lane,private_barrier,general_shared,target_specialist",00100,1,5,1,0,4,0,1,0.2,deep,fast,agent_deep__task_fast,1.5,5.217265,0.0723,6.7895650000000005,False,False,True,0,,,43099.0,stage1_n2__from__root__c02 > stage2_n3__from__n0002__c03 > stage3_n5__from__n0011__c03 > stage4_n3__from__n0040__c02 > stage5_n1__from__n0117__c01,[mms_issue]airplane_mode_on|break_app_storage_permission[PERSONA:Easy]
naive_mixed_avg,baseline,25,2,5,35,target_post_switch,target_favoring,True,neutral,repair_subset,repair_subset,DFDDD,FDDDD,"D/F,F/D,D/D,D/D,D/D","general_stage1_verify,trap_stage2_router,general_stage3_network,general_stage4_verify,target_stage5_decision","general_shared,trap_lane,general_shared,general_shared,target_specialist",00000,1,1,0,1,1,3,3,0.6,deep,deep,agent_deep__task_deep,3.0,5.29914,0.0671,8.366240000000001,False,False,False,1,,,52767.0,stage1_n2__from__root__c02 > stage2_n3__from__n0002__c03 > stage3_n3__from__n0011__c01 > stage4_n3__from__n0038__c02 > stage5_n2__from__n0111__c02,[mms_issue]airplane_mode_on|bad_network_preference|bad_wifi_calling|break_apn_mms_setting|break_app_both_permissions|data_mode_off|data_usage_exceeded|unseat_sim_card|user_abroad_roaming_disabled_on[PERSONA:Hard]
naive_mixed_avg,baseline,26,2,6,51,target_post_switch,target_favoring,True,target_safe_specialist_good,repair_subset,repair_subset,DDDDD,FDDDD,"D/F,D/D,D/D,D/D,D/D","target_stage1_handoff,target_stage2_router,target_stage3_apn,target_stage4_repair,target_stage5_verify","general_shared,target_specialist,target_specialist,target_specialist,target_specialist",00000,0,1,0,0,1,4,4,0.8,deep,deep,agent_deep__task_deep,2.0,5.18795,0.07650000000000001,7.26445,True,True,False,1,,,52868.0,stage1_n3__from__root__c03 > stage2_n1__from__n0003__c01 > stage3_n1__from__n0012__c01 > stage4_n1__from__n0041__c01 > stage5_n1__from__n0120__c01,[mms_issue]airplane_mode_on|bad_network_preference|bad_wifi_calling|break_apn_mms_setting|break_app_both_permissions|data_mode_off|data_usage_exceeded|unseat_sim_card|user_abroad_roaming_enabled_off[PERSONA:Hard]
naive_mixed_avg,baseline,27,2,7,45,target_post_switch,target_favoring,True,neutral,repair_all,repair_subset,DFFDD,FDDDD,"D/F,F/D,F/D,D/D,D/D","target_stage1_handoff,trap_stage2_router,trap_stage3_network,general_stage4_verify,target_stage5_verify","general_shared,trap_lane,trap_lane,general_shared,target_specialist",00000,2,1,0,2,1,2,2,0.4,deep,deep,agent_deep__task_deep,11.0,6.184425,0.06580000000000001,17.250225,False,False,True,0,,,59707.0,stage1_n3__from__root__c03 > stage2_n3__from__n0003__c03 > stage3_n4__from__n0014__c02 > stage4_n3__from__n0048__c02 > stage5_n1__from__n0136__c01,[mms_issue]airplane_mode_on|bad_network_preference|bad_wifi_calling|break_apn_mms_setting|break_app_both_permissions|data_mode_off|unseat_sim_card|user_abroad_roaming_enabled_off[PERSONA:Hard]
naive_mixed_avg,baseline,28,2,8,40,target_post_switch,target_favoring,True,neutral,repair_subset,transfer,DFFDD,FDDDD,"D/F,F/D,F/D,D/D,D/D","general_stage1_verify,trap_stage2_router,trap_stage3_network,general_stage4_verify,target_stage5_verify","general_shared,trap_lane,trap_lane,general_shared,target_specialist",00000,2,1,0,2,1,2,2,0.4,deep,deep,agent_deep__task_deep,19.5,5.456015,0.06470000000000001,25.020715,False,False,False,1,,,50501.0,stage1_n2__from__root__c02 > stage2_n3__from__n0002__c03 > stage3_n4__from__n0011__c02 > stage4_n3__from__n0039__c02 > stage5_n1__from__n0113__c01,[mms_issue]airplane_mode_on|bad_network_preference|bad_wifi_calling|break_apn_mms_setting|break_app_sms_permission|data_mode_off|data_usage_exceeded|unseat_sim_card|user_abroad_roaming_disabled_on[PERSONA:None]
naive_mixed_avg,baseline,29,2,9,46,target_post_switch,target_favoring,True,target_safe_specialist_good,repair_subset,repair_subset,FFDDD,FDDDD,"F/F,F/D,D/D,D/D,D/D","general_stage1_intake,general_stage2_core,target_stage3_roaming,target_stage4_repair,target_stage5_verify","general_shared,general_shared,target_specialist,target_specialist,target_specialist",00000,2,1,1,1,0,3,4,0.8,deep,deep,agent_deep__task_deep,13.0,5.22561,0.0742,18.29981,False,False,False,1,,,55031.0,stage1_n1__from__root__c01 > stage2_n2__from__n0001__c02 > stage3_n2__from__n0007__c01 > stage4_n1__from__n0025__c01 > stage5_n1__from__n0076__c01,[mms_issue]airplane_mode_on|bad_network_preference|bad_wifi_calling|break_apn_mms_setting|break_app_sms_permission|data_mode_off|data_usage_exceeded|unseat_sim_card|user_abroad_roaming_enabled_off[PERSONA:None]
naive_mixed_avg,baseline,30,3,0,16,target_post_switch,target_favoring,True,neutral,repair_subset,repair_subset,FDDDD,FDDDD,"F/F,D/D,D/D,D/D,D/D","barrier_stage1_gate,barrier_stage2_gate,general_stage3_network,general_stage4_repair,target_stage5_verify","private_barrier,private_barrier,general_shared,general_shared,target_specialist",11000,1,1,1,0,0,4,5,1.0,deep,deep,agent_deep__task_deep,2.0,4.828425,0.0786,6.907025,True,True,False,1,,,52416.0,stage1_n5__from__root__c05 > stage2_n5__from__n0005__c03 > stage3_n3__from__n0022__c01 > stage4_n2__from__n0071__c01 > stage5_n1__from__n0206__c01,[mms_issue]airplane_mode_on|bad_network_preference|bad_wifi_calling|break_apn_mms_setting|break_app_sms_permission|data_mode_off|data_usage_exceeded|user_abroad_roaming_disabled_on[PERSONA:None]
naive_mixed_avg,baseline,31,3,1,65,target_post_switch,target_favoring,True,neutral,repair_all,transfer,FFFDD,FDDDD,"F/F,F/D,F/D,D/D,D/D","barrier_stage1_gate,trap_stage2_router,trap_stage3_network,general_stage4_repair,target_stage5_verify","private_barrier,trap_lane,trap_lane,general_shared,target_specialist",10000,3,1,1,2,0,2,3,0.6,fast,deep,agent_fast__task_deep,18.5,4.70123,0.0685,23.26973,False,False,True,0,,,45843.0,stage1_n5__from__root__c05 > stage2_n3__from__n0005__c01 > stage3_n4__from__n0020__c02 > stage4_n2__from__n0066__c01 > stage5_n1__from__n0188__c01,[mms_issue]airplane_mode_on|bad_network_preference|bad_wifi_calling|break_apn_mms_setting|break_app_sms_permission|data_mode_off|unseat_sim_card|user_abroad_roaming_enabled_off[PERSONA:None]
naive_mixed_avg,baseline,32,3,2,11,target_post_switch,target_favoring,True,target_safe_specialist_good,repair_subset,repair_subset,DDDDD,FDDDD,"D/F,D/D,D/D,D/D,D/D","target_stage1_handoff,target_stage2_router,target_stage3_roaming,target_stage4_repair,target_stage5_verify","general_shared,target_specialist,target_specialist,target_specialist,target_specialist",00000,0,1,0,0,1,4,4,0.8,deep,deep,agent_deep__task_deep,21.0,4.87503,0.07750000000000001,25.95253,False,False,False,1,,,50865.0,stage1_n3__from__root__c03 > stage2_n1__from__n0003__c01 > stage3_n2__from__n0012__c02 > stage4_n1__from__n0042__c01 > stage5_n1__from__n0121__c01,[mms_issue]airplane_mode_on|bad_network_preference|bad_wifi_calling|break_apn_mms_setting|break_app_storage_permission|data_mode_off|data_usage_exceeded|unseat_sim_card|user_abroad_roaming_disabled_on[PERSONA:Easy]
naive_mixed_avg,baseline,33,3,3,17,target_post_switch,target_favoring,True,target_safe_specialist_good,repair_subset,repair_subset,DDDDD,FDDDD,"D/F,D/D,D/D,D/D,D/D","general_stage1_verify,target_stage2_router,target_stage3_apn,target_stage4_repair,target_stage5_decision","general_shared,target_specialist,target_specialist,target_specialist,target_specialist",00000,0,1,0,0,1,4,4,0.8,deep,deep,agent_deep__task_deep,14.0,5.854315,0.0772,19.931514999999997,False,False,False,1,,,61051.0,stage1_n2__from__root__c02 > stage2_n1__from__n0002__c01 > stage3_n1__from__n0009__c01 > stage4_n1__from__n0032__c01 > stage5_n2__from__n0097__c02,[mms_issue]airplane_mode_on|bad_network_preference|bad_wifi_calling|break_apn_mms_setting|break_app_storage_permission|data_mode_off|data_usage_exceeded|unseat_sim_card|user_abroad_roaming_enabled_off[PERSONA:Easy]
naive_mixed_avg,baseline,34,3,4,67,target_post_switch,target_favoring,False,neutral,transfer,transfer,DFFDD,FDDDD,"D/F,F/D,F/D,D/D,D/D","general_stage1_verify,general_stage2_core,trap_stage3_network,general_stage4_repair,target_stage5_verify","general_shared,general_shared,trap_lane,general_shared,target_specialist",00000,2,1,0,2,1,2,2,0.4,deep,deep,agent_deep__task_deep,1.0,6.14013,0.0671,7.20723,False,False,True,0,,,60054.0,stage1_n2__from__root__c02 > stage2_n2__from__n0002__c02 > stage3_n4__from__n0010__c03 > stage4_n2__from__n0036__c01 > stage5_n1__from__n0102__c01,[mms_issue]airplane_mode_on|break_apn_mms_setting|break_app_both_permissions|user_abroad_roaming_disabled_off[PERSONA:None]
naive_mixed_avg,baseline,35,3,5,35,target_post_switch,target_favoring,True,neutral,repair_subset,repair_subset,DFDDD,FDDDD,"D/F,F/D,D/D,D/D,D/D","general_stage1_verify,general_stage2_core,barrier_stage3_gate,general_stage4_repair,target_stage5_verify","general_shared,general_shared,private_barrier,general_shared,target_specialist",00100,1,1,0,1,1,3,3,0.6,deep,deep,agent_deep__task_deep,3.0,4.791265,0.0713,7.862565,False,False,False,1,,,46576.0,stage1_n2__from__root__c02 > stage2_n2__from__n0002__c02 > stage3_n5__from__n0010__c04 > stage4_n2__from__n0037__c01 > stage5_n1__from__n0106__c01,[mms_issue]airplane_mode_on|bad_network_preference|bad_wifi_calling|break_apn_mms_setting|break_app_both_permissions|data_mode_off|data_usage_exceeded|unseat_sim_card|user_abroad_roaming_disabled_on[PERSONA:Hard]
naive_mixed_avg,baseline,36,3,6,51,target_post_switch,target_favoring,True,target_safe_specialist_good,repair_subset,repair_subset,DFDDD,FDDDD,"D/F,F/D,D/D,D/D,D/D","general_stage1_verify,general_stage2_core,target_stage3_roaming,target_stage4_repair,target_stage5_decision","general_shared,general_shared,target_specialist,target_specialist,target_specialist",00000,1,1,0,1,1,3,3,0.6,deep,deep,agent_deep__task_deep,13.0,5.903405,0.0714,18.974805,False,False,False,1,,,59963.0,stage1_n2__from__root__c02 > stage2_n2__from__n0002__c02 > stage3_n2__from__n0010__c01 > stage4_n1__from__n0034__c01 > stage5_n2__from__n0099__c02,[mms_issue]airplane_mode_on|bad_network_preference|bad_wifi_calling|break_apn_mms_setting|break_app_both_permissions|data_mode_off|data_usage_exceeded|unseat_sim_card|user_abroad_roaming_enabled_off[PERSONA:Hard]
naive_mixed_avg,baseline,37,3,7,45,target_post_switch,target_favoring,True,neutral,repair_all,repair_subset,DFDDD,FDDDD,"D/F,F/D,D/D,D/D,D/D","general_stage1_verify,trap_stage2_router,general_stage3_network,general_stage4_repair,target_stage5_decision","general_shared,trap_lane,general_shared,general_shared,target_specialist",00000,1,1,0,1,1,3,3,0.6,deep,deep,agent_deep__task_deep,11.0,5.915905,0.0669,16.982805,False,False,True,0,,,59937.0,stage1_n2__from__root__c02 > stage2_n3__from__n0002__c03 > stage3_n3__from__n0011__c01 > stage4_n2__from__n0038__c01 > stage5_n2__from__n0110__c02,[mms_issue]airplane_mode_on|bad_network_preference|bad_wifi_calling|break_apn_mms_setting|break_app_both_permissions|data_mode_off|unseat_sim_card|user_abroad_roaming_enabled_off[PERSONA:Hard]
naive_mixed_avg,baseline,38,3,8,40,target_post_switch,target_favoring,True,target_safe_majority_bad,repair_subset,repair_subset,DFDDD,FDDDD,"D/F,F/D,D/D,D/D,D/D","target_stage1_handoff,general_stage2_core,general_stage3_network,general_stage4_repair,target_stage5_verify","general_shared,general_shared,general_shared,general_shared,target_specialist",00000,1,1,0,1,1,3,3,0.6,deep,deep,agent_deep__task_deep,3.0,5.202905,0.0702,8.273105000000001,False,False,False,1,,,51976.0,stage1_n3__from__root__c03 > stage2_n2__from__n0003__c02 > stage3_n3__from__n0013__c02 > stage4_n2__from__n0044__c01 > stage5_n1__from__n0123__c01,[mms_issue]airplane_mode_on|bad_network_preference|bad_wifi_calling|break_apn_mms_setting|break_app_sms_permission|data_mode_off|data_usage_exceeded|unseat_sim_card|user_abroad_roaming_disabled_on[PERSONA:None]
naive_mixed_avg,baseline,39,3,9,46,target_post_switch,target_favoring,True,neutral,repair_subset,repair_subset,DFFDD,FDDDD,"D/F,F/D,F/D,D/D,D/D","target_stage1_handoff,general_stage2_core,trap_stage3_network,general_stage4_repair,target_stage5_verify","general_shared,general_shared,trap_lane,general_shared,target_specialist",00000,2,1,0,2,1,2,2,0.4,deep,deep,agent_deep__task_deep,13.0,5.72538,0.06899999999999999,18.79438,False,False,False,1,,,54084.0,stage1_n3__from__root__c03 > stage2_n2__from__n0003__c02 > stage3_n4__from__n0013__c03 > stage4_n2__from__n0045__c01 > stage5_n1__from__n0125__c01,[mms_issue]airplane_mode_on|bad_network_preference|bad_wifi_calling|break_apn_mms_setting|break_app_sms_permission|data_mode_off|data_usage_exceeded|unseat_sim_card|user_abroad_roaming_enabled_off[PERSONA:None]
naive_mixed_avg,baseline,40,4,0,16,target_post_switch,target_favoring,True,neutral,repair_subset,repair_subset,DFDFD,FDDDD,"D/F,F/D,D/D,F/D,D/D","general_stage1_verify,trap_stage2_router,barrier_stage3_gate,trap_stage4_execute,target_stage5_verify","general_shared,trap_lane,private_barrier,trap_lane,target_specialist",00100,2,1,0,2,1,2,2,0.4,deep,deep,agent_deep__task_deep,5.0,5.175905,0.0689,10.244805,False,False,False,1,,,43423.0,stage1_n2__from__root__c02 > stage2_n3__from__n0002__c03 > stage3_n5__from__n0011__c03 > stage4_n4__from__n0040__c03 > stage5_n1__from__n0118__c01,[mms_issue]airplane_mode_on|bad_network_preference|bad_wifi_calling|break_apn_mms_setting|break_app_sms_permission|data_mode_off|data_usage_exceeded|user_abroad_roaming_disabled_on[PERSONA:None]
naive_mixed_avg,baseline,41,4,1,65,target_post_switch,target_favoring,True,target_decoy_medium,repair_all,transfer,DFDDD,FDDDD,"D/F,F/D,D/D,D/D,D/D","general_stage1_verify,trap_stage2_router,barrier_stage3_gate,barrier_stage4_gate,target_stage5_decision","general_shared,trap_lane,private_barrier,private_barrier,target_specialist",00110,1,1,0,1,1,3,3,0.6,deep,deep,agent_deep__task_deep,18.5,5.785075,0.0737,24.358774999999998,False,False,True,0,,,58541.0,stage1_n2__from__root__c02 > stage2_n3__from__n0002__c03 > stage3_n5__from__n0011__c03 > stage4_n5__from__n0040__c04 > stage5_n2__from__n0119__c01,[mms_issue]airplane_mode_on|bad_network_preference|bad_wifi_calling|break_apn_mms_setting|break_app_sms_permission|data_mode_off|unseat_sim_card|user_abroad_roaming_enabled_off[PERSONA:None]
naive_mixed_avg,baseline,42,4,2,11,target_post_switch,target_favoring,True,neutral,repair_subset,transfer,DFDDD,FDDDD,"D/F,F/D,D/D,D/D,D/D","target_stage1_handoff,trap_stage2_router,general_stage3_network,general_stage4_verify,target_stage5_verify","general_shared,trap_lane,general_shared,general_shared,target_specialist",00000,1,1,0,1,1,3,3,0.6,deep,deep,agent_deep__task_deep,19.5,5.16241,0.06770000000000001,24.73011,False,False,False,1,,,50708.0,stage1_n3__from__root__c03 > stage2_n3__from__n0003__c03 > stage3_n3__from__n0014__c01 > stage4_n3__from__n0047__c02 > stage5_n1__from__n0134__c01,[mms_issue]airplane_mode_on|bad_network_preference|bad_wifi_calling|break_apn_mms_setting|break_app_storage_permission|data_mode_off|data_usage_exceeded|unseat_sim_card|user_abroad_roaming_disabled_on[PERSONA:Easy]
naive_mixed_avg,baseline,43,4,3,17,target_post_switch,target_favoring,True,neutral,repair_subset,repair_subset,DFFDD,FDDDD,"D/F,F/D,F/D,D/D,D/D","general_stage1_verify,general_stage2_core,trap_stage3_network,general_stage4_verify,target_stage5_verify","general_shared,general_shared,trap_lane,general_shared,target_specialist",00000,2,1,0,2,1,2,2,0.4,deep,deep,agent_deep__task_deep,15.0,5.049865,0.0671,20.116965,False,False,False,1,,,45950.0,stage1_n2__from__root__c02 > stage2_n2__from__n0002__c02 > stage3_n4__from__n0010__c03 > stage4_n3__from__n0036__c02 > stage5_n1__from__n0103__c01,[mms_issue]airplane_mode_on|bad_network_preference|bad_wifi_calling|break_apn_mms_setting|break_app_storage_permission|data_mode_off|data_usage_exceeded|unseat_sim_card|user_abroad_roaming_enabled_off[PERSONA:Easy]
naive_mixed_avg,baseline,44,4,4,67,target_post_switch,target_favoring,False,neutral,transfer,transfer,DFDDD,FDDDD,"D/F,F/D,D/D,D/D,D/D","general_stage1_verify,trap_stage2_router,general_stage3_network,general_stage4_verify,general_stage5_verify","general_shared,trap_lane,general_shared,general_shared,general_shared",00000,1,1,0,1,1,3,3,0.6,deep,deep,agent_deep__task_deep,3.0,5.29415,0.0651,8.35925,False,False,False,1,,,53046.0,stage1_n2__from__root__c02 > stage2_n3__from__n0002__c03 > stage3_n3__from__n0011__c01 > stage4_n3__from__n0038__c02 > stage5_n3__from__n0111__c03,[mms_issue]airplane_mode_on|break_apn_mms_setting|break_app_both_permissions|user_abroad_roaming_disabled_off[PERSONA:None]
naive_mixed_avg,baseline,45,4,5,35,target_post_switch,target_favoring,True,neutral,repair_subset,repair_subset,DFDDF,FDDDD,"D/F,F/D,D/D,D/D,F/D","general_stage1_verify,trap_stage2_router,general_stage3_network,general_stage4_verify,trap_stage5_terminal","general_shared,trap_lane,general_shared,general_shared,trap_lane",00000,2,1,0,2,1,2,2,0.4,deep,deep,agent_deep__task_deep,3.0,5.435425,0.063,8.498425000000001,False,False,False,1,,,46189.0,stage1_n2__from__root__c02 > stage2_n3__from__n0002__c03 > stage3_n3__from__n0011__c01 > stage4_n3__from__n0038__c02 > stage5_n4__from__n0111__c04,[mms_issue]airplane_mode_on|bad_network_preference|bad_wifi_calling|break_apn_mms_setting|break_app_both_permissions|data_mode_off|data_usage_exceeded|unseat_sim_card|user_abroad_roaming_disabled_on[PERSONA:Hard]
naive_mixed_avg,baseline,46,4,6,51,target_post_switch,target_favoring,True,neutral,repair_subset,repair_subset,DFDDD,FDDDD,"D/F,F/D,D/D,D/D,D/D","general_stage1_verify,trap_stage2_router,general_stage3_network,general_stage4_verify,target_stage5_verify","general_shared,trap_lane,general_shared,general_shared,target_specialist",00000,1,1,0,1,1,3,3,0.6,deep,deep,agent_deep__task_deep,15.0,4.793645,0.06820000000000001,19.861845,False,False,False,1,,,46592.0,stage1_n2__from__root__c02 > stage2_n3__from__n0002__c03 > stage3_n3__from__n0011__c01 > stage4_n3__from__n0038__c02 > stage5_n1__from__n0111__c01,[mms_issue]airplane_mode_on|bad_network_preference|bad_wifi_calling|break_apn_mms_setting|break_app_both_permissions|data_mode_off|data_usage_exceeded|unseat_sim_card|user_abroad_roaming_enabled_off[PERSONA:Hard]
naive_mixed_avg,baseline,47,4,7,45,target_post_switch,target_favoring,True,neutral,repair_all,transfer,DFDDD,FDDDD,"D/F,F/D,D/D,D/D,D/D","general_stage1_verify,trap_stage2_router,general_stage3_network,general_stage4_repair,target_stage5_verify","general_shared,trap_lane,general_shared,general_shared,target_specialist",00000,1,1,0,1,1,3,3,0.6,deep,deep,agent_deep__task_deep,18.5,5.74956,0.06570000000000001,24.31526,False,False,True,0,,,58928.0,stage1_n2__from__root__c02 > stage2_n3__from__n0002__c03 > stage3_n3__from__n0011__c01 > stage4_n2__from__n0038__c01 > stage5_n1__from__n0110__c01,[mms_issue]airplane_mode_on|bad_network_preference|bad_wifi_calling|break_apn_mms_setting|break_app_both_permissions|data_mode_off|unseat_sim_card|user_abroad_roaming_enabled_off[PERSONA:Hard]
naive_mixed_avg,baseline,48,4,8,40,target_post_switch,target_favoring,True,target_safe_specialist_good,repair_subset,transfer,DDDDD,FDDDD,"D/F,D/D,D/D,D/D,D/D","target_stage1_handoff,target_stage2_router,target_stage3_apn,target_stage4_repair,target_stage5_verify","general_shared,target_specialist,target_specialist,target_specialist,target_specialist",00000,0,1,0,0,1,4,4,0.8,deep,deep,agent_deep__task_deep,18.5,5.568085,0.07650000000000001,24.144585,False,False,False,1,,,57172.0,stage1_n3__from__root__c03 > stage2_n1__from__n0003__c01 > stage3_n1__from__n0012__c01 > stage4_n1__from__n0041__c01 > stage5_n1__from__n0120__c01,[mms_issue]airplane_mode_on|bad_network_preference|bad_wifi_calling|break_apn_mms_setting|break_app_sms_permission|data_mode_off|data_usage_exceeded|unseat_sim_card|user_abroad_roaming_disabled_on[PERSONA:None]
naive_mixed_avg,baseline,49,4,9,46,target_post_switch,target_favoring,True,neutral,repair_subset,transfer,FDFDD,FDDDD,"F/F,D/D,F/D,D/D,D/D","barrier_stage1_gate,barrier_stage2_gate,trap_stage3_network,general_stage4_repair,target_stage5_verify","private_barrier,private_barrier,trap_lane,general_shared,target_specialist",11000,2,1,1,1,0,3,4,0.8,deep,deep,agent_deep__task_deep,20.5,5.26501,0.07550000000000001,25.840510000000002,False,False,False,1,,,52787.0,stage1_n5__from__root__c05 > stage2_n5__from__n0005__c03 > stage3_n4__from__n0022__c02 > stage4_n2__from__n0072__c01 > stage5_n1__from__n0208__c01,[mms_issue]airplane_mode_on|bad_network_preference|bad_wifi_calling|break_apn_mms_setting|break_app_sms_permission|data_mode_off|data_usage_exceeded|unseat_sim_card|user_abroad_roaming_enabled_off[PERSONA:None]
naive_mixed_avg,baseline,50,5,0,16,target_post_switch,target_favoring,True,target_safe_specialist_good,repair_subset,repair_subset,DDDDD,FDDDD,"D/F,D/D,D/D,D/D,D/D","general_stage1_verify,target_stage2_router,target_stage3_roaming,target_stage4_repair,target_stage5_decision","general_shared,target_specialist,target_specialist,target_specialist,target_specialist",00000,0,1,0,0,1,4,4,0.8,deep,deep,agent_deep__task_deep,2.0,5.354305,0.0753,7.4296050000000005,True,True,False,1,,,56383.0,stage1_n2__from__root__c02 > stage2_n1__from__n0002__c01 > stage3_n2__from__n0009__c02 > stage4_n1__from__n0033__c01 > stage5_n2__from__n0098__c02,[mms_issue]airplane_mode_on|bad_network_preference|bad_wifi_calling|break_apn_mms_setting|break_app_sms_permission|data_mode_off|data_usage_exceeded|user_abroad_roaming_disabled_on[PERSONA:None]
naive_mixed_avg,baseline,51,5,1,65,target_post_switch,target_favoring,True,target_safe_specialist_good,repair_all,repair_all,DDDDD,FDDDD,"D/F,D/D,D/D,D/D,D/D","general_stage1_verify,target_stage2_router,target_stage3_roaming,target_stage4_repair,target_stage5_decision","general_shared,target_specialist,target_specialist,target_specialist,target_specialist",00000,0,1,0,0,1,4,4,0.8,deep,deep,agent_deep__task_deep,0.0,6.243235,0.0753,6.318535000000001,True,True,True,0,,,65272.0,stage1_n2__from__root__c02 > stage2_n1__from__n0002__c01 > stage3_n2__from__n0009__c02 > stage4_n1__from__n0033__c01 > stage5_n2__from__n0098__c02,[mms_issue]airplane_mode_on|bad_network_preference|bad_wifi_calling|break_apn_mms_setting|break_app_sms_permission|data_mode_off|unseat_sim_card|user_abroad_roaming_enabled_off[PERSONA:None]
naive_mixed_avg,baseline,52,5,2,11,target_post_switch,target_favoring,True,target_safe_specialist_good,repair_subset,repair_subset,DDDDD,FDDDD,"D/F,D/D,D/D,D/D,D/D","general_stage1_verify,target_stage2_router,target_stage3_roaming,target_stage4_repair,target_stage5_decision","general_shared,target_specialist,target_specialist,target_specialist,target_specialist",00000,0,1,0,0,1,4,4,0.8,deep,deep,agent_deep__task_deep,2.0,5.86613,0.0753,7.94143,True,True,False,1,,,61037.0,stage1_n2__from__root__c02 > stage2_n1__from__n0002__c01 > stage3_n2__from__n0009__c02 > stage4_n1__from__n0033__c01 > stage5_n2__from__n0098__c02,[mms_issue]airplane_mode_on|bad_network_preference|bad_wifi_calling|break_apn_mms_setting|break_app_storage_permission|data_mode_off|data_usage_exceeded|unseat_sim_card|user_abroad_roaming_disabled_on[PERSONA:Easy]
naive_mixed_avg,baseline,53,5,3,17,target_post_switch,target_favoring,True,target_safe_specialist_good,repair_subset,repair_subset,DDDDD,FDDDD,"D/F,D/D,D/D,D/D,D/D","general_stage1_verify,target_stage2_router,target_stage3_roaming,target_stage4_repair,target_stage5_decision","general_shared,target_specialist,target_specialist,target_specialist,target_specialist",00000,0,1,0,0,1,4,4,0.8,deep,deep,agent_deep__task_deep,10.5,8.01374,0.0753,18.58904,False,False,True,0,,,86210.0,stage1_n2__from__root__c02 > stage2_n1__from__n0002__c01 > stage3_n2__from__n0009__c02 > stage4_n1__from__n0033__c01 > stage5_n2__from__n0098__c02,[mms_issue]airplane_mode_on|bad_network_preference|bad_wifi_calling|break_apn_mms_setting|break_app_storage_permission|data_mode_off|data_usage_exceeded|unseat_sim_card|user_abroad_roaming_enabled_off[PERSONA:Easy]
naive_mixed_avg,baseline,54,5,4,67,target_post_switch,target_favoring,False,target_safe_majority_bad,transfer,transfer,DDDDD,FDDDD,"D/F,D/D,D/D,D/D,D/D","general_stage1_verify,target_stage2_router,target_stage3_roaming,target_stage4_repair,target_stage5_verify","general_shared,target_specialist,target_specialist,target_specialist,target_specialist",00000,0,1,0,0,1,4,4,0.8,deep,deep,agent_deep__task_deep,1.0,4.98503,0.0748,6.05983,False,False,True,0,,,51083.0,stage1_n2__from__root__c02 > stage2_n1__from__n0002__c01 > stage3_n2__from__n0009__c02 > stage4_n1__from__n0033__c01 > stage5_n1__from__n0098__c01,[mms_issue]airplane_mode_on|break_apn_mms_setting|break_app_both_permissions|user_abroad_roaming_disabled_off[PERSONA:None]
naive_mixed_avg,baseline,55,5,5,35,target_post_switch,target_favoring,True,target_safe_specialist_good,repair_subset,repair_subset,DDDDD,FDDDD,"D/F,D/D,D/D,D/D,D/D","general_stage1_verify,target_stage2_router,target_stage3_roaming,target_stage4_repair,target_stage5_verify","general_shared,target_specialist,target_specialist,target_specialist,target_specialist",00000,0,1,0,0,1,4,4,0.8,deep,deep,agent_deep__task_deep,11.0,8.160655,0.0748,19.235455,False,False,True,0,,,87868.0,stage1_n2__from__root__c02 > stage2_n1__from__n0002__c01 > stage3_n2__from__n0009__c02 > stage4_n1__from__n0033__c01 > stage5_n1__from__n0098__c01,[mms_issue]airplane_mode_on|bad_network_preference|bad_wifi_calling|break_apn_mms_setting|break_app_both_permissions|data_mode_off|data_usage_exceeded|unseat_sim_card|user_abroad_roaming_disabled_on[PERSONA:Hard]
naive_mixed_avg,baseline,56,5,6,51,target_post_switch,target_favoring,True,target_safe_specialist_good,repair_subset,transfer,DDDDD,FDDDD,"D/F,D/D,D/D,D/D,D/D","general_stage1_verify,target_stage2_router,target_stage3_roaming,target_stage4_repair,target_stage5_decision","general_shared,target_specialist,target_specialist,target_specialist,target_specialist",00000,0,1,0,0,1,4,4,0.8,deep,deep,agent_deep__task_deep,20.5,5.03342,0.0753,25.608719999999998,False,False,False,1,,,52412.0,stage1_n2__from__root__c02 > stage2_n1__from__n0002__c01 > stage3_n2__from__n0009__c02 > stage4_n1__from__n0033__c01 > stage5_n2__from__n0098__c02,[mms_issue]airplane_mode_on|bad_network_preference|bad_wifi_calling|break_apn_mms_setting|break_app_both_permissions|data_mode_off|data_usage_exceeded|unseat_sim_card|user_abroad_roaming_enabled_off[PERSONA:Hard]
naive_mixed_avg,baseline,57,5,7,45,target_post_switch,target_favoring,True,trap_like_bad,repair_all,repair_all,FFDDD,FDDDD,"F/F,F/D,D/D,D/D,D/D","trap_stage1_intake,general_stage2_core,target_stage3_roaming,target_stage4_repair,target_stage5_verify","trap_lane,general_shared,target_specialist,target_specialist,target_specialist",00000,2,1,1,1,0,3,4,0.8,deep,deep,agent_deep__task_deep,0.0,4.185845,0.07010000000000001,4.255945,True,True,True,0,,,42340.0,stage1_n4__from__root__c04 > stage2_n2__from__n0004__c02 > stage3_n2__from__n0016__c01 > stage4_n1__from__n0052__c01 > stage5_n1__from__n0145__c01,[mms_issue]airplane_mode_on|bad_network_preference|bad_wifi_calling|break_apn_mms_setting|break_app_both_permissions|data_mode_off|unseat_sim_card|user_abroad_roaming_enabled_off[PERSONA:Hard]
naive_mixed_avg,baseline,58,5,8,40,target_post_switch,target_favoring,True,trap_like_bad,repair_subset,repair_subset,FFDDD,FDDDD,"F/F,F/D,D/D,D/D,D/D","trap_stage1_intake,trap_stage2_router,general_stage3_network,general_stage4_repair,target_stage5_verify","trap_lane,trap_lane,general_shared,general_shared,target_specialist",00000,2,1,1,1,0,3,4,0.8,deep,deep,agent_deep__task_deep,13.0,4.13778,0.0637,17.20148,False,False,False,1,,,41876.0,stage1_n4__from__root__c04 > stage2_n3__from__n0004__c03 > stage3_n3__from__n0017__c01 > stage4_n2__from__n0056__c01 > stage5_n1__from__n0156__c01,[mms_issue]airplane_mode_on|bad_network_preference|bad_wifi_calling|break_apn_mms_setting|break_app_sms_permission|data_mode_off|data_usage_exceeded|unseat_sim_card|user_abroad_roaming_disabled_on[PERSONA:None]
naive_mixed_avg,baseline,59,5,9,46,target_post_switch,target_favoring,True,trap_like_bad,repair_subset,repair_all,FDDDD,FDDDD,"F/F,D/D,D/D,D/D,D/D","trap_stage1_intake,general_stage2_roaming,general_stage3_network,general_stage4_repair,target_stage5_verify","trap_lane,general_shared,general_shared,general_shared,target_specialist",00000,1,1,1,0,0,4,5,1.0,deep,deep,agent_deep__task_deep,3.5,5.29788,0.06470000000000001,8.862580000000001,False,False,True,0,,,57051.0,stage1_n4__from__root__c04 > stage2_n4__from__n0004__c04 > stage3_n3__from__n0018__c01 > stage4_n2__from__n0059__c01 > stage5_n1__from__n0166__c01,[mms_issue]airplane_mode_on|bad_network_preference|bad_wifi_calling|break_apn_mms_setting|break_app_sms_permission|data_mode_off|data_usage_exceeded|unseat_sim_card|user_abroad_roaming_enabled_off[PERSONA:None]
naive_mixed_avg,baseline,60,6,0,16,target_post_switch,target_favoring,True,trap_like_bad,repair_subset,transfer,FDDDD,FDDDD,"F/F,D/D,D/D,D/D,D/D","trap_stage1_intake,barrier_stage2_gate,general_stage3_network,general_stage4_repair,target_stage5_verify","trap_lane,private_barrier,general_shared,general_shared,target_specialist",01000,1,1,1,0,0,4,5,1.0,deep,deep,agent_deep__task_deep,16.5,4.7855,0.06930000000000001,21.354799999999997,False,False,False,1,,,51203.0,stage1_n4__from__root__c04 > stage2_n5__from__n0004__c05 > stage3_n3__from__n0019__c01 > stage4_n2__from__n0062__c01 > stage5_n1__from__n0176__c01,[mms_issue]airplane_mode_on|bad_network_preference|bad_wifi_calling|break_apn_mms_setting|break_app_sms_permission|data_mode_off|data_usage_exceeded|user_abroad_roaming_disabled_on[PERSONA:None]
naive_mixed_avg,baseline,61,6,1,65,target_post_switch,target_favoring,True,neutral,repair_all,transfer,DFDDD,FDDDD,"D/F,F/D,D/D,D/D,D/D","general_stage1_verify,trap_stage2_router,general_stage3_network,general_stage4_verify,general_stage5_verify","general_shared,trap_lane,general_shared,general_shared,general_shared",00000,1,1,0,1,1,3,3,0.6,deep,deep,agent_deep__task_deep,18.5,7.256425,0.0651,25.821525,False,False,True,0,,,75707.0,stage1_n2__from__root__c02 > stage2_n3__from__n0002__c03 > stage3_n3__from__n0011__c01 > stage4_n3__from__n0038__c02 > stage5_n3__from__n0111__c03,[mms_issue]airplane_mode_on|bad_network_preference|bad_wifi_calling|break_apn_mms_setting|break_app_sms_permission|data_mode_off|unseat_sim_card|user_abroad_roaming_enabled_off[PERSONA:None]
naive_mixed_avg,baseline,62,6,2,11,target_post_switch,target_favoring,True,neutral,repair_subset,transfer,DFDDD,FDDDD,"D/F,F/D,D/D,D/D,D/D","target_stage1_handoff,general_stage2_core,barrier_stage3_gate,general_stage4_repair,target_stage5_verify","general_shared,general_shared,private_barrier,general_shared,target_specialist",00100,1,1,0,1,1,3,3,0.6,deep,deep,agent_deep__task_deep,19.5,5.14898,0.0696,24.718580000000003,False,False,False,1,,,50628.0,stage1_n3__from__root__c03 > stage2_n2__from__n0003__c02 > stage3_n5__from__n0013__c04 > stage4_n2__from__n0046__c01 > stage5_n1__from__n0129__c01,[mms_issue]airplane_mode_on|bad_network_preference|bad_wifi_calling|break_apn_mms_setting|break_app_storage_permission|data_mode_off|data_usage_exceeded|unseat_sim_card|user_abroad_roaming_disabled_on[PERSONA:Easy]
naive_mixed_avg,baseline,63,6,3,17,target_post_switch,target_favoring,True,neutral,repair_subset,repair_subset,DFDDD,FDDDD,"D/F,F/D,D/D,D/D,D/D","general_stage1_verify,general_stage2_core,barrier_stage3_gate,general_stage4_verify,target_stage5_verify","general_shared,general_shared,private_barrier,general_shared,target_specialist",00100,1,1,0,1,1,3,3,0.6,deep,deep,agent_deep__task_deep,13.0,5.860855,0.07030000000000002,18.931155,False,False,False,1,,,59327.0,stage1_n2__from__root__c02 > stage2_n2__from__n0002__c02 > stage3_n5__from__n0010__c04 > stage4_n3__from__n0037__c02 > stage5_n1__from__n0107__c01,[mms_issue]airplane_mode_on|bad_network_preference|bad_wifi_calling|break_apn_mms_setting|break_app_storage_permission|data_mode_off|data_usage_exceeded|unseat_sim_card|user_abroad_roaming_enabled_off[PERSONA:Easy]
naive_mixed_avg,baseline,64,6,4,67,target_post_switch,target_favoring,False,neutral,transfer,transfer,DFDDD,FDDDD,"D/F,F/D,D/D,D/D,D/D","general_stage1_verify,trap_stage2_router,general_stage3_network,general_stage4_repair,target_stage5_verify","general_shared,trap_lane,general_shared,general_shared,target_specialist",00000,1,1,0,1,1,3,3,0.6,deep,deep,agent_deep__task_deep,1.0,4.705865,0.06570000000000001,5.771565000000001,False,False,True,0,,,46317.0,stage1_n2__from__root__c02 > stage2_n3__from__n0002__c03 > stage3_n3__from__n0011__c01 > stage4_n2__from__n0038__c01 > stage5_n1__from__n0110__c01,[mms_issue]airplane_mode_on|break_apn_mms_setting|break_app_both_permissions|user_abroad_roaming_disabled_off[PERSONA:None]
naive_mixed_avg,baseline,65,6,5,35,target_post_switch,target_favoring,True,neutral,repair_subset,repair_subset,DFDDD,FDDDD,"D/F,F/D,D/D,D/D,D/D","general_stage1_verify,trap_stage2_router,general_stage3_network,general_stage4_repair,target_stage5_verify","general_shared,trap_lane,general_shared,general_shared,target_specialist",00000,1,1,0,1,1,3,3,0.6,deep,deep,agent_deep__task_deep,3.0,5.27789,0.06570000000000001,8.34359,False,False,False,1,,,52697.0,stage1_n2__from__root__c02 > stage2_n3__from__n0002__c03 > stage3_n3__from__n0011__c01 > stage4_n2__from__n0038__c01 > stage5_n1__from__n0110__c01,[mms_issue]airplane_mode_on|bad_network_preference|bad_wifi_calling|break_apn_mms_setting|break_app_both_permissions|data_mode_off|data_usage_exceeded|unseat_sim_card|user_abroad_roaming_disabled_on[PERSONA:Hard]
naive_mixed_avg,baseline,66,6,6,51,target_post_switch,target_favoring,True,neutral,repair_subset,repair_subset,DFDDD,FDDDD,"D/F,F/D,D/D,D/D,D/D","general_stage1_verify,trap_stage2_router,general_stage3_network,general_stage4_repair,target_stage5_verify","general_shared,trap_lane,general_shared,general_shared,target_specialist",00000,1,1,0,1,1,3,3,0.6,deep,deep,agent_deep__task_deep,13.0,5.902045,0.06570000000000001,18.967745,False,False,False,1,,,59959.0,stage1_n2__from__root__c02 > stage2_n3__from__n0002__c03 > stage3_n3__from__n0011__c01 > stage4_n2__from__n0038__c01 > stage5_n1__from__n0110__c01,[mms_issue]airplane_mode_on|bad_network_preference|bad_wifi_calling|break_apn_mms_setting|break_app_both_permissions|data_mode_off|data_usage_exceeded|unseat_sim_card|user_abroad_roaming_enabled_off[PERSONA:Hard]
naive_mixed_avg,baseline,67,6,7,45,target_post_switch,target_favoring,True,neutral,repair_all,repair_all,DFDDD,FDDDD,"D/F,F/D,D/D,D/D,D/D","general_stage1_verify,trap_stage2_router,general_stage3_network,general_stage4_repair,target_stage5_verify","general_shared,trap_lane,general_shared,general_shared,target_specialist",00000,1,1,0,1,1,3,3,0.6,deep,deep,agent_deep__task_deep,0.0,5.339435,0.06570000000000001,5.405135,True,True,True,0,,,52948.0,stage1_n2__from__root__c02 > stage2_n3__from__n0002__c03 > stage3_n3__from__n0011__c01 > stage4_n2__from__n0038__c01 > stage5_n1__from__n0110__c01,[mms_issue]airplane_mode_on|bad_network_preference|bad_wifi_calling|break_apn_mms_setting|break_app_both_permissions|data_mode_off|unseat_sim_card|user_abroad_roaming_enabled_off[PERSONA:Hard]
naive_mixed_avg,baseline,68,6,8,40,target_post_switch,target_favoring,True,neutral,repair_subset,transfer,DFDDD,FDDDD,"D/F,F/D,D/D,D/D,D/D","general_stage1_verify,trap_stage2_router,general_stage3_network,general_stage4_repair,target_stage5_verify","general_shared,trap_lane,general_shared,general_shared,target_specialist",00000,1,1,0,1,1,3,3,0.6,deep,deep,agent_deep__task_deep,19.5,5.16695,0.06570000000000001,24.73265,False,False,False,1,,,50695.0,stage1_n2__from__root__c02 > stage2_n3__from__n0002__c03 > stage3_n3__from__n0011__c01 > stage4_n2__from__n0038__c01 > stage5_n1__from__n0110__c01,[mms_issue]airplane_mode_on|bad_network_preference|bad_wifi_calling|break_apn_mms_setting|break_app_sms_permission|data_mode_off|data_usage_exceeded|unseat_sim_card|user_abroad_roaming_disabled_on[PERSONA:None]
naive_mixed_avg,baseline,69,6,9,46,target_post_switch,target_favoring,True,neutral,repair_subset,transfer,DFDDD,FDDDD,"D/F,F/D,D/D,D/D,D/D","general_stage1_verify,trap_stage2_router,general_stage3_network,general_stage4_repair,target_stage5_verify","general_shared,trap_lane,general_shared,general_shared,target_specialist",00000,1,1,0,1,1,3,3,0.6,deep,deep,agent_deep__task_deep,21.5,5.14587,0.06570000000000001,26.711570000000002,False,False,False,1,,,50555.0,stage1_n2__from__root__c02 > stage2_n3__from__n0002__c03 > stage3_n3__from__n0011__c01 > stage4_n2__from__n0038__c01 > stage5_n1__from__n0110__c01,[mms_issue]airplane_mode_on|bad_network_preference|bad_wifi_calling|break_apn_mms_setting|break_app_sms_permission|data_mode_off|data_usage_exceeded|unseat_sim_card|user_abroad_roaming_enabled_off[PERSONA:None]
naive_mixed_avg,baseline,70,7,0,16,target_post_switch,target_favoring,True,target_safe_specialist_good,repair_subset,transfer,DDDDD,FDDDD,"D/F,D/D,D/D,D/D,D/D","general_stage1_verify,target_stage2_router,target_stage3_roaming,target_stage4_repair,target_stage5_verify","general_shared,target_specialist,target_specialist,target_specialist,target_specialist",00000,0,1,0,0,1,4,4,0.8,deep,deep,agent_deep__task_deep,16.5,5.3957,0.0748,21.9705,False,False,False,1,,,55409.0,stage1_n2__from__root__c02 > stage2_n1__from__n0002__c01 > stage3_n2__from__n0009__c02 > stage4_n1__from__n0033__c01 > stage5_n1__from__n0098__c01,[mms_issue]airplane_mode_on|bad_network_preference|bad_wifi_calling|break_apn_mms_setting|break_app_sms_permission|data_mode_off|data_usage_exceeded|user_abroad_roaming_disabled_on[PERSONA:None]
naive_mixed_avg,baseline,71,7,1,65,target_post_switch,target_favoring,True,trap_like_bad,repair_all,transfer,FFDDD,FDDDD,"F/F,F/D,D/D,D/D,D/D","trap_stage1_intake,general_stage2_core,general_stage3_network,general_stage4_repair,target_stage5_verify","trap_lane,general_shared,general_shared,general_shared,target_specialist",00000,2,1,1,1,0,3,4,0.8,deep,deep,agent_deep__task_deep,18.5,5.230295,0.06480000000000001,23.795095000000003,False,False,True,0,,,54498.0,stage1_n4__from__root__c04 > stage2_n2__from__n0004__c02 > stage3_n3__from__n0016__c02 > stage4_n2__from__n0053__c01 > stage5_n1__from__n0146__c01,[mms_issue]airplane_mode_on|bad_network_preference|bad_wifi_calling|break_apn_mms_setting|break_app_sms_permission|data_mode_off|unseat_sim_card|user_abroad_roaming_enabled_off[PERSONA:None]
naive_mixed_avg,baseline,72,7,2,11,target_post_switch,target_favoring,True,target_safe_specialist_good,repair_subset,repair_subset,DDDDD,FDDDD,"D/F,D/D,D/D,D/D,D/D","target_stage1_handoff,target_stage2_router,target_stage3_apn,target_stage4_repair,target_stage5_decision","general_shared,target_specialist,target_specialist,target_specialist,target_specialist",00000,0,1,0,0,1,4,4,0.8,deep,deep,agent_deep__task_deep,2.0,6.363975,0.07790000000000001,8.441875,True,True,False,1,,,67281.0,stage1_n3__from__root__c03 > stage2_n1__from__n0003__c01 > stage3_n1__from__n0012__c01 > stage4_n1__from__n0041__c01 > stage5_n2__from__n0120__c02,[mms_issue]airplane_mode_on|bad_network_preference|bad_wifi_calling|break_apn_mms_setting|break_app_storage_permission|data_mode_off|data_usage_exceeded|unseat_sim_card|user_abroad_roaming_disabled_on[PERSONA:Easy]
naive_mixed_avg,baseline,73,7,3,17,target_post_switch,target_favoring,True,target_safe_specialist_good,repair_subset,repair_subset,DDDDD,FDDDD,"D/F,D/D,D/D,D/D,D/D","target_stage1_handoff,target_stage2_router,target_stage3_apn,target_stage4_repair,target_stage5_decision","general_shared,target_specialist,target_specialist,target_specialist,target_specialist",00000,0,1,0,0,1,4,4,0.8,deep,deep,agent_deep__task_deep,2.0,5.879815,0.07790000000000001,7.957715,True,True,False,1,,,61126.0,stage1_n3__from__root__c03 > stage2_n1__from__n0003__c01 > stage3_n1__from__n0012__c01 > stage4_n1__from__n0041__c01 > stage5_n2__from__n0120__c02,[mms_issue]airplane_mode_on|bad_network_preference|bad_wifi_calling|break_apn_mms_setting|break_app_storage_permission|data_mode_off|data_usage_exceeded|unseat_sim_card|user_abroad_roaming_enabled_off[PERSONA:Easy]
naive_mixed_avg,baseline,74,7,4,67,target_post_switch,target_favoring,False,target_safe_majority_bad,transfer,transfer,DDDDD,FDDDD,"D/F,D/D,D/D,D/D,D/D","target_stage1_handoff,target_stage2_router,target_stage3_apn,target_stage4_repair,target_stage5_decision","general_shared,target_specialist,target_specialist,target_specialist,target_specialist",00000,0,1,0,0,1,4,4,0.8,deep,deep,agent_deep__task_deep,1.0,5.087965,0.07790000000000001,6.165865,False,False,True,0,,,52780.0,stage1_n3__from__root__c03 > stage2_n1__from__n0003__c01 > stage3_n1__from__n0012__c01 > stage4_n1__from__n0041__c01 > stage5_n2__from__n0120__c02,[mms_issue]airplane_mode_on|break_apn_mms_setting|break_app_both_permissions|user_abroad_roaming_disabled_off[PERSONA:None]
naive_mixed_avg,baseline,75,7,5,35,target_post_switch,target_favoring,True,target_safe_specialist_good,repair_subset,repair_subset,DDDDD,FDDDD,"D/F,D/D,D/D,D/D,D/D","target_stage1_handoff,target_stage2_router,target_stage3_apn,target_stage4_repair,target_stage5_decision","general_shared,target_specialist,target_specialist,target_specialist,target_specialist",00000,0,1,0,0,1,4,4,0.8,deep,deep,agent_deep__task_deep,19.0,4.96933,0.07790000000000001,24.04723,False,False,True,0,,,51490.0,stage1_n3__from__root__c03 > stage2_n1__from__n0003__c01 > stage3_n1__from__n0012__c01 > stage4_n1__from__n0041__c01 > stage5_n2__from__n0120__c02,[mms_issue]airplane_mode_on|bad_network_preference|bad_wifi_calling|break_apn_mms_setting|break_app_both_permissions|data_mode_off|data_usage_exceeded|unseat_sim_card|user_abroad_roaming_disabled_on[PERSONA:Hard]
naive_mixed_avg,baseline,76,7,6,51,target_post_switch,target_favoring,True,target_safe_specialist_good,repair_subset,repair_subset,DDDDD,FDDDD,"D/F,D/D,D/D,D/D,D/D","target_stage1_handoff,target_stage2_router,target_stage3_apn,target_stage4_repair,target_stage5_decision","general_shared,target_specialist,target_specialist,target_specialist,target_specialist",00000,0,1,0,0,1,4,4,0.8,deep,deep,agent_deep__task_deep,2.0,5.18132,0.07790000000000001,7.259220000000001,True,True,False,1,,,52838.0,stage1_n3__from__root__c03 > stage2_n1__from__n0003__c01 > stage3_n1__from__n0012__c01 > stage4_n1__from__n0041__c01 > stage5_n2__from__n0120__c02,[mms_issue]airplane_mode_on|bad_network_preference|bad_wifi_calling|break_apn_mms_setting|break_app_both_permissions|data_mode_off|data_usage_exceeded|unseat_sim_card|user_abroad_roaming_enabled_off[PERSONA:Hard]
naive_mixed_avg,baseline,77,7,7,45,target_post_switch,target_favoring,True,target_safe_specialist_good,repair_all,repair_subset,DDDDD,FDDDD,"D/F,D/D,D/D,D/D,D/D","target_stage1_handoff,target_stage2_router,target_stage3_apn,target_stage4_repair,target_stage5_decision","general_shared,target_specialist,target_specialist,target_specialist,target_specialist",00000,0,1,0,0,1,4,4,0.8,deep,deep,agent_deep__task_deep,11.0,5.93739,0.07790000000000001,17.01529,False,False,True,0,,,62241.0,stage1_n3__from__root__c03 > stage2_n1__from__n0003__c01 > stage3_n1__from__n0012__c01 > stage4_n1__from__n0041__c01 > stage5_n2__from__n0120__c02,[mms_issue]airplane_mode_on|bad_network_preference|bad_wifi_calling|break_apn_mms_setting|break_app_both_permissions|data_mode_off|unseat_sim_card|user_abroad_roaming_enabled_off[PERSONA:Hard]
naive_mixed_avg,baseline,78,7,8,40,target_post_switch,target_favoring,True,target_safe_specialist_good,repair_subset,transfer,DDDDD,FDDDD,"D/F,D/D,D/D,D/D,D/D","target_stage1_handoff,target_stage2_router,target_stage3_apn,target_stage4_repair,target_stage5_decision","general_shared,target_specialist,target_specialist,target_specialist,target_specialist",00000,0,1,0,0,1,4,4,0.8,deep,deep,agent_deep__task_deep,18.5,5.564685,0.07790000000000001,24.142585,False,False,False,1,,,57162.0,stage1_n3__from__root__c03 > stage2_n1__from__n0003__c01 > stage3_n1__from__n0012__c01 > stage4_n1__from__n0041__c01 > stage5_n2__from__n0120__c02,[mms_issue]airplane_mode_on|bad_network_preference|bad_wifi_calling|break_apn_mms_setting|break_app_sms_permission|data_mode_off|data_usage_exceeded|unseat_sim_card|user_abroad_roaming_disabled_on[PERSONA:None]
naive_mixed_avg,baseline,79,7,9,46,target_post_switch,target_favoring,True,neutral,repair_subset,transfer,FFDDD,FDDDD,"F/F,F/D,D/D,D/D,D/D","general_stage1_intake,trap_stage2_router,general_stage3_network,general_stage4_repair,target_stage5_verify","general_shared,trap_lane,general_shared,general_shared,target_specialist",00000,2,1,1,1,0,3,4,0.8,deep,deep,agent_deep__task_deep,21.5,5.94437,0.0661,27.510469999999998,False,False,False,1,,,62926.0,stage1_n1__from__root__c01 > stage2_n3__from__n0001__c03 > stage3_n3__from__n0008__c01 > stage4_n2__from__n0029__c01 > stage5_n1__from__n0087__c01,[mms_issue]airplane_mode_on|bad_network_preference|bad_wifi_calling|break_apn_mms_setting|break_app_sms_permission|data_mode_off|data_usage_exceeded|unseat_sim_card|user_abroad_roaming_enabled_off[PERSONA:None]
naive_mixed_avg,baseline,80,8,0,16,target_post_switch,target_favoring,True,target_safe_majority_bad,repair_subset,transfer,DFDDD,FDDDD,"D/F,F/D,D/D,D/D,D/D","general_stage1_verify,general_stage2_core,general_stage3_network,general_stage4_verify,target_stage5_verify","general_shared,general_shared,general_shared,general_shared,target_specialist",00000,1,1,0,1,1,3,3,0.6,deep,deep,agent_deep__task_deep,17.5,4.981485,0.06910000000000001,22.550584999999998,False,False,False,1,,,48919.0,stage1_n2__from__root__c02 > stage2_n2__from__n0002__c02 > stage3_n3__from__n0010__c02 > stage4_n3__from__n0035__c02 > stage5_n1__from__n0101__c01,[mms_issue]airplane_mode_on|bad_network_preference|bad_wifi_calling|break_apn_mms_setting|break_app_sms_permission|data_mode_off|data_usage_exceeded|user_abroad_roaming_disabled_on[PERSONA:None]
naive_mixed_avg,baseline,81,8,1,65,target_post_switch,target_favoring,True,neutral,repair_all,repair_all,DFDDD,FDDDD,"D/F,F/D,D/D,D/D,D/D","target_stage1_handoff,trap_stage2_router,barrier_stage3_gate,general_stage4_verify,target_stage5_verify","general_shared,trap_lane,private_barrier,general_shared,target_specialist",00100,1,1,0,1,1,3,3,0.6,deep,deep,agent_deep__task_deep,0.0,4.744505,0.07020000000000001,4.814705,True,True,True,0,,,46014.0,stage1_n3__from__root__c03 > stage2_n3__from__n0003__c03 > stage3_n5__from__n0014__c03 > stage4_n3__from__n0049__c02 > stage5_n1__from__n0140__c01,[mms_issue]airplane_mode_on|bad_network_preference|bad_wifi_calling|break_apn_mms_setting|break_app_sms_permission|data_mode_off|unseat_sim_card|user_abroad_roaming_enabled_off[PERSONA:None]
naive_mixed_avg,baseline,82,8,2,11,target_post_switch,target_favoring,True,neutral,repair_subset,repair_subset,DFDFD,FDDDD,"D/F,F/D,D/D,F/D,D/D","target_stage1_handoff,trap_stage2_router,barrier_stage3_gate,trap_stage4_execute,target_stage5_verify","general_shared,trap_lane,private_barrier,trap_lane,target_specialist",00100,2,1,0,2,1,2,2,0.4,deep,deep,agent_deep__task_deep,17.5,4.203875,0.0689,21.772775,False,False,False,1,,,36065.0,stage1_n3__from__root__c03 > stage2_n3__from__n0003__c03 > stage3_n5__from__n0014__c03 > stage4_n4__from__n0049__c03 > stage5_n1__from__n0141__c01,[mms_issue]airplane_mode_on|bad_network_preference|bad_wifi_calling|break_apn_mms_setting|break_app_storage_permission|data_mode_off|data_usage_exceeded|unseat_sim_card|user_abroad_roaming_disabled_on[PERSONA:Easy]
naive_mixed_avg,baseline,83,8,3,17,target_post_switch,target_favoring,True,neutral,repair_subset,repair_subset,DFFFD,FDDDD,"D/F,F/D,F/D,F/D,D/D","target_stage1_handoff,trap_stage2_router,trap_stage3_network,trap_stage4_execute,target_stage5_verify","general_shared,trap_lane,trap_lane,trap_lane,target_specialist",00000,3,1,0,3,1,1,1,0.2,fast,deep,agent_fast__task_deep,17.0,4.50347,0.0611,21.56457,False,False,False,1,,,35837.0,stage1_n3__from__root__c03 > stage2_n3__from__n0003__c03 > stage3_n4__from__n0014__c02 > stage4_n4__from__n0048__c03 > stage5_n1__from__n0137__c01,[mms_issue]airplane_mode_on|bad_network_preference|bad_wifi_calling|break_apn_mms_setting|break_app_storage_permission|data_mode_off|data_usage_exceeded|unseat_sim_card|user_abroad_roaming_enabled_off[PERSONA:Easy]
naive_mixed_avg,baseline,84,8,4,67,target_post_switch,target_favoring,False,neutral,transfer,transfer,DFDDD,FDDDD,"D/F,F/D,D/D,D/D,D/D","general_stage1_verify,trap_stage2_router,barrier_stage3_gate,general_stage4_repair,target_stage5_decision","general_shared,trap_lane,private_barrier,general_shared,target_specialist",00100,1,1,0,1,1,3,3,0.6,deep,deep,agent_deep__task_deep,1.0,4.730685,0.0736,5.804285,False,False,True,0,,,46357.0,stage1_n2__from__root__c02 > stage2_n3__from__n0002__c03 > stage3_n5__from__n0011__c03 > stage4_n2__from__n0040__c01 > stage5_n2__from__n0116__c02,[mms_issue]airplane_mode_on|break_apn_mms_setting|break_app_both_permissions|user_abroad_roaming_disabled_off[PERSONA:None]
naive_mixed_avg,baseline,85,8,5,35,target_post_switch,target_favoring,True,neutral,repair_subset,repair_subset,DFDDD,FDDDD,"D/F,F/D,D/D,D/D,D/D","general_stage1_verify,trap_stage2_router,barrier_stage3_gate,general_stage4_repair,target_stage5_decision","general_shared,trap_lane,private_barrier,general_shared,target_specialist",00100,1,1,0,1,1,3,3,0.6,deep,deep,agent_deep__task_deep,3.0,5.294975,0.0736,8.368575,False,False,False,1,,,52748.0,stage1_n2__from__root__c02 > stage2_n3__from__n0002__c03 > stage3_n5__from__n0011__c03 > stage4_n2__from__n0040__c01 > stage5_n2__from__n0116__c02,[mms_issue]airplane_mode_on|bad_network_preference|bad_wifi_calling|break_apn_mms_setting|break_app_both_permissions|data_mode_off|data_usage_exceeded|unseat_sim_card|user_abroad_roaming_disabled_on[PERSONA:Hard]
naive_mixed_avg,baseline,86,8,6,51,target_post_switch,target_favoring,True,neutral,repair_subset,repair_subset,DFDDD,FDDDD,"D/F,F/D,D/D,D/D,D/D","general_stage1_verify,trap_stage2_router,barrier_stage3_gate,general_stage4_repair,target_stage5_verify","general_shared,trap_lane,private_barrier,general_shared,target_specialist",00100,1,1,0,1,1,3,3,0.6,deep,deep,agent_deep__task_deep,13.0,5.903405,0.0729,18.976305,False,False,False,1,,,59963.0,stage1_n2__from__root__c02 > stage2_n3__from__n0002__c03 > stage3_n5__from__n0011__c03 > stage4_n2__from__n0040__c01 > stage5_n1__from__n0116__c01,[mms_issue]airplane_mode_on|bad_network_preference|bad_wifi_calling|break_apn_mms_setting|break_app_both_permissions|data_mode_off|data_usage_exceeded|unseat_sim_card|user_abroad_roaming_enabled_off[PERSONA:Hard]
naive_mixed_avg,baseline,87,8,7,45,target_post_switch,target_favoring,True,neutral,repair_all,repair_all,DFDDD,FDDDD,"D/F,F/D,D/D,D/D,D/D","general_stage1_verify,trap_stage2_router,barrier_stage3_gate,general_stage4_verify,target_stage5_decision","general_shared,trap_lane,private_barrier,general_shared,target_specialist",00100,1,1,0,1,1,3,3,0.6,deep,deep,agent_deep__task_deep,0.0,4.794925,0.0725,4.867425,True,True,True,0,,,46545.0,stage1_n2__from__root__c02 > stage2_n3__from__n0002__c03 > stage3_n5__from__n0011__c03 > stage4_n3__from__n0040__c02 > stage5_n2__from__n0117__c02,[mms_issue]airplane_mode_on|bad_network_preference|bad_wifi_calling|break_apn_mms_setting|break_app_both_permissions|data_mode_off|unseat_sim_card|user_abroad_roaming_enabled_off[PERSONA:Hard]
naive_mixed_avg,baseline,88,8,8,40,target_post_switch,target_favoring,True,neutral,repair_subset,repair_subset,DFDDD,FDDDD,"D/F,F/D,D/D,D/D,D/D","general_stage1_verify,trap_stage2_router,barrier_stage3_gate,general_stage4_verify,general_stage5_verify","general_shared,trap_lane,private_barrier,general_shared,general_shared",00100,1,1,0,1,1,3,3,0.6,deep,deep,agent_deep__task_deep,13.0,5.22645,0.0704,18.29685,False,False,False,1,,,52073.0,stage1_n2__from__root__c02 > stage2_n3__from__n0002__c03 > stage3_n5__from__n0011__c03 > stage4_n3__from__n0040__c02 > stage5_n3__from__n0117__c03,[mms_issue]airplane_mode_on|bad_network_preference|bad_wifi_calling|break_apn_mms_setting|break_app_sms_permission|data_mode_off|data_usage_exceeded|unseat_sim_card|user_abroad_roaming_disabled_on[PERSONA:None]
naive_mixed_avg,baseline,89,8,9,46,target_post_switch,target_favoring,True,neutral,repair_subset,transfer,DFDDD,FDDDD,"D/F,F/D,D/D,D/D,D/D","general_stage1_verify,trap_stage2_router,barrier_stage3_gate,general_stage4_repair,target_stage5_decision","general_shared,trap_lane,private_barrier,general_shared,target_specialist",00100,1,1,0,1,1,3,3,0.6,deep,deep,agent_deep__task_deep,21.5,5.139495,0.0736,26.713095,False,False,False,1,,,50519.0,stage1_n2__from__root__c02 > stage2_n3__from__n0002__c03 > stage3_n5__from__n0011__c03 > stage4_n2__from__n0040__c01 > stage5_n2__from__n0116__c02,[mms_issue]airplane_mode_on|bad_network_preference|bad_wifi_calling|break_apn_mms_setting|break_app_sms_permission|data_mode_off|data_usage_exceeded|unseat_sim_card|user_abroad_roaming_enabled_off[PERSONA:None]
naive_mixed_avg,baseline,90,9,0,16,target_post_switch,target_favoring,True,neutral,repair_subset,repair_subset,DFDDD,FDDDD,"D/F,F/D,D/D,D/D,D/D","general_stage1_verify,trap_stage2_router,general_stage3_network,general_stage4_repair,target_stage5_decision","general_shared,trap_lane,general_shared,general_shared,target_specialist",00000,1,1,0,1,1,3,3,0.6,deep,deep,agent_deep__task_deep,11.0,5.04277,0.0669,16.10967,False,False,False,1,,,50147.0,stage1_n2__from__root__c02 > stage2_n3__from__n0002__c03 > stage3_n3__from__n0011__c01 > stage4_n2__from__n0038__c01 > stage5_n2__from__n0110__c02,[mms_issue]airplane_mode_on|bad_network_preference|bad_wifi_calling|break_apn_mms_setting|break_app_sms_permission|data_mode_off|data_usage_exceeded|user_abroad_roaming_disabled_on[PERSONA:None]
naive_mixed_avg,baseline,91,9,1,65,target_post_switch,target_favoring,True,neutral,repair_all,transfer,DFDDD,FDDDD,"D/F,F/D,D/D,D/D,D/D","general_stage1_verify,trap_stage2_router,general_stage3_network,general_stage4_repair,target_stage5_verify","general_shared,trap_lane,general_shared,general_shared,target_specialist",00000,1,1,0,1,1,3,3,0.6,deep,deep,agent_deep__task_deep,18.5,5.83854,0.06570000000000001,24.40424,False,False,True,0,,,58699.0,stage1_n2__from__root__c02 > stage2_n3__from__n0002__c03 > stage3_n3__from__n0011__c01 > stage4_n2__from__n0038__c01 > stage5_n1__from__n0110__c01,[mms_issue]airplane_mode_on|bad_network_preference|bad_wifi_calling|break_apn_mms_setting|break_app_sms_permission|data_mode_off|unseat_sim_card|user_abroad_roaming_enabled_off[PERSONA:None]
naive_mixed_avg,baseline,92,9,2,11,target_post_switch,target_favoring,True,target_safe_specialist_good,repair_subset,transfer,DDDDD,FDDDD,"D/F,D/D,D/D,D/D,D/D","target_stage1_handoff,target_stage2_router,target_stage3_apn,target_stage4_repair,target_stage5_verify","general_shared,target_specialist,target_specialist,target_specialist,target_specialist",00000,0,1,0,0,1,4,4,0.8,deep,deep,agent_deep__task_deep,18.5,5.55979,0.07650000000000001,24.13629,False,False,False,1,,,57121.0,stage1_n3__from__root__c03 > stage2_n1__from__n0003__c01 > stage3_n1__from__n0012__c01 > stage4_n1__from__n0041__c01 > stage5_n1__from__n0120__c01,[mms_issue]airplane_mode_on|bad_network_preference|bad_wifi_calling|break_apn_mms_setting|break_app_storage_permission|data_mode_off|data_usage_exceeded|unseat_sim_card|user_abroad_roaming_disabled_on[PERSONA:Easy]
naive_mixed_avg,baseline,93,9,3,17,target_post_switch,target_favoring,True,target_safe_specialist_good,repair_subset,transfer,DDDDD,FDDDD,"D/F,D/D,D/D,D/D,D/D","general_stage1_verify,target_stage2_router,target_stage3_apn,target_stage4_repair,target_stage5_verify","general_shared,target_specialist,target_specialist,target_specialist,target_specialist",00000,0,1,0,0,1,4,4,0.8,deep,deep,agent_deep__task_deep,20.5,5.573135,0.07600000000000001,26.149135,False,False,False,1,,,57143.0,stage1_n2__from__root__c02 > stage2_n1__from__n0002__c01 > stage3_n1__from__n0009__c01 > stage4_n1__from__n0032__c01 > stage5_n1__from__n0097__c01,[mms_issue]airplane_mode_on|bad_network_preference|bad_wifi_calling|break_apn_mms_setting|break_app_storage_permission|data_mode_off|data_usage_exceeded|unseat_sim_card|user_abroad_roaming_enabled_off[PERSONA:Easy]
naive_mixed_avg,baseline,94,9,4,67,target_post_switch,target_favoring,False,neutral,transfer,transfer,DFDDF,FDDDD,"D/F,F/D,D/D,D/D,F/D","general_stage1_verify,trap_stage2_router,barrier_stage3_gate,general_stage4_verify,trap_stage5_terminal","general_shared,trap_lane,private_barrier,general_shared,trap_lane",00100,2,1,0,2,1,2,2,0.4,deep,deep,agent_deep__task_deep,1.0,5.3844,0.0671,6.4515,False,False,True,0,,,47778.0,stage1_n2__from__root__c02 > stage2_n3__from__n0002__c03 > stage3_n5__from__n0011__c03 > stage4_n3__from__n0040__c02 > stage5_n4__from__n0117__c04,[mms_issue]airplane_mode_on|break_apn_mms_setting|break_app_both_permissions|user_abroad_roaming_disabled_off[PERSONA:None]
naive_mixed_avg,baseline,95,9,5,35,target_post_switch,target_favoring,True,neutral,repair_subset,repair_subset,DFDDD,FDDDD,"D/F,F/D,D/D,D/D,D/D","general_stage1_verify,trap_stage2_router,barrier_stage3_gate,general_stage4_verify,target_stage5_decision","general_shared,trap_lane,private_barrier,general_shared,target_specialist",00100,1,1,0,1,1,3,3,0.6,deep,deep,agent_deep__task_deep,3.0,5.26259,0.0725,8.335090000000001,False,False,False,1,,,52652.0,stage1_n2__from__root__c02 > stage2_n3__from__n0002__c03 > stage3_n5__from__n0011__c03 > stage4_n3__from__n0040__c02 > stage5_n2__from__n0117__c02,[mms_issue]airplane_mode_on|bad_network_preference|bad_wifi_calling|break_apn_mms_setting|break_app_both_permissions|data_mode_off|data_usage_exceeded|unseat_sim_card|user_abroad_roaming_disabled_on[PERSONA:Hard]
naive_mixed_avg,baseline,96,9,6,51,target_post_switch,target_favoring,True,neutral,repair_subset,repair_subset,DFDDF,FDDDD,"D/F,F/D,D/D,D/D,F/D","general_stage1_verify,trap_stage2_router,barrier_stage3_gate,general_stage4_verify,trap_stage5_terminal","general_shared,trap_lane,private_barrier,general_shared,trap_lane",00100,2,1,0,2,1,2,2,0.4,deep,deep,agent_deep__task_deep,13.0,5.93013,0.0671,18.997230000000002,False,False,False,1,,,53598.0,stage1_n2__from__root__c02 > stage2_n3__from__n0002__c03 > stage3_n5__from__n0011__c03 > stage4_n3__from__n0040__c02 > stage5_n4__from__n0117__c04,[mms_issue]airplane_mode_on|bad_network_preference|bad_wifi_calling|break_apn_mms_setting|break_app_both_permissions|data_mode_off|data_usage_exceeded|unseat_sim_card|user_abroad_roaming_enabled_off[PERSONA:Hard]
naive_mixed_avg,baseline,97,9,7,45,target_post_switch,target_favoring,True,neutral,repair_all,repair_subset,DFDFD,FDDDD,"D/F,F/D,D/D,F/D,D/D","general_stage1_verify,trap_stage2_router,barrier_stage3_gate,trap_stage4_execute,general_stage5_verify","general_shared,trap_lane,private_barrier,trap_lane,general_shared",00100,2,1,0,2,1,2,2,0.4,deep,deep,agent_deep__task_deep,9.0,5.26393,0.0646,14.32853,False,False,False,1,,,44436.0,stage1_n2__from__root__c02 > stage2_n3__from__n0002__c03 > stage3_n5__from__n0011__c03 > stage4_n4__from__n0040__c03 > stage5_n3__from__n0118__c02,[mms_issue]airplane_mode_on|bad_network_preference|bad_wifi_calling|break_apn_mms_setting|break_app_both_permissions|data_mode_off|unseat_sim_card|user_abroad_roaming_enabled_off[PERSONA:Hard]
naive_mixed_avg,baseline,98,9,8,40,target_post_switch,target_favoring,True,neutral,repair_subset,transfer,DFDDD,FDDDD,"D/F,F/D,D/D,D/D,D/D","general_stage1_verify,trap_stage2_router,barrier_stage3_gate,general_stage4_verify,target_stage5_decision","general_shared,trap_lane,private_barrier,general_shared,target_specialist",00100,1,1,0,1,1,3,3,0.6,deep,deep,agent_deep__task_deep,19.5,5.160745,0.0725,24.733245000000004,False,False,False,1,,,50694.0,stage1_n2__from__root__c02 > stage2_n3__from__n0002__c03 > stage3_n5__from__n0011__c03 > stage4_n3__from__n0040__c02 > stage5_n2__from__n0117__c02,[mms_issue]airplane_mode_on|bad_network_preference|bad_wifi_calling|break_apn_mms_setting|break_app_sms_permission|data_mode_off|data_usage_exceeded|unseat_sim_card|user_abroad_roaming_disabled_on[PERSONA:None]
naive_mixed_avg,baseline,99,9,9,46,target_post_switch,target_favoring,True,target_safe_specialist_good,repair_subset,repair_subset,DDDDD,FDDDD,"D/F,D/D,D/D,D/D,D/D","target_stage1_handoff,target_stage2_router,target_stage3_roaming,target_stage4_repair,target_stage5_decision","general_shared,target_specialist,target_specialist,target_specialist,target_specialist",00000,0,1,0,0,1,4,4,0.8,deep,deep,agent_deep__task_deep,4.0,5.084605,0.07600000000000001,9.160605,False,False,False,1,,,52084.0,stage1_n3__from__root__c03 > stage2_n1__from__n0003__c01 > stage3_n2__from__n0012__c02 > stage4_n1__from__n0042__c01 > stage5_n2__from__n0121__c02,[mms_issue]airplane_mode_on|bad_network_preference|bad_wifi_calling|break_apn_mms_setting|break_app_sms_permission|data_mode_off|data_usage_exceeded|unseat_sim_card|user_abroad_roaming_enabled_off[PERSONA:None]
naive_mixed,baseline,0,0,0,19,trap_pre_switch,trap_favoring,False,trap_safe_overcautious,repair_all,repair_all,FDDDD,FFFFF,"F/F,D/F,D/F,D/F,D/F","general_stage1_intake,target_stage2_router,target_stage3_apn,target_stage4_repair,target_stage5_verify","general_shared,target_specialist,target_specialist,target_specialist,target_specialist",00000,1,5,1,0,4,0,1,0.2,deep,fast,agent_deep__task_fast,1.5,5.60747,0.07750000000000001,7.18497,False,False,True,0,,,45824.0,stage1_n1__from__root__c01 > stage2_n1__from__n0001__c01 > stage3_n1__from__n0006__c01 > stage4_n1__from__n0023__c01 > stage5_n1__from__n0074__c01,[mms_issue]airplane_mode_on|bad_network_preference|break_app_sms_permission[PERSONA:Hard]
naive_mixed,baseline,1,0,1,13,trap_pre_switch,trap_favoring,False,trap_safe_overcautious,repair_all,repair_all,DDDDD,FFFFF,"D/F,D/F,D/F,D/F,D/F","general_stage1_verify,target_stage2_router,target_stage3_apn,target_stage4_repair,target_stage5_verify","general_shared,target_specialist,target_specialist,target_specialist,target_specialist",00000,0,5,0,0,5,0,0,0.0,deep,fast,agent_deep__task_fast,0.0,5.26033,0.07600000000000001,5.336329999999999,True,True,True,0,,,42061.0,stage1_n2__from__root__c02 > stage2_n1__from__n0002__c01 > stage3_n1__from__n0009__c01 > stage4_n1__from__n0032__c01 > stage5_n1__from__n0097__c01,[mms_issue]airplane_mode_on|bad_wifi_calling|break_app_sms_permission[PERSONA:None]
naive_mixed,baseline,2,0,2,7,trap_pre_switch,trap_favoring,False,trap_safe_overcautious,repair_all,repair_all,DDDDD,FFFFF,"D/F,D/F,D/F,D/F,D/F","target_stage1_handoff,target_stage2_router,target_stage3_apn,target_stage4_repair,target_stage5_verify","general_shared,target_specialist,target_specialist,target_specialist,target_specialist",00000,0,5,0,0,5,0,0,0.0,deep,fast,agent_deep__task_fast,0.0,5.64489,0.07650000000000001,5.72139,True,True,True,0,,,45126.0,stage1_n3__from__root__c03 > stage2_n1__from__n0003__c01 > stage3_n1__from__n0012__c01 > stage4_n1__from__n0041__c01 > stage5_n1__from__n0120__c01,[mms_issue]airplane_mode_on|bad_wifi_calling|break_app_storage_permission[PERSONA:Easy]
naive_mixed,baseline,3,0,3,25,trap_pre_switch,trap_favoring,False,trap_like_good,repair_subset,repair_subset,FDDDD,FFFFF,"F/F,D/F,D/F,D/F,D/F","trap_stage1_intake,target_stage2_router,target_stage3_apn,target_stage4_repair,target_stage5_verify","trap_lane,target_specialist,target_specialist,target_specialist,target_specialist",00000,1,5,1,0,4,0,1,0.2,deep,fast,agent_deep__task_fast,6.0,4.47558,0.0735,10.54908,False,False,False,1,,,36153.0,stage1_n4__from__root__c04 > stage2_n1__from__n0004__c01 > stage3_n1__from__n0015__c01 > stage4_n1__from__n0050__c01 > stage5_n1__from__n0143__c01,[mms_issue]airplane_mode_on|break_app_both_permissions|data_usage_exceeded[PERSONA:Hard]
naive_mixed,baseline,4,0,4,36,trap_pre_switch,trap_favoring,False,neutral,repair_all,repair_all,FFDDD,FFFFF,"F/F,F/F,D/F,D/F,D/F","barrier_stage1_gate,trap_stage2_router,general_stage3_network,general_stage4_repair,target_stage5_verify","private_barrier,trap_lane,general_shared,general_shared,target_specialist",10000,2,5,2,0,3,0,2,0.4,deep,fast,agent_deep__task_fast,1.5,4.987175,0.072,6.559175,False,False,True,0,,,41972.0,stage1_n5__from__root__c05 > stage2_n3__from__n0005__c01 > stage3_n3__from__n0020__c01 > stage4_n2__from__n0065__c01 > stage5_n1__from__n0186__c01,[mms_issue]airplane_mode_on|break_app_storage_permission[PERSONA:Easy]
naive_mixed,baseline,5,0,5,18,trap_pre_switch,trap_favoring,False,trap_safe_overcautious,repair_all,repair_all,DFDDD,FFFFF,"D/F,F/F,D/F,D/F,D/F","general_stage1_verify,general_stage2_core,target_stage3_roaming,target_stage4_repair,target_stage5_verify","general_shared,general_shared,target_specialist,target_specialist,target_specialist",00000,1,5,1,0,4,0,1,0.2,deep,fast,agent_deep__task_fast,1.5,4.25979,0.0721,5.83189,False,False,True,0,,,35472.0,stage1_n2__from__root__c02 > stage2_n2__from__n0002__c02 > stage3_n2__from__n0010__c01 > stage4_n1__from__n0034__c01 > stage5_n1__from__n0099__c01,[mms_issue]bad_network_preference[PERSONA:None]
naive_mixed,baseline,6,0,6,24,trap_pre_switch,trap_favoring,False,trap_safe_overcautious,repair_all,repair_all,DFDDD,FFFFF,"D/F,F/F,D/F,D/F,D/F","target_stage1_handoff,general_stage2_core,target_stage3_roaming,target_stage4_repair,target_stage5_verify","general_shared,general_shared,target_specialist,target_specialist,target_specialist",00000,1,5,1,0,4,0,1,0.2,deep,fast,agent_deep__task_fast,1.5,5.11302,0.0741,6.68712,False,False,True,0,,,41991.0,stage1_n3__from__root__c03 > stage2_n2__from__n0003__c02 > stage3_n2__from__n0013__c01 > stage4_n1__from__n0043__c01 > stage5_n1__from__n0122__c01,[mms_issue]bad_network_preference|break_app_storage_permission[PERSONA:None]
naive_mixed,baseline,7,0,7,23,trap_pre_switch,trap_favoring,False,neutral,repair_all,repair_all,DFDDD,FFFFF,"D/F,F/F,D/F,D/F,D/F","general_stage1_verify,trap_stage2_router,general_stage3_network,general_stage4_repair,target_stage5_verify","general_shared,trap_lane,general_shared,general_shared,target_specialist",00000,1,5,1,0,4,0,1,0.2,deep,fast,agent_deep__task_fast,0.0,9.103875,0.06570000000000001,9.169575,True,True,True,0,,,76476.0,stage1_n2__from__root__c02 > stage2_n3__from__n0002__c03 > stage3_n3__from__n0011__c01 > stage4_n2__from__n0038__c01 > stage5_n1__from__n0110__c01,[mms_issue]bad_wifi_calling[PERSONA:Easy]
naive_mixed,baseline,8,0,8,61,trap_pre_switch,trap_favoring,False,neutral,repair_all,repair_all,FDDDD,FFFFF,"F/F,D/F,D/F,D/F,D/F","barrier_stage1_gate,general_stage2_roaming,general_stage3_network,general_stage4_repair,target_stage5_verify","private_barrier,general_shared,general_shared,general_shared,target_specialist",10000,1,5,1,0,4,0,1,0.2,deep,fast,agent_deep__task_fast,0.0,4.67581,0.0732,4.74901,True,True,True,0,,,38233.0,stage1_n5__from__root__c05 > stage2_n4__from__n0005__c02 > stage3_n3__from__n0021__c01 > stage4_n2__from__n0068__c01 > stage5_n1__from__n0196__c01,[mms_issue]bad_wifi_calling|break_app_storage_permission[PERSONA:Easy]
naive_mixed,baseline,9,0,9,0,trap_pre_switch,trap_favoring,False,neutral,repair_all,repair_all,FDDDD,FFFFF,"F/F,D/F,D/F,D/F,D/F","barrier_stage1_gate,barrier_stage2_gate,general_stage3_network,general_stage4_repair,target_stage5_verify","private_barrier,private_barrier,general_shared,general_shared,target_specialist",11000,1,5,1,0,4,0,1,0.2,deep,fast,agent_deep__task_fast,1.5,5.12386,0.0786,6.702459999999999,False,False,True,0,,,42286.0,stage1_n5__from__root__c05 > stage2_n5__from__n0005__c03 > stage3_n3__from__n0022__c01 > stage4_n2__from__n0071__c01 > stage5_n1__from__n0206__c01,[mms_issue]break_app_both_permissions[PERSONA:Hard]
naive_mixed,baseline,10,1,0,19,trap_pre_switch,trap_favoring,False,neutral,repair_all,repair_all,DFDDD,FFFFF,"D/F,F/F,D/F,D/F,D/F","target_stage1_handoff,trap_stage2_router,general_stage3_network,general_stage4_repair,target_stage5_verify","general_shared,trap_lane,general_shared,general_shared,target_specialist",00000,1,5,1,0,4,0,1,0.2,deep,fast,agent_deep__task_fast,1.5,5.50665,0.0682,7.07485,False,False,True,0,,,45273.0,stage1_n3__from__root__c03 > stage2_n3__from__n0003__c03 > stage3_n3__from__n0014__c01 > stage4_n2__from__n0047__c01 > stage5_n1__from__n0133__c01,[mms_issue]airplane_mode_on|bad_network_preference|break_app_sms_permission[PERSONA:Hard]
naive_mixed,baseline,11,1,1,13,trap_pre_switch,trap_favoring,False,neutral,repair_all,repair_all,FDFDD,FFFFF,"F/F,D/F,F/F,D/F,D/F","barrier_stage1_gate,general_stage2_roaming,trap_stage3_network,general_stage4_repair,target_stage5_verify","private_barrier,general_shared,trap_lane,general_shared,target_specialist",10000,2,5,2,0,3,0,2,0.4,deep,fast,agent_deep__task_fast,0.0,4.404665,0.07010000000000001,4.474765,True,True,True,0,,,37631.0,stage1_n5__from__root__c05 > stage2_n4__from__n0005__c02 > stage3_n4__from__n0021__c02 > stage4_n2__from__n0069__c01 > stage5_n1__from__n0198__c01,[mms_issue]airplane_mode_on|bad_wifi_calling|break_app_sms_permission[PERSONA:None]
naive_mixed,baseline,12,1,2,7,trap_pre_switch,trap_favoring,False,neutral,repair_all,repair_all,FDDDD,FFFFF,"F/F,D/F,D/F,D/F,D/F","barrier_stage1_gate,general_stage2_roaming,barrier_stage3_gate,general_stage4_repair,target_stage5_verify","private_barrier,general_shared,private_barrier,general_shared,target_specialist",10100,1,5,1,0,4,0,1,0.2,deep,fast,agent_deep__task_fast,0.0,5.04236,0.0742,5.116560000000001,True,True,True,0,,,40973.0,stage1_n5__from__root__c05 > stage2_n4__from__n0005__c02 > stage3_n5__from__n0021__c03 > stage4_n2__from__n0070__c01 > stage5_n1__from__n0202__c01,[mms_issue]airplane_mode_on|bad_wifi_calling|break_app_storage_permission[PERSONA:Easy]
naive_mixed,baseline,13,1,3,25,trap_pre_switch,trap_favoring,False,neutral,repair_subset,repair_subset,FDFDD,FFFFF,"F/F,D/F,F/F,D/F,D/F","barrier_stage1_gate,general_stage2_roaming,trap_stage3_network,general_stage4_verify,target_stage5_verify","private_barrier,general_shared,trap_lane,general_shared,target_specialist",10000,2,5,2,0,3,0,2,0.4,deep,fast,agent_deep__task_fast,4.0,4.162025,0.0699,8.231925,False,False,False,1,,,35669.0,stage1_n5__from__root__c05 > stage2_n4__from__n0005__c02 > stage3_n4__from__n0021__c02 > stage4_n3__from__n0069__c02 > stage5_n1__from__n0199__c01,[mms_issue]airplane_mode_on|break_app_both_permissions|data_usage_exceeded[PERSONA:Hard]
naive_mixed,baseline,14,1,4,36,trap_pre_switch,trap_favoring,False,trap_safe_overcautious,repair_all,repair_all,DDDDD,FFFFF,"D/F,D/F,D/F,D/F,D/F","target_stage1_handoff,target_stage2_router,target_stage3_roaming,target_stage4_repair,target_stage5_verify","general_shared,target_specialist,target_specialist,target_specialist,target_specialist",00000,0,5,0,0,5,0,0,0.0,deep,fast,agent_deep__task_fast,1.5,5.65018,0.07750000000000001,7.227679999999999,False,False,True,0,,,45457.0,stage1_n3__from__root__c03 > stage2_n1__from__n0003__c01 > stage3_n2__from__n0012__c02 > stage4_n1__from__n0042__c01 > stage5_n1__from__n0121__c01,[mms_issue]airplane_mode_on|break_app_storage_permission[PERSONA:Easy]
naive_mixed,baseline,15,1,5,18,trap_pre_switch,trap_favoring,False,trap_safe_overcautious,repair_all,repair_all,FFDDD,FFFFF,"F/F,F/F,D/F,D/F,D/F","general_stage1_intake,general_stage2_core,target_stage3_roaming,target_stage4_repair,target_stage5_verify","general_shared,general_shared,target_specialist,target_specialist,target_specialist",00000,2,5,2,0,3,0,2,0.4,deep,fast,agent_deep__task_fast,1.5,3.67471,0.0742,5.24891,False,False,True,0,,,31372.0,stage1_n1__from__root__c01 > stage2_n2__from__n0001__c02 > stage3_n2__from__n0007__c01 > stage4_n1__from__n0025__c01 > stage5_n1__from__n0076__c01,[mms_issue]bad_network_preference[PERSONA:None]
naive_mixed,baseline,16,1,6,24,trap_pre_switch,trap_favoring,False,neutral,repair_all,repair_all,FFDDD,FFFFF,"F/F,F/F,D/F,D/F,D/F","general_stage1_intake,trap_stage2_router,general_stage3_network,general_stage4_repair,target_stage5_verify","general_shared,trap_lane,general_shared,general_shared,target_specialist",00000,2,5,2,0,3,0,2,0.4,deep,fast,agent_deep__task_fast,1.5,3.92044,0.0661,5.48654,False,False,True,0,,,33205.0,stage1_n1__from__root__c01 > stage2_n3__from__n0001__c03 > stage3_n3__from__n0008__c01 > stage4_n2__from__n0029__c01 > stage5_n1__from__n0087__c01,[mms_issue]bad_network_preference|break_app_storage_permission[PERSONA:None]
naive_mixed,baseline,17,1,7,23,trap_pre_switch,trap_favoring,False,trap_safe_overcautious,repair_all,repair_all,FFDDD,FFFFF,"F/F,F/F,D/F,D/F,D/F","general_stage1_intake,general_stage2_core,general_stage3_network,general_stage4_repair,target_stage5_verify","general_shared,general_shared,general_shared,general_shared,target_specialist",00000,2,5,2,0,3,0,2,0.4,deep,fast,agent_deep__task_fast,0.0,7.22924,0.06970000000000001,7.29894,True,True,True,0,,,62381.0,stage1_n1__from__root__c01 > stage2_n2__from__n0001__c02 > stage3_n3__from__n0007__c02 > stage4_n2__from__n0026__c01 > stage5_n1__from__n0077__c01,[mms_issue]bad_wifi_calling[PERSONA:Easy]
naive_mixed,baseline,18,1,8,61,trap_pre_switch,trap_favoring,False,trap_safe_overcautious,repair_all,repair_all,DFDDD,FFFFF,"D/F,F/F,D/F,D/F,D/F","target_stage1_handoff,general_stage2_core,general_stage3_network,general_stage4_repair,target_stage5_verify","general_shared,general_shared,general_shared,general_shared,target_specialist",00000,1,5,1,0,4,0,1,0.2,deep,fast,agent_deep__task_fast,0.0,4.846505,0.0702,4.916704999999999,True,True,True,0,,,40004.0,stage1_n3__from__root__c03 > stage2_n2__from__n0003__c02 > stage3_n3__from__n0013__c02 > stage4_n2__from__n0044__c01 > stage5_n1__from__n0123__c01,[mms_issue]bad_wifi_calling|break_app_storage_permission[PERSONA:Easy]
naive_mixed,baseline,19,1,9,0,trap_pre_switch,trap_favoring,False,neutral,repair_all,repair_all,DFFDD,FFFFF,"D/F,F/F,F/F,D/F,D/F","target_stage1_handoff,general_stage2_core,trap_stage3_network,general_stage4_repair,target_stage5_verify","general_shared,general_shared,trap_lane,general_shared,target_specialist",00000,2,5,2,0,3,0,2,0.4,deep,fast,agent_deep__task_fast,1.5,4.7856,0.06899999999999999,6.3546,False,False,True,0,,,41559.0,stage1_n3__from__root__c03 > stage2_n2__from__n0003__c02 > stage3_n4__from__n0013__c03 > stage4_n2__from__n0045__c01 > stage5_n1__from__n0125__c01,[mms_issue]break_app_both_permissions[PERSONA:Hard]
naive_mixed,baseline,20,2,0,19,trap_pre_switch,trap_favoring,False,neutral,repair_all,repair_all,DFDDD,FFFFF,"D/F,F/F,D/F,D/F,D/F","target_stage1_handoff,general_stage2_core,barrier_stage3_gate,general_stage4_repair,target_stage5_verify","general_shared,general_shared,private_barrier,general_shared,target_specialist",00100,1,5,1,0,4,0,1,0.2,deep,fast,agent_deep__task_fast,1.5,5.48549,0.0696,7.05509,False,False,True,0,,,45227.0,stage1_n3__from__root__c03 > stage2_n2__from__n0003__c02 > stage3_n5__from__n0013__c04 > stage4_n2__from__n0046__c01 > stage5_n1__from__n0129__c01,[mms_issue]airplane_mode_on|bad_network_preference|break_app_sms_permission[PERSONA:Hard]
naive_mixed,baseline,21,2,1,13,trap_pre_switch,trap_favoring,False,trap_safe_overcautious,repair_all,repair_all,DFDDD,FFFFF,"D/F,F/F,D/F,D/F,D/F","target_stage1_handoff,general_stage2_core,general_stage3_network,general_stage4_verify,target_stage5_verify","general_shared,general_shared,general_shared,general_shared,target_specialist",00000,1,5,1,0,4,0,1,0.2,deep,fast,agent_deep__task_fast,0.0,4.558535,0.06910000000000001,4.627635,True,True,True,0,,,37364.0,stage1_n3__from__root__c03 > stage2_n2__from__n0003__c02 > stage3_n3__from__n0013__c02 > stage4_n3__from__n0044__c02 > stage5_n1__from__n0124__c01,[mms_issue]airplane_mode_on|bad_wifi_calling|break_app_sms_permission[PERSONA:None]
naive_mixed,baseline,22,2,2,7,trap_pre_switch,trap_favoring,False,trap_safe_overcautious,repair_all,repair_all,DFDDD,FFFFF,"D/F,F/F,D/F,D/F,D/F","target_stage1_handoff,general_stage2_core,general_stage3_network,general_stage4_verify,target_stage5_decision","general_shared,general_shared,general_shared,general_shared,target_specialist",00000,1,5,1,0,4,0,1,0.2,deep,fast,agent_deep__task_fast,0.0,4.544675,0.0692,4.613875,True,True,True,0,,,37343.0,stage1_n3__from__root__c03 > stage2_n2__from__n0003__c02 > stage3_n3__from__n0013__c02 > stage4_n3__from__n0044__c02 > stage5_n2__from__n0124__c02,[mms_issue]airplane_mode_on|bad_wifi_calling|break_app_storage_permission[PERSONA:Easy]
naive_mixed,baseline,23,2,3,25,trap_pre_switch,trap_favoring,False,neutral,repair_subset,repair_subset,DFDDD,FFFFF,"D/F,F/F,D/F,D/F,D/F","target_stage1_handoff,general_stage2_core,general_stage3_network,general_stage4_verify,general_stage5_verify","general_shared,general_shared,general_shared,general_shared,general_shared",00000,1,5,1,0,4,0,1,0.2,deep,fast,agent_deep__task_fast,4.0,7.36867,0.06730000000000001,11.435970000000001,False,False,False,1,,,62005.0,stage1_n3__from__root__c03 > stage2_n2__from__n0003__c02 > stage3_n3__from__n0013__c02 > stage4_n3__from__n0044__c02 > stage5_n3__from__n0124__c03,[mms_issue]airplane_mode_on|break_app_both_permissions|data_usage_exceeded[PERSONA:Hard]
naive_mixed,baseline,24,2,4,36,trap_pre_switch,trap_favoring,False,neutral,repair_all,repair_all,FFFDD,FFFFF,"F/F,F/F,F/F,D/F,D/F","general_stage1_intake,trap_stage2_router,trap_stage3_network,general_stage4_repair,target_stage5_verify","general_shared,trap_lane,trap_lane,general_shared,target_specialist",00000,3,5,3,0,2,0,3,0.6,fast,fast,agent_fast__task_fast,1.5,4.34892,0.06480000000000001,5.91372,False,False,True,0,,,38646.0,stage1_n1__from__root__c01 > stage2_n3__from__n0001__c03 > stage3_n4__from__n0008__c02 > stage4_n2__from__n0030__c01 > stage5_n1__from__n0089__c01,[mms_issue]airplane_mode_on|break_app_storage_permission[PERSONA:Easy]
naive_mixed,baseline,25,2,5,35,target_post_switch,target_favoring,True,neutral,repair_subset,repair_subset,FFDDD,FDDDD,"F/F,F/D,D/D,D/D,D/D","general_stage1_intake,trap_stage2_router,barrier_stage3_gate,general_stage4_repair,target_stage5_verify","general_shared,trap_lane,private_barrier,general_shared,target_specialist",00100,2,1,1,1,0,3,4,0.8,deep,deep,agent_deep__task_deep,3.0,4.572245,0.071,7.643245,False,False,False,1,,,48209.0,stage1_n1__from__root__c01 > stage2_n3__from__n0001__c03 > stage3_n5__from__n0008__c03 > stage4_n2__from__n0031__c01 > stage5_n1__from__n0093__c01,[mms_issue]airplane_mode_on|bad_network_preference|bad_wifi_calling|break_apn_mms_setting|break_app_both_permissions|data_mode_off|data_usage_exceeded|unseat_sim_card|user_abroad_roaming_disabled_on[PERSONA:Hard]
naive_mixed,baseline,26,2,6,51,target_post_switch,target_favoring,True,target_safe_specialist_good,repair_subset,repair_subset,FDDDD,FDDDD,"F/F,D/D,D/D,D/D,D/D","general_stage1_intake,target_stage2_router,target_stage3_roaming,target_stage4_repair,target_stage5_verify","general_shared,target_specialist,target_specialist,target_specialist,target_specialist",00000,1,1,1,0,0,4,5,1.0,deep,deep,agent_deep__task_deep,2.0,5.087675,0.0752,7.162875,True,True,False,1,,,55052.0,stage1_n1__from__root__c01 > stage2_n1__from__n0001__c01 > stage3_n2__from__n0006__c02 > stage4_n1__from__n0024__c01 > stage5_n1__from__n0075__c01,[mms_issue]airplane_mode_on|bad_network_preference|bad_wifi_calling|break_apn_mms_setting|break_app_both_permissions|data_mode_off|data_usage_exceeded|unseat_sim_card|user_abroad_roaming_enabled_off[PERSONA:Hard]
naive_mixed,baseline,27,2,7,45,target_post_switch,target_favoring,True,target_safe_specialist_good,repair_all,repair_subset,FDDDD,FDDDD,"F/F,D/D,D/D,D/D,D/D","general_stage1_intake,target_stage2_router,target_stage3_roaming,target_stage4_repair,target_stage5_decision","general_shared,target_specialist,target_specialist,target_specialist,target_specialist",00000,1,1,1,0,0,4,5,1.0,deep,deep,agent_deep__task_deep,11.0,5.53996,0.0758,16.615759999999998,False,False,True,0,,,60436.0,stage1_n1__from__root__c01 > stage2_n1__from__n0001__c01 > stage3_n2__from__n0006__c02 > stage4_n1__from__n0024__c01 > stage5_n2__from__n0075__c02,[mms_issue]airplane_mode_on|bad_network_preference|bad_wifi_calling|break_apn_mms_setting|break_app_both_permissions|data_mode_off|unseat_sim_card|user_abroad_roaming_enabled_off[PERSONA:Hard]
naive_mixed,baseline,28,2,8,40,target_post_switch,target_favoring,True,neutral,repair_subset,transfer,FFFDD,FDDDD,"F/F,F/D,F/D,D/D,D/D","barrier_stage1_gate,trap_stage2_router,trap_stage3_network,general_stage4_repair,target_stage5_verify","private_barrier,trap_lane,trap_lane,general_shared,target_specialist",10000,3,1,1,2,0,2,3,0.6,fast,deep,agent_fast__task_deep,19.5,4.858645,0.0685,24.427145,False,False,False,1,,,46327.0,stage1_n5__from__root__c05 > stage2_n3__from__n0005__c01 > stage3_n4__from__n0020__c02 > stage4_n2__from__n0066__c01 > stage5_n1__from__n0188__c01,[mms_issue]airplane_mode_on|bad_network_preference|bad_wifi_calling|break_apn_mms_setting|break_app_sms_permission|data_mode_off|data_usage_exceeded|unseat_sim_card|user_abroad_roaming_disabled_on[PERSONA:None]
naive_mixed,baseline,29,2,9,46,target_post_switch,target_favoring,True,target_safe_specialist_good,repair_subset,transfer,DDDDD,FDDDD,"D/F,D/D,D/D,D/D,D/D","general_stage1_verify,target_stage2_router,target_stage3_roaming,target_stage4_repair,target_stage5_verify","general_shared,target_specialist,target_specialist,target_specialist,target_specialist",00000,0,1,0,0,1,4,4,0.8,deep,deep,agent_deep__task_deep,20.5,5.569785,0.0748,26.144585,False,False,False,1,,,57105.0,stage1_n2__from__root__c02 > stage2_n1__from__n0002__c01 > stage3_n2__from__n0009__c02 > stage4_n1__from__n0033__c01 > stage5_n1__from__n0098__c01,[mms_issue]airplane_mode_on|bad_network_preference|bad_wifi_calling|break_apn_mms_setting|break_app_sms_permission|data_mode_off|data_usage_exceeded|unseat_sim_card|user_abroad_roaming_enabled_off[PERSONA:None]
naive_mixed,baseline,30,3,0,16,target_post_switch,target_favoring,True,trap_like_bad,repair_subset,repair_subset,FFDDD,FDDDD,"F/F,F/D,D/D,D/D,D/D","trap_stage1_intake,general_stage2_core,target_stage3_roaming,target_stage4_repair,target_stage5_verify","trap_lane,general_shared,target_specialist,target_specialist,target_specialist",00000,2,1,1,1,0,3,4,0.8,deep,deep,agent_deep__task_deep,3.0,3.9428,0.07010000000000001,7.0129,False,False,False,1,,,40173.0,stage1_n4__from__root__c04 > stage2_n2__from__n0004__c02 > stage3_n2__from__n0016__c01 > stage4_n1__from__n0052__c01 > stage5_n1__from__n0145__c01,[mms_issue]airplane_mode_on|bad_network_preference|bad_wifi_calling|break_apn_mms_setting|break_app_sms_permission|data_mode_off|data_usage_exceeded|user_abroad_roaming_disabled_on[PERSONA:None]
naive_mixed,baseline,31,3,1,65,target_post_switch,target_favoring,True,trap_like_bad,repair_all,transfer,FFDDD,FDDDD,"F/F,F/D,D/D,D/D,D/D","trap_stage1_intake,trap_stage2_router,general_stage3_network,general_stage4_repair,target_stage5_verify","trap_lane,trap_lane,general_shared,general_shared,target_specialist",00000,2,1,1,1,0,3,4,0.8,deep,deep,agent_deep__task_deep,18.5,4.481785,0.0637,23.045485,False,False,True,0,,,46145.0,stage1_n4__from__root__c04 > stage2_n3__from__n0004__c03 > stage3_n3__from__n0017__c01 > stage4_n2__from__n0056__c01 > stage5_n1__from__n0156__c01,[mms_issue]airplane_mode_on|bad_network_preference|bad_wifi_calling|break_apn_mms_setting|break_app_sms_permission|data_mode_off|unseat_sim_card|user_abroad_roaming_enabled_off[PERSONA:None]
naive_mixed,baseline,32,3,2,11,target_post_switch,target_favoring,True,neutral,repair_subset,repair_subset,DFFDD,FDDDD,"D/F,F/D,F/D,D/D,D/D","target_stage1_handoff,trap_stage2_router,trap_stage3_network,general_stage4_repair,target_stage5_verify","general_shared,trap_lane,trap_lane,general_shared,target_specialist",00000,2,1,0,2,1,2,2,0.4,deep,deep,agent_deep__task_deep,3.0,5.493225,0.0656,8.558824999999999,False,False,False,1,,,51802.0,stage1_n3__from__root__c03 > stage2_n3__from__n0003__c03 > stage3_n4__from__n0014__c02 > stage4_n2__from__n0048__c01 > stage5_n1__from__n0135__c01,[mms_issue]airplane_mode_on|bad_network_preference|bad_wifi_calling|break_apn_mms_setting|break_app_storage_permission|data_mode_off|data_usage_exceeded|unseat_sim_card|user_abroad_roaming_disabled_on[PERSONA:Easy]
naive_mixed,baseline,33,3,3,17,target_post_switch,target_favoring,True,target_safe_specialist_good,repair_subset,repair_subset,DDDDD,FDDDD,"D/F,D/D,D/D,D/D,D/D","target_stage1_handoff,target_stage2_router,target_stage3_apn,target_stage4_repair,target_stage5_decision","general_shared,target_specialist,target_specialist,target_specialist,target_specialist",00000,0,1,0,0,1,4,4,0.8,deep,deep,agent_deep__task_deep,14.0,5.882535,0.07790000000000001,19.960435,False,False,False,1,,,61107.0,stage1_n3__from__root__c03 > stage2_n1__from__n0003__c01 > stage3_n1__from__n0012__c01 > stage4_n1__from__n0041__c01 > stage5_n2__from__n0120__c02,[mms_issue]airplane_mode_on|bad_network_preference|bad_wifi_calling|break_apn_mms_setting|break_app_storage_permission|data_mode_off|data_usage_exceeded|unseat_sim_card|user_abroad_roaming_enabled_off[PERSONA:Easy]
naive_mixed,baseline,34,3,4,67,target_post_switch,target_favoring,False,neutral,transfer,transfer,FFFDD,FDDDD,"F/F,F/D,F/D,D/D,D/D","general_stage1_intake,general_stage2_core,trap_stage3_network,general_stage4_repair,target_stage5_verify","general_shared,general_shared,trap_lane,general_shared,target_specialist",00000,3,1,1,2,0,2,3,0.6,fast,deep,agent_fast__task_deep,1.0,4.43083,0.06920000000000001,5.500030000000001,False,False,True,0,,,43534.0,stage1_n1__from__root__c01 > stage2_n2__from__n0001__c02 > stage3_n4__from__n0007__c03 > stage4_n2__from__n0027__c01 > stage5_n1__from__n0079__c01,[mms_issue]airplane_mode_on|break_apn_mms_setting|break_app_both_permissions|user_abroad_roaming_disabled_off[PERSONA:None]
naive_mixed,baseline,35,3,5,35,target_post_switch,target_favoring,True,neutral,repair_subset,repair_subset,FFDDD,FDDDD,"F/F,F/D,D/D,D/D,D/D","general_stage1_intake,general_stage2_core,barrier_stage3_gate,general_stage4_repair,target_stage5_verify","general_shared,general_shared,private_barrier,general_shared,target_specialist",00100,2,1,1,1,0,3,4,0.8,deep,deep,agent_deep__task_deep,3.0,4.639735,0.0716,7.711335,False,False,False,1,,,48385.0,stage1_n1__from__root__c01 > stage2_n2__from__n0001__c02 > stage3_n5__from__n0007__c04 > stage4_n2__from__n0028__c01 > stage5_n1__from__n0083__c01,[mms_issue]airplane_mode_on|bad_network_preference|bad_wifi_calling|break_apn_mms_setting|break_app_both_permissions|data_mode_off|data_usage_exceeded|unseat_sim_card|user_abroad_roaming_disabled_on[PERSONA:Hard]
naive_mixed,baseline,36,3,6,51,target_post_switch,target_favoring,True,neutral,repair_subset,repair_subset,FFDDD,FDDDD,"F/F,F/D,D/D,D/D,D/D","general_stage1_intake,trap_stage2_router,general_stage3_network,general_stage4_verify,target_stage5_verify","general_shared,trap_lane,general_shared,general_shared,target_specialist",00000,2,1,1,1,0,3,4,0.8,deep,deep,agent_deep__task_deep,13.0,5.297975,0.06830000000000001,18.366275,False,False,False,1,,,55763.0,stage1_n1__from__root__c01 > stage2_n3__from__n0001__c03 > stage3_n3__from__n0008__c01 > stage4_n3__from__n0029__c02 > stage5_n1__from__n0088__c01,[mms_issue]airplane_mode_on|bad_network_preference|bad_wifi_calling|break_apn_mms_setting|break_app_both_permissions|data_mode_off|data_usage_exceeded|unseat_sim_card|user_abroad_roaming_enabled_off[PERSONA:Hard]
naive_mixed,baseline,37,3,7,45,target_post_switch,target_favoring,True,target_safe_specialist_good,repair_all,repair_subset,FFDDD,FDDDD,"F/F,F/D,D/D,D/D,D/D","general_stage1_intake,general_stage2_core,target_stage3_roaming,target_stage4_repair,target_stage5_decision","general_shared,general_shared,target_specialist,target_specialist,target_specialist",00000,2,1,1,1,0,3,4,0.8,deep,deep,agent_deep__task_deep,11.0,5.273165,0.0736,16.346765,False,False,True,0,,,55633.0,stage1_n1__from__root__c01 > stage2_n2__from__n0001__c02 > stage3_n2__from__n0007__c01 > stage4_n1__from__n0025__c01 > stage5_n2__from__n0076__c02,[mms_issue]airplane_mode_on|bad_network_preference|bad_wifi_calling|break_apn_mms_setting|break_app_both_permissions|data_mode_off|unseat_sim_card|user_abroad_roaming_enabled_off[PERSONA:Hard]
naive_mixed,baseline,38,3,8,40,target_post_switch,target_favoring,True,neutral,repair_subset,repair_subset,FFFDD,FDDDD,"F/F,F/D,F/D,D/D,D/D","general_stage1_intake,general_stage2_core,trap_stage3_network,general_stage4_verify,target_stage5_verify","general_shared,general_shared,trap_lane,general_shared,target_specialist",00000,3,1,1,2,0,2,3,0.6,fast,deep,agent_fast__task_deep,3.0,4.89647,0.067,7.96347,False,False,False,1,,,47621.0,stage1_n1__from__root__c01 > stage2_n2__from__n0001__c02 > stage3_n4__from__n0007__c03 > stage4_n3__from__n0027__c02 > stage5_n1__from__n0080__c01,[mms_issue]airplane_mode_on|bad_network_preference|bad_wifi_calling|break_apn_mms_setting|break_app_sms_permission|data_mode_off|data_usage_exceeded|unseat_sim_card|user_abroad_roaming_disabled_on[PERSONA:None]
naive_mixed,baseline,39,3,9,46,target_post_switch,target_favoring,True,target_safe_majority_bad,repair_subset,repair_subset,FFDDD,FDDDD,"F/F,F/D,D/D,D/D,D/D","general_stage1_intake,general_stage2_core,general_stage3_network,general_stage4_verify,target_stage5_verify","general_shared,general_shared,general_shared,general_shared,target_specialist",00000,2,1,1,1,0,3,4,0.8,deep,deep,agent_deep__task_deep,15.0,4.837075,0.0682,19.905275,False,False,False,1,,,50076.0,stage1_n1__from__root__c01 > stage2_n2__from__n0001__c02 > stage3_n3__from__n0007__c02 > stage4_n3__from__n0026__c02 > stage5_n1__from__n0078__c01,[mms_issue]airplane_mode_on|bad_network_preference|bad_wifi_calling|break_apn_mms_setting|break_app_sms_permission|data_mode_off|data_usage_exceeded|unseat_sim_card|user_abroad_roaming_enabled_off[PERSONA:None]
naive_mixed,baseline,40,4,0,16,target_post_switch,target_favoring,True,target_safe_specialist_good,repair_subset,repair_subset,FDDDD,FDDDD,"F/F,D/D,D/D,D/D,D/D","general_stage1_intake,target_stage2_router,target_stage3_apn,target_stage4_repair,target_stage5_decision","general_shared,target_specialist,target_specialist,target_specialist,target_specialist",00000,1,1,1,0,0,4,5,1.0,deep,deep,agent_deep__task_deep,2.0,4.325055,0.07900000000000001,6.404055,True,True,False,1,,,46374.0,stage1_n1__from__root__c01 > stage2_n1__from__n0001__c01 > stage3_n1__from__n0006__c01 > stage4_n1__from__n0023__c01 > stage5_n2__from__n0074__c02,[mms_issue]airplane_mode_on|bad_network_preference|bad_wifi_calling|break_apn_mms_setting|break_app_sms_permission|data_mode_off|data_usage_exceeded|user_abroad_roaming_disabled_on[PERSONA:None]
naive_mixed,baseline,41,4,1,65,target_post_switch,target_favoring,True,target_safe_specialist_good,repair_all,transfer,FDDDD,FDDDD,"F/F,D/D,D/D,D/D,D/D","general_stage1_intake,target_stage2_router,target_stage3_apn,target_stage4_repair,target_stage5_decision","general_shared,target_specialist,target_specialist,target_specialist,target_specialist",00000,1,1,1,0,0,4,5,1.0,deep,deep,agent_deep__task_deep,18.5,5.363585,0.07900000000000001,23.942585,False,False,True,0,,,59381.0,stage1_n1__from__root__c01 > stage2_n1__from__n0001__c01 > stage3_n1__from__n0006__c01 > stage4_n1__from__n0023__c01 > stage5_n2__from__n0074__c02,[mms_issue]airplane_mode_on|bad_network_preference|bad_wifi_calling|break_apn_mms_setting|break_app_sms_permission|data_mode_off|unseat_sim_card|user_abroad_roaming_enabled_off[PERSONA:None]
naive_mixed,baseline,42,4,2,11,target_post_switch,target_favoring,True,neutral,repair_subset,transfer,DFDDD,FDDDD,"D/F,F/D,D/D,D/D,D/D","target_stage1_handoff,trap_stage2_router,barrier_stage3_gate,general_stage4_repair,target_stage5_verify","general_shared,trap_lane,private_barrier,general_shared,target_specialist",00100,1,1,0,1,1,3,3,0.6,deep,deep,agent_deep__task_deep,19.5,5.151615,0.07020000000000001,24.721815,False,False,False,1,,,50653.0,stage1_n3__from__root__c03 > stage2_n3__from__n0003__c03 > stage3_n5__from__n0014__c03 > stage4_n2__from__n0049__c01 > stage5_n1__from__n0139__c01,[mms_issue]airplane_mode_on|bad_network_preference|bad_wifi_calling|break_apn_mms_setting|break_app_storage_permission|data_mode_off|data_usage_exceeded|unseat_sim_card|user_abroad_roaming_disabled_on[PERSONA:Easy]
naive_mixed,baseline,43,4,3,17,target_post_switch,target_favoring,True,trap_like_bad,repair_subset,transfer,FDDDD,FDDDD,"F/F,D/D,D/D,D/D,D/D","trap_stage1_intake,general_stage2_roaming,general_stage3_network,general_stage4_repair,target_stage5_verify","trap_lane,general_shared,general_shared,general_shared,target_specialist",00000,1,1,1,0,0,4,5,1.0,deep,deep,agent_deep__task_deep,21.5,4.603345,0.06470000000000001,26.168045,False,False,False,1,,,48811.0,stage1_n4__from__root__c04 > stage2_n4__from__n0004__c04 > stage3_n3__from__n0018__c01 > stage4_n2__from__n0059__c01 > stage5_n1__from__n0166__c01,[mms_issue]airplane_mode_on|bad_network_preference|bad_wifi_calling|break_apn_mms_setting|break_app_storage_permission|data_mode_off|data_usage_exceeded|unseat_sim_card|user_abroad_roaming_enabled_off[PERSONA:Easy]
naive_mixed,baseline,44,4,4,67,target_post_switch,target_favoring,False,neutral,transfer,transfer,FFFDD,FDDDD,"F/F,F/D,F/D,D/D,D/D","general_stage1_intake,trap_stage2_router,trap_stage3_network,general_stage4_verify,target_stage5_verify","general_shared,trap_lane,trap_lane,general_shared,target_specialist",00000,3,1,1,2,0,2,3,0.6,fast,deep,agent_fast__task_deep,1.0,5.02889,0.0661,6.094989999999999,False,False,True,0,,,50636.0,stage1_n1__from__root__c01 > stage2_n3__from__n0001__c03 > stage3_n4__from__n0008__c02 > stage4_n3__from__n0030__c02 > stage5_n1__from__n0090__c01,[mms_issue]airplane_mode_on|break_apn_mms_setting|break_app_both_permissions|user_abroad_roaming_disabled_off[PERSONA:None]
naive_mixed,baseline,45,4,5,35,target_post_switch,target_favoring,True,neutral,repair_subset,repair_subset,FFFFD,FDDDD,"F/F,F/D,F/D,F/D,D/D","general_stage1_intake,trap_stage2_router,trap_stage3_network,trap_stage4_execute,target_stage5_verify","general_shared,trap_lane,trap_lane,trap_lane,target_specialist",00000,4,1,1,3,0,1,2,0.4,fast,deep,agent_fast__task_deep,11.5,5.23152,0.0641,16.79562,False,False,False,1,,,41126.0,stage1_n1__from__root__c01 > stage2_n3__from__n0001__c03 > stage3_n4__from__n0008__c02 > stage4_n4__from__n0030__c03 > stage5_n1__from__n0091__c01,[mms_issue]airplane_mode_on|bad_network_preference|bad_wifi_calling|break_apn_mms_setting|break_app_both_permissions|data_mode_off|data_usage_exceeded|unseat_sim_card|user_abroad_roaming_disabled_on[PERSONA:Hard]
naive_mixed,baseline,46,4,6,51,target_post_switch,target_favoring,True,neutral,repair_subset,repair_subset,FFDDD,FDDDD,"F/F,F/D,D/D,D/D,D/D","general_stage1_intake,trap_stage2_router,barrier_stage3_gate,general_stage4_verify,target_stage5_verify","general_shared,trap_lane,private_barrier,general_shared,target_specialist",00100,2,1,1,1,0,3,4,0.8,deep,deep,agent_deep__task_deep,13.0,5.293895,0.0699,18.363795,False,False,False,1,,,55751.0,stage1_n1__from__root__c01 > stage2_n3__from__n0001__c03 > stage3_n5__from__n0008__c03 > stage4_n3__from__n0031__c02 > stage5_n1__from__n0094__c01,[mms_issue]airplane_mode_on|bad_network_preference|bad_wifi_calling|break_apn_mms_setting|break_app_both_permissions|data_mode_off|data_usage_exceeded|unseat_sim_card|user_abroad_roaming_enabled_off[PERSONA:Hard]
naive_mixed,baseline,47,4,7,45,target_post_switch,target_favoring,True,target_decoy_medium,repair_all,repair_subset,FFFDD,FDDDD,"F/F,F/D,F/D,D/D,D/D","general_stage1_intake,trap_stage2_router,trap_stage3_network,barrier_stage4_gate,target_stage5_decision","general_shared,trap_lane,trap_lane,private_barrier,target_specialist",00010,3,1,1,2,0,2,3,0.6,fast,deep,agent_fast__task_deep,11.0,5.615805,0.06760000000000001,16.683405,False,False,True,0,,,55621.0,stage1_n1__from__root__c01 > stage2_n3__from__n0001__c03 > stage3_n4__from__n0008__c02 > stage4_n5__from__n0030__c04 > stage5_n2__from__n0092__c01,[mms_issue]airplane_mode_on|bad_network_preference|bad_wifi_calling|break_apn_mms_setting|break_app_both_permissions|data_mode_off|unseat_sim_card|user_abroad_roaming_enabled_off[PERSONA:Hard]
naive_mixed,baseline,48,4,8,40,target_post_switch,target_favoring,True,neutral,repair_subset,repair_subset,FFFDD,FDDDD,"F/F,F/D,F/D,D/D,D/D","general_stage1_intake,trap_stage2_router,trap_stage3_network,general_stage4_repair,target_stage5_decision","general_shared,trap_lane,trap_lane,general_shared,target_specialist",00000,3,1,1,2,0,2,3,0.6,fast,deep,agent_fast__task_deep,13.0,4.90344,0.0661,17.969540000000002,False,False,False,1,,,47685.0,stage1_n1__from__root__c01 > stage2_n3__from__n0001__c03 > stage3_n4__from__n0008__c02 > stage4_n2__from__n0030__c01 > stage5_n2__from__n0089__c02,[mms_issue]airplane_mode_on|bad_network_preference|bad_wifi_calling|break_apn_mms_setting|break_app_sms_permission|data_mode_off|data_usage_exceeded|unseat_sim_card|user_abroad_roaming_disabled_on[PERSONA:None]
naive_mixed,baseline,49,4,9,46,target_post_switch,target_favoring,True,neutral,repair_subset,repair_subset,FFFDD,FDDDD,"F/F,F/D,F/D,D/D,D/D","general_stage1_intake,trap_stage2_router,trap_stage3_network,general_stage4_verify,target_stage5_decision","general_shared,trap_lane,trap_lane,general_shared,target_specialist",00000,3,1,1,2,0,2,3,0.6,fast,deep,agent_fast__task_deep,13.0,5.43707,0.0665,18.50357,False,False,False,1,,,54650.0,stage1_n1__from__root__c01 > stage2_n3__from__n0001__c03 > stage3_n4__from__n0008__c02 > stage4_n3__from__n0030__c02 > stage5_n2__from__n0090__c02,[mms_issue]airplane_mode_on|bad_network_preference|bad_wifi_calling|break_apn_mms_setting|break_app_sms_permission|data_mode_off|data_usage_exceeded|unseat_sim_card|user_abroad_roaming_enabled_off[PERSONA:None]
naive_mixed,baseline,50,5,0,16,target_post_switch,target_favoring,True,neutral,repair_subset,repair_subset,FFDFD,FDDDD,"F/F,F/D,D/D,F/D,D/D","general_stage1_intake,trap_stage2_router,barrier_stage3_gate,trap_stage4_execute,target_stage5_verify","general_shared,trap_lane,private_barrier,trap_lane,target_specialist",00100,3,1,1,2,0,2,3,0.6,fast,deep,agent_fast__task_deep,5.0,4.549385,0.06930000000000001,9.618685,False,False,False,1,,,39175.0,stage1_n1__from__root__c01 > stage2_n3__from__n0001__c03 > stage3_n5__from__n0008__c03 > stage4_n4__from__n0031__c03 > stage5_n1__from__n0095__c01,[mms_issue]airplane_mode_on|bad_network_preference|bad_wifi_calling|break_apn_mms_setting|break_app_sms_permission|data_mode_off|data_usage_exceeded|user_abroad_roaming_disabled_on[PERSONA:None]
naive_mixed,baseline,51,5,1,65,target_post_switch,target_favoring,True,target_decoy_medium,repair_all,repair_subset,FFDDD,FDDDD,"F/F,F/D,D/D,D/D,D/D","general_stage1_intake,trap_stage2_router,barrier_stage3_gate,barrier_stage4_gate,target_stage5_decision","general_shared,trap_lane,private_barrier,private_barrier,target_specialist",00110,2,1,1,1,0,3,4,0.8,deep,deep,agent_deep__task_deep,11.0,5.12209,0.0732,16.19529,False,False,True,0,,,54674.0,stage1_n1__from__root__c01 > stage2_n3__from__n0001__c03 > stage3_n5__from__n0008__c03 > stage4_n5__from__n0031__c04 > stage5_n2__from__n0096__c01,[mms_issue]airplane_mode_on|bad_network_preference|bad_wifi_calling|break_apn_mms_setting|break_app_sms_permission|data_mode_off|unseat_sim_card|user_abroad_roaming_enabled_off[PERSONA:None]
naive_mixed,baseline,52,5,2,11,target_post_switch,target_favoring,True,neutral,repair_subset,transfer,FFDDD,FDDDD,"F/F,F/D,D/D,D/D,D/D","general_stage1_intake,trap_stage2_router,barrier_stage3_gate,general_stage4_repair,target_stage5_decision","general_shared,trap_lane,private_barrier,general_shared,target_specialist",00100,2,1,1,1,0,3,4,0.8,deep,deep,agent_deep__task_deep,19.5,4.382595,0.0718,23.954394999999998,False,False,False,1,,,45973.0,stage1_n1__from__root__c01 > stage2_n3__from__n0001__c03 > stage3_n5__from__n0008__c03 > stage4_n2__from__n0031__c01 > stage5_n2__from__n0093__c02,[mms_issue]airplane_mode_on|bad_network_preference|bad_wifi_calling|break_apn_mms_setting|break_app_storage_permission|data_mode_off|data_usage_exceeded|unseat_sim_card|user_abroad_roaming_disabled_on[PERSONA:Easy]
naive_mixed,baseline,53,5,3,17,target_post_switch,target_favoring,True,neutral,repair_subset,repair_subset,FFDDD,FDDDD,"F/F,F/D,D/D,D/D,D/D","general_stage1_intake,general_stage2_core,barrier_stage3_gate,general_stage4_verify,target_stage5_verify","general_shared,general_shared,private_barrier,general_shared,target_specialist",00100,2,1,1,1,0,3,4,0.8,deep,deep,agent_deep__task_deep,13.0,5.331535,0.0738,18.405335,False,False,False,1,,,56111.0,stage1_n1__from__root__c01 > stage2_n2__from__n0001__c02 > stage3_n5__from__n0007__c04 > stage4_n3__from__n0028__c02 > stage5_n1__from__n0084__c01,[mms_issue]airplane_mode_on|bad_network_preference|bad_wifi_calling|break_apn_mms_setting|break_app_storage_permission|data_mode_off|data_usage_exceeded|unseat_sim_card|user_abroad_roaming_enabled_off[PERSONA:Easy]
naive_mixed,baseline,54,5,4,67,target_post_switch,target_favoring,False,neutral,transfer,transfer,FFFFD,FDDDD,"F/F,F/D,F/D,F/D,D/D","general_stage1_intake,general_stage2_core,trap_stage3_network,trap_stage4_execute,target_stage5_verify","general_shared,general_shared,trap_lane,trap_lane,target_specialist",00000,4,1,1,3,0,1,2,0.4,fast,deep,agent_fast__task_deep,3.0,5.09986,0.06380000000000001,8.16366,False,False,False,1,,,43245.0,stage1_n1__from__root__c01 > stage2_n2__from__n0001__c02 > stage3_n4__from__n0007__c03 > stage4_n4__from__n0027__c03 > stage5_n1__from__n0081__c01,[mms_issue]airplane_mode_on|break_apn_mms_setting|break_app_both_permissions|user_abroad_roaming_disabled_off[PERSONA:None]
naive_mixed,baseline,55,5,5,35,target_post_switch,target_favoring,True,target_decoy_medium,repair_subset,repair_subset,FFFDD,FDDDD,"F/F,F/D,F/D,D/D,D/D","general_stage1_intake,general_stage2_core,trap_stage3_network,barrier_stage4_gate,target_stage5_decision","general_shared,general_shared,trap_lane,private_barrier,target_specialist",00010,3,1,1,2,0,2,3,0.6,fast,deep,agent_fast__task_deep,3.0,4.486475,0.0731,7.559575000000001,False,False,False,1,,,42239.0,stage1_n1__from__root__c01 > stage2_n2__from__n0001__c02 > stage3_n4__from__n0007__c03 > stage4_n5__from__n0027__c04 > stage5_n2__from__n0082__c01,[mms_issue]airplane_mode_on|bad_network_preference|bad_wifi_calling|break_apn_mms_setting|break_app_both_permissions|data_mode_off|data_usage_exceeded|unseat_sim_card|user_abroad_roaming_disabled_on[PERSONA:Hard]
naive_mixed,baseline,56,5,6,51,target_post_switch,target_favoring,True,neutral,repair_subset,repair_subset,FFFDD,FDDDD,"F/F,F/D,F/D,D/D,D/D","general_stage1_intake,general_stage2_core,trap_stage3_network,general_stage4_repair,target_stage5_decision","general_shared,general_shared,trap_lane,general_shared,target_specialist",00000,3,1,1,2,0,2,3,0.6,fast,deep,agent_fast__task_deep,15.0,4.477295,0.06780000000000001,19.545095,False,False,False,1,,,42221.0,stage1_n1__from__root__c01 > stage2_n2__from__n0001__c02 > stage3_n4__from__n0007__c03 > stage4_n2__from__n0027__c01 > stage5_n2__from__n0079__c02,[mms_issue]airplane_mode_on|bad_network_preference|bad_wifi_calling|break_apn_mms_setting|break_app_both_permissions|data_mode_off|data_usage_exceeded|unseat_sim_card|user_abroad_roaming_enabled_off[PERSONA:Hard]
naive_mixed,baseline,57,5,7,45,target_post_switch,target_favoring,True,target_safe_specialist_good,repair_all,repair_subset,FFDDD,FDDDD,"F/F,F/D,D/D,D/D,D/D","general_stage1_intake,general_stage2_core,target_stage3_roaming,target_stage4_repair,target_stage5_verify","general_shared,general_shared,target_specialist,target_specialist,target_specialist",00000,2,1,1,1,0,3,4,0.8,deep,deep,agent_deep__task_deep,11.0,5.188505,0.0742,16.262705,False,False,True,0,,,55402.0,stage1_n1__from__root__c01 > stage2_n2__from__n0001__c02 > stage3_n2__from__n0007__c01 > stage4_n1__from__n0025__c01 > stage5_n1__from__n0076__c01,[mms_issue]airplane_mode_on|bad_network_preference|bad_wifi_calling|break_apn_mms_setting|break_app_both_permissions|data_mode_off|unseat_sim_card|user_abroad_roaming_enabled_off[PERSONA:Hard]
naive_mixed,baseline,58,5,8,40,target_post_switch,target_favoring,True,target_safe_specialist_good,repair_subset,transfer,FFDDD,FDDDD,"F/F,F/D,D/D,D/D,D/D","general_stage1_intake,general_stage2_core,target_stage3_roaming,target_stage4_repair,target_stage5_verify","general_shared,general_shared,target_specialist,target_specialist,target_specialist",00000,2,1,1,1,0,3,4,0.8,deep,deep,agent_deep__task_deep,19.5,4.547565,0.0742,24.121765,False,False,False,1,,,46433.0,stage1_n1__from__root__c01 > stage2_n2__from__n0001__c02 > stage3_n2__from__n0007__c01 > stage4_n1__from__n0025__c01 > stage5_n1__from__n0076__c01,[mms_issue]airplane_mode_on|bad_network_preference|bad_wifi_calling|break_apn_mms_setting|break_app_sms_permission|data_mode_off|data_usage_exceeded|unseat_sim_card|user_abroad_roaming_disabled_on[PERSONA:None]
naive_mixed,baseline,59,5,9,46,target_post_switch,target_favoring,True,target_safe_specialist_good,repair_subset,repair_subset,FDDDD,FDDDD,"F/F,D/D,D/D,D/D,D/D","general_stage1_intake,target_stage2_router,target_stage3_roaming,target_stage4_repair,target_stage5_verify","general_shared,target_specialist,target_specialist,target_specialist,target_specialist",00000,1,1,1,0,0,4,5,1.0,deep,deep,agent_deep__task_deep,2.0,4.53084,0.0752,6.60604,True,True,False,1,,,48132.0,stage1_n1__from__root__c01 > stage2_n1__from__n0001__c01 > stage3_n2__from__n0006__c02 > stage4_n1__from__n0024__c01 > stage5_n1__from__n0075__c01,[mms_issue]airplane_mode_on|bad_network_preference|bad_wifi_calling|break_apn_mms_setting|break_app_sms_permission|data_mode_off|data_usage_exceeded|unseat_sim_card|user_abroad_roaming_enabled_off[PERSONA:None]
naive_mixed,baseline,60,6,0,16,target_post_switch,target_favoring,True,target_safe_specialist_good,repair_subset,transfer,FDDDD,FDDDD,"F/F,D/D,D/D,D/D,D/D","general_stage1_intake,target_stage2_router,target_stage3_roaming,target_stage4_repair,target_stage5_verify","general_shared,target_specialist,target_specialist,target_specialist,target_specialist",00000,1,1,1,0,0,4,5,1.0,deep,deep,agent_deep__task_deep,16.5,4.7855,0.0752,21.360699999999998,False,False,False,1,,,51203.0,stage1_n1__from__root__c01 > stage2_n1__from__n0001__c01 > stage3_n2__from__n0006__c02 > stage4_n1__from__n0024__c01 > stage5_n1__from__n0075__c01,[mms_issue]airplane_mode_on|bad_network_preference|bad_wifi_calling|break_apn_mms_setting|break_app_sms_permission|data_mode_off|data_usage_exceeded|user_abroad_roaming_disabled_on[PERSONA:None]
naive_mixed,baseline,61,6,1,65,target_post_switch,target_favoring,True,target_safe_specialist_good,repair_all,repair_all,FDDDD,FDDDD,"F/F,D/D,D/D,D/D,D/D","general_stage1_intake,target_stage2_router,target_stage3_roaming,target_stage4_repair,target_stage5_decision","general_shared,target_specialist,target_specialist,target_specialist,target_specialist",00000,1,1,1,0,0,4,5,1.0,deep,deep,agent_deep__task_deep,0.0,5.61187,0.0758,5.68767,True,True,True,0,,,60853.0,stage1_n1__from__root__c01 > stage2_n1__from__n0001__c01 > stage3_n2__from__n0006__c02 > stage4_n1__from__n0024__c01 > stage5_n2__from__n0075__c02,[mms_issue]airplane_mode_on|bad_network_preference|bad_wifi_calling|break_apn_mms_setting|break_app_sms_permission|data_mode_off|unseat_sim_card|user_abroad_roaming_enabled_off[PERSONA:None]
naive_mixed,baseline,62,6,2,11,target_post_switch,target_favoring,True,target_safe_specialist_good,repair_subset,transfer,FDDDD,FDDDD,"F/F,D/D,D/D,D/D,D/D","general_stage1_intake,target_stage2_router,target_stage3_roaming,target_stage4_repair,target_stage5_decision","general_shared,target_specialist,target_specialist,target_specialist,target_specialist",00000,1,1,1,0,0,4,5,1.0,deep,deep,agent_deep__task_deep,18.5,4.95244,0.0758,23.52824,False,False,False,1,,,52972.0,stage1_n1__from__root__c01 > stage2_n1__from__n0001__c01 > stage3_n2__from__n0006__c02 > stage4_n1__from__n0024__c01 > stage5_n2__from__n0075__c02,[mms_issue]airplane_mode_on|bad_network_preference|bad_wifi_calling|break_apn_mms_setting|break_app_storage_permission|data_mode_off|data_usage_exceeded|unseat_sim_card|user_abroad_roaming_disabled_on[PERSONA:Easy]
naive_mixed,baseline,63,6,3,17,target_post_switch,target_favoring,True,target_safe_specialist_good,repair_subset,repair_subset,FDDDD,FDDDD,"F/F,D/D,D/D,D/D,D/D","general_stage1_intake,target_stage2_router,target_stage3_roaming,target_stage4_repair,target_stage5_verify","general_shared,target_specialist,target_specialist,target_specialist,target_specialist",00000,1,1,1,0,0,4,5,1.0,deep,deep,agent_deep__task_deep,14.0,5.257675,0.0752,19.332875,False,False,False,1,,,56851.0,stage1_n1__from__root__c01 > stage2_n1__from__n0001__c01 > stage3_n2__from__n0006__c02 > stage4_n1__from__n0024__c01 > stage5_n1__from__n0075__c01,[mms_issue]airplane_mode_on|bad_network_preference|bad_wifi_calling|break_apn_mms_setting|break_app_storage_permission|data_mode_off|data_usage_exceeded|unseat_sim_card|user_abroad_roaming_enabled_off[PERSONA:Easy]
naive_mixed,baseline,64,6,4,67,target_post_switch,target_favoring,False,target_safe_majority_bad,transfer,transfer,FDDDD,FDDDD,"F/F,D/D,D/D,D/D,D/D","general_stage1_intake,target_stage2_router,target_stage3_roaming,target_stage4_repair,target_stage5_verify","general_shared,target_specialist,target_specialist,target_specialist,target_specialist",00000,1,1,1,0,0,4,5,1.0,deep,deep,agent_deep__task_deep,1.0,4.365685,0.0752,5.440885,False,False,True,0,,,46864.0,stage1_n1__from__root__c01 > stage2_n1__from__n0001__c01 > stage3_n2__from__n0006__c02 > stage4_n1__from__n0024__c01 > stage5_n1__from__n0075__c01,[mms_issue]airplane_mode_on|break_apn_mms_setting|break_app_both_permissions|user_abroad_roaming_disabled_off[PERSONA:None]
naive_mixed,baseline,65,6,5,35,target_post_switch,target_favoring,True,target_safe_specialist_good,repair_subset,repair_subset,FDDDD,FDDDD,"F/F,D/D,D/D,D/D,D/D","general_stage1_intake,target_stage2_router,target_stage3_roaming,target_stage4_repair,target_stage5_verify","general_shared,target_specialist,target_specialist,target_specialist,target_specialist",00000,1,1,1,0,0,4,5,1.0,deep,deep,agent_deep__task_deep,2.0,5.091245,0.0752,7.1664449999999995,True,True,False,1,,,55037.0,stage1_n1__from__root__c01 > stage2_n1__from__n0001__c01 > stage3_n2__from__n0006__c02 > stage4_n1__from__n0024__c01 > stage5_n1__from__n0075__c01,[mms_issue]airplane_mode_on|bad_network_preference|bad_wifi_calling|break_apn_mms_setting|break_app_both_permissions|data_mode_off|data_usage_exceeded|unseat_sim_card|user_abroad_roaming_disabled_on[PERSONA:Hard]
naive_mixed,baseline,66,6,6,51,target_post_switch,target_favoring,True,target_safe_specialist_good,repair_subset,repair_subset,FDDDD,FDDDD,"F/F,D/D,D/D,D/D,D/D","general_stage1_intake,target_stage2_router,target_stage3_roaming,target_stage4_repair,target_stage5_verify","general_shared,target_specialist,target_specialist,target_specialist,target_specialist",00000,1,1,1,0,0,4,5,1.0,deep,deep,agent_deep__task_deep,13.0,5.336725,0.0752,18.411925,False,False,False,1,,,58123.0,stage1_n1__from__root__c01 > stage2_n1__from__n0001__c01 > stage3_n2__from__n0006__c02 > stage4_n1__from__n0024__c01 > stage5_n1__from__n0075__c01,[mms_issue]airplane_mode_on|bad_network_preference|bad_wifi_calling|break_apn_mms_setting|break_app_both_permissions|data_mode_off|data_usage_exceeded|unseat_sim_card|user_abroad_roaming_enabled_off[PERSONA:Hard]
naive_mixed,baseline,67,6,7,45,target_post_switch,target_favoring,True,target_safe_specialist_good,repair_all,repair_subset,FDDDD,FDDDD,"F/F,D/D,D/D,D/D,D/D","general_stage1_intake,target_stage2_router,target_stage3_roaming,target_stage4_repair,target_stage5_verify","general_shared,target_specialist,target_specialist,target_specialist,target_specialist",00000,1,1,1,0,0,4,5,1.0,deep,deep,agent_deep__task_deep,11.0,5.553475,0.0752,16.628675,False,False,True,0,,,60511.0,stage1_n1__from__root__c01 > stage2_n1__from__n0001__c01 > stage3_n2__from__n0006__c02 > stage4_n1__from__n0024__c01 > stage5_n1__from__n0075__c01,[mms_issue]airplane_mode_on|bad_network_preference|bad_wifi_calling|break_apn_mms_setting|break_app_both_permissions|data_mode_off|unseat_sim_card|user_abroad_roaming_enabled_off[PERSONA:Hard]
naive_mixed,baseline,68,6,8,40,target_post_switch,target_favoring,True,target_safe_specialist_good,repair_subset,transfer,FDDDD,FDDDD,"F/F,D/D,D/D,D/D,D/D","general_stage1_intake,target_stage2_router,target_stage3_roaming,target_stage4_repair,target_stage5_verify","general_shared,target_specialist,target_specialist,target_specialist,target_specialist",00000,1,1,1,0,0,4,5,1.0,deep,deep,agent_deep__task_deep,18.5,4.974795,0.0752,23.549995,False,False,False,1,,,53010.0,stage1_n1__from__root__c01 > stage2_n1__from__n0001__c01 > stage3_n2__from__n0006__c02 > stage4_n1__from__n0024__c01 > stage5_n1__from__n0075__c01,[mms_issue]airplane_mode_on|bad_network_preference|bad_wifi_calling|break_apn_mms_setting|break_app_sms_permission|data_mode_off|data_usage_exceeded|unseat_sim_card|user_abroad_roaming_disabled_on[PERSONA:None]
naive_mixed,baseline,69,6,9,46,target_post_switch,target_favoring,True,target_safe_specialist_good,repair_subset,transfer,FDDDD,FDDDD,"F/F,D/D,D/D,D/D,D/D","general_stage1_intake,target_stage2_router,target_stage3_roaming,target_stage4_repair,target_stage5_decision","general_shared,target_specialist,target_specialist,target_specialist,target_specialist",00000,1,1,1,0,0,4,5,1.0,deep,deep,agent_deep__task_deep,20.5,4.96043,0.0758,25.53623,False,False,False,1,,,52913.0,stage1_n1__from__root__c01 > stage2_n1__from__n0001__c01 > stage3_n2__from__n0006__c02 > stage4_n1__from__n0024__c01 > stage5_n2__from__n0075__c02,[mms_issue]airplane_mode_on|bad_network_preference|bad_wifi_calling|break_apn_mms_setting|break_app_sms_permission|data_mode_off|data_usage_exceeded|unseat_sim_card|user_abroad_roaming_enabled_off[PERSONA:None]
naive_mixed,baseline,70,7,0,16,target_post_switch,target_favoring,True,neutral,repair_subset,transfer,FDFDD,FDDDD,"F/F,D/D,F/D,D/D,D/D","barrier_stage1_gate,barrier_stage2_gate,trap_stage3_network,general_stage4_repair,target_stage5_verify","private_barrier,private_barrier,trap_lane,general_shared,target_specialist",11000,2,1,1,1,0,3,4,0.8,deep,deep,agent_deep__task_deep,16.5,4.999465,0.07550000000000001,21.574965000000002,False,False,False,1,,,50884.0,stage1_n5__from__root__c05 > stage2_n5__from__n0005__c03 > stage3_n4__from__n0022__c02 > stage4_n2__from__n0072__c01 > stage5_n1__from__n0208__c01,[mms_issue]airplane_mode_on|bad_network_preference|bad_wifi_calling|break_apn_mms_setting|break_app_sms_permission|data_mode_off|data_usage_exceeded|user_abroad_roaming_disabled_on[PERSONA:None]
naive_mixed,baseline,71,7,1,65,target_post_switch,target_favoring,True,neutral,repair_all,repair_subset,FDDDD,FDDDD,"F/F,D/D,D/D,D/D,D/D","barrier_stage1_gate,general_stage2_roaming,general_stage3_network,general_stage4_verify,target_stage5_verify","private_barrier,general_shared,general_shared,general_shared,target_specialist",10000,1,1,1,0,0,4,5,1.0,deep,deep,agent_deep__task_deep,11.0,5.388745,0.07330000000000002,16.462045,False,False,True,0,,,59473.0,stage1_n5__from__root__c05 > stage2_n4__from__n0005__c02 > stage3_n3__from__n0021__c01 > stage4_n3__from__n0068__c02 > stage5_n1__from__n0197__c01,[mms_issue]airplane_mode_on|bad_network_preference|bad_wifi_calling|break_apn_mms_setting|break_app_sms_permission|data_mode_off|unseat_sim_card|user_abroad_roaming_enabled_off[PERSONA:None]
naive_mixed,baseline,72,7,2,11,target_post_switch,target_favoring,True,neutral,repair_subset,transfer,FDDDD,FDDDD,"F/F,D/D,D/D,D/D,D/D","barrier_stage1_gate,general_stage2_roaming,barrier_stage3_gate,general_stage4_verify,target_stage5_verify","private_barrier,general_shared,private_barrier,general_shared,target_specialist",10100,1,1,1,0,0,4,5,1.0,deep,deep,agent_deep__task_deep,16.5,5.756795,0.074,22.330795000000002,False,False,True,0,,,62006.0,stage1_n5__from__root__c05 > stage2_n4__from__n0005__c02 > stage3_n5__from__n0021__c03 > stage4_n3__from__n0070__c02 > stage5_n1__from__n0203__c01,[mms_issue]airplane_mode_on|bad_network_preference|bad_wifi_calling|break_apn_mms_setting|break_app_storage_permission|data_mode_off|data_usage_exceeded|unseat_sim_card|user_abroad_roaming_disabled_on[PERSONA:Easy]
naive_mixed,baseline,73,7,3,17,target_post_switch,target_favoring,True,neutral,repair_subset,repair_subset,FDDDD,FDDDD,"F/F,D/D,D/D,D/D,D/D","barrier_stage1_gate,barrier_stage2_gate,barrier_stage3_gate,general_stage4_repair,target_stage5_verify","private_barrier,private_barrier,private_barrier,general_shared,target_specialist",11100,1,1,1,0,0,4,5,1.0,deep,deep,agent_deep__task_deep,2.0,5.740305,0.0799,7.820205,True,True,False,1,,,63060.0,stage1_n5__from__root__c05 > stage2_n5__from__n0005__c03 > stage3_n5__from__n0022__c03 > stage4_n2__from__n0073__c01 > stage5_n1__from__n0212__c01,[mms_issue]airplane_mode_on|bad_network_preference|bad_wifi_calling|break_apn_mms_setting|break_app_storage_permission|data_mode_off|data_usage_exceeded|unseat_sim_card|user_abroad_roaming_enabled_off[PERSONA:Easy]
naive_mixed,baseline,74,7,4,67,target_post_switch,target_favoring,False,neutral,transfer,transfer,FDDDD,FDDDD,"F/F,D/D,D/D,D/D,D/D","barrier_stage1_gate,barrier_stage2_gate,general_stage3_network,general_stage4_verify,target_stage5_verify","private_barrier,private_barrier,general_shared,general_shared,target_specialist",11000,1,1,1,0,0,4,5,1.0,deep,deep,agent_deep__task_deep,1.0,4.373165,0.07780000000000001,5.450965,False,False,True,0,,,46892.0,stage1_n5__from__root__c05 > stage2_n5__from__n0005__c03 > stage3_n3__from__n0022__c01 > stage4_n3__from__n0071__c02 > stage5_n1__from__n0207__c01,[mms_issue]airplane_mode_on|break_apn_mms_setting|break_app_both_permissions|user_abroad_roaming_disabled_off[PERSONA:None]
naive_mixed,baseline,75,7,5,35,target_post_switch,target_favoring,True,neutral,repair_subset,transfer,FDDDD,FDDDD,"F/F,D/D,D/D,D/D,D/D","barrier_stage1_gate,barrier_stage2_gate,general_stage3_network,general_stage4_verify,target_stage5_decision","private_barrier,private_barrier,general_shared,general_shared,target_specialist",11000,1,1,1,0,0,4,5,1.0,deep,deep,agent_deep__task_deep,18.5,5.024945,0.0757,23.600645,False,False,False,1,,,53552.0,stage1_n5__from__root__c05 > stage2_n5__from__n0005__c03 > stage3_n3__from__n0022__c01 > stage4_n3__from__n0071__c02 > stage5_n2__from__n0207__c02,[mms_issue]airplane_mode_on|bad_network_preference|bad_wifi_calling|break_apn_mms_setting|break_app_both_permissions|data_mode_off|data_usage_exceeded|unseat_sim_card|user_abroad_roaming_disabled_on[PERSONA:Hard]
naive_mixed,baseline,76,7,6,51,target_post_switch,target_favoring,True,neutral,repair_subset,repair_subset,FDFFD,FDDDD,"F/F,D/D,F/D,F/D,D/D","barrier_stage1_gate,general_stage2_roaming,trap_stage3_network,trap_stage4_execute,target_stage5_verify","private_barrier,general_shared,trap_lane,trap_lane,target_specialist",10000,3,1,1,2,0,2,3,0.6,fast,deep,agent_fast__task_deep,5.0,5.706225,0.0659,10.772124999999999,False,False,False,1,,,49983.0,stage1_n5__from__root__c05 > stage2_n4__from__n0005__c02 > stage3_n4__from__n0021__c02 > stage4_n4__from__n0069__c03 > stage5_n1__from__n0200__c01,[mms_issue]airplane_mode_on|bad_network_preference|bad_wifi_calling|break_apn_mms_setting|break_app_both_permissions|data_mode_off|data_usage_exceeded|unseat_sim_card|user_abroad_roaming_enabled_off[PERSONA:Hard]
naive_mixed,baseline,77,7,7,45,target_post_switch,target_favoring,True,target_decoy_medium,repair_all,repair_subset,FDFDD,FDDDD,"F/F,D/D,F/D,D/D,D/D","barrier_stage1_gate,general_stage2_roaming,trap_stage3_network,barrier_stage4_gate,target_stage5_decision","private_barrier,general_shared,trap_lane,private_barrier,target_specialist",10010,2,1,1,1,0,3,4,0.8,deep,deep,agent_deep__task_deep,11.0,5.8438,0.0727,16.9165,False,False,True,0,,,60309.0,stage1_n5__from__root__c05 > stage2_n4__from__n0005__c02 > stage3_n4__from__n0021__c02 > stage4_n5__from__n0069__c04 > stage5_n2__from__n0201__c01,[mms_issue]airplane_mode_on|bad_network_preference|bad_wifi_calling|break_apn_mms_setting|break_app_both_permissions|data_mode_off|unseat_sim_card|user_abroad_roaming_enabled_off[PERSONA:Hard]
naive_mixed,baseline,78,7,8,40,target_post_switch,target_favoring,True,neutral,repair_subset,repair_subset,FDDDD,FDDDD,"F/F,D/D,D/D,D/D,D/D","barrier_stage1_gate,general_stage2_roaming,general_stage3_network,general_stage4_repair,target_stage5_decision","private_barrier,general_shared,general_shared,general_shared,target_specialist",10000,1,1,1,0,0,4,5,1.0,deep,deep,agent_deep__task_deep,2.0,4.50296,0.07410000000000001,6.5770599999999995,True,True,False,1,,,48026.0,stage1_n5__from__root__c05 > stage2_n4__from__n0005__c02 > stage3_n3__from__n0021__c01 > stage4_n2__from__n0068__c01 > stage5_n2__from__n0196__c02,[mms_issue]airplane_mode_on|bad_network_preference|bad_wifi_calling|break_apn_mms_setting|break_app_sms_permission|data_mode_off|data_usage_exceeded|unseat_sim_card|user_abroad_roaming_disabled_on[PERSONA:None]
naive_mixed,baseline,79,7,9,46,target_post_switch,target_favoring,True,neutral,repair_subset,transfer,FDDDD,FDDDD,"F/F,D/D,D/D,D/D,D/D","barrier_stage1_gate,general_stage2_roaming,general_stage3_network,general_stage4_repair,target_stage5_verify","private_barrier,general_shared,general_shared,general_shared,target_specialist",10000,1,1,1,0,0,4,5,1.0,deep,deep,agent_deep__task_deep,20.5,5.69109,0.0732,26.26429,False,False,False,1,,,61671.0,stage1_n5__from__root__c05 > stage2_n4__from__n0005__c02 > stage3_n3__from__n0021__c01 > stage4_n2__from__n0068__c01 > stage5_n1__from__n0196__c01,[mms_issue]airplane_mode_on|bad_network_preference|bad_wifi_calling|break_apn_mms_setting|break_app_sms_permission|data_mode_off|data_usage_exceeded|unseat_sim_card|user_abroad_roaming_enabled_off[PERSONA:None]
naive_mixed,baseline,80,8,0,16,target_post_switch,target_favoring,True,neutral,repair_subset,transfer,DFFDD,FDDDD,"D/F,F/D,F/D,D/D,D/D","target_stage1_handoff,general_stage2_core,trap_stage3_network,general_stage4_verify,target_stage5_verify","general_shared,general_shared,trap_lane,general_shared,target_specialist",00000,2,1,0,2,1,2,2,0.4,deep,deep,agent_deep__task_deep,17.5,5.256025,0.0674,22.823425,False,False,False,1,,,48692.0,stage1_n3__from__root__c03 > stage2_n2__from__n0003__c02 > stage3_n4__from__n0013__c03 > stage4_n3__from__n0045__c02 > stage5_n1__from__n0126__c01,[mms_issue]airplane_mode_on|bad_network_preference|bad_wifi_calling|break_apn_mms_setting|break_app_sms_permission|data_mode_off|data_usage_exceeded|user_abroad_roaming_disabled_on[PERSONA:None]
naive_mixed,baseline,81,8,1,65,target_post_switch,target_favoring,True,target_safe_specialist_good,repair_all,transfer,DDDDD,FDDDD,"D/F,D/D,D/D,D/D,D/D","target_stage1_handoff,target_stage2_router,target_stage3_roaming,target_stage4_repair,target_stage5_decision","general_shared,target_specialist,target_specialist,target_specialist,target_specialist",00000,0,1,0,0,1,4,4,0.8,deep,deep,agent_deep__task_deep,18.5,6.10409,0.07600000000000001,24.68009,False,False,True,0,,,63494.0,stage1_n3__from__root__c03 > stage2_n1__from__n0003__c01 > stage3_n2__from__n0012__c02 > stage4_n1__from__n0042__c01 > stage5_n2__from__n0121__c02,[mms_issue]airplane_mode_on|bad_network_preference|bad_wifi_calling|break_apn_mms_setting|break_app_sms_permission|data_mode_off|unseat_sim_card|user_abroad_roaming_enabled_off[PERSONA:None]
naive_mixed,baseline,82,8,2,11,target_post_switch,target_favoring,True,target_safe_specialist_good,repair_subset,transfer,DFDDD,FDDDD,"D/F,F/D,D/D,D/D,D/D","target_stage1_handoff,general_stage2_core,target_stage3_roaming,target_stage4_repair,target_stage5_decision","general_shared,general_shared,target_specialist,target_specialist,target_specialist",00000,1,1,0,1,1,3,3,0.6,deep,deep,agent_deep__task_deep,19.5,5.153655,0.0758,24.729455,False,False,False,1,,,50659.0,stage1_n3__from__root__c03 > stage2_n2__from__n0003__c02 > stage3_n2__from__n0013__c01 > stage4_n1__from__n0043__c01 > stage5_n2__from__n0122__c02,[mms_issue]airplane_mode_on|bad_network_preference|bad_wifi_calling|break_apn_mms_setting|break_app_storage_permission|data_mode_off|data_usage_exceeded|unseat_sim_card|user_abroad_roaming_disabled_on[PERSONA:Easy]
naive_mixed,baseline,83,8,3,17,target_post_switch,target_favoring,True,target_safe_specialist_good,repair_subset,repair_all,DDDDD,FDDDD,"D/F,D/D,D/D,D/D,D/D","target_stage1_handoff,target_stage2_router,target_stage3_apn,target_stage4_repair,target_stage5_verify","general_shared,target_specialist,target_specialist,target_specialist,target_specialist",00000,0,1,0,0,1,4,4,0.8,deep,deep,agent_deep__task_deep,3.5,5.906165,0.07650000000000001,9.482665,False,False,True,0,,,61268.0,stage1_n3__from__root__c03 > stage2_n1__from__n0003__c01 > stage3_n1__from__n0012__c01 > stage4_n1__from__n0041__c01 > stage5_n1__from__n0120__c01,[mms_issue]airplane_mode_on|bad_network_preference|bad_wifi_calling|break_apn_mms_setting|break_app_storage_permission|data_mode_off|data_usage_exceeded|unseat_sim_card|user_abroad_roaming_enabled_off[PERSONA:Easy]
naive_mixed,baseline,84,8,4,67,target_post_switch,target_favoring,False,target_safe_majority_bad,transfer,transfer,DDDDD,FDDDD,"D/F,D/D,D/D,D/D,D/D","target_stage1_handoff,target_stage2_router,target_stage3_apn,target_stage4_repair,target_stage5_verify","general_shared,target_specialist,target_specialist,target_specialist,target_specialist",00000,0,1,0,0,1,4,4,0.8,deep,deep,agent_deep__task_deep,1.0,5.611905,0.07650000000000001,6.688405,False,False,True,0,,,58422.0,stage1_n3__from__root__c03 > stage2_n1__from__n0003__c01 > stage3_n1__from__n0012__c01 > stage4_n1__from__n0041__c01 > stage5_n1__from__n0120__c01,[mms_issue]airplane_mode_on|break_apn_mms_setting|break_app_both_permissions|user_abroad_roaming_disabled_off[PERSONA:None]
naive_mixed,baseline,85,8,5,35,target_post_switch,target_favoring,True,target_safe_specialist_good,repair_subset,repair_subset,DDDDD,FDDDD,"D/F,D/D,D/D,D/D,D/D","target_stage1_handoff,target_stage2_router,target_stage3_apn,target_stage4_repair,target_stage5_verify","general_shared,target_specialist,target_specialist,target_specialist,target_specialist",00000,0,1,0,0,1,4,4,0.8,deep,deep,agent_deep__task_deep,19.0,4.98939,0.07650000000000001,24.06589,False,False,True,0,,,51549.0,stage1_n3__from__root__c03 > stage2_n1__from__n0003__c01 > stage3_n1__from__n0012__c01 > stage4_n1__from__n0041__c01 > stage5_n1__from__n0120__c01,[mms_issue]airplane_mode_on|bad_network_preference|bad_wifi_calling|break_apn_mms_setting|break_app_both_permissions|data_mode_off|data_usage_exceeded|unseat_sim_card|user_abroad_roaming_disabled_on[PERSONA:Hard]
naive_mixed,baseline,86,8,6,51,target_post_switch,target_favoring,True,target_safe_specialist_good,repair_subset,repair_subset,DDDDD,FDDDD,"D/F,D/D,D/D,D/D,D/D","target_stage1_handoff,target_stage2_router,target_stage3_apn,target_stage4_repair,target_stage5_decision","general_shared,target_specialist,target_specialist,target_specialist,target_specialist",00000,0,1,0,0,1,4,4,0.8,deep,deep,agent_deep__task_deep,2.0,5.18897,0.07790000000000001,7.266870000000001,True,True,False,1,,,52871.0,stage1_n3__from__root__c03 > stage2_n1__from__n0003__c01 > stage3_n1__from__n0012__c01 > stage4_n1__from__n0041__c01 > stage5_n2__from__n0120__c02,[mms_issue]airplane_mode_on|bad_network_preference|bad_wifi_calling|break_apn_mms_setting|break_app_both_permissions|data_mode_off|data_usage_exceeded|unseat_sim_card|user_abroad_roaming_enabled_off[PERSONA:Hard]
naive_mixed,baseline,87,8,7,45,target_post_switch,target_favoring,True,target_safe_specialist_good,repair_all,repair_subset,DDDDD,FDDDD,"D/F,D/D,D/D,D/D,D/D","target_stage1_handoff,target_stage2_router,target_stage3_apn,target_stage4_repair,target_stage5_decision","general_shared,target_specialist,target_specialist,target_specialist,target_specialist",00000,0,1,0,0,1,4,4,0.8,deep,deep,agent_deep__task_deep,11.0,5.96255,0.07790000000000001,17.04045,False,False,True,0,,,62333.0,stage1_n3__from__root__c03 > stage2_n1__from__n0003__c01 > stage3_n1__from__n0012__c01 > stage4_n1__from__n0041__c01 > stage5_n2__from__n0120__c02,[mms_issue]airplane_mode_on|bad_network_preference|bad_wifi_calling|break_apn_mms_setting|break_app_both_permissions|data_mode_off|unseat_sim_card|user_abroad_roaming_enabled_off[PERSONA:Hard]
naive_mixed,baseline,88,8,8,40,target_post_switch,target_favoring,True,target_safe_specialist_good,repair_subset,transfer,DDDDD,FDDDD,"D/F,D/D,D/D,D/D,D/D","target_stage1_handoff,target_stage2_router,target_stage3_apn,target_stage4_repair,target_stage5_decision","general_shared,target_specialist,target_specialist,target_specialist,target_specialist",00000,0,1,0,0,1,4,4,0.8,deep,deep,agent_deep__task_deep,18.5,5.57548,0.07790000000000001,24.15338,False,False,False,1,,,57211.0,stage1_n3__from__root__c03 > stage2_n1__from__n0003__c01 > stage3_n1__from__n0012__c01 > stage4_n1__from__n0041__c01 > stage5_n2__from__n0120__c02,[mms_issue]airplane_mode_on|bad_network_preference|bad_wifi_calling|break_apn_mms_setting|break_app_sms_permission|data_mode_off|data_usage_exceeded|unseat_sim_card|user_abroad_roaming_disabled_on[PERSONA:None]
naive_mixed,baseline,89,8,9,46,target_post_switch,target_favoring,True,target_safe_specialist_good,repair_subset,repair_subset,DDDDD,FDDDD,"D/F,D/D,D/D,D/D,D/D","target_stage1_handoff,target_stage2_router,target_stage3_apn,target_stage4_repair,target_stage5_verify","general_shared,target_specialist,target_specialist,target_specialist,target_specialist",00000,0,1,0,0,1,4,4,0.8,deep,deep,agent_deep__task_deep,15.0,6.21451,0.07650000000000001,21.29101,False,False,False,1,,,65107.0,stage1_n3__from__root__c03 > stage2_n1__from__n0003__c01 > stage3_n1__from__n0012__c01 > stage4_n1__from__n0041__c01 > stage5_n1__from__n0120__c01,[mms_issue]airplane_mode_on|bad_network_preference|bad_wifi_calling|break_apn_mms_setting|break_app_sms_permission|data_mode_off|data_usage_exceeded|unseat_sim_card|user_abroad_roaming_enabled_off[PERSONA:None]
naive_mixed,baseline,90,9,0,16,target_post_switch,target_favoring,True,target_safe_specialist_good,repair_subset,repair_subset,DDDDD,FDDDD,"D/F,D/D,D/D,D/D,D/D","target_stage1_handoff,target_stage2_router,target_stage3_apn,target_stage4_repair,target_stage5_verify","general_shared,target_specialist,target_specialist,target_specialist,target_specialist",00000,0,1,0,0,1,4,4,0.8,deep,deep,agent_deep__task_deep,2.0,5.468545,0.07650000000000001,7.545045,True,True,False,1,,,56719.0,stage1_n3__from__root__c03 > stage2_n1__from__n0003__c01 > stage3_n1__from__n0012__c01 > stage4_n1__from__n0041__c01 > stage5_n1__from__n0120__c01,[mms_issue]airplane_mode_on|bad_network_preference|bad_wifi_calling|break_apn_mms_setting|break_app_sms_permission|data_mode_off|data_usage_exceeded|user_abroad_roaming_disabled_on[PERSONA:None]
naive_mixed,baseline,91,9,1,65,target_post_switch,target_favoring,True,target_safe_specialist_good,repair_all,transfer,DDDDD,FDDDD,"D/F,D/D,D/D,D/D,D/D","target_stage1_handoff,target_stage2_router,target_stage3_apn,target_stage4_repair,target_stage5_verify","general_shared,target_specialist,target_specialist,target_specialist,target_specialist",00000,0,1,0,0,1,4,4,0.8,deep,deep,agent_deep__task_deep,18.5,7.523845,0.07650000000000001,26.100344999999997,False,False,True,0,,,80515.0,stage1_n3__from__root__c03 > stage2_n1__from__n0003__c01 > stage3_n1__from__n0012__c01 > stage4_n1__from__n0041__c01 > stage5_n1__from__n0120__c01,[mms_issue]airplane_mode_on|bad_network_preference|bad_wifi_calling|break_apn_mms_setting|break_app_sms_permission|data_mode_off|unseat_sim_card|user_abroad_roaming_enabled_off[PERSONA:None]
naive_mixed,baseline,92,9,2,11,target_post_switch,target_favoring,True,neutral,repair_subset,transfer,FFDDD,FDDDD,"F/F,F/D,D/D,D/D,D/D","general_stage1_intake,trap_stage2_router,general_stage3_network,general_stage4_repair,target_stage5_decision","general_shared,trap_lane,general_shared,general_shared,target_specialist",00000,2,1,1,1,0,3,4,0.8,deep,deep,agent_deep__task_deep,19.5,4.53704,0.0661,24.10314,False,False,False,1,,,46428.0,stage1_n1__from__root__c01 > stage2_n3__from__n0001__c03 > stage3_n3__from__n0008__c01 > stage4_n2__from__n0029__c01 > stage5_n2__from__n0087__c02,[mms_issue]airplane_mode_on|bad_network_preference|bad_wifi_calling|break_apn_mms_setting|break_app_storage_permission|data_mode_off|data_usage_exceeded|unseat_sim_card|user_abroad_roaming_disabled_on[PERSONA:Easy]
naive_mixed,baseline,93,9,3,17,target_post_switch,target_favoring,True,target_decoy_medium,repair_subset,repair_subset,FFFDF,FDDDD,"F/F,F/D,F/D,D/D,F/D","general_stage1_intake,trap_stage2_router,trap_stage3_network,barrier_stage4_gate,trap_stage5_terminal","general_shared,trap_lane,trap_lane,private_barrier,trap_lane",00010,4,1,1,3,0,1,2,0.4,fast,deep,agent_fast__task_deep,15.0,5.046645,0.06280000000000001,20.109445,False,False,False,1,,,41314.0,stage1_n1__from__root__c01 > stage2_n3__from__n0001__c03 > stage3_n4__from__n0008__c02 > stage4_n5__from__n0030__c04 > stage5_n4__from__n0092__c02,[mms_issue]airplane_mode_on|bad_network_preference|bad_wifi_calling|break_apn_mms_setting|break_app_storage_permission|data_mode_off|data_usage_exceeded|unseat_sim_card|user_abroad_roaming_enabled_off[PERSONA:Easy]
naive_mixed,baseline,94,9,4,67,target_post_switch,target_favoring,False,neutral,transfer,transfer,FFFFD,FDDDD,"F/F,F/D,F/D,F/D,D/D","general_stage1_intake,trap_stage2_router,trap_stage3_network,trap_stage4_execute,general_stage5_verify","general_shared,trap_lane,trap_lane,trap_lane,general_shared",00000,4,1,1,3,0,1,2,0.4,fast,deep,agent_fast__task_deep,3.0,5.08847,0.0616,8.15007,False,False,False,1,,,42963.0,stage1_n1__from__root__c01 > stage2_n3__from__n0001__c03 > stage3_n4__from__n0008__c02 > stage4_n4__from__n0030__c03 > stage5_n3__from__n0091__c02,[mms_issue]airplane_mode_on|break_apn_mms_setting|break_app_both_permissions|user_abroad_roaming_disabled_off[PERSONA:None]
naive_mixed,baseline,95,9,5,35,target_post_switch,target_favoring,True,neutral,repair_subset,repair_subset,FFFFF,FDDDD,"F/F,F/D,F/D,F/D,F/D","general_stage1_intake,trap_stage2_router,trap_stage3_network,trap_stage4_execute,trap_stage5_terminal","general_shared,trap_lane,trap_lane,trap_lane,trap_lane",00000,5,1,1,4,0,0,1,0.2,fast,deep,agent_fast__task_deep,5.0,5.502605,0.05880000000000001,10.561405,False,False,False,1,,,40112.0,stage1_n1__from__root__c01 > stage2_n3__from__n0001__c03 > stage3_n4__from__n0008__c02 > stage4_n4__from__n0030__c03 > stage5_n4__from__n0091__c03,[mms_issue]airplane_mode_on|bad_network_preference|bad_wifi_calling|break_apn_mms_setting|break_app_both_permissions|data_mode_off|data_usage_exceeded|unseat_sim_card|user_abroad_roaming_disabled_on[PERSONA:Hard]
naive_mixed,baseline,96,9,6,51,target_post_switch,target_favoring,True,target_decoy_medium,repair_subset,repair_subset,FFFFD,FDDDD,"F/F,F/D,F/D,F/D,D/D","general_stage1_intake,trap_stage2_router,trap_stage3_network,trap_stage4_execute,barrier_stage5_transfer","general_shared,trap_lane,trap_lane,trap_lane,private_barrier",00001,4,1,1,3,0,1,2,0.4,fast,deep,agent_fast__task_deep,11.0,4.856195,0.0639,15.920095,False,False,False,1,,,39779.0,stage1_n1__from__root__c01 > stage2_n3__from__n0001__c03 > stage3_n4__from__n0008__c02 > stage4_n4__from__n0030__c03 > stage5_n5__from__n0091__c04,[mms_issue]airplane_mode_on|bad_network_preference|bad_wifi_calling|break_apn_mms_setting|break_app_both_permissions|data_mode_off|data_usage_exceeded|unseat_sim_card|user_abroad_roaming_enabled_off[PERSONA:Hard]
naive_mixed,baseline,97,9,7,45,target_post_switch,target_favoring,True,neutral,repair_all,repair_subset,FFFFD,FDDDD,"F/F,F/D,F/D,F/D,D/D","general_stage1_intake,trap_stage2_router,trap_stage3_network,trap_stage4_execute,general_stage5_verify","general_shared,trap_lane,trap_lane,trap_lane,general_shared",00000,4,1,1,3,0,1,2,0.4,fast,deep,agent_fast__task_deep,11.0,4.92866,0.0616,15.99026,False,False,False,1,,,39872.0,stage1_n1__from__root__c01 > stage2_n3__from__n0001__c03 > stage3_n4__from__n0008__c02 > stage4_n4__from__n0030__c03 > stage5_n3__from__n0091__c02,[mms_issue]airplane_mode_on|bad_network_preference|bad_wifi_calling|break_apn_mms_setting|break_app_both_permissions|data_mode_off|unseat_sim_card|user_abroad_roaming_enabled_off[PERSONA:Hard]
naive_mixed,baseline,98,9,8,40,target_post_switch,target_favoring,True,neutral,repair_subset,repair_subset,FFFFF,FDDDD,"F/F,F/D,F/D,F/D,F/D","general_stage1_intake,trap_stage2_router,trap_stage3_network,trap_stage4_execute,trap_stage5_terminal","general_shared,trap_lane,trap_lane,trap_lane,trap_lane",00000,5,1,1,4,0,0,1,0.2,fast,deep,agent_fast__task_deep,15.0,4.42861,0.05880000000000001,19.48741,False,False,False,1,,,31339.0,stage1_n1__from__root__c01 > stage2_n3__from__n0001__c03 > stage3_n4__from__n0008__c02 > stage4_n4__from__n0030__c03 > stage5_n4__from__n0091__c03,[mms_issue]airplane_mode_on|bad_network_preference|bad_wifi_calling|break_apn_mms_setting|break_app_sms_permission|data_mode_off|data_usage_exceeded|unseat_sim_card|user_abroad_roaming_disabled_on[PERSONA:None]
naive_mixed,baseline,99,9,9,46,target_post_switch,target_favoring,True,neutral,repair_subset,transfer,FFFDD,FDDDD,"F/F,F/D,F/D,D/D,D/D","general_stage1_intake,trap_stage2_router,trap_stage3_network,general_stage4_repair,target_stage5_verify","general_shared,trap_lane,trap_lane,general_shared,target_specialist",00000,3,1,1,2,0,2,3,0.6,fast,deep,agent_fast__task_deep,21.5,4.78614,0.06480000000000001,26.35094,False,False,False,1,,,46122.0,stage1_n1__from__root__c01 > stage2_n3__from__n0001__c03 > stage3_n4__from__n0008__c02 > stage4_n2__from__n0030__c01 > stage5_n1__from__n0089__c01,[mms_issue]airplane_mode_on|bad_network_preference|bad_wifi_calling|break_apn_mms_setting|break_app_sms_permission|data_mode_off|data_usage_exceeded|unseat_sim_card|user_abroad_roaming_enabled_off[PERSONA:None]
random_path,baseline,0,0,0,19,trap_pre_switch,trap_favoring,False,trap_like_good,repair_all,repair_all,FDDDF,FFFFF,"F/F,D/F,D/F,D/F,F/F","trap_stage1_intake,general_stage2_roaming,general_stage3_network,general_stage4_verify,trap_stage5_terminal","trap_lane,general_shared,general_shared,general_shared,trap_lane",00000,2,5,2,0,3,0,2,0.4,deep,fast,agent_deep__task_fast,1.5,5.24592,0.0591,6.80502,False,False,True,0,,,45561.0,stage1_n4__from__root__c04 > stage2_n4__from__n0004__c04 > stage3_n3__from__n0018__c01 > stage4_n3__from__n0059__c02 > stage5_n4__from__n0167__c04,[mms_issue]airplane_mode_on|bad_network_preference|break_app_sms_permission[PERSONA:Hard]
random_path,baseline,1,0,1,13,trap_pre_switch,trap_favoring,False,trap_like_good,repair_all,repair_all,FFFFD,FFFFF,"F/F,F/F,F/F,F/F,D/F","trap_stage1_intake,trap_stage2_router,trap_stage3_network,trap_stage4_execute,general_stage5_verify","trap_lane,trap_lane,trap_lane,trap_lane,general_shared",00000,4,5,4,0,1,0,4,0.8,fast,fast,agent_fast__task_fast,0.0,3.28731,0.055400000000000005,3.3427100000000003,True,True,True,0,,,32394.0,stage1_n4__from__root__c04 > stage2_n3__from__n0004__c03 > stage3_n4__from__n0017__c02 > stage4_n4__from__n0057__c03 > stage5_n3__from__n0160__c02,[mms_issue]airplane_mode_on|bad_wifi_calling|break_app_sms_permission[PERSONA:None]
random_path,baseline,2,0,2,7,trap_pre_switch,trap_favoring,False,neutral,repair_all,repair_all,FFFDD,FFFFF,"F/F,F/F,F/F,D/F,D/F","barrier_stage1_gate,trap_stage2_router,trap_stage3_network,general_stage4_verify,target_stage5_verify","private_barrier,trap_lane,trap_lane,general_shared,target_specialist",10000,3,5,3,0,2,0,3,0.6,fast,fast,agent_fast__task_fast,0.0,3.6916,0.0661,3.7577000000000003,True,True,True,0,,,32917.0,stage1_n5__from__root__c05 > stage2_n3__from__n0005__c01 > stage3_n4__from__n0020__c02 > stage4_n3__from__n0066__c02 > stage5_n1__from__n0189__c01,[mms_issue]airplane_mode_on|bad_wifi_calling|break_app_storage_permission[PERSONA:Easy]
random_path,baseline,3,0,3,25,trap_pre_switch,trap_favoring,False,neutral,repair_subset,repair_subset,FDDDD,FFFFF,"F/F,D/F,D/F,D/F,D/F","barrier_stage1_gate,general_stage2_roaming,barrier_stage3_gate,general_stage4_verify,general_stage5_verify","private_barrier,general_shared,private_barrier,general_shared,general_shared",10100,1,5,1,0,4,0,1,0.2,deep,fast,agent_deep__task_fast,6.0,4.383235,0.0714,10.454635,False,False,False,1,,,35827.0,stage1_n5__from__root__c05 > stage2_n4__from__n0005__c02 > stage3_n5__from__n0021__c03 > stage4_n3__from__n0070__c02 > stage5_n3__from__n0203__c03,[mms_issue]airplane_mode_on|break_app_both_permissions|data_usage_exceeded[PERSONA:Hard]
random_path,baseline,4,0,4,36,trap_pre_switch,trap_favoring,False,neutral,repair_all,repair_all,FFDDF,FFFFF,"F/F,F/F,D/F,D/F,F/F","general_stage1_intake,trap_stage2_router,general_stage3_network,general_stage4_verify,trap_stage5_terminal","general_shared,trap_lane,general_shared,general_shared,trap_lane",00000,3,5,3,0,2,0,3,0.6,fast,fast,agent_fast__task_fast,1.5,3.626385,0.061200000000000004,5.187585,False,False,True,0,,,32934.0,stage1_n1__from__root__c01 > stage2_n3__from__n0001__c03 > stage3_n3__from__n0008__c01 > stage4_n3__from__n0029__c02 > stage5_n4__from__n0088__c04,[mms_issue]airplane_mode_on|break_app_storage_permission[PERSONA:Easy]
random_path,baseline,5,0,5,18,trap_pre_switch,trap_favoring,False,neutral,repair_all,repair_all,FFFDF,FFFFF,"F/F,F/F,F/F,D/F,F/F","barrier_stage1_gate,trap_stage2_router,trap_stage3_network,barrier_stage4_gate,trap_stage5_terminal","private_barrier,trap_lane,trap_lane,private_barrier,trap_lane",10010,4,5,4,0,1,0,4,0.8,fast,fast,agent_fast__task_fast,1.5,3.17021,0.0641,4.73431,False,False,True,0,,,30974.0,stage1_n5__from__root__c05 > stage2_n3__from__n0005__c01 > stage3_n4__from__n0020__c02 > stage4_n5__from__n0066__c04 > stage5_n4__from__n0191__c02,[mms_issue]bad_network_preference[PERSONA:None]
random_path,baseline,6,0,6,24,trap_pre_switch,trap_favoring,False,neutral,repair_all,repair_all,FDDDF,FFFFF,"F/F,D/F,D/F,D/F,F/F","barrier_stage1_gate,barrier_stage2_gate,general_stage3_network,general_stage4_verify,trap_stage5_terminal","private_barrier,private_barrier,general_shared,general_shared,trap_lane",11000,2,5,2,0,3,0,2,0.4,deep,fast,agent_deep__task_fast,1.5,3.9281,0.0717,5.4998000000000005,False,False,True,0,,,35003.0,stage1_n5__from__root__c05 > stage2_n5__from__n0005__c03 > stage3_n3__from__n0022__c01 > stage4_n3__from__n0071__c02 > stage5_n4__from__n0207__c04,[mms_issue]bad_network_preference|break_app_storage_permission[PERSONA:None]
random_path,baseline,7,0,7,23,trap_pre_switch,trap_favoring,False,neutral,repair_all,repair_all,FDDDD,FFFFF,"F/F,D/F,D/F,D/F,D/F","barrier_stage1_gate,general_stage2_roaming,general_stage3_network,general_stage4_repair,target_stage5_verify","private_barrier,general_shared,general_shared,general_shared,target_specialist",10000,1,5,1,0,4,0,1,0.2,deep,fast,agent_deep__task_fast,0.0,7.67048,0.0732,7.74368,True,True,True,0,,,64760.0,stage1_n5__from__root__c05 > stage2_n4__from__n0005__c02 > stage3_n3__from__n0021__c01 > stage4_n2__from__n0068__c01 > stage5_n1__from__n0196__c01,[mms_issue]bad_wifi_calling[PERSONA:Easy]
random_path,baseline,8,0,8,61,trap_pre_switch,trap_favoring,False,trap_like_good,repair_all,repair_all,FDDDD,FFFFF,"F/F,D/F,D/F,D/F,D/F","trap_stage1_intake,target_stage2_router,target_stage3_roaming,target_stage4_repair,target_stage5_verify","trap_lane,target_specialist,target_specialist,target_specialist,target_specialist",00000,1,5,1,0,4,0,1,0.2,deep,fast,agent_deep__task_fast,0.0,4.67604,0.0741,4.75014,True,True,True,0,,,38214.0,stage1_n4__from__root__c04 > stage2_n1__from__n0004__c01 > stage3_n2__from__n0015__c02 > stage4_n1__from__n0051__c01 > stage5_n1__from__n0144__c01,[mms_issue]bad_wifi_calling|break_app_storage_permission[PERSONA:Easy]
random_path,baseline,9,0,9,0,trap_pre_switch,trap_favoring,False,neutral,repair_all,repair_all,DFDDD,FFFFF,"D/F,F/F,D/F,D/F,D/F","target_stage1_handoff,trap_stage2_router,general_stage3_network,general_stage4_repair,target_stage5_verify","general_shared,trap_lane,general_shared,general_shared,target_specialist",00000,1,5,1,0,4,0,1,0.2,deep,fast,agent_deep__task_fast,1.5,9.79439,0.0682,11.36259,False,False,True,0,,,81941.0,stage1_n3__from__root__c03 > stage2_n3__from__n0003__c03 > stage3_n3__from__n0014__c01 > stage4_n2__from__n0047__c01 > stage5_n1__from__n0133__c01,[mms_issue]break_app_both_permissions[PERSONA:Hard]
random_path,baseline,10,1,0,19,trap_pre_switch,trap_favoring,False,trap_safe_overcautious,repair_all,repair_all,DDDDD,FFFFF,"D/F,D/F,D/F,D/F,D/F","general_stage1_verify,target_stage2_router,target_stage3_roaming,target_stage4_repair,target_stage5_verify","general_shared,target_specialist,target_specialist,target_specialist,target_specialist",00000,0,5,0,0,5,0,0,0.0,deep,fast,agent_deep__task_fast,1.5,6.24128,0.0748,7.8160799999999995,False,False,True,0,,,50045.0,stage1_n2__from__root__c02 > stage2_n1__from__n0002__c01 > stage3_n2__from__n0009__c02 > stage4_n1__from__n0033__c01 > stage5_n1__from__n0098__c01,[mms_issue]airplane_mode_on|bad_network_preference|break_app_sms_permission[PERSONA:Hard]
random_path,baseline,11,1,1,13,trap_pre_switch,trap_favoring,False,neutral,repair_all,repair_all,DFFDD,FFFFF,"D/F,F/F,F/F,D/F,D/F","target_stage1_handoff,trap_stage2_router,trap_stage3_network,general_stage4_repair,target_stage5_decision","general_shared,trap_lane,trap_lane,general_shared,target_specialist",00000,2,5,2,0,3,0,2,0.4,deep,fast,agent_deep__task_fast,0.0,4.32139,0.06530000000000001,4.38669,True,True,True,0,,,37120.0,stage1_n3__from__root__c03 > stage2_n3__from__n0003__c03 > stage3_n4__from__n0014__c02 > stage4_n2__from__n0048__c01 > stage5_n2__from__n0135__c02,[mms_issue]airplane_mode_on|bad_wifi_calling|break_app_sms_permission[PERSONA:None]
random_path,baseline,12,1,2,7,trap_pre_switch,trap_favoring,False,neutral,repair_all,repair_all,FDDDD,FFFFF,"F/F,D/F,D/F,D/F,D/F","barrier_stage1_gate,general_stage2_roaming,barrier_stage3_gate,general_stage4_repair,target_stage5_decision","private_barrier,general_shared,private_barrier,general_shared,target_specialist",10100,1,5,1,0,4,0,1,0.2,deep,fast,agent_deep__task_fast,0.0,4.69437,0.0742,4.76857,True,True,True,0,,,37998.0,stage1_n5__from__root__c05 > stage2_n4__from__n0005__c02 > stage3_n5__from__n0021__c03 > stage4_n2__from__n0070__c01 > stage5_n2__from__n0202__c02,[mms_issue]airplane_mode_on|bad_wifi_calling|break_app_storage_permission[PERSONA:Easy]
random_path,baseline,13,1,3,25,trap_pre_switch,trap_favoring,False,neutral,repair_subset,repair_subset,FFDFD,FFFFF,"F/F,F/F,D/F,F/F,D/F","barrier_stage1_gate,trap_stage2_router,barrier_stage3_gate,trap_stage4_execute,barrier_stage5_transfer","private_barrier,trap_lane,private_barrier,trap_lane,private_barrier",10101,3,5,3,0,2,0,3,0.6,fast,fast,agent_fast__task_fast,6.0,3.616215,0.0729,9.689115,False,False,False,1,,,33246.0,stage1_n5__from__root__c05 > stage2_n3__from__n0005__c01 > stage3_n5__from__n0020__c03 > stage4_n4__from__n0067__c03 > stage5_n5__from__n0194__c04,[mms_issue]airplane_mode_on|break_app_both_permissions|data_usage_exceeded[PERSONA:Hard]
random_path,baseline,14,1,4,36,trap_pre_switch,trap_favoring,False,neutral,repair_all,repair_all,FFFFD,FFFFF,"F/F,F/F,F/F,F/F,D/F","general_stage1_intake,trap_stage2_router,trap_stage3_network,trap_stage4_execute,general_stage5_verify","general_shared,trap_lane,trap_lane,trap_lane,general_shared",00000,4,5,4,0,1,0,4,0.8,fast,fast,agent_fast__task_fast,1.5,3.270345,0.0616,4.831945,False,False,True,0,,,32187.0,stage1_n1__from__root__c01 > stage2_n3__from__n0001__c03 > stage3_n4__from__n0008__c02 > stage4_n4__from__n0030__c03 > stage5_n3__from__n0091__c02,[mms_issue]airplane_mode_on|break_app_storage_permission[PERSONA:Easy]
random_path,baseline,15,1,5,18,trap_pre_switch,trap_favoring,False,trap_safe_overcautious,repair_all,repair_all,DDDDD,FFFFF,"D/F,D/F,D/F,D/F,D/F","target_stage1_handoff,target_stage2_router,target_stage3_apn,target_stage4_repair,target_stage5_verify","general_shared,target_specialist,target_specialist,target_specialist,target_specialist",00000,0,5,0,0,5,0,0,0.0,deep,fast,agent_deep__task_fast,1.5,4.718105,0.07650000000000001,6.294605000000001,False,False,True,0,,,37895.0,stage1_n3__from__root__c03 > stage2_n1__from__n0003__c01 > stage3_n1__from__n0012__c01 > stage4_n1__from__n0041__c01 > stage5_n1__from__n0120__c01,[mms_issue]bad_network_preference[PERSONA:None]
random_path,baseline,16,1,6,24,trap_pre_switch,trap_favoring,False,neutral,repair_all,repair_all,FDFDD,FFFFF,"F/F,D/F,F/F,D/F,D/F","barrier_stage1_gate,barrier_stage2_gate,trap_stage3_network,barrier_stage4_gate,target_stage5_decision","private_barrier,private_barrier,trap_lane,private_barrier,target_specialist",11010,2,5,2,0,3,0,2,0.4,deep,fast,agent_deep__task_fast,1.5,4.13961,0.0763,5.71591,False,False,True,0,,,35424.0,stage1_n5__from__root__c05 > stage2_n5__from__n0005__c03 > stage3_n4__from__n0022__c02 > stage4_n5__from__n0072__c04 > stage5_n2__from__n0211__c01,[mms_issue]bad_network_preference|break_app_storage_permission[PERSONA:None]
random_path,baseline,17,1,7,23,trap_pre_switch,trap_favoring,False,neutral,repair_all,repair_all,FFDDD,FFFFF,"F/F,F/F,D/F,D/F,D/F","general_stage1_intake,trap_stage2_router,general_stage3_network,general_stage4_repair,target_stage5_verify","general_shared,trap_lane,general_shared,general_shared,target_specialist",00000,2,5,2,0,3,0,2,0.4,deep,fast,agent_deep__task_fast,0.0,8.512525,0.0661,8.578625,True,True,True,0,,,72379.0,stage1_n1__from__root__c01 > stage2_n3__from__n0001__c03 > stage3_n3__from__n0008__c01 > stage4_n2__from__n0029__c01 > stage5_n1__from__n0087__c01,[mms_issue]bad_wifi_calling[PERSONA:Easy]
random_path,baseline,18,1,8,61,trap_pre_switch,trap_favoring,False,neutral,repair_all,repair_all,FFDDD,FFFFF,"F/F,F/F,D/F,D/F,D/F","general_stage1_intake,trap_stage2_router,barrier_stage3_gate,barrier_stage4_gate,barrier_stage5_transfer","general_shared,trap_lane,private_barrier,private_barrier,private_barrier",00111,2,5,2,0,3,0,2,0.4,deep,fast,agent_deep__task_fast,0.0,4.255775,0.0746,4.330375,True,True,True,0,,,35903.0,stage1_n1__from__root__c01 > stage2_n3__from__n0001__c03 > stage3_n5__from__n0008__c03 > stage4_n5__from__n0031__c04 > stage5_n5__from__n0096__c03,[mms_issue]bad_wifi_calling|break_app_storage_permission[PERSONA:Easy]
random_path,baseline,19,1,9,0,trap_pre_switch,trap_favoring,False,neutral,repair_all,repair_all,FDDDD,FFFFF,"F/F,D/F,D/F,D/F,D/F","barrier_stage1_gate,general_stage2_roaming,barrier_stage3_gate,general_stage4_verify,target_stage5_decision","private_barrier,general_shared,private_barrier,general_shared,target_specialist",10100,1,5,1,0,4,0,1,0.2,deep,fast,agent_deep__task_fast,1.5,5.162845,0.0748,6.737645,False,False,True,0,,,42448.0,stage1_n5__from__root__c05 > stage2_n4__from__n0005__c02 > stage3_n5__from__n0021__c03 > stage4_n3__from__n0070__c02 > stage5_n2__from__n0203__c02,[mms_issue]break_app_both_permissions[PERSONA:Hard]
random_path,baseline,20,2,0,19,trap_pre_switch,trap_favoring,False,neutral,repair_all,repair_all,FDDFD,FFFFF,"F/F,D/F,D/F,F/F,D/F","barrier_stage1_gate,general_stage2_roaming,barrier_stage3_gate,trap_stage4_execute,barrier_stage5_transfer","private_barrier,general_shared,private_barrier,trap_lane,private_barrier",10101,2,5,2,0,3,0,2,0.4,deep,fast,agent_deep__task_fast,1.5,4.140915,0.0733,5.714214999999999,False,False,True,0,,,36594.0,stage1_n5__from__root__c05 > stage2_n4__from__n0005__c02 > stage3_n5__from__n0021__c03 > stage4_n4__from__n0070__c03 > stage5_n5__from__n0204__c04,[mms_issue]airplane_mode_on|bad_network_preference|break_app_sms_permission[PERSONA:Hard]
random_path,baseline,21,2,1,13,trap_pre_switch,trap_favoring,False,trap_like_good,repair_all,repair_all,FFDDD,FFFFF,"F/F,F/F,D/F,D/F,D/F","trap_stage1_intake,trap_stage2_router,general_stage3_network,general_stage4_verify,target_stage5_verify","trap_lane,trap_lane,general_shared,general_shared,target_specialist",00000,2,5,2,0,3,0,2,0.4,deep,fast,agent_deep__task_fast,0.0,3.963195,0.0621,4.025295,True,True,True,0,,,33228.0,stage1_n4__from__root__c04 > stage2_n3__from__n0004__c03 > stage3_n3__from__n0017__c01 > stage4_n3__from__n0056__c02 > stage5_n1__from__n0157__c01,[mms_issue]airplane_mode_on|bad_wifi_calling|break_app_sms_permission[PERSONA:None]
random_path,baseline,22,2,2,7,trap_pre_switch,trap_favoring,False,trap_like_good,repair_all,repair_all,FDDFD,FFFFF,"F/F,D/F,D/F,F/F,D/F","trap_stage1_intake,barrier_stage2_gate,barrier_stage3_gate,trap_stage4_execute,general_stage5_verify","trap_lane,private_barrier,private_barrier,trap_lane,general_shared",01100,2,5,2,0,3,0,2,0.4,deep,fast,agent_deep__task_fast,0.0,4.28805,0.06780000000000001,4.35585,True,True,True,0,,,37479.0,stage1_n4__from__root__c04 > stage2_n5__from__n0004__c05 > stage3_n5__from__n0019__c03 > stage4_n4__from__n0064__c03 > stage5_n3__from__n0184__c02,[mms_issue]airplane_mode_on|bad_wifi_calling|break_app_storage_permission[PERSONA:Easy]
random_path,baseline,23,2,3,25,trap_pre_switch,trap_favoring,False,trap_safe_overcautious,repair_subset,repair_subset,DDDDD,FFFFF,"D/F,D/F,D/F,D/F,D/F","general_stage1_verify,target_stage2_router,target_stage3_roaming,target_stage4_repair,target_stage5_verify","general_shared,target_specialist,target_specialist,target_specialist,target_specialist",00000,0,5,0,0,5,0,0,0.0,deep,fast,agent_deep__task_fast,6.0,5.06736,0.0748,11.14216,False,False,False,1,,,40284.0,stage1_n2__from__root__c02 > stage2_n1__from__n0002__c01 > stage3_n2__from__n0009__c02 > stage4_n1__from__n0033__c01 > stage5_n1__from__n0098__c01,[mms_issue]airplane_mode_on|break_app_both_permissions|data_usage_exceeded[PERSONA:Hard]
random_path,baseline,24,2,4,36,trap_pre_switch,trap_favoring,False,trap_safe_overcautious,repair_all,repair_all,DDDDD,FFFFF,"D/F,D/F,D/F,D/F,D/F","target_stage1_handoff,target_stage2_router,target_stage3_roaming,target_stage4_repair,target_stage5_verify","general_shared,target_specialist,target_specialist,target_specialist,target_specialist",00000,0,5,0,0,5,0,0,0.0,deep,fast,agent_deep__task_fast,1.5,5.32174,0.07750000000000001,6.899240000000001,False,False,True,0,,,42616.0,stage1_n3__from__root__c03 > stage2_n1__from__n0003__c01 > stage3_n2__from__n0012__c02 > stage4_n1__from__n0042__c01 > stage5_n1__from__n0121__c01,[mms_issue]airplane_mode_on|break_app_storage_permission[PERSONA:Easy]
random_path,baseline,25,2,5,35,target_post_switch,target_favoring,True,target_safe_specialist_good,repair_subset,transfer,FDDDD,FDDDD,"F/F,D/D,D/D,D/D,D/D","general_stage1_intake,target_stage2_router,target_stage3_apn,target_stage4_repair,target_stage5_verify","general_shared,target_specialist,target_specialist,target_specialist,target_specialist",00000,1,1,1,0,0,4,5,1.0,deep,deep,agent_deep__task_deep,18.5,5.026985,0.07750000000000001,23.604485,False,False,False,1,,,53558.0,stage1_n1__from__root__c01 > stage2_n1__from__n0001__c01 > stage3_n1__from__n0006__c01 > stage4_n1__from__n0023__c01 > stage5_n1__from__n0074__c01,[mms_issue]airplane_mode_on|bad_network_preference|bad_wifi_calling|break_apn_mms_setting|break_app_both_permissions|data_mode_off|data_usage_exceeded|unseat_sim_card|user_abroad_roaming_disabled_on[PERSONA:Hard]
random_path,baseline,26,2,6,51,target_post_switch,target_favoring,True,target_safe_specialist_good,repair_subset,repair_subset,FDDDD,FDDDD,"F/F,D/D,D/D,D/D,D/D","general_stage1_intake,target_stage2_router,target_stage3_apn,target_stage4_repair,target_stage5_decision","general_shared,target_specialist,target_specialist,target_specialist,target_specialist",00000,1,1,1,0,0,4,5,1.0,deep,deep,agent_deep__task_deep,2.0,7.69165,0.07900000000000001,9.77065,True,True,False,1,,,85042.0,stage1_n1__from__root__c01 > stage2_n1__from__n0001__c01 > stage3_n1__from__n0006__c01 > stage4_n1__from__n0023__c01 > stage5_n2__from__n0074__c02,[mms_issue]airplane_mode_on|bad_network_preference|bad_wifi_calling|break_apn_mms_setting|break_app_both_permissions|data_mode_off|data_usage_exceeded|unseat_sim_card|user_abroad_roaming_enabled_off[PERSONA:Hard]
random_path,baseline,27,2,7,45,target_post_switch,target_favoring,True,target_safe_specialist_good,repair_all,repair_subset,FFDDD,FDDDD,"F/F,F/D,D/D,D/D,D/D","general_stage1_intake,general_stage2_core,target_stage3_roaming,target_stage4_repair,target_stage5_verify","general_shared,general_shared,target_specialist,target_specialist,target_specialist",00000,2,1,1,1,0,3,4,0.8,deep,deep,agent_deep__task_deep,11.0,5.286765,0.0742,16.360965,False,False,True,0,,,55673.0,stage1_n1__from__root__c01 > stage2_n2__from__n0001__c02 > stage3_n2__from__n0007__c01 > stage4_n1__from__n0025__c01 > stage5_n1__from__n0076__c01,[mms_issue]airplane_mode_on|bad_network_preference|bad_wifi_calling|break_apn_mms_setting|break_app_both_permissions|data_mode_off|unseat_sim_card|user_abroad_roaming_enabled_off[PERSONA:Hard]
random_path,baseline,28,2,8,40,target_post_switch,target_favoring,True,target_safe_specialist_good,repair_subset,transfer,DDDDD,FDDDD,"D/F,D/D,D/D,D/D,D/D","general_stage1_verify,target_stage2_router,target_stage3_apn,target_stage4_repair,target_stage5_verify","general_shared,target_specialist,target_specialist,target_specialist,target_specialist",00000,0,1,0,0,1,4,4,0.8,deep,deep,agent_deep__task_deep,18.5,5.552445,0.07600000000000001,24.128445,False,False,False,1,,,57075.0,stage1_n2__from__root__c02 > stage2_n1__from__n0002__c01 > stage3_n1__from__n0009__c01 > stage4_n1__from__n0032__c01 > stage5_n1__from__n0097__c01,[mms_issue]airplane_mode_on|bad_network_preference|bad_wifi_calling|break_apn_mms_setting|break_app_sms_permission|data_mode_off|data_usage_exceeded|unseat_sim_card|user_abroad_roaming_disabled_on[PERSONA:None]
random_path,baseline,29,2,9,46,target_post_switch,target_favoring,True,neutral,repair_subset,transfer,FFDDD,FDDDD,"F/F,F/D,D/D,D/D,D/D","general_stage1_intake,trap_stage2_router,general_stage3_network,general_stage4_verify,target_stage5_verify","general_shared,trap_lane,general_shared,general_shared,target_specialist",00000,2,1,1,1,0,3,4,0.8,deep,deep,agent_deep__task_deep,21.5,5.236235,0.06830000000000001,26.804535,False,False,False,1,,,54559.0,stage1_n1__from__root__c01 > stage2_n3__from__n0001__c03 > stage3_n3__from__n0008__c01 > stage4_n3__from__n0029__c02 > stage5_n1__from__n0088__c01,[mms_issue]airplane_mode_on|bad_network_preference|bad_wifi_calling|break_apn_mms_setting|break_app_sms_permission|data_mode_off|data_usage_exceeded|unseat_sim_card|user_abroad_roaming_enabled_off[PERSONA:None]
random_path,baseline,30,3,0,16,target_post_switch,target_favoring,True,target_safe_specialist_good,repair_subset,transfer,DDDDD,FDDDD,"D/F,D/D,D/D,D/D,D/D","target_stage1_handoff,target_stage2_router,target_stage3_apn,target_stage4_repair,target_stage5_decision","general_shared,target_specialist,target_specialist,target_specialist,target_specialist",00000,0,1,0,0,1,4,4,0.8,deep,deep,agent_deep__task_deep,16.5,5.38992,0.07790000000000001,21.96782,False,False,False,1,,,55392.0,stage1_n3__from__root__c03 > stage2_n1__from__n0003__c01 > stage3_n1__from__n0012__c01 > stage4_n1__from__n0041__c01 > stage5_n2__from__n0120__c02,[mms_issue]airplane_mode_on|bad_network_preference|bad_wifi_calling|break_apn_mms_setting|break_app_sms_permission|data_mode_off|data_usage_exceeded|user_abroad_roaming_disabled_on[PERSONA:None]
random_path,baseline,31,3,1,65,target_post_switch,target_favoring,True,target_safe_majority_bad,repair_all,transfer,DFDDD,FDDDD,"D/F,F/D,D/D,D/D,D/D","target_stage1_handoff,general_stage2_core,general_stage3_network,general_stage4_repair,target_stage5_decision","general_shared,general_shared,general_shared,general_shared,target_specialist",00000,1,1,0,1,1,3,3,0.6,deep,deep,agent_deep__task_deep,18.5,5.784395,0.0679,24.352295,False,False,True,0,,,58539.0,stage1_n3__from__root__c03 > stage2_n2__from__n0003__c02 > stage3_n3__from__n0013__c02 > stage4_n2__from__n0044__c01 > stage5_n2__from__n0123__c02,[mms_issue]airplane_mode_on|bad_network_preference|bad_wifi_calling|break_apn_mms_setting|break_app_sms_permission|data_mode_off|unseat_sim_card|user_abroad_roaming_enabled_off[PERSONA:None]
random_path,baseline,32,3,2,11,target_post_switch,target_favoring,True,neutral,repair_subset,transfer,FFDDD,FDDDD,"F/F,F/D,D/D,D/D,D/D","general_stage1_intake,trap_stage2_router,general_stage3_network,general_stage4_verify,target_stage5_decision","general_shared,trap_lane,general_shared,general_shared,target_specialist",00000,2,1,1,1,0,3,4,0.8,deep,deep,agent_deep__task_deep,19.5,4.521145,0.06780000000000001,24.088945,False,False,False,1,,,46343.0,stage1_n1__from__root__c01 > stage2_n3__from__n0001__c03 > stage3_n3__from__n0008__c01 > stage4_n3__from__n0029__c02 > stage5_n2__from__n0088__c02,[mms_issue]airplane_mode_on|bad_network_preference|bad_wifi_calling|break_apn_mms_setting|break_app_storage_permission|data_mode_off|data_usage_exceeded|unseat_sim_card|user_abroad_roaming_disabled_on[PERSONA:Easy]
random_path,baseline,33,3,3,17,target_post_switch,target_favoring,True,neutral,repair_subset,repair_subset,DFDDD,FDDDD,"D/F,F/D,D/D,D/D,D/D","target_stage1_handoff,general_stage2_core,barrier_stage3_gate,general_stage4_verify,target_stage5_decision","general_shared,general_shared,private_barrier,general_shared,target_specialist",00100,1,1,0,1,1,3,3,0.6,deep,deep,agent_deep__task_deep,13.0,5.841815,0.071,18.912815000000002,False,False,False,1,,,59271.0,stage1_n3__from__root__c03 > stage2_n2__from__n0003__c02 > stage3_n5__from__n0013__c04 > stage4_n3__from__n0046__c02 > stage5_n2__from__n0130__c02,[mms_issue]airplane_mode_on|bad_network_preference|bad_wifi_calling|break_apn_mms_setting|break_app_storage_permission|data_mode_off|data_usage_exceeded|unseat_sim_card|user_abroad_roaming_enabled_off[PERSONA:Easy]
random_path,baseline,34,3,4,67,target_post_switch,target_favoring,False,neutral,transfer,transfer,FFDDD,FDDDD,"F/F,F/D,D/D,D/D,D/D","general_stage1_intake,trap_stage2_router,general_stage3_network,general_stage4_repair,target_stage5_decision","general_shared,trap_lane,general_shared,general_shared,target_specialist",00000,2,1,1,1,0,3,4,0.8,deep,deep,agent_deep__task_deep,3.0,4.70005,0.0661,7.76615,False,False,False,1,,,48908.0,stage1_n1__from__root__c01 > stage2_n3__from__n0001__c03 > stage3_n3__from__n0008__c01 > stage4_n2__from__n0029__c01 > stage5_n2__from__n0087__c02,[mms_issue]airplane_mode_on|break_apn_mms_setting|break_app_both_permissions|user_abroad_roaming_disabled_off[PERSONA:None]
random_path,baseline,35,3,5,35,target_post_switch,target_favoring,True,neutral,repair_subset,repair_subset,FDDDD,FDDDD,"F/F,D/D,D/D,D/D,D/D","barrier_stage1_gate,general_stage2_roaming,general_stage3_network,general_stage4_verify,target_stage5_decision","private_barrier,general_shared,general_shared,general_shared,target_specialist",10000,1,1,1,0,0,4,5,1.0,deep,deep,agent_deep__task_deep,2.0,5.110455,0.072,7.182455,True,True,False,1,,,55110.0,stage1_n5__from__root__c05 > stage2_n4__from__n0005__c02 > stage3_n3__from__n0021__c01 > stage4_n3__from__n0068__c02 > stage5_n2__from__n0197__c02,[mms_issue]airplane_mode_on|bad_network_preference|bad_wifi_calling|break_apn_mms_setting|break_app_both_permissions|data_mode_off|data_usage_exceeded|unseat_sim_card|user_abroad_roaming_disabled_on[PERSONA:Hard]
random_path,baseline,36,3,6,51,target_post_switch,target_favoring,True,neutral,repair_subset,repair_subset,FFDFF,FDDDD,"F/F,F/D,D/D,F/D,F/D","general_stage1_intake,general_stage2_core,barrier_stage3_gate,trap_stage4_execute,trap_stage5_terminal","general_shared,general_shared,private_barrier,trap_lane,trap_lane",00100,4,1,1,3,0,1,2,0.4,fast,deep,agent_fast__task_deep,5.0,5.52449,0.06380000000000001,10.58829,False,False,False,1,,,41164.0,stage1_n1__from__root__c01 > stage2_n2__from__n0001__c02 > stage3_n5__from__n0007__c04 > stage4_n4__from__n0028__c03 > stage5_n4__from__n0085__c03,[mms_issue]airplane_mode_on|bad_network_preference|bad_wifi_calling|break_apn_mms_setting|break_app_both_permissions|data_mode_off|data_usage_exceeded|unseat_sim_card|user_abroad_roaming_enabled_off[PERSONA:Hard]
random_path,baseline,37,3,7,45,target_post_switch,target_favoring,True,trap_like_bad,repair_all,repair_subset,FFDDD,FDDDD,"F/F,F/D,D/D,D/D,D/D","trap_stage1_intake,trap_stage2_router,general_stage3_network,general_stage4_repair,target_stage5_decision","trap_lane,trap_lane,general_shared,general_shared,target_specialist",00000,2,1,1,1,0,3,4,0.8,deep,deep,agent_deep__task_deep,11.0,5.340825,0.061700000000000005,16.402525,False,False,True,0,,,55850.0,stage1_n4__from__root__c04 > stage2_n3__from__n0004__c03 > stage3_n3__from__n0017__c01 > stage4_n2__from__n0056__c01 > stage5_n2__from__n0156__c02,[mms_issue]airplane_mode_on|bad_network_preference|bad_wifi_calling|break_apn_mms_setting|break_app_both_permissions|data_mode_off|unseat_sim_card|user_abroad_roaming_enabled_off[PERSONA:Hard]
random_path,baseline,38,3,8,40,target_post_switch,target_favoring,True,target_safe_specialist_good,repair_subset,transfer,FFDDD,FDDDD,"F/F,F/D,D/D,D/D,D/D","general_stage1_intake,general_stage2_core,target_stage3_roaming,target_stage4_repair,target_stage5_verify","general_shared,general_shared,target_specialist,target_specialist,target_specialist",00000,2,1,1,1,0,3,4,0.8,deep,deep,agent_deep__task_deep,19.5,4.550285,0.0742,24.124485,False,False,False,1,,,46441.0,stage1_n1__from__root__c01 > stage2_n2__from__n0001__c02 > stage3_n2__from__n0007__c01 > stage4_n1__from__n0025__c01 > stage5_n1__from__n0076__c01,[mms_issue]airplane_mode_on|bad_network_preference|bad_wifi_calling|break_apn_mms_setting|break_app_sms_permission|data_mode_off|data_usage_exceeded|unseat_sim_card|user_abroad_roaming_disabled_on[PERSONA:None]
random_path,baseline,39,3,9,46,target_post_switch,target_favoring,True,neutral,repair_subset,repair_subset,DFFFF,FDDDD,"D/F,F/D,F/D,F/D,F/D","general_stage1_verify,general_stage2_core,trap_stage3_network,trap_stage4_execute,trap_stage5_terminal","general_shared,general_shared,trap_lane,trap_lane,trap_lane",00000,4,1,0,4,1,0,0,0.0,fast,deep,agent_fast__task_deep,17.0,5.080605,0.0582,22.138804999999998,False,False,False,1,,,35551.0,stage1_n2__from__root__c02 > stage2_n2__from__n0002__c02 > stage3_n4__from__n0010__c03 > stage4_n4__from__n0036__c03 > stage5_n4__from__n0104__c03,[mms_issue]airplane_mode_on|bad_network_preference|bad_wifi_calling|break_apn_mms_setting|break_app_sms_permission|data_mode_off|data_usage_exceeded|unseat_sim_card|user_abroad_roaming_enabled_off[PERSONA:None]
random_path,baseline,40,4,0,16,target_post_switch,target_favoring,True,neutral,repair_subset,repair_all,FDDDD,FDDDD,"F/F,D/D,D/D,D/D,D/D","barrier_stage1_gate,barrier_stage2_gate,barrier_stage3_gate,general_stage4_verify,general_stage5_verify","private_barrier,private_barrier,private_barrier,general_shared,general_shared",11100,1,1,1,0,0,4,5,1.0,deep,deep,agent_deep__task_deep,6.0,5.116575,0.07590000000000001,11.192475,False,False,True,0,,,55161.0,stage1_n5__from__root__c05 > stage2_n5__from__n0005__c03 > stage3_n5__from__n0022__c03 > stage4_n3__from__n0073__c02 > stage5_n3__from__n0213__c03,[mms_issue]airplane_mode_on|bad_network_preference|bad_wifi_calling|break_apn_mms_setting|break_app_sms_permission|data_mode_off|data_usage_exceeded|user_abroad_roaming_disabled_on[PERSONA:None]
random_path,baseline,41,4,1,65,target_post_switch,target_favoring,True,trap_like_bad,repair_all,repair_subset,FDDDD,FDDDD,"F/F,D/D,D/D,D/D,D/D","trap_stage1_intake,general_stage2_roaming,barrier_stage3_gate,general_stage4_repair,target_stage5_verify","trap_lane,general_shared,private_barrier,general_shared,target_specialist",00100,1,1,1,0,0,4,5,1.0,deep,deep,agent_deep__task_deep,11.0,5.165535,0.07010000000000001,16.235635000000002,False,False,True,0,,,57054.0,stage1_n4__from__root__c04 > stage2_n4__from__n0004__c04 > stage3_n5__from__n0018__c03 > stage4_n2__from__n0061__c01 > stage5_n1__from__n0172__c01,[mms_issue]airplane_mode_on|bad_network_preference|bad_wifi_calling|break_apn_mms_setting|break_app_sms_permission|data_mode_off|unseat_sim_card|user_abroad_roaming_enabled_off[PERSONA:None]
random_path,baseline,42,4,2,11,target_post_switch,target_favoring,True,neutral,repair_subset,repair_subset,FFDFD,FDDDD,"F/F,F/D,D/D,F/D,D/D","barrier_stage1_gate,trap_stage2_router,barrier_stage3_gate,trap_stage4_execute,general_stage5_verify","private_barrier,trap_lane,private_barrier,trap_lane,general_shared",10100,3,1,1,2,0,2,3,0.6,fast,deep,agent_fast__task_deep,5.0,7.637795,0.06910000000000001,12.706895,False,False,False,1,,,74459.0,stage1_n5__from__root__c05 > stage2_n3__from__n0005__c01 > stage3_n5__from__n0020__c03 > stage4_n4__from__n0067__c03 > stage5_n3__from__n0194__c02,[mms_issue]airplane_mode_on|bad_network_preference|bad_wifi_calling|break_apn_mms_setting|break_app_storage_permission|data_mode_off|data_usage_exceeded|unseat_sim_card|user_abroad_roaming_disabled_on[PERSONA:Easy]
random_path,baseline,43,4,3,17,target_post_switch,target_favoring,True,target_safe_specialist_good,repair_subset,repair_subset,DDDDD,FDDDD,"D/F,D/D,D/D,D/D,D/D","general_stage1_verify,target_stage2_router,target_stage3_roaming,target_stage4_repair,target_stage5_decision","general_shared,target_specialist,target_specialist,target_specialist,target_specialist",00000,0,1,0,0,1,4,4,0.8,deep,deep,agent_deep__task_deep,14.0,6.627645,0.0753,20.702945,False,False,False,1,,,69771.0,stage1_n2__from__root__c02 > stage2_n1__from__n0002__c01 > stage3_n2__from__n0009__c02 > stage4_n1__from__n0033__c01 > stage5_n2__from__n0098__c02,[mms_issue]airplane_mode_on|bad_network_preference|bad_wifi_calling|break_apn_mms_setting|break_app_storage_permission|data_mode_off|data_usage_exceeded|unseat_sim_card|user_abroad_roaming_enabled_off[PERSONA:Easy]
random_path,baseline,44,4,4,67,target_post_switch,target_favoring,False,neutral,transfer,transfer,FFDDD,FDDDD,"F/F,F/D,D/D,D/D,D/D","general_stage1_intake,general_stage2_core,barrier_stage3_gate,general_stage4_repair,target_stage5_verify","general_shared,general_shared,private_barrier,general_shared,target_specialist",00100,2,1,1,1,0,3,4,0.8,deep,deep,agent_deep__task_deep,3.0,4.43621,0.0716,7.50781,False,False,False,1,,,46584.0,stage1_n1__from__root__c01 > stage2_n2__from__n0001__c02 > stage3_n5__from__n0007__c04 > stage4_n2__from__n0028__c01 > stage5_n1__from__n0083__c01,[mms_issue]airplane_mode_on|break_apn_mms_setting|break_app_both_permissions|user_abroad_roaming_disabled_off[PERSONA:None]
random_path,baseline,45,4,5,35,target_post_switch,target_favoring,True,trap_like_bad,repair_subset,transfer,FDDDD,FDDDD,"F/F,D/D,D/D,D/D,D/D","trap_stage1_intake,target_stage2_router,target_stage3_roaming,target_stage4_repair,target_stage5_decision","trap_lane,target_specialist,target_specialist,target_specialist,target_specialist",00000,1,1,1,0,0,4,5,1.0,deep,deep,agent_deep__task_deep,18.5,4.44159,0.0752,23.01679,False,False,False,1,,,47394.0,stage1_n4__from__root__c04 > stage2_n1__from__n0004__c01 > stage3_n2__from__n0015__c02 > stage4_n1__from__n0051__c01 > stage5_n2__from__n0144__c02,[mms_issue]airplane_mode_on|bad_network_preference|bad_wifi_calling|break_apn_mms_setting|break_app_both_permissions|data_mode_off|data_usage_exceeded|unseat_sim_card|user_abroad_roaming_disabled_on[PERSONA:Hard]
random_path,baseline,46,4,6,51,target_post_switch,target_favoring,True,neutral,repair_subset,repair_subset,FDDDD,FDDDD,"F/F,D/D,D/D,D/D,D/D","barrier_stage1_gate,general_stage2_roaming,barrier_stage3_gate,general_stage4_repair,target_stage5_verify","private_barrier,general_shared,private_barrier,general_shared,target_specialist",10100,1,1,1,0,0,4,5,1.0,deep,deep,agent_deep__task_deep,2.0,4.5611,0.0742,6.635299999999999,True,True,False,1,,,48605.0,stage1_n5__from__root__c05 > stage2_n4__from__n0005__c02 > stage3_n5__from__n0021__c03 > stage4_n2__from__n0070__c01 > stage5_n1__from__n0202__c01,[mms_issue]airplane_mode_on|bad_network_preference|bad_wifi_calling|break_apn_mms_setting|break_app_both_permissions|data_mode_off|data_usage_exceeded|unseat_sim_card|user_abroad_roaming_enabled_off[PERSONA:Hard]
random_path,baseline,47,4,7,45,target_post_switch,target_favoring,True,trap_like_bad,repair_all,transfer,FFFDD,FDDDD,"F/F,F/D,F/D,D/D,D/D","trap_stage1_intake,trap_stage2_router,trap_stage3_network,barrier_stage4_gate,target_stage5_decision","trap_lane,trap_lane,trap_lane,private_barrier,target_specialist",00010,3,1,1,2,0,2,3,0.6,fast,deep,agent_fast__task_deep,18.5,5.517715,0.0646,24.082314999999998,False,False,True,0,,,54734.0,stage1_n4__from__root__c04 > stage2_n3__from__n0004__c03 > stage3_n4__from__n0017__c02 > stage4_n5__from__n0057__c04 > stage5_n2__from__n0161__c01,[mms_issue]airplane_mode_on|bad_network_preference|bad_wifi_calling|break_apn_mms_setting|break_app_both_permissions|data_mode_off|unseat_sim_card|user_abroad_roaming_enabled_off[PERSONA:Hard]
random_path,baseline,48,4,8,40,target_post_switch,target_favoring,True,trap_like_bad,repair_subset,transfer,FFDDD,FDDDD,"F/F,F/D,D/D,D/D,D/D","trap_stage1_intake,general_stage2_core,target_stage3_roaming,target_stage4_repair,target_stage5_verify","trap_lane,general_shared,target_specialist,target_specialist,target_specialist",00000,2,1,1,1,0,3,4,0.8,deep,deep,agent_deep__task_deep,19.5,4.547565,0.07010000000000001,24.117665,False,False,False,1,,,46433.0,stage1_n4__from__root__c04 > stage2_n2__from__n0004__c02 > stage3_n2__from__n0016__c01 > stage4_n1__from__n0052__c01 > stage5_n1__from__n0145__c01,[mms_issue]airplane_mode_on|bad_network_preference|bad_wifi_calling|break_apn_mms_setting|break_app_sms_permission|data_mode_off|data_usage_exceeded|unseat_sim_card|user_abroad_roaming_disabled_on[PERSONA:None]
random_path,baseline,49,4,9,46,target_post_switch,target_favoring,True,trap_like_bad,repair_subset,repair_subset,FDFDD,FDDDD,"F/F,D/D,F/D,D/D,D/D","trap_stage1_intake,general_stage2_roaming,trap_stage3_network,general_stage4_repair,target_stage5_verify","trap_lane,general_shared,trap_lane,general_shared,target_specialist",00000,2,1,1,1,0,3,4,0.8,deep,deep,agent_deep__task_deep,4.0,4.776515,0.0641,8.840615,False,False,False,1,,,47730.0,stage1_n4__from__root__c04 > stage2_n4__from__n0004__c04 > stage3_n4__from__n0018__c02 > stage4_n2__from__n0060__c01 > stage5_n1__from__n0168__c01,[mms_issue]airplane_mode_on|bad_network_preference|bad_wifi_calling|break_apn_mms_setting|break_app_sms_permission|data_mode_off|data_usage_exceeded|unseat_sim_card|user_abroad_roaming_enabled_off[PERSONA:None]
random_path,baseline,50,5,0,16,target_post_switch,target_favoring,True,neutral,repair_subset,transfer,FFDDD,FDDDD,"F/F,F/D,D/D,D/D,D/D","general_stage1_intake,trap_stage2_router,general_stage3_network,general_stage4_repair,target_stage5_verify","general_shared,trap_lane,general_shared,general_shared,target_specialist",00000,2,1,1,1,0,3,4,0.8,deep,deep,agent_deep__task_deep,17.5,4.36219,0.0661,21.928289999999997,False,False,False,1,,,44663.0,stage1_n1__from__root__c01 > stage2_n3__from__n0001__c03 > stage3_n3__from__n0008__c01 > stage4_n2__from__n0029__c01 > stage5_n1__from__n0087__c01,[mms_issue]airplane_mode_on|bad_network_preference|bad_wifi_calling|break_apn_mms_setting|break_app_sms_permission|data_mode_off|data_usage_exceeded|user_abroad_roaming_disabled_on[PERSONA:None]
random_path,baseline,51,5,1,65,target_post_switch,target_favoring,True,neutral,repair_all,repair_all,FFDDD,FDDDD,"F/F,F/D,D/D,D/D,D/D","general_stage1_intake,trap_stage2_router,barrier_stage3_gate,general_stage4_verify,general_stage5_verify","general_shared,trap_lane,private_barrier,general_shared,general_shared",00100,2,1,1,1,0,3,4,0.8,deep,deep,agent_deep__task_deep,0.0,4.134305,0.069,4.203305,True,True,True,0,,,41808.0,stage1_n1__from__root__c01 > stage2_n3__from__n0001__c03 > stage3_n5__from__n0008__c03 > stage4_n3__from__n0031__c02 > stage5_n3__from__n0094__c03,[mms_issue]airplane_mode_on|bad_network_preference|bad_wifi_calling|break_apn_mms_setting|break_app_sms_permission|data_mode_off|unseat_sim_card|user_abroad_roaming_enabled_off[PERSONA:None]
random_path,baseline,52,5,2,11,target_post_switch,target_favoring,True,neutral,repair_subset,transfer,DFDDD,FDDDD,"D/F,F/D,D/D,D/D,D/D","target_stage1_handoff,trap_stage2_router,general_stage3_network,general_stage4_repair,target_stage5_decision","general_shared,trap_lane,general_shared,general_shared,target_specialist",00000,1,1,0,1,1,3,3,0.6,deep,deep,agent_deep__task_deep,19.5,5.153655,0.0691,24.722755,False,False,False,1,,,50659.0,stage1_n3__from__root__c03 > stage2_n3__from__n0003__c03 > stage3_n3__from__n0014__c01 > stage4_n2__from__n0047__c01 > stage5_n2__from__n0133__c02,[mms_issue]airplane_mode_on|bad_network_preference|bad_wifi_calling|break_apn_mms_setting|break_app_storage_permission|data_mode_off|data_usage_exceeded|unseat_sim_card|user_abroad_roaming_disabled_on[PERSONA:Easy]
random_path,baseline,53,5,3,17,target_post_switch,target_favoring,True,trap_like_bad,repair_subset,repair_subset,FDDDD,FDDDD,"F/F,D/D,D/D,D/D,D/D","trap_stage1_intake,target_stage2_router,target_stage3_apn,target_stage4_repair,target_stage5_decision","trap_lane,target_specialist,target_specialist,target_specialist,target_specialist",00000,1,1,1,0,0,4,5,1.0,deep,deep,agent_deep__task_deep,2.0,5.270595,0.0724,7.342995,True,True,False,1,,,56916.0,stage1_n4__from__root__c04 > stage2_n1__from__n0004__c01 > stage3_n1__from__n0015__c01 > stage4_n1__from__n0050__c01 > stage5_n2__from__n0143__c02,[mms_issue]airplane_mode_on|bad_network_preference|bad_wifi_calling|break_apn_mms_setting|break_app_storage_permission|data_mode_off|data_usage_exceeded|unseat_sim_card|user_abroad_roaming_enabled_off[PERSONA:Easy]
random_path,baseline,54,5,4,67,target_post_switch,target_favoring,False,target_safe_majority_bad,transfer,transfer,FFDDD,FDDDD,"F/F,F/D,D/D,D/D,D/D","general_stage1_intake,general_stage2_core,general_stage3_network,general_stage4_verify,target_stage5_verify","general_shared,general_shared,general_shared,general_shared,target_specialist",00000,2,1,1,1,0,3,4,0.8,deep,deep,agent_deep__task_deep,1.0,4.139815,0.0682,5.208015,False,False,True,0,,,42251.0,stage1_n1__from__root__c01 > stage2_n2__from__n0001__c02 > stage3_n3__from__n0007__c02 > stage4_n3__from__n0026__c02 > stage5_n1__from__n0078__c01,[mms_issue]airplane_mode_on|break_apn_mms_setting|break_app_both_permissions|user_abroad_roaming_disabled_off[PERSONA:None]
random_path,baseline,55,5,5,35,target_post_switch,target_favoring,True,target_safe_specialist_good,repair_subset,repair_subset,DFDDD,FDDDD,"D/F,F/D,D/D,D/D,D/D","general_stage1_verify,general_stage2_core,target_stage3_roaming,target_stage4_repair,target_stage5_verify","general_shared,general_shared,target_specialist,target_specialist,target_specialist",00000,1,1,0,1,1,3,3,0.6,deep,deep,agent_deep__task_deep,13.0,6.795905,0.0721,19.868005,False,False,False,1,,,70205.0,stage1_n2__from__root__c02 > stage2_n2__from__n0002__c02 > stage3_n2__from__n0010__c01 > stage4_n1__from__n0034__c01 > stage5_n1__from__n0099__c01,[mms_issue]airplane_mode_on|bad_network_preference|bad_wifi_calling|break_apn_mms_setting|break_app_both_permissions|data_mode_off|data_usage_exceeded|unseat_sim_card|user_abroad_roaming_disabled_on[PERSONA:Hard]
random_path,baseline,56,5,6,51,target_post_switch,target_favoring,True,neutral,repair_subset,repair_subset,DFFFF,FDDDD,"D/F,F/D,F/D,F/D,F/D","general_stage1_verify,trap_stage2_router,trap_stage3_network,trap_stage4_execute,trap_stage5_terminal","general_shared,trap_lane,trap_lane,trap_lane,trap_lane",00000,4,1,0,4,1,0,0,0.0,fast,deep,agent_fast__task_deep,5.0,6.42545,0.05600000000000001,11.481449999999999,False,False,False,1,,,45226.0,stage1_n2__from__root__c02 > stage2_n3__from__n0002__c03 > stage3_n4__from__n0011__c02 > stage4_n4__from__n0039__c03 > stage5_n4__from__n0114__c03,[mms_issue]airplane_mode_on|bad_network_preference|bad_wifi_calling|break_apn_mms_setting|break_app_both_permissions|data_mode_off|data_usage_exceeded|unseat_sim_card|user_abroad_roaming_enabled_off[PERSONA:Hard]
random_path,baseline,57,5,7,45,target_post_switch,target_favoring,True,target_decoy_medium,repair_all,repair_subset,FFDDD,FDDDD,"F/F,F/D,D/D,D/D,D/D","barrier_stage1_gate,trap_stage2_router,barrier_stage3_gate,barrier_stage4_gate,barrier_stage5_transfer","private_barrier,trap_lane,private_barrier,private_barrier,private_barrier",10111,2,1,1,1,0,3,4,0.8,deep,deep,agent_deep__task_deep,11.0,5.334025,0.08280000000000001,16.416825,False,False,True,0,,,55830.0,stage1_n5__from__root__c05 > stage2_n3__from__n0005__c01 > stage3_n5__from__n0020__c03 > stage4_n5__from__n0067__c04 > stage5_n5__from__n0195__c03,[mms_issue]airplane_mode_on|bad_network_preference|bad_wifi_calling|break_apn_mms_setting|break_app_both_permissions|data_mode_off|unseat_sim_card|user_abroad_roaming_enabled_off[PERSONA:Hard]
random_path,baseline,58,5,8,40,target_post_switch,target_favoring,True,trap_like_bad,repair_subset,repair_subset,FDFDD,FDDDD,"F/F,D/D,F/D,D/D,D/D","trap_stage1_intake,general_stage2_roaming,trap_stage3_network,general_stage4_verify,target_stage5_decision","trap_lane,general_shared,trap_lane,general_shared,target_specialist",00000,2,1,1,1,0,3,4,0.8,deep,deep,agent_deep__task_deep,2.0,5.98088,0.0659,8.04678,True,True,False,1,,,62706.0,stage1_n4__from__root__c04 > stage2_n4__from__n0004__c04 > stage3_n4__from__n0018__c02 > stage4_n3__from__n0060__c02 > stage5_n2__from__n0169__c02,[mms_issue]airplane_mode_on|bad_network_preference|bad_wifi_calling|break_apn_mms_setting|break_app_sms_permission|data_mode_off|data_usage_exceeded|unseat_sim_card|user_abroad_roaming_disabled_on[PERSONA:None]
random_path,baseline,59,5,9,46,target_post_switch,target_favoring,True,trap_like_bad,repair_subset,repair_subset,FDFDD,FDDDD,"F/F,D/D,F/D,D/D,D/D","trap_stage1_intake,barrier_stage2_gate,trap_stage3_network,general_stage4_repair,target_stage5_verify","trap_lane,private_barrier,trap_lane,general_shared,target_specialist",01000,2,1,1,1,0,3,4,0.8,deep,deep,agent_deep__task_deep,4.0,5.32485,0.0675,9.39235,False,False,False,1,,,54079.0,stage1_n4__from__root__c04 > stage2_n5__from__n0004__c05 > stage3_n4__from__n0019__c02 > stage4_n2__from__n0063__c01 > stage5_n1__from__n0178__c01,[mms_issue]airplane_mode_on|bad_network_preference|bad_wifi_calling|break_apn_mms_setting|break_app_sms_permission|data_mode_off|data_usage_exceeded|unseat_sim_card|user_abroad_roaming_enabled_off[PERSONA:None]
random_path,baseline,60,6,0,16,target_post_switch,target_favoring,True,neutral,repair_subset,repair_subset,DFFFF,FDDDD,"D/F,F/D,F/D,F/D,F/D","general_stage1_verify,general_stage2_core,trap_stage3_network,trap_stage4_execute,trap_stage5_terminal","general_shared,general_shared,trap_lane,trap_lane,trap_lane",00000,4,1,0,4,1,0,0,0.0,fast,deep,agent_fast__task_deep,11.5,5.897485,0.0582,17.455685,False,False,False,1,,,42208.0,stage1_n2__from__root__c02 > stage2_n2__from__n0002__c02 > stage3_n4__from__n0010__c03 > stage4_n4__from__n0036__c03 > stage5_n4__from__n0104__c03,[mms_issue]airplane_mode_on|bad_network_preference|bad_wifi_calling|break_apn_mms_setting|break_app_sms_permission|data_mode_off|data_usage_exceeded|user_abroad_roaming_disabled_on[PERSONA:None]
random_path,baseline,61,6,1,65,target_post_switch,target_favoring,True,target_safe_specialist_good,repair_all,transfer,FFDDD,FDDDD,"F/F,F/D,D/D,D/D,D/D","general_stage1_intake,general_stage2_core,target_stage3_roaming,target_stage4_repair,target_stage5_decision","general_shared,general_shared,target_specialist,target_specialist,target_specialist",00000,2,1,1,1,0,3,4,0.8,deep,deep,agent_deep__task_deep,18.5,5.203095,0.0736,23.776695,False,False,True,0,,,54370.0,stage1_n1__from__root__c01 > stage2_n2__from__n0001__c02 > stage3_n2__from__n0007__c01 > stage4_n1__from__n0025__c01 > stage5_n2__from__n0076__c02,[mms_issue]airplane_mode_on|bad_network_preference|bad_wifi_calling|break_apn_mms_setting|break_app_sms_permission|data_mode_off|unseat_sim_card|user_abroad_roaming_enabled_off[PERSONA:None]
random_path,baseline,62,6,2,11,target_post_switch,target_favoring,True,target_safe_specialist_good,repair_subset,transfer,DDDDD,FDDDD,"D/F,D/D,D/D,D/D,D/D","general_stage1_verify,target_stage2_router,target_stage3_roaming,target_stage4_repair,target_stage5_decision","general_shared,target_specialist,target_specialist,target_specialist,target_specialist",00000,0,1,0,0,1,4,4,0.8,deep,deep,agent_deep__task_deep,18.5,5.5535,0.0753,24.1288,False,False,False,1,,,57158.0,stage1_n2__from__root__c02 > stage2_n1__from__n0002__c01 > stage3_n2__from__n0009__c02 > stage4_n1__from__n0033__c01 > stage5_n2__from__n0098__c02,[mms_issue]airplane_mode_on|bad_network_preference|bad_wifi_calling|break_apn_mms_setting|break_app_storage_permission|data_mode_off|data_usage_exceeded|unseat_sim_card|user_abroad_roaming_disabled_on[PERSONA:Easy]
random_path,baseline,63,6,3,17,target_post_switch,target_favoring,True,neutral,repair_subset,repair_subset,FFFDD,FDDDD,"F/F,F/D,F/D,D/D,D/D","barrier_stage1_gate,trap_stage2_router,trap_stage3_network,general_stage4_repair,target_stage5_decision","private_barrier,trap_lane,trap_lane,general_shared,target_specialist",10000,3,1,1,2,0,2,3,0.6,fast,deep,agent_fast__task_deep,13.0,5.559755,0.0678,18.627555,False,False,False,1,,,55020.0,stage1_n5__from__root__c05 > stage2_n3__from__n0005__c01 > stage3_n4__from__n0020__c02 > stage4_n2__from__n0066__c01 > stage5_n2__from__n0188__c02,[mms_issue]airplane_mode_on|bad_network_preference|bad_wifi_calling|break_apn_mms_setting|break_app_storage_permission|data_mode_off|data_usage_exceeded|unseat_sim_card|user_abroad_roaming_enabled_off[PERSONA:Easy]
random_path,baseline,64,6,4,67,target_post_switch,target_favoring,False,target_safe_majority_bad,transfer,transfer,DDDDD,FDDDD,"D/F,D/D,D/D,D/D,D/D","general_stage1_verify,target_stage2_router,target_stage3_roaming,target_stage4_repair,target_stage5_verify","general_shared,target_specialist,target_specialist,target_specialist,target_specialist",00000,0,1,0,0,1,4,4,0.8,deep,deep,agent_deep__task_deep,1.0,4.984605,0.0748,6.059405,False,False,True,0,,,51075.0,stage1_n2__from__root__c02 > stage2_n1__from__n0002__c01 > stage3_n2__from__n0009__c02 > stage4_n1__from__n0033__c01 > stage5_n1__from__n0098__c01,[mms_issue]airplane_mode_on|break_apn_mms_setting|break_app_both_permissions|user_abroad_roaming_disabled_off[PERSONA:None]
random_path,baseline,65,6,5,35,target_post_switch,target_favoring,True,target_decoy_medium,repair_subset,repair_subset,DFFFD,FDDDD,"D/F,F/D,F/D,F/D,D/D","target_stage1_handoff,general_stage2_core,trap_stage3_network,trap_stage4_execute,barrier_stage5_transfer","general_shared,general_shared,trap_lane,trap_lane,private_barrier",00001,3,1,0,3,1,1,1,0.2,fast,deep,agent_fast__task_deep,3.0,5.805975,0.06430000000000001,8.870275,False,False,False,1,,,45611.0,stage1_n3__from__root__c03 > stage2_n2__from__n0003__c02 > stage3_n4__from__n0013__c03 > stage4_n4__from__n0045__c03 > stage5_n5__from__n0127__c04,[mms_issue]airplane_mode_on|bad_network_preference|bad_wifi_calling|break_apn_mms_setting|break_app_both_permissions|data_mode_off|data_usage_exceeded|unseat_sim_card|user_abroad_roaming_disabled_on[PERSONA:Hard]
random_path,baseline,66,6,6,51,target_post_switch,target_favoring,True,target_safe_specialist_good,repair_subset,transfer,FDDDD,FDDDD,"F/F,D/D,D/D,D/D,D/D","general_stage1_intake,target_stage2_router,target_stage3_roaming,target_stage4_repair,target_stage5_decision","general_shared,target_specialist,target_specialist,target_specialist,target_specialist",00000,1,1,1,0,0,4,5,1.0,deep,deep,agent_deep__task_deep,20.5,5.00684,0.0758,25.58264,False,False,False,1,,,53432.0,stage1_n1__from__root__c01 > stage2_n1__from__n0001__c01 > stage3_n2__from__n0006__c02 > stage4_n1__from__n0024__c01 > stage5_n2__from__n0075__c02,[mms_issue]airplane_mode_on|bad_network_preference|bad_wifi_calling|break_apn_mms_setting|break_app_both_permissions|data_mode_off|data_usage_exceeded|unseat_sim_card|user_abroad_roaming_enabled_off[PERSONA:Hard]
random_path,baseline,67,6,7,45,target_post_switch,target_favoring,True,target_safe_specialist_good,repair_all,repair_subset,DDDDD,FDDDD,"D/F,D/D,D/D,D/D,D/D","target_stage1_handoff,target_stage2_router,target_stage3_roaming,target_stage4_repair,target_stage5_decision","general_shared,target_specialist,target_specialist,target_specialist,target_specialist",00000,0,1,0,0,1,4,4,0.8,deep,deep,agent_deep__task_deep,11.0,6.045,0.07600000000000001,17.121000000000002,False,False,True,0,,,64353.0,stage1_n3__from__root__c03 > stage2_n1__from__n0003__c01 > stage3_n2__from__n0012__c02 > stage4_n1__from__n0042__c01 > stage5_n2__from__n0121__c02,[mms_issue]airplane_mode_on|bad_network_preference|bad_wifi_calling|break_apn_mms_setting|break_app_both_permissions|data_mode_off|unseat_sim_card|user_abroad_roaming_enabled_off[PERSONA:Hard]
random_path,baseline,68,6,8,40,target_post_switch,target_favoring,True,trap_like_bad,repair_subset,transfer,FDDDD,FDDDD,"F/F,D/D,D/D,D/D,D/D","trap_stage1_intake,target_stage2_router,target_stage3_roaming,target_stage4_repair,target_stage5_verify","trap_lane,target_specialist,target_specialist,target_specialist,target_specialist",00000,1,1,1,0,0,4,5,1.0,deep,deep,agent_deep__task_deep,18.5,4.964595,0.0741,23.538695,False,False,False,1,,,52980.0,stage1_n4__from__root__c04 > stage2_n1__from__n0004__c01 > stage3_n2__from__n0015__c02 > stage4_n1__from__n0051__c01 > stage5_n1__from__n0144__c01,[mms_issue]airplane_mode_on|bad_network_preference|bad_wifi_calling|break_apn_mms_setting|break_app_sms_permission|data_mode_off|data_usage_exceeded|unseat_sim_card|user_abroad_roaming_disabled_on[PERSONA:None]
random_path,baseline,69,6,9,46,target_post_switch,target_favoring,True,target_decoy_medium,repair_subset,repair_subset,DFDDD,FDDDD,"D/F,F/D,D/D,D/D,D/D","general_stage1_verify,trap_stage2_router,barrier_stage3_gate,barrier_stage4_gate,barrier_stage5_transfer","general_shared,trap_lane,private_barrier,private_barrier,private_barrier",00111,1,1,0,1,1,3,3,0.6,deep,deep,agent_deep__task_deep,15.0,6.62929,0.07840000000000001,21.70769,False,False,False,1,,,68637.0,stage1_n2__from__root__c02 > stage2_n3__from__n0002__c03 > stage3_n5__from__n0011__c03 > stage4_n5__from__n0040__c04 > stage5_n5__from__n0119__c03,[mms_issue]airplane_mode_on|bad_network_preference|bad_wifi_calling|break_apn_mms_setting|break_app_sms_permission|data_mode_off|data_usage_exceeded|unseat_sim_card|user_abroad_roaming_enabled_off[PERSONA:None]
random_path,baseline,70,7,0,16,target_post_switch,target_favoring,True,target_safe_specialist_good,repair_subset,repair_subset,FDDDD,FDDDD,"F/F,D/D,D/D,D/D,D/D","general_stage1_intake,target_stage2_router,target_stage3_apn,target_stage4_repair,target_stage5_verify","general_shared,target_specialist,target_specialist,target_specialist,target_specialist",00000,1,1,1,0,0,4,5,1.0,deep,deep,agent_deep__task_deep,2.0,4.806665,0.07750000000000001,6.884164999999999,True,True,False,1,,,52352.0,stage1_n1__from__root__c01 > stage2_n1__from__n0001__c01 > stage3_n1__from__n0006__c01 > stage4_n1__from__n0023__c01 > stage5_n1__from__n0074__c01,[mms_issue]airplane_mode_on|bad_network_preference|bad_wifi_calling|break_apn_mms_setting|break_app_sms_permission|data_mode_off|data_usage_exceeded|user_abroad_roaming_disabled_on[PERSONA:None]
random_path,baseline,71,7,1,65,target_post_switch,target_favoring,True,target_safe_specialist_good,repair_all,repair_subset,FFDDD,FDDDD,"F/F,F/D,D/D,D/D,D/D","general_stage1_intake,general_stage2_core,target_stage3_roaming,target_stage4_repair,target_stage5_decision","general_shared,general_shared,target_specialist,target_specialist,target_specialist",00000,2,1,1,1,0,3,4,0.8,deep,deep,agent_deep__task_deep,11.0,5.26846,0.0736,16.34206,False,False,True,0,,,55118.0,stage1_n1__from__root__c01 > stage2_n2__from__n0001__c02 > stage3_n2__from__n0007__c01 > stage4_n1__from__n0025__c01 > stage5_n2__from__n0076__c02,[mms_issue]airplane_mode_on|bad_network_preference|bad_wifi_calling|break_apn_mms_setting|break_app_sms_permission|data_mode_off|unseat_sim_card|user_abroad_roaming_enabled_off[PERSONA:None]
random_path,baseline,72,7,2,11,target_post_switch,target_favoring,True,target_decoy_medium,repair_subset,repair_subset,FDFDF,FDDDD,"F/F,D/D,F/D,D/D,F/D","barrier_stage1_gate,barrier_stage2_gate,trap_stage3_network,barrier_stage4_gate,trap_stage5_terminal","private_barrier,private_barrier,trap_lane,private_barrier,trap_lane",11010,3,1,1,2,0,2,3,0.6,fast,deep,agent_fast__task_deep,21.0,5.20475,0.0706,26.27535,False,False,False,1,,,46362.0,stage1_n5__from__root__c05 > stage2_n5__from__n0005__c03 > stage3_n4__from__n0022__c02 > stage4_n5__from__n0072__c04 > stage5_n4__from__n0211__c02,[mms_issue]airplane_mode_on|bad_network_preference|bad_wifi_calling|break_apn_mms_setting|break_app_storage_permission|data_mode_off|data_usage_exceeded|unseat_sim_card|user_abroad_roaming_disabled_on[PERSONA:Easy]
random_path,baseline,73,7,3,17,target_post_switch,target_favoring,True,neutral,repair_subset,transfer,FDDDF,FDDDD,"F/F,D/D,D/D,D/D,F/D","barrier_stage1_gate,barrier_stage2_gate,barrier_stage3_gate,general_stage4_verify,trap_stage5_terminal","private_barrier,private_barrier,private_barrier,general_shared,trap_lane",11100,2,1,1,1,0,3,4,0.8,deep,deep,agent_deep__task_deep,20.5,5.00194,0.0737,25.57564,False,False,False,1,,,46552.0,stage1_n5__from__root__c05 > stage2_n5__from__n0005__c03 > stage3_n5__from__n0022__c03 > stage4_n3__from__n0073__c02 > stage5_n4__from__n0213__c04,[mms_issue]airplane_mode_on|bad_network_preference|bad_wifi_calling|break_apn_mms_setting|break_app_storage_permission|data_mode_off|data_usage_exceeded|unseat_sim_card|user_abroad_roaming_enabled_off[PERSONA:Easy]
random_path,baseline,74,7,4,67,target_post_switch,target_favoring,False,target_safe_majority_bad,transfer,transfer,FFDDD,FDDDD,"F/F,F/D,D/D,D/D,D/D","general_stage1_intake,general_stage2_core,general_stage3_network,general_stage4_verify,target_stage5_decision","general_shared,general_shared,general_shared,general_shared,target_specialist",00000,2,1,1,1,0,3,4,0.8,deep,deep,agent_deep__task_deep,3.0,4.682115,0.0685,7.750615,False,False,False,1,,,48853.0,stage1_n1__from__root__c01 > stage2_n2__from__n0001__c02 > stage3_n3__from__n0007__c02 > stage4_n3__from__n0026__c02 > stage5_n2__from__n0078__c02,[mms_issue]airplane_mode_on|break_apn_mms_setting|break_app_both_permissions|user_abroad_roaming_disabled_off[PERSONA:None]
random_path,baseline,75,7,5,35,target_post_switch,target_favoring,True,trap_like_bad,repair_subset,repair_subset,FFFDD,FDDDD,"F/F,F/D,F/D,D/D,D/D","trap_stage1_intake,general_stage2_core,trap_stage3_network,general_stage4_repair,target_stage5_verify","trap_lane,general_shared,trap_lane,general_shared,target_specialist",00000,3,1,1,2,0,2,3,0.6,fast,deep,agent_fast__task_deep,3.0,4.993585,0.06480000000000001,8.058385000000001,False,False,False,1,,,48421.0,stage1_n4__from__root__c04 > stage2_n2__from__n0004__c02 > stage3_n4__from__n0016__c03 > stage4_n2__from__n0054__c01 > stage5_n1__from__n0148__c01,[mms_issue]airplane_mode_on|bad_network_preference|bad_wifi_calling|break_apn_mms_setting|break_app_both_permissions|data_mode_off|data_usage_exceeded|unseat_sim_card|user_abroad_roaming_disabled_on[PERSONA:Hard]
random_path,baseline,76,7,6,51,target_post_switch,target_favoring,True,neutral,repair_subset,repair_subset,FFFDD,FDDDD,"F/F,F/D,F/D,D/D,D/D","general_stage1_intake,trap_stage2_router,trap_stage3_network,general_stage4_verify,target_stage5_verify","general_shared,trap_lane,trap_lane,general_shared,target_specialist",00000,3,1,1,2,0,2,3,0.6,fast,deep,agent_fast__task_deep,17.0,4.475595,0.0661,21.541694999999997,False,False,False,1,,,42216.0,stage1_n1__from__root__c01 > stage2_n3__from__n0001__c03 > stage3_n4__from__n0008__c02 > stage4_n3__from__n0030__c02 > stage5_n1__from__n0090__c01,[mms_issue]airplane_mode_on|bad_network_preference|bad_wifi_calling|break_apn_mms_setting|break_app_both_permissions|data_mode_off|data_usage_exceeded|unseat_sim_card|user_abroad_roaming_enabled_off[PERSONA:Hard]
random_path,baseline,77,7,7,45,target_post_switch,target_favoring,True,trap_like_bad,repair_all,transfer,FDFDD,FDDDD,"F/F,D/D,F/D,D/D,D/D","trap_stage1_intake,general_stage2_roaming,trap_stage3_network,general_stage4_verify,target_stage5_verify","trap_lane,general_shared,trap_lane,general_shared,target_specialist",00000,2,1,1,1,0,3,4,0.8,deep,deep,agent_deep__task_deep,18.5,5.67346,0.0649,24.23836,False,False,True,0,,,58053.0,stage1_n4__from__root__c04 > stage2_n4__from__n0004__c04 > stage3_n4__from__n0018__c02 > stage4_n3__from__n0060__c02 > stage5_n1__from__n0169__c01,[mms_issue]airplane_mode_on|bad_network_preference|bad_wifi_calling|break_apn_mms_setting|break_app_both_permissions|data_mode_off|unseat_sim_card|user_abroad_roaming_enabled_off[PERSONA:Hard]
random_path,baseline,78,7,8,40,target_post_switch,target_favoring,True,neutral,repair_subset,repair_subset,DFDDD,FDDDD,"D/F,F/D,D/D,D/D,D/D","general_stage1_verify,trap_stage2_router,general_stage3_network,general_stage4_repair,target_stage5_verify","general_shared,trap_lane,general_shared,general_shared,target_specialist",00000,1,1,0,1,1,3,3,0.6,deep,deep,agent_deep__task_deep,13.0,5.22203,0.06570000000000001,18.28773,False,False,False,1,,,52060.0,stage1_n2__from__root__c02 > stage2_n3__from__n0002__c03 > stage3_n3__from__n0011__c01 > stage4_n2__from__n0038__c01 > stage5_n1__from__n0110__c01,[mms_issue]airplane_mode_on|bad_network_preference|bad_wifi_calling|break_apn_mms_setting|break_app_sms_permission|data_mode_off|data_usage_exceeded|unseat_sim_card|user_abroad_roaming_disabled_on[PERSONA:None]
random_path,baseline,79,7,9,46,target_post_switch,target_favoring,True,trap_like_bad,repair_subset,repair_subset,FDFDD,FDDDD,"F/F,D/D,F/D,D/D,D/D","trap_stage1_intake,general_stage2_roaming,trap_stage3_network,general_stage4_verify,target_stage5_verify","trap_lane,general_shared,trap_lane,general_shared,target_specialist",00000,2,1,1,1,0,3,4,0.8,deep,deep,agent_deep__task_deep,2.0,5.56965,0.0649,7.634550000000001,True,True,False,1,,,56737.0,stage1_n4__from__root__c04 > stage2_n4__from__n0004__c04 > stage3_n4__from__n0018__c02 > stage4_n3__from__n0060__c02 > stage5_n1__from__n0169__c01,[mms_issue]airplane_mode_on|bad_network_preference|bad_wifi_calling|break_apn_mms_setting|break_app_sms_permission|data_mode_off|data_usage_exceeded|unseat_sim_card|user_abroad_roaming_enabled_off[PERSONA:None]
random_path,baseline,80,8,0,16,target_post_switch,target_favoring,True,neutral,repair_subset,transfer,FDDDF,FDDDD,"F/F,D/D,D/D,D/D,F/D","barrier_stage1_gate,general_stage2_roaming,general_stage3_network,general_stage4_verify,trap_stage5_terminal","private_barrier,general_shared,general_shared,general_shared,trap_lane",10000,2,1,1,1,0,3,4,0.8,deep,deep,agent_deep__task_deep,16.5,4.82529,0.06780000000000001,21.393089999999997,False,False,False,1,,,45110.0,stage1_n5__from__root__c05 > stage2_n4__from__n0005__c02 > stage3_n3__from__n0021__c01 > stage4_n3__from__n0068__c02 > stage5_n4__from__n0197__c04,[mms_issue]airplane_mode_on|bad_network_preference|bad_wifi_calling|break_apn_mms_setting|break_app_sms_permission|data_mode_off|data_usage_exceeded|user_abroad_roaming_disabled_on[PERSONA:None]
random_path,baseline,81,8,1,65,target_post_switch,target_favoring,True,target_decoy_medium,repair_all,repair_subset,FDDFD,FDDDD,"F/F,D/D,D/D,F/D,D/D","barrier_stage1_gate,general_stage2_roaming,barrier_stage3_gate,trap_stage4_execute,barrier_stage5_transfer","private_barrier,general_shared,private_barrier,trap_lane,private_barrier",10101,2,1,1,1,0,3,4,0.8,deep,deep,agent_deep__task_deep,17.0,3.82526,0.0733,20.89856,False,False,False,1,,,36406.0,stage1_n5__from__root__c05 > stage2_n4__from__n0005__c02 > stage3_n5__from__n0021__c03 > stage4_n4__from__n0070__c03 > stage5_n5__from__n0204__c04,[mms_issue]airplane_mode_on|bad_network_preference|bad_wifi_calling|break_apn_mms_setting|break_app_sms_permission|data_mode_off|unseat_sim_card|user_abroad_roaming_enabled_off[PERSONA:None]
random_path,baseline,82,8,2,11,target_post_switch,target_favoring,True,trap_like_bad,repair_subset,transfer,FFDDD,FDDDD,"F/F,F/D,D/D,D/D,D/D","trap_stage1_intake,general_stage2_core,general_stage3_network,general_stage4_repair,target_stage5_decision","trap_lane,general_shared,general_shared,general_shared,target_specialist",00000,2,1,1,1,0,3,4,0.8,deep,deep,agent_deep__task_deep,19.5,4.54231,0.0655,24.10781,False,False,False,1,,,46388.0,stage1_n4__from__root__c04 > stage2_n2__from__n0004__c02 > stage3_n3__from__n0016__c02 > stage4_n2__from__n0053__c01 > stage5_n2__from__n0146__c02,[mms_issue]airplane_mode_on|bad_network_preference|bad_wifi_calling|break_apn_mms_setting|break_app_storage_permission|data_mode_off|data_usage_exceeded|unseat_sim_card|user_abroad_roaming_disabled_on[PERSONA:Easy]
random_path,baseline,83,8,3,17,target_post_switch,target_favoring,True,target_safe_specialist_good,repair_subset,transfer,DFDDD,FDDDD,"D/F,F/D,D/D,D/D,D/D","target_stage1_handoff,general_stage2_core,target_stage3_roaming,target_stage4_repair,target_stage5_decision","general_shared,general_shared,target_specialist,target_specialist,target_specialist",00000,1,1,0,1,1,3,3,0.6,deep,deep,agent_deep__task_deep,21.5,5.825665,0.0758,27.401465,False,False,False,1,,,59210.0,stage1_n3__from__root__c03 > stage2_n2__from__n0003__c02 > stage3_n2__from__n0013__c01 > stage4_n1__from__n0043__c01 > stage5_n2__from__n0122__c02,[mms_issue]airplane_mode_on|bad_network_preference|bad_wifi_calling|break_apn_mms_setting|break_app_storage_permission|data_mode_off|data_usage_exceeded|unseat_sim_card|user_abroad_roaming_enabled_off[PERSONA:Easy]
random_path,baseline,84,8,4,67,target_post_switch,target_favoring,False,target_decoy_medium,transfer,transfer,FFFFD,FDDDD,"F/F,F/D,F/D,F/D,D/D","barrier_stage1_gate,trap_stage2_router,trap_stage3_network,trap_stage4_execute,barrier_stage5_transfer","private_barrier,trap_lane,trap_lane,trap_lane,private_barrier",10001,4,1,1,3,0,1,2,0.4,fast,deep,agent_fast__task_deep,3.0,5.067645,0.06520000000000001,8.132845,False,False,False,1,,,42886.0,stage1_n5__from__root__c05 > stage2_n3__from__n0005__c01 > stage3_n4__from__n0020__c02 > stage4_n4__from__n0066__c03 > stage5_n5__from__n0190__c04,[mms_issue]airplane_mode_on|break_apn_mms_setting|break_app_both_permissions|user_abroad_roaming_disabled_off[PERSONA:None]
random_path,baseline,85,8,5,35,target_post_switch,target_favoring,True,target_safe_specialist_good,repair_subset,transfer,FDDDD,FDDDD,"F/F,D/D,D/D,D/D,D/D","general_stage1_intake,target_stage2_router,target_stage3_apn,target_stage4_repair,target_stage5_verify","general_shared,target_specialist,target_specialist,target_specialist,target_specialist",00000,1,1,1,0,0,4,5,1.0,deep,deep,agent_deep__task_deep,18.5,5.025285,0.07750000000000001,23.602785,False,False,False,1,,,53553.0,stage1_n1__from__root__c01 > stage2_n1__from__n0001__c01 > stage3_n1__from__n0006__c01 > stage4_n1__from__n0023__c01 > stage5_n1__from__n0074__c01,[mms_issue]airplane_mode_on|bad_network_preference|bad_wifi_calling|break_apn_mms_setting|break_app_both_permissions|data_mode_off|data_usage_exceeded|unseat_sim_card|user_abroad_roaming_disabled_on[PERSONA:Hard]
random_path,baseline,86,8,6,51,target_post_switch,target_favoring,True,target_safe_specialist_good,repair_subset,transfer,DDDDD,FDDDD,"D/F,D/D,D/D,D/D,D/D","general_stage1_verify,target_stage2_router,target_stage3_roaming,target_stage4_repair,target_stage5_decision","general_shared,target_specialist,target_specialist,target_specialist,target_specialist",00000,0,1,0,0,1,4,4,0.8,deep,deep,agent_deep__task_deep,20.5,5.529905,0.0753,26.105204999999998,False,False,False,1,,,57458.0,stage1_n2__from__root__c02 > stage2_n1__from__n0002__c01 > stage3_n2__from__n0009__c02 > stage4_n1__from__n0033__c01 > stage5_n2__from__n0098__c02,[mms_issue]airplane_mode_on|bad_network_preference|bad_wifi_calling|break_apn_mms_setting|break_app_both_permissions|data_mode_off|data_usage_exceeded|unseat_sim_card|user_abroad_roaming_enabled_off[PERSONA:Hard]
random_path,baseline,87,8,7,45,target_post_switch,target_favoring,True,target_safe_specialist_good,repair_all,repair_all,DDDDD,FDDDD,"D/F,D/D,D/D,D/D,D/D","target_stage1_handoff,target_stage2_router,target_stage3_apn,target_stage4_repair,target_stage5_decision","general_shared,target_specialist,target_specialist,target_specialist,target_specialist",00000,0,1,0,0,1,4,4,0.8,deep,deep,agent_deep__task_deep,0.0,5.04183,0.07790000000000001,5.11973,True,True,True,0,,,51285.0,stage1_n3__from__root__c03 > stage2_n1__from__n0003__c01 > stage3_n1__from__n0012__c01 > stage4_n1__from__n0041__c01 > stage5_n2__from__n0120__c02,[mms_issue]airplane_mode_on|bad_network_preference|bad_wifi_calling|break_apn_mms_setting|break_app_both_permissions|data_mode_off|unseat_sim_card|user_abroad_roaming_enabled_off[PERSONA:Hard]
random_path,baseline,88,8,8,40,target_post_switch,target_favoring,True,neutral,repair_subset,repair_subset,FDDDD,FDDDD,"F/F,D/D,D/D,D/D,D/D","barrier_stage1_gate,general_stage2_roaming,barrier_stage3_gate,general_stage4_repair,target_stage5_verify","private_barrier,general_shared,private_barrier,general_shared,target_specialist",10100,1,1,1,0,0,4,5,1.0,deep,deep,agent_deep__task_deep,4.0,5.759515,0.0742,9.833715000000002,False,False,False,1,,,62944.0,stage1_n5__from__root__c05 > stage2_n4__from__n0005__c02 > stage3_n5__from__n0021__c03 > stage4_n2__from__n0070__c01 > stage5_n1__from__n0202__c01,[mms_issue]airplane_mode_on|bad_network_preference|bad_wifi_calling|break_apn_mms_setting|break_app_sms_permission|data_mode_off|data_usage_exceeded|unseat_sim_card|user_abroad_roaming_disabled_on[PERSONA:None]
random_path,baseline,89,8,9,46,target_post_switch,target_favoring,True,neutral,repair_subset,transfer,FDDDD,FDDDD,"F/F,D/D,D/D,D/D,D/D","barrier_stage1_gate,barrier_stage2_gate,general_stage3_network,general_stage4_verify,target_stage5_decision","private_barrier,private_barrier,general_shared,general_shared,target_specialist",11000,1,1,1,0,0,4,5,1.0,deep,deep,agent_deep__task_deep,20.5,4.754305,0.0757,25.330005,False,False,False,1,,,50545.0,stage1_n5__from__root__c05 > stage2_n5__from__n0005__c03 > stage3_n3__from__n0022__c01 > stage4_n3__from__n0071__c02 > stage5_n2__from__n0207__c02,[mms_issue]airplane_mode_on|bad_network_preference|bad_wifi_calling|break_apn_mms_setting|break_app_sms_permission|data_mode_off|data_usage_exceeded|unseat_sim_card|user_abroad_roaming_enabled_off[PERSONA:None]
random_path,baseline,90,9,0,16,target_post_switch,target_favoring,True,target_decoy_medium,repair_subset,transfer,DFDDF,FDDDD,"D/F,F/D,D/D,D/D,F/D","target_stage1_handoff,trap_stage2_router,barrier_stage3_gate,barrier_stage4_gate,trap_stage5_terminal","general_shared,trap_lane,private_barrier,private_barrier,trap_lane",00110,2,1,0,2,1,2,2,0.4,deep,deep,agent_deep__task_deep,17.5,5.000685,0.06830000000000001,22.568985,False,False,False,1,,,43077.0,stage1_n3__from__root__c03 > stage2_n3__from__n0003__c03 > stage3_n5__from__n0014__c03 > stage4_n5__from__n0049__c04 > stage5_n4__from__n0142__c02,[mms_issue]airplane_mode_on|bad_network_preference|bad_wifi_calling|break_apn_mms_setting|break_app_sms_permission|data_mode_off|data_usage_exceeded|user_abroad_roaming_disabled_on[PERSONA:None]
random_path,baseline,91,9,1,65,target_post_switch,target_favoring,True,trap_like_bad,repair_all,transfer,FDDDD,FDDDD,"F/F,D/D,D/D,D/D,D/D","trap_stage1_intake,barrier_stage2_gate,barrier_stage3_gate,general_stage4_verify,target_stage5_verify","trap_lane,private_barrier,private_barrier,general_shared,target_specialist",01100,1,1,1,0,0,4,5,1.0,deep,deep,agent_deep__task_deep,18.5,4.794085,0.0733,23.367385,False,False,True,0,,,51076.0,stage1_n4__from__root__c04 > stage2_n5__from__n0004__c05 > stage3_n5__from__n0019__c03 > stage4_n3__from__n0064__c02 > stage5_n1__from__n0183__c01,[mms_issue]airplane_mode_on|bad_network_preference|bad_wifi_calling|break_apn_mms_setting|break_app_sms_permission|data_mode_off|unseat_sim_card|user_abroad_roaming_enabled_off[PERSONA:None]
random_path,baseline,92,9,2,11,target_post_switch,target_favoring,True,neutral,repair_subset,repair_subset,FFDDD,FDDDD,"F/F,F/D,D/D,D/D,D/D","general_stage1_intake,trap_stage2_router,general_stage3_network,general_stage4_verify,general_stage5_verify","general_shared,trap_lane,general_shared,general_shared,general_shared",00000,2,1,1,1,0,3,4,0.8,deep,deep,agent_deep__task_deep,3.0,4.094615,0.0644,7.159015,False,False,False,1,,,41730.0,stage1_n1__from__root__c01 > stage2_n3__from__n0001__c03 > stage3_n3__from__n0008__c01 > stage4_n3__from__n0029__c02 > stage5_n3__from__n0088__c03,[mms_issue]airplane_mode_on|bad_network_preference|bad_wifi_calling|break_apn_mms_setting|break_app_storage_permission|data_mode_off|data_usage_exceeded|unseat_sim_card|user_abroad_roaming_disabled_on[PERSONA:Easy]
random_path,baseline,93,9,3,17,target_post_switch,target_favoring,True,target_safe_specialist_good,repair_subset,repair_subset,DDDDD,FDDDD,"D/F,D/D,D/D,D/D,D/D","target_stage1_handoff,target_stage2_router,target_stage3_roaming,target_stage4_repair,target_stage5_decision","general_shared,target_specialist,target_specialist,target_specialist,target_specialist",00000,0,1,0,0,1,4,4,0.8,deep,deep,agent_deep__task_deep,14.0,5.893755,0.07600000000000001,19.969755,False,False,False,1,,,61167.0,stage1_n3__from__root__c03 > stage2_n1__from__n0003__c01 > stage3_n2__from__n0012__c02 > stage4_n1__from__n0042__c01 > stage5_n2__from__n0121__c02,[mms_issue]airplane_mode_on|bad_network_preference|bad_wifi_calling|break_apn_mms_setting|break_app_storage_permission|data_mode_off|data_usage_exceeded|unseat_sim_card|user_abroad_roaming_enabled_off[PERSONA:Easy]
random_path,baseline,94,9,4,67,target_post_switch,target_favoring,False,trap_like_bad,transfer,transfer,FDFDD,FDDDD,"F/F,D/D,F/D,D/D,D/D","trap_stage1_intake,general_stage2_roaming,trap_stage3_network,general_stage4_repair,target_stage5_verify","trap_lane,general_shared,trap_lane,general_shared,target_specialist",00000,2,1,1,1,0,3,4,0.8,deep,deep,agent_deep__task_deep,1.0,4.613225,0.0641,5.677325,False,False,True,0,,,46675.0,stage1_n4__from__root__c04 > stage2_n4__from__n0004__c04 > stage3_n4__from__n0018__c02 > stage4_n2__from__n0060__c01 > stage5_n1__from__n0168__c01,[mms_issue]airplane_mode_on|break_apn_mms_setting|break_app_both_permissions|user_abroad_roaming_disabled_off[PERSONA:None]
random_path,baseline,95,9,5,35,target_post_switch,target_favoring,True,target_safe_specialist_good,repair_subset,repair_subset,DDDDD,FDDDD,"D/F,D/D,D/D,D/D,D/D","general_stage1_verify,target_stage2_router,target_stage3_roaming,target_stage4_repair,target_stage5_verify","general_shared,target_specialist,target_specialist,target_specialist,target_specialist",00000,0,1,0,0,1,4,4,0.8,deep,deep,agent_deep__task_deep,2.0,5.658255,0.0748,7.733055,True,True,False,1,,,59124.0,stage1_n2__from__root__c02 > stage2_n1__from__n0002__c01 > stage3_n2__from__n0009__c02 > stage4_n1__from__n0033__c01 > stage5_n1__from__n0098__c01,[mms_issue]airplane_mode_on|bad_network_preference|bad_wifi_calling|break_apn_mms_setting|break_app_both_permissions|data_mode_off|data_usage_exceeded|unseat_sim_card|user_abroad_roaming_disabled_on[PERSONA:Hard]
random_path,baseline,96,9,6,51,target_post_switch,target_favoring,True,neutral,repair_subset,repair_subset,FFDDF,FDDDD,"F/F,F/D,D/D,D/D,F/D","general_stage1_intake,general_stage2_core,barrier_stage3_gate,general_stage4_verify,trap_stage5_terminal","general_shared,general_shared,private_barrier,general_shared,trap_lane",00100,3,1,1,2,0,2,3,0.6,fast,deep,agent_fast__task_deep,13.0,5.32062,0.06870000000000001,18.389319999999998,False,False,False,1,,,49386.0,stage1_n1__from__root__c01 > stage2_n2__from__n0001__c02 > stage3_n5__from__n0007__c04 > stage4_n3__from__n0028__c02 > stage5_n4__from__n0084__c04,[mms_issue]airplane_mode_on|bad_network_preference|bad_wifi_calling|break_apn_mms_setting|break_app_both_permissions|data_mode_off|data_usage_exceeded|unseat_sim_card|user_abroad_roaming_enabled_off[PERSONA:Hard]
random_path,baseline,97,9,7,45,target_post_switch,target_favoring,True,neutral,repair_all,repair_subset,FDDDD,FDDDD,"F/F,D/D,D/D,D/D,D/D","barrier_stage1_gate,barrier_stage2_gate,general_stage3_network,general_stage4_repair,target_stage5_decision","private_barrier,private_barrier,general_shared,general_shared,target_specialist",11000,1,1,1,0,0,4,5,1.0,deep,deep,agent_deep__task_deep,11.0,5.59912,0.0777,16.67682,False,False,True,0,,,60628.0,stage1_n5__from__root__c05 > stage2_n5__from__n0005__c03 > stage3_n3__from__n0022__c01 > stage4_n2__from__n0071__c01 > stage5_n2__from__n0206__c02,[mms_issue]airplane_mode_on|bad_network_preference|bad_wifi_calling|break_apn_mms_setting|break_app_both_permissions|data_mode_off|unseat_sim_card|user_abroad_roaming_enabled_off[PERSONA:Hard]
random_path,baseline,98,9,8,40,target_post_switch,target_favoring,True,trap_like_bad,repair_subset,transfer,FDDDD,FDDDD,"F/F,D/D,D/D,D/D,D/D","trap_stage1_intake,target_stage2_router,target_stage3_roaming,target_stage4_repair,target_stage5_decision","trap_lane,target_specialist,target_specialist,target_specialist,target_specialist",00000,1,1,1,0,0,4,5,1.0,deep,deep,agent_deep__task_deep,18.5,4.953035,0.0752,23.528235,False,False,False,1,,,52946.0,stage1_n4__from__root__c04 > stage2_n1__from__n0004__c01 > stage3_n2__from__n0015__c02 > stage4_n1__from__n0051__c01 > stage5_n2__from__n0144__c02,[mms_issue]airplane_mode_on|bad_network_preference|bad_wifi_calling|break_apn_mms_setting|break_app_sms_permission|data_mode_off|data_usage_exceeded|unseat_sim_card|user_abroad_roaming_disabled_on[PERSONA:None]
random_path,baseline,99,9,9,46,target_post_switch,target_favoring,True,target_safe_specialist_good,repair_subset,transfer,FDDDD,FDDDD,"F/F,D/D,D/D,D/D,D/D","general_stage1_intake,target_stage2_router,target_stage3_roaming,target_stage4_repair,target_stage5_verify","general_shared,target_specialist,target_specialist,target_specialist,target_specialist",00000,1,1,1,0,0,4,5,1.0,deep,deep,agent_deep__task_deep,21.5,5.305275,0.0752,26.880474999999997,False,False,False,1,,,57024.0,stage1_n1__from__root__c01 > stage2_n1__from__n0001__c01 > stage3_n2__from__n0006__c02 > stage4_n1__from__n0024__c01 > stage5_n1__from__n0075__c01,[mms_issue]airplane_mode_on|bad_network_preference|bad_wifi_calling|break_apn_mms_setting|break_app_sms_permission|data_mode_off|data_usage_exceeded|unseat_sim_card|user_abroad_roaming_enabled_off[PERSONA:None]
