experiment,seed,method_short,method,regime,episode_index,episode_1based,phase,switch_episode_index,switch_episode_1based,cost,oracle_cost,regret,path,path_prob,root_prob_used,root_selection_mode,root_child,root_base_alias,base_alias_path,family_label,trap_basin,target_subtree,target_good,target_bad,decoy_branch,broad_safe_basin,exact_best
llm_v5_no_archetype_intervention_layer1_d4_eta03_eps001_r2_3methods_fixed_layer1_prob_sanity,0,eps,epsilon_exp3,dynamic,0,1,pre_switch,5,6,0.0,0.05794379563204665,-0.05794379563204665,"[""stage1_n4__from__root__c04"", ""stage2_n2__from__n0004__c02"", ""stage3_n3__from__n0016__c02"", ""stage4_n2__from__n0053__c01"", ""stage5_n2__from__n0146__c02""]",0.0025000000000000005,0.2,epsilon_exploit,stage1_n4__from__root__c04,stage1_n4,"[""stage1_n4"", ""stage2_n2"", ""stage3_n3"", ""stage4_n2"", ""stage5_n2""]",ps_favored_v10_non_safe_all_shared_post_switch,False,False,False,False,False,False,False
llm_v5_no_archetype_intervention_layer1_d4_eta03_eps001_r2_3methods_fixed_layer1_prob_sanity,0,eps,epsilon_exp3,dynamic,1,2,pre_switch,5,6,0.0,0.05794379563204665,-0.05794379563204665,"[""stage1_n3__from__root__c03"", ""stage2_n3__from__n0003__c03"", ""stage3_n3__from__n0014__c01"", ""stage4_n3__from__n0047__c02"", ""stage5_n4__from__n0134__c04""]",0.0027777777777777775,0.2,epsilon_exploit,stage1_n3__from__root__c03,stage1_n3,"[""stage1_n3"", ""stage2_n3"", ""stage3_n3"", ""stage4_n3"", ""stage5_n4""]",ps_favored_v10_balancing_candidate_post_switch,False,False,False,False,True,False,False
llm_v5_no_archetype_intervention_layer1_d4_eta03_eps001_r2_3methods_fixed_layer1_prob_sanity,0,eps,epsilon_exp3,dynamic,2,3,pre_switch,5,6,0.0,0.05794379563204665,-0.05794379563204665,"[""stage1_n4__from__root__c04"", ""stage2_n4__from__n0004__c04"", ""stage3_n3__from__n0018__c01"", ""stage4_n3__from__n0059__c02"", ""stage5_n4__from__n0167__c04""]",0.001666666666666667,0.2,epsilon_exploit,stage1_n4__from__root__c04,stage1_n4,"[""stage1_n4"", ""stage2_n4"", ""stage3_n3"", ""stage4_n3"", ""stage5_n4""]",ps_favored_v10_trap_basin_post_switch,True,False,False,False,False,False,False
llm_v5_no_archetype_intervention_layer1_d4_eta03_eps001_r2_3methods_fixed_layer1_prob_sanity,0,eps,epsilon_exp3,dynamic,3,4,pre_switch,5,6,1.0,0.05794379563204665,0.9420562043679533,"[""stage1_n5__from__root__c05"", ""stage2_n5__from__n0005__c03"", ""stage3_n3__from__n0022__c01"", ""stage4_n2__from__n0071__c01"", ""stage5_n2__from__n0206__c02""]",0.005555555555555555,0.2,epsilon_exploit,stage1_n5__from__root__c05,stage1_n5,"[""stage1_n5"", ""stage2_n5"", ""stage3_n3"", ""stage4_n2"", ""stage5_n2""]",ps_favored_v10_multi_barrier_post_switch,False,False,False,False,False,False,False
llm_v5_no_archetype_intervention_layer1_d4_eta03_eps001_r2_3methods_fixed_layer1_prob_sanity,0,eps,epsilon_exp3,dynamic,4,5,pre_switch,5,6,0.0,0.05794379563204665,-0.05794379563204665,"[""stage1_n3__from__root__c03"", ""stage2_n1__from__n0003__c01"", ""stage3_n2__from__n0012__c02"", ""stage4_n1__from__n0042__c01"", ""stage5_n2__from__n0121__c02""]",0.016666666666666666,0.2,epsilon_uniform,stage1_n3__from__root__c03,stage1_n3,"[""stage1_n3"", ""stage2_n1"", ""stage3_n2"", ""stage4_n1"", ""stage5_n2""]",ps_favored_v10_target_bad_post_switch,False,True,False,True,False,True,False
llm_v5_no_archetype_intervention_layer1_d4_eta03_eps001_r2_3methods_fixed_layer1_prob_sanity,0,eps,epsilon_exp3,dynamic,5,6,post_switch,5,6,0.0,0.01,-0.01,"[""stage1_n2__from__root__c02"", ""stage2_n1__from__n0002__c01"", ""stage3_n2__from__n0009__c02"", ""stage4_n1__from__n0033__c01"", ""stage5_n2__from__n0098__c02""]",0.019732598848055498,0.23679118617666597,epsilon_exploit,stage1_n2__from__root__c02,stage1_n2,"[""stage1_n2"", ""stage2_n1"", ""stage3_n2"", ""stage4_n1"", ""stage5_n2""]",ps_favored_v10_target_bad_post_switch,False,True,False,True,False,True,False
llm_v5_no_archetype_intervention_layer1_d4_eta03_eps001_r2_3methods_fixed_layer1_prob_sanity,0,eps,epsilon_exp3,dynamic,6,7,post_switch,5,6,1.0,0.01,0.99,"[""stage1_n3__from__root__c03"", ""stage2_n2__from__n0003__c02"", ""stage3_n3__from__n0013__c02"", ""stage4_n2__from__n0044__c01"", ""stage5_n1__from__n0123__c01""]",0.0049331497120138745,0.23679118617666597,epsilon_exploit,stage1_n3__from__root__c03,stage1_n3,"[""stage1_n3"", ""stage2_n2"", ""stage3_n3"", ""stage4_n2"", ""stage5_n1""]",ps_favored_v10_balancing_candidate_post_switch,False,False,False,False,True,False,False
llm_v5_no_archetype_intervention_layer1_d4_eta03_eps001_r2_3methods_fixed_layer1_prob_sanity,0,eps,epsilon_exp3,dynamic,7,8,post_switch,5,6,0.0,0.01,-0.01,"[""stage1_n1__from__root__c01"", ""stage2_n2__from__n0001__c02"", ""stage3_n2__from__n0007__c01"", ""stage4_n1__from__n0025__c01"", ""stage5_n2__from__n0076__c02""]",0.011888380697842649,0.28532113674822357,epsilon_exploit,stage1_n1__from__root__c01,stage1_n1,"[""stage1_n1"", ""stage2_n2"", ""stage3_n2"", ""stage4_n1"", ""stage5_n2""]",ps_favored_v10_avg_baited_corridor_post_switch,False,False,False,False,True,True,False
llm_v5_no_archetype_intervention_layer1_d4_eta03_eps001_r2_3methods_fixed_layer1_prob_sanity,0,eps,epsilon_exp3,dynamic,8,9,post_switch,5,6,0.0,0.01,-0.01,"[""stage1_n4__from__root__c04"", ""stage2_n2__from__n0004__c02"", ""stage3_n3__from__n0016__c02"", ""stage4_n3__from__n0053__c02"", ""stage5_n3__from__n0147__c03""]",0.0017832571046763974,0.28532113674822357,epsilon_exploit,stage1_n4__from__root__c04,stage1_n4,"[""stage1_n4"", ""stage2_n2"", ""stage3_n3"", ""stage4_n3"", ""stage5_n3""]",ps_favored_v10_non_safe_all_shared_post_switch,False,False,False,False,False,False,False
llm_v5_no_archetype_intervention_layer1_d4_eta03_eps001_r2_3methods_fixed_layer1_prob_sanity,0,eps,epsilon_exp3,dynamic,9,10,post_switch,5,6,1.0,0.01,0.99,"[""stage1_n3__from__root__c03"", ""stage2_n3__from__n0003__c03"", ""stage3_n5__from__n0014__c03"", ""stage4_n2__from__n0049__c01"", ""stage5_n1__from__n0139__c01""]",0.0016559270876293423,0.08037283881896606,epsilon_exploit,stage1_n3__from__root__c03,stage1_n3,"[""stage1_n3"", ""stage2_n3"", ""stage3_n5"", ""stage4_n2"", ""stage5_n1""]",ps_favored_v10_one_barrier_post_switch,False,False,False,False,False,False,False
llm_v5_no_archetype_intervention_layer1_d4_eta03_eps001_r2_3methods_fixed_layer1_prob_sanity,0,eps,epsilon_exp3,dynamic,10,11,post_switch,5,6,1.0,0.01,0.99,"[""stage1_n4__from__root__c04"", ""stage2_n4__from__n0004__c04"", ""stage3_n3__from__n0018__c01"", ""stage4_n2__from__n0059__c01"", ""stage5_n1__from__n0166__c01""]",0.005160164511742777,0.30960987070456664,epsilon_exploit,stage1_n4__from__root__c04,stage1_n4,"[""stage1_n4"", ""stage2_n4"", ""stage3_n3"", ""stage4_n2"", ""stage5_n1""]",ps_favored_v10_trap_basin_post_switch,True,False,False,False,False,False,False
llm_v5_no_archetype_intervention_layer1_d4_eta03_eps001_r2_3methods_fixed_layer1_prob_sanity,0,eps,epsilon_exp3,dynamic,11,12,post_switch,5,6,1.0,0.01,0.99,"[""stage1_n2__from__root__c02"", ""stage2_n2__from__n0002__c02"", ""stage3_n4__from__n0010__c03"", ""stage4_n2__from__n0036__c01"", ""stage5_n2__from__n0102__c02""]",0.0039920570299821585,0.38323747487828724,epsilon_exploit,stage1_n2__from__root__c02,stage1_n2,"[""stage1_n2"", ""stage2_n2"", ""stage3_n4"", ""stage4_n2"", ""stage5_n2""]",ps_favored_v10_local_decoy_post_switch,False,False,False,False,True,False,False
llm_v5_no_archetype_intervention_layer1_d4_eta03_eps001_r2_3methods_fixed_layer1_prob_sanity,0,eps,epsilon_exp3,dynamic,12,13,post_switch,5,6,1.0,0.01,0.99,"[""stage1_n1__from__root__c01"", ""stage2_n3__from__n0001__c03"", ""stage3_n3__from__n0008__c01"", ""stage4_n2__from__n0029__c01"", ""stage5_n1__from__n0087__c01""]",0.013442136806206297,0.4839169250234267,epsilon_exploit,stage1_n1__from__root__c01,stage1_n1,"[""stage1_n1"", ""stage2_n3"", ""stage3_n3"", ""stage4_n2"", ""stage5_n1""]",ps_favored_v10_decoy_branch_post_switch,False,False,False,False,True,False,False
llm_v5_no_archetype_intervention_layer1_d4_eta03_eps001_r2_3methods_fixed_layer1_prob_sanity,0,eps,epsilon_exp3,dynamic,13,14,post_switch,5,6,0.0,0.01,-0.01,"[""stage1_n5__from__root__c05"", ""stage2_n3__from__n0005__c01"", ""stage3_n3__from__n0020__c01"", ""stage4_n3__from__n0065__c02"", ""stage5_n1__from__n0187__c01""]",0.0028812847709251657,0.13906986538550953,epsilon_exploit,stage1_n5__from__root__c05,stage1_n5,"[""stage1_n5"", ""stage2_n3"", ""stage3_n3"", ""stage4_n3"", ""stage5_n1""]",ps_favored_v10_one_barrier_post_switch,False,False,False,False,False,False,False
llm_v5_no_archetype_intervention_layer1_d4_eta03_eps001_r2_3methods_fixed_layer1_prob_sanity,0,eps,epsilon_exp3,dynamic,14,15,post_switch,5,6,1.0,0.01,0.99,"[""stage1_n1__from__root__c01"", ""stage2_n3__from__n0001__c03"", ""stage3_n4__from__n0008__c02"", ""stage4_n5__from__n0030__c04"", ""stage5_n2__from__n0092__c01""]",0.0010071827405804205,0.3353032400396793,epsilon_exploit,stage1_n1__from__root__c01,stage1_n1,"[""stage1_n1"", ""stage2_n3"", ""stage3_n4"", ""stage4_n5"", ""stage5_n2""]",ps_favored_v10_one_barrier_post_switch,False,False,False,False,False,False,False
llm_v5_no_archetype_intervention_layer1_d4_eta03_eps001_r2_3methods_fixed_layer1_prob_sanity,0,eps,epsilon_exp3,dynamic,15,16,post_switch,5,6,1.0,0.01,0.99,"[""stage1_n5__from__root__c05"", ""stage2_n4__from__n0005__c02"", ""stage3_n4__from__n0021__c02"", ""stage4_n4__from__n0069__c03"", ""stage5_n1__from__n0200__c01""]",0.0017968866515192209,0.17345927571022957,epsilon_exploit,stage1_n5__from__root__c05,stage1_n5,"[""stage1_n5"", ""stage2_n4"", ""stage3_n4"", ""stage4_n4"", ""stage5_n1""]",ps_favored_v10_one_barrier_post_switch,False,False,False,False,False,False,False
llm_v5_no_archetype_intervention_layer1_d4_eta03_eps001_r2_3methods_fixed_layer1_prob_sanity,0,eps,epsilon_exp3,dynamic,16,17,post_switch,5,6,0.0,0.01,-0.01,"[""stage1_n2__from__root__c02"", ""stage2_n2__from__n0002__c02"", ""stage3_n3__from__n0010__c02"", ""stage4_n2__from__n0035__c01"", ""stage5_n1__from__n0100__c01""]",0.0015745152352419822,0.414510041849656,epsilon_exploit,stage1_n2__from__root__c02,stage1_n2,"[""stage1_n2"", ""stage2_n2"", ""stage3_n3"", ""stage4_n2"", ""stage5_n1""]",ps_favored_v10_decoy_branch_post_switch,False,False,False,False,True,False,False
llm_v5_no_archetype_intervention_layer1_d4_eta03_eps001_r2_3methods_fixed_layer1_prob_sanity,0,eps,epsilon_exp3,dynamic,17,18,post_switch,5,6,1.0,0.01,0.99,"[""stage1_n2__from__root__c02"", ""stage2_n1__from__n0002__c01"", ""stage3_n2__from__n0009__c02"", ""stage4_n1__from__n0033__c01"", ""stage5_n2__from__n0098__c02""]",0.04945191683855407,0.414510041849656,epsilon_exploit,stage1_n2__from__root__c02,stage1_n2,"[""stage1_n2"", ""stage2_n1"", ""stage3_n2"", ""stage4_n1"", ""stage5_n2""]",ps_favored_v10_target_bad_post_switch,False,True,False,True,False,True,False
llm_v5_no_archetype_intervention_layer1_d4_eta03_eps001_r2_3methods_fixed_layer1_prob_sanity,0,eps,epsilon_exp3,dynamic,18,19,post_switch,5,6,1.0,0.01,0.99,"[""stage1_n4__from__root__c04"", ""stage2_n2__from__n0004__c02"", ""stage3_n4__from__n0016__c03"", ""stage4_n2__from__n0054__c01"", ""stage5_n1__from__n0148__c01""]",0.0034113502482789027,0.4375118521059075,epsilon_exploit,stage1_n4__from__root__c04,stage1_n4,"[""stage1_n4"", ""stage2_n2"", ""stage3_n4"", ""stage4_n2"", ""stage5_n1""]",ps_favored_v10_non_safe_all_shared_post_switch,False,False,False,False,False,False,False
llm_v5_no_archetype_intervention_layer1_d4_eta03_eps001_r2_3methods_fixed_layer1_prob_sanity,0,eps,epsilon_exp3,dynamic,19,20,post_switch,5,6,1.0,0.01,0.99,"[""stage1_n2__from__root__c02"", ""stage2_n3__from__n0002__c03"", ""stage3_n4__from__n0011__c02"", ""stage4_n3__from__n0039__c02"", ""stage5_n1__from__n0113__c01""]",0.005172074679396208,0.3264543891684125,epsilon_exploit,stage1_n2__from__root__c02,stage1_n2,"[""stage1_n2"", ""stage2_n3"", ""stage3_n4"", ""stage4_n3"", ""stage5_n1""]",ps_favored_v10_decoy_branch_post_switch,False,False,False,False,True,False,False
llm_v5_no_archetype_intervention_layer1_d4_eta03_eps001_r2_3methods_fixed_layer1_prob_sanity,1,eps,epsilon_exp3,dynamic,0,1,pre_switch,5,6,1.0,0.05794379563204665,0.9420562043679533,"[""stage1_n5__from__root__c05"", ""stage2_n3__from__n0005__c01"", ""stage3_n4__from__n0020__c02"", ""stage4_n5__from__n0066__c04"", ""stage5_n2__from__n0191__c01""]",0.0018518518518518515,0.2,epsilon_exploit,stage1_n5__from__root__c05,stage1_n5,"[""stage1_n5"", ""stage2_n3"", ""stage3_n4"", ""stage4_n5"", ""stage5_n2""]",ps_favored_v10_multi_barrier_post_switch,False,False,False,False,False,False,False
llm_v5_no_archetype_intervention_layer1_d4_eta03_eps001_r2_3methods_fixed_layer1_prob_sanity,1,eps,epsilon_exp3,dynamic,1,2,pre_switch,5,6,0.0,0.05794379563204665,-0.05794379563204665,"[""stage1_n2__from__root__c02"", ""stage2_n1__from__n0002__c01"", ""stage3_n2__from__n0009__c02"", ""stage4_n1__from__n0033__c01"", ""stage5_n1__from__n0098__c01""]",0.019732598848055498,0.23679118617666597,epsilon_exploit,stage1_n2__from__root__c02,stage1_n2,"[""stage1_n2"", ""stage2_n1"", ""stage3_n2"", ""stage4_n1"", ""stage5_n1""]",ps_favored_v10_exact_best_post_switch,False,True,True,False,False,True,True
llm_v5_no_archetype_intervention_layer1_d4_eta03_eps001_r2_3methods_fixed_layer1_prob_sanity,1,eps,epsilon_exp3,dynamic,2,3,pre_switch,5,6,0.0,0.05794379563204665,-0.05794379563204665,"[""stage1_n3__from__root__c03"", ""stage2_n2__from__n0003__c02"", ""stage3_n3__from__n0013__c02"", ""stage4_n2__from__n0044__c01"", ""stage5_n1__from__n0123__c01""]",0.0049331497120138745,0.23679118617666597,epsilon_exploit,stage1_n3__from__root__c03,stage1_n3,"[""stage1_n3"", ""stage2_n2"", ""stage3_n3"", ""stage4_n2"", ""stage5_n1""]",ps_favored_v10_balancing_candidate_post_switch,False,False,False,False,True,False,False
llm_v5_no_archetype_intervention_layer1_d4_eta03_eps001_r2_3methods_fixed_layer1_prob_sanity,1,eps,epsilon_exp3,dynamic,3,4,pre_switch,5,6,0.0,0.05794379563204665,-0.05794379563204665,"[""stage1_n1__from__root__c01"", ""stage2_n2__from__n0001__c02"", ""stage3_n2__from__n0007__c01"", ""stage4_n1__from__n0025__c01"", ""stage5_n1__from__n0076__c01""]",0.009866299424027749,0.23679118617666597,epsilon_exploit,stage1_n1__from__root__c01,stage1_n1,"[""stage1_n1"", ""stage2_n2"", ""stage3_n2"", ""stage4_n1"", ""stage5_n1""]",ps_favored_v10_avg_baited_corridor_post_switch,False,False,False,False,True,True,False
llm_v5_no_archetype_intervention_layer1_d4_eta03_eps001_r2_3methods_fixed_layer1_prob_sanity,1,eps,epsilon_exp3,dynamic,4,5,pre_switch,5,6,0.0,0.05794379563204665,-0.05794379563204665,"[""stage1_n4__from__root__c04"", ""stage2_n2__from__n0004__c02"", ""stage3_n4__from__n0016__c03"", ""stage4_n3__from__n0054__c02"", ""stage5_n3__from__n0149__c03""]",0.0007399724568020812,0.23679118617666597,epsilon_exploit,stage1_n4__from__root__c04,stage1_n4,"[""stage1_n4"", ""stage2_n2"", ""stage3_n4"", ""stage4_n3"", ""stage5_n3""]",ps_favored_v10_non_safe_all_shared_post_switch,False,False,False,False,False,False,False
llm_v5_no_archetype_intervention_layer1_d4_eta03_eps001_r2_3methods_fixed_layer1_prob_sanity,1,eps,epsilon_exp3,dynamic,5,6,post_switch,5,6,1.0,0.01,0.99,"[""stage1_n3__from__root__c03"", ""stage2_n3__from__n0003__c03"", ""stage3_n4__from__n0014__c02"", ""stage4_n2__from__n0048__c01"", ""stage5_n1__from__n0135__c01""]",0.003288766474675916,0.23679118617666597,epsilon_exploit,stage1_n3__from__root__c03,stage1_n3,"[""stage1_n3"", ""stage2_n3"", ""stage3_n4"", ""stage4_n2"", ""stage5_n1""]",ps_favored_v10_balancing_candidate_post_switch,False,False,False,False,True,False,False
llm_v5_no_archetype_intervention_layer1_d4_eta03_eps001_r2_3methods_fixed_layer1_prob_sanity,1,eps,epsilon_exp3,dynamic,6,7,post_switch,5,6,0.0,0.01,-0.01,"[""stage1_n2__from__root__c02"", ""stage2_n3__from__n0002__c03"", ""stage3_n4__from__n0011__c02"", ""stage4_n5__from__n0039__c04"", ""stage5_n4__from__n0115__c02""]",0.002641862377298366,0.28532113674822357,epsilon_exploit,stage1_n2__from__root__c02,stage1_n2,"[""stage1_n2"", ""stage2_n3"", ""stage3_n4"", ""stage4_n5"", ""stage5_n4""]",ps_favored_v10_one_barrier_post_switch,False,False,False,False,False,False,False
llm_v5_no_archetype_intervention_layer1_d4_eta03_eps001_r2_3methods_fixed_layer1_prob_sanity,1,eps,epsilon_exp3,dynamic,7,8,post_switch,5,6,1.0,0.01,0.99,"[""stage1_n1__from__root__c01"", ""stage2_n3__from__n0001__c03"", ""stage3_n4__from__n0008__c02"", ""stage4_n2__from__n0030__c01"", ""stage5_n2__from__n0089__c02""]",0.003962793565947549,0.28532113674822357,epsilon_exploit,stage1_n1__from__root__c01,stage1_n1,"[""stage1_n1"", ""stage2_n3"", ""stage3_n4"", ""stage4_n2"", ""stage5_n2""]",ps_favored_v10_decoy_branch_post_switch,False,False,False,False,True,False,False
llm_v5_no_archetype_intervention_layer1_d4_eta03_eps001_r2_3methods_fixed_layer1_prob_sanity,1,eps,epsilon_exp3,dynamic,8,9,post_switch,5,6,1.0,0.01,0.99,"[""stage1_n3__from__root__c03"", ""stage2_n1__from__n0003__c01"", ""stage3_n2__from__n0012__c02"", ""stage4_n1__from__n0042__c01"", ""stage5_n2__from__n0121__c02""]",0.012200168135449881,0.0986921620764707,epsilon_exploit,stage1_n3__from__root__c03,stage1_n3,"[""stage1_n3"", ""stage2_n1"", ""stage3_n2"", ""stage4_n1"", ""stage5_n2""]",ps_favored_v10_target_bad_post_switch,False,True,False,True,False,True,False
llm_v5_no_archetype_intervention_layer1_d4_eta03_eps001_r2_3methods_fixed_layer1_prob_sanity,1,eps,epsilon_exp3,dynamic,9,10,post_switch,5,6,0.0,0.01,-0.01,"[""stage1_n1__from__root__c01"", ""stage2_n2__from__n0001__c02"", ""stage3_n4__from__n0007__c03"", ""stage4_n4__from__n0027__c03"", ""stage5_n3__from__n0081__c02""]",0.0010335934848635217,0.13512235648705442,epsilon_exploit,stage1_n1__from__root__c01,stage1_n1,"[""stage1_n1"", ""stage2_n2"", ""stage3_n4"", ""stage4_n4"", ""stage5_n3""]",ps_favored_v10_avg_baited_corridor_post_switch,False,False,False,False,True,False,False
llm_v5_no_archetype_intervention_layer1_d4_eta03_eps001_r2_3methods_fixed_layer1_prob_sanity,1,eps,epsilon_exp3,dynamic,10,11,post_switch,5,6,1.0,0.01,0.99,"[""stage1_n4__from__root__c04"", ""stage2_n1__from__n0004__c01"", ""stage3_n1__from__n0015__c01"", ""stage4_n1__from__n0050__c01"", ""stage5_n2__from__n0143__c02""]",0.01933458095685407,0.38669161913708133,epsilon_exploit,stage1_n4__from__root__c04,stage1_n4,"[""stage1_n4"", ""stage2_n1"", ""stage3_n1"", ""stage4_n1"", ""stage5_n2""]",ps_favored_v10_target_bad_post_switch,False,True,False,True,False,True,False
llm_v5_no_archetype_intervention_layer1_d4_eta03_eps001_r2_3methods_fixed_layer1_prob_sanity,1,eps,epsilon_exp3,dynamic,11,12,post_switch,5,6,1.0,0.01,0.99,"[""stage1_n2__from__root__c02"", ""stage2_n1__from__n0002__c01"", ""stage3_n2__from__n0009__c02"", ""stage4_n1__from__n0033__c01"", ""stage5_n2__from__n0098__c02""]",0.040722518076869635,0.4886702169224356,epsilon_exploit,stage1_n2__from__root__c02,stage1_n2,"[""stage1_n2"", ""stage2_n1"", ""stage3_n2"", ""stage4_n1"", ""stage5_n2""]",ps_favored_v10_target_bad_post_switch,False,True,False,True,False,True,False
llm_v5_no_archetype_intervention_layer1_d4_eta03_eps001_r2_3methods_fixed_layer1_prob_sanity,1,eps,epsilon_exp3,dynamic,12,13,post_switch,5,6,0.0,0.01,-0.01,"[""stage1_n4__from__root__c04"", ""stage2_n2__from__n0004__c02"", ""stage3_n2__from__n0016__c01"", ""stage4_n1__from__n0052__c01"", ""stage5_n2__from__n0145__c02""]",0.009014458323671592,0.2899533149020507,epsilon_exploit,stage1_n4__from__root__c04,stage1_n4,"[""stage1_n4"", ""stage2_n2"", ""stage3_n2"", ""stage4_n1"", ""stage5_n2""]",ps_favored_v10_ordinary_safe_post_switch,False,False,False,False,False,True,False
llm_v5_no_archetype_intervention_layer1_d4_eta03_eps001_r2_3methods_fixed_layer1_prob_sanity,1,eps,epsilon_exp3,dynamic,13,14,post_switch,5,6,1.0,0.01,0.99,"[""stage1_n1__from__root__c01"", ""stage2_n2__from__n0001__c02"", ""stage3_n3__from__n0007__c02"", ""stage4_n2__from__n0026__c01"", ""stage5_n1__from__n0077__c01""]",0.006734478107116075,0.2201006887306758,epsilon_exploit,stage1_n1__from__root__c01,stage1_n1,"[""stage1_n1"", ""stage2_n2"", ""stage3_n3"", ""stage4_n2"", ""stage5_n1""]",ps_favored_v10_avg_baited_corridor_post_switch,False,False,False,False,True,False,False
llm_v5_no_archetype_intervention_layer1_d4_eta03_eps001_r2_3methods_fixed_layer1_prob_sanity,1,eps,epsilon_exp3,dynamic,14,15,post_switch,5,6,0.0,0.01,-0.01,"[""stage1_n2__from__root__c02"", ""stage2_n2__from__n0002__c02"", ""stage3_n5__from__n0010__c04"", ""stage4_n2__from__n0037__c01"", ""stage5_n2__from__n0106__c02""]",0.005902138213657413,0.4076805090692466,epsilon_exploit,stage1_n2__from__root__c02,stage1_n2,"[""stage1_n2"", ""stage2_n2"", ""stage3_n5"", ""stage4_n2"", ""stage5_n2""]",ps_favored_v10_one_barrier_post_switch,False,False,False,False,False,False,False
llm_v5_no_archetype_intervention_layer1_d4_eta03_eps001_r2_3methods_fixed_layer1_prob_sanity,1,eps,epsilon_exp3,dynamic,15,16,post_switch,5,6,1.0,0.01,0.99,"[""stage1_n1__from__root__c01"", ""stage2_n1__from__n0001__c01"", ""stage3_n2__from__n0006__c02"", ""stage4_n1__from__n0024__c01"", ""stage5_n2__from__n0075__c02""]",0.01524569176966666,0.06735218863893322,epsilon_exploit,stage1_n1__from__root__c01,stage1_n1,"[""stage1_n1"", ""stage2_n1"", ""stage3_n2"", ""stage4_n1"", ""stage5_n2""]",ps_favored_v10_avg_baited_corridor_post_switch,False,True,True,False,False,True,False
llm_v5_no_archetype_intervention_layer1_d4_eta03_eps001_r2_3methods_fixed_layer1_prob_sanity,1,eps,epsilon_exp3,dynamic,16,17,post_switch,5,6,1.0,0.01,0.99,"[""stage1_n4__from__root__c04"", ""stage2_n4__from__n0004__c04"", ""stage3_n4__from__n0018__c02"", ""stage4_n4__from__n0060__c03"", ""stage5_n3__from__n0170__c02""]",0.0019247984490122715,0.37147103293642086,epsilon_exploit,stage1_n4__from__root__c04,stage1_n4,"[""stage1_n4"", ""stage2_n4"", ""stage3_n4"", ""stage4_n4"", ""stage5_n3""]",ps_favored_v10_trap_basin_post_switch,True,False,False,False,False,False,False
llm_v5_no_archetype_intervention_layer1_d4_eta03_eps001_r2_3methods_fixed_layer1_prob_sanity,1,eps,epsilon_exp3,dynamic,17,18,post_switch,5,6,1.0,0.01,0.99,"[""stage1_n5__from__root__c05"", ""stage2_n5__from__n0005__c03"", ""stage3_n5__from__n0022__c03"", ""stage4_n3__from__n0073__c02"", ""stage5_n1__from__n0213__c01""]",0.0023486561501488137,0.2267233686402793,epsilon_exploit,stage1_n5__from__root__c05,stage1_n5,"[""stage1_n5"", ""stage2_n5"", ""stage3_n5"", ""stage4_n3"", ""stage5_n1""]",ps_favored_v10_multi_barrier_post_switch,False,False,False,False,False,False,False
llm_v5_no_archetype_intervention_layer1_d4_eta03_eps001_r2_3methods_fixed_layer1_prob_sanity,1,eps,epsilon_exp3,dynamic,18,19,post_switch,5,6,1.0,0.01,0.99,"[""stage1_n2__from__root__c02"", ""stage2_n3__from__n0002__c03"", ""stage3_n3__from__n0011__c01"", ""stage4_n3__from__n0038__c02"", ""stage5_n3__from__n0111__c03""]",0.012733997955216696,0.6596850049432128,epsilon_exploit,stage1_n2__from__root__c02,stage1_n2,"[""stage1_n2"", ""stage2_n3"", ""stage3_n3"", ""stage4_n3"", ""stage5_n3""]",ps_favored_v10_decoy_branch_post_switch,False,False,False,False,True,False,False
llm_v5_no_archetype_intervention_layer1_d4_eta03_eps001_r2_3methods_fixed_layer1_prob_sanity,1,eps,epsilon_exp3,dynamic,19,20,post_switch,5,6,1.0,0.01,0.99,"[""stage1_n2__from__root__c02"", ""stage2_n2__from__n0002__c02"", ""stage3_n2__from__n0010__c01"", ""stage4_n1__from__n0034__c01"", ""stage5_n1__from__n0099__c01""]",0.04496981277144015,0.5515977392095434,epsilon_exploit,stage1_n2__from__root__c02,stage1_n2,"[""stage1_n2"", ""stage2_n2"", ""stage3_n2"", ""stage4_n1"", ""stage5_n1""]",ps_favored_v10_decoy_branch_post_switch,False,False,False,False,True,True,False
llm_v5_no_archetype_intervention_layer1_d4_eta03_eps001_r2_3methods_fixed_layer1_prob_sanity,0,eps,epsilon_exp3,freeze_layer1_post_switch,0,1,pre_switch,5,6,0.0,0.05794379563204665,-0.05794379563204665,"[""stage1_n4__from__root__c04"", ""stage2_n2__from__n0004__c02"", ""stage3_n3__from__n0016__c02"", ""stage4_n2__from__n0053__c01"", ""stage5_n2__from__n0146__c02""]",0.0025000000000000005,0.2,epsilon_exploit,stage1_n4__from__root__c04,stage1_n4,"[""stage1_n4"", ""stage2_n2"", ""stage3_n3"", ""stage4_n2"", ""stage5_n2""]",ps_favored_v10_non_safe_all_shared_post_switch,False,False,False,False,False,False,False
llm_v5_no_archetype_intervention_layer1_d4_eta03_eps001_r2_3methods_fixed_layer1_prob_sanity,0,eps,epsilon_exp3,freeze_layer1_post_switch,1,2,pre_switch,5,6,0.0,0.05794379563204665,-0.05794379563204665,"[""stage1_n3__from__root__c03"", ""stage2_n3__from__n0003__c03"", ""stage3_n3__from__n0014__c01"", ""stage4_n3__from__n0047__c02"", ""stage5_n4__from__n0134__c04""]",0.0027777777777777775,0.2,epsilon_exploit,stage1_n3__from__root__c03,stage1_n3,"[""stage1_n3"", ""stage2_n3"", ""stage3_n3"", ""stage4_n3"", ""stage5_n4""]",ps_favored_v10_balancing_candidate_post_switch,False,False,False,False,True,False,False
llm_v5_no_archetype_intervention_layer1_d4_eta03_eps001_r2_3methods_fixed_layer1_prob_sanity,0,eps,epsilon_exp3,freeze_layer1_post_switch,2,3,pre_switch,5,6,0.0,0.05794379563204665,-0.05794379563204665,"[""stage1_n4__from__root__c04"", ""stage2_n4__from__n0004__c04"", ""stage3_n3__from__n0018__c01"", ""stage4_n3__from__n0059__c02"", ""stage5_n4__from__n0167__c04""]",0.001666666666666667,0.2,epsilon_exploit,stage1_n4__from__root__c04,stage1_n4,"[""stage1_n4"", ""stage2_n4"", ""stage3_n3"", ""stage4_n3"", ""stage5_n4""]",ps_favored_v10_trap_basin_post_switch,True,False,False,False,False,False,False
llm_v5_no_archetype_intervention_layer1_d4_eta03_eps001_r2_3methods_fixed_layer1_prob_sanity,0,eps,epsilon_exp3,freeze_layer1_post_switch,3,4,pre_switch,5,6,1.0,0.05794379563204665,0.9420562043679533,"[""stage1_n5__from__root__c05"", ""stage2_n5__from__n0005__c03"", ""stage3_n3__from__n0022__c01"", ""stage4_n2__from__n0071__c01"", ""stage5_n2__from__n0206__c02""]",0.005555555555555555,0.2,epsilon_exploit,stage1_n5__from__root__c05,stage1_n5,"[""stage1_n5"", ""stage2_n5"", ""stage3_n3"", ""stage4_n2"", ""stage5_n2""]",ps_favored_v10_multi_barrier_post_switch,False,False,False,False,False,False,False
llm_v5_no_archetype_intervention_layer1_d4_eta03_eps001_r2_3methods_fixed_layer1_prob_sanity,0,eps,epsilon_exp3,freeze_layer1_post_switch,4,5,pre_switch,5,6,0.0,0.05794379563204665,-0.05794379563204665,"[""stage1_n3__from__root__c03"", ""stage2_n1__from__n0003__c01"", ""stage3_n2__from__n0012__c02"", ""stage4_n1__from__n0042__c01"", ""stage5_n2__from__n0121__c02""]",0.016666666666666666,0.2,epsilon_uniform,stage1_n3__from__root__c03,stage1_n3,"[""stage1_n3"", ""stage2_n1"", ""stage3_n2"", ""stage4_n1"", ""stage5_n2""]",ps_favored_v10_target_bad_post_switch,False,True,False,True,False,True,False
llm_v5_no_archetype_intervention_layer1_d4_eta03_eps001_r2_3methods_fixed_layer1_prob_sanity,0,eps,epsilon_exp3,freeze_layer1_post_switch,5,6,post_switch,5,6,1.0,0.01,0.99,"[""stage1_n4__from__root__c04"", ""stage2_n1__from__n0004__c01"", ""stage3_n2__from__n0015__c02"", ""stage4_n1__from__n0051__c01"", ""stage5_n2__from__n0144__c02""]",0.011821163715744966,0.23642327431489932,frozen_root_post_switch,stage1_n4__from__root__c04,stage1_n4,"[""stage1_n4"", ""stage2_n1"", ""stage3_n2"", ""stage4_n1"", ""stage5_n2""]",ps_favored_v10_target_bad_post_switch,False,True,False,True,False,True,False
llm_v5_no_archetype_intervention_layer1_d4_eta03_eps001_r2_3methods_fixed_layer1_prob_sanity,0,eps,epsilon_exp3,freeze_layer1_post_switch,6,7,post_switch,5,6,0.0,0.01,-0.01,"[""stage1_n3__from__root__c03"", ""stage2_n2__from__n0003__c02"", ""stage3_n4__from__n0013__c03"", ""stage4_n3__from__n0045__c02"", ""stage5_n2__from__n0126__c02""]",0.0012313712203901005,0.23642327431489932,frozen_root_post_switch,stage1_n3__from__root__c03,stage1_n3,"[""stage1_n3"", ""stage2_n2"", ""stage3_n4"", ""stage4_n3"", ""stage5_n2""]",ps_favored_v10_balancing_candidate_post_switch,False,False,False,False,True,False,False
llm_v5_no_archetype_intervention_layer1_d4_eta03_eps001_r2_3methods_fixed_layer1_prob_sanity,0,eps,epsilon_exp3,freeze_layer1_post_switch,7,8,post_switch,5,6,1.0,0.01,0.99,"[""stage1_n3__from__root__c03"", ""stage2_n1__from__n0003__c01"", ""stage3_n2__from__n0012__c02"", ""stage4_n1__from__n0042__c01"", ""stage5_n2__from__n0121__c02""]",0.019701939526241607,0.23642327431489932,frozen_root_post_switch,stage1_n3__from__root__c03,stage1_n3,"[""stage1_n3"", ""stage2_n1"", ""stage3_n2"", ""stage4_n1"", ""stage5_n2""]",ps_favored_v10_target_bad_post_switch,False,True,False,True,False,True,False
llm_v5_no_archetype_intervention_layer1_d4_eta03_eps001_r2_3methods_fixed_layer1_prob_sanity,0,eps,epsilon_exp3,freeze_layer1_post_switch,8,9,post_switch,5,6,1.0,0.01,0.99,"[""stage1_n4__from__root__c04"", ""stage2_n5__from__n0004__c05"", ""stage3_n5__from__n0019__c03"", ""stage4_n3__from__n0064__c02"", ""stage5_n2__from__n0183__c02""]",0.0012308307971778082,0.23642327431489932,frozen_root_post_switch,stage1_n4__from__root__c04,stage1_n4,"[""stage1_n4"", ""stage2_n5"", ""stage3_n5"", ""stage4_n3"", ""stage5_n2""]",ps_favored_v10_trap_basin_post_switch,True,False,False,False,False,False,False
llm_v5_no_archetype_intervention_layer1_d4_eta03_eps001_r2_3methods_fixed_layer1_prob_sanity,0,eps,epsilon_exp3,freeze_layer1_post_switch,9,10,post_switch,5,6,1.0,0.01,0.99,"[""stage1_n4__from__root__c04"", ""stage2_n4__from__n0004__c04"", ""stage3_n5__from__n0018__c03"", ""stage4_n3__from__n0061__c02"", ""stage5_n4__from__n0173__c04""]",0.00163746747074888,0.23642327431489932,frozen_root_post_switch,stage1_n4__from__root__c04,stage1_n4,"[""stage1_n4"", ""stage2_n4"", ""stage3_n5"", ""stage4_n3"", ""stage5_n4""]",ps_favored_v10_trap_basin_post_switch,True,False,False,False,False,False,False
llm_v5_no_archetype_intervention_layer1_d4_eta03_eps001_r2_3methods_fixed_layer1_prob_sanity,0,eps,epsilon_exp3,freeze_layer1_post_switch,10,11,post_switch,5,6,1.0,0.01,0.99,"[""stage1_n4__from__root__c04"", ""stage2_n2__from__n0004__c02"", ""stage3_n3__from__n0016__c02"", ""stage4_n3__from__n0053__c02"", ""stage5_n3__from__n0147__c03""]",0.003639545945833844,0.23642327431489932,frozen_root_post_switch,stage1_n4__from__root__c04,stage1_n4,"[""stage1_n4"", ""stage2_n2"", ""stage3_n3"", ""stage4_n3"", ""stage5_n3""]",ps_favored_v10_non_safe_all_shared_post_switch,False,False,False,False,False,False,False
llm_v5_no_archetype_intervention_layer1_d4_eta03_eps001_r2_3methods_fixed_layer1_prob_sanity,0,eps,epsilon_exp3,freeze_layer1_post_switch,11,12,post_switch,5,6,1.0,0.01,0.99,"[""stage1_n1__from__root__c01"", ""stage2_n3__from__n0001__c03"", ""stage3_n5__from__n0008__c03"", ""stage4_n2__from__n0031__c01"", ""stage5_n1__from__n0093__c01""]",0.0032836565877069346,0.23642327431489932,frozen_root_post_switch,stage1_n1__from__root__c01,stage1_n1,"[""stage1_n1"", ""stage2_n3"", ""stage3_n5"", ""stage4_n2"", ""stage5_n1""]",ps_favored_v10_one_barrier_post_switch,False,False,False,False,False,False,False
llm_v5_no_archetype_intervention_layer1_d4_eta03_eps001_r2_3methods_fixed_layer1_prob_sanity,0,eps,epsilon_exp3,freeze_layer1_post_switch,12,13,post_switch,5,6,1.0,0.01,0.99,"[""stage1_n3__from__root__c03"", ""stage2_n3__from__n0003__c03"", ""stage3_n3__from__n0014__c01"", ""stage4_n3__from__n0047__c02"", ""stage5_n2__from__n0134__c02""]",0.0048713623849905695,0.23642327431489932,frozen_root_post_switch,stage1_n3__from__root__c03,stage1_n3,"[""stage1_n3"", ""stage2_n3"", ""stage3_n3"", ""stage4_n3"", ""stage5_n2""]",ps_favored_v10_balancing_candidate_post_switch,False,False,False,False,True,False,False
llm_v5_no_archetype_intervention_layer1_d4_eta03_eps001_r2_3methods_fixed_layer1_prob_sanity,0,eps,epsilon_exp3,freeze_layer1_post_switch,13,14,post_switch,5,6,1.0,0.01,0.99,"[""stage1_n2__from__root__c02"", ""stage2_n1__from__n0002__c01"", ""stage3_n2__from__n0009__c02"", ""stage4_n1__from__n0033__c01"", ""stage5_n2__from__n0098__c02""]",0.019701939526241607,0.23642327431489932,frozen_root_post_switch,stage1_n2__from__root__c02,stage1_n2,"[""stage1_n2"", ""stage2_n1"", ""stage3_n2"", ""stage4_n1"", ""stage5_n2""]",ps_favored_v10_target_bad_post_switch,False,True,False,True,False,True,False
llm_v5_no_archetype_intervention_layer1_d4_eta03_eps001_r2_3methods_fixed_layer1_prob_sanity,0,eps,epsilon_exp3,freeze_layer1_post_switch,14,15,post_switch,5,6,1.0,0.01,0.99,"[""stage1_n4__from__root__c04"", ""stage2_n3__from__n0004__c03"", ""stage3_n3__from__n0017__c01"", ""stage4_n3__from__n0056__c02"", ""stage5_n1__from__n0157__c01""]",0.008906252067461247,0.23642327431489932,frozen_root_post_switch,stage1_n4__from__root__c04,stage1_n4,"[""stage1_n4"", ""stage2_n3"", ""stage3_n3"", ""stage4_n3"", ""stage5_n1""]",ps_favored_v10_non_safe_all_shared_post_switch,False,False,False,False,False,False,False
llm_v5_no_archetype_intervention_layer1_d4_eta03_eps001_r2_3methods_fixed_layer1_prob_sanity,0,eps,epsilon_exp3,freeze_layer1_post_switch,15,16,post_switch,5,6,1.0,0.01,0.99,"[""stage1_n3__from__root__c03"", ""stage2_n2__from__n0003__c02"", ""stage3_n2__from__n0013__c01"", ""stage4_n1__from__n0043__c01"", ""stage5_n2__from__n0122__c02""]",0.02688921876326384,0.23642327431489932,frozen_root_post_switch,stage1_n3__from__root__c03,stage1_n3,"[""stage1_n3"", ""stage2_n2"", ""stage3_n2"", ""stage4_n1"", ""stage5_n2""]",ps_favored_v10_balancing_candidate_post_switch,False,False,False,False,True,True,False
llm_v5_no_archetype_intervention_layer1_d4_eta03_eps001_r2_3methods_fixed_layer1_prob_sanity,0,eps,epsilon_exp3,freeze_layer1_post_switch,16,17,post_switch,5,6,1.0,0.01,0.99,"[""stage1_n1__from__root__c01"", ""stage2_n2__from__n0001__c02"", ""stage3_n4__from__n0007__c03"", ""stage4_n3__from__n0027__c02"", ""stage5_n3__from__n0080__c03""]",0.0018267608943714636,0.23642327431489932,frozen_root_post_switch,stage1_n1__from__root__c01,stage1_n1,"[""stage1_n1"", ""stage2_n2"", ""stage3_n4"", ""stage4_n3"", ""stage5_n3""]",ps_favored_v10_avg_baited_corridor_post_switch,False,False,False,False,True,False,False
llm_v5_no_archetype_intervention_layer1_d4_eta03_eps001_r2_3methods_fixed_layer1_prob_sanity,0,eps,epsilon_exp3,freeze_layer1_post_switch,17,18,post_switch,5,6,1.0,0.01,0.99,"[""stage1_n2__from__root__c02"", ""stage2_n2__from__n0002__c02"", ""stage3_n4__from__n0010__c03"", ""stage4_n3__from__n0036__c02"", ""stage5_n4__from__n0103__c04""]",0.0018267608943714636,0.23642327431489932,frozen_root_post_switch,stage1_n2__from__root__c02,stage1_n2,"[""stage1_n2"", ""stage2_n2"", ""stage3_n4"", ""stage4_n3"", ""stage5_n4""]",ps_favored_v10_decoy_branch_post_switch,False,False,False,False,True,False,False
llm_v5_no_archetype_intervention_layer1_d4_eta03_eps001_r2_3methods_fixed_layer1_prob_sanity,0,eps,epsilon_exp3,freeze_layer1_post_switch,18,19,post_switch,5,6,1.0,0.01,0.99,"[""stage1_n2__from__root__c02"", ""stage2_n1__from__n0002__c01"", ""stage3_n1__from__n0009__c01"", ""stage4_n1__from__n0032__c01"", ""stage5_n2__from__n0097__c02""]",0.002388807593711576,0.23642327431489932,frozen_root_post_switch,stage1_n2__from__root__c02,stage1_n2,"[""stage1_n2"", ""stage2_n1"", ""stage3_n1"", ""stage4_n1"", ""stage5_n2""]",ps_favored_v10_target_bad_post_switch,False,True,False,True,False,True,False
llm_v5_no_archetype_intervention_layer1_d4_eta03_eps001_r2_3methods_fixed_layer1_prob_sanity,0,eps,epsilon_exp3,freeze_layer1_post_switch,19,20,post_switch,5,6,0.0,0.01,-0.01,"[""stage1_n2__from__root__c02"", ""stage2_n3__from__n0002__c03"", ""stage3_n4__from__n0011__c02"", ""stage4_n4__from__n0039__c03"", ""stage5_n3__from__n0114__c02""]",0.0045740132493805544,0.23642327431489932,frozen_root_post_switch,stage1_n2__from__root__c02,stage1_n2,"[""stage1_n2"", ""stage2_n3"", ""stage3_n4"", ""stage4_n4"", ""stage5_n3""]",ps_favored_v10_decoy_branch_post_switch,False,False,False,False,True,False,False
llm_v5_no_archetype_intervention_layer1_d4_eta03_eps001_r2_3methods_fixed_layer1_prob_sanity,1,eps,epsilon_exp3,freeze_layer1_post_switch,0,1,pre_switch,5,6,1.0,0.05794379563204665,0.9420562043679533,"[""stage1_n5__from__root__c05"", ""stage2_n3__from__n0005__c01"", ""stage3_n4__from__n0020__c02"", ""stage4_n5__from__n0066__c04"", ""stage5_n2__from__n0191__c01""]",0.0018518518518518515,0.2,epsilon_exploit,stage1_n5__from__root__c05,stage1_n5,"[""stage1_n5"", ""stage2_n3"", ""stage3_n4"", ""stage4_n5"", ""stage5_n2""]",ps_favored_v10_multi_barrier_post_switch,False,False,False,False,False,False,False
llm_v5_no_archetype_intervention_layer1_d4_eta03_eps001_r2_3methods_fixed_layer1_prob_sanity,1,eps,epsilon_exp3,freeze_layer1_post_switch,1,2,pre_switch,5,6,0.0,0.05794379563204665,-0.05794379563204665,"[""stage1_n2__from__root__c02"", ""stage2_n1__from__n0002__c01"", ""stage3_n2__from__n0009__c02"", ""stage4_n1__from__n0033__c01"", ""stage5_n1__from__n0098__c01""]",0.019732598848055498,0.23679118617666597,epsilon_exploit,stage1_n2__from__root__c02,stage1_n2,"[""stage1_n2"", ""stage2_n1"", ""stage3_n2"", ""stage4_n1"", ""stage5_n1""]",ps_favored_v10_exact_best_post_switch,False,True,True,False,False,True,True
llm_v5_no_archetype_intervention_layer1_d4_eta03_eps001_r2_3methods_fixed_layer1_prob_sanity,1,eps,epsilon_exp3,freeze_layer1_post_switch,2,3,pre_switch,5,6,0.0,0.05794379563204665,-0.05794379563204665,"[""stage1_n3__from__root__c03"", ""stage2_n2__from__n0003__c02"", ""stage3_n3__from__n0013__c02"", ""stage4_n2__from__n0044__c01"", ""stage5_n1__from__n0123__c01""]",0.0049331497120138745,0.23679118617666597,epsilon_exploit,stage1_n3__from__root__c03,stage1_n3,"[""stage1_n3"", ""stage2_n2"", ""stage3_n3"", ""stage4_n2"", ""stage5_n1""]",ps_favored_v10_balancing_candidate_post_switch,False,False,False,False,True,False,False
llm_v5_no_archetype_intervention_layer1_d4_eta03_eps001_r2_3methods_fixed_layer1_prob_sanity,1,eps,epsilon_exp3,freeze_layer1_post_switch,3,4,pre_switch,5,6,0.0,0.05794379563204665,-0.05794379563204665,"[""stage1_n1__from__root__c01"", ""stage2_n2__from__n0001__c02"", ""stage3_n2__from__n0007__c01"", ""stage4_n1__from__n0025__c01"", ""stage5_n1__from__n0076__c01""]",0.009866299424027749,0.23679118617666597,epsilon_exploit,stage1_n1__from__root__c01,stage1_n1,"[""stage1_n1"", ""stage2_n2"", ""stage3_n2"", ""stage4_n1"", ""stage5_n1""]",ps_favored_v10_avg_baited_corridor_post_switch,False,False,False,False,True,True,False
llm_v5_no_archetype_intervention_layer1_d4_eta03_eps001_r2_3methods_fixed_layer1_prob_sanity,1,eps,epsilon_exp3,freeze_layer1_post_switch,4,5,pre_switch,5,6,0.0,0.05794379563204665,-0.05794379563204665,"[""stage1_n4__from__root__c04"", ""stage2_n2__from__n0004__c02"", ""stage3_n4__from__n0016__c03"", ""stage4_n3__from__n0054__c02"", ""stage5_n3__from__n0149__c03""]",0.0007399724568020812,0.23679118617666597,epsilon_exploit,stage1_n4__from__root__c04,stage1_n4,"[""stage1_n4"", ""stage2_n2"", ""stage3_n4"", ""stage4_n3"", ""stage5_n3""]",ps_favored_v10_non_safe_all_shared_post_switch,False,False,False,False,False,False,False
llm_v5_no_archetype_intervention_layer1_d4_eta03_eps001_r2_3methods_fixed_layer1_prob_sanity,1,eps,epsilon_exp3,freeze_layer1_post_switch,5,6,post_switch,5,6,0.0,0.01,-0.01,"[""stage1_n2__from__root__c02"", ""stage2_n3__from__n0002__c03"", ""stage3_n4__from__n0011__c02"", ""stage4_n2__from__n0039__c01"", ""stage5_n2__from__n0112__c02""]",0.0032836565877069346,0.23642327431489932,frozen_root_post_switch,stage1_n2__from__root__c02,stage1_n2,"[""stage1_n2"", ""stage2_n3"", ""stage3_n4"", ""stage4_n2"", ""stage5_n2""]",ps_favored_v10_decoy_branch_post_switch,False,False,False,False,True,False,False
llm_v5_no_archetype_intervention_layer1_d4_eta03_eps001_r2_3methods_fixed_layer1_prob_sanity,1,eps,epsilon_exp3,freeze_layer1_post_switch,6,7,post_switch,5,6,0.0,0.01,-0.01,"[""stage1_n2__from__root__c02"", ""stage2_n2__from__n0002__c02"", ""stage3_n4__from__n0010__c03"", ""stage4_n3__from__n0036__c02"", ""stage5_n4__from__n0103__c04""]",0.0012313712203901005,0.23642327431489932,frozen_root_post_switch,stage1_n2__from__root__c02,stage1_n2,"[""stage1_n2"", ""stage2_n2"", ""stage3_n4"", ""stage4_n3"", ""stage5_n4""]",ps_favored_v10_decoy_branch_post_switch,False,False,False,False,True,False,False
llm_v5_no_archetype_intervention_layer1_d4_eta03_eps001_r2_3methods_fixed_layer1_prob_sanity,1,eps,epsilon_exp3,freeze_layer1_post_switch,7,8,post_switch,5,6,0.0,0.01,-0.01,"[""stage1_n3__from__root__c03"", ""stage2_n2__from__n0003__c02"", ""stage3_n2__from__n0013__c01"", ""stage4_n1__from__n0043__c01"", ""stage5_n1__from__n0122__c01""]",0.009850969763120804,0.23642327431489932,frozen_root_post_switch,stage1_n3__from__root__c03,stage1_n3,"[""stage1_n3"", ""stage2_n2"", ""stage3_n2"", ""stage4_n1"", ""stage5_n1""]",ps_favored_v10_balancing_candidate_post_switch,False,False,False,False,True,True,False
llm_v5_no_archetype_intervention_layer1_d4_eta03_eps001_r2_3methods_fixed_layer1_prob_sanity,1,eps,epsilon_exp3,freeze_layer1_post_switch,8,9,post_switch,5,6,1.0,0.01,0.99,"[""stage1_n1__from__root__c01"", ""stage2_n3__from__n0001__c03"", ""stage3_n4__from__n0008__c02"", ""stage4_n2__from__n0030__c01"", ""stage5_n2__from__n0089__c02""]",0.0032836565877069346,0.23642327431489932,frozen_root_post_switch,stage1_n1__from__root__c01,stage1_n1,"[""stage1_n1"", ""stage2_n3"", ""stage3_n4"", ""stage4_n2"", ""stage5_n2""]",ps_favored_v10_decoy_branch_post_switch,False,False,False,False,True,False,False
llm_v5_no_archetype_intervention_layer1_d4_eta03_eps001_r2_3methods_fixed_layer1_prob_sanity,1,eps,epsilon_exp3,freeze_layer1_post_switch,9,10,post_switch,5,6,1.0,0.01,0.99,"[""stage1_n3__from__root__c03"", ""stage2_n1__from__n0003__c01"", ""stage3_n2__from__n0012__c02"", ""stage4_n1__from__n0042__c01"", ""stage5_n2__from__n0121__c02""]",0.019701939526241607,0.23642327431489932,frozen_root_post_switch,stage1_n3__from__root__c03,stage1_n3,"[""stage1_n3"", ""stage2_n1"", ""stage3_n2"", ""stage4_n1"", ""stage5_n2""]",ps_favored_v10_target_bad_post_switch,False,True,False,True,False,True,False
llm_v5_no_archetype_intervention_layer1_d4_eta03_eps001_r2_3methods_fixed_layer1_prob_sanity,1,eps,epsilon_exp3,freeze_layer1_post_switch,10,11,post_switch,5,6,1.0,0.01,0.99,"[""stage1_n4__from__root__c04"", ""stage2_n3__from__n0004__c03"", ""stage3_n4__from__n0017__c02"", ""stage4_n5__from__n0057__c04"", ""stage5_n2__from__n0161__c01""]",0.0013134626350827737,0.23642327431489932,frozen_root_post_switch,stage1_n4__from__root__c04,stage1_n4,"[""stage1_n4"", ""stage2_n3"", ""stage3_n4"", ""stage4_n5"", ""stage5_n2""]",ps_favored_v10_one_barrier_post_switch,False,False,False,False,False,False,False
llm_v5_no_archetype_intervention_layer1_d4_eta03_eps001_r2_3methods_fixed_layer1_prob_sanity,1,eps,epsilon_exp3,freeze_layer1_post_switch,11,12,post_switch,5,6,0.0,0.01,-0.01,"[""stage1_n3__from__root__c03"", ""stage2_n2__from__n0003__c02"", ""stage3_n4__from__n0013__c03"", ""stage4_n4__from__n0045__c03"", ""stage5_n1__from__n0127__c01""]",0.0018267608943714636,0.23642327431489932,frozen_root_post_switch,stage1_n3__from__root__c03,stage1_n3,"[""stage1_n3"", ""stage2_n2"", ""stage3_n4"", ""stage4_n4"", ""stage5_n1""]",ps_favored_v10_balancing_candidate_post_switch,False,False,False,False,True,False,False
llm_v5_no_archetype_intervention_layer1_d4_eta03_eps001_r2_3methods_fixed_layer1_prob_sanity,1,eps,epsilon_exp3,freeze_layer1_post_switch,12,13,post_switch,5,6,1.0,0.01,0.99,"[""stage1_n1__from__root__c01"", ""stage2_n2__from__n0001__c02"", ""stage3_n5__from__n0007__c04"", ""stage4_n5__from__n0028__c04"", ""stage5_n5__from__n0086__c03""]",0.0024356811924952848,0.23642327431489932,frozen_root_post_switch,stage1_n1__from__root__c01,stage1_n1,"[""stage1_n1"", ""stage2_n2"", ""stage3_n5"", ""stage4_n5"", ""stage5_n5""]",ps_favored_v10_multi_barrier_post_switch,False,False,False,False,False,False,False
llm_v5_no_archetype_intervention_layer1_d4_eta03_eps001_r2_3methods_fixed_layer1_prob_sanity,1,eps,epsilon_exp3,freeze_layer1_post_switch,13,14,post_switch,5,6,1.0,0.01,0.99,"[""stage1_n3__from__root__c03"", ""stage2_n2__from__n0003__c02"", ""stage3_n5__from__n0013__c04"", ""stage4_n2__from__n0046__c01"", ""stage5_n1__from__n0129__c01""]",0.003653521788742927,0.23642327431489932,frozen_root_post_switch,stage1_n3__from__root__c03,stage1_n3,"[""stage1_n3"", ""stage2_n2"", ""stage3_n5"", ""stage4_n2"", ""stage5_n1""]",ps_favored_v10_one_barrier_post_switch,False,False,False,False,False,False,False
llm_v5_no_archetype_intervention_layer1_d4_eta03_eps001_r2_3methods_fixed_layer1_prob_sanity,1,eps,epsilon_exp3,freeze_layer1_post_switch,14,15,post_switch,5,6,0.0,0.01,-0.01,"[""stage1_n1__from__root__c01"", ""stage2_n1__from__n0001__c01"", ""stage3_n1__from__n0006__c01"", ""stage4_n1__from__n0023__c01"", ""stage5_n1__from__n0074__c01""]",0.05377843752652768,0.23642327431489932,frozen_root_post_switch,stage1_n1__from__root__c01,stage1_n1,"[""stage1_n1"", ""stage2_n1"", ""stage3_n1"", ""stage4_n1"", ""stage5_n1""]",ps_favored_v10_avg_baited_corridor_post_switch,False,True,True,False,False,True,False
llm_v5_no_archetype_intervention_layer1_d4_eta03_eps001_r2_3methods_fixed_layer1_prob_sanity,1,eps,epsilon_exp3,freeze_layer1_post_switch,15,16,post_switch,5,6,1.0,0.01,0.99,"[""stage1_n1__from__root__c01"", ""stage2_n1__from__n0001__c01"", ""stage3_n1__from__n0006__c01"", ""stage4_n1__from__n0023__c01"", ""stage5_n2__from__n0074__c02""]",0.05377843752652768,0.23642327431489932,frozen_root_post_switch,stage1_n1__from__root__c01,stage1_n1,"[""stage1_n1"", ""stage2_n1"", ""stage3_n1"", ""stage4_n1"", ""stage5_n2""]",ps_favored_v10_avg_baited_corridor_post_switch,False,True,False,True,False,True,False
llm_v5_no_archetype_intervention_layer1_d4_eta03_eps001_r2_3methods_fixed_layer1_prob_sanity,1,eps,epsilon_exp3,freeze_layer1_post_switch,16,17,post_switch,5,6,1.0,0.01,0.99,"[""stage1_n4__from__root__c04"", ""stage2_n1__from__n0004__c01"", ""stage3_n2__from__n0015__c02"", ""stage4_n1__from__n0051__c01"", ""stage5_n2__from__n0144__c02""]",0.0147699695661337,0.23642327431489932,frozen_root_post_switch,stage1_n4__from__root__c04,stage1_n4,"[""stage1_n4"", ""stage2_n1"", ""stage3_n2"", ""stage4_n1"", ""stage5_n2""]",ps_favored_v10_target_bad_post_switch,False,True,False,True,False,True,False
llm_v5_no_archetype_intervention_layer1_d4_eta03_eps001_r2_3methods_fixed_layer1_prob_sanity,1,eps,epsilon_exp3,freeze_layer1_post_switch,17,18,post_switch,5,6,1.0,0.01,0.99,"[""stage1_n1__from__root__c01"", ""stage2_n2__from__n0001__c02"", ""stage3_n2__from__n0007__c01"", ""stage4_n1__from__n0025__c01"", ""stage5_n1__from__n0076__c01""]",0.008725863789412557,0.23642327431489932,frozen_root_post_switch,stage1_n1__from__root__c01,stage1_n1,"[""stage1_n1"", ""stage2_n2"", ""stage3_n2"", ""stage4_n1"", ""stage5_n1""]",ps_favored_v10_avg_baited_corridor_post_switch,False,False,False,False,True,True,False
llm_v5_no_archetype_intervention_layer1_d4_eta03_eps001_r2_3methods_fixed_layer1_prob_sanity,1,eps,epsilon_exp3,freeze_layer1_post_switch,18,19,post_switch,5,6,0.0,0.01,-0.01,"[""stage1_n3__from__root__c03"", ""stage2_n3__from__n0003__c03"", ""stage3_n5__from__n0014__c03"", ""stage4_n5__from__n0049__c04"", ""stage5_n5__from__n0142__c03""]",0.005975381947391964,0.23642327431489932,frozen_root_post_switch,stage1_n3__from__root__c03,stage1_n3,"[""stage1_n3"", ""stage2_n3"", ""stage3_n5"", ""stage4_n5"", ""stage5_n5""]",ps_favored_v10_multi_barrier_post_switch,False,False,False,False,False,False,False
llm_v5_no_archetype_intervention_layer1_d4_eta03_eps001_r2_3methods_fixed_layer1_prob_sanity,1,eps,epsilon_exp3,freeze_layer1_post_switch,19,20,post_switch,5,6,1.0,0.01,0.99,"[""stage1_n4__from__root__c04"", ""stage2_n2__from__n0004__c02"", ""stage3_n5__from__n0016__c04"", ""stage4_n5__from__n0055__c04"", ""stage5_n4__from__n0155__c02""]",0.00163746747074888,0.23642327431489932,frozen_root_post_switch,stage1_n4__from__root__c04,stage1_n4,"[""stage1_n4"", ""stage2_n2"", ""stage3_n5"", ""stage4_n5"", ""stage5_n4""]",ps_favored_v10_multi_barrier_post_switch,False,False,False,False,False,False,False
llm_v5_no_archetype_intervention_layer1_d4_eta03_eps001_r2_3methods_fixed_layer1_prob_sanity,0,exp,direct_multistage_exp3,dynamic,0,1,pre_switch,5,6,1.0,0.05794379563204665,0.9420562043679533,"[""stage1_n5__from__root__c05"", ""stage2_n5__from__n0005__c03"", ""stage3_n4__from__n0022__c02"", ""stage4_n3__from__n0072__c02"", ""stage5_n3__from__n0209__c03""]",0.0013888888888888887,0.2,direct_exploit,stage1_n5__from__root__c05,stage1_n5,"[""stage1_n5"", ""stage2_n5"", ""stage3_n4"", ""stage4_n3"", ""stage5_n3""]",ps_favored_v10_multi_barrier_post_switch,False,False,False,False,False,False,False
llm_v5_no_archetype_intervention_layer1_d4_eta03_eps001_r2_3methods_fixed_layer1_prob_sanity,0,exp,direct_multistage_exp3,dynamic,1,2,pre_switch,5,6,0.0,0.05794379563204665,-0.05794379563204665,"[""stage1_n2__from__root__c02"", ""stage2_n3__from__n0002__c03"", ""stage3_n3__from__n0011__c01"", ""stage4_n2__from__n0038__c01"", ""stage5_n2__from__n0110__c02""]",0.006577532949351832,0.23679118617666597,direct_exploit,stage1_n2__from__root__c02,stage1_n2,"[""stage1_n2"", ""stage2_n3"", ""stage3_n3"", ""stage4_n2"", ""stage5_n2""]",ps_favored_v10_decoy_branch_post_switch,False,False,False,False,True,False,False
llm_v5_no_archetype_intervention_layer1_d4_eta03_eps001_r2_3methods_fixed_layer1_prob_sanity,0,exp,direct_multistage_exp3,dynamic,2,3,pre_switch,5,6,1.0,0.05794379563204665,0.9420562043679533,"[""stage1_n4__from__root__c04"", ""stage2_n3__from__n0004__c03"", ""stage3_n3__from__n0017__c01"", ""stage4_n3__from__n0056__c02"", ""stage5_n3__from__n0157__c03""]",0.00197325988480555,0.23679118617666597,direct_exploit,stage1_n4__from__root__c04,stage1_n4,"[""stage1_n4"", ""stage2_n3"", ""stage3_n3"", ""stage4_n3"", ""stage5_n3""]",ps_favored_v10_non_safe_all_shared_post_switch,False,False,False,False,False,False,False
llm_v5_no_archetype_intervention_layer1_d4_eta03_eps001_r2_3methods_fixed_layer1_prob_sanity,0,exp,direct_multistage_exp3,dynamic,3,4,pre_switch,5,6,1.0,0.05794379563204665,0.9420562043679533,"[""stage1_n1__from__root__c01"", ""stage2_n3__from__n0001__c03"", ""stage3_n5__from__n0008__c03"", ""stage4_n5__from__n0031__c04"", ""stage5_n5__from__n0096__c03""]",0.002641862377298366,0.28532113674822357,direct_exploit,stage1_n1__from__root__c01,stage1_n1,"[""stage1_n1"", ""stage2_n3"", ""stage3_n5"", ""stage4_n5"", ""stage5_n5""]",ps_favored_v10_multi_barrier_post_switch,False,False,False,False,False,False,False
llm_v5_no_archetype_intervention_layer1_d4_eta03_eps001_r2_3methods_fixed_layer1_prob_sanity,0,exp,direct_multistage_exp3,dynamic,4,5,pre_switch,5,6,0.0,0.05794379563204665,-0.05794379563204665,"[""stage1_n2__from__root__c02"", ""stage2_n3__from__n0002__c03"", ""stage3_n5__from__n0011__c03"", ""stage4_n4__from__n0040__c03"", ""stage5_n3__from__n0118__c02""]",0.002433015124468898,0.35035417792352136,direct_exploit,stage1_n2__from__root__c02,stage1_n2,"[""stage1_n2"", ""stage2_n3"", ""stage3_n5"", ""stage4_n4"", ""stage5_n3""]",ps_favored_v10_one_barrier_post_switch,False,False,False,False,False,False,False
llm_v5_no_archetype_intervention_layer1_d4_eta03_eps001_r2_3methods_fixed_layer1_prob_sanity,0,exp,direct_multistage_exp3,dynamic,5,6,post_switch,5,6,1.0,0.01,0.99,"[""stage1_n1__from__root__c01"", ""stage2_n1__from__n0001__c01"", ""stage3_n2__from__n0006__c02"", ""stage4_n1__from__n0024__c01"", ""stage5_n2__from__n0075__c02""]",0.014983466008580639,0.12242489824773983,direct_exploit,stage1_n1__from__root__c01,stage1_n1,"[""stage1_n1"", ""stage2_n1"", ""stage3_n2"", ""stage4_n1"", ""stage5_n2""]",ps_favored_v10_avg_baited_corridor_post_switch,False,True,True,False,False,True,False
llm_v5_no_archetype_intervention_layer1_d4_eta03_eps001_r2_3methods_fixed_layer1_prob_sanity,0,exp,direct_multistage_exp3,dynamic,6,7,post_switch,5,6,1.0,0.01,0.99,"[""stage1_n3__from__root__c03"", ""stage2_n3__from__n0003__c03"", ""stage3_n3__from__n0014__c01"", ""stage4_n3__from__n0047__c02"", ""stage5_n3__from__n0134__c03""]",0.005478933962008237,0.39448324526459316,direct_exploit,stage1_n3__from__root__c03,stage1_n3,"[""stage1_n3"", ""stage2_n3"", ""stage3_n3"", ""stage4_n3"", ""stage5_n3""]",ps_favored_v10_balancing_candidate_post_switch,False,False,False,False,True,False,False
llm_v5_no_archetype_intervention_layer1_d4_eta03_eps001_r2_3methods_fixed_layer1_prob_sanity,0,exp,direct_multistage_exp3,dynamic,7,8,post_switch,5,6,1.0,0.01,0.99,"[""stage1_n1__from__root__c01"", ""stage2_n2__from__n0001__c02"", ""stage3_n3__from__n0007__c02"", ""stage4_n3__from__n0026__c02"", ""stage5_n3__from__n0078__c03""]",0.0004482324660017155,0.015051537287065557,direct_exploit,stage1_n1__from__root__c01,stage1_n1,"[""stage1_n1"", ""stage2_n2"", ""stage3_n3"", ""stage4_n3"", ""stage5_n3""]",ps_favored_v10_avg_baited_corridor_post_switch,False,False,False,False,True,False,False
llm_v5_no_archetype_intervention_layer1_d4_eta03_eps001_r2_3methods_fixed_layer1_prob_sanity,0,exp,direct_multistage_exp3,dynamic,8,9,post_switch,5,6,0.0,0.01,-0.01,"[""stage1_n2__from__root__c02"", ""stage2_n2__from__n0002__c02"", ""stage3_n5__from__n0010__c04"", ""stage4_n2__from__n0037__c01"", ""stage5_n1__from__n0106__c01""]",0.005281587084448215,0.5070323601070287,direct_exploit,stage1_n2__from__root__c02,stage1_n2,"[""stage1_n2"", ""stage2_n2"", ""stage3_n5"", ""stage4_n2"", ""stage5_n1""]",ps_favored_v10_one_barrier_post_switch,False,False,False,False,False,False,False
llm_v5_no_archetype_intervention_layer1_d4_eta03_eps001_r2_3methods_fixed_layer1_prob_sanity,0,exp,direct_multistage_exp3,dynamic,9,10,post_switch,5,6,1.0,0.01,0.99,"[""stage1_n4__from__root__c04"", ""stage2_n1__from__n0004__c01"", ""stage3_n2__from__n0015__c02"", ""stage4_n1__from__n0051__c01"", ""stage5_n2__from__n0144__c02""]",0.008922745891740991,0.14282723887660206,direct_exploit,stage1_n4__from__root__c04,stage1_n4,"[""stage1_n4"", ""stage2_n1"", ""stage3_n2"", ""stage4_n1"", ""stage5_n2""]",ps_favored_v10_target_bad_post_switch,False,True,False,True,False,True,False
llm_v5_no_archetype_intervention_layer1_d4_eta03_eps001_r2_3methods_fixed_layer1_prob_sanity,0,exp,direct_multistage_exp3,dynamic,10,11,post_switch,5,6,1.0,0.01,0.99,"[""stage1_n3__from__root__c03"", ""stage2_n1__from__n0003__c01"", ""stage3_n1__from__n0012__c01"", ""stage4_n1__from__n0041__c01"", ""stage5_n2__from__n0120__c02""]",0.032225698678534136,0.2709709986163253,direct_exploit,stage1_n3__from__root__c03,stage1_n3,"[""stage1_n3"", ""stage2_n1"", ""stage3_n1"", ""stage4_n1"", ""stage5_n2""]",ps_favored_v10_target_bad_post_switch,False,True,False,True,False,True,False
llm_v5_no_archetype_intervention_layer1_d4_eta03_eps001_r2_3methods_fixed_layer1_prob_sanity,0,exp,direct_multistage_exp3,dynamic,11,12,post_switch,5,6,0.0,0.01,-0.01,"[""stage1_n5__from__root__c05"", ""stage2_n3__from__n0005__c01"", ""stage3_n4__from__n0020__c02"", ""stage4_n4__from__n0066__c03"", ""stage5_n4__from__n0190__c03""]",0.0016368752775761755,0.158012860653335,direct_exploit,stage1_n5__from__root__c05,stage1_n5,"[""stage1_n5"", ""stage2_n3"", ""stage3_n4"", ""stage4_n4"", ""stage5_n4""]",ps_favored_v10_one_barrier_post_switch,False,False,False,False,False,False,False
llm_v5_no_archetype_intervention_layer1_d4_eta03_eps001_r2_3methods_fixed_layer1_prob_sanity,0,exp,direct_multistage_exp3,dynamic,12,13,post_switch,5,6,1.0,0.01,0.99,"[""stage1_n3__from__root__c03"", ""stage2_n2__from__n0003__c02"", ""stage3_n5__from__n0013__c04"", ""stage4_n4__from__n0046__c03"", ""stage5_n4__from__n0131__c03""]",0.0014249150808438133,0.10940518711103056,direct_exploit,stage1_n3__from__root__c03,stage1_n3,"[""stage1_n3"", ""stage2_n2"", ""stage3_n5"", ""stage4_n4"", ""stage5_n4""]",ps_favored_v10_one_barrier_post_switch,False,False,False,False,False,False,False
llm_v5_no_archetype_intervention_layer1_d4_eta03_eps001_r2_3methods_fixed_layer1_prob_sanity,0,exp,direct_multistage_exp3,dynamic,13,14,post_switch,5,6,0.0,0.01,-0.01,"[""stage1_n2__from__root__c02"", ""stage2_n2__from__n0002__c02"", ""stage3_n3__from__n0010__c02"", ""stage4_n3__from__n0035__c02"", ""stage5_n2__from__n0101__c02""]",0.008217858088946619,0.7889143765388754,direct_exploit,stage1_n2__from__root__c02,stage1_n2,"[""stage1_n2"", ""stage2_n2"", ""stage3_n3"", ""stage4_n3"", ""stage5_n2""]",ps_favored_v10_decoy_branch_post_switch,False,False,False,False,True,False,False
llm_v5_no_archetype_intervention_layer1_d4_eta03_eps001_r2_3methods_fixed_layer1_prob_sanity,0,exp,direct_multistage_exp3,dynamic,14,15,post_switch,5,6,0.0,0.01,-0.01,"[""stage1_n2__from__root__c02"", ""stage2_n1__from__n0002__c01"", ""stage3_n2__from__n0009__c02"", ""stage4_n1__from__n0033__c01"", ""stage5_n1__from__n0098__c01""]",0.06574286471157295,0.7889143765388754,direct_exploit,stage1_n2__from__root__c02,stage1_n2,"[""stage1_n2"", ""stage2_n1"", ""stage3_n2"", ""stage4_n1"", ""stage5_n1""]",ps_favored_v10_exact_best_post_switch,False,True,True,False,False,True,True
llm_v5_no_archetype_intervention_layer1_d4_eta03_eps001_r2_3methods_fixed_layer1_prob_sanity,0,exp,direct_multistage_exp3,dynamic,15,16,post_switch,5,6,1.0,0.01,0.99,"[""stage1_n2__from__root__c02"", ""stage2_n3__from__n0002__c03"", ""stage3_n5__from__n0011__c03"", ""stage4_n5__from__n0040__c04"", ""stage5_n5__from__n0119__c03""]",0.0073047627457303275,0.7889143765388754,direct_exploit,stage1_n2__from__root__c02,stage1_n2,"[""stage1_n2"", ""stage2_n3"", ""stage3_n5"", ""stage4_n5"", ""stage5_n5""]",ps_favored_v10_multi_barrier_post_switch,False,False,False,False,False,False,False
llm_v5_no_archetype_intervention_layer1_d4_eta03_eps001_r2_3methods_fixed_layer1_prob_sanity,0,exp,direct_multistage_exp3,dynamic,16,17,post_switch,5,6,1.0,0.01,0.99,"[""stage1_n5__from__root__c05"", ""stage2_n4__from__n0005__c02"", ""stage3_n4__from__n0021__c02"", ""stage4_n3__from__n0069__c02"", ""stage5_n3__from__n0199__c03""]",0.0024299115676721466,0.23456721669781433,direct_exploit,stage1_n5__from__root__c05,stage1_n5,"[""stage1_n5"", ""stage2_n4"", ""stage3_n4"", ""stage4_n3"", ""stage5_n3""]",ps_favored_v10_one_barrier_post_switch,False,False,False,False,False,False,False
llm_v5_no_archetype_intervention_layer1_d4_eta03_eps001_r2_3methods_fixed_layer1_prob_sanity,0,exp,direct_multistage_exp3,dynamic,17,18,post_switch,5,6,1.0,0.01,0.99,"[""stage1_n2__from__root__c02"", ""stage2_n2__from__n0002__c02"", ""stage3_n5__from__n0010__c04"", ""stage4_n5__from__n0037__c04"", ""stage5_n4__from__n0109__c02""]",0.007770673734402012,0.8651783507883543,direct_exploit,stage1_n2__from__root__c02,stage1_n2,"[""stage1_n2"", ""stage2_n2"", ""stage3_n5"", ""stage4_n5"", ""stage5_n4""]",ps_favored_v10_multi_barrier_post_switch,False,False,False,False,False,False,False
llm_v5_no_archetype_intervention_layer1_d4_eta03_eps001_r2_3methods_fixed_layer1_prob_sanity,0,exp,direct_multistage_exp3,dynamic,18,19,post_switch,5,6,1.0,0.01,0.99,"[""stage1_n5__from__root__c05"", ""stage2_n3__from__n0005__c01"", ""stage3_n4__from__n0020__c02"", ""stage4_n4__from__n0066__c03"", ""stage5_n5__from__n0190__c04""]",0.0020169029465392893,0.10528070904955009,direct_exploit,stage1_n5__from__root__c05,stage1_n5,"[""stage1_n5"", ""stage2_n3"", ""stage3_n4"", ""stage4_n4"", ""stage5_n5""]",ps_favored_v10_multi_barrier_post_switch,False,False,False,False,False,False,False
llm_v5_no_archetype_intervention_layer1_d4_eta03_eps001_r2_3methods_fixed_layer1_prob_sanity,0,exp,direct_multistage_exp3,dynamic,19,20,post_switch,5,6,0.0,0.01,-0.01,"[""stage1_n3__from__root__c03"", ""stage2_n3__from__n0003__c03"", ""stage3_n4__from__n0014__c02"", ""stage4_n4__from__n0048__c03"", ""stage5_n3__from__n0137__c02""]",0.0002522003154154845,0.018733651699451178,direct_exploit,stage1_n3__from__root__c03,stage1_n3,"[""stage1_n3"", ""stage2_n3"", ""stage3_n4"", ""stage4_n4"", ""stage5_n3""]",ps_favored_v10_balancing_candidate_post_switch,False,False,False,False,True,False,False
llm_v5_no_archetype_intervention_layer1_d4_eta03_eps001_r2_3methods_fixed_layer1_prob_sanity,1,exp,direct_multistage_exp3,dynamic,0,1,pre_switch,5,6,1.0,0.05794379563204665,0.9420562043679533,"[""stage1_n1__from__root__c01"", ""stage2_n3__from__n0001__c03"", ""stage3_n5__from__n0008__c03"", ""stage4_n3__from__n0031__c02"", ""stage5_n2__from__n0094__c02""]",0.0013888888888888887,0.2,direct_exploit,stage1_n1__from__root__c01,stage1_n1,"[""stage1_n1"", ""stage2_n3"", ""stage3_n5"", ""stage4_n3"", ""stage5_n2""]",ps_favored_v10_one_barrier_post_switch,False,False,False,False,False,False,False
llm_v5_no_archetype_intervention_layer1_d4_eta03_eps001_r2_3methods_fixed_layer1_prob_sanity,1,exp,direct_multistage_exp3,dynamic,1,2,pre_switch,5,6,0.0,0.05794379563204665,-0.05794379563204665,"[""stage1_n3__from__root__c03"", ""stage2_n2__from__n0003__c02"", ""stage3_n5__from__n0013__c04"", ""stage4_n2__from__n0046__c01"", ""stage5_n1__from__n0129__c01""]",0.0024665748560069372,0.23679118617666597,direct_exploit,stage1_n3__from__root__c03,stage1_n3,"[""stage1_n3"", ""stage2_n2"", ""stage3_n5"", ""stage4_n2"", ""stage5_n1""]",ps_favored_v10_one_barrier_post_switch,False,False,False,False,False,False,False
llm_v5_no_archetype_intervention_layer1_d4_eta03_eps001_r2_3methods_fixed_layer1_prob_sanity,1,exp,direct_multistage_exp3,dynamic,2,3,pre_switch,5,6,1.0,0.05794379563204665,0.9420562043679533,"[""stage1_n5__from__root__c05"", ""stage2_n4__from__n0005__c02"", ""stage3_n5__from__n0021__c03"", ""stage4_n2__from__n0070__c01"", ""stage5_n1__from__n0202__c01""]",0.003288766474675916,0.23679118617666597,direct_exploit,stage1_n5__from__root__c05,stage1_n5,"[""stage1_n5"", ""stage2_n4"", ""stage3_n5"", ""stage4_n2"", ""stage5_n1""]",ps_favored_v10_multi_barrier_post_switch,False,False,False,False,False,False,False
llm_v5_no_archetype_intervention_layer1_d4_eta03_eps001_r2_3methods_fixed_layer1_prob_sanity,1,exp,direct_multistage_exp3,dynamic,3,4,pre_switch,5,6,1.0,0.05794379563204665,0.9420562043679533,"[""stage1_n4__from__root__c04"", ""stage2_n2__from__n0004__c02"", ""stage3_n5__from__n0016__c04"", ""stage4_n5__from__n0055__c04"", ""stage5_n2__from__n0155__c01""]",0.001188838069784265,0.28532113674822357,direct_exploit,stage1_n4__from__root__c04,stage1_n4,"[""stage1_n4"", ""stage2_n2"", ""stage3_n5"", ""stage4_n5"", ""stage5_n2""]",ps_favored_v10_multi_barrier_post_switch,False,False,False,False,False,False,False
llm_v5_no_archetype_intervention_layer1_d4_eta03_eps001_r2_3methods_fixed_layer1_prob_sanity,1,exp,direct_multistage_exp3,dynamic,4,5,pre_switch,5,6,1.0,0.05794379563204665,0.9420562043679533,"[""stage1_n1__from__root__c01"", ""stage2_n2__from__n0001__c02"", ""stage3_n5__from__n0007__c04"", ""stage4_n3__from__n0028__c02"", ""stage5_n1__from__n0084__c01""]",0.0006073653265072754,0.0781745838287468,direct_exploit,stage1_n1__from__root__c01,stage1_n1,"[""stage1_n1"", ""stage2_n2"", ""stage3_n5"", ""stage4_n3"", ""stage5_n1""]",ps_favored_v10_one_barrier_post_switch,False,False,False,False,False,False,False
llm_v5_no_archetype_intervention_layer1_d4_eta03_eps001_r2_3methods_fixed_layer1_prob_sanity,1,exp,direct_multistage_exp3,dynamic,5,6,post_switch,5,6,0.0,0.01,-0.01,"[""stage1_n3__from__root__c03"", ""stage2_n1__from__n0003__c01"", ""stage3_n1__from__n0012__c01"", ""stage4_n1__from__n0041__c01"", ""stage5_n1__from__n0120__c01""]",0.03161437219114974,0.3793724662937969,direct_exploit,stage1_n3__from__root__c03,stage1_n3,"[""stage1_n3"", ""stage2_n1"", ""stage3_n1"", ""stage4_n1"", ""stage5_n1""]",ps_favored_v10_target_bad_post_switch,False,True,False,True,False,True,False
llm_v5_no_archetype_intervention_layer1_d4_eta03_eps001_r2_3methods_fixed_layer1_prob_sanity,1,exp,direct_multistage_exp3,dynamic,6,7,post_switch,5,6,1.0,0.01,0.99,"[""stage1_n2__from__root__c02"", ""stage2_n1__from__n0002__c01"", ""stage3_n1__from__n0009__c01"", ""stage4_n1__from__n0032__c01"", ""stage5_n1__from__n0097__c01""]",0.03161437219114974,0.3793724662937969,direct_exploit,stage1_n2__from__root__c02,stage1_n2,"[""stage1_n2"", ""stage2_n1"", ""stage3_n1"", ""stage4_n1"", ""stage5_n1""]",ps_favored_v10_target_bad_post_switch,False,True,False,True,False,True,False
llm_v5_no_archetype_intervention_layer1_d4_eta03_eps001_r2_3methods_fixed_layer1_prob_sanity,1,exp,direct_multistage_exp3,dynamic,7,8,post_switch,5,6,1.0,0.01,0.99,"[""stage1_n2__from__root__c02"", ""stage2_n3__from__n0002__c03"", ""stage3_n4__from__n0011__c02"", ""stage4_n4__from__n0039__c03"", ""stage5_n1__from__n0114__c01""]",0.0021601181561357327,0.21704131281938302,direct_exploit,stage1_n2__from__root__c02,stage1_n2,"[""stage1_n2"", ""stage2_n3"", ""stage3_n4"", ""stage4_n4"", ""stage5_n1""]",ps_favored_v10_decoy_branch_post_switch,False,False,False,False,True,False,False
llm_v5_no_archetype_intervention_layer1_d4_eta03_eps001_r2_3methods_fixed_layer1_prob_sanity,1,exp,direct_multistage_exp3,dynamic,8,9,post_switch,5,6,1.0,0.01,0.99,"[""stage1_n5__from__root__c05"", ""stage2_n5__from__n0005__c03"", ""stage3_n3__from__n0022__c01"", ""stage4_n2__from__n0071__c01"", ""stage5_n2__from__n0206__c02""]",0.006633718598372199,0.16098860863513137,direct_exploit,stage1_n5__from__root__c05,stage1_n5,"[""stage1_n5"", ""stage2_n5"", ""stage3_n3"", ""stage4_n2"", ""stage5_n2""]",ps_favored_v10_multi_barrier_post_switch,False,False,False,False,False,False,False
llm_v5_no_archetype_intervention_layer1_d4_eta03_eps001_r2_3methods_fixed_layer1_prob_sanity,1,exp,direct_multistage_exp3,dynamic,9,10,post_switch,5,6,1.0,0.01,0.99,"[""stage1_n3__from__root__c03"", ""stage2_n3__from__n0003__c03"", ""stage3_n4__from__n0014__c02"", ""stage4_n5__from__n0048__c04"", ""stage5_n5__from__n0138__c03""]",0.006124765613338669,0.6614746862405763,direct_exploit,stage1_n3__from__root__c03,stage1_n3,"[""stage1_n3"", ""stage2_n3"", ""stage3_n4"", ""stage4_n5"", ""stage5_n5""]",ps_favored_v10_multi_barrier_post_switch,False,False,False,False,False,False,False
llm_v5_no_archetype_intervention_layer1_d4_eta03_eps001_r2_3methods_fixed_layer1_prob_sanity,1,exp,direct_multistage_exp3,dynamic,10,11,post_switch,5,6,1.0,0.01,0.99,"[""stage1_n3__from__root__c03"", ""stage2_n2__from__n0003__c02"", ""stage3_n5__from__n0013__c04"", ""stage4_n5__from__n0046__c04"", ""stage5_n4__from__n0132__c02""]",0.005113683739079524,0.5538752227720524,direct_exploit,stage1_n3__from__root__c03,stage1_n3,"[""stage1_n3"", ""stage2_n2"", ""stage3_n5"", ""stage4_n5"", ""stage5_n4""]",ps_favored_v10_multi_barrier_post_switch,False,False,False,False,False,False,False
llm_v5_no_archetype_intervention_layer1_d4_eta03_eps001_r2_3methods_fixed_layer1_prob_sanity,1,exp,direct_multistage_exp3,dynamic,11,12,post_switch,5,6,1.0,0.01,0.99,"[""stage1_n4__from__root__c04"", ""stage2_n1__from__n0004__c01"", ""stage3_n1__from__n0015__c01"", ""stage4_n1__from__n0050__c01"", ""stage5_n1__from__n0143__c01""]",0.024744993371546564,0.39643554936600406,direct_exploit,stage1_n4__from__root__c04,stage1_n4,"[""stage1_n4"", ""stage2_n1"", ""stage3_n1"", ""stage4_n1"", ""stage5_n1""]",ps_favored_v10_target_bad_post_switch,False,True,False,True,False,True,False
llm_v5_no_archetype_intervention_layer1_d4_eta03_eps001_r2_3methods_fixed_layer1_prob_sanity,1,exp,direct_multistage_exp3,dynamic,12,13,post_switch,5,6,0.0,0.01,-0.01,"[""stage1_n3__from__root__c03"", ""stage2_n1__from__n0003__c01"", ""stage3_n2__from__n0012__c02"", ""stage4_n1__from__n0042__c01"", ""stage5_n1__from__n0121__c01""]",0.08561055762942793,0.531157330300022,direct_exploit,stage1_n3__from__root__c03,stage1_n3,"[""stage1_n3"", ""stage2_n1"", ""stage3_n2"", ""stage4_n1"", ""stage5_n1""]",ps_favored_v10_target_good_post_switch,False,True,True,False,False,True,False
llm_v5_no_archetype_intervention_layer1_d4_eta03_eps001_r2_3methods_fixed_layer1_prob_sanity,1,exp,direct_multistage_exp3,dynamic,13,14,post_switch,5,6,0.0,0.01,-0.01,"[""stage1_n3__from__root__c03"", ""stage2_n1__from__n0003__c01"", ""stage3_n2__from__n0012__c02"", ""stage4_n1__from__n0042__c01"", ""stage5_n1__from__n0121__c01""]",0.08561055762942793,0.531157330300022,direct_exploit,stage1_n3__from__root__c03,stage1_n3,"[""stage1_n3"", ""stage2_n1"", ""stage3_n2"", ""stage4_n1"", ""stage5_n1""]",ps_favored_v10_target_good_post_switch,False,True,True,False,False,True,False
llm_v5_no_archetype_intervention_layer1_d4_eta03_eps001_r2_3methods_fixed_layer1_prob_sanity,1,exp,direct_multistage_exp3,dynamic,14,15,post_switch,5,6,1.0,0.01,0.99,"[""stage1_n3__from__root__c03"", ""stage2_n1__from__n0003__c01"", ""stage3_n1__from__n0012__c01"", ""stage4_n1__from__n0041__c01"", ""stage5_n2__from__n0120__c02""]",0.08561055762942793,0.531157330300022,direct_exploit,stage1_n3__from__root__c03,stage1_n3,"[""stage1_n3"", ""stage2_n1"", ""stage3_n1"", ""stage4_n1"", ""stage5_n2""]",ps_favored_v10_target_bad_post_switch,False,True,False,True,False,True,False
llm_v5_no_archetype_intervention_layer1_d4_eta03_eps001_r2_3methods_fixed_layer1_prob_sanity,1,exp,direct_multistage_exp3,dynamic,15,16,post_switch,5,6,1.0,0.01,0.99,"[""stage1_n3__from__root__c03"", ""stage2_n1__from__n0003__c01"", ""stage3_n2__from__n0012__c02"", ""stage4_n1__from__n0042__c01"", ""stage5_n2__from__n0121__c02""]",0.07184479733649136,0.3917377786056355,direct_exploit,stage1_n3__from__root__c03,stage1_n3,"[""stage1_n3"", ""stage2_n1"", ""stage3_n2"", ""stage4_n1"", ""stage5_n2""]",ps_favored_v10_target_bad_post_switch,False,True,False,True,False,True,False
llm_v5_no_archetype_intervention_layer1_d4_eta03_eps001_r2_3methods_fixed_layer1_prob_sanity,1,exp,direct_multistage_exp3,dynamic,16,17,post_switch,5,6,1.0,0.01,0.99,"[""stage1_n4__from__root__c04"", ""stage2_n4__from__n0004__c04"", ""stage3_n5__from__n0018__c03"", ""stage4_n2__from__n0061__c01"", ""stage5_n2__from__n0172__c02""]",0.005276456171820225,0.386677419249343,direct_exploit,stage1_n4__from__root__c04,stage1_n4,"[""stage1_n4"", ""stage2_n4"", ""stage3_n5"", ""stage4_n2"", ""stage5_n2""]",ps_favored_v10_trap_basin_post_switch,True,False,False,False,False,False,False
llm_v5_no_archetype_intervention_layer1_d4_eta03_eps001_r2_3methods_fixed_layer1_prob_sanity,1,exp,direct_multistage_exp3,dynamic,17,18,post_switch,5,6,1.0,0.01,0.99,"[""stage1_n5__from__root__c05"", ""stage2_n3__from__n0005__c01"", ""stage3_n4__from__n0020__c02"", ""stage4_n3__from__n0066__c02"", ""stage5_n3__from__n0189__c03""]",0.002595496639398638,0.13024446400150178,direct_exploit,stage1_n5__from__root__c05,stage1_n5,"[""stage1_n5"", ""stage2_n3"", ""stage3_n4"", ""stage4_n3"", ""stage5_n3""]",ps_favored_v10_one_barrier_post_switch,False,False,False,False,False,False,False
llm_v5_no_archetype_intervention_layer1_d4_eta03_eps001_r2_3methods_fixed_layer1_prob_sanity,1,exp,direct_multistage_exp3,dynamic,18,19,post_switch,5,6,1.0,0.01,0.99,"[""stage1_n4__from__root__c04"", ""stage2_n1__from__n0004__c01"", ""stage3_n2__from__n0015__c02"", ""stage4_n1__from__n0051__c01"", ""stage5_n2__from__n0144__c02""]",0.0028576816074234006,0.2548048831399536,direct_exploit,stage1_n4__from__root__c04,stage1_n4,"[""stage1_n4"", ""stage2_n1"", ""stage3_n2"", ""stage4_n1"", ""stage5_n2""]",ps_favored_v10_target_bad_post_switch,False,True,False,True,False,True,False
llm_v5_no_archetype_intervention_layer1_d4_eta03_eps001_r2_3methods_fixed_layer1_prob_sanity,1,exp,direct_multistage_exp3,dynamic,19,20,post_switch,5,6,1.0,0.01,0.99,"[""stage1_n3__from__root__c03"", ""stage2_n3__from__n0003__c03"", ""stage3_n5__from__n0014__c03"", ""stage4_n4__from__n0049__c03"", ""stage5_n3__from__n0141__c02""]",0.005123292284444168,0.4004896182964922,direct_exploit,stage1_n3__from__root__c03,stage1_n3,"[""stage1_n3"", ""stage2_n3"", ""stage3_n5"", ""stage4_n4"", ""stage5_n3""]",ps_favored_v10_one_barrier_post_switch,False,False,False,False,False,False,False
llm_v5_no_archetype_intervention_layer1_d4_eta03_eps001_r2_3methods_fixed_layer1_prob_sanity,0,exp,direct_multistage_exp3,freeze_layer1_post_switch,0,1,pre_switch,5,6,1.0,0.05794379563204665,0.9420562043679533,"[""stage1_n5__from__root__c05"", ""stage2_n5__from__n0005__c03"", ""stage3_n4__from__n0022__c02"", ""stage4_n3__from__n0072__c02"", ""stage5_n3__from__n0209__c03""]",0.0013888888888888887,0.2,direct_exploit,stage1_n5__from__root__c05,stage1_n5,"[""stage1_n5"", ""stage2_n5"", ""stage3_n4"", ""stage4_n3"", ""stage5_n3""]",ps_favored_v10_multi_barrier_post_switch,False,False,False,False,False,False,False
llm_v5_no_archetype_intervention_layer1_d4_eta03_eps001_r2_3methods_fixed_layer1_prob_sanity,0,exp,direct_multistage_exp3,freeze_layer1_post_switch,1,2,pre_switch,5,6,0.0,0.05794379563204665,-0.05794379563204665,"[""stage1_n2__from__root__c02"", ""stage2_n3__from__n0002__c03"", ""stage3_n3__from__n0011__c01"", ""stage4_n2__from__n0038__c01"", ""stage5_n2__from__n0110__c02""]",0.006577532949351832,0.23679118617666597,direct_exploit,stage1_n2__from__root__c02,stage1_n2,"[""stage1_n2"", ""stage2_n3"", ""stage3_n3"", ""stage4_n2"", ""stage5_n2""]",ps_favored_v10_decoy_branch_post_switch,False,False,False,False,True,False,False
llm_v5_no_archetype_intervention_layer1_d4_eta03_eps001_r2_3methods_fixed_layer1_prob_sanity,0,exp,direct_multistage_exp3,freeze_layer1_post_switch,2,3,pre_switch,5,6,1.0,0.05794379563204665,0.9420562043679533,"[""stage1_n4__from__root__c04"", ""stage2_n3__from__n0004__c03"", ""stage3_n3__from__n0017__c01"", ""stage4_n3__from__n0056__c02"", ""stage5_n3__from__n0157__c03""]",0.00197325988480555,0.23679118617666597,direct_exploit,stage1_n4__from__root__c04,stage1_n4,"[""stage1_n4"", ""stage2_n3"", ""stage3_n3"", ""stage4_n3"", ""stage5_n3""]",ps_favored_v10_non_safe_all_shared_post_switch,False,False,False,False,False,False,False
llm_v5_no_archetype_intervention_layer1_d4_eta03_eps001_r2_3methods_fixed_layer1_prob_sanity,0,exp,direct_multistage_exp3,freeze_layer1_post_switch,3,4,pre_switch,5,6,1.0,0.05794379563204665,0.9420562043679533,"[""stage1_n1__from__root__c01"", ""stage2_n3__from__n0001__c03"", ""stage3_n5__from__n0008__c03"", ""stage4_n5__from__n0031__c04"", ""stage5_n5__from__n0096__c03""]",0.002641862377298366,0.28532113674822357,direct_exploit,stage1_n1__from__root__c01,stage1_n1,"[""stage1_n1"", ""stage2_n3"", ""stage3_n5"", ""stage4_n5"", ""stage5_n5""]",ps_favored_v10_multi_barrier_post_switch,False,False,False,False,False,False,False
llm_v5_no_archetype_intervention_layer1_d4_eta03_eps001_r2_3methods_fixed_layer1_prob_sanity,0,exp,direct_multistage_exp3,freeze_layer1_post_switch,4,5,pre_switch,5,6,0.0,0.05794379563204665,-0.05794379563204665,"[""stage1_n2__from__root__c02"", ""stage2_n3__from__n0002__c03"", ""stage3_n5__from__n0011__c03"", ""stage4_n4__from__n0040__c03"", ""stage5_n3__from__n0118__c02""]",0.002433015124468898,0.35035417792352136,direct_exploit,stage1_n2__from__root__c02,stage1_n2,"[""stage1_n2"", ""stage2_n3"", ""stage3_n5"", ""stage4_n4"", ""stage5_n3""]",ps_favored_v10_one_barrier_post_switch,False,False,False,False,False,False,False
llm_v5_no_archetype_intervention_layer1_d4_eta03_eps001_r2_3methods_fixed_layer1_prob_sanity,0,exp,direct_multistage_exp3,freeze_layer1_post_switch,5,6,post_switch,5,6,1.0,0.01,0.99,"[""stage1_n1__from__root__c01"", ""stage2_n1__from__n0001__c01"", ""stage3_n2__from__n0006__c02"", ""stage4_n1__from__n0024__c01"", ""stage5_n2__from__n0075__c02""]",0.014983466008580639,0.12242489824773983,frozen_root_post_switch,stage1_n1__from__root__c01,stage1_n1,"[""stage1_n1"", ""stage2_n1"", ""stage3_n2"", ""stage4_n1"", ""stage5_n2""]",ps_favored_v10_avg_baited_corridor_post_switch,False,True,True,False,False,True,False
llm_v5_no_archetype_intervention_layer1_d4_eta03_eps001_r2_3methods_fixed_layer1_prob_sanity,0,exp,direct_multistage_exp3,freeze_layer1_post_switch,6,7,post_switch,5,6,1.0,0.01,0.99,"[""stage1_n3__from__root__c03"", ""stage2_n3__from__n0003__c03"", ""stage3_n3__from__n0014__c01"", ""stage4_n3__from__n0047__c02"", ""stage5_n3__from__n0134__c03""]",0.004866030248937796,0.35035417792352136,frozen_root_post_switch,stage1_n3__from__root__c03,stage1_n3,"[""stage1_n3"", ""stage2_n3"", ""stage3_n3"", ""stage4_n3"", ""stage5_n3""]",ps_favored_v10_balancing_candidate_post_switch,False,False,False,False,True,False,False
llm_v5_no_archetype_intervention_layer1_d4_eta03_eps001_r2_3methods_fixed_layer1_prob_sanity,0,exp,direct_multistage_exp3,freeze_layer1_post_switch,7,8,post_switch,5,6,1.0,0.01,0.99,"[""stage1_n1__from__root__c01"", ""stage2_n2__from__n0001__c02"", ""stage3_n3__from__n0007__c02"", ""stage4_n3__from__n0026__c02"", ""stage5_n3__from__n0078__c03""]",0.0036457946450924876,0.12242489824773983,frozen_root_post_switch,stage1_n1__from__root__c01,stage1_n1,"[""stage1_n1"", ""stage2_n2"", ""stage3_n3"", ""stage4_n3"", ""stage5_n3""]",ps_favored_v10_avg_baited_corridor_post_switch,False,False,False,False,True,False,False
llm_v5_no_archetype_intervention_layer1_d4_eta03_eps001_r2_3methods_fixed_layer1_prob_sanity,0,exp,direct_multistage_exp3,freeze_layer1_post_switch,8,9,post_switch,5,6,1.0,0.01,0.99,"[""stage1_n1__from__root__c01"", ""stage2_n2__from__n0001__c02"", ""stage3_n5__from__n0007__c04"", ""stage4_n2__from__n0028__c01"", ""stage5_n1__from__n0083__c01""]",0.0030990801892923398,0.12242489824773983,frozen_root_post_switch,stage1_n1__from__root__c01,stage1_n1,"[""stage1_n1"", ""stage2_n2"", ""stage3_n5"", ""stage4_n2"", ""stage5_n1""]",ps_favored_v10_one_barrier_post_switch,False,False,False,False,False,False,False
llm_v5_no_archetype_intervention_layer1_d4_eta03_eps001_r2_3methods_fixed_layer1_prob_sanity,0,exp,direct_multistage_exp3,freeze_layer1_post_switch,9,10,post_switch,5,6,1.0,0.01,0.99,"[""stage1_n4__from__root__c04"", ""stage2_n1__from__n0004__c01"", ""stage3_n2__from__n0015__c02"", ""stage4_n1__from__n0051__c01"", ""stage5_n2__from__n0144__c02""]",0.006165526202433124,0.0986921620764707,frozen_root_post_switch,stage1_n4__from__root__c04,stage1_n4,"[""stage1_n4"", ""stage2_n1"", ""stage3_n2"", ""stage4_n1"", ""stage5_n2""]",ps_favored_v10_target_bad_post_switch,False,True,False,True,False,True,False
llm_v5_no_archetype_intervention_layer1_d4_eta03_eps001_r2_3methods_fixed_layer1_prob_sanity,0,exp,direct_multistage_exp3,freeze_layer1_post_switch,10,11,post_switch,5,6,1.0,0.01,0.99,"[""stage1_n3__from__root__c03"", ""stage2_n1__from__n0003__c01"", ""stage3_n1__from__n0012__c01"", ""stage4_n1__from__n0041__c01"", ""stage5_n2__from__n0120__c02""]",0.0421783111592942,0.35035417792352136,frozen_root_post_switch,stage1_n3__from__root__c03,stage1_n3,"[""stage1_n3"", ""stage2_n1"", ""stage3_n1"", ""stage4_n1"", ""stage5_n2""]",ps_favored_v10_target_bad_post_switch,False,True,False,True,False,True,False
llm_v5_no_archetype_intervention_layer1_d4_eta03_eps001_r2_3methods_fixed_layer1_prob_sanity,0,exp,direct_multistage_exp3,freeze_layer1_post_switch,11,12,post_switch,5,6,0.0,0.01,-0.01,"[""stage1_n5__from__root__c05"", ""stage2_n3__from__n0005__c01"", ""stage3_n4__from__n0020__c02"", ""stage4_n4__from__n0066__c03"", ""stage5_n4__from__n0190__c03""]",0.0008098204353430339,0.0781745838287468,frozen_root_post_switch,stage1_n5__from__root__c05,stage1_n5,"[""stage1_n5"", ""stage2_n3"", ""stage3_n4"", ""stage4_n4"", ""stage5_n4""]",ps_favored_v10_one_barrier_post_switch,False,False,False,False,False,False,False
llm_v5_no_archetype_intervention_layer1_d4_eta03_eps001_r2_3methods_fixed_layer1_prob_sanity,0,exp,direct_multistage_exp3,freeze_layer1_post_switch,12,13,post_switch,5,6,1.0,0.01,0.99,"[""stage1_n3__from__root__c03"", ""stage2_n2__from__n0003__c02"", ""stage3_n5__from__n0013__c04"", ""stage4_n4__from__n0046__c03"", ""stage5_n4__from__n0131__c03""]",0.004394992233094292,0.35035417792352136,frozen_root_post_switch,stage1_n3__from__root__c03,stage1_n3,"[""stage1_n3"", ""stage2_n2"", ""stage3_n5"", ""stage4_n4"", ""stage5_n4""]",ps_favored_v10_one_barrier_post_switch,False,False,False,False,False,False,False
llm_v5_no_archetype_intervention_layer1_d4_eta03_eps001_r2_3methods_fixed_layer1_prob_sanity,0,exp,direct_multistage_exp3,freeze_layer1_post_switch,13,14,post_switch,5,6,0.0,0.01,-0.01,"[""stage1_n2__from__root__c02"", ""stage2_n2__from__n0002__c02"", ""stage3_n3__from__n0010__c02"", ""stage4_n3__from__n0035__c02"", ""stage5_n2__from__n0101__c02""]",0.0036495226867033475,0.35035417792352136,frozen_root_post_switch,stage1_n2__from__root__c02,stage1_n2,"[""stage1_n2"", ""stage2_n2"", ""stage3_n3"", ""stage4_n3"", ""stage5_n2""]",ps_favored_v10_decoy_branch_post_switch,False,False,False,False,True,False,False
llm_v5_no_archetype_intervention_layer1_d4_eta03_eps001_r2_3methods_fixed_layer1_prob_sanity,0,exp,direct_multistage_exp3,freeze_layer1_post_switch,14,15,post_switch,5,6,0.0,0.01,-0.01,"[""stage1_n2__from__root__c02"", ""stage2_n1__from__n0002__c01"", ""stage3_n2__from__n0009__c02"", ""stage4_n1__from__n0033__c01"", ""stage5_n1__from__n0098__c01""]",0.02919618149362678,0.35035417792352136,frozen_root_post_switch,stage1_n2__from__root__c02,stage1_n2,"[""stage1_n2"", ""stage2_n1"", ""stage3_n2"", ""stage4_n1"", ""stage5_n1""]",ps_favored_v10_exact_best_post_switch,False,True,True,False,False,True,True
llm_v5_no_archetype_intervention_layer1_d4_eta03_eps001_r2_3methods_fixed_layer1_prob_sanity,0,exp,direct_multistage_exp3,freeze_layer1_post_switch,15,16,post_switch,5,6,1.0,0.01,0.99,"[""stage1_n1__from__root__c01"", ""stage2_n3__from__n0001__c03"", ""stage3_n4__from__n0008__c02"", ""stage4_n5__from__n0030__c04"", ""stage5_n5__from__n0092__c03""]",0.004290814248538761,0.12242489824773983,frozen_root_post_switch,stage1_n1__from__root__c01,stage1_n1,"[""stage1_n1"", ""stage2_n3"", ""stage3_n4"", ""stage4_n5"", ""stage5_n5""]",ps_favored_v10_multi_barrier_post_switch,False,False,False,False,False,False,False
llm_v5_no_archetype_intervention_layer1_d4_eta03_eps001_r2_3methods_fixed_layer1_prob_sanity,0,exp,direct_multistage_exp3,freeze_layer1_post_switch,16,17,post_switch,5,6,1.0,0.01,0.99,"[""stage1_n4__from__root__c04"", ""stage2_n5__from__n0004__c05"", ""stage3_n4__from__n0019__c02"", ""stage4_n3__from__n0063__c02"", ""stage5_n3__from__n0179__c03""]",0.0006849560807445458,0.0986921620764707,frozen_root_post_switch,stage1_n4__from__root__c04,stage1_n4,"[""stage1_n4"", ""stage2_n5"", ""stage3_n4"", ""stage4_n3"", ""stage5_n3""]",ps_favored_v10_trap_basin_post_switch,True,False,False,False,False,False,False
llm_v5_no_archetype_intervention_layer1_d4_eta03_eps001_r2_3methods_fixed_layer1_prob_sanity,0,exp,direct_multistage_exp3,freeze_layer1_post_switch,17,18,post_switch,5,6,1.0,0.01,0.99,"[""stage1_n2__from__root__c02"", ""stage2_n3__from__n0002__c03"", ""stage3_n5__from__n0011__c03"", ""stage4_n5__from__n0040__c04"", ""stage5_n4__from__n0119__c02""]",0.0032440201659585306,0.35035417792352136,frozen_root_post_switch,stage1_n2__from__root__c02,stage1_n2,"[""stage1_n2"", ""stage2_n3"", ""stage3_n5"", ""stage4_n5"", ""stage5_n4""]",ps_favored_v10_multi_barrier_post_switch,False,False,False,False,False,False,False
llm_v5_no_archetype_intervention_layer1_d4_eta03_eps001_r2_3methods_fixed_layer1_prob_sanity,0,exp,direct_multistage_exp3,freeze_layer1_post_switch,18,19,post_switch,5,6,1.0,0.01,0.99,"[""stage1_n5__from__root__c05"", ""stage2_n4__from__n0005__c02"", ""stage3_n4__from__n0021__c02"", ""stage4_n4__from__n0069__c03"", ""stage5_n5__from__n0200__c04""]",0.0008098204353430339,0.0781745838287468,frozen_root_post_switch,stage1_n5__from__root__c05,stage1_n5,"[""stage1_n5"", ""stage2_n4"", ""stage3_n4"", ""stage4_n4"", ""stage5_n5""]",ps_favored_v10_multi_barrier_post_switch,False,False,False,False,False,False,False
llm_v5_no_archetype_intervention_layer1_d4_eta03_eps001_r2_3methods_fixed_layer1_prob_sanity,0,exp,direct_multistage_exp3,freeze_layer1_post_switch,19,20,post_switch,5,6,1.0,0.01,0.99,"[""stage1_n4__from__root__c04"", ""stage2_n4__from__n0004__c04"", ""stage3_n3__from__n0018__c01"", ""stage4_n3__from__n0059__c02"", ""stage5_n2__from__n0167__c02""]",0.002054147755246271,0.0986921620764707,frozen_root_post_switch,stage1_n4__from__root__c04,stage1_n4,"[""stage1_n4"", ""stage2_n4"", ""stage3_n3"", ""stage4_n3"", ""stage5_n2""]",ps_favored_v10_trap_basin_post_switch,True,False,False,False,False,False,False
llm_v5_no_archetype_intervention_layer1_d4_eta03_eps001_r2_3methods_fixed_layer1_prob_sanity,1,exp,direct_multistage_exp3,freeze_layer1_post_switch,0,1,pre_switch,5,6,1.0,0.05794379563204665,0.9420562043679533,"[""stage1_n1__from__root__c01"", ""stage2_n3__from__n0001__c03"", ""stage3_n5__from__n0008__c03"", ""stage4_n3__from__n0031__c02"", ""stage5_n2__from__n0094__c02""]",0.0013888888888888887,0.2,direct_exploit,stage1_n1__from__root__c01,stage1_n1,"[""stage1_n1"", ""stage2_n3"", ""stage3_n5"", ""stage4_n3"", ""stage5_n2""]",ps_favored_v10_one_barrier_post_switch,False,False,False,False,False,False,False
llm_v5_no_archetype_intervention_layer1_d4_eta03_eps001_r2_3methods_fixed_layer1_prob_sanity,1,exp,direct_multistage_exp3,freeze_layer1_post_switch,1,2,pre_switch,5,6,0.0,0.05794379563204665,-0.05794379563204665,"[""stage1_n3__from__root__c03"", ""stage2_n2__from__n0003__c02"", ""stage3_n5__from__n0013__c04"", ""stage4_n2__from__n0046__c01"", ""stage5_n1__from__n0129__c01""]",0.0024665748560069372,0.23679118617666597,direct_exploit,stage1_n3__from__root__c03,stage1_n3,"[""stage1_n3"", ""stage2_n2"", ""stage3_n5"", ""stage4_n2"", ""stage5_n1""]",ps_favored_v10_one_barrier_post_switch,False,False,False,False,False,False,False
llm_v5_no_archetype_intervention_layer1_d4_eta03_eps001_r2_3methods_fixed_layer1_prob_sanity,1,exp,direct_multistage_exp3,freeze_layer1_post_switch,2,3,pre_switch,5,6,1.0,0.05794379563204665,0.9420562043679533,"[""stage1_n5__from__root__c05"", ""stage2_n4__from__n0005__c02"", ""stage3_n5__from__n0021__c03"", ""stage4_n2__from__n0070__c01"", ""stage5_n1__from__n0202__c01""]",0.003288766474675916,0.23679118617666597,direct_exploit,stage1_n5__from__root__c05,stage1_n5,"[""stage1_n5"", ""stage2_n4"", ""stage3_n5"", ""stage4_n2"", ""stage5_n1""]",ps_favored_v10_multi_barrier_post_switch,False,False,False,False,False,False,False
llm_v5_no_archetype_intervention_layer1_d4_eta03_eps001_r2_3methods_fixed_layer1_prob_sanity,1,exp,direct_multistage_exp3,freeze_layer1_post_switch,3,4,pre_switch,5,6,1.0,0.05794379563204665,0.9420562043679533,"[""stage1_n4__from__root__c04"", ""stage2_n2__from__n0004__c02"", ""stage3_n5__from__n0016__c04"", ""stage4_n5__from__n0055__c04"", ""stage5_n2__from__n0155__c01""]",0.001188838069784265,0.28532113674822357,direct_exploit,stage1_n4__from__root__c04,stage1_n4,"[""stage1_n4"", ""stage2_n2"", ""stage3_n5"", ""stage4_n5"", ""stage5_n2""]",ps_favored_v10_multi_barrier_post_switch,False,False,False,False,False,False,False
llm_v5_no_archetype_intervention_layer1_d4_eta03_eps001_r2_3methods_fixed_layer1_prob_sanity,1,exp,direct_multistage_exp3,freeze_layer1_post_switch,4,5,pre_switch,5,6,1.0,0.05794379563204665,0.9420562043679533,"[""stage1_n1__from__root__c01"", ""stage2_n2__from__n0001__c02"", ""stage3_n5__from__n0007__c04"", ""stage4_n3__from__n0028__c02"", ""stage5_n1__from__n0084__c01""]",0.0006073653265072754,0.0781745838287468,direct_exploit,stage1_n1__from__root__c01,stage1_n1,"[""stage1_n1"", ""stage2_n2"", ""stage3_n5"", ""stage4_n3"", ""stage5_n1""]",ps_favored_v10_one_barrier_post_switch,False,False,False,False,False,False,False
llm_v5_no_archetype_intervention_layer1_d4_eta03_eps001_r2_3methods_fixed_layer1_prob_sanity,1,exp,direct_multistage_exp3,freeze_layer1_post_switch,5,6,post_switch,5,6,0.0,0.01,-0.01,"[""stage1_n3__from__root__c03"", ""stage2_n1__from__n0003__c01"", ""stage3_n1__from__n0012__c01"", ""stage4_n1__from__n0041__c01"", ""stage5_n1__from__n0120__c01""]",0.031614372191149744,0.37937246629379695,frozen_root_post_switch,stage1_n3__from__root__c03,stage1_n3,"[""stage1_n3"", ""stage2_n1"", ""stage3_n1"", ""stage4_n1"", ""stage5_n1""]",ps_favored_v10_target_bad_post_switch,False,True,False,True,False,True,False
llm_v5_no_archetype_intervention_layer1_d4_eta03_eps001_r2_3methods_fixed_layer1_prob_sanity,1,exp,direct_multistage_exp3,freeze_layer1_post_switch,6,7,post_switch,5,6,1.0,0.01,0.99,"[""stage1_n2__from__root__c02"", ""stage2_n1__from__n0002__c01"", ""stage3_n1__from__n0009__c01"", ""stage4_n1__from__n0032__c01"", ""stage5_n1__from__n0097__c01""]",0.031614372191149744,0.37937246629379695,frozen_root_post_switch,stage1_n2__from__root__c02,stage1_n2,"[""stage1_n2"", ""stage2_n1"", ""stage3_n1"", ""stage4_n1"", ""stage5_n1""]",ps_favored_v10_target_bad_post_switch,False,True,False,True,False,True,False
llm_v5_no_archetype_intervention_layer1_d4_eta03_eps001_r2_3methods_fixed_layer1_prob_sanity,1,exp,direct_multistage_exp3,freeze_layer1_post_switch,7,8,post_switch,5,6,1.0,0.01,0.99,"[""stage1_n2__from__root__c02"", ""stage2_n3__from__n0002__c03"", ""stage3_n4__from__n0011__c02"", ""stage4_n4__from__n0039__c03"", ""stage5_n1__from__n0114__c01""]",0.0037757297987834376,0.37937246629379695,frozen_root_post_switch,stage1_n2__from__root__c02,stage1_n2,"[""stage1_n2"", ""stage2_n3"", ""stage3_n4"", ""stage4_n4"", ""stage5_n1""]",ps_favored_v10_decoy_branch_post_switch,False,False,False,False,True,False,False
llm_v5_no_archetype_intervention_layer1_d4_eta03_eps001_r2_3methods_fixed_layer1_prob_sanity,1,exp,direct_multistage_exp3,freeze_layer1_post_switch,8,9,post_switch,5,6,1.0,0.01,0.99,"[""stage1_n5__from__root__c05"", ""stage2_n5__from__n0005__c03"", ""stage3_n3__from__n0022__c01"", ""stage4_n2__from__n0071__c01"", ""stage5_n2__from__n0206__c02""]",0.004403551383513541,0.10686639774848303,frozen_root_post_switch,stage1_n5__from__root__c05,stage1_n5,"[""stage1_n5"", ""stage2_n5"", ""stage3_n3"", ""stage4_n2"", ""stage5_n2""]",ps_favored_v10_multi_barrier_post_switch,False,False,False,False,False,False,False
llm_v5_no_archetype_intervention_layer1_d4_eta03_eps001_r2_3methods_fixed_layer1_prob_sanity,1,exp,direct_multistage_exp3,freeze_layer1_post_switch,9,10,post_switch,5,6,1.0,0.01,0.99,"[""stage1_n3__from__root__c03"", ""stage2_n3__from__n0003__c03"", ""stage3_n4__from__n0014__c02"", ""stage4_n5__from__n0048__c04"", ""stage5_n5__from__n0138__c03""]",0.00351270802123886,0.37937246629379695,frozen_root_post_switch,stage1_n3__from__root__c03,stage1_n3,"[""stage1_n3"", ""stage2_n3"", ""stage3_n4"", ""stage4_n5"", ""stage5_n5""]",ps_favored_v10_multi_barrier_post_switch,False,False,False,False,False,False,False
llm_v5_no_archetype_intervention_layer1_d4_eta03_eps001_r2_3methods_fixed_layer1_prob_sanity,1,exp,direct_multistage_exp3,freeze_layer1_post_switch,10,11,post_switch,5,6,1.0,0.01,0.99,"[""stage1_n2__from__root__c02"", ""stage2_n2__from__n0002__c02"", ""stage3_n5__from__n0010__c04"", ""stage4_n5__from__n0037__c04"", ""stage5_n4__from__n0109__c02""]",0.006154030741147805,0.37937246629379695,frozen_root_post_switch,stage1_n2__from__root__c02,stage1_n2,"[""stage1_n2"", ""stage2_n2"", ""stage3_n5"", ""stage4_n5"", ""stage5_n4""]",ps_favored_v10_multi_barrier_post_switch,False,False,False,False,False,False,False
llm_v5_no_archetype_intervention_layer1_d4_eta03_eps001_r2_3methods_fixed_layer1_prob_sanity,1,exp,direct_multistage_exp3,freeze_layer1_post_switch,11,12,post_switch,5,6,1.0,0.01,0.99,"[""stage1_n3__from__root__c03"", ""stage2_n1__from__n0003__c01"", ""stage3_n1__from__n0012__c01"", ""stage4_n1__from__n0041__c01"", ""stage5_n1__from__n0120__c01""]",0.04530875758540125,0.37937246629379695,frozen_root_post_switch,stage1_n3__from__root__c03,stage1_n3,"[""stage1_n3"", ""stage2_n1"", ""stage3_n1"", ""stage4_n1"", ""stage5_n1""]",ps_favored_v10_target_bad_post_switch,False,True,False,True,False,True,False
llm_v5_no_archetype_intervention_layer1_d4_eta03_eps001_r2_3methods_fixed_layer1_prob_sanity,1,exp,direct_multistage_exp3,freeze_layer1_post_switch,12,13,post_switch,5,6,1.0,0.01,0.99,"[""stage1_n2__from__root__c02"", ""stage2_n2__from__n0002__c02"", ""stage3_n4__from__n0010__c03"", ""stage4_n4__from__n0036__c03"", ""stage5_n3__from__n0104__c02""]",0.004402676468611044,0.37937246629379695,frozen_root_post_switch,stage1_n2__from__root__c02,stage1_n2,"[""stage1_n2"", ""stage2_n2"", ""stage3_n4"", ""stage4_n4"", ""stage5_n3""]",ps_favored_v10_decoy_branch_post_switch,False,False,False,False,True,False,False
llm_v5_no_archetype_intervention_layer1_d4_eta03_eps001_r2_3methods_fixed_layer1_prob_sanity,1,exp,direct_multistage_exp3,freeze_layer1_post_switch,13,14,post_switch,5,6,1.0,0.01,0.99,"[""stage1_n3__from__root__c03"", ""stage2_n2__from__n0003__c02"", ""stage3_n5__from__n0013__c04"", ""stage4_n4__from__n0046__c03"", ""stage5_n3__from__n0131__c02""]",0.004615523055860854,0.37937246629379695,frozen_root_post_switch,stage1_n3__from__root__c03,stage1_n3,"[""stage1_n3"", ""stage2_n2"", ""stage3_n5"", ""stage4_n4"", ""stage5_n3""]",ps_favored_v10_one_barrier_post_switch,False,False,False,False,False,False,False
llm_v5_no_archetype_intervention_layer1_d4_eta03_eps001_r2_3methods_fixed_layer1_prob_sanity,1,exp,direct_multistage_exp3,freeze_layer1_post_switch,14,15,post_switch,5,6,1.0,0.01,0.99,"[""stage1_n3__from__root__c03"", ""stage2_n1__from__n0003__c01"", ""stage3_n2__from__n0012__c02"", ""stage4_n1__from__n0042__c01"", ""stage5_n2__from__n0121__c02""]",0.05407803135365367,0.37937246629379695,frozen_root_post_switch,stage1_n3__from__root__c03,stage1_n3,"[""stage1_n3"", ""stage2_n1"", ""stage3_n2"", ""stage4_n1"", ""stage5_n2""]",ps_favored_v10_target_bad_post_switch,False,True,False,True,False,True,False
llm_v5_no_archetype_intervention_layer1_d4_eta03_eps001_r2_3methods_fixed_layer1_prob_sanity,1,exp,direct_multistage_exp3,freeze_layer1_post_switch,15,16,post_switch,5,6,0.0,0.01,-0.01,"[""stage1_n3__from__root__c03"", ""stage2_n2__from__n0003__c02"", ""stage3_n2__from__n0013__c01"", ""stage4_n1__from__n0043__c01"", ""stage5_n2__from__n0122__c02""]",0.04859177505460209,0.37937246629379695,frozen_root_post_switch,stage1_n3__from__root__c03,stage1_n3,"[""stage1_n3"", ""stage2_n2"", ""stage3_n2"", ""stage4_n1"", ""stage5_n2""]",ps_favored_v10_balancing_candidate_post_switch,False,False,False,False,True,True,False
llm_v5_no_archetype_intervention_layer1_d4_eta03_eps001_r2_3methods_fixed_layer1_prob_sanity,1,exp,direct_multistage_exp3,freeze_layer1_post_switch,16,17,post_switch,5,6,1.0,0.01,0.99,"[""stage1_n4__from__root__c04"", ""stage2_n4__from__n0004__c04"", ""stage3_n5__from__n0018__c03"", ""stage4_n2__from__n0061__c01"", ""stage5_n2__from__n0172__c02""]",0.0013790872981271466,0.13256481158375277,frozen_root_post_switch,stage1_n4__from__root__c04,stage1_n4,"[""stage1_n4"", ""stage2_n4"", ""stage3_n5"", ""stage4_n2"", ""stage5_n2""]",ps_favored_v10_trap_basin_post_switch,True,False,False,False,False,False,False
llm_v5_no_archetype_intervention_layer1_d4_eta03_eps001_r2_3methods_fixed_layer1_prob_sanity,1,exp,direct_multistage_exp3,freeze_layer1_post_switch,17,18,post_switch,5,6,1.0,0.01,0.99,"[""stage1_n5__from__root__c05"", ""stage2_n3__from__n0005__c01"", ""stage3_n4__from__n0020__c02"", ""stage4_n3__from__n0066__c02"", ""stage5_n3__from__n0189__c03""]",0.00217043911967529,0.10686639774848303,frozen_root_post_switch,stage1_n5__from__root__c05,stage1_n5,"[""stage1_n5"", ""stage2_n3"", ""stage3_n4"", ""stage4_n3"", ""stage5_n3""]",ps_favored_v10_one_barrier_post_switch,False,False,False,False,False,False,False
llm_v5_no_archetype_intervention_layer1_d4_eta03_eps001_r2_3methods_fixed_layer1_prob_sanity,1,exp,direct_multistage_exp3,freeze_layer1_post_switch,18,19,post_switch,5,6,1.0,0.01,0.99,"[""stage1_n5__from__root__c05"", ""stage2_n3__from__n0005__c01"", ""stage3_n5__from__n0020__c03"", ""stage4_n5__from__n0067__c04"", ""stage5_n5__from__n0195__c03""]",0.0030516832312993854,0.10686639774848303,frozen_root_post_switch,stage1_n5__from__root__c05,stage1_n5,"[""stage1_n5"", ""stage2_n3"", ""stage3_n5"", ""stage4_n5"", ""stage5_n5""]",ps_favored_v10_multi_barrier_post_switch,False,False,False,False,False,False,False
llm_v5_no_archetype_intervention_layer1_d4_eta03_eps001_r2_3methods_fixed_layer1_prob_sanity,1,exp,direct_multistage_exp3,freeze_layer1_post_switch,19,20,post_switch,5,6,1.0,0.01,0.99,"[""stage1_n3__from__root__c03"", ""stage2_n3__from__n0003__c03"", ""stage3_n5__from__n0014__c03"", ""stage4_n4__from__n0049__c03"", ""stage5_n3__from__n0141__c02""]",0.0023585517293292827,0.37937246629379695,frozen_root_post_switch,stage1_n3__from__root__c03,stage1_n3,"[""stage1_n3"", ""stage2_n3"", ""stage3_n5"", ""stage4_n4"", ""stage5_n3""]",ps_favored_v10_one_barrier_post_switch,False,False,False,False,False,False,False
llm_v5_no_archetype_intervention_layer1_d4_eta03_eps001_r2_3methods_fixed_layer1_prob_sanity,0,ps,risky_ps_linear,dynamic,0,1,pre_switch,5,6,1.0,0.05794379563204665,0.9420562043679533,"[""stage1_n4__from__root__c04"", ""stage2_n2__from__n0004__c02"", ""stage3_n3__from__n0016__c02"", ""stage4_n3__from__n0053__c02"", ""stage5_n2__from__n0147__c02""]",0.001666666666666667,0.2,risky_exploit,stage1_n4__from__root__c04,stage1_n4,"[""stage1_n4"", ""stage2_n2"", ""stage3_n3"", ""stage4_n3"", ""stage5_n2""]",ps_favored_v10_non_safe_all_shared_post_switch,False,False,False,False,False,False,False
llm_v5_no_archetype_intervention_layer1_d4_eta03_eps001_r2_3methods_fixed_layer1_prob_sanity,0,ps,risky_ps_linear,dynamic,1,2,pre_switch,5,6,0.0,0.05794379563204665,-0.05794379563204665,"[""stage1_n3__from__root__c03"", ""stage2_n2__from__n0003__c02"", ""stage3_n5__from__n0013__c04"", ""stage4_n3__from__n0046__c02"", ""stage5_n4__from__n0130__c04""]",0.0012332874280034686,0.23679118617666597,risky_exploit,stage1_n3__from__root__c03,stage1_n3,"[""stage1_n3"", ""stage2_n2"", ""stage3_n5"", ""stage4_n3"", ""stage5_n4""]",ps_favored_v10_one_barrier_post_switch,False,False,False,False,False,False,False
llm_v5_no_archetype_intervention_layer1_d4_eta03_eps001_r2_3methods_fixed_layer1_prob_sanity,0,ps,risky_ps_linear,dynamic,2,3,pre_switch,5,6,1.0,0.05794379563204665,0.9420562043679533,"[""stage1_n5__from__root__c05"", ""stage2_n3__from__n0005__c01"", ""stage3_n5__from__n0020__c03"", ""stage4_n3__from__n0067__c02"", ""stage5_n1__from__n0193__c01""]",0.001644383237337958,0.23679118617666597,risky_exploit,stage1_n5__from__root__c05,stage1_n5,"[""stage1_n5"", ""stage2_n3"", ""stage3_n5"", ""stage4_n3"", ""stage5_n1""]",ps_favored_v10_multi_barrier_post_switch,False,False,False,False,False,False,False
llm_v5_no_archetype_intervention_layer1_d4_eta03_eps001_r2_3methods_fixed_layer1_prob_sanity,0,ps,risky_ps_linear,dynamic,3,4,pre_switch,5,6,0.0,0.05794379563204665,-0.05794379563204665,"[""stage1_n3__from__root__c03"", ""stage2_n3__from__n0003__c03"", ""stage3_n5__from__n0014__c03"", ""stage4_n5__from__n0049__c04"", ""stage5_n2__from__n0142__c01""]",0.002641862377298366,0.28532113674822357,risky_exploit,stage1_n3__from__root__c03,stage1_n3,"[""stage1_n3"", ""stage2_n3"", ""stage3_n5"", ""stage4_n5"", ""stage5_n2""]",ps_favored_v10_multi_barrier_post_switch,False,False,False,False,False,False,False
llm_v5_no_archetype_intervention_layer1_d4_eta03_eps001_r2_3methods_fixed_layer1_prob_sanity,0,ps,risky_ps_linear,dynamic,4,5,pre_switch,5,6,1.0,0.05794379563204665,0.9420562043679533,"[""stage1_n2__from__root__c02"", ""stage2_n3__from__n0002__c03"", ""stage3_n4__from__n0011__c02"", ""stage4_n2__from__n0039__c01"", ""stage5_n1__from__n0112__c01""]",0.003962793565947549,0.28532113674822357,risky_exploit,stage1_n2__from__root__c02,stage1_n2,"[""stage1_n2"", ""stage2_n3"", ""stage3_n4"", ""stage4_n2"", ""stage5_n1""]",ps_favored_v10_decoy_branch_post_switch,False,False,False,False,True,False,False
llm_v5_no_archetype_intervention_layer1_d4_eta03_eps001_r2_3methods_fixed_layer1_prob_sanity,0,ps,risky_ps_linear,dynamic,5,6,post_switch,5,6,1.0,0.01,0.99,"[""stage1_n1__from__root__c01"", ""stage2_n1__from__n0001__c01"", ""stage3_n2__from__n0006__c02"", ""stage4_n1__from__n0024__c01"", ""stage5_n1__from__n0075__c01""]",0.02919618149362678,0.35035417792352136,risky_exploit,stage1_n1__from__root__c01,stage1_n1,"[""stage1_n1"", ""stage2_n1"", ""stage3_n2"", ""stage4_n1"", ""stage5_n1""]",ps_favored_v10_avg_baited_corridor_post_switch,False,True,False,True,False,True,False
llm_v5_no_archetype_intervention_layer1_d4_eta03_eps001_r2_3methods_fixed_layer1_prob_sanity,0,ps,risky_ps_linear,dynamic,6,7,post_switch,5,6,1.0,0.01,0.99,"[""stage1_n2__from__root__c02"", ""stage2_n2__from__n0002__c02"", ""stage3_n4__from__n0010__c03"", ""stage4_n4__from__n0036__c03"", ""stage5_n4__from__n0104__c03""]",0.0011728475976856508,0.15332713829982367,risky_exploit,stage1_n2__from__root__c02,stage1_n2,"[""stage1_n2"", ""stage2_n2"", ""stage3_n4"", ""stage4_n4"", ""stage5_n4""]",ps_favored_v10_decoy_branch_post_switch,False,False,False,False,True,False,False
llm_v5_no_archetype_intervention_layer1_d4_eta03_eps001_r2_3methods_fixed_layer1_prob_sanity,0,ps,risky_ps_linear,dynamic,7,8,post_switch,5,6,1.0,0.01,0.99,"[""stage1_n3__from__root__c03"", ""stage2_n2__from__n0003__c02"", ""stage3_n3__from__n0013__c02"", ""stage4_n3__from__n0044__c02"", ""stage5_n2__from__n0124__c02""]",0.007018307059876163,0.5053181083110838,risky_exploit,stage1_n3__from__root__c03,stage1_n3,"[""stage1_n3"", ""stage2_n2"", ""stage3_n3"", ""stage4_n3"", ""stage5_n2""]",ps_favored_v10_balancing_candidate_post_switch,False,False,False,False,True,False,False
llm_v5_no_archetype_intervention_layer1_d4_eta03_eps001_r2_3methods_fixed_layer1_prob_sanity,0,ps,risky_ps_linear,dynamic,8,9,post_switch,5,6,0.0,0.01,-0.01,"[""stage1_n1__from__root__c01"", ""stage2_n3__from__n0001__c03"", ""stage3_n3__from__n0008__c01"", ""stage4_n3__from__n0029__c02"", ""stage5_n4__from__n0088__c04""]",0.007420789892615473,0.27738358931635554,risky_exploit,stage1_n1__from__root__c01,stage1_n1,"[""stage1_n1"", ""stage2_n3"", ""stage3_n3"", ""stage4_n3"", ""stage5_n4""]",ps_favored_v10_decoy_branch_post_switch,False,False,False,False,True,False,False
llm_v5_no_archetype_intervention_layer1_d4_eta03_eps001_r2_3methods_fixed_layer1_prob_sanity,0,ps,risky_ps_linear,dynamic,9,10,post_switch,5,6,1.0,0.01,0.99,"[""stage1_n5__from__root__c05"", ""stage2_n5__from__n0005__c03"", ""stage3_n4__from__n0022__c02"", ""stage4_n3__from__n0072__c02"", ""stage5_n4__from__n0209__c04""]",0.0018951087227974694,0.18396373736463864,risky_exploit,stage1_n5__from__root__c05,stage1_n5,"[""stage1_n5"", ""stage2_n5"", ""stage3_n4"", ""stage4_n3"", ""stage5_n4""]",ps_favored_v10_multi_barrier_post_switch,False,False,False,False,False,False,False
llm_v5_no_archetype_intervention_layer1_d4_eta03_eps001_r2_3methods_fixed_layer1_prob_sanity,0,ps,risky_ps_linear,dynamic,10,11,post_switch,5,6,1.0,0.01,0.99,"[""stage1_n4__from__root__c04"", ""stage2_n5__from__n0004__c05"", ""stage3_n4__from__n0019__c02"", ""stage4_n5__from__n0063__c04"", ""stage5_n5__from__n0181__c03""]",0.0011874792068741202,0.17102064973268444,risky_exploit,stage1_n4__from__root__c04,stage1_n4,"[""stage1_n4"", ""stage2_n5"", ""stage3_n4"", ""stage4_n5"", ""stage5_n5""]",ps_favored_v10_trap_basin_post_switch,True,False,False,False,False,False,False
llm_v5_no_archetype_intervention_layer1_d4_eta03_eps001_r2_3methods_fixed_layer1_prob_sanity,0,ps,risky_ps_linear,dynamic,11,12,post_switch,5,6,0.0,0.01,-0.01,"[""stage1_n3__from__root__c03"", ""stage2_n3__from__n0003__c03"", ""stage3_n3__from__n0014__c01"", ""stage4_n3__from__n0047__c02"", ""stage5_n1__from__n0134__c01""]",0.012631474335285438,0.49303526783813273,risky_exploit,stage1_n3__from__root__c03,stage1_n3,"[""stage1_n3"", ""stage2_n3"", ""stage3_n3"", ""stage4_n3"", ""stage5_n1""]",ps_favored_v10_balancing_candidate_post_switch,False,False,False,False,True,False,False
llm_v5_no_archetype_intervention_layer1_d4_eta03_eps001_r2_3methods_fixed_layer1_prob_sanity,0,ps,risky_ps_linear,dynamic,12,13,post_switch,5,6,1.0,0.01,0.99,"[""stage1_n3__from__root__c03"", ""stage2_n3__from__n0003__c03"", ""stage3_n3__from__n0014__c01"", ""stage4_n3__from__n0047__c02"", ""stage5_n1__from__n0134__c01""]",0.012631474335285438,0.49303526783813273,risky_exploit,stage1_n3__from__root__c03,stage1_n3,"[""stage1_n3"", ""stage2_n3"", ""stage3_n3"", ""stage4_n3"", ""stage5_n1""]",ps_favored_v10_balancing_candidate_post_switch,False,False,False,False,True,False,False
llm_v5_no_archetype_intervention_layer1_d4_eta03_eps001_r2_3methods_fixed_layer1_prob_sanity,0,ps,risky_ps_linear,dynamic,13,14,post_switch,5,6,1.0,0.01,0.99,"[""stage1_n4__from__root__c04"", ""stage2_n4__from__n0004__c04"", ""stage3_n4__from__n0018__c02"", ""stage4_n4__from__n0060__c03"", ""stage5_n3__from__n0170__c02""]",0.000308617330496622,0.04446236051188084,risky_exploit,stage1_n4__from__root__c04,stage1_n4,"[""stage1_n4"", ""stage2_n4"", ""stage3_n4"", ""stage4_n4"", ""stage5_n3""]",ps_favored_v10_trap_basin_post_switch,True,False,False,False,False,False,False
llm_v5_no_archetype_intervention_layer1_d4_eta03_eps001_r2_3methods_fixed_layer1_prob_sanity,0,ps,risky_ps_linear,dynamic,14,15,post_switch,5,6,0.0,0.01,-0.01,"[""stage1_n1__from__root__c01"", ""stage2_n3__from__n0001__c03"", ""stage3_n3__from__n0008__c01"", ""stage4_n2__from__n0029__c01"", ""stage5_n2__from__n0087__c02""]",0.013692543667522561,0.5118170658824164,risky_exploit,stage1_n1__from__root__c01,stage1_n1,"[""stage1_n1"", ""stage2_n3"", ""stage3_n3"", ""stage4_n2"", ""stage5_n2""]",ps_favored_v10_decoy_branch_post_switch,False,False,False,False,True,False,False
llm_v5_no_archetype_intervention_layer1_d4_eta03_eps001_r2_3methods_fixed_layer1_prob_sanity,0,ps,risky_ps_linear,dynamic,15,16,post_switch,5,6,1.0,0.01,0.99,"[""stage1_n1__from__root__c01"", ""stage2_n2__from__n0001__c02"", ""stage3_n2__from__n0007__c01"", ""stage4_n1__from__n0025__c01"", ""stage5_n1__from__n0076__c01""]",0.030808223251925768,0.5118170658824164,risky_exploit,stage1_n1__from__root__c01,stage1_n1,"[""stage1_n1"", ""stage2_n2"", ""stage3_n2"", ""stage4_n1"", ""stage5_n1""]",ps_favored_v10_avg_baited_corridor_post_switch,False,False,False,False,True,True,False
llm_v5_no_archetype_intervention_layer1_d4_eta03_eps001_r2_3methods_fixed_layer1_prob_sanity,0,ps,risky_ps_linear,dynamic,16,17,post_switch,5,6,0.0,0.01,-0.01,"[""stage1_n3__from__root__c03"", ""stage2_n1__from__n0003__c01"", ""stage3_n2__from__n0012__c02"", ""stage4_n1__from__n0042__c01"", ""stage5_n1__from__n0121__c01""]",0.08158073401357477,0.4685151989312348,risky_exploit,stage1_n3__from__root__c03,stage1_n3,"[""stage1_n3"", ""stage2_n1"", ""stage3_n2"", ""stage4_n1"", ""stage5_n1""]",ps_favored_v10_target_good_post_switch,False,True,True,False,False,True,False
llm_v5_no_archetype_intervention_layer1_d4_eta03_eps001_r2_3methods_fixed_layer1_prob_sanity,0,ps,risky_ps_linear,dynamic,17,18,post_switch,5,6,0.0,0.01,-0.01,"[""stage1_n3__from__root__c03"", ""stage2_n1__from__n0003__c01"", ""stage3_n2__from__n0012__c02"", ""stage4_n1__from__n0042__c01"", ""stage5_n1__from__n0121__c01""]",0.08158073401357477,0.4685151989312348,risky_exploit,stage1_n3__from__root__c03,stage1_n3,"[""stage1_n3"", ""stage2_n1"", ""stage3_n2"", ""stage4_n1"", ""stage5_n1""]",ps_favored_v10_target_good_post_switch,False,True,True,False,False,True,False
llm_v5_no_archetype_intervention_layer1_d4_eta03_eps001_r2_3methods_fixed_layer1_prob_sanity,0,ps,risky_ps_linear,dynamic,18,19,post_switch,5,6,0.0,0.01,-0.01,"[""stage1_n3__from__root__c03"", ""stage2_n1__from__n0003__c01"", ""stage3_n2__from__n0012__c02"", ""stage4_n1__from__n0042__c01"", ""stage5_n1__from__n0121__c01""]",0.08158073401357477,0.4685151989312348,risky_exploit,stage1_n3__from__root__c03,stage1_n3,"[""stage1_n3"", ""stage2_n1"", ""stage3_n2"", ""stage4_n1"", ""stage5_n1""]",ps_favored_v10_target_good_post_switch,False,True,True,False,False,True,False
llm_v5_no_archetype_intervention_layer1_d4_eta03_eps001_r2_3methods_fixed_layer1_prob_sanity,0,ps,risky_ps_linear,dynamic,19,20,post_switch,5,6,0.0,0.01,-0.01,"[""stage1_n2__from__root__c02"", ""stage2_n1__from__n0002__c01"", ""stage3_n1__from__n0009__c01"", ""stage4_n1__from__n0032__c01"", ""stage5_n2__from__n0097__c02""]",0.018140288355027578,0.07699050582805082,risky_exploit,stage1_n2__from__root__c02,stage1_n2,"[""stage1_n2"", ""stage2_n1"", ""stage3_n1"", ""stage4_n1"", ""stage5_n2""]",ps_favored_v10_target_bad_post_switch,False,True,False,True,False,True,False
llm_v5_no_archetype_intervention_layer1_d4_eta03_eps001_r2_3methods_fixed_layer1_prob_sanity,1,ps,risky_ps_linear,dynamic,0,1,pre_switch,5,6,1.0,0.05794379563204665,0.9420562043679533,"[""stage1_n5__from__root__c05"", ""stage2_n3__from__n0005__c01"", ""stage3_n4__from__n0020__c02"", ""stage4_n5__from__n0066__c04"", ""stage5_n2__from__n0191__c01""]",0.0018518518518518515,0.2,risky_exploit,stage1_n5__from__root__c05,stage1_n5,"[""stage1_n5"", ""stage2_n3"", ""stage3_n4"", ""stage4_n5"", ""stage5_n2""]",ps_favored_v10_multi_barrier_post_switch,False,False,False,False,False,False,False
llm_v5_no_archetype_intervention_layer1_d4_eta03_eps001_r2_3methods_fixed_layer1_prob_sanity,1,ps,risky_ps_linear,dynamic,1,2,pre_switch,5,6,1.0,0.05794379563204665,0.9420562043679533,"[""stage1_n2__from__root__c02"", ""stage2_n1__from__n0002__c01"", ""stage3_n1__from__n0009__c01"", ""stage4_n1__from__n0032__c01"", ""stage5_n1__from__n0097__c01""]",0.019732598848055498,0.23679118617666597,risky_exploit,stage1_n2__from__root__c02,stage1_n2,"[""stage1_n2"", ""stage2_n1"", ""stage3_n1"", ""stage4_n1"", ""stage5_n1""]",ps_favored_v10_target_bad_post_switch,False,True,False,True,False,True,False
llm_v5_no_archetype_intervention_layer1_d4_eta03_eps001_r2_3methods_fixed_layer1_prob_sanity,1,ps,risky_ps_linear,dynamic,2,3,pre_switch,5,6,1.0,0.05794379563204665,0.9420562043679533,"[""stage1_n4__from__root__c04"", ""stage2_n1__from__n0004__c01"", ""stage3_n2__from__n0015__c02"", ""stage4_n1__from__n0051__c01"", ""stage5_n1__from__n0144__c01""]",0.01426605683741118,0.28532113674822357,risky_exploit,stage1_n4__from__root__c04,stage1_n4,"[""stage1_n4"", ""stage2_n1"", ""stage3_n2"", ""stage4_n1"", ""stage5_n1""]",ps_favored_v10_target_bad_post_switch,False,True,False,True,False,True,False
llm_v5_no_archetype_intervention_layer1_d4_eta03_eps001_r2_3methods_fixed_layer1_prob_sanity,1,ps,risky_ps_linear,dynamic,3,4,pre_switch,5,6,1.0,0.05794379563204665,0.9420562043679533,"[""stage1_n2__from__root__c02"", ""stage2_n2__from__n0002__c02"", ""stage3_n3__from__n0010__c02"", ""stage4_n2__from__n0035__c01"", ""stage5_n1__from__n0100__c01""]",0.0020333613559083133,0.0986921620764707,risky_exploit,stage1_n2__from__root__c02,stage1_n2,"[""stage1_n2"", ""stage2_n2"", ""stage3_n3"", ""stage4_n2"", ""stage5_n1""]",ps_favored_v10_decoy_branch_post_switch,False,False,False,False,True,False,False
llm_v5_no_archetype_intervention_layer1_d4_eta03_eps001_r2_3methods_fixed_layer1_prob_sanity,1,ps,risky_ps_linear,dynamic,4,5,pre_switch,5,6,0.0,0.05794379563204665,-0.05794379563204665,"[""stage1_n3__from__root__c03"", ""stage2_n1__from__n0003__c01"", ""stage3_n2__from__n0012__c02"", ""stage4_n1__from__n0042__c01"", ""stage5_n2__from__n0121__c02""]",0.032224301594756775,0.38669161913708133,risky_exploit,stage1_n3__from__root__c03,stage1_n3,"[""stage1_n3"", ""stage2_n1"", ""stage3_n2"", ""stage4_n1"", ""stage5_n2""]",ps_favored_v10_target_bad_post_switch,False,True,False,True,False,True,False
llm_v5_no_archetype_intervention_layer1_d4_eta03_eps001_r2_3methods_fixed_layer1_prob_sanity,1,ps,risky_ps_linear,dynamic,5,6,post_switch,5,6,1.0,0.01,0.99,"[""stage1_n5__from__root__c05"", ""stage2_n4__from__n0005__c02"", ""stage3_n5__from__n0021__c03"", ""stage4_n5__from__n0070__c04"", ""stage5_n5__from__n0205__c03""]",0.001191749359497011,0.08628256290611258,risky_exploit,stage1_n5__from__root__c05,stage1_n5,"[""stage1_n5"", ""stage2_n4"", ""stage3_n5"", ""stage4_n5"", ""stage5_n5""]",ps_favored_v10_multi_barrier_post_switch,False,False,False,False,False,False,False
llm_v5_no_archetype_intervention_layer1_d4_eta03_eps001_r2_3methods_fixed_layer1_prob_sanity,1,ps,risky_ps_linear,dynamic,6,7,post_switch,5,6,1.0,0.01,0.99,"[""stage1_n1__from__root__c01"", ""stage2_n3__from__n0001__c03"", ""stage3_n4__from__n0008__c02"", ""stage4_n2__from__n0030__c01"", ""stage5_n1__from__n0089__c01""]",0.005860773067859892,0.42197566088591226,risky_exploit,stage1_n1__from__root__c01,stage1_n1,"[""stage1_n1"", ""stage2_n3"", ""stage3_n4"", ""stage4_n2"", ""stage5_n1""]",ps_favored_v10_decoy_branch_post_switch,False,False,False,False,True,False,False
llm_v5_no_archetype_intervention_layer1_d4_eta03_eps001_r2_3methods_fixed_layer1_prob_sanity,1,ps,risky_ps_linear,dynamic,7,8,post_switch,5,6,1.0,0.01,0.99,"[""stage1_n3__from__root__c03"", ""stage2_n2__from__n0003__c02"", ""stage3_n4__from__n0013__c03"", ""stage4_n3__from__n0045__c02"", ""stage5_n3__from__n0126__c03""]",0.002798694895717269,0.5373494199777157,risky_exploit,stage1_n3__from__root__c03,stage1_n3,"[""stage1_n3"", ""stage2_n2"", ""stage3_n4"", ""stage4_n3"", ""stage5_n3""]",ps_favored_v10_balancing_candidate_post_switch,False,False,False,False,True,False,False
llm_v5_no_archetype_intervention_layer1_d4_eta03_eps001_r2_3methods_fixed_layer1_prob_sanity,1,ps,risky_ps_linear,dynamic,8,9,post_switch,5,6,1.0,0.01,0.99,"[""stage1_n3__from__root__c03"", ""stage2_n2__from__n0003__c02"", ""stage3_n2__from__n0013__c01"", ""stage4_n1__from__n0043__c01"", ""stage5_n2__from__n0122__c02""]",0.005696385204211486,0.3992431969636164,risky_exploit,stage1_n3__from__root__c03,stage1_n3,"[""stage1_n3"", ""stage2_n2"", ""stage3_n2"", ""stage4_n1"", ""stage5_n2""]",ps_favored_v10_balancing_candidate_post_switch,False,False,False,False,True,True,False
llm_v5_no_archetype_intervention_layer1_d4_eta03_eps001_r2_3methods_fixed_layer1_prob_sanity,1,ps,risky_ps_linear,dynamic,9,10,post_switch,5,6,0.0,0.01,-0.01,"[""stage1_n1__from__root__c01"", ""stage2_n2__from__n0001__c02"", ""stage3_n5__from__n0007__c04"", ""stage4_n5__from__n0028__c04"", ""stage5_n4__from__n0086__c02""]",0.004271243485151023,0.43433464202582805,risky_exploit,stage1_n1__from__root__c01,stage1_n1,"[""stage1_n1"", ""stage2_n2"", ""stage3_n5"", ""stage4_n5"", ""stage5_n4""]",ps_favored_v10_multi_barrier_post_switch,False,False,False,False,False,False,False
llm_v5_no_archetype_intervention_layer1_d4_eta03_eps001_r2_3methods_fixed_layer1_prob_sanity,1,ps,risky_ps_linear,dynamic,10,11,post_switch,5,6,0.0,0.01,-0.01,"[""stage1_n3__from__root__c03"", ""stage2_n1__from__n0003__c01"", ""stage3_n2__from__n0012__c02"", ""stage4_n1__from__n0042__c01"", ""stage5_n1__from__n0121__c01""]",0.0298320437590641,0.23865980862524513,risky_exploit,stage1_n3__from__root__c03,stage1_n3,"[""stage1_n3"", ""stage2_n1"", ""stage3_n2"", ""stage4_n1"", ""stage5_n1""]",ps_favored_v10_target_good_post_switch,False,True,True,False,False,True,False
llm_v5_no_archetype_intervention_layer1_d4_eta03_eps001_r2_3methods_fixed_layer1_prob_sanity,1,ps,risky_ps_linear,dynamic,11,12,post_switch,5,6,1.0,0.01,0.99,"[""stage1_n4__from__root__c04"", ""stage2_n4__from__n0004__c04"", ""stage3_n4__from__n0018__c02"", ""stage4_n3__from__n0060__c02"", ""stage5_n1__from__n0169__c01""]",0.00160723131409405,0.3089903251429143,risky_exploit,stage1_n4__from__root__c04,stage1_n4,"[""stage1_n4"", ""stage2_n4"", ""stage3_n4"", ""stage4_n3"", ""stage5_n1""]",ps_favored_v10_trap_basin_post_switch,True,False,False,False,False,False,False
llm_v5_no_archetype_intervention_layer1_d4_eta03_eps001_r2_3methods_fixed_layer1_prob_sanity,1,ps,risky_ps_linear,dynamic,12,13,post_switch,5,6,0.0,0.01,-0.01,"[""stage1_n3__from__root__c03"", ""stage2_n3__from__n0003__c03"", ""stage3_n4__from__n0014__c02"", ""stage4_n4__from__n0048__c03"", ""stage5_n4__from__n0137__c03""]",0.003076597049066201,0.2953575969024399,risky_exploit,stage1_n3__from__root__c03,stage1_n3,"[""stage1_n3"", ""stage2_n3"", ""stage3_n4"", ""stage4_n4"", ""stage5_n4""]",ps_favored_v10_balancing_candidate_post_switch,False,False,False,False,True,False,False
llm_v5_no_archetype_intervention_layer1_d4_eta03_eps001_r2_3methods_fixed_layer1_prob_sanity,1,ps,risky_ps_linear,dynamic,13,14,post_switch,5,6,1.0,0.01,0.99,"[""stage1_n1__from__root__c01"", ""stage2_n1__from__n0001__c01"", ""stage3_n2__from__n0006__c02"", ""stage4_n1__from__n0024__c01"", ""stage5_n2__from__n0075__c02""]",0.0634314199190704,0.537518390126876,risky_exploit,stage1_n1__from__root__c01,stage1_n1,"[""stage1_n1"", ""stage2_n1"", ""stage3_n2"", ""stage4_n1"", ""stage5_n2""]",ps_favored_v10_avg_baited_corridor_post_switch,False,True,True,False,False,True,False
llm_v5_no_archetype_intervention_layer1_d4_eta03_eps001_r2_3methods_fixed_layer1_prob_sanity,1,ps,risky_ps_linear,dynamic,14,15,post_switch,5,6,1.0,0.01,0.99,"[""stage1_n4__from__root__c04"", ""stage2_n5__from__n0004__c05"", ""stage3_n3__from__n0019__c01"", ""stage4_n2__from__n0062__c01"", ""stage5_n1__from__n0176__c01""]",0.0034531505312217514,0.18806644671694345,risky_exploit,stage1_n4__from__root__c04,stage1_n4,"[""stage1_n4"", ""stage2_n5"", ""stage3_n3"", ""stage4_n2"", ""stage5_n1""]",ps_favored_v10_trap_basin_post_switch,True,False,False,False,False,False,False
llm_v5_no_archetype_intervention_layer1_d4_eta03_eps001_r2_3methods_fixed_layer1_prob_sanity,1,ps,risky_ps_linear,dynamic,15,16,post_switch,5,6,1.0,0.01,0.99,"[""stage1_n1__from__root__c01"", ""stage2_n2__from__n0001__c02"", ""stage3_n2__from__n0007__c01"", ""stage4_n1__from__n0025__c01"", ""stage5_n2__from__n0076__c02""]",0.041217058339011764,0.4698911525269259,risky_exploit,stage1_n1__from__root__c01,stage1_n1,"[""stage1_n1"", ""stage2_n2"", ""stage3_n2"", ""stage4_n1"", ""stage5_n2""]",ps_favored_v10_avg_baited_corridor_post_switch,False,False,False,False,True,True,False
llm_v5_no_archetype_intervention_layer1_d4_eta03_eps001_r2_3methods_fixed_layer1_prob_sanity,1,ps,risky_ps_linear,dynamic,16,17,post_switch,5,6,1.0,0.01,0.99,"[""stage1_n1__from__root__c01"", ""stage2_n2__from__n0001__c02"", ""stage3_n4__from__n0007__c03"", ""stage4_n3__from__n0027__c02"", ""stage5_n2__from__n0080__c02""]",0.003203275483810796,0.3188575499716944,risky_exploit,stage1_n1__from__root__c01,stage1_n1,"[""stage1_n1"", ""stage2_n2"", ""stage3_n4"", ""stage4_n3"", ""stage5_n2""]",ps_favored_v10_avg_baited_corridor_post_switch,False,False,False,False,True,False,False
llm_v5_no_archetype_intervention_layer1_d4_eta03_eps001_r2_3methods_fixed_layer1_prob_sanity,1,ps,risky_ps_linear,dynamic,17,18,post_switch,5,6,1.0,0.01,0.99,"[""stage1_n1__from__root__c01"", ""stage2_n1__from__n0001__c01"", ""stage3_n1__from__n0006__c01"", ""stage4_n1__from__n0023__c01"", ""stage5_n2__from__n0074__c02""]",0.03051162228162897,0.15448015152118671,risky_exploit,stage1_n1__from__root__c01,stage1_n1,"[""stage1_n1"", ""stage2_n1"", ""stage3_n1"", ""stage4_n1"", ""stage5_n2""]",ps_favored_v10_avg_baited_corridor_post_switch,False,True,False,True,False,True,False
llm_v5_no_archetype_intervention_layer1_d4_eta03_eps001_r2_3methods_fixed_layer1_prob_sanity,1,ps,risky_ps_linear,dynamic,18,19,post_switch,5,6,1.0,0.01,0.99,"[""stage1_n1__from__root__c01"", ""stage2_n3__from__n0001__c03"", ""stage3_n5__from__n0008__c03"", ""stage4_n4__from__n0031__c03"", ""stage5_n5__from__n0095__c04""]",0.000494526569664603,0.025533891695229727,risky_exploit,stage1_n1__from__root__c01,stage1_n1,"[""stage1_n1"", ""stage2_n3"", ""stage3_n5"", ""stage4_n4"", ""stage5_n5""]",ps_favored_v10_multi_barrier_post_switch,False,False,False,False,False,False,False
llm_v5_no_archetype_intervention_layer1_d4_eta03_eps001_r2_3methods_fixed_layer1_prob_sanity,1,ps,risky_ps_linear,dynamic,19,20,post_switch,5,6,0.0,0.01,-0.01,"[""stage1_n3__from__root__c03"", ""stage2_n3__from__n0003__c03"", ""stage3_n4__from__n0014__c02"", ""stage4_n4__from__n0048__c03"", ""stage5_n3__from__n0137__c02""]",0.008865394054746407,0.8510901628790886,risky_exploit,stage1_n3__from__root__c03,stage1_n3,"[""stage1_n3"", ""stage2_n3"", ""stage3_n4"", ""stage4_n4"", ""stage5_n3""]",ps_favored_v10_balancing_candidate_post_switch,False,False,False,False,True,False,False
llm_v5_no_archetype_intervention_layer1_d4_eta03_eps001_r2_3methods_fixed_layer1_prob_sanity,0,ps,risky_ps_linear,freeze_layer1_post_switch,0,1,pre_switch,5,6,1.0,0.05794379563204665,0.9420562043679533,"[""stage1_n4__from__root__c04"", ""stage2_n2__from__n0004__c02"", ""stage3_n3__from__n0016__c02"", ""stage4_n3__from__n0053__c02"", ""stage5_n2__from__n0147__c02""]",0.001666666666666667,0.2,risky_exploit,stage1_n4__from__root__c04,stage1_n4,"[""stage1_n4"", ""stage2_n2"", ""stage3_n3"", ""stage4_n3"", ""stage5_n2""]",ps_favored_v10_non_safe_all_shared_post_switch,False,False,False,False,False,False,False
llm_v5_no_archetype_intervention_layer1_d4_eta03_eps001_r2_3methods_fixed_layer1_prob_sanity,0,ps,risky_ps_linear,freeze_layer1_post_switch,1,2,pre_switch,5,6,0.0,0.05794379563204665,-0.05794379563204665,"[""stage1_n3__from__root__c03"", ""stage2_n2__from__n0003__c02"", ""stage3_n5__from__n0013__c04"", ""stage4_n3__from__n0046__c02"", ""stage5_n4__from__n0130__c04""]",0.0012332874280034686,0.23679118617666597,risky_exploit,stage1_n3__from__root__c03,stage1_n3,"[""stage1_n3"", ""stage2_n2"", ""stage3_n5"", ""stage4_n3"", ""stage5_n4""]",ps_favored_v10_one_barrier_post_switch,False,False,False,False,False,False,False
llm_v5_no_archetype_intervention_layer1_d4_eta03_eps001_r2_3methods_fixed_layer1_prob_sanity,0,ps,risky_ps_linear,freeze_layer1_post_switch,2,3,pre_switch,5,6,1.0,0.05794379563204665,0.9420562043679533,"[""stage1_n5__from__root__c05"", ""stage2_n3__from__n0005__c01"", ""stage3_n5__from__n0020__c03"", ""stage4_n3__from__n0067__c02"", ""stage5_n1__from__n0193__c01""]",0.001644383237337958,0.23679118617666597,risky_exploit,stage1_n5__from__root__c05,stage1_n5,"[""stage1_n5"", ""stage2_n3"", ""stage3_n5"", ""stage4_n3"", ""stage5_n1""]",ps_favored_v10_multi_barrier_post_switch,False,False,False,False,False,False,False
llm_v5_no_archetype_intervention_layer1_d4_eta03_eps001_r2_3methods_fixed_layer1_prob_sanity,0,ps,risky_ps_linear,freeze_layer1_post_switch,3,4,pre_switch,5,6,0.0,0.05794379563204665,-0.05794379563204665,"[""stage1_n3__from__root__c03"", ""stage2_n3__from__n0003__c03"", ""stage3_n5__from__n0014__c03"", ""stage4_n5__from__n0049__c04"", ""stage5_n2__from__n0142__c01""]",0.002641862377298366,0.28532113674822357,risky_exploit,stage1_n3__from__root__c03,stage1_n3,"[""stage1_n3"", ""stage2_n3"", ""stage3_n5"", ""stage4_n5"", ""stage5_n2""]",ps_favored_v10_multi_barrier_post_switch,False,False,False,False,False,False,False
llm_v5_no_archetype_intervention_layer1_d4_eta03_eps001_r2_3methods_fixed_layer1_prob_sanity,0,ps,risky_ps_linear,freeze_layer1_post_switch,4,5,pre_switch,5,6,1.0,0.05794379563204665,0.9420562043679533,"[""stage1_n2__from__root__c02"", ""stage2_n3__from__n0002__c03"", ""stage3_n4__from__n0011__c02"", ""stage4_n2__from__n0039__c01"", ""stage5_n1__from__n0112__c01""]",0.003962793565947549,0.28532113674822357,risky_exploit,stage1_n2__from__root__c02,stage1_n2,"[""stage1_n2"", ""stage2_n3"", ""stage3_n4"", ""stage4_n2"", ""stage5_n1""]",ps_favored_v10_decoy_branch_post_switch,False,False,False,False,True,False,False
llm_v5_no_archetype_intervention_layer1_d4_eta03_eps001_r2_3methods_fixed_layer1_prob_sanity,0,ps,risky_ps_linear,freeze_layer1_post_switch,5,6,post_switch,5,6,1.0,0.01,0.99,"[""stage1_n4__from__root__c04"", ""stage2_n4__from__n0004__c04"", ""stage3_n5__from__n0018__c03"", ""stage4_n3__from__n0061__c02"", ""stage5_n1__from__n0173__c01""]",0.00041344719673804296,0.07939283799045933,frozen_root_post_switch,stage1_n4__from__root__c04,stage1_n4,"[""stage1_n4"", ""stage2_n4"", ""stage3_n5"", ""stage4_n3"", ""stage5_n1""]",ps_favored_v10_trap_basin_post_switch,True,False,False,False,False,False,False
llm_v5_no_archetype_intervention_layer1_d4_eta03_eps001_r2_3methods_fixed_layer1_prob_sanity,0,ps,risky_ps_linear,freeze_layer1_post_switch,6,7,post_switch,5,6,0.0,0.01,-0.01,"[""stage1_n1__from__root__c01"", ""stage2_n3__from__n0001__c03"", ""stage3_n4__from__n0008__c02"", ""stage4_n4__from__n0030__c03"", ""stage5_n4__from__n0091__c03""]",0.002422573862113098,0.34885063614428613,frozen_root_post_switch,stage1_n1__from__root__c01,stage1_n1,"[""stage1_n1"", ""stage2_n3"", ""stage3_n4"", ""stage4_n4"", ""stage5_n4""]",ps_favored_v10_decoy_branch_post_switch,False,False,False,False,True,False,False
llm_v5_no_archetype_intervention_layer1_d4_eta03_eps001_r2_3methods_fixed_layer1_prob_sanity,0,ps,risky_ps_linear,freeze_layer1_post_switch,7,8,post_switch,5,6,1.0,0.01,0.99,"[""stage1_n5__from__root__c05"", ""stage2_n5__from__n0005__c03"", ""stage3_n4__from__n0022__c02"", ""stage4_n4__from__n0072__c03"", ""stage5_n1__from__n0210__c01""]",0.0010271169394743328,0.099705240455706,frozen_root_post_switch,stage1_n5__from__root__c05,stage1_n5,"[""stage1_n5"", ""stage2_n5"", ""stage3_n4"", ""stage4_n4"", ""stage5_n1""]",ps_favored_v10_multi_barrier_post_switch,False,False,False,False,False,False,False
llm_v5_no_archetype_intervention_layer1_d4_eta03_eps001_r2_3methods_fixed_layer1_prob_sanity,0,ps,risky_ps_linear,freeze_layer1_post_switch,8,9,post_switch,5,6,1.0,0.01,0.99,"[""stage1_n1__from__root__c01"", ""stage2_n2__from__n0001__c02"", ""stage3_n2__from__n0007__c01"", ""stage4_n1__from__n0025__c01"", ""stage5_n2__from__n0076__c02""]",0.014535443172678589,0.34885063614428613,frozen_root_post_switch,stage1_n1__from__root__c01,stage1_n1,"[""stage1_n1"", ""stage2_n2"", ""stage3_n2"", ""stage4_n1"", ""stage5_n2""]",ps_favored_v10_avg_baited_corridor_post_switch,False,False,False,False,True,True,False
llm_v5_no_archetype_intervention_layer1_d4_eta03_eps001_r2_3methods_fixed_layer1_prob_sanity,0,ps,risky_ps_linear,freeze_layer1_post_switch,9,10,post_switch,5,6,1.0,0.01,0.99,"[""stage1_n5__from__root__c05"", ""stage2_n4__from__n0005__c02"", ""stage3_n4__from__n0021__c02"", ""stage4_n4__from__n0069__c03"", ""stage5_n5__from__n0200__c04""]",0.002027262497695983,0.099705240455706,frozen_root_post_switch,stage1_n5__from__root__c05,stage1_n5,"[""stage1_n5"", ""stage2_n4"", ""stage3_n4"", ""stage4_n4"", ""stage5_n5""]",ps_favored_v10_multi_barrier_post_switch,False,False,False,False,False,False,False
llm_v5_no_archetype_intervention_layer1_d4_eta03_eps001_r2_3methods_fixed_layer1_prob_sanity,0,ps,risky_ps_linear,freeze_layer1_post_switch,10,11,post_switch,5,6,0.0,0.01,-0.01,"[""stage1_n4__from__root__c04"", ""stage2_n3__from__n0004__c03"", ""stage3_n4__from__n0017__c02"", ""stage4_n4__from__n0057__c03"", ""stage5_n5__from__n0160__c04""]",0.0005512374757556178,0.07939283799045933,frozen_root_post_switch,stage1_n4__from__root__c04,stage1_n4,"[""stage1_n4"", ""stage2_n3"", ""stage3_n4"", ""stage4_n4"", ""stage5_n5""]",ps_favored_v10_one_barrier_post_switch,False,False,False,False,False,False,False
llm_v5_no_archetype_intervention_layer1_d4_eta03_eps001_r2_3methods_fixed_layer1_prob_sanity,0,ps,risky_ps_linear,freeze_layer1_post_switch,11,12,post_switch,5,6,1.0,0.01,0.99,"[""stage1_n3__from__root__c03"", ""stage2_n2__from__n0003__c02"", ""stage3_n4__from__n0013__c03"", ""stage4_n2__from__n0045__c01"", ""stage5_n2__from__n0125__c02""]",0.003633860793169647,0.34885063614428613,frozen_root_post_switch,stage1_n3__from__root__c03,stage1_n3,"[""stage1_n3"", ""stage2_n2"", ""stage3_n4"", ""stage4_n2"", ""stage5_n2""]",ps_favored_v10_balancing_candidate_post_switch,False,False,False,False,True,False,False
llm_v5_no_archetype_intervention_layer1_d4_eta03_eps001_r2_3methods_fixed_layer1_prob_sanity,0,ps,risky_ps_linear,freeze_layer1_post_switch,12,13,post_switch,5,6,1.0,0.01,0.99,"[""stage1_n1__from__root__c01"", ""stage2_n3__from__n0001__c03"", ""stage3_n5__from__n0008__c03"", ""stage4_n2__from__n0031__c01"", ""stage5_n2__from__n0093__c02""]",0.00700239546924383,0.34885063614428613,frozen_root_post_switch,stage1_n1__from__root__c01,stage1_n1,"[""stage1_n1"", ""stage2_n3"", ""stage3_n5"", ""stage4_n2"", ""stage5_n2""]",ps_favored_v10_one_barrier_post_switch,False,False,False,False,False,False,False
llm_v5_no_archetype_intervention_layer1_d4_eta03_eps001_r2_3methods_fixed_layer1_prob_sanity,0,ps,risky_ps_linear,freeze_layer1_post_switch,13,14,post_switch,5,6,1.0,0.01,0.99,"[""stage1_n1__from__root__c01"", ""stage2_n3__from__n0001__c03"", ""stage3_n4__from__n0008__c02"", ""stage4_n4__from__n0030__c03"", ""stage5_n4__from__n0091__c03""]",0.0014673625366963346,0.34885063614428613,frozen_root_post_switch,stage1_n1__from__root__c01,stage1_n1,"[""stage1_n1"", ""stage2_n3"", ""stage3_n4"", ""stage4_n4"", ""stage5_n4""]",ps_favored_v10_decoy_branch_post_switch,False,False,False,False,True,False,False
llm_v5_no_archetype_intervention_layer1_d4_eta03_eps001_r2_3methods_fixed_layer1_prob_sanity,0,ps,risky_ps_linear,freeze_layer1_post_switch,14,15,post_switch,5,6,1.0,0.01,0.99,"[""stage1_n2__from__root__c02"", ""stage2_n3__from__n0002__c03"", ""stage3_n3__from__n0011__c01"", ""stage4_n3__from__n0038__c02"", ""stage5_n1__from__n0111__c01""]",0.00021443948923667797,0.12320064926526243,frozen_root_post_switch,stage1_n2__from__root__c02,stage1_n2,"[""stage1_n2"", ""stage2_n3"", ""stage3_n3"", ""stage4_n3"", ""stage5_n1""]",ps_favored_v10_decoy_branch_post_switch,False,False,False,False,True,False,False
llm_v5_no_archetype_intervention_layer1_d4_eta03_eps001_r2_3methods_fixed_layer1_prob_sanity,0,ps,risky_ps_linear,freeze_layer1_post_switch,15,16,post_switch,5,6,1.0,0.01,0.99,"[""stage1_n1__from__root__c01"", ""stage2_n1__from__n0001__c01"", ""stage3_n2__from__n0006__c02"", ""stage4_n1__from__n0024__c01"", ""stage5_n1__from__n0075__c01""]",0.08104756085334695,0.34885063614428613,frozen_root_post_switch,stage1_n1__from__root__c01,stage1_n1,"[""stage1_n1"", ""stage2_n1"", ""stage3_n2"", ""stage4_n1"", ""stage5_n1""]",ps_favored_v10_avg_baited_corridor_post_switch,False,True,False,True,False,True,False
llm_v5_no_archetype_intervention_layer1_d4_eta03_eps001_r2_3methods_fixed_layer1_prob_sanity,0,ps,risky_ps_linear,freeze_layer1_post_switch,16,17,post_switch,5,6,1.0,0.01,0.99,"[""stage1_n1__from__root__c01"", ""stage2_n1__from__n0001__c01"", ""stage3_n2__from__n0006__c02"", ""stage4_n1__from__n0024__c01"", ""stage5_n1__from__n0075__c01""]",0.033141563806730195,0.34885063614428613,frozen_root_post_switch,stage1_n1__from__root__c01,stage1_n1,"[""stage1_n1"", ""stage2_n1"", ""stage3_n2"", ""stage4_n1"", ""stage5_n1""]",ps_favored_v10_avg_baited_corridor_post_switch,False,True,False,True,False,True,False
llm_v5_no_archetype_intervention_layer1_d4_eta03_eps001_r2_3methods_fixed_layer1_prob_sanity,0,ps,risky_ps_linear,freeze_layer1_post_switch,17,18,post_switch,5,6,0.0,0.01,-0.01,"[""stage1_n3__from__root__c03"", ""stage2_n1__from__n0003__c01"", ""stage3_n2__from__n0012__c02"", ""stage4_n1__from__n0042__c01"", ""stage5_n1__from__n0121__c01""]",0.04201437281546298,0.34885063614428613,frozen_root_post_switch,stage1_n3__from__root__c03,stage1_n3,"[""stage1_n3"", ""stage2_n1"", ""stage3_n2"", ""stage4_n1"", ""stage5_n1""]",ps_favored_v10_target_good_post_switch,False,True,True,False,False,True,False
llm_v5_no_archetype_intervention_layer1_d4_eta03_eps001_r2_3methods_fixed_layer1_prob_sanity,0,ps,risky_ps_linear,freeze_layer1_post_switch,18,19,post_switch,5,6,0.0,0.01,-0.01,"[""stage1_n3__from__root__c03"", ""stage2_n3__from__n0003__c03"", ""stage3_n5__from__n0014__c03"", ""stage4_n2__from__n0049__c01"", ""stage5_n2__from__n0139__c02""]",0.00700239546924383,0.34885063614428613,frozen_root_post_switch,stage1_n3__from__root__c03,stage1_n3,"[""stage1_n3"", ""stage2_n3"", ""stage3_n5"", ""stage4_n2"", ""stage5_n2""]",ps_favored_v10_one_barrier_post_switch,False,False,False,False,False,False,False
llm_v5_no_archetype_intervention_layer1_d4_eta03_eps001_r2_3methods_fixed_layer1_prob_sanity,0,ps,risky_ps_linear,freeze_layer1_post_switch,19,20,post_switch,5,6,0.0,0.01,-0.01,"[""stage1_n4__from__root__c04"", ""stage2_n1__from__n0004__c01"", ""stage3_n2__from__n0015__c02"", ""stage4_n1__from__n0051__c01"", ""stage5_n1__from__n0144__c01""]",0.006614849709067414,0.07939283799045933,frozen_root_post_switch,stage1_n4__from__root__c04,stage1_n4,"[""stage1_n4"", ""stage2_n1"", ""stage3_n2"", ""stage4_n1"", ""stage5_n1""]",ps_favored_v10_target_bad_post_switch,False,True,False,True,False,True,False
llm_v5_no_archetype_intervention_layer1_d4_eta03_eps001_r2_3methods_fixed_layer1_prob_sanity,1,ps,risky_ps_linear,freeze_layer1_post_switch,0,1,pre_switch,5,6,1.0,0.05794379563204665,0.9420562043679533,"[""stage1_n5__from__root__c05"", ""stage2_n3__from__n0005__c01"", ""stage3_n4__from__n0020__c02"", ""stage4_n5__from__n0066__c04"", ""stage5_n2__from__n0191__c01""]",0.0018518518518518515,0.2,risky_exploit,stage1_n5__from__root__c05,stage1_n5,"[""stage1_n5"", ""stage2_n3"", ""stage3_n4"", ""stage4_n5"", ""stage5_n2""]",ps_favored_v10_multi_barrier_post_switch,False,False,False,False,False,False,False
llm_v5_no_archetype_intervention_layer1_d4_eta03_eps001_r2_3methods_fixed_layer1_prob_sanity,1,ps,risky_ps_linear,freeze_layer1_post_switch,1,2,pre_switch,5,6,1.0,0.05794379563204665,0.9420562043679533,"[""stage1_n2__from__root__c02"", ""stage2_n1__from__n0002__c01"", ""stage3_n1__from__n0009__c01"", ""stage4_n1__from__n0032__c01"", ""stage5_n1__from__n0097__c01""]",0.019732598848055498,0.23679118617666597,risky_exploit,stage1_n2__from__root__c02,stage1_n2,"[""stage1_n2"", ""stage2_n1"", ""stage3_n1"", ""stage4_n1"", ""stage5_n1""]",ps_favored_v10_target_bad_post_switch,False,True,False,True,False,True,False
llm_v5_no_archetype_intervention_layer1_d4_eta03_eps001_r2_3methods_fixed_layer1_prob_sanity,1,ps,risky_ps_linear,freeze_layer1_post_switch,2,3,pre_switch,5,6,1.0,0.05794379563204665,0.9420562043679533,"[""stage1_n4__from__root__c04"", ""stage2_n1__from__n0004__c01"", ""stage3_n2__from__n0015__c02"", ""stage4_n1__from__n0051__c01"", ""stage5_n1__from__n0144__c01""]",0.01426605683741118,0.28532113674822357,risky_exploit,stage1_n4__from__root__c04,stage1_n4,"[""stage1_n4"", ""stage2_n1"", ""stage3_n2"", ""stage4_n1"", ""stage5_n1""]",ps_favored_v10_target_bad_post_switch,False,True,False,True,False,True,False
llm_v5_no_archetype_intervention_layer1_d4_eta03_eps001_r2_3methods_fixed_layer1_prob_sanity,1,ps,risky_ps_linear,freeze_layer1_post_switch,3,4,pre_switch,5,6,1.0,0.05794379563204665,0.9420562043679533,"[""stage1_n2__from__root__c02"", ""stage2_n2__from__n0002__c02"", ""stage3_n3__from__n0010__c02"", ""stage4_n2__from__n0035__c01"", ""stage5_n1__from__n0100__c01""]",0.0020333613559083133,0.0986921620764707,risky_exploit,stage1_n2__from__root__c02,stage1_n2,"[""stage1_n2"", ""stage2_n2"", ""stage3_n3"", ""stage4_n2"", ""stage5_n1""]",ps_favored_v10_decoy_branch_post_switch,False,False,False,False,True,False,False
llm_v5_no_archetype_intervention_layer1_d4_eta03_eps001_r2_3methods_fixed_layer1_prob_sanity,1,ps,risky_ps_linear,freeze_layer1_post_switch,4,5,pre_switch,5,6,0.0,0.05794379563204665,-0.05794379563204665,"[""stage1_n3__from__root__c03"", ""stage2_n1__from__n0003__c01"", ""stage3_n2__from__n0012__c02"", ""stage4_n1__from__n0042__c01"", ""stage5_n2__from__n0121__c02""]",0.032224301594756775,0.38669161913708133,risky_exploit,stage1_n3__from__root__c03,stage1_n3,"[""stage1_n3"", ""stage2_n1"", ""stage3_n2"", ""stage4_n1"", ""stage5_n2""]",ps_favored_v10_target_bad_post_switch,False,True,False,True,False,True,False
llm_v5_no_archetype_intervention_layer1_d4_eta03_eps001_r2_3methods_fixed_layer1_prob_sanity,1,ps,risky_ps_linear,freeze_layer1_post_switch,5,6,post_switch,5,6,0.0,0.01,-0.01,"[""stage1_n1__from__root__c01"", ""stage2_n3__from__n0001__c03"", ""stage3_n3__from__n0008__c01"", ""stage4_n3__from__n0029__c02"", ""stage5_n3__from__n0088__c03""]",0.007126383387883527,0.38482470294571053,frozen_root_post_switch,stage1_n1__from__root__c01,stage1_n1,"[""stage1_n1"", ""stage2_n3"", ""stage3_n3"", ""stage4_n3"", ""stage5_n3""]",ps_favored_v10_local_decoy_post_switch,False,False,False,False,True,False,False
llm_v5_no_archetype_intervention_layer1_d4_eta03_eps001_r2_3methods_fixed_layer1_prob_sanity,1,ps,risky_ps_linear,freeze_layer1_post_switch,6,7,post_switch,5,6,1.0,0.01,0.99,"[""stage1_n5__from__root__c05"", ""stage2_n5__from__n0005__c03"", ""stage3_n3__from__n0022__c01"", ""stage4_n3__from__n0071__c02"", ""stage5_n4__from__n0207__c04""]",0.0024149124086795615,0.08741973727705146,frozen_root_post_switch,stage1_n5__from__root__c05,stage1_n5,"[""stage1_n5"", ""stage2_n5"", ""stage3_n3"", ""stage4_n3"", ""stage5_n4""]",ps_favored_v10_multi_barrier_post_switch,False,False,False,False,False,False,False
llm_v5_no_archetype_intervention_layer1_d4_eta03_eps001_r2_3methods_fixed_layer1_prob_sanity,1,ps,risky_ps_linear,freeze_layer1_post_switch,7,8,post_switch,5,6,1.0,0.01,0.99,"[""stage1_n4__from__root__c04"", ""stage2_n4__from__n0004__c04"", ""stage3_n3__from__n0018__c01"", ""stage4_n3__from__n0059__c02"", ""stage5_n2__from__n0167__c02""]",0.0018832573805809215,0.13577113292218387,frozen_root_post_switch,stage1_n4__from__root__c04,stage1_n4,"[""stage1_n4"", ""stage2_n4"", ""stage3_n3"", ""stage4_n3"", ""stage5_n2""]",ps_favored_v10_trap_basin_post_switch,True,False,False,False,False,False,False
llm_v5_no_archetype_intervention_layer1_d4_eta03_eps001_r2_3methods_fixed_layer1_prob_sanity,1,ps,risky_ps_linear,freeze_layer1_post_switch,8,9,post_switch,5,6,1.0,0.01,0.99,"[""stage1_n1__from__root__c01"", ""stage2_n3__from__n0001__c03"", ""stage3_n4__from__n0008__c02"", ""stage4_n4__from__n0030__c03"", ""stage5_n4__from__n0091__c03""]",0.0026723937704563228,0.38482470294571053,frozen_root_post_switch,stage1_n1__from__root__c01,stage1_n1,"[""stage1_n1"", ""stage2_n3"", ""stage3_n4"", ""stage4_n4"", ""stage5_n4""]",ps_favored_v10_decoy_branch_post_switch,False,False,False,False,True,False,False
llm_v5_no_archetype_intervention_layer1_d4_eta03_eps001_r2_3methods_fixed_layer1_prob_sanity,1,ps,risky_ps_linear,freeze_layer1_post_switch,9,10,post_switch,5,6,1.0,0.01,0.99,"[""stage1_n3__from__root__c03"", ""stage2_n1__from__n0003__c01"", ""stage3_n1__from__n0012__c01"", ""stage4_n1__from__n0041__c01"", ""stage5_n2__from__n0120__c02""]",0.032068725245475875,0.38482470294571053,frozen_root_post_switch,stage1_n3__from__root__c03,stage1_n3,"[""stage1_n3"", ""stage2_n1"", ""stage3_n1"", ""stage4_n1"", ""stage5_n2""]",ps_favored_v10_target_bad_post_switch,False,True,False,True,False,True,False
llm_v5_no_archetype_intervention_layer1_d4_eta03_eps001_r2_3methods_fixed_layer1_prob_sanity,1,ps,risky_ps_linear,freeze_layer1_post_switch,10,11,post_switch,5,6,1.0,0.01,0.99,"[""stage1_n3__from__root__c03"", ""stage2_n2__from__n0003__c02"", ""stage3_n5__from__n0013__c04"", ""stage4_n4__from__n0046__c03"", ""stage5_n1__from__n0131__c01""]",0.002868127100418523,0.38482470294571053,frozen_root_post_switch,stage1_n3__from__root__c03,stage1_n3,"[""stage1_n3"", ""stage2_n2"", ""stage3_n5"", ""stage4_n4"", ""stage5_n1""]",ps_favored_v10_one_barrier_post_switch,False,False,False,False,False,False,False
llm_v5_no_archetype_intervention_layer1_d4_eta03_eps001_r2_3methods_fixed_layer1_prob_sanity,1,ps,risky_ps_linear,freeze_layer1_post_switch,11,12,post_switch,5,6,0.0,0.01,-0.01,"[""stage1_n3__from__root__c03"", ""stage2_n3__from__n0003__c03"", ""stage3_n3__from__n0014__c01"", ""stage4_n3__from__n0047__c02"", ""stage5_n4__from__n0134__c04""]",0.01655333807120811,0.38482470294571053,frozen_root_post_switch,stage1_n3__from__root__c03,stage1_n3,"[""stage1_n3"", ""stage2_n3"", ""stage3_n3"", ""stage4_n3"", ""stage5_n4""]",ps_favored_v10_balancing_candidate_post_switch,False,False,False,False,True,False,False
llm_v5_no_archetype_intervention_layer1_d4_eta03_eps001_r2_3methods_fixed_layer1_prob_sanity,1,ps,risky_ps_linear,freeze_layer1_post_switch,12,13,post_switch,5,6,1.0,0.01,0.99,"[""stage1_n1__from__root__c01"", ""stage2_n2__from__n0001__c02"", ""stage3_n4__from__n0007__c03"", ""stage4_n4__from__n0027__c03"", ""stage5_n3__from__n0081__c02""]",0.002868127100418523,0.38482470294571053,frozen_root_post_switch,stage1_n1__from__root__c01,stage1_n1,"[""stage1_n1"", ""stage2_n2"", ""stage3_n4"", ""stage4_n4"", ""stage5_n3""]",ps_favored_v10_avg_baited_corridor_post_switch,False,False,False,False,True,False,False
llm_v5_no_archetype_intervention_layer1_d4_eta03_eps001_r2_3methods_fixed_layer1_prob_sanity,1,ps,risky_ps_linear,freeze_layer1_post_switch,13,14,post_switch,5,6,1.0,0.01,0.99,"[""stage1_n1__from__root__c01"", ""stage2_n1__from__n0001__c01"", ""stage3_n1__from__n0006__c01"", ""stage4_n1__from__n0023__c01"", ""stage5_n1__from__n0074__c01""]",0.0744900213204365,0.38482470294571053,frozen_root_post_switch,stage1_n1__from__root__c01,stage1_n1,"[""stage1_n1"", ""stage2_n1"", ""stage3_n1"", ""stage4_n1"", ""stage5_n1""]",ps_favored_v10_avg_baited_corridor_post_switch,False,True,True,False,False,True,False
llm_v5_no_archetype_intervention_layer1_d4_eta03_eps001_r2_3methods_fixed_layer1_prob_sanity,1,ps,risky_ps_linear,freeze_layer1_post_switch,14,15,post_switch,5,6,1.0,0.01,0.99,"[""stage1_n1__from__root__c01"", ""stage2_n1__from__n0001__c01"", ""stage3_n2__from__n0006__c02"", ""stage4_n1__from__n0024__c01"", ""stage5_n1__from__n0075__c01""]",0.06430013672597563,0.38482470294571053,frozen_root_post_switch,stage1_n1__from__root__c01,stage1_n1,"[""stage1_n1"", ""stage2_n1"", ""stage3_n2"", ""stage4_n1"", ""stage5_n1""]",ps_favored_v10_avg_baited_corridor_post_switch,False,True,False,True,False,True,False
llm_v5_no_archetype_intervention_layer1_d4_eta03_eps001_r2_3methods_fixed_layer1_prob_sanity,1,ps,risky_ps_linear,freeze_layer1_post_switch,15,16,post_switch,5,6,1.0,0.01,0.99,"[""stage1_n1__from__root__c01"", ""stage2_n1__from__n0001__c01"", ""stage3_n2__from__n0006__c02"", ""stage4_n1__from__n0024__c01"", ""stage5_n2__from__n0075__c02""]",0.035568783632920875,0.38482470294571053,frozen_root_post_switch,stage1_n1__from__root__c01,stage1_n1,"[""stage1_n1"", ""stage2_n1"", ""stage3_n2"", ""stage4_n1"", ""stage5_n2""]",ps_favored_v10_avg_baited_corridor_post_switch,False,True,True,False,False,True,False
llm_v5_no_archetype_intervention_layer1_d4_eta03_eps001_r2_3methods_fixed_layer1_prob_sanity,1,ps,risky_ps_linear,freeze_layer1_post_switch,16,17,post_switch,5,6,1.0,0.01,0.99,"[""stage1_n4__from__root__c04"", ""stage2_n2__from__n0004__c02"", ""stage3_n4__from__n0016__c03"", ""stage4_n2__from__n0054__c01"", ""stage5_n1__from__n0148__c01""]",0.001411763536230289,0.13577113292218387,frozen_root_post_switch,stage1_n4__from__root__c04,stage1_n4,"[""stage1_n4"", ""stage2_n2"", ""stage3_n4"", ""stage4_n2"", ""stage5_n1""]",ps_favored_v10_non_safe_all_shared_post_switch,False,False,False,False,False,False,False
llm_v5_no_archetype_intervention_layer1_d4_eta03_eps001_r2_3methods_fixed_layer1_prob_sanity,1,ps,risky_ps_linear,freeze_layer1_post_switch,17,18,post_switch,5,6,0.0,0.01,-0.01,"[""stage1_n3__from__root__c03"", ""stage2_n2__from__n0003__c02"", ""stage3_n3__from__n0013__c02"", ""stage4_n2__from__n0044__c01"", ""stage5_n1__from__n0123__c01""]",0.003227679091276678,0.38482470294571053,frozen_root_post_switch,stage1_n3__from__root__c03,stage1_n3,"[""stage1_n3"", ""stage2_n2"", ""stage3_n3"", ""stage4_n2"", ""stage5_n1""]",ps_favored_v10_balancing_candidate_post_switch,False,False,False,False,True,False,False
llm_v5_no_archetype_intervention_layer1_d4_eta03_eps001_r2_3methods_fixed_layer1_prob_sanity,1,ps,risky_ps_linear,freeze_layer1_post_switch,18,19,post_switch,5,6,1.0,0.01,0.99,"[""stage1_n3__from__root__c03"", ""stage2_n3__from__n0003__c03"", ""stage3_n4__from__n0014__c02"", ""stage4_n3__from__n0048__c02"", ""stage5_n1__from__n0136__c01""]",0.006207501776703041,0.38482470294571053,frozen_root_post_switch,stage1_n3__from__root__c03,stage1_n3,"[""stage1_n3"", ""stage2_n3"", ""stage3_n4"", ""stage4_n3"", ""stage5_n1""]",ps_favored_v10_balancing_candidate_post_switch,False,False,False,False,True,False,False
llm_v5_no_archetype_intervention_layer1_d4_eta03_eps001_r2_3methods_fixed_layer1_prob_sanity,1,ps,risky_ps_linear,freeze_layer1_post_switch,19,20,post_switch,5,6,1.0,0.01,0.99,"[""stage1_n2__from__root__c02"", ""stage2_n3__from__n0002__c03"", ""stage3_n5__from__n0011__c03"", ""stage4_n2__from__n0040__c01"", ""stage5_n2__from__n0116__c02""]",0.0002911901702878828,0.007159723909343647,frozen_root_post_switch,stage1_n2__from__root__c02,stage1_n2,"[""stage1_n2"", ""stage2_n3"", ""stage3_n5"", ""stage4_n2"", ""stage5_n2""]",ps_favored_v10_one_barrier_post_switch,False,False,False,False,False,False,False
