method,episode_index,repeat_index,dataset_index,schedule_phase,task_bucket,oracle_action,final_action,raw_terminal_penalty,legacy_raw_terminal_penalty,raw_reasoning_cost_component,raw_mode_mismatch_cost_component,raw_total_cost,clear_success_proxy,auxiliary_success_proxy,strict_clean_success,required_modes,actual_modes,majority_pair,mismatch_bucket,selected_shared_path,selected_unshared_path,original_task_id
risky_ps,0,0,1,trap_pre_switch,trap_favoring,repair_all,repair_all,0.0,0.0,3.74779,1.0,3.81779,True,True,True,fast/fast/fast/fast/fast,fast/fast/fast/deep/deep,mostly_fast_vs_mostly_fast_required,deep_on_fast_required,True,False,[mms_issue]airplane_mode_on|bad_wifi_calling|break_app_storage_permission[PERSONA:Easy]
risky_ps,1,0,3,trap_pre_switch,trap_favoring,repair_all,repair_all,0.0,0.0,5.43225,2.5,5.50665,True,True,True,fast/fast/fast/fast/fast,deep/deep/deep/deep/deep,mostly_deep_vs_mostly_fast_required,deep_on_fast_required,True,False,[mms_issue]airplane_mode_on|bad_wifi_calling|break_app_sms_permission[PERSONA:None]
risky_ps,2,0,6,trap_pre_switch,trap_favoring,repair_all,repair_all,0.0,0.0,7.68823,1.5,7.76563,True,True,True,fast/fast/fast/fast/fast,fast/fast/deep/deep/deep,mostly_deep_vs_mostly_fast_required,deep_on_fast_required,True,False,[mms_issue]bad_wifi_calling[PERSONA:Easy]
risky_ps,3,0,15,trap_pre_switch,trap_favoring,repair_all,repair_all,0.0,0.0,4.444255,1.5,4.521355,True,True,True,fast/fast/fast/fast/fast,fast/fast/deep/deep/deep,mostly_deep_vs_mostly_fast_required,deep_on_fast_required,True,False,[mms_issue]bad_wifi_calling|break_app_storage_permission[PERSONA:Easy]
risky_ps,4,0,17,trap_pre_switch,trap_favoring,repair_all,repair_all,0.0,0.0,3.335065,1.0,3.398965,True,True,True,fast/fast/fast/fast/fast,fast/fast/deep/deep/fast,mostly_fast_vs_mostly_fast_required,deep_on_fast_required,True,False,[mms_issue]bad_wifi_calling|break_app_sms_permission[PERSONA:None]
risky_ps,5,0,18,trap_pre_switch,trap_favoring,repair_all,repair_all,0.0,0.0,3.07939,0.5,3.13489,True,True,True,fast/fast/fast/fast/fast,deep/fast/fast/fast/fast,mostly_fast_vs_mostly_fast_required,deep_on_fast_required,True,False,[mms_issue]bad_network_preference|bad_wifi_calling|break_app_storage_permission[PERSONA:Hard]
risky_ps,6,0,19,trap_pre_switch,trap_favoring,repair_all,repair_all,0.0,0.0,4.121845,1.5,4.187645000000001,True,True,True,fast/fast/fast/fast/fast,fast/fast/deep/deep/deep,mostly_deep_vs_mostly_fast_required,deep_on_fast_required,True,False,[mms_issue]bad_wifi_calling|break_app_sms_permission|data_mode_off[PERSONA:None]
risky_ps,7,0,20,trap_pre_switch,trap_favoring,repair_all,repair_all,0.0,0.0,3.88561,1.0,3.94881,True,True,True,fast/fast/fast/fast/fast,deep/fast/fast/deep/fast,mostly_fast_vs_mostly_fast_required,deep_on_fast_required,True,False,[mms_issue]bad_network_preference|bad_wifi_calling|break_app_sms_permission[PERSONA:Easy]
risky_ps,8,0,21,trap_pre_switch,trap_favoring,repair_all,repair_all,0.0,0.0,3.754195,1.0,3.8190950000000004,True,True,True,fast/fast/fast/fast/fast,fast/fast/fast/deep/deep,mostly_fast_vs_mostly_fast_required,deep_on_fast_required,True,False,[mms_issue]bad_wifi_calling|break_app_storage_permission|data_mode_off[PERSONA:Easy]
risky_ps,9,0,22,trap_pre_switch,trap_favoring,repair_all,repair_all,0.0,0.0,3.703695,1.0,3.764295,True,True,True,fast/fast/fast/fast/fast,fast/deep/fast/fast/deep,mostly_fast_vs_mostly_fast_required,deep_on_fast_required,True,False,[mms_issue]airplane_mode_on|bad_wifi_calling[PERSONA:Easy]
risky_ps,10,1,1,trap_pre_switch,trap_favoring,repair_all,repair_all,0.0,0.0,4.382485,1.5,4.460785,True,True,True,fast/fast/fast/fast/fast,fast/deep/deep/deep/fast,mostly_deep_vs_mostly_fast_required,deep_on_fast_required,True,False,[mms_issue]airplane_mode_on|bad_wifi_calling|break_app_storage_permission[PERSONA:Easy]
risky_ps,11,1,3,trap_pre_switch,trap_favoring,repair_all,repair_all,0.0,0.0,3.74987,1.0,3.81557,True,True,True,fast/fast/fast/fast/fast,fast/fast/fast/deep/deep,mostly_fast_vs_mostly_fast_required,deep_on_fast_required,True,False,[mms_issue]airplane_mode_on|bad_wifi_calling|break_app_sms_permission[PERSONA:None]
risky_ps,12,1,6,trap_pre_switch,trap_favoring,repair_all,repair_all,0.0,0.0,8.28545,2.0,8.35895,True,True,True,fast/fast/fast/fast/fast,deep/fast/deep/deep/deep,mostly_deep_vs_mostly_fast_required,deep_on_fast_required,True,False,[mms_issue]bad_wifi_calling[PERSONA:Easy]
risky_ps,13,1,15,trap_pre_switch,trap_favoring,repair_all,repair_all,0.0,0.0,4.9992,2.0,5.0727,True,True,True,fast/fast/fast/fast/fast,fast/deep/deep/deep/deep,mostly_deep_vs_mostly_fast_required,deep_on_fast_required,True,False,[mms_issue]bad_wifi_calling|break_app_storage_permission[PERSONA:Easy]
risky_ps,14,1,17,trap_pre_switch,trap_favoring,repair_all,repair_all,0.0,0.0,5.029685,2.0,5.104385,True,True,True,fast/fast/fast/fast/fast,fast/deep/deep/deep/deep,mostly_deep_vs_mostly_fast_required,deep_on_fast_required,True,False,[mms_issue]bad_wifi_calling|break_app_sms_permission[PERSONA:None]
risky_ps,15,1,18,trap_pre_switch,trap_favoring,repair_all,repair_all,0.0,0.0,6.380625,2.5,6.4544250000000005,True,True,True,fast/fast/fast/fast/fast,deep/deep/deep/deep/deep,mostly_deep_vs_mostly_fast_required,deep_on_fast_required,True,False,[mms_issue]bad_network_preference|bad_wifi_calling|break_app_storage_permission[PERSONA:Hard]
risky_ps,16,1,19,trap_pre_switch,trap_favoring,repair_all,repair_all,0.0,0.0,4.670495,2.0,4.749295,True,True,True,fast/fast/fast/fast/fast,fast/deep/deep/deep/deep,mostly_deep_vs_mostly_fast_required,deep_on_fast_required,True,False,[mms_issue]bad_wifi_calling|break_app_sms_permission|data_mode_off[PERSONA:None]
risky_ps,17,1,20,trap_pre_switch,trap_favoring,repair_all,repair_all,0.0,0.0,4.86038,2.0,4.92778,True,True,True,fast/fast/fast/fast/fast,deep/fast/deep/deep/deep,mostly_deep_vs_mostly_fast_required,deep_on_fast_required,True,False,[mms_issue]bad_network_preference|bad_wifi_calling|break_app_sms_permission[PERSONA:Easy]
risky_ps,18,1,21,trap_pre_switch,trap_favoring,repair_all,repair_all,0.0,0.0,2.80525,0.5,2.86295,True,True,True,fast/fast/fast/fast/fast,fast/fast/deep/fast/fast,mostly_fast_vs_mostly_fast_required,deep_on_fast_required,True,False,[mms_issue]bad_wifi_calling|break_app_storage_permission|data_mode_off[PERSONA:Easy]
risky_ps,19,1,22,trap_pre_switch,trap_favoring,repair_all,repair_all,0.0,0.0,4.049065,1.5,4.110765,True,True,True,fast/fast/fast/fast/fast,deep/fast/deep/deep/fast,mostly_deep_vs_mostly_fast_required,deep_on_fast_required,True,False,[mms_issue]airplane_mode_on|bad_wifi_calling[PERSONA:Easy]
risky_ps,20,2,1,trap_pre_switch,trap_favoring,repair_all,repair_all,0.0,0.0,4.724525,2.0,4.800825,True,True,True,fast/fast/fast/fast/fast,fast/deep/deep/deep/deep,mostly_deep_vs_mostly_fast_required,deep_on_fast_required,True,False,[mms_issue]airplane_mode_on|bad_wifi_calling|break_app_storage_permission[PERSONA:Easy]
risky_ps,21,2,3,trap_pre_switch,trap_favoring,repair_all,repair_all,0.0,0.0,3.53707,1.0,3.59797,True,True,True,fast/fast/fast/fast/fast,fast/fast/deep/deep/fast,mostly_fast_vs_mostly_fast_required,deep_on_fast_required,True,False,[mms_issue]airplane_mode_on|bad_wifi_calling|break_app_sms_permission[PERSONA:None]
risky_ps,22,2,6,trap_pre_switch,trap_favoring,repair_all,repair_all,0.0,0.0,4.333855,2.0,4.407455,True,True,True,fast/fast/fast/fast/fast,deep/fast/deep/deep/deep,mostly_deep_vs_mostly_fast_required,deep_on_fast_required,True,False,[mms_issue]bad_wifi_calling[PERSONA:Easy]
risky_ps,23,2,15,trap_pre_switch,trap_favoring,repair_all,repair_all,0.0,0.0,5.7245,2.5,5.7982,True,True,True,fast/fast/fast/fast/fast,deep/deep/deep/deep/deep,mostly_deep_vs_mostly_fast_required,deep_on_fast_required,True,False,[mms_issue]bad_wifi_calling|break_app_storage_permission[PERSONA:Easy]
risky_ps,24,2,17,trap_pre_switch,trap_favoring,repair_all,repair_all,0.0,0.0,5.19179,2.0,5.26399,True,True,True,fast/fast/fast/fast/fast,deep/fast/deep/deep/deep,mostly_deep_vs_mostly_fast_required,deep_on_fast_required,True,False,[mms_issue]bad_wifi_calling|break_app_sms_permission[PERSONA:None]
risky_ps,25,2,2,target_post_switch,target_favoring,repair_all,repair_subset,12.0,7.0,5.067005,3.5,17.136605,False,False,False,fast/deep/deep/deep/deep,deep/fast/deep/fast/deep,mostly_deep_vs_mostly_deep_required,both_mismatch_types,True,False,[mms_issue]airplane_mode_on|bad_network_preference|bad_wifi_calling|break_apn_mms_setting|break_app_storage_permission|unseat_sim_card[PERSONA:Easy]
risky_ps,26,2,9,target_post_switch,target_favoring,repair_subset,repair_subset,12.0,3.0,4.7723,2.0,16.8424,False,False,False,fast/deep/deep/deep/deep,deep/fast/deep/deep/deep,mostly_deep_vs_mostly_deep_required,both_mismatch_types,True,False,[mms_issue]airplane_mode_on|bad_network_preference|bad_wifi_calling|break_apn_mms_setting|break_app_both_permissions|data_mode_off|data_usage_exceeded|unseat_sim_card|user_abroad_roaming_disabled_on[PERSONA:Hard]
risky_ps,27,2,10,target_post_switch,target_favoring,repair_subset,repair_subset,6.0,2.0,4.12902,0.0,10.202020000000001,True,False,False,fast/deep/deep/deep/deep,fast/deep/deep/deep/deep,mostly_deep_vs_mostly_deep_required,all_stage_modes_match,True,False,[mms_issue]airplane_mode_on|bad_network_preference|bad_wifi_calling|break_apn_mms_setting|break_app_sms_permission|data_mode_off|data_usage_exceeded|unseat_sim_card|user_abroad_roaming_disabled_on[PERSONA:None]
risky_ps,28,2,13,target_post_switch,target_favoring,repair_subset,repair_subset,15.0,11.0,4.533775,1.5,19.608275,False,False,False,fast/deep/deep/deep/deep,fast/deep/deep/fast/deep,mostly_deep_vs_mostly_deep_required,fast_on_deep_required,True,False,[mms_issue]airplane_mode_on|bad_network_preference|bad_wifi_calling|break_apn_mms_setting|break_app_both_permissions|data_mode_off|data_usage_exceeded|unseat_sim_card|user_abroad_roaming_enabled_off[PERSONA:Hard]
risky_ps,29,2,16,target_post_switch,target_favoring,repair_all,repair_all,0.0,0.0,4.623025,1.5,4.704025000000001,True,True,True,fast/deep/deep/deep/deep,fast/deep/fast/deep/deep,mostly_deep_vs_mostly_deep_required,fast_on_deep_required,False,True,[mms_issue]airplane_mode_on|bad_network_preference|bad_wifi_calling|break_apn_mms_setting|break_app_sms_permission|data_mode_off|unseat_sim_card|user_abroad_roaming_enabled_off[PERSONA:None]
risky_ps,30,3,32,target_post_switch,target_favoring,repair_all,repair_all,0.0,0.0,3.53584,0.0,3.61414,True,True,True,fast/deep/deep/deep/deep,fast/deep/deep/deep/deep,mostly_deep_vs_mostly_deep_required,all_stage_modes_match,True,False,[mms_issue]bad_wifi_calling|break_apn_mms_setting|break_app_storage_permission|unseat_sim_card[PERSONA:Easy]
risky_ps,31,3,33,target_post_switch,target_favoring,repair_all,repair_all,0.0,0.0,3.49004,1.5,3.56364,True,True,True,fast/deep/deep/deep/deep,fast/fast/deep/deep/deep,mostly_deep_vs_mostly_deep_required,fast_on_deep_required,True,False,[mms_issue]bad_wifi_calling|break_apn_mms_setting|break_app_sms_permission|unseat_sim_card[PERSONA:None]
risky_ps,32,3,34,target_post_switch,target_favoring,repair_all,repair_all,0.0,0.0,3.79802,2.0,3.8637200000000003,True,True,True,fast/deep/deep/deep/deep,deep/fast/deep/deep/deep,mostly_deep_vs_mostly_deep_required,both_mismatch_types,True,False,[mms_issue]bad_wifi_calling|break_apn_mms_setting|break_app_sms_permission|user_abroad_roaming_enabled_off[PERSONA:Easy]
risky_ps,33,3,35,target_post_switch,target_favoring,repair_all,repair_all,0.0,0.0,4.67298,0.5,4.74798,True,True,True,fast/deep/deep/deep/deep,deep/deep/deep/deep/deep,mostly_deep_vs_mostly_deep_required,deep_on_fast_required,True,False,[mms_issue]airplane_mode_on|bad_wifi_calling|break_apn_mms_setting|break_app_storage_permission|user_abroad_roaming_enabled_off[PERSONA:None]
risky_ps,34,3,36,target_post_switch,target_favoring,repair_all,repair_all,0.0,0.0,3.66992,1.5,3.74192,True,True,True,fast/deep/deep/deep/deep,fast/fast/deep/deep/deep,mostly_deep_vs_mostly_deep_required,fast_on_deep_required,True,False,[mms_issue]bad_wifi_calling|break_apn_mms_setting|break_app_storage_permission|data_mode_off|unseat_sim_card[PERSONA:None]
risky_ps,35,3,2,target_post_switch,target_favoring,repair_all,repair_subset,10.0,5.0,4.9641,0.5,15.0397,False,True,False,fast/deep/deep/deep/deep,deep/deep/deep/deep/deep,mostly_deep_vs_mostly_deep_required,deep_on_fast_required,True,False,[mms_issue]airplane_mode_on|bad_network_preference|bad_wifi_calling|break_apn_mms_setting|break_app_storage_permission|unseat_sim_card[PERSONA:Easy]
risky_ps,36,3,9,target_post_switch,target_favoring,repair_subset,transfer,22.5,18.5,4.738805,1.5,27.308505,False,False,False,fast/deep/deep/deep/deep,fast/deep/deep/deep/fast,mostly_deep_vs_mostly_deep_required,fast_on_deep_required,True,False,[mms_issue]airplane_mode_on|bad_network_preference|bad_wifi_calling|break_apn_mms_setting|break_app_both_permissions|data_mode_off|data_usage_exceeded|unseat_sim_card|user_abroad_roaming_disabled_on[PERSONA:Hard]
risky_ps,37,3,10,target_post_switch,target_favoring,repair_subset,transfer,23.5,19.5,5.09633,3.5,28.660429999999998,False,False,False,fast/deep/deep/deep/deep,deep/fast/fast/deep/deep,mostly_deep_vs_mostly_deep_required,both_mismatch_types,True,False,[mms_issue]airplane_mode_on|bad_network_preference|bad_wifi_calling|break_apn_mms_setting|break_app_sms_permission|data_mode_off|data_usage_exceeded|unseat_sim_card|user_abroad_roaming_disabled_on[PERSONA:None]
risky_ps,38,3,13,target_post_switch,target_favoring,repair_subset,repair_subset,19.0,15.0,4.70667,3.0,23.780269999999998,False,False,False,fast/deep/deep/deep/deep,fast/fast/deep/deep/fast,mostly_fast_vs_mostly_deep_required,fast_on_deep_required,True,False,[mms_issue]airplane_mode_on|bad_network_preference|bad_wifi_calling|break_apn_mms_setting|break_app_both_permissions|data_mode_off|data_usage_exceeded|unseat_sim_card|user_abroad_roaming_enabled_off[PERSONA:Hard]
risky_ps,39,3,16,target_post_switch,target_favoring,repair_all,repair_subset,15.0,11.0,4.42155,0.0,19.49655,False,True,False,fast/deep/deep/deep/deep,fast/deep/deep/deep/deep,mostly_deep_vs_mostly_deep_required,all_stage_modes_match,True,False,[mms_issue]airplane_mode_on|bad_network_preference|bad_wifi_calling|break_apn_mms_setting|break_app_sms_permission|data_mode_off|unseat_sim_card|user_abroad_roaming_enabled_off[PERSONA:None]
risky_ps,40,4,32,target_post_switch,target_favoring,repair_all,repair_all,0.0,0.0,4.06075,3.0,4.12545,True,True,True,fast/deep/deep/deep/deep,fast/fast/deep/fast/deep,mostly_fast_vs_mostly_deep_required,fast_on_deep_required,True,False,[mms_issue]bad_wifi_calling|break_apn_mms_setting|break_app_storage_permission|unseat_sim_card[PERSONA:Easy]
risky_ps,41,4,33,target_post_switch,target_favoring,repair_all,repair_all,0.0,0.0,3.60303,1.5,3.66803,True,True,True,fast/deep/deep/deep/deep,fast/deep/fast/deep/deep,mostly_deep_vs_mostly_deep_required,fast_on_deep_required,True,False,[mms_issue]bad_wifi_calling|break_apn_mms_setting|break_app_sms_permission|unseat_sim_card[PERSONA:None]
risky_ps,42,4,34,target_post_switch,target_favoring,repair_all,repair_all,0.0,0.0,3.11059,0.0,3.18489,True,True,True,fast/deep/deep/deep/deep,fast/deep/deep/deep/deep,mostly_deep_vs_mostly_deep_required,all_stage_modes_match,True,False,[mms_issue]bad_wifi_calling|break_apn_mms_setting|break_app_sms_permission|user_abroad_roaming_enabled_off[PERSONA:Easy]
risky_ps,43,4,35,target_post_switch,target_favoring,repair_all,repair_all,0.0,0.0,3.57804,1.5,3.64654,True,True,True,fast/deep/deep/deep/deep,fast/fast/deep/deep/deep,mostly_deep_vs_mostly_deep_required,fast_on_deep_required,True,False,[mms_issue]airplane_mode_on|bad_wifi_calling|break_apn_mms_setting|break_app_storage_permission|user_abroad_roaming_enabled_off[PERSONA:None]
risky_ps,44,4,36,target_post_switch,target_favoring,repair_all,repair_all,0.0,0.0,3.54952,1.5,3.6239199999999996,True,True,True,fast/deep/deep/deep/deep,fast/fast/deep/deep/deep,mostly_deep_vs_mostly_deep_required,fast_on_deep_required,True,False,[mms_issue]bad_wifi_calling|break_apn_mms_setting|break_app_storage_permission|data_mode_off|unseat_sim_card[PERSONA:None]
risky_ps,45,4,2,target_post_switch,target_favoring,repair_all,repair_subset,14.0,7.0,5.85044,6.0,19.90844,False,False,False,fast/deep/deep/deep/deep,fast/fast/fast/fast/fast,mostly_fast_vs_mostly_deep_required,fast_on_deep_required,True,False,[mms_issue]airplane_mode_on|bad_network_preference|bad_wifi_calling|break_apn_mms_setting|break_app_storage_permission|unseat_sim_card[PERSONA:Easy]
risky_ps,46,4,9,target_post_switch,target_favoring,repair_subset,repair_subset,12.0,3.0,6.107,3.5,18.1724,False,False,False,fast/deep/deep/deep/deep,deep/fast/deep/deep/fast,mostly_deep_vs_mostly_deep_required,both_mismatch_types,True,False,[mms_issue]airplane_mode_on|bad_network_preference|bad_wifi_calling|break_apn_mms_setting|break_app_both_permissions|data_mode_off|data_usage_exceeded|unseat_sim_card|user_abroad_roaming_disabled_on[PERSONA:Hard]
risky_ps,47,4,10,target_post_switch,target_favoring,repair_subset,transfer,22.5,18.5,4.83389,0.5,27.40839,False,False,False,fast/deep/deep/deep/deep,deep/deep/deep/deep/deep,mostly_deep_vs_mostly_deep_required,deep_on_fast_required,True,False,[mms_issue]airplane_mode_on|bad_network_preference|bad_wifi_calling|break_apn_mms_setting|break_app_sms_permission|data_mode_off|data_usage_exceeded|unseat_sim_card|user_abroad_roaming_disabled_on[PERSONA:None]
risky_ps,48,4,13,target_post_switch,target_favoring,repair_subset,repair_subset,15.0,11.0,5.708095,4.5,20.770094999999998,False,False,False,fast/deep/deep/deep/deep,fast/fast/deep/fast/fast,mostly_fast_vs_mostly_deep_required,fast_on_deep_required,True,False,[mms_issue]airplane_mode_on|bad_network_preference|bad_wifi_calling|break_apn_mms_setting|break_app_both_permissions|data_mode_off|data_usage_exceeded|unseat_sim_card|user_abroad_roaming_enabled_off[PERSONA:Hard]
risky_ps,49,4,16,target_post_switch,target_favoring,repair_all,repair_subset,14.0,5.0,5.67144,3.0,19.73834,False,False,False,fast/deep/deep/deep/deep,fast/deep/fast/fast/deep,mostly_fast_vs_mostly_deep_required,fast_on_deep_required,True,False,[mms_issue]airplane_mode_on|bad_network_preference|bad_wifi_calling|break_apn_mms_setting|break_app_sms_permission|data_mode_off|unseat_sim_card|user_abroad_roaming_enabled_off[PERSONA:None]
risky_ps,50,5,32,target_post_switch,target_favoring,repair_all,repair_all,0.0,0.0,4.403775,4.5,4.463875000000001,True,True,True,fast/deep/deep/deep/deep,fast/fast/fast/deep/fast,mostly_fast_vs_mostly_deep_required,fast_on_deep_required,True,False,[mms_issue]bad_wifi_calling|break_apn_mms_setting|break_app_storage_permission|unseat_sim_card[PERSONA:Easy]
risky_ps,51,5,33,target_post_switch,target_favoring,repair_all,repair_all,0.0,0.0,3.07923,0.0,3.15353,True,True,True,fast/deep/deep/deep/deep,fast/deep/deep/deep/deep,mostly_deep_vs_mostly_deep_required,all_stage_modes_match,True,False,[mms_issue]bad_wifi_calling|break_apn_mms_setting|break_app_sms_permission|unseat_sim_card[PERSONA:None]
risky_ps,52,5,34,target_post_switch,target_favoring,repair_all,repair_all,0.0,0.0,3.46794,0.0,3.53864,True,True,True,fast/deep/deep/deep/deep,fast/deep/deep/deep/deep,mostly_deep_vs_mostly_deep_required,all_stage_modes_match,True,False,[mms_issue]bad_wifi_calling|break_apn_mms_setting|break_app_sms_permission|user_abroad_roaming_enabled_off[PERSONA:Easy]
risky_ps,53,5,35,target_post_switch,target_favoring,repair_all,repair_subset,14.0,5.0,4.45359,3.0,18.51849,False,True,False,fast/deep/deep/deep/deep,fast/fast/fast/deep/deep,mostly_fast_vs_mostly_deep_required,fast_on_deep_required,True,False,[mms_issue]airplane_mode_on|bad_wifi_calling|break_apn_mms_setting|break_app_storage_permission|user_abroad_roaming_enabled_off[PERSONA:None]
risky_ps,54,5,36,target_post_switch,target_favoring,repair_all,repair_all,0.0,0.0,3.62026,0.0,3.69566,True,True,True,fast/deep/deep/deep/deep,fast/deep/deep/deep/deep,mostly_deep_vs_mostly_deep_required,all_stage_modes_match,True,False,[mms_issue]bad_wifi_calling|break_apn_mms_setting|break_app_storage_permission|data_mode_off|unseat_sim_card[PERSONA:None]
risky_ps,55,5,2,target_post_switch,target_favoring,repair_all,repair_subset,10.0,5.0,3.77471,1.5,13.84921,False,True,False,fast/deep/deep/deep/deep,fast/fast/deep/deep/deep,mostly_deep_vs_mostly_deep_required,fast_on_deep_required,True,False,[mms_issue]airplane_mode_on|bad_network_preference|bad_wifi_calling|break_apn_mms_setting|break_app_storage_permission|unseat_sim_card[PERSONA:Easy]
risky_ps,56,5,9,target_post_switch,target_favoring,repair_subset,repair_subset,6.0,2.0,5.03028,1.5,11.09548,True,False,False,fast/deep/deep/deep/deep,fast/deep/deep/deep/fast,mostly_deep_vs_mostly_deep_required,fast_on_deep_required,True,False,[mms_issue]airplane_mode_on|bad_network_preference|bad_wifi_calling|break_apn_mms_setting|break_app_both_permissions|data_mode_off|data_usage_exceeded|unseat_sim_card|user_abroad_roaming_disabled_on[PERSONA:Hard]
risky_ps,57,5,10,target_post_switch,target_favoring,repair_subset,transfer,22.5,18.5,4.09521,0.0,26.669510000000002,False,False,False,fast/deep/deep/deep/deep,fast/deep/deep/deep/deep,mostly_deep_vs_mostly_deep_required,all_stage_modes_match,True,False,[mms_issue]airplane_mode_on|bad_network_preference|bad_wifi_calling|break_apn_mms_setting|break_app_sms_permission|data_mode_off|data_usage_exceeded|unseat_sim_card|user_abroad_roaming_disabled_on[PERSONA:None]
risky_ps,58,5,13,target_post_switch,target_favoring,repair_subset,repair_subset,6.0,2.0,4.302465,1.5,10.377265,True,False,False,fast/deep/deep/deep/deep,fast/deep/fast/deep/deep,mostly_deep_vs_mostly_deep_required,fast_on_deep_required,True,False,[mms_issue]airplane_mode_on|bad_network_preference|bad_wifi_calling|break_apn_mms_setting|break_app_both_permissions|data_mode_off|data_usage_exceeded|unseat_sim_card|user_abroad_roaming_enabled_off[PERSONA:Hard]
risky_ps,59,5,16,target_post_switch,target_favoring,repair_all,repair_subset,21.0,17.0,4.02223,4.5,25.07823,False,False,False,fast/deep/deep/deep/deep,fast/fast/fast/fast/deep,mostly_fast_vs_mostly_deep_required,fast_on_deep_required,True,False,[mms_issue]airplane_mode_on|bad_network_preference|bad_wifi_calling|break_apn_mms_setting|break_app_sms_permission|data_mode_off|unseat_sim_card|user_abroad_roaming_enabled_off[PERSONA:None]
risky_ps,60,6,32,target_post_switch,target_favoring,repair_all,repair_all,0.0,0.0,4.28452,3.5,4.3570199999999994,True,True,True,fast/deep/deep/deep/deep,deep/fast/fast/deep/deep,mostly_deep_vs_mostly_deep_required,both_mismatch_types,False,True,[mms_issue]bad_wifi_calling|break_apn_mms_setting|break_app_storage_permission|unseat_sim_card[PERSONA:Easy]
risky_ps,61,6,33,target_post_switch,target_favoring,repair_all,repair_all,0.0,0.0,3.50805,0.0,3.57565,True,True,True,fast/deep/deep/deep/deep,fast/deep/deep/deep/deep,mostly_deep_vs_mostly_deep_required,all_stage_modes_match,True,False,[mms_issue]bad_wifi_calling|break_apn_mms_setting|break_app_sms_permission|unseat_sim_card[PERSONA:None]
risky_ps,62,6,34,target_post_switch,target_favoring,repair_all,repair_all,0.0,0.0,4.672695,3.5,4.736295,True,True,True,fast/deep/deep/deep/deep,deep/fast/fast/deep/deep,mostly_deep_vs_mostly_deep_required,both_mismatch_types,True,False,[mms_issue]bad_wifi_calling|break_apn_mms_setting|break_app_sms_permission|user_abroad_roaming_enabled_off[PERSONA:Easy]
risky_ps,63,6,35,target_post_switch,target_favoring,repair_all,repair_all,0.0,0.0,5.55978,4.5,5.61638,True,True,True,fast/deep/deep/deep/deep,fast/deep/fast/fast/fast,mostly_fast_vs_mostly_deep_required,fast_on_deep_required,True,False,[mms_issue]airplane_mode_on|bad_wifi_calling|break_apn_mms_setting|break_app_storage_permission|user_abroad_roaming_enabled_off[PERSONA:None]
risky_ps,64,6,36,target_post_switch,target_favoring,repair_all,repair_all,0.0,0.0,3.423,0.0,3.4907,True,True,True,fast/deep/deep/deep/deep,fast/deep/deep/deep/deep,mostly_deep_vs_mostly_deep_required,all_stage_modes_match,True,False,[mms_issue]bad_wifi_calling|break_apn_mms_setting|break_app_storage_permission|data_mode_off|unseat_sim_card[PERSONA:None]
risky_ps,65,6,2,target_post_switch,target_favoring,repair_all,repair_subset,10.0,5.0,3.63832,0.0,13.71302,False,True,False,fast/deep/deep/deep/deep,fast/deep/deep/deep/deep,mostly_deep_vs_mostly_deep_required,all_stage_modes_match,True,False,[mms_issue]airplane_mode_on|bad_network_preference|bad_wifi_calling|break_apn_mms_setting|break_app_storage_permission|unseat_sim_card[PERSONA:Easy]
risky_ps,66,6,9,target_post_switch,target_favoring,repair_subset,repair_subset,14.0,5.0,6.72066,5.0,20.78316,False,False,False,fast/deep/deep/deep/deep,deep/fast/deep/fast/fast,mostly_fast_vs_mostly_deep_required,both_mismatch_types,True,False,[mms_issue]airplane_mode_on|bad_network_preference|bad_wifi_calling|break_apn_mms_setting|break_app_both_permissions|data_mode_off|data_usage_exceeded|unseat_sim_card|user_abroad_roaming_disabled_on[PERSONA:Hard]
risky_ps,67,6,10,target_post_switch,target_favoring,repair_subset,transfer,22.5,18.5,4.622265,1.5,27.188164999999998,False,False,False,fast/deep/deep/deep/deep,fast/deep/fast/deep/deep,mostly_deep_vs_mostly_deep_required,fast_on_deep_required,True,False,[mms_issue]airplane_mode_on|bad_network_preference|bad_wifi_calling|break_apn_mms_setting|break_app_sms_permission|data_mode_off|data_usage_exceeded|unseat_sim_card|user_abroad_roaming_disabled_on[PERSONA:None]
risky_ps,68,6,13,target_post_switch,target_favoring,repair_subset,transfer,25.5,21.5,3.75102,0.0,29.32982,False,False,False,fast/deep/deep/deep/deep,fast/deep/deep/deep/deep,mostly_deep_vs_mostly_deep_required,all_stage_modes_match,True,False,[mms_issue]airplane_mode_on|bad_network_preference|bad_wifi_calling|break_apn_mms_setting|break_app_both_permissions|data_mode_off|data_usage_exceeded|unseat_sim_card|user_abroad_roaming_enabled_off[PERSONA:Hard]
risky_ps,69,6,16,target_post_switch,target_favoring,repair_all,repair_all,0.0,0.0,4.94661,0.5,5.02271,True,True,True,fast/deep/deep/deep/deep,deep/deep/deep/deep/deep,mostly_deep_vs_mostly_deep_required,deep_on_fast_required,True,False,[mms_issue]airplane_mode_on|bad_network_preference|bad_wifi_calling|break_apn_mms_setting|break_app_sms_permission|data_mode_off|unseat_sim_card|user_abroad_roaming_enabled_off[PERSONA:None]
risky_ps,70,7,32,target_post_switch,target_favoring,repair_all,repair_all,0.0,0.0,4.18918,2.0,4.26478,True,True,True,fast/deep/deep/deep/deep,deep/fast/deep/deep/deep,mostly_deep_vs_mostly_deep_required,both_mismatch_types,True,False,[mms_issue]bad_wifi_calling|break_apn_mms_setting|break_app_storage_permission|unseat_sim_card[PERSONA:Easy]
risky_ps,71,7,33,target_post_switch,target_favoring,repair_all,repair_all,0.0,0.0,3.00319,1.5,3.06909,True,True,True,fast/deep/deep/deep/deep,fast/fast/deep/deep/deep,mostly_deep_vs_mostly_deep_required,fast_on_deep_required,True,False,[mms_issue]bad_wifi_calling|break_apn_mms_setting|break_app_sms_permission|unseat_sim_card[PERSONA:None]
risky_ps,72,7,34,target_post_switch,target_favoring,repair_all,repair_all,0.0,0.0,3.05754,1.5,3.12014,True,True,True,fast/deep/deep/deep/deep,fast/fast/deep/deep/deep,mostly_deep_vs_mostly_deep_required,fast_on_deep_required,True,False,[mms_issue]bad_wifi_calling|break_apn_mms_setting|break_app_sms_permission|user_abroad_roaming_enabled_off[PERSONA:Easy]
risky_ps,73,7,35,target_post_switch,target_favoring,repair_all,repair_all,0.0,0.0,3.54746,0.0,3.61606,True,True,True,fast/deep/deep/deep/deep,fast/deep/deep/deep/deep,mostly_deep_vs_mostly_deep_required,all_stage_modes_match,True,False,[mms_issue]airplane_mode_on|bad_wifi_calling|break_apn_mms_setting|break_app_storage_permission|user_abroad_roaming_enabled_off[PERSONA:None]
risky_ps,74,7,36,target_post_switch,target_favoring,repair_all,repair_all,0.0,0.0,3.72337,0.0,3.79937,True,True,True,fast/deep/deep/deep/deep,fast/deep/deep/deep/deep,mostly_deep_vs_mostly_deep_required,all_stage_modes_match,True,False,[mms_issue]bad_wifi_calling|break_apn_mms_setting|break_app_storage_permission|data_mode_off|unseat_sim_card[PERSONA:None]
risky_ps,75,7,2,target_post_switch,target_favoring,repair_all,repair_subset,10.0,5.0,4.63905,1.5,14.707550000000001,False,True,False,fast/deep/deep/deep/deep,fast/deep/fast/deep/deep,mostly_deep_vs_mostly_deep_required,fast_on_deep_required,True,False,[mms_issue]airplane_mode_on|bad_network_preference|bad_wifi_calling|break_apn_mms_setting|break_app_storage_permission|unseat_sim_card[PERSONA:Easy]
risky_ps,76,7,9,target_post_switch,target_favoring,repair_subset,transfer,22.5,18.5,4.86919,0.5,27.44529,False,False,False,fast/deep/deep/deep/deep,deep/deep/deep/deep/deep,mostly_deep_vs_mostly_deep_required,deep_on_fast_required,True,False,[mms_issue]airplane_mode_on|bad_network_preference|bad_wifi_calling|break_apn_mms_setting|break_app_both_permissions|data_mode_off|data_usage_exceeded|unseat_sim_card|user_abroad_roaming_disabled_on[PERSONA:Hard]
risky_ps,77,7,10,target_post_switch,target_favoring,repair_subset,transfer,23.5,19.5,4.65896,2.0,28.23486,False,False,False,fast/deep/deep/deep/deep,deep/fast/deep/deep/deep,mostly_deep_vs_mostly_deep_required,both_mismatch_types,False,True,[mms_issue]airplane_mode_on|bad_network_preference|bad_wifi_calling|break_apn_mms_setting|break_app_sms_permission|data_mode_off|data_usage_exceeded|unseat_sim_card|user_abroad_roaming_disabled_on[PERSONA:None]
risky_ps,78,7,13,target_post_switch,target_favoring,repair_subset,repair_subset,18.0,14.0,3.7527,0.0,21.8277,False,False,False,fast/deep/deep/deep/deep,fast/deep/deep/deep/deep,mostly_deep_vs_mostly_deep_required,all_stage_modes_match,True,False,[mms_issue]airplane_mode_on|bad_network_preference|bad_wifi_calling|break_apn_mms_setting|break_app_both_permissions|data_mode_off|data_usage_exceeded|unseat_sim_card|user_abroad_roaming_enabled_off[PERSONA:Hard]
risky_ps,79,7,16,target_post_switch,target_favoring,repair_all,transfer,22.5,18.5,3.95171,0.0,26.530009999999997,False,True,False,fast/deep/deep/deep/deep,fast/deep/deep/deep/deep,mostly_deep_vs_mostly_deep_required,all_stage_modes_match,True,False,[mms_issue]airplane_mode_on|bad_network_preference|bad_wifi_calling|break_apn_mms_setting|break_app_sms_permission|data_mode_off|unseat_sim_card|user_abroad_roaming_enabled_off[PERSONA:None]
risky_ps,80,8,32,target_post_switch,target_favoring,repair_all,repair_all,0.0,0.0,3.47502,1.5,3.5413200000000002,True,True,True,fast/deep/deep/deep/deep,fast/fast/deep/deep/deep,mostly_deep_vs_mostly_deep_required,fast_on_deep_required,True,False,[mms_issue]bad_wifi_calling|break_apn_mms_setting|break_app_storage_permission|unseat_sim_card[PERSONA:Easy]
risky_ps,81,8,33,target_post_switch,target_favoring,repair_all,repair_all,0.0,0.0,3.6209,0.5,3.6969999999999996,True,True,True,fast/deep/deep/deep/deep,deep/deep/deep/deep/deep,mostly_deep_vs_mostly_deep_required,deep_on_fast_required,True,False,[mms_issue]bad_wifi_calling|break_apn_mms_setting|break_app_sms_permission|unseat_sim_card[PERSONA:None]
risky_ps,82,8,34,target_post_switch,target_favoring,repair_all,repair_all,0.0,0.0,10.66906,1.5,10.74436,True,True,True,fast/deep/deep/deep/deep,fast/fast/deep/deep/deep,mostly_deep_vs_mostly_deep_required,fast_on_deep_required,True,False,[mms_issue]bad_wifi_calling|break_apn_mms_setting|break_app_sms_permission|user_abroad_roaming_enabled_off[PERSONA:Easy]
risky_ps,83,8,35,target_post_switch,target_favoring,repair_all,repair_all,0.0,0.0,3.46304,0.0,3.53164,True,True,True,fast/deep/deep/deep/deep,fast/deep/deep/deep/deep,mostly_deep_vs_mostly_deep_required,all_stage_modes_match,True,False,[mms_issue]airplane_mode_on|bad_wifi_calling|break_apn_mms_setting|break_app_storage_permission|user_abroad_roaming_enabled_off[PERSONA:None]
risky_ps,84,8,36,target_post_switch,target_favoring,repair_all,repair_all,0.0,0.0,4.44701,0.5,4.522609999999999,True,True,True,fast/deep/deep/deep/deep,deep/deep/deep/deep/deep,mostly_deep_vs_mostly_deep_required,deep_on_fast_required,True,False,[mms_issue]bad_wifi_calling|break_apn_mms_setting|break_app_storage_permission|data_mode_off|unseat_sim_card[PERSONA:None]
risky_ps,85,8,2,target_post_switch,target_favoring,repair_all,repair_subset,12.0,5.0,4.609765,1.5,16.686565,False,False,False,fast/deep/deep/deep/deep,fast/deep/deep/fast/deep,mostly_deep_vs_mostly_deep_required,fast_on_deep_required,True,False,[mms_issue]airplane_mode_on|bad_network_preference|bad_wifi_calling|break_apn_mms_setting|break_app_storage_permission|unseat_sim_card[PERSONA:Easy]
risky_ps,86,8,9,target_post_switch,target_favoring,repair_subset,repair_subset,12.0,3.0,5.305385,3.5,17.368985,False,False,False,fast/deep/deep/deep/deep,deep/fast/fast/deep/deep,mostly_deep_vs_mostly_deep_required,both_mismatch_types,True,False,[mms_issue]airplane_mode_on|bad_network_preference|bad_wifi_calling|break_apn_mms_setting|break_app_both_permissions|data_mode_off|data_usage_exceeded|unseat_sim_card|user_abroad_roaming_disabled_on[PERSONA:Hard]
risky_ps,87,8,10,target_post_switch,target_favoring,repair_subset,transfer,23.5,19.5,4.36178,3.0,27.92928,False,False,False,fast/deep/deep/deep/deep,fast/fast/fast/deep/deep,mostly_fast_vs_mostly_deep_required,fast_on_deep_required,True,False,[mms_issue]airplane_mode_on|bad_network_preference|bad_wifi_calling|break_apn_mms_setting|break_app_sms_permission|data_mode_off|data_usage_exceeded|unseat_sim_card|user_abroad_roaming_disabled_on[PERSONA:None]
risky_ps,88,8,13,target_post_switch,target_favoring,repair_subset,transfer,24.5,20.5,4.88179,0.5,29.455489999999998,False,False,False,fast/deep/deep/deep/deep,deep/deep/deep/deep/deep,mostly_deep_vs_mostly_deep_required,deep_on_fast_required,True,False,[mms_issue]airplane_mode_on|bad_network_preference|bad_wifi_calling|break_apn_mms_setting|break_app_both_permissions|data_mode_off|data_usage_exceeded|unseat_sim_card|user_abroad_roaming_enabled_off[PERSONA:Hard]
risky_ps,89,8,16,target_post_switch,target_favoring,repair_all,repair_subset,15.0,11.0,6.18543,6.0,21.24413,False,False,False,fast/deep/deep/deep/deep,fast/fast/fast/fast/fast,mostly_fast_vs_mostly_deep_required,fast_on_deep_required,True,False,[mms_issue]airplane_mode_on|bad_network_preference|bad_wifi_calling|break_apn_mms_setting|break_app_sms_permission|data_mode_off|unseat_sim_card|user_abroad_roaming_enabled_off[PERSONA:None]
risky_ps,90,9,32,target_post_switch,target_favoring,repair_all,repair_all,0.0,0.0,4.326335,3.0,4.392335,True,True,True,fast/deep/deep/deep/deep,fast/fast/deep/deep/fast,mostly_fast_vs_mostly_deep_required,fast_on_deep_required,True,False,[mms_issue]bad_wifi_calling|break_apn_mms_setting|break_app_storage_permission|unseat_sim_card[PERSONA:Easy]
risky_ps,91,9,33,target_post_switch,target_favoring,repair_all,repair_all,0.0,0.0,3.03735,1.5,3.10285,True,True,True,fast/deep/deep/deep/deep,fast/fast/deep/deep/deep,mostly_deep_vs_mostly_deep_required,fast_on_deep_required,True,False,[mms_issue]bad_wifi_calling|break_apn_mms_setting|break_app_sms_permission|unseat_sim_card[PERSONA:None]
risky_ps,92,9,34,target_post_switch,target_favoring,repair_all,repair_all,0.0,0.0,3.05558,1.5,3.11908,True,True,True,fast/deep/deep/deep/deep,fast/fast/deep/deep/deep,mostly_deep_vs_mostly_deep_required,fast_on_deep_required,True,False,[mms_issue]bad_wifi_calling|break_apn_mms_setting|break_app_sms_permission|user_abroad_roaming_enabled_off[PERSONA:Easy]
risky_ps,93,9,35,target_post_switch,target_favoring,repair_all,repair_all,0.0,0.0,4.873205,3.0,4.939204999999999,True,True,True,fast/deep/deep/deep/deep,fast/fast/deep/deep/fast,mostly_fast_vs_mostly_deep_required,fast_on_deep_required,True,False,[mms_issue]airplane_mode_on|bad_wifi_calling|break_apn_mms_setting|break_app_storage_permission|user_abroad_roaming_enabled_off[PERSONA:None]
risky_ps,94,9,36,target_post_switch,target_favoring,repair_all,repair_all,0.0,0.0,3.72477,0.0,3.80007,True,True,True,fast/deep/deep/deep/deep,fast/deep/deep/deep/deep,mostly_deep_vs_mostly_deep_required,all_stage_modes_match,True,False,[mms_issue]bad_wifi_calling|break_apn_mms_setting|break_app_storage_permission|data_mode_off|unseat_sim_card[PERSONA:None]
risky_ps,95,9,2,target_post_switch,target_favoring,repair_all,repair_subset,10.0,5.0,3.76134,1.5,13.83024,False,True,False,fast/deep/deep/deep/deep,fast/fast/deep/deep/deep,mostly_deep_vs_mostly_deep_required,fast_on_deep_required,True,False,[mms_issue]airplane_mode_on|bad_network_preference|bad_wifi_calling|break_apn_mms_setting|break_app_storage_permission|unseat_sim_card[PERSONA:Easy]
risky_ps,96,9,9,target_post_switch,target_favoring,repair_subset,repair_subset,12.0,3.0,4.77048,2.0,16.83448,False,False,False,fast/deep/deep/deep/deep,deep/fast/deep/deep/deep,mostly_deep_vs_mostly_deep_required,both_mismatch_types,True,False,[mms_issue]airplane_mode_on|bad_network_preference|bad_wifi_calling|break_apn_mms_setting|break_app_both_permissions|data_mode_off|data_usage_exceeded|unseat_sim_card|user_abroad_roaming_disabled_on[PERSONA:Hard]
risky_ps,97,9,10,target_post_switch,target_favoring,repair_subset,repair_subset,12.0,3.0,3.95983,1.5,16.02563,False,False,False,fast/deep/deep/deep/deep,fast/fast/deep/deep/deep,mostly_deep_vs_mostly_deep_required,fast_on_deep_required,True,False,[mms_issue]airplane_mode_on|bad_network_preference|bad_wifi_calling|break_apn_mms_setting|break_app_sms_permission|data_mode_off|data_usage_exceeded|unseat_sim_card|user_abroad_roaming_disabled_on[PERSONA:None]
risky_ps,98,9,13,target_post_switch,target_favoring,repair_subset,repair_subset,17.0,13.0,5.25488,2.0,22.32658,False,False,False,fast/deep/deep/deep/deep,deep/fast/deep/deep/deep,mostly_deep_vs_mostly_deep_required,both_mismatch_types,True,False,[mms_issue]airplane_mode_on|bad_network_preference|bad_wifi_calling|break_apn_mms_setting|break_app_both_permissions|data_mode_off|data_usage_exceeded|unseat_sim_card|user_abroad_roaming_enabled_off[PERSONA:Hard]
risky_ps,99,9,16,target_post_switch,target_favoring,repair_all,repair_all,0.0,0.0,4.14945,1.5,4.22015,True,True,True,fast/deep/deep/deep/deep,fast/fast/deep/deep/deep,mostly_deep_vs_mostly_deep_required,fast_on_deep_required,True,False,[mms_issue]airplane_mode_on|bad_network_preference|bad_wifi_calling|break_apn_mms_setting|break_app_sms_permission|data_mode_off|unseat_sim_card|user_abroad_roaming_enabled_off[PERSONA:None]
direct_multistage_exp3,0,0,1,trap_pre_switch,trap_favoring,repair_all,repair_all,0.0,0.0,4.150155,1.5,4.2219549999999995,True,True,True,fast/fast/fast/fast/fast,fast/fast/deep/deep/deep,mostly_deep_vs_mostly_fast_required,deep_on_fast_required,True,False,[mms_issue]airplane_mode_on|bad_wifi_calling|break_app_storage_permission[PERSONA:Easy]
direct_multistage_exp3,1,0,3,trap_pre_switch,trap_favoring,repair_all,repair_all,0.0,0.0,4.889365,2.0,4.962965,True,True,True,fast/fast/fast/fast/fast,deep/fast/deep/deep/deep,mostly_deep_vs_mostly_fast_required,deep_on_fast_required,True,False,[mms_issue]airplane_mode_on|bad_wifi_calling|break_app_sms_permission[PERSONA:None]
direct_multistage_exp3,2,0,6,trap_pre_switch,trap_favoring,repair_all,repair_all,0.0,0.0,8.552375,2.0,8.627775,True,True,True,fast/fast/fast/fast/fast,fast/deep/deep/deep/deep,mostly_deep_vs_mostly_fast_required,deep_on_fast_required,True,False,[mms_issue]bad_wifi_calling[PERSONA:Easy]
direct_multistage_exp3,3,0,15,trap_pre_switch,trap_favoring,repair_all,repair_all,0.0,0.0,4.462755,1.5,4.537455,True,True,True,fast/fast/fast/fast/fast,fast/fast/deep/deep/deep,mostly_deep_vs_mostly_fast_required,deep_on_fast_required,True,False,[mms_issue]bad_wifi_calling|break_app_storage_permission[PERSONA:Easy]
direct_multistage_exp3,4,0,17,trap_pre_switch,trap_favoring,repair_all,repair_all,0.0,0.0,4.46785,1.5,4.54045,True,True,True,fast/fast/fast/fast/fast,fast/fast/deep/deep/deep,mostly_deep_vs_mostly_fast_required,deep_on_fast_required,True,False,[mms_issue]bad_wifi_calling|break_app_sms_permission[PERSONA:None]
direct_multistage_exp3,5,0,18,trap_pre_switch,trap_favoring,repair_all,repair_all,0.0,0.0,6.375125,2.5,6.4495249999999995,True,True,True,fast/fast/fast/fast/fast,deep/deep/deep/deep/deep,mostly_deep_vs_mostly_fast_required,deep_on_fast_required,True,False,[mms_issue]bad_network_preference|bad_wifi_calling|break_app_storage_permission[PERSONA:Hard]
direct_multistage_exp3,6,0,19,trap_pre_switch,trap_favoring,repair_all,repair_all,0.0,0.0,5.383375,2.5,5.460975,True,True,True,fast/fast/fast/fast/fast,deep/deep/deep/deep/deep,mostly_deep_vs_mostly_fast_required,deep_on_fast_required,True,False,[mms_issue]bad_wifi_calling|break_app_sms_permission|data_mode_off[PERSONA:None]
direct_multistage_exp3,7,0,20,trap_pre_switch,trap_favoring,repair_all,repair_all,0.0,0.0,2.99385,0.5,3.0543500000000003,True,True,True,fast/fast/fast/fast/fast,fast/fast/fast/fast/deep,mostly_fast_vs_mostly_fast_required,deep_on_fast_required,True,False,[mms_issue]bad_network_preference|bad_wifi_calling|break_app_sms_permission[PERSONA:Easy]
direct_multistage_exp3,8,0,21,trap_pre_switch,trap_favoring,repair_all,repair_all,0.0,0.0,4.98176,2.0,5.057060000000001,True,True,True,fast/fast/fast/fast/fast,fast/deep/deep/deep/deep,mostly_deep_vs_mostly_fast_required,deep_on_fast_required,True,False,[mms_issue]bad_wifi_calling|break_app_storage_permission|data_mode_off[PERSONA:Easy]
direct_multistage_exp3,9,0,22,trap_pre_switch,trap_favoring,repair_all,repair_all,0.0,0.0,13.054605,1.5,13.126105,True,True,True,fast/fast/fast/fast/fast,fast/deep/fast/deep/deep,mostly_deep_vs_mostly_fast_required,deep_on_fast_required,False,True,[mms_issue]airplane_mode_on|bad_wifi_calling[PERSONA:Easy]
direct_multistage_exp3,10,1,1,trap_pre_switch,trap_favoring,repair_all,repair_all,0.0,0.0,4.30441,1.5,4.37451,True,True,True,fast/fast/fast/fast/fast,deep/fast/deep/deep/fast,mostly_deep_vs_mostly_fast_required,deep_on_fast_required,True,False,[mms_issue]airplane_mode_on|bad_wifi_calling|break_app_storage_permission[PERSONA:Easy]
direct_multistage_exp3,11,1,3,trap_pre_switch,trap_favoring,repair_all,repair_all,0.0,0.0,5.42025,2.5,5.4940500000000005,True,True,True,fast/fast/fast/fast/fast,deep/deep/deep/deep/deep,mostly_deep_vs_mostly_fast_required,deep_on_fast_required,True,False,[mms_issue]airplane_mode_on|bad_wifi_calling|break_app_sms_permission[PERSONA:None]
direct_multistage_exp3,12,1,6,trap_pre_switch,trap_favoring,repair_all,transfer,18.0,4.5,2.89592,0.5,20.95602,False,True,False,fast/fast/fast/fast/fast,fast/fast/fast/fast/deep,mostly_fast_vs_mostly_fast_required,deep_on_fast_required,True,False,[mms_issue]bad_wifi_calling[PERSONA:Easy]
direct_multistage_exp3,13,1,15,trap_pre_switch,trap_favoring,repair_all,repair_all,0.0,0.0,4.53003,1.5,4.59653,True,True,True,fast/fast/fast/fast/fast,deep/fast/deep/fast/deep,mostly_deep_vs_mostly_fast_required,deep_on_fast_required,True,False,[mms_issue]bad_wifi_calling|break_app_storage_permission[PERSONA:Easy]
direct_multistage_exp3,14,1,17,trap_pre_switch,trap_favoring,repair_all,repair_all,0.0,0.0,6.066,2.5,6.140499999999999,True,True,True,fast/fast/fast/fast/fast,deep/deep/deep/deep/deep,mostly_deep_vs_mostly_fast_required,deep_on_fast_required,True,False,[mms_issue]bad_wifi_calling|break_app_sms_permission[PERSONA:None]
direct_multistage_exp3,15,1,18,trap_pre_switch,trap_favoring,repair_all,repair_all,0.0,0.0,4.735655,1.5,4.810055,True,True,True,fast/fast/fast/fast/fast,fast/fast/deep/deep/deep,mostly_deep_vs_mostly_fast_required,deep_on_fast_required,True,False,[mms_issue]bad_network_preference|bad_wifi_calling|break_app_storage_permission[PERSONA:Hard]
direct_multistage_exp3,16,1,19,trap_pre_switch,trap_favoring,repair_all,repair_all,0.0,0.0,4.242795,1.5,4.314695,True,True,True,fast/fast/fast/fast/fast,fast/deep/fast/deep/deep,mostly_deep_vs_mostly_fast_required,deep_on_fast_required,True,False,[mms_issue]bad_wifi_calling|break_app_sms_permission|data_mode_off[PERSONA:None]
direct_multistage_exp3,17,1,20,trap_pre_switch,trap_favoring,repair_all,repair_all,0.0,0.0,5.6344,2.0,5.7076,True,True,True,fast/fast/fast/fast/fast,fast/deep/deep/deep/deep,mostly_deep_vs_mostly_fast_required,deep_on_fast_required,True,False,[mms_issue]bad_network_preference|bad_wifi_calling|break_app_sms_permission[PERSONA:Easy]
direct_multistage_exp3,18,1,21,trap_pre_switch,trap_favoring,repair_all,repair_all,0.0,0.0,4.107375,1.5,4.187875,True,True,True,fast/fast/fast/fast/fast,fast/fast/deep/deep/deep,mostly_deep_vs_mostly_fast_required,deep_on_fast_required,False,True,[mms_issue]bad_wifi_calling|break_app_storage_permission|data_mode_off[PERSONA:Easy]
direct_multistage_exp3,19,1,22,trap_pre_switch,trap_favoring,repair_all,repair_all,0.0,0.0,3.741695,1.0,3.799695,True,True,True,fast/fast/fast/fast/fast,fast/deep/fast/fast/deep,mostly_fast_vs_mostly_fast_required,deep_on_fast_required,True,False,[mms_issue]airplane_mode_on|bad_wifi_calling[PERSONA:Easy]
direct_multistage_exp3,20,2,1,trap_pre_switch,trap_favoring,repair_all,repair_all,0.0,0.0,4.161155,1.5,4.227455,True,True,True,fast/fast/fast/fast/fast,fast/fast/deep/deep/deep,mostly_deep_vs_mostly_fast_required,deep_on_fast_required,True,False,[mms_issue]airplane_mode_on|bad_wifi_calling|break_app_storage_permission[PERSONA:Easy]
direct_multistage_exp3,21,2,3,trap_pre_switch,trap_favoring,repair_all,repair_all,0.0,0.0,4.889365,2.0,4.957565,True,True,True,fast/fast/fast/fast/fast,deep/fast/deep/deep/deep,mostly_deep_vs_mostly_fast_required,deep_on_fast_required,True,False,[mms_issue]airplane_mode_on|bad_wifi_calling|break_app_sms_permission[PERSONA:None]
direct_multistage_exp3,22,2,6,trap_pre_switch,trap_favoring,repair_all,repair_all,0.0,0.0,9.10123,2.0,9.16793,True,True,True,fast/fast/fast/fast/fast,deep/fast/deep/deep/deep,mostly_deep_vs_mostly_fast_required,deep_on_fast_required,True,False,[mms_issue]bad_wifi_calling[PERSONA:Easy]
direct_multistage_exp3,23,2,15,trap_pre_switch,trap_favoring,repair_all,repair_all,0.0,0.0,5.195305,2.0,5.271205,True,True,True,fast/fast/fast/fast/fast,deep/fast/deep/deep/deep,mostly_deep_vs_mostly_fast_required,deep_on_fast_required,False,True,[mms_issue]bad_wifi_calling|break_app_storage_permission[PERSONA:Easy]
direct_multistage_exp3,24,2,17,trap_pre_switch,trap_favoring,repair_all,repair_all,0.0,0.0,5.19029,2.0,5.26059,True,True,True,fast/fast/fast/fast/fast,deep/fast/deep/deep/deep,mostly_deep_vs_mostly_fast_required,deep_on_fast_required,True,False,[mms_issue]bad_wifi_calling|break_app_sms_permission[PERSONA:None]
direct_multistage_exp3,25,2,2,target_post_switch,target_favoring,repair_all,repair_all,0.0,0.0,4.06714,0.0,4.14594,True,True,True,fast/deep/deep/deep/deep,fast/deep/deep/deep/deep,mostly_deep_vs_mostly_deep_required,all_stage_modes_match,True,False,[mms_issue]airplane_mode_on|bad_network_preference|bad_wifi_calling|break_apn_mms_setting|break_app_storage_permission|unseat_sim_card[PERSONA:Easy]
direct_multistage_exp3,26,2,9,target_post_switch,target_favoring,repair_subset,repair_subset,23.0,19.0,4.2863,0.5,27.3624,False,True,False,fast/deep/deep/deep/deep,deep/deep/deep/deep/deep,mostly_deep_vs_mostly_deep_required,deep_on_fast_required,True,False,[mms_issue]airplane_mode_on|bad_network_preference|bad_wifi_calling|break_apn_mms_setting|break_app_both_permissions|data_mode_off|data_usage_exceeded|unseat_sim_card|user_abroad_roaming_disabled_on[PERSONA:Hard]
direct_multistage_exp3,27,2,10,target_post_switch,target_favoring,repair_subset,transfer,23.5,19.5,5.199715,3.5,28.765515,False,False,False,fast/deep/deep/deep/deep,deep/fast/fast/deep/deep,mostly_deep_vs_mostly_deep_required,both_mismatch_types,True,False,[mms_issue]airplane_mode_on|bad_network_preference|bad_wifi_calling|break_apn_mms_setting|break_app_sms_permission|data_mode_off|data_usage_exceeded|unseat_sim_card|user_abroad_roaming_disabled_on[PERSONA:None]
direct_multistage_exp3,28,2,13,target_post_switch,target_favoring,repair_subset,repair_subset,21.0,17.0,4.05888,0.0,25.134880000000003,False,False,False,fast/deep/deep/deep/deep,fast/deep/deep/deep/deep,mostly_deep_vs_mostly_deep_required,all_stage_modes_match,True,False,[mms_issue]airplane_mode_on|bad_network_preference|bad_wifi_calling|break_apn_mms_setting|break_app_both_permissions|data_mode_off|data_usage_exceeded|unseat_sim_card|user_abroad_roaming_enabled_off[PERSONA:Hard]
direct_multistage_exp3,29,2,16,target_post_switch,target_favoring,repair_all,repair_subset,15.0,11.0,5.0199,3.0,20.085900000000002,False,True,False,fast/deep/deep/deep/deep,fast/fast/deep/deep/fast,mostly_fast_vs_mostly_deep_required,fast_on_deep_required,True,False,[mms_issue]airplane_mode_on|bad_network_preference|bad_wifi_calling|break_apn_mms_setting|break_app_sms_permission|data_mode_off|unseat_sim_card|user_abroad_roaming_enabled_off[PERSONA:None]
direct_multistage_exp3,30,3,32,target_post_switch,target_favoring,repair_all,repair_all,0.0,0.0,3.50056,0.0,3.57886,True,True,True,fast/deep/deep/deep/deep,fast/deep/deep/deep/deep,mostly_deep_vs_mostly_deep_required,all_stage_modes_match,True,False,[mms_issue]bad_wifi_calling|break_apn_mms_setting|break_app_storage_permission|unseat_sim_card[PERSONA:Easy]
direct_multistage_exp3,31,3,33,target_post_switch,target_favoring,repair_all,repair_all,0.0,0.0,4.00178,3.0,4.06408,True,True,True,fast/deep/deep/deep/deep,fast/fast/fast/deep/deep,mostly_fast_vs_mostly_deep_required,fast_on_deep_required,True,False,[mms_issue]bad_wifi_calling|break_apn_mms_setting|break_app_sms_permission|unseat_sim_card[PERSONA:None]
direct_multistage_exp3,32,3,34,target_post_switch,target_favoring,repair_all,repair_all,0.0,0.0,4.41494,3.0,4.484839999999999,True,True,True,fast/deep/deep/deep/deep,fast/deep/fast/fast/deep,mostly_fast_vs_mostly_deep_required,fast_on_deep_required,True,False,[mms_issue]bad_wifi_calling|break_apn_mms_setting|break_app_sms_permission|user_abroad_roaming_enabled_off[PERSONA:Easy]
direct_multistage_exp3,33,3,35,target_post_switch,target_favoring,repair_all,repair_subset,10.0,5.0,4.05657,0.0,14.13127,False,True,False,fast/deep/deep/deep/deep,fast/deep/deep/deep/deep,mostly_deep_vs_mostly_deep_required,all_stage_modes_match,True,False,[mms_issue]airplane_mode_on|bad_wifi_calling|break_apn_mms_setting|break_app_storage_permission|user_abroad_roaming_enabled_off[PERSONA:None]
direct_multistage_exp3,34,3,36,target_post_switch,target_favoring,repair_all,repair_all,0.0,0.0,3.94809,1.5,4.02599,True,True,True,fast/deep/deep/deep/deep,fast/deep/fast/deep/deep,mostly_deep_vs_mostly_deep_required,fast_on_deep_required,True,False,[mms_issue]bad_wifi_calling|break_apn_mms_setting|break_app_storage_permission|data_mode_off|unseat_sim_card[PERSONA:None]
direct_multistage_exp3,35,3,2,target_post_switch,target_favoring,repair_all,repair_all,0.0,0.0,4.76917,0.0,4.84857,True,True,True,fast/deep/deep/deep/deep,fast/deep/deep/deep/deep,mostly_deep_vs_mostly_deep_required,all_stage_modes_match,True,False,[mms_issue]airplane_mode_on|bad_network_preference|bad_wifi_calling|break_apn_mms_setting|break_app_storage_permission|unseat_sim_card[PERSONA:Easy]
direct_multistage_exp3,36,3,9,target_post_switch,target_favoring,repair_subset,repair_subset,14.0,5.0,5.98942,4.5,20.05522,False,False,False,fast/deep/deep/deep/deep,fast/fast/deep/fast/fast,mostly_fast_vs_mostly_deep_required,fast_on_deep_required,True,False,[mms_issue]airplane_mode_on|bad_network_preference|bad_wifi_calling|break_apn_mms_setting|break_app_both_permissions|data_mode_off|data_usage_exceeded|unseat_sim_card|user_abroad_roaming_disabled_on[PERSONA:Hard]
direct_multistage_exp3,37,3,10,target_post_switch,target_favoring,repair_subset,transfer,23.5,19.5,5.51819,3.5,29.08839,False,False,False,fast/deep/deep/deep/deep,deep/fast/deep/deep/fast,mostly_deep_vs_mostly_deep_required,both_mismatch_types,True,False,[mms_issue]airplane_mode_on|bad_network_preference|bad_wifi_calling|break_apn_mms_setting|break_app_sms_permission|data_mode_off|data_usage_exceeded|unseat_sim_card|user_abroad_roaming_disabled_on[PERSONA:None]
direct_multistage_exp3,38,3,13,target_post_switch,target_favoring,repair_subset,repair_subset,17.0,13.0,4.51072,1.5,21.57652,False,False,False,fast/deep/deep/deep/deep,fast/fast/deep/deep/deep,mostly_deep_vs_mostly_deep_required,fast_on_deep_required,True,False,[mms_issue]airplane_mode_on|bad_network_preference|bad_wifi_calling|break_apn_mms_setting|break_app_both_permissions|data_mode_off|data_usage_exceeded|unseat_sim_card|user_abroad_roaming_enabled_off[PERSONA:Hard]
direct_multistage_exp3,39,3,16,target_post_switch,target_favoring,repair_all,repair_all,0.0,0.0,4.94969,0.5,5.02339,True,True,True,fast/deep/deep/deep/deep,deep/deep/deep/deep/deep,mostly_deep_vs_mostly_deep_required,deep_on_fast_required,True,False,[mms_issue]airplane_mode_on|bad_network_preference|bad_wifi_calling|break_apn_mms_setting|break_app_sms_permission|data_mode_off|unseat_sim_card|user_abroad_roaming_enabled_off[PERSONA:None]
direct_multistage_exp3,40,4,32,target_post_switch,target_favoring,repair_all,repair_all,0.0,0.0,4.72097,3.5,4.78457,True,True,True,fast/deep/deep/deep/deep,deep/fast/fast/deep/deep,mostly_deep_vs_mostly_deep_required,both_mismatch_types,True,False,[mms_issue]bad_wifi_calling|break_apn_mms_setting|break_app_storage_permission|unseat_sim_card[PERSONA:Easy]
direct_multistage_exp3,41,4,33,target_post_switch,target_favoring,repair_all,repair_all,0.0,0.0,3.08427,0.0,3.15817,True,True,True,fast/deep/deep/deep/deep,fast/deep/deep/deep/deep,mostly_deep_vs_mostly_deep_required,all_stage_modes_match,True,False,[mms_issue]bad_wifi_calling|break_apn_mms_setting|break_app_sms_permission|unseat_sim_card[PERSONA:None]
direct_multistage_exp3,42,4,34,target_post_switch,target_favoring,repair_all,repair_all,0.0,0.0,4.025155,1.5,4.092155,True,True,True,fast/deep/deep/deep/deep,fast/deep/deep/deep/fast,mostly_deep_vs_mostly_deep_required,fast_on_deep_required,True,False,[mms_issue]bad_wifi_calling|break_apn_mms_setting|break_app_sms_permission|user_abroad_roaming_enabled_off[PERSONA:Easy]
direct_multistage_exp3,43,4,35,target_post_switch,target_favoring,repair_all,repair_all,0.0,0.0,3.87897,1.5,3.94577,True,True,True,fast/deep/deep/deep/deep,fast/fast/deep/deep/deep,mostly_deep_vs_mostly_deep_required,fast_on_deep_required,True,False,[mms_issue]airplane_mode_on|bad_wifi_calling|break_apn_mms_setting|break_app_storage_permission|user_abroad_roaming_enabled_off[PERSONA:None]
direct_multistage_exp3,44,4,36,target_post_switch,target_favoring,repair_all,repair_all,0.0,0.0,4.80686,3.5,4.87316,True,True,True,fast/deep/deep/deep/deep,deep/fast/fast/deep/deep,mostly_deep_vs_mostly_deep_required,both_mismatch_types,True,False,[mms_issue]bad_wifi_calling|break_apn_mms_setting|break_app_storage_permission|data_mode_off|unseat_sim_card[PERSONA:None]
direct_multistage_exp3,45,4,2,target_post_switch,target_favoring,repair_all,repair_subset,10.0,5.0,3.64476,0.0,13.71336,False,True,False,fast/deep/deep/deep/deep,fast/deep/deep/deep/deep,mostly_deep_vs_mostly_deep_required,all_stage_modes_match,True,False,[mms_issue]airplane_mode_on|bad_network_preference|bad_wifi_calling|break_apn_mms_setting|break_app_storage_permission|unseat_sim_card[PERSONA:Easy]
direct_multistage_exp3,46,4,9,target_post_switch,target_favoring,repair_subset,transfer,22.5,18.5,4.13819,0.0,26.722189999999998,False,False,False,fast/deep/deep/deep/deep,fast/deep/deep/deep/deep,mostly_deep_vs_mostly_deep_required,all_stage_modes_match,True,False,[mms_issue]airplane_mode_on|bad_network_preference|bad_wifi_calling|break_apn_mms_setting|break_app_both_permissions|data_mode_off|data_usage_exceeded|unseat_sim_card|user_abroad_roaming_disabled_on[PERSONA:Hard]
direct_multistage_exp3,47,4,10,target_post_switch,target_favoring,repair_subset,transfer,22.5,18.5,4.08765,0.0,26.66305,False,False,False,fast/deep/deep/deep/deep,fast/deep/deep/deep/deep,mostly_deep_vs_mostly_deep_required,all_stage_modes_match,True,False,[mms_issue]airplane_mode_on|bad_network_preference|bad_wifi_calling|break_apn_mms_setting|break_app_sms_permission|data_mode_off|data_usage_exceeded|unseat_sim_card|user_abroad_roaming_disabled_on[PERSONA:None]
direct_multistage_exp3,48,4,13,target_post_switch,target_favoring,repair_subset,repair_subset,6.0,2.0,6.702855,3.0,12.764455,True,False,False,fast/deep/deep/deep/deep,fast/deep/fast/deep/fast,mostly_fast_vs_mostly_deep_required,fast_on_deep_required,True,False,[mms_issue]airplane_mode_on|bad_network_preference|bad_wifi_calling|break_apn_mms_setting|break_app_both_permissions|data_mode_off|data_usage_exceeded|unseat_sim_card|user_abroad_roaming_enabled_off[PERSONA:Hard]
direct_multistage_exp3,49,4,16,target_post_switch,target_favoring,repair_all,repair_all,0.0,0.0,4.31639,2.0,4.38809,True,True,True,fast/deep/deep/deep/deep,deep/fast/deep/deep/deep,mostly_deep_vs_mostly_deep_required,both_mismatch_types,True,False,[mms_issue]airplane_mode_on|bad_network_preference|bad_wifi_calling|break_apn_mms_setting|break_app_sms_permission|data_mode_off|unseat_sim_card|user_abroad_roaming_enabled_off[PERSONA:None]
direct_multistage_exp3,50,5,32,target_post_switch,target_favoring,repair_all,repair_all,0.0,0.0,4.06103,3.0,4.12203,True,True,True,fast/deep/deep/deep/deep,fast/fast/deep/fast/deep,mostly_fast_vs_mostly_deep_required,fast_on_deep_required,True,False,[mms_issue]bad_wifi_calling|break_apn_mms_setting|break_app_storage_permission|unseat_sim_card[PERSONA:Easy]
direct_multistage_exp3,51,5,33,target_post_switch,target_favoring,repair_all,repair_all,0.0,0.0,3.09183,0.0,3.1601299999999997,True,True,True,fast/deep/deep/deep/deep,fast/deep/deep/deep/deep,mostly_deep_vs_mostly_deep_required,all_stage_modes_match,True,False,[mms_issue]bad_wifi_calling|break_apn_mms_setting|break_app_sms_permission|unseat_sim_card[PERSONA:None]
direct_multistage_exp3,52,5,34,target_post_switch,target_favoring,repair_all,repair_all,0.0,0.0,3.77926,2.0,3.85146,True,True,True,fast/deep/deep/deep/deep,deep/fast/deep/deep/deep,mostly_deep_vs_mostly_deep_required,both_mismatch_types,True,False,[mms_issue]bad_wifi_calling|break_apn_mms_setting|break_app_sms_permission|user_abroad_roaming_enabled_off[PERSONA:Easy]
direct_multistage_exp3,53,5,35,target_post_switch,target_favoring,repair_all,repair_all,0.0,0.0,4.80149,2.0,4.87499,True,True,True,fast/deep/deep/deep/deep,deep/fast/deep/deep/deep,mostly_deep_vs_mostly_deep_required,both_mismatch_types,True,False,[mms_issue]airplane_mode_on|bad_wifi_calling|break_apn_mms_setting|break_app_storage_permission|user_abroad_roaming_enabled_off[PERSONA:None]
direct_multistage_exp3,54,5,36,target_post_switch,target_favoring,repair_all,repair_all,0.0,0.0,4.90235,3.5,4.96725,True,True,True,fast/deep/deep/deep/deep,deep/fast/deep/deep/fast,mostly_deep_vs_mostly_deep_required,both_mismatch_types,True,False,[mms_issue]bad_wifi_calling|break_apn_mms_setting|break_app_storage_permission|data_mode_off|unseat_sim_card[PERSONA:None]
direct_multistage_exp3,55,5,2,target_post_switch,target_favoring,repair_all,repair_all,0.0,0.0,4.962275,3.5,5.029975,True,True,True,fast/deep/deep/deep/deep,deep/fast/fast/deep/deep,mostly_deep_vs_mostly_deep_required,both_mismatch_types,True,False,[mms_issue]airplane_mode_on|bad_network_preference|bad_wifi_calling|break_apn_mms_setting|break_app_storage_permission|unseat_sim_card[PERSONA:Easy]
direct_multistage_exp3,56,5,9,target_post_switch,target_favoring,repair_subset,repair_subset,6.0,2.0,4.19993,0.0,10.274930000000001,True,False,False,fast/deep/deep/deep/deep,fast/deep/deep/deep/deep,mostly_deep_vs_mostly_deep_required,all_stage_modes_match,True,False,[mms_issue]airplane_mode_on|bad_network_preference|bad_wifi_calling|break_apn_mms_setting|break_app_both_permissions|data_mode_off|data_usage_exceeded|unseat_sim_card|user_abroad_roaming_disabled_on[PERSONA:Hard]
direct_multistage_exp3,57,5,10,target_post_switch,target_favoring,repair_subset,repair_subset,12.0,3.0,4.59778,2.0,16.67128,False,False,False,fast/deep/deep/deep/deep,deep/fast/deep/deep/deep,mostly_deep_vs_mostly_deep_required,both_mismatch_types,True,False,[mms_issue]airplane_mode_on|bad_network_preference|bad_wifi_calling|break_apn_mms_setting|break_app_sms_permission|data_mode_off|data_usage_exceeded|unseat_sim_card|user_abroad_roaming_disabled_on[PERSONA:None]
direct_multistage_exp3,58,5,13,target_post_switch,target_favoring,repair_subset,repair_subset,15.0,11.0,5.62153,4.5,20.68943,False,False,False,fast/deep/deep/deep/deep,fast/fast/fast/fast/deep,mostly_fast_vs_mostly_deep_required,fast_on_deep_required,False,True,[mms_issue]airplane_mode_on|bad_network_preference|bad_wifi_calling|break_apn_mms_setting|break_app_both_permissions|data_mode_off|data_usage_exceeded|unseat_sim_card|user_abroad_roaming_enabled_off[PERSONA:Hard]
direct_multistage_exp3,59,5,16,target_post_switch,target_favoring,repair_all,repair_all,0.0,0.0,4.6132,1.5,4.6767,True,True,True,fast/deep/deep/deep/deep,fast/fast/deep/deep/deep,mostly_deep_vs_mostly_deep_required,fast_on_deep_required,True,False,[mms_issue]airplane_mode_on|bad_network_preference|bad_wifi_calling|break_apn_mms_setting|break_app_sms_permission|data_mode_off|unseat_sim_card|user_abroad_roaming_enabled_off[PERSONA:None]
direct_multistage_exp3,60,6,32,target_post_switch,target_favoring,repair_all,repair_all,0.0,0.0,4.20262,2.0,4.274819999999999,True,True,True,fast/deep/deep/deep/deep,deep/fast/deep/deep/deep,mostly_deep_vs_mostly_deep_required,both_mismatch_types,True,False,[mms_issue]bad_wifi_calling|break_apn_mms_setting|break_app_storage_permission|unseat_sim_card[PERSONA:Easy]
direct_multistage_exp3,61,6,33,target_post_switch,target_favoring,repair_all,repair_all,0.0,0.0,5.595665,5.0,5.659765,True,True,True,fast/deep/deep/deep/deep,deep/fast/fast/deep/fast,mostly_fast_vs_mostly_deep_required,both_mismatch_types,True,False,[mms_issue]bad_wifi_calling|break_apn_mms_setting|break_app_sms_permission|unseat_sim_card[PERSONA:None]
direct_multistage_exp3,62,6,34,target_post_switch,target_favoring,repair_all,repair_all,0.0,0.0,5.27397,5.0,5.34137,True,True,True,fast/deep/deep/deep/deep,deep/fast/fast/fast/deep,mostly_fast_vs_mostly_deep_required,both_mismatch_types,False,True,[mms_issue]bad_wifi_calling|break_apn_mms_setting|break_app_sms_permission|user_abroad_roaming_enabled_off[PERSONA:Easy]
direct_multistage_exp3,63,6,35,target_post_switch,target_favoring,repair_all,repair_all,0.0,0.0,4.28741,2.0,4.356210000000001,True,True,True,fast/deep/deep/deep/deep,deep/fast/deep/deep/deep,mostly_deep_vs_mostly_deep_required,both_mismatch_types,True,False,[mms_issue]airplane_mode_on|bad_wifi_calling|break_apn_mms_setting|break_app_storage_permission|user_abroad_roaming_enabled_off[PERSONA:None]
direct_multistage_exp3,64,6,36,target_post_switch,target_favoring,repair_all,repair_all,0.0,0.0,4.86134,0.5,4.93694,True,True,True,fast/deep/deep/deep/deep,deep/deep/deep/deep/deep,mostly_deep_vs_mostly_deep_required,deep_on_fast_required,True,False,[mms_issue]bad_wifi_calling|break_apn_mms_setting|break_app_storage_permission|data_mode_off|unseat_sim_card[PERSONA:None]
direct_multistage_exp3,65,6,2,target_post_switch,target_favoring,repair_all,repair_subset,10.0,5.0,4.14396,1.5,14.21206,False,True,False,fast/deep/deep/deep/deep,fast/fast/deep/deep/deep,mostly_deep_vs_mostly_deep_required,fast_on_deep_required,True,False,[mms_issue]airplane_mode_on|bad_network_preference|bad_wifi_calling|break_apn_mms_setting|break_app_storage_permission|unseat_sim_card[PERSONA:Easy]
direct_multistage_exp3,66,6,9,target_post_switch,target_favoring,repair_subset,repair_subset,12.0,4.0,5.482355,1.5,17.554155,False,False,False,fast/deep/deep/deep/deep,fast/deep/deep/fast/deep,mostly_deep_vs_mostly_deep_required,fast_on_deep_required,False,True,[mms_issue]airplane_mode_on|bad_network_preference|bad_wifi_calling|break_apn_mms_setting|break_app_both_permissions|data_mode_off|data_usage_exceeded|unseat_sim_card|user_abroad_roaming_disabled_on[PERSONA:Hard]
direct_multistage_exp3,67,6,10,target_post_switch,target_favoring,repair_subset,transfer,23.5,19.5,4.65616,2.0,28.22836,False,False,False,fast/deep/deep/deep/deep,deep/fast/deep/deep/deep,mostly_deep_vs_mostly_deep_required,both_mismatch_types,True,False,[mms_issue]airplane_mode_on|bad_network_preference|bad_wifi_calling|break_apn_mms_setting|break_app_sms_permission|data_mode_off|data_usage_exceeded|unseat_sim_card|user_abroad_roaming_disabled_on[PERSONA:None]
direct_multistage_exp3,68,6,13,target_post_switch,target_favoring,repair_subset,repair_subset,6.0,2.0,3.77132,0.0,9.846119999999999,True,False,False,fast/deep/deep/deep/deep,fast/deep/deep/deep/deep,mostly_deep_vs_mostly_deep_required,all_stage_modes_match,True,False,[mms_issue]airplane_mode_on|bad_network_preference|bad_wifi_calling|break_apn_mms_setting|break_app_both_permissions|data_mode_off|data_usage_exceeded|unseat_sim_card|user_abroad_roaming_enabled_off[PERSONA:Hard]
direct_multistage_exp3,69,6,16,target_post_switch,target_favoring,repair_all,repair_all,0.0,0.0,4.84237,2.0,4.9080699999999995,True,True,True,fast/deep/deep/deep/deep,deep/fast/deep/deep/deep,mostly_deep_vs_mostly_deep_required,both_mismatch_types,True,False,[mms_issue]airplane_mode_on|bad_network_preference|bad_wifi_calling|break_apn_mms_setting|break_app_sms_permission|data_mode_off|unseat_sim_card|user_abroad_roaming_enabled_off[PERSONA:None]
direct_multistage_exp3,70,7,32,target_post_switch,target_favoring,repair_all,repair_all,0.0,0.0,2.87035,0.0,2.94885,True,True,True,fast/deep/deep/deep/deep,fast/deep/deep/deep/deep,mostly_deep_vs_mostly_deep_required,all_stage_modes_match,False,True,[mms_issue]bad_wifi_calling|break_apn_mms_setting|break_app_storage_permission|unseat_sim_card[PERSONA:Easy]
direct_multistage_exp3,71,7,33,target_post_switch,target_favoring,repair_all,repair_all,0.0,0.0,4.50398,4.5,4.56438,True,True,True,fast/deep/deep/deep/deep,fast/fast/fast/fast/deep,mostly_fast_vs_mostly_deep_required,fast_on_deep_required,True,False,[mms_issue]bad_wifi_calling|break_apn_mms_setting|break_app_sms_permission|unseat_sim_card[PERSONA:None]
direct_multistage_exp3,72,7,34,target_post_switch,target_favoring,repair_all,repair_all,0.0,0.0,4.91999,4.5,4.97649,True,True,True,fast/deep/deep/deep/deep,fast/fast/fast/deep/fast,mostly_fast_vs_mostly_deep_required,fast_on_deep_required,True,False,[mms_issue]bad_wifi_calling|break_apn_mms_setting|break_app_sms_permission|user_abroad_roaming_enabled_off[PERSONA:Easy]
direct_multistage_exp3,73,7,35,target_post_switch,target_favoring,repair_all,repair_subset,14.0,5.0,4.90059,4.5,18.96249,False,True,False,fast/deep/deep/deep/deep,fast/fast/fast/deep/fast,mostly_fast_vs_mostly_deep_required,fast_on_deep_required,True,False,[mms_issue]airplane_mode_on|bad_wifi_calling|break_apn_mms_setting|break_app_storage_permission|user_abroad_roaming_enabled_off[PERSONA:None]
direct_multistage_exp3,74,7,36,target_post_switch,target_favoring,repair_all,repair_all,0.0,0.0,4.40924,2.0,4.4790399999999995,True,True,True,fast/deep/deep/deep/deep,deep/fast/deep/deep/deep,mostly_deep_vs_mostly_deep_required,both_mismatch_types,True,False,[mms_issue]bad_wifi_calling|break_apn_mms_setting|break_app_storage_permission|data_mode_off|unseat_sim_card[PERSONA:None]
direct_multistage_exp3,75,7,2,target_post_switch,target_favoring,repair_all,repair_subset,10.0,5.0,3.77359,1.5,13.836590000000001,False,True,False,fast/deep/deep/deep/deep,fast/fast/deep/deep/deep,mostly_deep_vs_mostly_deep_required,fast_on_deep_required,True,False,[mms_issue]airplane_mode_on|bad_network_preference|bad_wifi_calling|break_apn_mms_setting|break_app_storage_permission|unseat_sim_card[PERSONA:Easy]
direct_multistage_exp3,76,7,9,target_post_switch,target_favoring,repair_subset,repair_subset,12.0,3.0,4.67794,2.0,16.75054,False,False,False,fast/deep/deep/deep/deep,deep/fast/deep/deep/deep,mostly_deep_vs_mostly_deep_required,both_mismatch_types,True,False,[mms_issue]airplane_mode_on|bad_network_preference|bad_wifi_calling|break_apn_mms_setting|break_app_both_permissions|data_mode_off|data_usage_exceeded|unseat_sim_card|user_abroad_roaming_disabled_on[PERSONA:Hard]
direct_multistage_exp3,77,7,10,target_post_switch,target_favoring,repair_subset,repair_subset,6.0,2.0,4.76707,0.0,10.84187,True,False,False,fast/deep/deep/deep/deep,fast/deep/deep/deep/deep,mostly_deep_vs_mostly_deep_required,all_stage_modes_match,True,False,[mms_issue]airplane_mode_on|bad_network_preference|bad_wifi_calling|break_apn_mms_setting|break_app_sms_permission|data_mode_off|data_usage_exceeded|unseat_sim_card|user_abroad_roaming_disabled_on[PERSONA:None]
direct_multistage_exp3,78,7,13,target_post_switch,target_favoring,repair_subset,repair_subset,17.0,13.0,4.52948,1.5,21.59448,False,False,False,fast/deep/deep/deep/deep,fast/fast/deep/deep/deep,mostly_deep_vs_mostly_deep_required,fast_on_deep_required,True,False,[mms_issue]airplane_mode_on|bad_network_preference|bad_wifi_calling|break_apn_mms_setting|break_app_both_permissions|data_mode_off|data_usage_exceeded|unseat_sim_card|user_abroad_roaming_enabled_off[PERSONA:Hard]
direct_multistage_exp3,79,7,16,target_post_switch,target_favoring,repair_all,repair_subset,14.0,5.0,6.50101,6.0,20.55461,False,False,False,fast/deep/deep/deep/deep,fast/fast/fast/fast/fast,mostly_fast_vs_mostly_deep_required,fast_on_deep_required,True,False,[mms_issue]airplane_mode_on|bad_network_preference|bad_wifi_calling|break_apn_mms_setting|break_app_sms_permission|data_mode_off|unseat_sim_card|user_abroad_roaming_enabled_off[PERSONA:None]
direct_multistage_exp3,80,8,32,target_post_switch,target_favoring,repair_all,repair_all,0.0,0.0,3.07615,0.0,3.15355,True,True,True,fast/deep/deep/deep/deep,fast/deep/deep/deep/deep,mostly_deep_vs_mostly_deep_required,all_stage_modes_match,True,False,[mms_issue]bad_wifi_calling|break_apn_mms_setting|break_app_storage_permission|unseat_sim_card[PERSONA:Easy]
direct_multistage_exp3,81,8,33,target_post_switch,target_favoring,repair_all,repair_all,0.0,0.0,5.582845,5.0,5.644145,True,True,True,fast/deep/deep/deep/deep,deep/fast/fast/deep/fast,mostly_fast_vs_mostly_deep_required,both_mismatch_types,True,False,[mms_issue]bad_wifi_calling|break_apn_mms_setting|break_app_sms_permission|unseat_sim_card[PERSONA:None]
direct_multistage_exp3,82,8,34,target_post_switch,target_favoring,repair_all,repair_all,0.0,0.0,4.53057,3.0,4.59777,True,True,True,fast/deep/deep/deep/deep,fast/deep/fast/deep/fast,mostly_fast_vs_mostly_deep_required,fast_on_deep_required,True,False,[mms_issue]bad_wifi_calling|break_apn_mms_setting|break_app_sms_permission|user_abroad_roaming_enabled_off[PERSONA:Easy]
direct_multistage_exp3,83,8,35,target_post_switch,target_favoring,repair_all,repair_subset,10.0,5.0,4.2048,1.5,14.27,False,True,False,fast/deep/deep/deep/deep,fast/deep/deep/deep/fast,mostly_deep_vs_mostly_deep_required,fast_on_deep_required,True,False,[mms_issue]airplane_mode_on|bad_wifi_calling|break_apn_mms_setting|break_app_storage_permission|user_abroad_roaming_enabled_off[PERSONA:None]
direct_multistage_exp3,84,8,36,target_post_switch,target_favoring,repair_all,repair_all,0.0,0.0,3.23141,0.0,3.30891,True,True,True,fast/deep/deep/deep/deep,fast/deep/deep/deep/deep,mostly_deep_vs_mostly_deep_required,all_stage_modes_match,True,False,[mms_issue]bad_wifi_calling|break_apn_mms_setting|break_app_storage_permission|data_mode_off|unseat_sim_card[PERSONA:None]
direct_multistage_exp3,85,8,2,target_post_switch,target_favoring,repair_all,transfer,18.5,14.5,5.41283,2.0,23.98453,False,True,False,fast/deep/deep/deep/deep,deep/fast/deep/deep/deep,mostly_deep_vs_mostly_deep_required,both_mismatch_types,True,False,[mms_issue]airplane_mode_on|bad_network_preference|bad_wifi_calling|break_apn_mms_setting|break_app_storage_permission|unseat_sim_card[PERSONA:Easy]
direct_multistage_exp3,86,8,9,target_post_switch,target_favoring,repair_subset,repair_subset,6.0,2.0,4.94381,0.5,11.017610000000001,True,False,False,fast/deep/deep/deep/deep,deep/deep/deep/deep/deep,mostly_deep_vs_mostly_deep_required,deep_on_fast_required,True,False,[mms_issue]airplane_mode_on|bad_network_preference|bad_wifi_calling|break_apn_mms_setting|break_app_both_permissions|data_mode_off|data_usage_exceeded|unseat_sim_card|user_abroad_roaming_disabled_on[PERSONA:Hard]
direct_multistage_exp3,87,8,10,target_post_switch,target_favoring,repair_subset,repair_subset,6.0,2.0,4.627935,1.5,10.702735,True,False,False,fast/deep/deep/deep/deep,fast/deep/fast/deep/deep,mostly_deep_vs_mostly_deep_required,fast_on_deep_required,True,False,[mms_issue]airplane_mode_on|bad_network_preference|bad_wifi_calling|break_apn_mms_setting|break_app_sms_permission|data_mode_off|data_usage_exceeded|unseat_sim_card|user_abroad_roaming_disabled_on[PERSONA:None]
direct_multistage_exp3,88,8,13,target_post_switch,target_favoring,repair_subset,repair_subset,6.0,2.0,4.85548,1.5,10.93158,True,False,False,fast/deep/deep/deep/deep,fast/deep/deep/deep/fast,mostly_deep_vs_mostly_deep_required,fast_on_deep_required,True,False,[mms_issue]airplane_mode_on|bad_network_preference|bad_wifi_calling|break_apn_mms_setting|break_app_both_permissions|data_mode_off|data_usage_exceeded|unseat_sim_card|user_abroad_roaming_enabled_off[PERSONA:Hard]
direct_multistage_exp3,89,8,16,target_post_switch,target_favoring,repair_all,repair_all,0.0,0.0,4.20385,0.0,4.27815,True,True,True,fast/deep/deep/deep/deep,fast/deep/deep/deep/deep,mostly_deep_vs_mostly_deep_required,all_stage_modes_match,True,False,[mms_issue]airplane_mode_on|bad_network_preference|bad_wifi_calling|break_apn_mms_setting|break_app_sms_permission|data_mode_off|unseat_sim_card|user_abroad_roaming_enabled_off[PERSONA:None]
direct_multistage_exp3,90,9,32,target_post_switch,target_favoring,repair_all,repair_all,0.0,0.0,2.87175,0.0,2.94605,True,True,True,fast/deep/deep/deep/deep,fast/deep/deep/deep/deep,mostly_deep_vs_mostly_deep_required,all_stage_modes_match,True,False,[mms_issue]bad_wifi_calling|break_apn_mms_setting|break_app_storage_permission|unseat_sim_card[PERSONA:Easy]
direct_multistage_exp3,91,9,33,target_post_switch,target_favoring,repair_all,repair_all,0.0,0.0,2.89716,0.0,2.97216,True,True,True,fast/deep/deep/deep/deep,fast/deep/deep/deep/deep,mostly_deep_vs_mostly_deep_required,all_stage_modes_match,True,False,[mms_issue]bad_wifi_calling|break_apn_mms_setting|break_app_sms_permission|unseat_sim_card[PERSONA:None]
direct_multistage_exp3,92,9,34,target_post_switch,target_favoring,repair_all,repair_all,0.0,0.0,3.05782,1.5,3.12332,True,True,True,fast/deep/deep/deep/deep,fast/fast/deep/deep/deep,mostly_deep_vs_mostly_deep_required,fast_on_deep_required,True,False,[mms_issue]bad_wifi_calling|break_apn_mms_setting|break_app_sms_permission|user_abroad_roaming_enabled_off[PERSONA:Easy]
direct_multistage_exp3,93,9,35,target_post_switch,target_favoring,repair_all,repair_subset,10.0,5.0,4.85553,2.0,14.92963,False,True,False,fast/deep/deep/deep/deep,deep/fast/deep/deep/deep,mostly_deep_vs_mostly_deep_required,both_mismatch_types,True,False,[mms_issue]airplane_mode_on|bad_wifi_calling|break_apn_mms_setting|break_app_storage_permission|user_abroad_roaming_enabled_off[PERSONA:None]
direct_multistage_exp3,94,9,36,target_post_switch,target_favoring,repair_all,repair_all,0.0,0.0,4.12314,0.0,4.19744,True,True,True,fast/deep/deep/deep/deep,fast/deep/deep/deep/deep,mostly_deep_vs_mostly_deep_required,all_stage_modes_match,True,False,[mms_issue]bad_wifi_calling|break_apn_mms_setting|break_app_storage_permission|data_mode_off|unseat_sim_card[PERSONA:None]
direct_multistage_exp3,95,9,2,target_post_switch,target_favoring,repair_all,repair_subset,10.0,5.0,5.0747,0.5,15.1497,False,True,False,fast/deep/deep/deep/deep,deep/deep/deep/deep/deep,mostly_deep_vs_mostly_deep_required,deep_on_fast_required,True,False,[mms_issue]airplane_mode_on|bad_network_preference|bad_wifi_calling|break_apn_mms_setting|break_app_storage_permission|unseat_sim_card[PERSONA:Easy]
direct_multistage_exp3,96,9,9,target_post_switch,target_favoring,repair_subset,repair_subset,6.0,2.0,6.150165,3.0,12.226365000000001,True,False,False,fast/deep/deep/deep/deep,fast/deep/fast/fast/deep,mostly_fast_vs_mostly_deep_required,fast_on_deep_required,False,True,[mms_issue]airplane_mode_on|bad_network_preference|bad_wifi_calling|break_apn_mms_setting|break_app_both_permissions|data_mode_off|data_usage_exceeded|unseat_sim_card|user_abroad_roaming_disabled_on[PERSONA:Hard]
direct_multistage_exp3,97,9,10,target_post_switch,target_favoring,repair_subset,transfer,23.5,19.5,5.182705,3.5,28.749205000000003,False,False,False,fast/deep/deep/deep/deep,deep/fast/fast/deep/deep,mostly_deep_vs_mostly_deep_required,both_mismatch_types,True,False,[mms_issue]airplane_mode_on|bad_network_preference|bad_wifi_calling|break_apn_mms_setting|break_app_sms_permission|data_mode_off|data_usage_exceeded|unseat_sim_card|user_abroad_roaming_disabled_on[PERSONA:None]
direct_multistage_exp3,98,9,13,target_post_switch,target_favoring,repair_subset,repair_subset,17.0,13.0,5.060675,3.0,22.133475,False,False,False,fast/deep/deep/deep/deep,fast/fast/fast/deep/deep,mostly_fast_vs_mostly_deep_required,fast_on_deep_required,False,True,[mms_issue]airplane_mode_on|bad_network_preference|bad_wifi_calling|break_apn_mms_setting|break_app_both_permissions|data_mode_off|data_usage_exceeded|unseat_sim_card|user_abroad_roaming_enabled_off[PERSONA:Hard]
direct_multistage_exp3,99,9,16,target_post_switch,target_favoring,repair_all,repair_subset,15.0,11.0,4.46956,1.5,19.53906,False,True,False,fast/deep/deep/deep/deep,fast/fast/deep/deep/deep,mostly_deep_vs_mostly_deep_required,fast_on_deep_required,True,False,[mms_issue]airplane_mode_on|bad_network_preference|bad_wifi_calling|break_apn_mms_setting|break_app_sms_permission|data_mode_off|unseat_sim_card|user_abroad_roaming_enabled_off[PERSONA:None]
epsilon_exp3,0,0,1,trap_pre_switch,trap_favoring,repair_all,repair_all,0.0,0.0,3.75479,1.0,3.8247899999999997,True,True,True,fast/fast/fast/fast/fast,fast/fast/fast/deep/deep,mostly_fast_vs_mostly_fast_required,deep_on_fast_required,True,False,[mms_issue]airplane_mode_on|bad_wifi_calling|break_app_storage_permission[PERSONA:Easy]
epsilon_exp3,1,0,3,trap_pre_switch,trap_favoring,repair_all,repair_all,0.0,0.0,5.41875,2.5,5.4925500000000005,True,True,True,fast/fast/fast/fast/fast,deep/deep/deep/deep/deep,mostly_deep_vs_mostly_fast_required,deep_on_fast_required,True,False,[mms_issue]airplane_mode_on|bad_wifi_calling|break_app_sms_permission[PERSONA:None]
epsilon_exp3,2,0,6,trap_pre_switch,trap_favoring,repair_all,repair_all,0.0,0.0,9.105355,2.0,9.175054999999999,True,True,True,fast/fast/fast/fast/fast,deep/fast/deep/deep/deep,mostly_deep_vs_mostly_fast_required,deep_on_fast_required,True,False,[mms_issue]bad_wifi_calling[PERSONA:Easy]
epsilon_exp3,3,0,15,trap_pre_switch,trap_favoring,repair_all,repair_all,0.0,0.0,5.180055,2.0,5.254155,True,True,True,fast/fast/fast/fast/fast,deep/fast/deep/deep/deep,mostly_deep_vs_mostly_fast_required,deep_on_fast_required,True,False,[mms_issue]bad_wifi_calling|break_app_storage_permission[PERSONA:Easy]
epsilon_exp3,4,0,17,trap_pre_switch,trap_favoring,repair_all,repair_all,0.0,0.0,5.34756,2.0,5.42076,True,True,True,fast/fast/fast/fast/fast,fast/deep/deep/deep/deep,mostly_deep_vs_mostly_fast_required,deep_on_fast_required,True,False,[mms_issue]bad_wifi_calling|break_app_sms_permission[PERSONA:None]
epsilon_exp3,5,0,18,trap_pre_switch,trap_favoring,repair_all,repair_all,0.0,0.0,5.236245,1.5,5.303045,True,True,True,fast/fast/fast/fast/fast,fast/deep/fast/deep/deep,mostly_deep_vs_mostly_fast_required,deep_on_fast_required,True,False,[mms_issue]bad_network_preference|bad_wifi_calling|break_app_storage_permission[PERSONA:Hard]
epsilon_exp3,6,0,19,trap_pre_switch,trap_favoring,repair_all,repair_all,0.0,0.0,3.877,1.0,3.9402,True,True,True,fast/fast/fast/fast/fast,deep/fast/fast/deep/fast,mostly_fast_vs_mostly_fast_required,deep_on_fast_required,True,False,[mms_issue]bad_wifi_calling|break_app_sms_permission|data_mode_off[PERSONA:None]
epsilon_exp3,7,0,20,trap_pre_switch,trap_favoring,repair_all,repair_all,0.0,0.0,4.37983,1.0,4.44473,True,True,True,fast/fast/fast/fast/fast,fast/fast/fast/deep/deep,mostly_fast_vs_mostly_fast_required,deep_on_fast_required,True,False,[mms_issue]bad_network_preference|bad_wifi_calling|break_app_sms_permission[PERSONA:Easy]
epsilon_exp3,8,0,21,trap_pre_switch,trap_favoring,repair_all,repair_all,0.0,0.0,5.378,2.5,5.453,True,True,True,fast/fast/fast/fast/fast,deep/deep/deep/deep/deep,mostly_deep_vs_mostly_fast_required,deep_on_fast_required,True,False,[mms_issue]bad_wifi_calling|break_app_storage_permission|data_mode_off[PERSONA:Easy]
epsilon_exp3,9,0,22,trap_pre_switch,trap_favoring,repair_all,repair_all,0.0,0.0,3.761175,1.0,3.8258750000000004,True,True,True,fast/fast/fast/fast/fast,fast/fast/deep/fast/deep,mostly_fast_vs_mostly_fast_required,deep_on_fast_required,True,False,[mms_issue]airplane_mode_on|bad_wifi_calling[PERSONA:Easy]
epsilon_exp3,10,1,1,trap_pre_switch,trap_favoring,repair_all,repair_all,0.0,0.0,3.74779,1.0,3.8136900000000002,True,True,True,fast/fast/fast/fast/fast,fast/fast/fast/deep/deep,mostly_fast_vs_mostly_fast_required,deep_on_fast_required,True,False,[mms_issue]airplane_mode_on|bad_wifi_calling|break_app_storage_permission[PERSONA:Easy]
epsilon_exp3,11,1,3,trap_pre_switch,trap_favoring,repair_all,repair_all,0.0,0.0,5.43225,2.5,5.5078499999999995,True,True,True,fast/fast/fast/fast/fast,deep/deep/deep/deep/deep,mostly_deep_vs_mostly_fast_required,deep_on_fast_required,True,False,[mms_issue]airplane_mode_on|bad_wifi_calling|break_app_sms_permission[PERSONA:None]
epsilon_exp3,12,1,6,trap_pre_switch,trap_favoring,repair_all,repair_all,0.0,0.0,7.68998,1.5,7.760680000000001,True,True,True,fast/fast/fast/fast/fast,fast/fast/deep/deep/deep,mostly_deep_vs_mostly_fast_required,deep_on_fast_required,True,False,[mms_issue]bad_wifi_calling[PERSONA:Easy]
epsilon_exp3,13,1,15,trap_pre_switch,trap_favoring,repair_all,repair_all,0.0,0.0,4.445755,1.5,4.513855,True,True,True,fast/fast/fast/fast/fast,fast/fast/deep/deep/deep,mostly_deep_vs_mostly_fast_required,deep_on_fast_required,True,False,[mms_issue]bad_wifi_calling|break_app_storage_permission[PERSONA:Easy]
epsilon_exp3,14,1,17,trap_pre_switch,trap_favoring,repair_all,repair_all,0.0,0.0,6.093,2.5,6.1667,True,True,True,fast/fast/fast/fast/fast,deep/deep/deep/deep/deep,mostly_deep_vs_mostly_fast_required,deep_on_fast_required,True,False,[mms_issue]bad_wifi_calling|break_app_sms_permission[PERSONA:None]
epsilon_exp3,15,1,18,trap_pre_switch,trap_favoring,repair_all,repair_all,0.0,0.0,3.3998,1.0,3.4736,True,True,True,fast/fast/fast/fast/fast,fast/fast/deep/fast/deep,mostly_fast_vs_mostly_fast_required,deep_on_fast_required,False,True,[mms_issue]bad_network_preference|bad_wifi_calling|break_app_storage_permission[PERSONA:Hard]
epsilon_exp3,16,1,19,trap_pre_switch,trap_favoring,repair_all,repair_all,0.0,0.0,4.159005,1.5,4.225505,True,True,True,fast/fast/fast/fast/fast,deep/fast/deep/fast/deep,mostly_deep_vs_mostly_fast_required,deep_on_fast_required,True,False,[mms_issue]bad_wifi_calling|break_app_sms_permission|data_mode_off[PERSONA:None]
epsilon_exp3,17,1,20,trap_pre_switch,trap_favoring,repair_all,repair_all,0.0,0.0,4.6519,2.0,4.7313,True,True,True,fast/fast/fast/fast/fast,fast/deep/deep/deep/deep,mostly_deep_vs_mostly_fast_required,deep_on_fast_required,True,False,[mms_issue]bad_network_preference|bad_wifi_calling|break_app_sms_permission[PERSONA:Easy]
epsilon_exp3,18,1,21,trap_pre_switch,trap_favoring,repair_all,repair_all,0.0,0.0,4.115375,1.5,4.180575,True,True,True,fast/fast/fast/fast/fast,fast/fast/deep/deep/deep,mostly_deep_vs_mostly_fast_required,deep_on_fast_required,True,False,[mms_issue]bad_wifi_calling|break_app_storage_permission|data_mode_off[PERSONA:Easy]
epsilon_exp3,19,1,22,trap_pre_switch,trap_favoring,repair_all,repair_all,0.0,0.0,4.590805,2.0,4.655905,True,True,True,fast/fast/fast/fast/fast,deep/fast/deep/deep/deep,mostly_deep_vs_mostly_fast_required,deep_on_fast_required,True,False,[mms_issue]airplane_mode_on|bad_wifi_calling[PERSONA:Easy]
epsilon_exp3,20,2,1,trap_pre_switch,trap_favoring,repair_all,repair_all,0.0,0.0,4.124155,1.5,4.203355,True,True,True,fast/fast/fast/fast/fast,fast/fast/deep/deep/deep,mostly_deep_vs_mostly_fast_required,deep_on_fast_required,True,False,[mms_issue]airplane_mode_on|bad_wifi_calling|break_app_storage_permission[PERSONA:Easy]
epsilon_exp3,21,2,3,trap_pre_switch,trap_favoring,repair_all,repair_all,0.0,0.0,3.74987,1.0,3.82007,True,True,True,fast/fast/fast/fast/fast,fast/fast/fast/deep/deep,mostly_fast_vs_mostly_fast_required,deep_on_fast_required,False,True,[mms_issue]airplane_mode_on|bad_wifi_calling|break_app_sms_permission[PERSONA:None]
epsilon_exp3,22,2,6,trap_pre_switch,trap_favoring,repair_all,repair_all,0.0,0.0,9.658625,2.0,9.734625000000001,True,True,True,fast/fast/fast/fast/fast,fast/deep/deep/deep/deep,mostly_deep_vs_mostly_fast_required,deep_on_fast_required,True,False,[mms_issue]bad_wifi_calling[PERSONA:Easy]
epsilon_exp3,23,2,15,trap_pre_switch,trap_favoring,repair_all,repair_all,0.0,0.0,4.59633,1.5,4.66223,True,True,True,fast/fast/fast/fast/fast,fast/deep/fast/deep/deep,mostly_deep_vs_mostly_fast_required,deep_on_fast_required,True,False,[mms_issue]bad_wifi_calling|break_app_storage_permission[PERSONA:Easy]
epsilon_exp3,24,2,17,trap_pre_switch,trap_favoring,repair_all,repair_all,0.0,0.0,4.04759,1.0,4.109089999999999,True,True,True,fast/fast/fast/fast/fast,fast/fast/fast/deep/deep,mostly_fast_vs_mostly_fast_required,deep_on_fast_required,True,False,[mms_issue]bad_wifi_calling|break_app_sms_permission[PERSONA:None]
epsilon_exp3,25,2,2,target_post_switch,target_favoring,repair_all,transfer,18.5,14.5,4.08635,1.5,22.65695,False,True,False,fast/deep/deep/deep/deep,fast/fast/deep/deep/deep,mostly_deep_vs_mostly_deep_required,fast_on_deep_required,True,False,[mms_issue]airplane_mode_on|bad_network_preference|bad_wifi_calling|break_apn_mms_setting|break_app_storage_permission|unseat_sim_card[PERSONA:Easy]
epsilon_exp3,26,2,9,target_post_switch,target_favoring,repair_subset,repair_subset,6.0,2.0,4.17893,0.0,10.252130000000001,True,False,False,fast/deep/deep/deep/deep,fast/deep/deep/deep/deep,mostly_deep_vs_mostly_deep_required,all_stage_modes_match,True,False,[mms_issue]airplane_mode_on|bad_network_preference|bad_wifi_calling|break_apn_mms_setting|break_app_both_permissions|data_mode_off|data_usage_exceeded|unseat_sim_card|user_abroad_roaming_disabled_on[PERSONA:Hard]
epsilon_exp3,27,2,10,target_post_switch,target_favoring,repair_subset,transfer,22.5,18.5,4.08065,0.0,26.655949999999997,False,False,False,fast/deep/deep/deep/deep,fast/deep/deep/deep/deep,mostly_deep_vs_mostly_deep_required,all_stage_modes_match,True,False,[mms_issue]airplane_mode_on|bad_network_preference|bad_wifi_calling|break_apn_mms_setting|break_app_sms_permission|data_mode_off|data_usage_exceeded|unseat_sim_card|user_abroad_roaming_disabled_on[PERSONA:None]
epsilon_exp3,28,2,13,target_post_switch,target_favoring,repair_subset,repair_subset,6.0,2.0,3.77132,0.0,9.85012,True,False,False,fast/deep/deep/deep/deep,fast/deep/deep/deep/deep,mostly_deep_vs_mostly_deep_required,all_stage_modes_match,True,False,[mms_issue]airplane_mode_on|bad_network_preference|bad_wifi_calling|break_apn_mms_setting|break_app_both_permissions|data_mode_off|data_usage_exceeded|unseat_sim_card|user_abroad_roaming_enabled_off[PERSONA:Hard]
epsilon_exp3,29,2,16,target_post_switch,target_favoring,repair_all,repair_subset,14.0,5.0,6.383985,6.0,20.442685,False,False,False,fast/deep/deep/deep/deep,fast/fast/fast/fast/fast,mostly_fast_vs_mostly_deep_required,fast_on_deep_required,True,False,[mms_issue]airplane_mode_on|bad_network_preference|bad_wifi_calling|break_apn_mms_setting|break_app_sms_permission|data_mode_off|unseat_sim_card|user_abroad_roaming_enabled_off[PERSONA:None]
epsilon_exp3,30,3,32,target_post_switch,target_favoring,repair_all,repair_all,0.0,0.0,5.3038,5.0,5.364199999999999,True,True,True,fast/deep/deep/deep/deep,deep/fast/fast/fast/deep,mostly_fast_vs_mostly_deep_required,both_mismatch_types,True,False,[mms_issue]bad_wifi_calling|break_apn_mms_setting|break_app_storage_permission|unseat_sim_card[PERSONA:Easy]
epsilon_exp3,31,3,33,target_post_switch,target_favoring,repair_all,repair_all,0.0,0.0,6.174755,6.5,6.2302550000000005,True,True,True,fast/deep/deep/deep/deep,deep/fast/fast/fast/fast,mostly_fast_vs_mostly_deep_required,both_mismatch_types,True,False,[mms_issue]bad_wifi_calling|break_apn_mms_setting|break_app_sms_permission|unseat_sim_card[PERSONA:None]
epsilon_exp3,32,3,34,target_post_switch,target_favoring,repair_all,repair_all,0.0,0.0,3.46962,0.0,3.54792,True,True,True,fast/deep/deep/deep/deep,fast/deep/deep/deep/deep,mostly_deep_vs_mostly_deep_required,all_stage_modes_match,True,False,[mms_issue]bad_wifi_calling|break_apn_mms_setting|break_app_sms_permission|user_abroad_roaming_enabled_off[PERSONA:Easy]
epsilon_exp3,33,3,35,target_post_switch,target_favoring,repair_all,repair_all,0.0,0.0,3.67905,1.5,3.7416500000000004,True,True,True,fast/deep/deep/deep/deep,fast/fast/deep/deep/deep,mostly_deep_vs_mostly_deep_required,fast_on_deep_required,True,False,[mms_issue]airplane_mode_on|bad_wifi_calling|break_apn_mms_setting|break_app_storage_permission|user_abroad_roaming_enabled_off[PERSONA:None]
epsilon_exp3,34,3,36,target_post_switch,target_favoring,repair_all,repair_all,0.0,0.0,4.30228,2.0,4.371379999999999,True,True,True,fast/deep/deep/deep/deep,deep/fast/deep/deep/deep,mostly_deep_vs_mostly_deep_required,both_mismatch_types,True,False,[mms_issue]bad_wifi_calling|break_apn_mms_setting|break_app_storage_permission|data_mode_off|unseat_sim_card[PERSONA:None]
epsilon_exp3,35,3,2,target_post_switch,target_favoring,repair_all,repair_subset,10.0,5.0,3.93393,0.0,14.00693,False,True,False,fast/deep/deep/deep/deep,fast/deep/deep/deep/deep,mostly_deep_vs_mostly_deep_required,all_stage_modes_match,True,False,[mms_issue]airplane_mode_on|bad_network_preference|bad_wifi_calling|break_apn_mms_setting|break_app_storage_permission|unseat_sim_card[PERSONA:Easy]
epsilon_exp3,36,3,9,target_post_switch,target_favoring,repair_subset,repair_all,10.0,6.0,5.69113,0.5,15.765530000000002,False,True,False,fast/deep/deep/deep/deep,deep/deep/deep/deep/deep,mostly_deep_vs_mostly_deep_required,deep_on_fast_required,True,False,[mms_issue]airplane_mode_on|bad_network_preference|bad_wifi_calling|break_apn_mms_setting|break_app_both_permissions|data_mode_off|data_usage_exceeded|unseat_sim_card|user_abroad_roaming_disabled_on[PERSONA:Hard]
epsilon_exp3,37,3,10,target_post_switch,target_favoring,repair_subset,transfer,22.5,18.5,4.84341,0.5,27.421010000000003,False,False,False,fast/deep/deep/deep/deep,deep/deep/deep/deep/deep,mostly_deep_vs_mostly_deep_required,deep_on_fast_required,True,False,[mms_issue]airplane_mode_on|bad_network_preference|bad_wifi_calling|break_apn_mms_setting|break_app_sms_permission|data_mode_off|data_usage_exceeded|unseat_sim_card|user_abroad_roaming_disabled_on[PERSONA:None]
epsilon_exp3,38,3,13,target_post_switch,target_favoring,repair_subset,repair_subset,17.0,13.0,5.87011,2.0,22.94191,False,False,False,fast/deep/deep/deep/deep,deep/fast/deep/deep/deep,mostly_deep_vs_mostly_deep_required,both_mismatch_types,True,False,[mms_issue]airplane_mode_on|bad_network_preference|bad_wifi_calling|break_apn_mms_setting|break_app_both_permissions|data_mode_off|data_usage_exceeded|unseat_sim_card|user_abroad_roaming_enabled_off[PERSONA:Hard]
epsilon_exp3,39,3,16,target_post_switch,target_favoring,repair_all,transfer,22.5,18.5,5.21617,2.0,27.78427,False,True,False,fast/deep/deep/deep/deep,deep/fast/deep/deep/deep,mostly_deep_vs_mostly_deep_required,both_mismatch_types,True,False,[mms_issue]airplane_mode_on|bad_network_preference|bad_wifi_calling|break_apn_mms_setting|break_app_sms_permission|data_mode_off|unseat_sim_card|user_abroad_roaming_enabled_off[PERSONA:None]
epsilon_exp3,40,4,32,target_post_switch,target_favoring,repair_all,repair_all,0.0,0.0,3.871715,3.0,3.931715,True,True,True,fast/deep/deep/deep/deep,fast/fast/deep/deep/fast,mostly_fast_vs_mostly_deep_required,fast_on_deep_required,True,False,[mms_issue]bad_wifi_calling|break_apn_mms_setting|break_app_storage_permission|unseat_sim_card[PERSONA:Easy]
epsilon_exp3,41,4,33,target_post_switch,target_favoring,repair_all,repair_all,0.0,0.0,5.141805,5.0,5.201205,True,True,True,fast/deep/deep/deep/deep,deep/fast/fast/deep/fast,mostly_fast_vs_mostly_deep_required,both_mismatch_types,True,False,[mms_issue]bad_wifi_calling|break_apn_mms_setting|break_app_sms_permission|unseat_sim_card[PERSONA:None]
epsilon_exp3,42,4,34,target_post_switch,target_favoring,repair_all,repair_all,0.0,0.0,3.09659,0.0,3.17089,True,True,True,fast/deep/deep/deep/deep,fast/deep/deep/deep/deep,mostly_deep_vs_mostly_deep_required,all_stage_modes_match,True,False,[mms_issue]bad_wifi_calling|break_apn_mms_setting|break_app_sms_permission|user_abroad_roaming_enabled_off[PERSONA:Easy]
epsilon_exp3,43,4,35,target_post_switch,target_favoring,repair_all,repair_subset,12.0,5.0,4.059875,1.5,16.131675,False,False,False,fast/deep/deep/deep/deep,fast/deep/deep/fast/deep,mostly_deep_vs_mostly_deep_required,fast_on_deep_required,False,True,[mms_issue]airplane_mode_on|bad_wifi_calling|break_apn_mms_setting|break_app_storage_permission|user_abroad_roaming_enabled_off[PERSONA:None]
epsilon_exp3,44,4,36,target_post_switch,target_favoring,repair_all,repair_all,0.0,0.0,4.66012,3.0,4.72812,True,True,True,fast/deep/deep/deep/deep,fast/fast/deep/deep/fast,mostly_fast_vs_mostly_deep_required,fast_on_deep_required,True,False,[mms_issue]bad_wifi_calling|break_apn_mms_setting|break_app_storage_permission|data_mode_off|unseat_sim_card[PERSONA:None]
epsilon_exp3,45,4,2,target_post_switch,target_favoring,repair_all,repair_subset,10.0,5.0,4.87649,2.0,14.94979,False,True,False,fast/deep/deep/deep/deep,deep/fast/deep/deep/deep,mostly_deep_vs_mostly_deep_required,both_mismatch_types,True,False,[mms_issue]airplane_mode_on|bad_network_preference|bad_wifi_calling|break_apn_mms_setting|break_app_storage_permission|unseat_sim_card[PERSONA:Easy]
epsilon_exp3,46,4,9,target_post_switch,target_favoring,repair_subset,repair_subset,12.0,3.0,4.75536,2.0,16.82276,False,False,False,fast/deep/deep/deep/deep,deep/fast/deep/deep/deep,mostly_deep_vs_mostly_deep_required,both_mismatch_types,True,False,[mms_issue]airplane_mode_on|bad_network_preference|bad_wifi_calling|break_apn_mms_setting|break_app_both_permissions|data_mode_off|data_usage_exceeded|unseat_sim_card|user_abroad_roaming_disabled_on[PERSONA:Hard]
epsilon_exp3,47,4,10,target_post_switch,target_favoring,repair_subset,repair_subset,12.0,3.0,3.94247,1.5,16.01987,False,False,False,fast/deep/deep/deep/deep,fast/fast/deep/deep/deep,mostly_deep_vs_mostly_deep_required,fast_on_deep_required,True,False,[mms_issue]airplane_mode_on|bad_network_preference|bad_wifi_calling|break_apn_mms_setting|break_app_sms_permission|data_mode_off|data_usage_exceeded|unseat_sim_card|user_abroad_roaming_disabled_on[PERSONA:None]
epsilon_exp3,48,4,13,target_post_switch,target_favoring,repair_subset,repair_subset,6.0,2.0,3.7562,0.0,9.8238,True,False,False,fast/deep/deep/deep/deep,fast/deep/deep/deep/deep,mostly_deep_vs_mostly_deep_required,all_stage_modes_match,True,False,[mms_issue]airplane_mode_on|bad_network_preference|bad_wifi_calling|break_apn_mms_setting|break_app_both_permissions|data_mode_off|data_usage_exceeded|unseat_sim_card|user_abroad_roaming_enabled_off[PERSONA:Hard]
epsilon_exp3,49,4,16,target_post_switch,target_favoring,repair_all,repair_subset,21.0,17.0,4.058775,3.0,25.119375,False,False,False,fast/deep/deep/deep/deep,fast/deep/fast/fast/deep,mostly_fast_vs_mostly_deep_required,fast_on_deep_required,True,False,[mms_issue]airplane_mode_on|bad_network_preference|bad_wifi_calling|break_apn_mms_setting|break_app_sms_permission|data_mode_off|unseat_sim_card|user_abroad_roaming_enabled_off[PERSONA:None]
epsilon_exp3,50,5,32,target_post_switch,target_favoring,repair_all,repair_all,0.0,0.0,4.07367,0.5,4.1481699999999995,True,True,True,fast/deep/deep/deep/deep,deep/deep/deep/deep/deep,mostly_deep_vs_mostly_deep_required,deep_on_fast_required,True,False,[mms_issue]bad_wifi_calling|break_apn_mms_setting|break_app_storage_permission|unseat_sim_card[PERSONA:Easy]
epsilon_exp3,51,5,33,target_post_switch,target_favoring,repair_all,repair_all,0.0,0.0,3.07531,0.0,3.15071,True,True,True,fast/deep/deep/deep/deep,fast/deep/deep/deep/deep,mostly_deep_vs_mostly_deep_required,all_stage_modes_match,True,False,[mms_issue]bad_wifi_calling|break_apn_mms_setting|break_app_sms_permission|unseat_sim_card[PERSONA:None]
epsilon_exp3,52,5,34,target_post_switch,target_favoring,repair_all,repair_all,0.0,0.0,4.16524,2.0,4.23834,True,True,True,fast/deep/deep/deep/deep,deep/fast/deep/deep/deep,mostly_deep_vs_mostly_deep_required,both_mismatch_types,True,False,[mms_issue]bad_wifi_calling|break_apn_mms_setting|break_app_sms_permission|user_abroad_roaming_enabled_off[PERSONA:Easy]
epsilon_exp3,53,5,35,target_post_switch,target_favoring,repair_all,repair_all,0.0,0.0,3.9137,0.0,3.9887,True,True,True,fast/deep/deep/deep/deep,fast/deep/deep/deep/deep,mostly_deep_vs_mostly_deep_required,all_stage_modes_match,True,False,[mms_issue]airplane_mode_on|bad_wifi_calling|break_apn_mms_setting|break_app_storage_permission|user_abroad_roaming_enabled_off[PERSONA:None]
epsilon_exp3,54,5,36,target_post_switch,target_favoring,repair_all,repair_all,0.0,0.0,4.294865,3.0,4.360964999999999,True,True,True,fast/deep/deep/deep/deep,fast/fast/deep/fast/deep,mostly_fast_vs_mostly_deep_required,fast_on_deep_required,False,True,[mms_issue]bad_wifi_calling|break_apn_mms_setting|break_app_storage_permission|data_mode_off|unseat_sim_card[PERSONA:None]
epsilon_exp3,55,5,2,target_post_switch,target_favoring,repair_all,repair_all,0.0,0.0,3.58911,0.0,3.66391,True,True,True,fast/deep/deep/deep/deep,fast/deep/deep/deep/deep,mostly_deep_vs_mostly_deep_required,all_stage_modes_match,True,False,[mms_issue]airplane_mode_on|bad_network_preference|bad_wifi_calling|break_apn_mms_setting|break_app_storage_permission|unseat_sim_card[PERSONA:Easy]
epsilon_exp3,56,5,9,target_post_switch,target_favoring,repair_subset,repair_subset,12.0,3.0,4.886575,3.5,16.954275,False,False,False,fast/deep/deep/deep/deep,deep/fast/fast/deep/deep,mostly_deep_vs_mostly_deep_required,both_mismatch_types,True,False,[mms_issue]airplane_mode_on|bad_network_preference|bad_wifi_calling|break_apn_mms_setting|break_app_both_permissions|data_mode_off|data_usage_exceeded|unseat_sim_card|user_abroad_roaming_disabled_on[PERSONA:Hard]
epsilon_exp3,57,5,10,target_post_switch,target_favoring,repair_subset,transfer,22.5,18.5,4.587615,1.5,27.158915,False,False,False,fast/deep/deep/deep/deep,fast/deep/fast/deep/deep,mostly_deep_vs_mostly_deep_required,fast_on_deep_required,True,False,[mms_issue]airplane_mode_on|bad_network_preference|bad_wifi_calling|break_apn_mms_setting|break_app_sms_permission|data_mode_off|data_usage_exceeded|unseat_sim_card|user_abroad_roaming_disabled_on[PERSONA:None]
epsilon_exp3,58,5,13,target_post_switch,target_favoring,repair_subset,repair_subset,6.0,2.0,3.73604,0.0,9.81034,True,False,False,fast/deep/deep/deep/deep,fast/deep/deep/deep/deep,mostly_deep_vs_mostly_deep_required,all_stage_modes_match,True,False,[mms_issue]airplane_mode_on|bad_network_preference|bad_wifi_calling|break_apn_mms_setting|break_app_both_permissions|data_mode_off|data_usage_exceeded|unseat_sim_card|user_abroad_roaming_enabled_off[PERSONA:Hard]
epsilon_exp3,59,5,16,target_post_switch,target_favoring,repair_all,repair_all,0.0,0.0,4.77673,0.0,4.85103,True,True,True,fast/deep/deep/deep/deep,fast/deep/deep/deep/deep,mostly_deep_vs_mostly_deep_required,all_stage_modes_match,True,False,[mms_issue]airplane_mode_on|bad_network_preference|bad_wifi_calling|break_apn_mms_setting|break_app_sms_permission|data_mode_off|unseat_sim_card|user_abroad_roaming_enabled_off[PERSONA:None]
epsilon_exp3,60,6,32,target_post_switch,target_favoring,repair_all,repair_all,0.0,0.0,3.53584,0.0,3.6041399999999997,True,True,True,fast/deep/deep/deep/deep,fast/deep/deep/deep/deep,mostly_deep_vs_mostly_deep_required,all_stage_modes_match,True,False,[mms_issue]bad_wifi_calling|break_apn_mms_setting|break_app_storage_permission|unseat_sim_card[PERSONA:Easy]
epsilon_exp3,61,6,33,target_post_switch,target_favoring,repair_all,repair_all,0.0,0.0,3.4836,1.5,3.5582000000000003,True,True,True,fast/deep/deep/deep/deep,fast/fast/deep/deep/deep,mostly_deep_vs_mostly_deep_required,fast_on_deep_required,True,False,[mms_issue]bad_wifi_calling|break_apn_mms_setting|break_app_sms_permission|unseat_sim_card[PERSONA:None]
epsilon_exp3,62,6,34,target_post_switch,target_favoring,repair_all,repair_all,0.0,0.0,6.81038,1.5,6.87828,True,True,True,fast/deep/deep/deep/deep,fast/fast/deep/deep/deep,mostly_deep_vs_mostly_deep_required,fast_on_deep_required,True,False,[mms_issue]bad_wifi_calling|break_apn_mms_setting|break_app_sms_permission|user_abroad_roaming_enabled_off[PERSONA:Easy]
epsilon_exp3,63,6,35,target_post_switch,target_favoring,repair_all,transfer,18.0,12.5,3.82998,0.0,21.90498,False,True,False,fast/deep/deep/deep/deep,fast/deep/deep/deep/deep,mostly_deep_vs_mostly_deep_required,all_stage_modes_match,True,False,[mms_issue]airplane_mode_on|bad_wifi_calling|break_apn_mms_setting|break_app_storage_permission|user_abroad_roaming_enabled_off[PERSONA:None]
epsilon_exp3,64,6,36,target_post_switch,target_favoring,repair_all,repair_all,0.0,0.0,4.04428,1.5,4.110379999999999,True,True,True,fast/deep/deep/deep/deep,fast/fast/deep/deep/deep,mostly_deep_vs_mostly_deep_required,fast_on_deep_required,True,False,[mms_issue]bad_wifi_calling|break_apn_mms_setting|break_app_storage_permission|data_mode_off|unseat_sim_card[PERSONA:None]
epsilon_exp3,65,6,2,target_post_switch,target_favoring,repair_all,repair_all,0.0,0.0,6.14436,3.5,6.20926,True,True,True,fast/deep/deep/deep/deep,deep/fast/deep/deep/fast,mostly_deep_vs_mostly_deep_required,both_mismatch_types,True,False,[mms_issue]airplane_mode_on|bad_network_preference|bad_wifi_calling|break_apn_mms_setting|break_app_storage_permission|unseat_sim_card[PERSONA:Easy]
epsilon_exp3,66,6,9,target_post_switch,target_favoring,repair_subset,transfer,23.5,19.5,4.528695,3.0,28.089595,False,False,False,fast/deep/deep/deep/deep,fast/fast/deep/deep/fast,mostly_fast_vs_mostly_deep_required,fast_on_deep_required,True,False,[mms_issue]airplane_mode_on|bad_network_preference|bad_wifi_calling|break_apn_mms_setting|break_app_both_permissions|data_mode_off|data_usage_exceeded|unseat_sim_card|user_abroad_roaming_disabled_on[PERSONA:Hard]
epsilon_exp3,67,6,10,target_post_switch,target_favoring,repair_subset,transfer,22.5,18.5,4.83445,0.5,27.41055,False,False,False,fast/deep/deep/deep/deep,deep/deep/deep/deep/deep,mostly_deep_vs_mostly_deep_required,deep_on_fast_required,True,False,[mms_issue]airplane_mode_on|bad_network_preference|bad_wifi_calling|break_apn_mms_setting|break_app_sms_permission|data_mode_off|data_usage_exceeded|unseat_sim_card|user_abroad_roaming_disabled_on[PERSONA:None]
epsilon_exp3,68,6,13,target_post_switch,target_favoring,repair_subset,repair_subset,6.0,2.0,4.19209,0.0,10.26689,True,False,False,fast/deep/deep/deep/deep,fast/deep/deep/deep/deep,mostly_deep_vs_mostly_deep_required,all_stage_modes_match,True,False,[mms_issue]airplane_mode_on|bad_network_preference|bad_wifi_calling|break_apn_mms_setting|break_app_both_permissions|data_mode_off|data_usage_exceeded|unseat_sim_card|user_abroad_roaming_enabled_off[PERSONA:Hard]
epsilon_exp3,69,6,16,target_post_switch,target_favoring,repair_all,repair_all,0.0,0.0,5.252295,3.0,5.318495,True,True,True,fast/deep/deep/deep/deep,fast/fast/fast/deep/deep,mostly_fast_vs_mostly_deep_required,fast_on_deep_required,True,False,[mms_issue]airplane_mode_on|bad_network_preference|bad_wifi_calling|break_apn_mms_setting|break_app_sms_permission|data_mode_off|unseat_sim_card|user_abroad_roaming_enabled_off[PERSONA:None]
epsilon_exp3,70,7,32,target_post_switch,target_favoring,repair_all,repair_all,0.0,0.0,2.91949,0.0,2.9948900000000003,True,True,True,fast/deep/deep/deep/deep,fast/deep/deep/deep/deep,mostly_deep_vs_mostly_deep_required,all_stage_modes_match,True,False,[mms_issue]bad_wifi_calling|break_apn_mms_setting|break_app_storage_permission|unseat_sim_card[PERSONA:Easy]
epsilon_exp3,71,7,33,target_post_switch,target_favoring,repair_all,repair_all,0.0,0.0,3.864615,3.0,3.925615,True,True,True,fast/deep/deep/deep/deep,fast/fast/deep/deep/fast,mostly_fast_vs_mostly_deep_required,fast_on_deep_required,True,False,[mms_issue]bad_wifi_calling|break_apn_mms_setting|break_app_sms_permission|unseat_sim_card[PERSONA:None]
epsilon_exp3,72,7,34,target_post_switch,target_favoring,repair_all,repair_all,0.0,0.0,3.55923,1.5,3.62153,True,True,True,fast/deep/deep/deep/deep,fast/fast/deep/deep/deep,mostly_deep_vs_mostly_deep_required,fast_on_deep_required,True,False,[mms_issue]bad_wifi_calling|break_apn_mms_setting|break_app_sms_permission|user_abroad_roaming_enabled_off[PERSONA:Easy]
epsilon_exp3,73,7,35,target_post_switch,target_favoring,repair_all,repair_all,0.0,0.0,3.72799,0.0,3.80269,True,True,True,fast/deep/deep/deep/deep,fast/deep/deep/deep/deep,mostly_deep_vs_mostly_deep_required,all_stage_modes_match,True,False,[mms_issue]airplane_mode_on|bad_wifi_calling|break_apn_mms_setting|break_app_storage_permission|user_abroad_roaming_enabled_off[PERSONA:None]
epsilon_exp3,74,7,36,target_post_switch,target_favoring,repair_all,repair_all,0.0,0.0,3.72337,0.0,3.8021700000000003,True,True,True,fast/deep/deep/deep/deep,fast/deep/deep/deep/deep,mostly_deep_vs_mostly_deep_required,all_stage_modes_match,True,False,[mms_issue]bad_wifi_calling|break_apn_mms_setting|break_app_storage_permission|data_mode_off|unseat_sim_card[PERSONA:None]
epsilon_exp3,75,7,2,target_post_switch,target_favoring,repair_all,repair_subset,10.0,5.0,3.9389,0.0,14.0137,False,True,False,fast/deep/deep/deep/deep,fast/deep/deep/deep/deep,mostly_deep_vs_mostly_deep_required,all_stage_modes_match,True,False,[mms_issue]airplane_mode_on|bad_network_preference|bad_wifi_calling|break_apn_mms_setting|break_app_storage_permission|unseat_sim_card[PERSONA:Easy]
epsilon_exp3,76,7,9,target_post_switch,target_favoring,repair_subset,repair_subset,12.0,3.0,4.02618,1.5,16.09758,False,False,False,fast/deep/deep/deep/deep,fast/fast/deep/deep/deep,mostly_deep_vs_mostly_deep_required,fast_on_deep_required,True,False,[mms_issue]airplane_mode_on|bad_network_preference|bad_wifi_calling|break_apn_mms_setting|break_app_both_permissions|data_mode_off|data_usage_exceeded|unseat_sim_card|user_abroad_roaming_disabled_on[PERSONA:Hard]
epsilon_exp3,77,7,10,target_post_switch,target_favoring,repair_subset,transfer,23.5,19.5,4.64972,2.0,28.221420000000002,False,False,False,fast/deep/deep/deep/deep,deep/fast/deep/deep/deep,mostly_deep_vs_mostly_deep_required,both_mismatch_types,True,False,[mms_issue]airplane_mode_on|bad_network_preference|bad_wifi_calling|break_apn_mms_setting|break_app_sms_permission|data_mode_off|data_usage_exceeded|unseat_sim_card|user_abroad_roaming_disabled_on[PERSONA:None]
epsilon_exp3,78,7,13,target_post_switch,target_favoring,repair_subset,repair_subset,14.0,5.0,6.041255,5.0,20.100254999999997,False,False,False,fast/deep/deep/deep/deep,deep/fast/fast/fast/deep,mostly_fast_vs_mostly_deep_required,both_mismatch_types,True,False,[mms_issue]airplane_mode_on|bad_network_preference|bad_wifi_calling|break_apn_mms_setting|break_app_both_permissions|data_mode_off|data_usage_exceeded|unseat_sim_card|user_abroad_roaming_enabled_off[PERSONA:Hard]
epsilon_exp3,79,7,16,target_post_switch,target_favoring,repair_all,repair_all,0.0,0.0,3.56958,0.0,3.6571800000000003,True,True,True,fast/deep/deep/deep/deep,fast/deep/deep/deep/deep,mostly_deep_vs_mostly_deep_required,all_stage_modes_match,False,True,[mms_issue]airplane_mode_on|bad_network_preference|bad_wifi_calling|break_apn_mms_setting|break_app_sms_permission|data_mode_off|unseat_sim_card|user_abroad_roaming_enabled_off[PERSONA:None]
epsilon_exp3,80,8,32,target_post_switch,target_favoring,repair_all,repair_all,0.0,0.0,5.491695,4.5,5.548295,True,True,True,fast/deep/deep/deep/deep,fast/deep/fast/fast/fast,mostly_fast_vs_mostly_deep_required,fast_on_deep_required,True,False,[mms_issue]bad_wifi_calling|break_apn_mms_setting|break_app_storage_permission|unseat_sim_card[PERSONA:Easy]
epsilon_exp3,81,8,33,target_post_switch,target_favoring,repair_all,repair_all,0.0,0.0,3.07531,0.0,3.15071,True,True,True,fast/deep/deep/deep/deep,fast/deep/deep/deep/deep,mostly_deep_vs_mostly_deep_required,all_stage_modes_match,True,False,[mms_issue]bad_wifi_calling|break_apn_mms_setting|break_app_sms_permission|unseat_sim_card[PERSONA:None]
epsilon_exp3,82,8,34,target_post_switch,target_favoring,repair_all,repair_all,0.0,0.0,3.4839,0.0,3.5593000000000004,True,True,True,fast/deep/deep/deep/deep,fast/deep/deep/deep/deep,mostly_deep_vs_mostly_deep_required,all_stage_modes_match,True,False,[mms_issue]bad_wifi_calling|break_apn_mms_setting|break_app_sms_permission|user_abroad_roaming_enabled_off[PERSONA:Easy]
epsilon_exp3,83,8,35,target_post_switch,target_favoring,repair_all,repair_all,0.0,0.0,3.67149,1.5,3.74349,True,True,True,fast/deep/deep/deep/deep,fast/fast/deep/deep/deep,mostly_deep_vs_mostly_deep_required,fast_on_deep_required,True,False,[mms_issue]airplane_mode_on|bad_wifi_calling|break_apn_mms_setting|break_app_storage_permission|user_abroad_roaming_enabled_off[PERSONA:None]
epsilon_exp3,84,8,36,target_post_switch,target_favoring,repair_all,repair_all,0.0,0.0,4.560505,1.5,4.628105,True,True,True,fast/deep/deep/deep/deep,fast/deep/fast/deep/deep,mostly_deep_vs_mostly_deep_required,fast_on_deep_required,False,True,[mms_issue]bad_wifi_calling|break_apn_mms_setting|break_app_storage_permission|data_mode_off|unseat_sim_card[PERSONA:None]
epsilon_exp3,85,8,2,target_post_switch,target_favoring,repair_all,repair_subset,10.0,5.0,3.63944,0.0,13.71414,False,True,False,fast/deep/deep/deep/deep,fast/deep/deep/deep/deep,mostly_deep_vs_mostly_deep_required,all_stage_modes_match,True,False,[mms_issue]airplane_mode_on|bad_network_preference|bad_wifi_calling|break_apn_mms_setting|break_app_storage_permission|unseat_sim_card[PERSONA:Easy]
epsilon_exp3,86,8,9,target_post_switch,target_favoring,repair_subset,repair_subset,6.0,2.0,4.18243,0.0,10.25723,True,False,False,fast/deep/deep/deep/deep,fast/deep/deep/deep/deep,mostly_deep_vs_mostly_deep_required,all_stage_modes_match,True,False,[mms_issue]airplane_mode_on|bad_network_preference|bad_wifi_calling|break_apn_mms_setting|break_app_both_permissions|data_mode_off|data_usage_exceeded|unseat_sim_card|user_abroad_roaming_disabled_on[PERSONA:Hard]
epsilon_exp3,87,8,10,target_post_switch,target_favoring,repair_subset,repair_subset,12.0,3.0,5.14428,3.5,17.208280000000002,False,False,False,fast/deep/deep/deep/deep,deep/fast/fast/deep/deep,mostly_deep_vs_mostly_deep_required,both_mismatch_types,True,False,[mms_issue]airplane_mode_on|bad_network_preference|bad_wifi_calling|break_apn_mms_setting|break_app_sms_permission|data_mode_off|data_usage_exceeded|unseat_sim_card|user_abroad_roaming_disabled_on[PERSONA:None]
epsilon_exp3,88,8,13,target_post_switch,target_favoring,repair_subset,repair_subset,6.0,2.0,6.07463,3.0,12.15083,True,False,False,fast/deep/deep/deep/deep,fast/deep/fast/fast/deep,mostly_fast_vs_mostly_deep_required,fast_on_deep_required,False,True,[mms_issue]airplane_mode_on|bad_network_preference|bad_wifi_calling|break_apn_mms_setting|break_app_both_permissions|data_mode_off|data_usage_exceeded|unseat_sim_card|user_abroad_roaming_enabled_off[PERSONA:Hard]
epsilon_exp3,89,8,16,target_post_switch,target_favoring,repair_all,transfer,22.5,18.5,4.47705,1.5,27.051450000000003,False,True,False,fast/deep/deep/deep/deep,fast/fast/deep/deep/deep,mostly_deep_vs_mostly_deep_required,fast_on_deep_required,True,False,[mms_issue]airplane_mode_on|bad_network_preference|bad_wifi_calling|break_apn_mms_setting|break_app_sms_permission|data_mode_off|unseat_sim_card|user_abroad_roaming_enabled_off[PERSONA:None]
epsilon_exp3,90,9,32,target_post_switch,target_favoring,repair_all,repair_all,0.0,0.0,3.08553,0.0,3.16023,True,True,True,fast/deep/deep/deep/deep,fast/deep/deep/deep/deep,mostly_deep_vs_mostly_deep_required,all_stage_modes_match,True,False,[mms_issue]bad_wifi_calling|break_apn_mms_setting|break_app_storage_permission|unseat_sim_card[PERSONA:Easy]
epsilon_exp3,91,9,33,target_post_switch,target_favoring,repair_all,repair_all,0.0,0.0,3.50306,1.5,3.57326,True,True,True,fast/deep/deep/deep/deep,fast/fast/deep/deep/deep,mostly_deep_vs_mostly_deep_required,fast_on_deep_required,True,False,[mms_issue]bad_wifi_calling|break_apn_mms_setting|break_app_sms_permission|unseat_sim_card[PERSONA:None]
epsilon_exp3,92,9,34,target_post_switch,target_favoring,repair_all,repair_all,0.0,0.0,3.79718,2.0,3.86728,True,True,True,fast/deep/deep/deep/deep,deep/fast/deep/deep/deep,mostly_deep_vs_mostly_deep_required,both_mismatch_types,True,False,[mms_issue]bad_wifi_calling|break_apn_mms_setting|break_app_sms_permission|user_abroad_roaming_enabled_off[PERSONA:Easy]
epsilon_exp3,93,9,35,target_post_switch,target_favoring,repair_all,repair_all,0.0,0.0,3.67458,0.0,3.7499800000000003,True,True,True,fast/deep/deep/deep/deep,fast/deep/deep/deep/deep,mostly_deep_vs_mostly_deep_required,all_stage_modes_match,True,False,[mms_issue]airplane_mode_on|bad_wifi_calling|break_apn_mms_setting|break_app_storage_permission|user_abroad_roaming_enabled_off[PERSONA:None]
epsilon_exp3,94,9,36,target_post_switch,target_favoring,repair_all,repair_all,0.0,0.0,4.1041,0.0,4.1788,True,True,True,fast/deep/deep/deep/deep,fast/deep/deep/deep/deep,mostly_deep_vs_mostly_deep_required,all_stage_modes_match,True,False,[mms_issue]bad_wifi_calling|break_apn_mms_setting|break_app_storage_permission|data_mode_off|unseat_sim_card[PERSONA:None]
epsilon_exp3,95,9,2,target_post_switch,target_favoring,repair_all,repair_subset,10.0,5.0,3.64287,0.0,13.72117,False,True,False,fast/deep/deep/deep/deep,fast/deep/deep/deep/deep,mostly_deep_vs_mostly_deep_required,all_stage_modes_match,True,False,[mms_issue]airplane_mode_on|bad_network_preference|bad_wifi_calling|break_apn_mms_setting|break_app_storage_permission|unseat_sim_card[PERSONA:Easy]
epsilon_exp3,96,9,9,target_post_switch,target_favoring,repair_subset,repair_subset,15.0,11.0,6.21859,0.0,21.29329,False,True,False,fast/deep/deep/deep/deep,fast/deep/deep/deep/deep,mostly_deep_vs_mostly_deep_required,all_stage_modes_match,True,False,[mms_issue]airplane_mode_on|bad_network_preference|bad_wifi_calling|break_apn_mms_setting|break_app_both_permissions|data_mode_off|data_usage_exceeded|unseat_sim_card|user_abroad_roaming_disabled_on[PERSONA:Hard]
epsilon_exp3,97,9,10,target_post_switch,target_favoring,repair_subset,transfer,23.5,19.5,4.445145,3.0,28.016145,False,False,False,fast/deep/deep/deep/deep,fast/fast/fast/deep/deep,mostly_fast_vs_mostly_deep_required,fast_on_deep_required,True,False,[mms_issue]airplane_mode_on|bad_network_preference|bad_wifi_calling|break_apn_mms_setting|break_app_sms_permission|data_mode_off|data_usage_exceeded|unseat_sim_card|user_abroad_roaming_disabled_on[PERSONA:None]
epsilon_exp3,98,9,13,target_post_switch,target_favoring,repair_subset,repair_subset,6.0,2.0,3.77132,0.0,9.84672,True,False,False,fast/deep/deep/deep/deep,fast/deep/deep/deep/deep,mostly_deep_vs_mostly_deep_required,all_stage_modes_match,True,False,[mms_issue]airplane_mode_on|bad_network_preference|bad_wifi_calling|break_apn_mms_setting|break_app_both_permissions|data_mode_off|data_usage_exceeded|unseat_sim_card|user_abroad_roaming_enabled_off[PERSONA:Hard]
epsilon_exp3,99,9,16,target_post_switch,target_favoring,repair_all,repair_all,0.0,0.0,4.20301,0.0,4.27731,True,True,True,fast/deep/deep/deep/deep,fast/deep/deep/deep/deep,mostly_deep_vs_mostly_deep_required,all_stage_modes_match,True,False,[mms_issue]airplane_mode_on|bad_network_preference|bad_wifi_calling|break_apn_mms_setting|break_app_sms_permission|data_mode_off|unseat_sim_card|user_abroad_roaming_enabled_off[PERSONA:None]
