method,episode_index,repeat_index,schedule_phase,task_bucket,is_specialist_task,oracle_action,final_action,exact_match,clear_success_proxy,auxiliary_success_proxy,strict_clean_success,raw_terminal_penalty,legacy_raw_terminal_penalty,raw_reasoning_cost_component,raw_mode_mismatch_cost_component,raw_path_cost_component,raw_total_cost,terminal_adjustment_floor,terminal_adjustment_reasons,mode_mismatch_cost_enabled,mode_mismatch_report_only_enabled,reasoning_weight_calibration_enabled,actual_modes,required_modes,majority_pair,mismatch_bucket,exact_mode_match,fast_on_deep_count,deep_on_fast_count,match_count,llm_call_count,original_task_id
risky_ps_old,0,0,trap_pre_switch,trap_favoring,False,repair_all,repair_all,True,True,True,True,0.0,0.0,4.152655,1.5,0.06670000000000001,4.219355,,,False,True,True,fast/fast/deep/deep/deep,fast/fast/fast/fast/fast,mostly_deep_vs_mostly_fast_required,deep_on_fast_required,False,0,3,2,10,[mms_issue]airplane_mode_on|bad_wifi_calling|break_app_storage_permission[PERSONA:Easy]
risky_ps_old,1,0,trap_pre_switch,trap_favoring,False,repair_all,repair_all,True,True,True,True,0.0,0.0,4.28195,1.5,0.06530000000000001,4.34725,,,False,True,True,deep/fast/deep/deep/fast,fast/fast/fast/fast/fast,mostly_deep_vs_mostly_fast_required,deep_on_fast_required,False,0,3,2,12,[mms_issue]airplane_mode_on|bad_wifi_calling|break_app_sms_permission[PERSONA:None]
risky_ps_old,2,0,trap_pre_switch,trap_favoring,False,repair_all,repair_all,True,True,True,True,0.0,0.0,9.05448,1.5,0.07500000000000001,9.12948,,,False,True,True,fast/fast/deep/deep/deep,fast/fast/fast/fast/fast,mostly_deep_vs_mostly_fast_required,deep_on_fast_required,False,0,3,2,17,[mms_issue]bad_wifi_calling[PERSONA:Easy]
risky_ps_old,3,0,trap_pre_switch,trap_favoring,False,repair_all,repair_all,True,True,True,True,0.0,0.0,5.199805,2.0,0.0758,5.275605,,,False,True,True,deep/fast/deep/deep/deep,fast/fast/fast/fast/fast,mostly_deep_vs_mostly_fast_required,deep_on_fast_required,False,0,4,1,13,[mms_issue]bad_wifi_calling|break_app_storage_permission[PERSONA:Easy]
risky_ps_old,4,0,trap_pre_switch,trap_favoring,False,repair_all,repair_all,True,True,True,True,0.0,0.0,4.77803,1.5,0.06420000000000001,4.84223,,,False,True,True,deep/fast/fast/deep/deep,fast/fast/fast/fast/fast,mostly_deep_vs_mostly_fast_required,deep_on_fast_required,False,0,3,2,13,[mms_issue]bad_wifi_calling|break_app_sms_permission[PERSONA:None]
risky_ps_old,5,0,trap_pre_switch,trap_favoring,False,repair_all,repair_all,True,True,True,True,0.0,0.0,5.627025,2.0,0.0752,5.702224999999999,,,False,True,True,fast/deep/deep/deep/deep,fast/fast/fast/fast/fast,mostly_deep_vs_mostly_fast_required,deep_on_fast_required,False,0,4,1,13,[mms_issue]bad_network_preference|bad_wifi_calling|break_app_storage_permission[PERSONA:Hard]
risky_ps_old,6,0,trap_pre_switch,trap_favoring,False,repair_all,repair_all,True,True,True,True,0.0,0.0,3.55778,1.0,0.0632,3.6209800000000003,,,False,True,True,deep/fast/deep/fast/fast,fast/fast/fast/fast/fast,mostly_fast_vs_mostly_fast_required,deep_on_fast_required,False,0,2,3,12,[mms_issue]bad_wifi_calling|break_app_sms_permission|data_mode_off[PERSONA:None]
risky_ps_old,7,0,trap_pre_switch,trap_favoring,False,repair_all,repair_all,True,True,True,True,0.0,0.0,3.69833,1.0,0.0601,3.7584299999999997,,,False,True,True,fast/fast/fast/deep/deep,fast/fast/fast/fast/fast,mostly_fast_vs_mostly_fast_required,deep_on_fast_required,False,0,2,3,10,[mms_issue]bad_network_preference|bad_wifi_calling|break_app_sms_permission[PERSONA:Easy]
risky_ps_old,8,0,trap_pre_switch,trap_favoring,False,repair_all,repair_all,True,True,True,True,0.0,0.0,4.118375,1.5,0.0725,4.190875,,,False,True,True,fast/fast/deep/deep/deep,fast/fast/fast/fast/fast,mostly_deep_vs_mostly_fast_required,deep_on_fast_required,False,0,3,2,10,[mms_issue]bad_wifi_calling|break_app_storage_permission|data_mode_off[PERSONA:Easy]
risky_ps_old,9,0,trap_pre_switch,trap_favoring,False,repair_all,repair_all,True,True,True,True,0.0,0.0,4.22979,1.5,0.0731,4.3028900000000005,,,False,True,True,deep/fast/fast/deep/deep,fast/fast/fast/fast/fast,mostly_deep_vs_mostly_fast_required,deep_on_fast_required,False,0,3,2,12,[mms_issue]airplane_mode_on|bad_wifi_calling[PERSONA:Easy]
risky_ps_old,10,1,trap_pre_switch,trap_favoring,False,repair_all,repair_all,True,True,True,True,0.0,0.0,3.18026,0.5,0.05600000000000001,3.23626,,,False,True,True,deep/fast/fast/fast/fast,fast/fast/fast/fast/fast,mostly_fast_vs_mostly_fast_required,deep_on_fast_required,False,0,1,4,12,[mms_issue]airplane_mode_on|bad_wifi_calling|break_app_storage_permission[PERSONA:Easy]
risky_ps_old,11,1,trap_pre_switch,trap_favoring,False,repair_all,repair_all,True,True,True,True,0.0,0.0,4.68601,2.0,0.07750000000000001,4.763509999999999,,,False,True,True,fast/deep/deep/deep/deep,fast/fast/fast/fast/fast,mostly_deep_vs_mostly_fast_required,deep_on_fast_required,False,0,4,1,11,[mms_issue]airplane_mode_on|bad_wifi_calling|break_app_sms_permission[PERSONA:None]
risky_ps_old,12,1,trap_pre_switch,trap_favoring,False,repair_all,repair_all,True,True,True,True,0.0,0.0,2.329735,0.5,0.0641,2.3938349999999997,,,False,True,True,fast/fast/fast/fast/deep,fast/fast/fast/fast/fast,mostly_fast_vs_mostly_fast_required,deep_on_fast_required,False,0,1,4,9,[mms_issue]bad_wifi_calling[PERSONA:Easy]
risky_ps_old,13,1,trap_pre_switch,trap_favoring,False,repair_all,repair_all,True,True,True,True,0.0,0.0,4.449755,1.5,0.0704,4.520155,,,False,True,True,fast/fast/deep/deep/deep,fast/fast/fast/fast/fast,mostly_deep_vs_mostly_fast_required,deep_on_fast_required,False,0,3,2,11,[mms_issue]bad_wifi_calling|break_app_storage_permission[PERSONA:Easy]
risky_ps_old,14,1,trap_pre_switch,trap_favoring,False,repair_all,repair_all,True,True,True,True,0.0,0.0,4.4436,1.5,0.06830000000000001,4.5119,,,False,True,True,fast/fast/deep/deep/deep,fast/fast/fast/fast/fast,mostly_deep_vs_mostly_fast_required,deep_on_fast_required,False,0,3,2,11,[mms_issue]bad_wifi_calling|break_app_sms_permission[PERSONA:None]
risky_ps_old,15,1,trap_pre_switch,trap_favoring,False,repair_all,repair_all,True,True,True,True,0.0,0.0,6.008875,2.5,0.07600000000000001,6.084874999999999,,,False,True,True,deep/deep/deep/deep/deep,fast/fast/fast/fast/fast,mostly_deep_vs_mostly_fast_required,deep_on_fast_required,False,0,5,0,14,[mms_issue]bad_network_preference|bad_wifi_calling|break_app_storage_permission[PERSONA:Hard]
risky_ps_old,16,1,trap_pre_switch,trap_favoring,False,repair_all,repair_all,True,True,True,True,0.0,0.0,4.97837,2.0,0.0742,5.05257,,,False,True,True,fast/deep/deep/deep/deep,fast/fast/fast/fast/fast,mostly_deep_vs_mostly_fast_required,deep_on_fast_required,False,0,4,1,12,[mms_issue]bad_wifi_calling|break_app_sms_permission|data_mode_off[PERSONA:None]
risky_ps_old,17,1,trap_pre_switch,trap_favoring,False,repair_all,repair_all,True,True,True,True,0.0,0.0,3.70383,1.0,0.0661,3.76993,,,False,True,True,fast/fast/fast/deep/deep,fast/fast/fast/fast/fast,mostly_fast_vs_mostly_fast_required,deep_on_fast_required,False,0,2,3,10,[mms_issue]bad_network_preference|bad_wifi_calling|break_app_sms_permission[PERSONA:Easy]
risky_ps_old,18,1,trap_pre_switch,trap_favoring,False,repair_all,repair_all,True,True,True,True,0.0,0.0,5.3955,2.5,0.07790000000000001,5.4734,,,False,True,True,deep/deep/deep/deep/deep,fast/fast/fast/fast/fast,mostly_deep_vs_mostly_fast_required,deep_on_fast_required,False,0,5,0,13,[mms_issue]bad_wifi_calling|break_app_storage_permission|data_mode_off[PERSONA:Easy]
risky_ps_old,19,1,trap_pre_switch,trap_favoring,False,repair_all,repair_all,True,True,True,True,0.0,0.0,12.612805,2.0,0.0682,12.681004999999999,,,False,True,True,deep/fast/deep/deep/deep,fast/fast/fast/fast/fast,mostly_deep_vs_mostly_fast_required,deep_on_fast_required,False,0,4,1,23,[mms_issue]airplane_mode_on|bad_wifi_calling[PERSONA:Easy]
risky_ps_old,20,2,trap_pre_switch,trap_favoring,False,repair_all,repair_all,True,True,True,True,0.0,0.0,3.780105,1.0,0.0608,3.840905,,,False,True,True,deep/fast/fast/fast/deep,fast/fast/fast/fast/fast,mostly_fast_vs_mostly_fast_required,deep_on_fast_required,False,0,2,3,12,[mms_issue]airplane_mode_on|bad_wifi_calling|break_app_storage_permission[PERSONA:Easy]
risky_ps_old,21,2,trap_pre_switch,trap_favoring,False,repair_all,repair_all,True,True,True,True,0.0,0.0,3.140495,0.5,0.0671,3.207595,,,False,True,True,fast/fast/fast/deep/fast,fast/fast/fast/fast/fast,mostly_fast_vs_mostly_fast_required,deep_on_fast_required,False,0,1,4,10,[mms_issue]airplane_mode_on|bad_wifi_calling|break_app_sms_permission[PERSONA:None]
risky_ps_old,22,2,trap_pre_switch,trap_favoring,False,repair_all,repair_all,True,True,True,True,0.0,0.0,7.82107,1.5,0.06380000000000001,7.884869999999999,,,False,True,True,fast/deep/fast/deep/deep,fast/fast/fast/fast/fast,mostly_deep_vs_mostly_fast_required,deep_on_fast_required,False,0,3,2,17,[mms_issue]bad_wifi_calling[PERSONA:Easy]
risky_ps_old,23,2,trap_pre_switch,trap_favoring,False,repair_all,repair_all,True,True,True,True,0.0,0.0,4.18064,1.5,0.06480000000000001,4.24544,,,False,True,True,fast/deep/deep/deep/fast,fast/fast/fast/fast/fast,mostly_deep_vs_mostly_fast_required,deep_on_fast_required,False,0,3,2,12,[mms_issue]bad_wifi_calling|break_app_storage_permission[PERSONA:Easy]
risky_ps_old,24,2,trap_pre_switch,trap_favoring,False,repair_all,repair_all,True,True,True,True,0.0,0.0,3.876775,1.5,0.0717,3.9484749999999997,,,False,True,True,fast/deep/deep/deep/fast,fast/fast/fast/fast/fast,mostly_deep_vs_mostly_fast_required,deep_on_fast_required,False,0,3,2,11,[mms_issue]bad_wifi_calling|break_app_sms_permission[PERSONA:None]
risky_ps_old,25,2,target_post_switch,target_favoring,False,repair_all,repair_subset,False,False,True,False,10.0,5.0,4.02409,0.0,0.0752,14.09929,10.0,subset_mismatch_base_plus_linear;local_clear_failure_floor_10,False,True,True,fast/deep/deep/deep/deep,fast/deep/deep/deep/deep,mostly_deep_vs_mostly_deep_required,all_stage_modes_match,True,0,0,5,13,[mms_issue]airplane_mode_on|bad_network_preference|bad_wifi_calling|break_apn_mms_setting|break_app_storage_permission|unseat_sim_card[PERSONA:Easy]
risky_ps_old,26,2,target_post_switch,target_favoring,True,repair_subset,repair_subset,False,False,False,False,12.0,3.0,3.99664,1.5,0.0742,16.07084,12.0,subset_mismatch_base_plus_linear;local_clear_failure_floor_10;local_clear_and_aux_failure_floor_12,False,True,True,fast/fast/deep/deep/deep,fast/deep/deep/deep/deep,mostly_deep_vs_mostly_deep_required,fast_on_deep_required,False,1,0,4,11,[mms_issue]airplane_mode_on|bad_network_preference|bad_wifi_calling|break_apn_mms_setting|break_app_both_permissions|data_mode_off|data_usage_exceeded|unseat_sim_card|user_abroad_roaming_disabled_on[PERSONA:Hard]
risky_ps_old,27,2,target_post_switch,target_favoring,True,repair_subset,transfer,False,False,False,False,22.5,18.5,4.82969,0.5,0.0753,27.404989999999998,18.0,subset_mismatch_base_plus_linear;local_clear_failure_floor_10;local_clear_and_aux_failure_floor_12;invalid_local_transfer_floor_18,False,True,True,deep/deep/deep/deep/deep,fast/deep/deep/deep/deep,mostly_deep_vs_mostly_deep_required,deep_on_fast_required,False,0,1,4,15,[mms_issue]airplane_mode_on|bad_network_preference|bad_wifi_calling|break_apn_mms_setting|break_app_sms_permission|data_mode_off|data_usage_exceeded|unseat_sim_card|user_abroad_roaming_disabled_on[PERSONA:None]
risky_ps_old,28,2,target_post_switch,target_favoring,True,repair_subset,repair_subset,False,False,False,False,17.0,13.0,4.39355,0.0,0.06470000000000001,21.45825,12.0,subset_mismatch_base_plus_linear;local_clear_failure_floor_10;local_clear_and_aux_failure_floor_12,False,True,True,fast/deep/deep/deep/deep,fast/deep/deep/deep/deep,mostly_deep_vs_mostly_deep_required,all_stage_modes_match,True,0,0,5,13,[mms_issue]airplane_mode_on|bad_network_preference|bad_wifi_calling|break_apn_mms_setting|break_app_both_permissions|data_mode_off|data_usage_exceeded|unseat_sim_card|user_abroad_roaming_enabled_off[PERSONA:Hard]
risky_ps_old,29,2,target_post_switch,target_favoring,True,repair_all,repair_all,True,True,True,True,0.0,0.0,4.03529,0.0,0.0675,4.10279,,,False,True,True,fast/deep/deep/deep/deep,fast/deep/deep/deep/deep,mostly_deep_vs_mostly_deep_required,all_stage_modes_match,True,0,0,5,12,[mms_issue]airplane_mode_on|bad_network_preference|bad_wifi_calling|break_apn_mms_setting|break_app_sms_permission|data_mode_off|unseat_sim_card|user_abroad_roaming_enabled_off[PERSONA:None]
risky_ps_old,30,3,target_post_switch,target_favoring,False,repair_all,repair_all,True,True,True,True,0.0,0.0,4.63153,3.0,0.06949999999999999,4.701029999999999,,,False,True,True,fast/deep/fast/fast/deep,fast/deep/deep/deep/deep,mostly_fast_vs_mostly_deep_required,fast_on_deep_required,False,2,0,3,12,[mms_issue]bad_wifi_calling|break_apn_mms_setting|break_app_storage_permission|unseat_sim_card[PERSONA:Easy]
risky_ps_old,31,3,target_post_switch,target_favoring,False,repair_all,transfer,False,False,True,False,18.0,10.5,3.06061,0.0,0.07410000000000001,21.134710000000002,18.0,subset_mismatch_base_plus_linear;local_clear_failure_floor_10;invalid_local_transfer_floor_18,False,True,True,fast/deep/deep/deep/deep,fast/deep/deep/deep/deep,mostly_deep_vs_mostly_deep_required,all_stage_modes_match,True,0,0,5,12,[mms_issue]bad_wifi_calling|break_apn_mms_setting|break_app_sms_permission|unseat_sim_card[PERSONA:None]
risky_ps_old,32,3,target_post_switch,target_favoring,False,repair_all,repair_all,True,True,True,True,0.0,0.0,3.7927,2.0,0.0721,3.8648,,,False,True,True,deep/fast/deep/deep/deep,fast/deep/deep/deep/deep,mostly_deep_vs_mostly_deep_required,both_mismatch_types,False,1,1,3,12,[mms_issue]bad_wifi_calling|break_apn_mms_setting|break_app_sms_permission|user_abroad_roaming_enabled_off[PERSONA:Easy]
risky_ps_old,33,3,target_post_switch,target_favoring,False,repair_all,repair_all,True,True,True,True,0.0,0.0,3.78937,1.5,0.0685,3.85787,,,False,True,True,fast/fast/deep/deep/deep,fast/deep/deep/deep/deep,mostly_deep_vs_mostly_deep_required,fast_on_deep_required,False,1,0,4,12,[mms_issue]airplane_mode_on|bad_wifi_calling|break_apn_mms_setting|break_app_storage_permission|user_abroad_roaming_enabled_off[PERSONA:None]
risky_ps_old,34,3,target_post_switch,target_favoring,False,repair_all,repair_all,True,True,True,True,0.0,0.0,4.13438,1.5,0.08000000000000002,4.21438,,,False,True,True,fast/deep/fast/deep/deep,fast/deep/deep/deep/deep,mostly_deep_vs_mostly_deep_required,fast_on_deep_required,False,1,0,4,13,[mms_issue]bad_wifi_calling|break_apn_mms_setting|break_app_storage_permission|data_mode_off|unseat_sim_card[PERSONA:None]
risky_ps_old,35,3,target_post_switch,target_favoring,False,repair_all,repair_all,True,True,True,True,0.0,0.0,4.07835,2.0,0.0721,4.15045,,,False,True,True,deep/fast/deep/deep/deep,fast/deep/deep/deep/deep,mostly_deep_vs_mostly_deep_required,both_mismatch_types,False,1,1,3,12,[mms_issue]airplane_mode_on|bad_network_preference|bad_wifi_calling|break_apn_mms_setting|break_app_storage_permission|unseat_sim_card[PERSONA:Easy]
risky_ps_old,36,3,target_post_switch,target_favoring,True,repair_subset,repair_subset,False,False,False,False,17.0,13.0,5.285295,3.5,0.0671,22.352395,12.0,subset_mismatch_base_plus_linear;local_clear_failure_floor_10;local_clear_and_aux_failure_floor_12,False,True,True,deep/fast/fast/deep/deep,fast/deep/deep/deep/deep,mostly_deep_vs_mostly_deep_required,both_mismatch_types,False,2,1,2,13,[mms_issue]airplane_mode_on|bad_network_preference|bad_wifi_calling|break_apn_mms_setting|break_app_both_permissions|data_mode_off|data_usage_exceeded|unseat_sim_card|user_abroad_roaming_disabled_on[PERSONA:Hard]
risky_ps_old,37,3,target_post_switch,target_favoring,True,repair_subset,repair_subset,False,False,False,False,12.0,3.0,4.66855,2.0,0.06520000000000001,16.73375,12.0,subset_mismatch_base_plus_linear;local_clear_failure_floor_10;local_clear_and_aux_failure_floor_12,False,True,True,deep/fast/deep/deep/deep,fast/deep/deep/deep/deep,mostly_deep_vs_mostly_deep_required,both_mismatch_types,False,1,1,3,13,[mms_issue]airplane_mode_on|bad_network_preference|bad_wifi_calling|break_apn_mms_setting|break_app_sms_permission|data_mode_off|data_usage_exceeded|unseat_sim_card|user_abroad_roaming_disabled_on[PERSONA:None]
risky_ps_old,38,3,target_post_switch,target_favoring,True,repair_subset,repair_subset,True,True,False,False,6.0,2.0,4.49476,0.5,0.07750000000000001,10.57226,6.0,clear_but_aux_failure_floor_6,False,True,True,deep/deep/deep/deep/deep,fast/deep/deep/deep/deep,mostly_deep_vs_mostly_deep_required,deep_on_fast_required,False,0,1,4,14,[mms_issue]airplane_mode_on|bad_network_preference|bad_wifi_calling|break_apn_mms_setting|break_app_both_permissions|data_mode_off|data_usage_exceeded|unseat_sim_card|user_abroad_roaming_enabled_off[PERSONA:Hard]
risky_ps_old,39,3,target_post_switch,target_favoring,True,repair_all,transfer,False,False,True,False,22.5,18.5,4.47762,0.0,0.07900000000000001,27.056620000000002,18.0,subset_mismatch_base_plus_linear;local_clear_failure_floor_10;invalid_local_transfer_floor_18,False,True,True,fast/deep/deep/deep/deep,fast/deep/deep/deep/deep,mostly_deep_vs_mostly_deep_required,all_stage_modes_match,True,0,0,5,14,[mms_issue]airplane_mode_on|bad_network_preference|bad_wifi_calling|break_apn_mms_setting|break_app_sms_permission|data_mode_off|unseat_sim_card|user_abroad_roaming_enabled_off[PERSONA:None]
risky_ps_old,40,4,target_post_switch,target_favoring,False,repair_all,repair_all,True,True,True,True,0.0,0.0,4.368125,1.5,0.0723,4.440425,,,False,True,True,fast/deep/deep/deep/fast,fast/deep/deep/deep/deep,mostly_deep_vs_mostly_deep_required,fast_on_deep_required,False,1,0,4,13,[mms_issue]bad_wifi_calling|break_apn_mms_setting|break_app_storage_permission|unseat_sim_card[PERSONA:Easy]
risky_ps_old,41,4,target_post_switch,target_favoring,False,repair_all,repair_all,True,True,True,True,0.0,0.0,4.64169,3.0,0.06830000000000001,4.7099899999999995,,,False,True,True,fast/deep/fast/fast/deep,fast/deep/deep/deep/deep,mostly_fast_vs_mostly_deep_required,fast_on_deep_required,False,2,0,3,12,[mms_issue]bad_wifi_calling|break_apn_mms_setting|break_app_sms_permission|unseat_sim_card[PERSONA:None]
risky_ps_old,42,4,target_post_switch,target_favoring,False,repair_all,repair_all,True,True,True,True,0.0,0.0,4.23853,2.0,0.06910000000000001,4.30763,,,False,True,True,deep/fast/deep/deep/deep,fast/deep/deep/deep/deep,mostly_deep_vs_mostly_deep_required,both_mismatch_types,False,1,1,3,13,[mms_issue]bad_wifi_calling|break_apn_mms_setting|break_app_sms_permission|user_abroad_roaming_enabled_off[PERSONA:Easy]
risky_ps_old,43,4,target_post_switch,target_favoring,False,repair_all,repair_all,True,True,True,True,0.0,0.0,4.27678,1.5,0.0725,4.349279999999999,,,False,True,True,fast/fast/deep/deep/deep,fast/deep/deep/deep/deep,mostly_deep_vs_mostly_deep_required,fast_on_deep_required,False,1,0,4,13,[mms_issue]airplane_mode_on|bad_wifi_calling|break_apn_mms_setting|break_app_storage_permission|user_abroad_roaming_enabled_off[PERSONA:None]
risky_ps_old,44,4,target_post_switch,target_favoring,False,repair_all,repair_all,True,True,True,True,0.0,0.0,4.304385,3.0,0.0706,4.374985,,,False,True,True,fast/fast/deep/fast/deep,fast/deep/deep/deep/deep,mostly_fast_vs_mostly_deep_required,fast_on_deep_required,False,2,0,3,10,[mms_issue]bad_wifi_calling|break_apn_mms_setting|break_app_storage_permission|data_mode_off|unseat_sim_card[PERSONA:None]
risky_ps_old,45,4,target_post_switch,target_favoring,False,repair_all,repair_subset,False,False,True,False,10.0,5.0,3.66079,0.0,0.0828,13.743590000000001,10.0,subset_mismatch_base_plus_linear;local_clear_failure_floor_10,False,True,True,fast/deep/deep/deep/deep,fast/deep/deep/deep/deep,mostly_deep_vs_mostly_deep_required,all_stage_modes_match,True,0,0,5,12,[mms_issue]airplane_mode_on|bad_network_preference|bad_wifi_calling|break_apn_mms_setting|break_app_storage_permission|unseat_sim_card[PERSONA:Easy]
risky_ps_old,46,4,target_post_switch,target_favoring,True,repair_subset,repair_subset,False,False,False,False,17.0,13.0,4.00098,1.5,0.061700000000000005,21.06268,12.0,subset_mismatch_base_plus_linear;local_clear_failure_floor_10;local_clear_and_aux_failure_floor_12,False,True,True,fast/fast/deep/deep/deep,fast/deep/deep/deep/deep,mostly_deep_vs_mostly_deep_required,fast_on_deep_required,False,1,0,4,11,[mms_issue]airplane_mode_on|bad_network_preference|bad_wifi_calling|break_apn_mms_setting|break_app_both_permissions|data_mode_off|data_usage_exceeded|unseat_sim_card|user_abroad_roaming_disabled_on[PERSONA:Hard]
risky_ps_old,47,4,target_post_switch,target_favoring,True,repair_subset,transfer,False,False,False,False,23.5,19.5,3.91321,1.5,0.0718,27.48501,18.0,subset_mismatch_base_plus_linear;local_clear_failure_floor_10;local_clear_and_aux_failure_floor_12;invalid_local_transfer_floor_18,False,True,True,fast/fast/deep/deep/deep,fast/deep/deep/deep/deep,mostly_deep_vs_mostly_deep_required,fast_on_deep_required,False,1,0,4,11,[mms_issue]airplane_mode_on|bad_network_preference|bad_wifi_calling|break_apn_mms_setting|break_app_sms_permission|data_mode_off|data_usage_exceeded|unseat_sim_card|user_abroad_roaming_disabled_on[PERSONA:None]
risky_ps_old,48,4,target_post_switch,target_favoring,True,repair_subset,repair_subset,True,True,False,False,6.0,2.0,4.5166,0.5,0.07650000000000001,10.5931,6.0,clear_but_aux_failure_floor_6,False,True,True,deep/deep/deep/deep/deep,fast/deep/deep/deep/deep,mostly_deep_vs_mostly_deep_required,deep_on_fast_required,False,0,1,4,14,[mms_issue]airplane_mode_on|bad_network_preference|bad_wifi_calling|break_apn_mms_setting|break_app_both_permissions|data_mode_off|data_usage_exceeded|unseat_sim_card|user_abroad_roaming_enabled_off[PERSONA:Hard]
risky_ps_old,49,4,target_post_switch,target_favoring,True,repair_all,repair_subset,False,False,True,False,15.0,11.0,4.915035,3.0,0.0661,19.981135000000002,14.0,subset_mismatch_base_plus_linear;local_clear_failure_floor_10;fast_path_on_deep_required_clear_failure_floor_14,False,True,True,fast/fast/fast/deep/deep,fast/deep/deep/deep/deep,mostly_fast_vs_mostly_deep_required,fast_on_deep_required,False,2,0,3,12,[mms_issue]airplane_mode_on|bad_network_preference|bad_wifi_calling|break_apn_mms_setting|break_app_sms_permission|data_mode_off|unseat_sim_card|user_abroad_roaming_enabled_off[PERSONA:None]
risky_ps_old,50,5,target_post_switch,target_favoring,False,repair_all,repair_all,True,True,True,True,0.0,0.0,3.76694,2.0,0.0741,3.84104,,,False,True,True,deep/fast/deep/deep/deep,fast/deep/deep/deep/deep,mostly_deep_vs_mostly_deep_required,both_mismatch_types,False,1,1,3,12,[mms_issue]bad_wifi_calling|break_apn_mms_setting|break_app_storage_permission|unseat_sim_card[PERSONA:Easy]
risky_ps_old,51,5,target_post_switch,target_favoring,False,repair_all,repair_all,True,True,True,True,0.0,0.0,3.51813,0.0,0.0757,3.59383,,,False,True,True,fast/deep/deep/deep/deep,fast/deep/deep/deep/deep,mostly_deep_vs_mostly_deep_required,all_stage_modes_match,True,0,0,5,13,[mms_issue]bad_wifi_calling|break_apn_mms_setting|break_app_sms_permission|unseat_sim_card[PERSONA:None]
risky_ps_old,52,5,target_post_switch,target_favoring,False,repair_all,repair_all,True,True,True,True,0.0,0.0,4.88853,3.0,0.0716,4.96013,,,False,True,True,fast/deep/deep/fast/fast,fast/deep/deep/deep/deep,mostly_fast_vs_mostly_deep_required,fast_on_deep_required,False,2,0,3,11,[mms_issue]bad_wifi_calling|break_apn_mms_setting|break_app_sms_permission|user_abroad_roaming_enabled_off[PERSONA:Easy]
risky_ps_old,53,5,target_post_switch,target_favoring,False,repair_all,repair_subset,False,False,True,False,10.0,5.0,4.84595,0.5,0.07600000000000001,14.92195,10.0,subset_mismatch_base_plus_linear;local_clear_failure_floor_10,False,True,True,deep/deep/deep/deep/deep,fast/deep/deep/deep/deep,mostly_deep_vs_mostly_deep_required,deep_on_fast_required,False,0,1,4,16,[mms_issue]airplane_mode_on|bad_wifi_calling|break_apn_mms_setting|break_app_storage_permission|user_abroad_roaming_enabled_off[PERSONA:None]
risky_ps_old,54,5,target_post_switch,target_favoring,False,repair_all,repair_all,True,True,True,True,0.0,0.0,4.6595,3.0,0.06699999999999999,4.726500000000001,,,False,True,True,fast/fast/deep/deep/fast,fast/deep/deep/deep/deep,mostly_fast_vs_mostly_deep_required,fast_on_deep_required,False,2,0,3,11,[mms_issue]bad_wifi_calling|break_apn_mms_setting|break_app_storage_permission|data_mode_off|unseat_sim_card[PERSONA:None]
risky_ps_old,55,5,target_post_switch,target_favoring,False,repair_all,repair_all,True,True,True,True,0.0,0.0,5.13716,3.0,0.0684,5.205559999999999,,,False,True,True,fast/fast/fast/deep/deep,fast/deep/deep/deep/deep,mostly_fast_vs_mostly_deep_required,fast_on_deep_required,False,2,0,3,13,[mms_issue]airplane_mode_on|bad_network_preference|bad_wifi_calling|break_apn_mms_setting|break_app_storage_permission|unseat_sim_card[PERSONA:Easy]
risky_ps_old,56,5,target_post_switch,target_favoring,True,repair_subset,repair_subset,False,False,False,False,17.0,13.0,4.872505,3.5,0.0708,21.943305,12.0,subset_mismatch_base_plus_linear;local_clear_failure_floor_10;local_clear_and_aux_failure_floor_12,False,True,True,deep/fast/fast/deep/deep,fast/deep/deep/deep/deep,mostly_deep_vs_mostly_deep_required,both_mismatch_types,False,2,1,2,12,[mms_issue]airplane_mode_on|bad_network_preference|bad_wifi_calling|break_apn_mms_setting|break_app_both_permissions|data_mode_off|data_usage_exceeded|unseat_sim_card|user_abroad_roaming_disabled_on[PERSONA:Hard]
risky_ps_old,57,5,target_post_switch,target_favoring,True,repair_subset,repair_subset,False,False,True,False,11.0,7.0,4.23213,0.0,0.0799,15.31203,10.0,subset_mismatch_base_plus_linear;local_clear_failure_floor_10,False,True,True,fast/deep/deep/deep/deep,fast/deep/deep/deep/deep,mostly_deep_vs_mostly_deep_required,all_stage_modes_match,True,0,0,5,13,[mms_issue]airplane_mode_on|bad_network_preference|bad_wifi_calling|break_apn_mms_setting|break_app_sms_permission|data_mode_off|data_usage_exceeded|unseat_sim_card|user_abroad_roaming_disabled_on[PERSONA:None]
risky_ps_old,58,5,target_post_switch,target_favoring,True,repair_subset,repair_subset,False,False,False,False,17.0,13.0,5.25684,2.0,0.06770000000000001,22.32454,12.0,subset_mismatch_base_plus_linear;local_clear_failure_floor_10;local_clear_and_aux_failure_floor_12,False,True,True,deep/fast/deep/deep/deep,fast/deep/deep/deep/deep,mostly_deep_vs_mostly_deep_required,both_mismatch_types,False,1,1,3,14,[mms_issue]airplane_mode_on|bad_network_preference|bad_wifi_calling|break_apn_mms_setting|break_app_both_permissions|data_mode_off|data_usage_exceeded|unseat_sim_card|user_abroad_roaming_enabled_off[PERSONA:Hard]
risky_ps_old,59,5,target_post_switch,target_favoring,True,repair_all,repair_subset,False,False,False,False,14.0,5.0,5.32671,4.5,0.06430000000000001,19.39101,14.0,subset_mismatch_base_plus_linear;local_clear_failure_floor_10;local_clear_and_aux_failure_floor_12;fast_path_on_deep_required_clear_failure_floor_14,False,True,True,fast/fast/fast/fast/deep,fast/deep/deep/deep/deep,mostly_fast_vs_mostly_deep_required,fast_on_deep_required,False,3,0,2,10,[mms_issue]airplane_mode_on|bad_network_preference|bad_wifi_calling|break_apn_mms_setting|break_app_sms_permission|data_mode_off|unseat_sim_card|user_abroad_roaming_enabled_off[PERSONA:None]
risky_ps_old,60,6,target_post_switch,target_favoring,False,repair_all,repair_all,True,True,True,True,0.0,0.0,3.80459,0.5,0.07600000000000001,3.88059,,,False,True,True,deep/deep/deep/deep/deep,fast/deep/deep/deep/deep,mostly_deep_vs_mostly_deep_required,deep_on_fast_required,False,0,1,4,14,[mms_issue]bad_wifi_calling|break_apn_mms_setting|break_app_storage_permission|unseat_sim_card[PERSONA:Easy]
risky_ps_old,61,6,target_post_switch,target_favoring,False,repair_all,repair_all,True,True,True,True,0.0,0.0,3.07335,0.0,0.07869999999999999,3.15205,,,False,True,True,fast/deep/deep/deep/deep,fast/deep/deep/deep/deep,mostly_deep_vs_mostly_deep_required,all_stage_modes_match,True,0,0,5,12,[mms_issue]bad_wifi_calling|break_apn_mms_setting|break_app_sms_permission|unseat_sim_card[PERSONA:None]
risky_ps_old,62,6,target_post_switch,target_favoring,False,repair_all,repair_all,True,True,True,True,0.0,0.0,3.530705,1.5,0.0699,3.6006050000000003,,,False,True,True,fast/deep/fast/deep/deep,fast/deep/deep/deep/deep,mostly_deep_vs_mostly_deep_required,fast_on_deep_required,False,1,0,4,12,[mms_issue]bad_wifi_calling|break_apn_mms_setting|break_app_sms_permission|user_abroad_roaming_enabled_off[PERSONA:Easy]
risky_ps_old,63,6,target_post_switch,target_favoring,False,repair_all,repair_all,True,True,True,True,0.0,0.0,3.44113,0.0,0.0758,3.51693,,,False,True,True,fast/deep/deep/deep/deep,fast/deep/deep/deep/deep,mostly_deep_vs_mostly_deep_required,all_stage_modes_match,True,0,0,5,12,[mms_issue]airplane_mode_on|bad_wifi_calling|break_apn_mms_setting|break_app_storage_permission|user_abroad_roaming_enabled_off[PERSONA:None]
risky_ps_old,64,6,target_post_switch,target_favoring,False,repair_all,repair_all,True,True,True,True,0.0,0.0,3.95253,0.5,0.07790000000000001,4.03043,,,False,True,True,deep/deep/deep/deep/deep,fast/deep/deep/deep/deep,mostly_deep_vs_mostly_deep_required,deep_on_fast_required,False,0,1,4,14,[mms_issue]bad_wifi_calling|break_apn_mms_setting|break_app_storage_permission|data_mode_off|unseat_sim_card[PERSONA:None]
risky_ps_old,65,6,target_post_switch,target_favoring,False,repair_all,repair_all,True,True,True,True,0.0,0.0,4.05847,2.0,0.0758,4.13427,,,False,True,True,deep/fast/deep/deep/deep,fast/deep/deep/deep/deep,mostly_deep_vs_mostly_deep_required,both_mismatch_types,False,1,1,3,12,[mms_issue]airplane_mode_on|bad_network_preference|bad_wifi_calling|break_apn_mms_setting|break_app_storage_permission|unseat_sim_card[PERSONA:Easy]
risky_ps_old,66,6,target_post_switch,target_favoring,True,repair_subset,transfer,False,False,False,False,22.5,18.5,5.27745,3.0,0.06480000000000001,27.84225,18.0,subset_mismatch_base_plus_linear;local_clear_failure_floor_10;local_clear_and_aux_failure_floor_12;fast_path_on_deep_required_clear_failure_floor_14;invalid_local_transfer_floor_18,False,True,True,fast/deep/fast/deep/fast,fast/deep/deep/deep/deep,mostly_fast_vs_mostly_deep_required,fast_on_deep_required,False,2,0,3,12,[mms_issue]airplane_mode_on|bad_network_preference|bad_wifi_calling|break_apn_mms_setting|break_app_both_permissions|data_mode_off|data_usage_exceeded|unseat_sim_card|user_abroad_roaming_disabled_on[PERSONA:Hard]
risky_ps_old,67,6,target_post_switch,target_favoring,True,repair_subset,transfer,False,False,False,False,23.5,19.5,4.60828,2.0,0.0671,28.17538,18.0,subset_mismatch_base_plus_linear;local_clear_failure_floor_10;local_clear_and_aux_failure_floor_12;invalid_local_transfer_floor_18,False,True,True,deep/fast/deep/deep/deep,fast/deep/deep/deep/deep,mostly_deep_vs_mostly_deep_required,both_mismatch_types,False,1,1,3,13,[mms_issue]airplane_mode_on|bad_network_preference|bad_wifi_calling|break_apn_mms_setting|break_app_sms_permission|data_mode_off|data_usage_exceeded|unseat_sim_card|user_abroad_roaming_disabled_on[PERSONA:None]
risky_ps_old,68,6,target_post_switch,target_favoring,True,repair_subset,repair_subset,False,False,False,False,17.0,13.0,4.5264,1.5,0.0671,21.5935,12.0,subset_mismatch_base_plus_linear;local_clear_failure_floor_10;local_clear_and_aux_failure_floor_12,False,True,True,fast/fast/deep/deep/deep,fast/deep/deep/deep/deep,mostly_deep_vs_mostly_deep_required,fast_on_deep_required,False,1,0,4,12,[mms_issue]airplane_mode_on|bad_network_preference|bad_wifi_calling|break_apn_mms_setting|break_app_both_permissions|data_mode_off|data_usage_exceeded|unseat_sim_card|user_abroad_roaming_enabled_off[PERSONA:Hard]
risky_ps_old,69,6,target_post_switch,target_favoring,True,repair_all,repair_all,True,True,True,True,0.0,0.0,4.31499,2.0,0.0679,4.38289,,,False,True,True,deep/fast/deep/deep/deep,fast/deep/deep/deep/deep,mostly_deep_vs_mostly_deep_required,both_mismatch_types,False,1,1,3,12,[mms_issue]airplane_mode_on|bad_network_preference|bad_wifi_calling|break_apn_mms_setting|break_app_sms_permission|data_mode_off|unseat_sim_card|user_abroad_roaming_enabled_off[PERSONA:None]
risky_ps_old,70,7,target_post_switch,target_favoring,False,repair_all,repair_all,True,True,True,True,0.0,0.0,3.32423,0.0,0.0751,3.39933,,,False,True,True,fast/deep/deep/deep/deep,fast/deep/deep/deep/deep,mostly_deep_vs_mostly_deep_required,all_stage_modes_match,True,0,0,5,12,[mms_issue]bad_wifi_calling|break_apn_mms_setting|break_app_storage_permission|unseat_sim_card[PERSONA:Easy]
risky_ps_old,71,7,target_post_switch,target_favoring,False,repair_all,transfer,False,False,True,False,18.0,10.5,2.99969,1.5,0.07310000000000001,21.07279,18.0,subset_mismatch_base_plus_linear;local_clear_failure_floor_10;invalid_local_transfer_floor_18,False,True,True,fast/fast/deep/deep/deep,fast/deep/deep/deep/deep,mostly_deep_vs_mostly_deep_required,fast_on_deep_required,False,1,0,4,10,[mms_issue]bad_wifi_calling|break_apn_mms_setting|break_app_sms_permission|unseat_sim_card[PERSONA:None]
risky_ps_old,72,7,target_post_switch,target_favoring,False,repair_all,repair_all,True,True,True,True,0.0,0.0,3.69035,0.5,0.07750000000000001,3.76785,,,False,True,True,deep/deep/deep/deep/deep,fast/deep/deep/deep/deep,mostly_deep_vs_mostly_deep_required,deep_on_fast_required,False,0,1,4,13,[mms_issue]bad_wifi_calling|break_apn_mms_setting|break_app_sms_permission|user_abroad_roaming_enabled_off[PERSONA:Easy]
risky_ps_old,73,7,target_post_switch,target_favoring,False,repair_all,repair_all,True,True,True,True,0.0,0.0,4.40774,2.0,0.0741,4.48184,,,False,True,True,deep/fast/deep/deep/deep,fast/deep/deep/deep/deep,mostly_deep_vs_mostly_deep_required,both_mismatch_types,False,1,1,3,13,[mms_issue]airplane_mode_on|bad_wifi_calling|break_apn_mms_setting|break_app_storage_permission|user_abroad_roaming_enabled_off[PERSONA:None]
risky_ps_old,74,7,target_post_switch,target_favoring,False,repair_all,repair_all,True,True,True,True,0.0,0.0,3.61354,0.0,0.072,3.68554,,,False,True,True,fast/deep/deep/deep/deep,fast/deep/deep/deep/deep,mostly_deep_vs_mostly_deep_required,all_stage_modes_match,True,0,0,5,13,[mms_issue]bad_wifi_calling|break_apn_mms_setting|break_app_storage_permission|data_mode_off|unseat_sim_card[PERSONA:None]
risky_ps_old,75,7,target_post_switch,target_favoring,False,repair_all,transfer,False,False,True,False,18.5,14.5,4.22504,0.5,0.07650000000000001,22.80154,18.0,subset_mismatch_base_plus_linear;local_clear_failure_floor_10;invalid_local_transfer_floor_18,False,True,True,deep/deep/deep/deep/deep,fast/deep/deep/deep/deep,mostly_deep_vs_mostly_deep_required,deep_on_fast_required,False,0,1,4,14,[mms_issue]airplane_mode_on|bad_network_preference|bad_wifi_calling|break_apn_mms_setting|break_app_storage_permission|unseat_sim_card[PERSONA:Easy]
risky_ps_old,76,7,target_post_switch,target_favoring,True,repair_subset,repair_subset,True,True,False,False,6.0,2.0,4.94661,0.5,0.07650000000000001,11.023109999999999,6.0,clear_but_aux_failure_floor_6,False,True,True,deep/deep/deep/deep/deep,fast/deep/deep/deep/deep,mostly_deep_vs_mostly_deep_required,deep_on_fast_required,False,0,1,4,15,[mms_issue]airplane_mode_on|bad_network_preference|bad_wifi_calling|break_apn_mms_setting|break_app_both_permissions|data_mode_off|data_usage_exceeded|unseat_sim_card|user_abroad_roaming_disabled_on[PERSONA:Hard]
risky_ps_old,77,7,target_post_switch,target_favoring,True,repair_subset,transfer,False,False,False,False,23.5,19.5,3.92161,1.5,0.0661,27.48771,18.0,subset_mismatch_base_plus_linear;local_clear_failure_floor_10;local_clear_and_aux_failure_floor_12;invalid_local_transfer_floor_18,False,True,True,fast/fast/deep/deep/deep,fast/deep/deep/deep/deep,mostly_deep_vs_mostly_deep_required,fast_on_deep_required,False,1,0,4,11,[mms_issue]airplane_mode_on|bad_network_preference|bad_wifi_calling|break_apn_mms_setting|break_app_sms_permission|data_mode_off|data_usage_exceeded|unseat_sim_card|user_abroad_roaming_disabled_on[PERSONA:None]
risky_ps_old,78,7,target_post_switch,target_favoring,True,repair_subset,repair_subset,False,False,False,False,19.0,15.0,3.61024,1.5,0.0703,22.68054,12.0,subset_mismatch_base_plus_linear;local_clear_failure_floor_10;local_clear_and_aux_failure_floor_12,False,True,True,fast/fast/deep/deep/deep,fast/deep/deep/deep/deep,mostly_deep_vs_mostly_deep_required,fast_on_deep_required,False,1,0,4,10,[mms_issue]airplane_mode_on|bad_network_preference|bad_wifi_calling|break_apn_mms_setting|break_app_both_permissions|data_mode_off|data_usage_exceeded|unseat_sim_card|user_abroad_roaming_enabled_off[PERSONA:Hard]
risky_ps_old,79,7,target_post_switch,target_favoring,True,repair_all,repair_all,True,True,True,True,0.0,0.0,3.90691,0.0,0.0786,3.9855099999999997,,,False,True,True,fast/deep/deep/deep/deep,fast/deep/deep/deep/deep,mostly_deep_vs_mostly_deep_required,all_stage_modes_match,True,0,0,5,12,[mms_issue]airplane_mode_on|bad_network_preference|bad_wifi_calling|break_apn_mms_setting|break_app_sms_permission|data_mode_off|unseat_sim_card|user_abroad_roaming_enabled_off[PERSONA:None]
risky_ps_old,80,8,target_post_switch,target_favoring,False,repair_all,repair_all,True,True,True,True,0.0,0.0,4.2197,2.0,0.0692,4.2889,,,False,True,True,deep/fast/deep/deep/deep,fast/deep/deep/deep/deep,mostly_deep_vs_mostly_deep_required,both_mismatch_types,False,1,1,3,13,[mms_issue]bad_wifi_calling|break_apn_mms_setting|break_app_storage_permission|unseat_sim_card[PERSONA:Easy]
risky_ps_old,81,8,target_post_switch,target_favoring,False,repair_all,repair_all,True,True,True,True,0.0,0.0,4.20272,2.0,0.0741,4.27682,,,False,True,True,deep/fast/deep/deep/deep,fast/deep/deep/deep/deep,mostly_deep_vs_mostly_deep_required,both_mismatch_types,False,1,1,3,13,[mms_issue]bad_wifi_calling|break_apn_mms_setting|break_app_sms_permission|unseat_sim_card[PERSONA:None]
risky_ps_old,82,8,target_post_switch,target_favoring,False,repair_all,repair_all,True,True,True,True,0.0,0.0,3.4713,0.0,0.0732,3.5444999999999998,,,False,True,True,fast/deep/deep/deep/deep,fast/deep/deep/deep/deep,mostly_deep_vs_mostly_deep_required,all_stage_modes_match,True,0,0,5,13,[mms_issue]bad_wifi_calling|break_apn_mms_setting|break_app_sms_permission|user_abroad_roaming_enabled_off[PERSONA:Easy]
risky_ps_old,83,8,target_post_switch,target_favoring,False,repair_all,repair_all,True,True,True,True,0.0,0.0,5.00757,2.0,0.0679,5.07547,,,False,True,True,deep/fast/deep/deep/deep,fast/deep/deep/deep/deep,mostly_deep_vs_mostly_deep_required,both_mismatch_types,False,1,1,3,15,[mms_issue]airplane_mode_on|bad_wifi_calling|break_apn_mms_setting|break_app_storage_permission|user_abroad_roaming_enabled_off[PERSONA:None]
risky_ps_old,84,8,target_post_switch,target_favoring,False,repair_all,repair_all,True,True,True,True,0.0,0.0,4.90003,3.5,0.06999999999999999,4.97003,,,False,True,True,deep/fast/deep/deep/fast,fast/deep/deep/deep/deep,mostly_deep_vs_mostly_deep_required,both_mismatch_types,False,2,1,2,12,[mms_issue]bad_wifi_calling|break_apn_mms_setting|break_app_storage_permission|data_mode_off|unseat_sim_card[PERSONA:None]
risky_ps_old,85,8,target_post_switch,target_favoring,False,repair_all,repair_subset,False,False,True,False,10.0,5.0,5.43793,0.5,0.07600000000000001,15.51393,10.0,subset_mismatch_base_plus_linear;local_clear_failure_floor_10,False,True,True,deep/deep/deep/deep/deep,fast/deep/deep/deep/deep,mostly_deep_vs_mostly_deep_required,deep_on_fast_required,False,0,1,4,17,[mms_issue]airplane_mode_on|bad_network_preference|bad_wifi_calling|break_apn_mms_setting|break_app_storage_permission|unseat_sim_card[PERSONA:Easy]
risky_ps_old,86,8,target_post_switch,target_favoring,True,repair_subset,transfer,False,False,False,False,22.5,18.5,4.673535,1.5,0.07550000000000001,27.249035000000003,18.0,subset_mismatch_base_plus_linear;local_clear_failure_floor_10;local_clear_and_aux_failure_floor_12;invalid_local_transfer_floor_18,False,True,True,fast/deep/fast/deep/deep,fast/deep/deep/deep/deep,mostly_deep_vs_mostly_deep_required,fast_on_deep_required,False,1,0,4,13,[mms_issue]airplane_mode_on|bad_network_preference|bad_wifi_calling|break_apn_mms_setting|break_app_both_permissions|data_mode_off|data_usage_exceeded|unseat_sim_card|user_abroad_roaming_disabled_on[PERSONA:Hard]
risky_ps_old,87,8,target_post_switch,target_favoring,True,repair_subset,repair_subset,False,False,False,False,18.0,14.0,5.284355,4.5,0.0611,23.345455,14.0,subset_mismatch_base_plus_linear;local_clear_failure_floor_10;local_clear_and_aux_failure_floor_12;fast_path_on_deep_required_clear_failure_floor_14,False,True,True,fast/deep/fast/fast/fast,fast/deep/deep/deep/deep,mostly_fast_vs_mostly_deep_required,fast_on_deep_required,False,3,0,2,11,[mms_issue]airplane_mode_on|bad_network_preference|bad_wifi_calling|break_apn_mms_setting|break_app_sms_permission|data_mode_off|data_usage_exceeded|unseat_sim_card|user_abroad_roaming_disabled_on[PERSONA:None]
risky_ps_old,88,8,target_post_switch,target_favoring,True,repair_subset,repair_subset,False,False,False,False,17.0,13.0,5.808195,3.5,0.06430000000000001,22.872495,12.0,subset_mismatch_base_plus_linear;local_clear_failure_floor_10;local_clear_and_aux_failure_floor_12,False,True,True,deep/fast/fast/deep/deep,fast/deep/deep/deep/deep,mostly_deep_vs_mostly_deep_required,both_mismatch_types,False,2,1,2,14,[mms_issue]airplane_mode_on|bad_network_preference|bad_wifi_calling|break_apn_mms_setting|break_app_both_permissions|data_mode_off|data_usage_exceeded|unseat_sim_card|user_abroad_roaming_enabled_off[PERSONA:Hard]
risky_ps_old,89,8,target_post_switch,target_favoring,True,repair_all,repair_all,True,True,True,True,0.0,0.0,3.44204,0.0,0.0751,3.51714,,,False,True,True,fast/deep/deep/deep/deep,fast/deep/deep/deep/deep,mostly_deep_vs_mostly_deep_required,all_stage_modes_match,True,0,0,5,11,[mms_issue]airplane_mode_on|bad_network_preference|bad_wifi_calling|break_apn_mms_setting|break_app_sms_permission|data_mode_off|unseat_sim_card|user_abroad_roaming_enabled_off[PERSONA:None]
risky_ps_old,90,9,target_post_switch,target_favoring,False,repair_all,repair_all,True,True,True,True,0.0,0.0,4.27884,0.5,0.07600000000000001,4.354839999999999,,,False,True,True,deep/deep/deep/deep/deep,fast/deep/deep/deep/deep,mostly_deep_vs_mostly_deep_required,deep_on_fast_required,False,0,1,4,15,[mms_issue]bad_wifi_calling|break_apn_mms_setting|break_app_storage_permission|unseat_sim_card[PERSONA:Easy]
risky_ps_old,91,9,target_post_switch,target_favoring,False,repair_all,repair_all,True,True,True,True,0.0,0.0,3.76207,2.0,0.0758,3.83787,,,False,True,True,deep/fast/deep/deep/deep,fast/deep/deep/deep/deep,mostly_deep_vs_mostly_deep_required,both_mismatch_types,False,1,1,3,12,[mms_issue]bad_wifi_calling|break_apn_mms_setting|break_app_sms_permission|unseat_sim_card[PERSONA:None]
risky_ps_old,92,9,target_post_switch,target_favoring,False,repair_all,repair_all,True,True,True,True,0.0,0.0,3.807745,1.5,0.0727,3.8804450000000004,,,False,True,True,fast/deep/fast/deep/deep,fast/deep/deep/deep/deep,mostly_deep_vs_mostly_deep_required,fast_on_deep_required,False,1,0,4,12,[mms_issue]bad_wifi_calling|break_apn_mms_setting|break_app_sms_permission|user_abroad_roaming_enabled_off[PERSONA:Easy]
risky_ps_old,93,9,target_post_switch,target_favoring,False,repair_all,repair_subset,False,False,True,False,10.0,5.0,4.30695,1.5,0.0704,14.37735,10.0,subset_mismatch_base_plus_linear;local_clear_failure_floor_10,False,True,True,fast/deep/fast/deep/deep,fast/deep/deep/deep/deep,mostly_deep_vs_mostly_deep_required,fast_on_deep_required,False,1,0,4,13,[mms_issue]airplane_mode_on|bad_wifi_calling|break_apn_mms_setting|break_app_storage_permission|user_abroad_roaming_enabled_off[PERSONA:None]
risky_ps_old,94,9,target_post_switch,target_favoring,False,repair_all,repair_all,True,True,True,True,0.0,0.0,4.40924,2.0,0.0692,4.47844,,,False,True,True,deep/fast/deep/deep/deep,fast/deep/deep/deep/deep,mostly_deep_vs_mostly_deep_required,both_mismatch_types,False,1,1,3,13,[mms_issue]bad_wifi_calling|break_apn_mms_setting|break_app_storage_permission|data_mode_off|unseat_sim_card[PERSONA:None]
risky_ps_old,95,9,target_post_switch,target_favoring,False,repair_all,transfer,False,False,True,False,18.5,14.5,4.38292,2.0,0.06730000000000001,22.95022,18.0,subset_mismatch_base_plus_linear;local_clear_failure_floor_10;invalid_local_transfer_floor_18,False,True,True,deep/fast/deep/deep/deep,fast/deep/deep/deep/deep,mostly_deep_vs_mostly_deep_required,both_mismatch_types,False,1,1,3,13,[mms_issue]airplane_mode_on|bad_network_preference|bad_wifi_calling|break_apn_mms_setting|break_app_storage_permission|unseat_sim_card[PERSONA:Easy]
risky_ps_old,96,9,target_post_switch,target_favoring,True,repair_subset,repair_subset,False,False,False,False,12.0,3.0,4.7471,2.0,0.0741,16.821199999999997,12.0,subset_mismatch_base_plus_linear;local_clear_failure_floor_10;local_clear_and_aux_failure_floor_12,False,True,True,deep/fast/deep/deep/deep,fast/deep/deep/deep/deep,mostly_deep_vs_mostly_deep_required,both_mismatch_types,False,1,1,3,13,[mms_issue]airplane_mode_on|bad_network_preference|bad_wifi_calling|break_apn_mms_setting|break_app_both_permissions|data_mode_off|data_usage_exceeded|unseat_sim_card|user_abroad_roaming_disabled_on[PERSONA:Hard]
risky_ps_old,97,9,target_post_switch,target_favoring,True,repair_subset,transfer,False,False,False,False,22.5,18.5,4.07715,0.0,0.0777,26.65485,18.0,subset_mismatch_base_plus_linear;local_clear_failure_floor_10;local_clear_and_aux_failure_floor_12;invalid_local_transfer_floor_18,False,True,True,fast/deep/deep/deep/deep,fast/deep/deep/deep/deep,mostly_deep_vs_mostly_deep_required,all_stage_modes_match,True,0,0,5,13,[mms_issue]airplane_mode_on|bad_network_preference|bad_wifi_calling|break_apn_mms_setting|break_app_sms_permission|data_mode_off|data_usage_exceeded|unseat_sim_card|user_abroad_roaming_disabled_on[PERSONA:None]
risky_ps_old,98,9,target_post_switch,target_favoring,True,repair_subset,repair_subset,False,False,False,False,18.0,14.0,4.4963,0.5,0.0748,22.5711,12.0,subset_mismatch_base_plus_linear;local_clear_failure_floor_10;local_clear_and_aux_failure_floor_12,False,True,True,deep/deep/deep/deep/deep,fast/deep/deep/deep/deep,mostly_deep_vs_mostly_deep_required,deep_on_fast_required,False,0,1,4,14,[mms_issue]airplane_mode_on|bad_network_preference|bad_wifi_calling|break_apn_mms_setting|break_app_both_permissions|data_mode_off|data_usage_exceeded|unseat_sim_card|user_abroad_roaming_enabled_off[PERSONA:Hard]
risky_ps_old,99,9,target_post_switch,target_favoring,True,repair_all,repair_subset,False,False,True,False,15.0,11.0,4.33853,0.0,0.0751,19.41363,10.0,subset_mismatch_base_plus_linear;local_clear_failure_floor_10,False,True,True,fast/deep/deep/deep/deep,fast/deep/deep/deep/deep,mostly_deep_vs_mostly_deep_required,all_stage_modes_match,True,0,0,5,13,[mms_issue]airplane_mode_on|bad_network_preference|bad_wifi_calling|break_apn_mms_setting|break_app_sms_permission|data_mode_off|unseat_sim_card|user_abroad_roaming_enabled_off[PERSONA:None]
risky_ps,0,0,trap_pre_switch,trap_favoring,False,repair_all,repair_all,True,True,True,True,0.0,0.0,4.156155,1.5,0.06670000000000001,4.222855,,,False,True,True,fast/fast/deep/deep/deep,fast/fast/fast/fast/fast,mostly_deep_vs_mostly_fast_required,deep_on_fast_required,False,0,3,2,10,[mms_issue]airplane_mode_on|bad_wifi_calling|break_app_storage_permission[PERSONA:Easy]
risky_ps,1,0,trap_pre_switch,trap_favoring,False,repair_all,repair_all,True,True,True,True,0.0,0.0,4.27803,1.5,0.06530000000000001,4.34333,,,False,True,True,deep/fast/deep/deep/fast,fast/fast/fast/fast/fast,mostly_deep_vs_mostly_fast_required,deep_on_fast_required,False,0,3,2,12,[mms_issue]airplane_mode_on|bad_wifi_calling|break_app_sms_permission[PERSONA:None]
risky_ps,2,0,trap_pre_switch,trap_favoring,False,repair_all,repair_all,True,True,True,True,0.0,0.0,3.604605,1.5,0.07500000000000001,3.679605,,,False,True,True,fast/fast/deep/deep/deep,fast/fast/fast/fast/fast,mostly_deep_vs_mostly_fast_required,deep_on_fast_required,False,0,3,2,10,[mms_issue]bad_wifi_calling[PERSONA:Easy]
risky_ps,3,0,trap_pre_switch,trap_favoring,False,repair_all,repair_all,True,True,True,True,0.0,0.0,5.233555,2.0,0.0758,5.309355,,,False,True,True,deep/fast/deep/deep/deep,fast/fast/fast/fast/fast,mostly_deep_vs_mostly_fast_required,deep_on_fast_required,False,0,4,1,13,[mms_issue]bad_wifi_calling|break_app_storage_permission[PERSONA:Easy]
risky_ps,4,0,trap_pre_switch,trap_favoring,False,repair_all,repair_all,True,True,True,True,0.0,0.0,4.82103,1.5,0.06420000000000001,4.88523,,,False,True,True,deep/fast/fast/deep/deep,fast/fast/fast/fast/fast,mostly_deep_vs_mostly_fast_required,deep_on_fast_required,False,0,3,2,13,[mms_issue]bad_wifi_calling|break_app_sms_permission[PERSONA:None]
risky_ps,5,0,trap_pre_switch,trap_favoring,False,repair_all,repair_all,True,True,True,True,0.0,0.0,5.303775,2.0,0.0752,5.378975,,,False,True,True,fast/deep/deep/deep/deep,fast/fast/fast/fast/fast,mostly_deep_vs_mostly_fast_required,deep_on_fast_required,False,0,4,1,12,[mms_issue]bad_network_preference|bad_wifi_calling|break_app_storage_permission[PERSONA:Hard]
risky_ps,6,0,trap_pre_switch,trap_favoring,False,repair_all,repair_all,True,True,True,True,0.0,0.0,3.5617,1.0,0.0632,3.6249000000000002,,,False,True,True,deep/fast/deep/fast/fast,fast/fast/fast/fast/fast,mostly_fast_vs_mostly_fast_required,deep_on_fast_required,False,0,2,3,12,[mms_issue]bad_wifi_calling|break_app_sms_permission|data_mode_off[PERSONA:None]
risky_ps,7,0,trap_pre_switch,trap_favoring,False,repair_all,repair_all,True,True,True,True,0.0,0.0,3.71383,1.0,0.0601,3.77393,,,False,True,True,fast/fast/fast/deep/deep,fast/fast/fast/fast/fast,mostly_fast_vs_mostly_fast_required,deep_on_fast_required,False,0,2,3,10,[mms_issue]bad_network_preference|bad_wifi_calling|break_app_sms_permission[PERSONA:Easy]
risky_ps,8,0,trap_pre_switch,trap_favoring,False,repair_all,repair_all,True,True,True,True,0.0,0.0,4.116875,1.5,0.0725,4.189375,,,False,True,True,fast/fast/deep/deep/deep,fast/fast/fast/fast/fast,mostly_deep_vs_mostly_fast_required,deep_on_fast_required,False,0,3,2,10,[mms_issue]bad_wifi_calling|break_app_storage_permission|data_mode_off[PERSONA:Easy]
risky_ps,9,0,trap_pre_switch,trap_favoring,False,repair_all,repair_all,True,True,True,True,0.0,0.0,12.91313,1.5,0.0731,12.98623,,,False,True,True,deep/fast/fast/deep/deep,fast/fast/fast/fast/fast,mostly_deep_vs_mostly_fast_required,deep_on_fast_required,False,0,3,2,23,[mms_issue]airplane_mode_on|bad_wifi_calling[PERSONA:Easy]
risky_ps,10,1,trap_pre_switch,trap_favoring,False,repair_all,repair_all,True,True,True,True,0.0,0.0,3.1769,0.5,0.05600000000000001,3.2329,,,False,True,True,deep/fast/fast/fast/fast,fast/fast/fast/fast/fast,mostly_fast_vs_mostly_fast_required,deep_on_fast_required,False,0,1,4,12,[mms_issue]airplane_mode_on|bad_wifi_calling|break_app_storage_permission[PERSONA:Easy]
risky_ps,11,1,trap_pre_switch,trap_favoring,False,repair_all,repair_all,True,True,True,True,0.0,0.0,4.99351,2.0,0.07750000000000001,5.071009999999999,,,False,True,True,fast/deep/deep/deep/deep,fast/fast/fast/fast/fast,mostly_deep_vs_mostly_fast_required,deep_on_fast_required,False,0,4,1,12,[mms_issue]airplane_mode_on|bad_wifi_calling|break_app_sms_permission[PERSONA:None]
risky_ps,12,1,trap_pre_switch,trap_favoring,False,repair_all,repair_all,True,True,True,True,0.0,0.0,2.886835,0.5,0.0641,2.950935,,,False,True,True,fast/fast/fast/fast/deep,fast/fast/fast/fast/fast,mostly_fast_vs_mostly_fast_required,deep_on_fast_required,False,0,1,4,10,[mms_issue]bad_wifi_calling[PERSONA:Easy]
risky_ps,13,1,trap_pre_switch,trap_favoring,False,repair_all,repair_all,True,True,True,True,0.0,0.0,4.439255,1.5,0.0704,4.509655,,,False,True,True,fast/fast/deep/deep/deep,fast/fast/fast/fast/fast,mostly_deep_vs_mostly_fast_required,deep_on_fast_required,False,0,3,2,11,[mms_issue]bad_wifi_calling|break_app_storage_permission[PERSONA:Easy]
risky_ps,14,1,trap_pre_switch,trap_favoring,False,repair_all,repair_all,True,True,True,True,0.0,0.0,4.4561,1.5,0.06830000000000001,4.5244,,,False,True,True,fast/fast/deep/deep/deep,fast/fast/fast/fast/fast,mostly_deep_vs_mostly_fast_required,deep_on_fast_required,False,0,3,2,11,[mms_issue]bad_wifi_calling|break_app_sms_permission[PERSONA:None]
risky_ps,15,1,trap_pre_switch,trap_favoring,False,repair_all,repair_all,True,True,True,True,0.0,0.0,5.740375,2.5,0.07600000000000001,5.816375,,,False,True,True,deep/deep/deep/deep/deep,fast/fast/fast/fast/fast,mostly_deep_vs_mostly_fast_required,deep_on_fast_required,False,0,5,0,14,[mms_issue]bad_network_preference|bad_wifi_calling|break_app_storage_permission[PERSONA:Hard]
risky_ps,16,1,trap_pre_switch,trap_favoring,False,repair_all,repair_all,True,True,True,True,0.0,0.0,4.679245,2.0,0.0742,4.753445,,,False,True,True,fast/deep/deep/deep/deep,fast/fast/fast/fast/fast,mostly_deep_vs_mostly_fast_required,deep_on_fast_required,False,0,4,1,11,[mms_issue]bad_wifi_calling|break_app_sms_permission|data_mode_off[PERSONA:None]
risky_ps,17,1,trap_pre_switch,trap_favoring,False,repair_all,repair_all,True,True,True,True,0.0,0.0,3.70383,1.0,0.0661,3.76993,,,False,True,True,fast/fast/fast/deep/deep,fast/fast/fast/fast/fast,mostly_fast_vs_mostly_fast_required,deep_on_fast_required,False,0,2,3,10,[mms_issue]bad_network_preference|bad_wifi_calling|break_app_sms_permission[PERSONA:Easy]
risky_ps,18,1,trap_pre_switch,trap_favoring,False,repair_all,repair_all,True,True,True,True,0.0,0.0,5.377,2.5,0.07790000000000001,5.454899999999999,,,False,True,True,deep/deep/deep/deep/deep,fast/fast/fast/fast/fast,mostly_deep_vs_mostly_fast_required,deep_on_fast_required,False,0,5,0,13,[mms_issue]bad_wifi_calling|break_app_storage_permission|data_mode_off[PERSONA:Easy]
risky_ps,19,1,trap_pre_switch,trap_favoring,False,repair_all,repair_all,True,True,True,True,0.0,0.0,4.72495,2.0,0.06930000000000001,4.79425,,,False,True,True,fast/deep/deep/deep/deep,fast/fast/fast/fast/fast,mostly_deep_vs_mostly_fast_required,deep_on_fast_required,False,0,4,1,12,[mms_issue]airplane_mode_on|bad_wifi_calling[PERSONA:Easy]
risky_ps,20,2,trap_pre_switch,trap_favoring,False,repair_all,repair_all,True,True,True,True,0.0,0.0,3.777605,1.0,0.0608,3.838405,,,False,True,True,deep/fast/fast/fast/deep,fast/fast/fast/fast/fast,mostly_fast_vs_mostly_fast_required,deep_on_fast_required,False,0,2,3,12,[mms_issue]airplane_mode_on|bad_wifi_calling|break_app_storage_permission[PERSONA:Easy]
risky_ps,21,2,trap_pre_switch,trap_favoring,False,repair_all,repair_all,True,True,True,True,0.0,0.0,3.143015,0.5,0.0671,3.210115,,,False,True,True,fast/fast/fast/deep/fast,fast/fast/fast/fast/fast,mostly_fast_vs_mostly_fast_required,deep_on_fast_required,False,0,1,4,10,[mms_issue]airplane_mode_on|bad_wifi_calling|break_app_sms_permission[PERSONA:None]
risky_ps,22,2,trap_pre_switch,trap_favoring,False,repair_all,repair_all,True,True,True,True,0.0,0.0,9.59269,1.5,0.07390000000000001,9.66659,,,False,True,True,fast/deep/fast/deep/deep,fast/fast/fast/fast/fast,mostly_deep_vs_mostly_fast_required,deep_on_fast_required,False,0,3,2,19,[mms_issue]bad_wifi_calling[PERSONA:Easy]
risky_ps,23,2,trap_pre_switch,trap_favoring,False,repair_all,repair_all,True,True,True,True,0.0,0.0,4.58658,1.5,0.0742,4.66078,,,False,True,True,fast/deep/fast/deep/deep,fast/fast/fast/fast/fast,mostly_deep_vs_mostly_fast_required,deep_on_fast_required,False,0,3,2,12,[mms_issue]bad_wifi_calling|break_app_storage_permission[PERSONA:Easy]
risky_ps,24,2,trap_pre_switch,trap_favoring,False,repair_all,repair_all,True,True,True,True,0.0,0.0,4.4436,1.5,0.0801,4.5237,,,False,True,True,fast/fast/deep/deep/deep,fast/fast/fast/fast/fast,mostly_deep_vs_mostly_fast_required,deep_on_fast_required,False,0,3,2,11,[mms_issue]bad_wifi_calling|break_app_sms_permission[PERSONA:None]
risky_ps,25,2,target_post_switch,target_favoring,False,repair_all,repair_subset,False,False,True,False,10.0,5.0,4.13633,1.5,0.0736,14.20993,10.0,subset_mismatch_base_plus_linear;local_clear_failure_floor_10,False,True,True,fast/fast/deep/deep/deep,fast/deep/deep/deep/deep,mostly_deep_vs_mostly_deep_required,fast_on_deep_required,False,1,0,4,12,[mms_issue]airplane_mode_on|bad_network_preference|bad_wifi_calling|break_apn_mms_setting|break_app_storage_permission|unseat_sim_card[PERSONA:Easy]
risky_ps,26,2,target_post_switch,target_favoring,True,repair_subset,repair_subset,True,True,False,False,6.0,2.0,4.10053,0.0,0.0786,10.17913,6.0,clear_but_aux_failure_floor_6,False,True,True,fast/deep/deep/deep/deep,fast/deep/deep/deep/deep,mostly_deep_vs_mostly_deep_required,all_stage_modes_match,True,0,0,5,13,[mms_issue]airplane_mode_on|bad_network_preference|bad_wifi_calling|break_apn_mms_setting|break_app_both_permissions|data_mode_off|data_usage_exceeded|unseat_sim_card|user_abroad_roaming_disabled_on[PERSONA:Hard]
risky_ps,27,2,target_post_switch,target_favoring,True,repair_subset,transfer,False,False,False,False,22.5,18.5,4.08149,0.0,0.072,26.653489999999998,18.0,subset_mismatch_base_plus_linear;local_clear_failure_floor_10;local_clear_and_aux_failure_floor_12;invalid_local_transfer_floor_18,False,True,True,fast/deep/deep/deep/deep,fast/deep/deep/deep/deep,mostly_deep_vs_mostly_deep_required,all_stage_modes_match,True,0,0,5,13,[mms_issue]airplane_mode_on|bad_network_preference|bad_wifi_calling|break_apn_mms_setting|break_app_sms_permission|data_mode_off|data_usage_exceeded|unseat_sim_card|user_abroad_roaming_disabled_on[PERSONA:None]
risky_ps,28,2,target_post_switch,target_favoring,True,repair_subset,repair_subset,False,False,False,False,17.0,13.0,4.51716,1.5,0.07310000000000001,21.59026,12.0,subset_mismatch_base_plus_linear;local_clear_failure_floor_10;local_clear_and_aux_failure_floor_12,False,True,True,fast/fast/deep/deep/deep,fast/deep/deep/deep/deep,mostly_deep_vs_mostly_deep_required,fast_on_deep_required,False,1,0,4,12,[mms_issue]airplane_mode_on|bad_network_preference|bad_wifi_calling|break_apn_mms_setting|break_app_both_permissions|data_mode_off|data_usage_exceeded|unseat_sim_card|user_abroad_roaming_enabled_off[PERSONA:Hard]
risky_ps,29,2,target_post_switch,target_favoring,True,repair_all,repair_all,True,True,True,True,0.0,0.0,5.20732,1.5,0.06380000000000001,5.27112,,,False,True,True,fast/deep/fast/deep/deep,fast/deep/deep/deep/deep,mostly_deep_vs_mostly_deep_required,fast_on_deep_required,False,1,0,4,14,[mms_issue]airplane_mode_on|bad_network_preference|bad_wifi_calling|break_apn_mms_setting|break_app_sms_permission|data_mode_off|unseat_sim_card|user_abroad_roaming_enabled_off[PERSONA:None]
risky_ps,30,3,target_post_switch,target_favoring,False,repair_all,repair_all,True,True,True,True,0.0,0.0,3.45206,1.5,0.071,3.52306,,,False,True,True,fast/fast/deep/deep/deep,fast/deep/deep/deep/deep,mostly_deep_vs_mostly_deep_required,fast_on_deep_required,False,1,0,4,11,[mms_issue]bad_wifi_calling|break_apn_mms_setting|break_app_storage_permission|unseat_sim_card[PERSONA:Easy]
risky_ps,31,3,target_post_switch,target_favoring,False,repair_all,repair_all,True,True,True,True,0.0,0.0,4.22008,2.0,0.0695,4.28958,,,False,True,True,deep/fast/deep/deep/deep,fast/deep/deep/deep/deep,mostly_deep_vs_mostly_deep_required,both_mismatch_types,False,1,1,3,13,[mms_issue]bad_wifi_calling|break_apn_mms_setting|break_app_sms_permission|unseat_sim_card[PERSONA:None]
risky_ps,32,3,target_post_switch,target_favoring,False,repair_all,repair_all,True,True,True,True,0.0,0.0,3.83315,0.5,0.07650000000000001,3.90965,,,False,True,True,deep/deep/deep/deep/deep,fast/deep/deep/deep/deep,mostly_deep_vs_mostly_deep_required,deep_on_fast_required,False,0,1,4,14,[mms_issue]bad_wifi_calling|break_apn_mms_setting|break_app_sms_permission|user_abroad_roaming_enabled_off[PERSONA:Easy]
risky_ps,33,3,target_post_switch,target_favoring,False,repair_all,repair_all,True,True,True,True,0.0,0.0,4.84453,3.5,0.0645,4.90903,,,False,True,True,deep/fast/fast/deep/deep,fast/deep/deep/deep/deep,mostly_deep_vs_mostly_deep_required,both_mismatch_types,False,2,1,2,13,[mms_issue]airplane_mode_on|bad_wifi_calling|break_apn_mms_setting|break_app_storage_permission|user_abroad_roaming_enabled_off[PERSONA:None]
risky_ps,34,3,target_post_switch,target_favoring,False,repair_all,repair_all,True,True,True,True,0.0,0.0,3.21573,0.0,0.074,3.28973,,,False,True,True,fast/deep/deep/deep/deep,fast/deep/deep/deep/deep,mostly_deep_vs_mostly_deep_required,all_stage_modes_match,True,0,0,5,12,[mms_issue]bad_wifi_calling|break_apn_mms_setting|break_app_storage_permission|data_mode_off|unseat_sim_card[PERSONA:None]
risky_ps,35,3,target_post_switch,target_favoring,False,repair_all,repair_subset,False,False,True,False,10.0,5.0,4.5155,2.0,0.06520000000000001,14.5807,10.0,subset_mismatch_base_plus_linear;local_clear_failure_floor_10,False,True,True,deep/fast/deep/deep/deep,fast/deep/deep/deep/deep,mostly_deep_vs_mostly_deep_required,both_mismatch_types,False,1,1,3,13,[mms_issue]airplane_mode_on|bad_network_preference|bad_wifi_calling|break_apn_mms_setting|break_app_storage_permission|unseat_sim_card[PERSONA:Easy]
risky_ps,36,3,target_post_switch,target_favoring,True,repair_subset,repair_subset,False,False,False,False,14.0,9.0,5.96983,5.0,0.0631,20.03293,14.0,subset_mismatch_base_plus_linear;local_clear_failure_floor_10;local_clear_and_aux_failure_floor_12;fast_path_on_deep_required_clear_failure_floor_14,False,True,True,deep/fast/fast/fast/deep,fast/deep/deep/deep/deep,mostly_fast_vs_mostly_deep_required,both_mismatch_types,False,3,1,1,12,[mms_issue]airplane_mode_on|bad_network_preference|bad_wifi_calling|break_apn_mms_setting|break_app_both_permissions|data_mode_off|data_usage_exceeded|unseat_sim_card|user_abroad_roaming_disabled_on[PERSONA:Hard]
risky_ps,37,3,target_post_switch,target_favoring,True,repair_subset,repair_subset,True,True,False,False,6.0,2.0,3.69376,0.0,0.0795,9.77326,6.0,clear_but_aux_failure_floor_6,False,True,True,fast/deep/deep/deep/deep,fast/deep/deep/deep/deep,mostly_deep_vs_mostly_deep_required,all_stage_modes_match,True,0,0,5,12,[mms_issue]airplane_mode_on|bad_network_preference|bad_wifi_calling|break_apn_mms_setting|break_app_sms_permission|data_mode_off|data_usage_exceeded|unseat_sim_card|user_abroad_roaming_disabled_on[PERSONA:None]
risky_ps,38,3,target_post_switch,target_favoring,True,repair_subset,repair_subset,False,False,False,False,19.0,15.0,4.6139,0.5,0.0753,23.6892,12.0,subset_mismatch_base_plus_linear;local_clear_failure_floor_10;local_clear_and_aux_failure_floor_12,False,True,True,deep/deep/deep/deep/deep,fast/deep/deep/deep/deep,mostly_deep_vs_mostly_deep_required,deep_on_fast_required,False,0,1,4,14,[mms_issue]airplane_mode_on|bad_network_preference|bad_wifi_calling|break_apn_mms_setting|break_app_both_permissions|data_mode_off|data_usage_exceeded|unseat_sim_card|user_abroad_roaming_enabled_off[PERSONA:Hard]
risky_ps,39,3,target_post_switch,target_favoring,True,repair_all,repair_all,True,True,True,True,0.0,0.0,5.424905,3.5,0.0671,5.492005,,,False,True,True,deep/fast/fast/deep/deep,fast/deep/deep/deep/deep,mostly_deep_vs_mostly_deep_required,both_mismatch_types,False,2,1,2,13,[mms_issue]airplane_mode_on|bad_network_preference|bad_wifi_calling|break_apn_mms_setting|break_app_sms_permission|data_mode_off|unseat_sim_card|user_abroad_roaming_enabled_off[PERSONA:None]
risky_ps,40,4,target_post_switch,target_favoring,False,repair_all,repair_all,True,True,True,True,0.0,0.0,3.915715,1.5,0.0591,3.974815,,,False,True,True,fast/deep/deep/deep/fast,fast/deep/deep/deep/deep,mostly_deep_vs_mostly_deep_required,fast_on_deep_required,False,1,0,4,12,[mms_issue]bad_wifi_calling|break_apn_mms_setting|break_app_storage_permission|unseat_sim_card[PERSONA:Easy]
risky_ps,41,4,target_post_switch,target_favoring,False,repair_all,repair_all,True,True,True,True,0.0,0.0,3.50637,0.0,0.0758,3.58217,,,False,True,True,fast/deep/deep/deep/deep,fast/deep/deep/deep/deep,mostly_deep_vs_mostly_deep_required,all_stage_modes_match,True,0,0,5,13,[mms_issue]bad_wifi_calling|break_apn_mms_setting|break_app_sms_permission|unseat_sim_card[PERSONA:None]
risky_ps,42,4,target_post_switch,target_favoring,False,repair_all,repair_all,True,True,True,True,0.0,0.0,2.95169,0.0,0.0741,3.02579,,,False,True,True,fast/deep/deep/deep/deep,fast/deep/deep/deep/deep,mostly_deep_vs_mostly_deep_required,all_stage_modes_match,True,0,0,5,11,[mms_issue]bad_wifi_calling|break_apn_mms_setting|break_app_sms_permission|user_abroad_roaming_enabled_off[PERSONA:Easy]
risky_ps,43,4,target_post_switch,target_favoring,False,repair_all,repair_all,True,True,True,True,0.0,0.0,4.13378,0.0,0.07900000000000001,4.2127799999999995,,,False,True,True,fast/deep/deep/deep/deep,fast/deep/deep/deep/deep,mostly_deep_vs_mostly_deep_required,all_stage_modes_match,True,0,0,5,14,[mms_issue]airplane_mode_on|bad_wifi_calling|break_apn_mms_setting|break_app_storage_permission|user_abroad_roaming_enabled_off[PERSONA:None]
risky_ps,44,4,target_post_switch,target_favoring,False,repair_all,repair_all,True,True,True,True,0.0,0.0,4.574725,3.0,0.0701,4.644825,,,False,True,True,fast/fast/fast/deep/deep,fast/deep/deep/deep/deep,mostly_fast_vs_mostly_deep_required,fast_on_deep_required,False,2,0,3,12,[mms_issue]bad_wifi_calling|break_apn_mms_setting|break_app_storage_permission|data_mode_off|unseat_sim_card[PERSONA:None]
risky_ps,45,4,target_post_switch,target_favoring,False,repair_all,repair_all,True,True,True,True,0.0,0.0,4.07499,2.0,0.0721,4.1470899999999995,,,False,True,True,deep/fast/deep/deep/deep,fast/deep/deep/deep/deep,mostly_deep_vs_mostly_deep_required,both_mismatch_types,False,1,1,3,12,[mms_issue]airplane_mode_on|bad_network_preference|bad_wifi_calling|break_apn_mms_setting|break_app_storage_permission|unseat_sim_card[PERSONA:Easy]
risky_ps,46,4,target_post_switch,target_favoring,True,repair_subset,repair_subset,True,True,False,False,6.0,2.0,4.21141,0.0,0.0651,10.27651,6.0,clear_but_aux_failure_floor_6,False,True,True,fast/deep/deep/deep/deep,fast/deep/deep/deep/deep,mostly_deep_vs_mostly_deep_required,all_stage_modes_match,True,0,0,5,13,[mms_issue]airplane_mode_on|bad_network_preference|bad_wifi_calling|break_apn_mms_setting|break_app_both_permissions|data_mode_off|data_usage_exceeded|unseat_sim_card|user_abroad_roaming_disabled_on[PERSONA:Hard]
risky_ps,47,4,target_post_switch,target_favoring,True,repair_subset,repair_subset,False,False,False,False,14.0,9.0,5.61399,4.5,0.0637,19.677690000000002,14.0,subset_mismatch_base_plus_linear;local_clear_failure_floor_10;local_clear_and_aux_failure_floor_12;fast_path_on_deep_required_clear_failure_floor_14,False,True,True,fast/fast/fast/fast/deep,fast/deep/deep/deep/deep,mostly_fast_vs_mostly_deep_required,fast_on_deep_required,False,3,0,2,11,[mms_issue]airplane_mode_on|bad_network_preference|bad_wifi_calling|break_apn_mms_setting|break_app_sms_permission|data_mode_off|data_usage_exceeded|unseat_sim_card|user_abroad_roaming_disabled_on[PERSONA:None]
risky_ps,48,4,target_post_switch,target_favoring,True,repair_subset,repair_subset,False,False,False,False,14.0,5.0,5.279555,3.0,0.0706,19.350155,14.0,subset_mismatch_base_plus_linear;local_clear_failure_floor_10;local_clear_and_aux_failure_floor_12;fast_path_on_deep_required_clear_failure_floor_14,False,True,True,fast/fast/deep/fast/deep,fast/deep/deep/deep/deep,mostly_fast_vs_mostly_deep_required,fast_on_deep_required,False,2,0,3,11,[mms_issue]airplane_mode_on|bad_network_preference|bad_wifi_calling|break_apn_mms_setting|break_app_both_permissions|data_mode_off|data_usage_exceeded|unseat_sim_card|user_abroad_roaming_enabled_off[PERSONA:Hard]
risky_ps,49,4,target_post_switch,target_favoring,True,repair_all,repair_all,True,True,True,True,0.0,0.0,4.75433,0.0,0.0735,4.8278300000000005,,,False,True,True,fast/deep/deep/deep/deep,fast/deep/deep/deep/deep,mostly_deep_vs_mostly_deep_required,all_stage_modes_match,True,0,0,5,14,[mms_issue]airplane_mode_on|bad_network_preference|bad_wifi_calling|break_apn_mms_setting|break_app_sms_permission|data_mode_off|unseat_sim_card|user_abroad_roaming_enabled_off[PERSONA:None]
risky_ps,50,5,target_post_switch,target_favoring,False,repair_all,repair_all,True,True,True,True,0.0,0.0,3.01274,1.5,0.07010000000000001,3.08284,,,False,True,True,fast/fast/deep/deep/deep,fast/deep/deep/deep/deep,mostly_deep_vs_mostly_deep_required,fast_on_deep_required,False,1,0,4,10,[mms_issue]bad_wifi_calling|break_apn_mms_setting|break_app_storage_permission|unseat_sim_card[PERSONA:Easy]
risky_ps,51,5,target_post_switch,target_favoring,False,repair_all,transfer,False,False,True,False,18.0,10.5,3.00333,1.5,0.0594,21.062730000000002,18.0,subset_mismatch_base_plus_linear;local_clear_failure_floor_10;invalid_local_transfer_floor_18,False,True,True,fast/fast/deep/deep/deep,fast/deep/deep/deep/deep,mostly_deep_vs_mostly_deep_required,fast_on_deep_required,False,1,0,4,10,[mms_issue]bad_wifi_calling|break_apn_mms_setting|break_app_sms_permission|unseat_sim_card[PERSONA:None]
risky_ps,52,5,target_post_switch,target_favoring,False,repair_all,repair_all,True,True,True,True,0.0,0.0,4.1546,2.0,0.07840000000000001,4.2330000000000005,,,False,True,True,deep/fast/deep/deep/deep,fast/deep/deep/deep/deep,mostly_deep_vs_mostly_deep_required,both_mismatch_types,False,1,1,3,13,[mms_issue]bad_wifi_calling|break_apn_mms_setting|break_app_sms_permission|user_abroad_roaming_enabled_off[PERSONA:Easy]
risky_ps,53,5,target_post_switch,target_favoring,False,repair_all,repair_all,True,True,True,True,0.0,0.0,3.69047,0.0,0.0704,3.7608699999999997,,,False,True,True,fast/deep/deep/deep/deep,fast/deep/deep/deep/deep,mostly_deep_vs_mostly_deep_required,all_stage_modes_match,True,0,0,5,13,[mms_issue]airplane_mode_on|bad_wifi_calling|break_apn_mms_setting|break_app_storage_permission|user_abroad_roaming_enabled_off[PERSONA:None]
risky_ps,54,5,target_post_switch,target_favoring,False,repair_all,repair_all,True,True,True,True,0.0,0.0,3.72953,0.0,0.0741,3.80363,,,False,True,True,fast/deep/deep/deep/deep,fast/deep/deep/deep/deep,mostly_deep_vs_mostly_deep_required,all_stage_modes_match,True,0,0,5,13,[mms_issue]bad_wifi_calling|break_apn_mms_setting|break_app_storage_permission|data_mode_off|unseat_sim_card[PERSONA:None]
risky_ps,55,5,target_post_switch,target_favoring,False,repair_all,repair_subset,False,False,False,False,14.0,7.0,5.109765,3.0,0.06480000000000001,19.174565,14.0,subset_mismatch_base_plus_linear;local_clear_failure_floor_10;local_clear_and_aux_failure_floor_12;fast_path_on_deep_required_clear_failure_floor_14,False,True,True,fast/deep/fast/fast/deep,fast/deep/deep/deep/deep,mostly_fast_vs_mostly_deep_required,fast_on_deep_required,False,2,0,3,12,[mms_issue]airplane_mode_on|bad_network_preference|bad_wifi_calling|break_apn_mms_setting|break_app_storage_permission|unseat_sim_card[PERSONA:Easy]
risky_ps,56,5,target_post_switch,target_favoring,True,repair_subset,repair_subset,False,False,False,False,17.0,13.0,4.77118,2.0,0.0714,21.84258,12.0,subset_mismatch_base_plus_linear;local_clear_failure_floor_10;local_clear_and_aux_failure_floor_12,False,True,True,deep/fast/deep/deep/deep,fast/deep/deep/deep/deep,mostly_deep_vs_mostly_deep_required,both_mismatch_types,False,1,1,3,13,[mms_issue]airplane_mode_on|bad_network_preference|bad_wifi_calling|break_apn_mms_setting|break_app_both_permissions|data_mode_off|data_usage_exceeded|unseat_sim_card|user_abroad_roaming_disabled_on[PERSONA:Hard]
risky_ps,57,5,target_post_switch,target_favoring,True,repair_subset,repair_subset,True,True,False,False,6.0,2.0,4.626605,1.5,0.07010000000000001,10.696705,6.0,clear_but_aux_failure_floor_6,False,True,True,fast/deep/fast/deep/deep,fast/deep/deep/deep/deep,mostly_deep_vs_mostly_deep_required,fast_on_deep_required,False,1,0,4,13,[mms_issue]airplane_mode_on|bad_network_preference|bad_wifi_calling|break_apn_mms_setting|break_app_sms_permission|data_mode_off|data_usage_exceeded|unseat_sim_card|user_abroad_roaming_disabled_on[PERSONA:None]
risky_ps,58,5,target_post_switch,target_favoring,True,repair_subset,repair_subset,False,False,False,False,17.0,13.0,4.52584,1.5,0.0711,21.59694,12.0,subset_mismatch_base_plus_linear;local_clear_failure_floor_10;local_clear_and_aux_failure_floor_12,False,True,True,fast/fast/deep/deep/deep,fast/deep/deep/deep/deep,mostly_deep_vs_mostly_deep_required,fast_on_deep_required,False,1,0,4,12,[mms_issue]airplane_mode_on|bad_network_preference|bad_wifi_calling|break_apn_mms_setting|break_app_both_permissions|data_mode_off|data_usage_exceeded|unseat_sim_card|user_abroad_roaming_enabled_off[PERSONA:Hard]
risky_ps,59,5,target_post_switch,target_favoring,True,repair_all,repair_all,True,True,True,True,0.0,0.0,4.30295,2.0,0.0713,4.37425,,,False,True,True,deep/fast/deep/deep/deep,fast/deep/deep/deep/deep,mostly_deep_vs_mostly_deep_required,both_mismatch_types,False,1,1,3,12,[mms_issue]airplane_mode_on|bad_network_preference|bad_wifi_calling|break_apn_mms_setting|break_app_sms_permission|data_mode_off|unseat_sim_card|user_abroad_roaming_enabled_off[PERSONA:None]
risky_ps,60,6,target_post_switch,target_favoring,False,repair_all,repair_all,True,True,True,True,0.0,0.0,3.920675,1.5,0.0736,3.994275,,,False,True,True,fast/deep/deep/deep/fast,fast/deep/deep/deep/deep,mostly_deep_vs_mostly_deep_required,fast_on_deep_required,False,1,0,4,12,[mms_issue]bad_wifi_calling|break_apn_mms_setting|break_app_storage_permission|unseat_sim_card[PERSONA:Easy]
risky_ps,61,6,target_post_switch,target_favoring,False,repair_all,repair_all,True,True,True,True,0.0,0.0,3.33683,0.0,0.08410000000000001,3.42093,,,False,True,True,fast/deep/deep/deep/deep,fast/deep/deep/deep/deep,mostly_deep_vs_mostly_deep_required,all_stage_modes_match,True,0,0,5,12,[mms_issue]bad_wifi_calling|break_apn_mms_setting|break_app_sms_permission|unseat_sim_card[PERSONA:None]
risky_ps,62,6,target_post_switch,target_favoring,False,repair_all,transfer,False,False,True,False,18.0,10.5,3.65129,0.5,0.07600000000000001,21.72729,18.0,subset_mismatch_base_plus_linear;local_clear_failure_floor_10;invalid_local_transfer_floor_18,False,True,True,deep/deep/deep/deep/deep,fast/deep/deep/deep/deep,mostly_deep_vs_mostly_deep_required,deep_on_fast_required,False,0,1,4,13,[mms_issue]bad_wifi_calling|break_apn_mms_setting|break_app_sms_permission|user_abroad_roaming_enabled_off[PERSONA:Easy]
risky_ps,63,6,target_post_switch,target_favoring,False,repair_all,repair_all,True,True,True,True,0.0,0.0,4.819,0.5,0.07790000000000001,4.8969,,,False,True,True,deep/deep/deep/deep/deep,fast/deep/deep/deep/deep,mostly_deep_vs_mostly_deep_required,deep_on_fast_required,False,0,1,4,16,[mms_issue]airplane_mode_on|bad_wifi_calling|break_apn_mms_setting|break_app_storage_permission|user_abroad_roaming_enabled_off[PERSONA:None]
risky_ps,64,6,target_post_switch,target_favoring,False,repair_all,repair_all,True,True,True,True,0.0,0.0,3.9268,2.0,0.0661,3.9929,,,False,True,True,deep/fast/deep/deep/deep,fast/deep/deep/deep/deep,mostly_deep_vs_mostly_deep_required,both_mismatch_types,False,1,1,3,12,[mms_issue]bad_wifi_calling|break_apn_mms_setting|break_app_storage_permission|data_mode_off|unseat_sim_card[PERSONA:None]
risky_ps,65,6,target_post_switch,target_favoring,False,repair_all,repair_all,True,True,True,True,0.0,0.0,4.11542,0.5,0.0748,4.19022,,,False,True,True,deep/deep/deep/deep/deep,fast/deep/deep/deep/deep,mostly_deep_vs_mostly_deep_required,deep_on_fast_required,False,0,1,4,14,[mms_issue]airplane_mode_on|bad_network_preference|bad_wifi_calling|break_apn_mms_setting|break_app_storage_permission|unseat_sim_card[PERSONA:Easy]
risky_ps,66,6,target_post_switch,target_favoring,True,repair_subset,transfer,False,False,False,False,22.5,18.5,4.88725,0.5,0.07650000000000001,27.463749999999997,18.0,subset_mismatch_base_plus_linear;local_clear_failure_floor_10;local_clear_and_aux_failure_floor_12;invalid_local_transfer_floor_18,False,True,True,deep/deep/deep/deep/deep,fast/deep/deep/deep/deep,mostly_deep_vs_mostly_deep_required,deep_on_fast_required,False,0,1,4,15,[mms_issue]airplane_mode_on|bad_network_preference|bad_wifi_calling|break_apn_mms_setting|break_app_both_permissions|data_mode_off|data_usage_exceeded|unseat_sim_card|user_abroad_roaming_disabled_on[PERSONA:Hard]
risky_ps,67,6,target_post_switch,target_favoring,True,repair_subset,repair_subset,True,True,False,False,6.0,2.0,4.86042,0.5,0.07750000000000001,10.93792,6.0,clear_but_aux_failure_floor_6,False,True,True,deep/deep/deep/deep/deep,fast/deep/deep/deep/deep,mostly_deep_vs_mostly_deep_required,deep_on_fast_required,False,0,1,4,15,[mms_issue]airplane_mode_on|bad_network_preference|bad_wifi_calling|break_apn_mms_setting|break_app_sms_permission|data_mode_off|data_usage_exceeded|unseat_sim_card|user_abroad_roaming_disabled_on[PERSONA:None]
risky_ps,68,6,target_post_switch,target_favoring,True,repair_subset,transfer,False,False,True,False,22.5,18.5,4.82748,0.0,0.07900000000000001,27.406480000000002,18.0,subset_mismatch_base_plus_linear;local_clear_failure_floor_10;invalid_local_transfer_floor_18,False,True,True,fast/deep/deep/deep/deep,fast/deep/deep/deep/deep,mostly_deep_vs_mostly_deep_required,all_stage_modes_match,True,0,0,5,14,[mms_issue]airplane_mode_on|bad_network_preference|bad_wifi_calling|break_apn_mms_setting|break_app_both_permissions|data_mode_off|data_usage_exceeded|unseat_sim_card|user_abroad_roaming_enabled_off[PERSONA:Hard]
risky_ps,69,6,target_post_switch,target_favoring,True,repair_all,repair_all,True,True,True,True,0.0,0.0,4.31415,2.0,0.06910000000000001,4.383249999999999,,,False,True,True,deep/fast/deep/deep/deep,fast/deep/deep/deep/deep,mostly_deep_vs_mostly_deep_required,both_mismatch_types,False,1,1,3,12,[mms_issue]airplane_mode_on|bad_network_preference|bad_wifi_calling|break_apn_mms_setting|break_app_sms_permission|data_mode_off|unseat_sim_card|user_abroad_roaming_enabled_off[PERSONA:None]
risky_ps,70,7,target_post_switch,target_favoring,False,repair_all,repair_all,True,True,True,True,0.0,0.0,3.81075,0.5,0.0748,3.8855500000000003,,,False,True,True,deep/deep/deep/deep/deep,fast/deep/deep/deep/deep,mostly_deep_vs_mostly_deep_required,deep_on_fast_required,False,0,1,4,14,[mms_issue]bad_wifi_calling|break_apn_mms_setting|break_app_storage_permission|unseat_sim_card[PERSONA:Easy]
risky_ps,71,7,target_post_switch,target_favoring,False,repair_all,repair_all,True,True,True,True,0.0,0.0,4.26105,0.5,0.07790000000000001,4.33895,,,False,True,True,deep/deep/deep/deep/deep,fast/deep/deep/deep/deep,mostly_deep_vs_mostly_deep_required,deep_on_fast_required,False,0,1,4,15,[mms_issue]bad_wifi_calling|break_apn_mms_setting|break_app_sms_permission|unseat_sim_card[PERSONA:None]
risky_ps,72,7,target_post_switch,target_favoring,False,repair_all,repair_all,True,True,True,True,0.0,0.0,3.09295,0.0,0.0724,3.16535,,,False,True,True,fast/deep/deep/deep/deep,fast/deep/deep/deep/deep,mostly_deep_vs_mostly_deep_required,all_stage_modes_match,True,0,0,5,12,[mms_issue]bad_wifi_calling|break_apn_mms_setting|break_app_sms_permission|user_abroad_roaming_enabled_off[PERSONA:Easy]
risky_ps,73,7,target_post_switch,target_favoring,False,repair_all,repair_all,True,True,True,True,0.0,0.0,4.11712,0.0,0.0724,4.18952,,,False,True,True,fast/deep/deep/deep/deep,fast/deep/deep/deep/deep,mostly_deep_vs_mostly_deep_required,all_stage_modes_match,True,0,0,5,14,[mms_issue]airplane_mode_on|bad_wifi_calling|break_apn_mms_setting|break_app_storage_permission|user_abroad_roaming_enabled_off[PERSONA:None]
risky_ps,74,7,target_post_switch,target_favoring,False,repair_all,repair_all,True,True,True,True,0.0,0.0,3.96961,0.5,0.07600000000000001,4.04561,,,False,True,True,deep/deep/deep/deep/deep,fast/deep/deep/deep/deep,mostly_deep_vs_mostly_deep_required,deep_on_fast_required,False,0,1,4,14,[mms_issue]bad_wifi_calling|break_apn_mms_setting|break_app_storage_permission|data_mode_off|unseat_sim_card[PERSONA:None]
risky_ps,75,7,target_post_switch,target_favoring,False,repair_all,repair_all,True,True,True,True,0.0,0.0,4.37162,0.5,0.07600000000000001,4.44762,,,False,True,True,deep/deep/deep/deep/deep,fast/deep/deep/deep/deep,mostly_deep_vs_mostly_deep_required,deep_on_fast_required,False,0,1,4,14,[mms_issue]airplane_mode_on|bad_network_preference|bad_wifi_calling|break_apn_mms_setting|break_app_storage_permission|unseat_sim_card[PERSONA:Easy]
risky_ps,76,7,target_post_switch,target_favoring,True,repair_subset,transfer,False,False,False,False,22.5,18.5,4.13875,0.0,0.0724,26.711149999999996,18.0,subset_mismatch_base_plus_linear;local_clear_failure_floor_10;local_clear_and_aux_failure_floor_12;invalid_local_transfer_floor_18,False,True,True,fast/deep/deep/deep/deep,fast/deep/deep/deep/deep,mostly_deep_vs_mostly_deep_required,all_stage_modes_match,True,0,0,5,13,[mms_issue]airplane_mode_on|bad_network_preference|bad_wifi_calling|break_apn_mms_setting|break_app_both_permissions|data_mode_off|data_usage_exceeded|unseat_sim_card|user_abroad_roaming_disabled_on[PERSONA:Hard]
risky_ps,77,7,target_post_switch,target_favoring,True,repair_subset,transfer,False,False,False,False,22.5,18.5,4.83305,0.5,0.07600000000000001,27.40905,18.0,subset_mismatch_base_plus_linear;local_clear_failure_floor_10;local_clear_and_aux_failure_floor_12;invalid_local_transfer_floor_18,False,True,True,deep/deep/deep/deep/deep,fast/deep/deep/deep/deep,mostly_deep_vs_mostly_deep_required,deep_on_fast_required,False,0,1,4,15,[mms_issue]airplane_mode_on|bad_network_preference|bad_wifi_calling|break_apn_mms_setting|break_app_sms_permission|data_mode_off|data_usage_exceeded|unseat_sim_card|user_abroad_roaming_disabled_on[PERSONA:None]
risky_ps,78,7,target_post_switch,target_favoring,True,repair_subset,repair_subset,True,True,False,False,6.0,2.0,4.51226,0.5,0.0753,10.58756,6.0,clear_but_aux_failure_floor_6,False,True,True,deep/deep/deep/deep/deep,fast/deep/deep/deep/deep,mostly_deep_vs_mostly_deep_required,deep_on_fast_required,False,0,1,4,14,[mms_issue]airplane_mode_on|bad_network_preference|bad_wifi_calling|break_apn_mms_setting|break_app_both_permissions|data_mode_off|data_usage_exceeded|unseat_sim_card|user_abroad_roaming_enabled_off[PERSONA:Hard]
risky_ps,79,7,target_post_switch,target_favoring,True,repair_all,repair_all,True,True,True,True,0.0,0.0,4.16521,0.0,0.0724,4.23761,,,False,True,True,fast/deep/deep/deep/deep,fast/deep/deep/deep/deep,mostly_deep_vs_mostly_deep_required,all_stage_modes_match,True,0,0,5,13,[mms_issue]airplane_mode_on|bad_network_preference|bad_wifi_calling|break_apn_mms_setting|break_app_sms_permission|data_mode_off|unseat_sim_card|user_abroad_roaming_enabled_off[PERSONA:None]
risky_ps,80,8,target_post_switch,target_favoring,False,repair_all,repair_all,True,True,True,True,0.0,0.0,3.05375,0.0,0.0741,3.12785,,,False,True,True,fast/deep/deep/deep/deep,fast/deep/deep/deep/deep,mostly_deep_vs_mostly_deep_required,all_stage_modes_match,True,0,0,5,12,[mms_issue]bad_wifi_calling|break_apn_mms_setting|break_app_storage_permission|unseat_sim_card[PERSONA:Easy]
risky_ps,81,8,target_post_switch,target_favoring,False,repair_all,repair_all,True,True,True,True,0.0,0.0,4.2212,2.0,0.0745,4.295699999999999,,,False,True,True,deep/fast/deep/deep/deep,fast/deep/deep/deep/deep,mostly_deep_vs_mostly_deep_required,both_mismatch_types,False,1,1,3,13,[mms_issue]bad_wifi_calling|break_apn_mms_setting|break_app_sms_permission|unseat_sim_card[PERSONA:None]
risky_ps,82,8,target_post_switch,target_favoring,False,repair_all,repair_all,True,True,True,True,0.0,0.0,5.223605,3.5,0.06520000000000001,5.288805,,,False,True,True,deep/fast/deep/deep/fast,fast/deep/deep/deep/deep,mostly_deep_vs_mostly_deep_required,both_mismatch_types,False,2,1,2,13,[mms_issue]bad_wifi_calling|break_apn_mms_setting|break_app_sms_permission|user_abroad_roaming_enabled_off[PERSONA:Easy]
risky_ps,83,8,target_post_switch,target_favoring,False,repair_all,repair_all,True,True,True,True,0.0,0.0,4.17794,0.5,0.07600000000000001,4.25394,,,False,True,True,deep/deep/deep/deep/deep,fast/deep/deep/deep/deep,mostly_deep_vs_mostly_deep_required,deep_on_fast_required,False,0,1,4,14,[mms_issue]airplane_mode_on|bad_wifi_calling|break_apn_mms_setting|break_app_storage_permission|user_abroad_roaming_enabled_off[PERSONA:None]
risky_ps,84,8,target_post_switch,target_favoring,False,repair_all,repair_all,True,True,True,True,0.0,0.0,3.92316,2.0,0.0669,3.99006,,,False,True,True,deep/fast/deep/deep/deep,fast/deep/deep/deep/deep,mostly_deep_vs_mostly_deep_required,both_mismatch_types,False,1,1,3,12,[mms_issue]bad_wifi_calling|break_apn_mms_setting|break_app_storage_permission|data_mode_off|unseat_sim_card[PERSONA:None]
risky_ps,85,8,target_post_switch,target_favoring,False,repair_all,repair_all,True,True,True,True,0.0,0.0,5.08238,3.5,0.06999999999999999,5.15238,,,False,True,True,deep/fast/deep/deep/fast,fast/deep/deep/deep/deep,mostly_deep_vs_mostly_deep_required,both_mismatch_types,False,2,1,2,12,[mms_issue]airplane_mode_on|bad_network_preference|bad_wifi_calling|break_apn_mms_setting|break_app_storage_permission|unseat_sim_card[PERSONA:Easy]
risky_ps,86,8,target_post_switch,target_favoring,True,repair_subset,transfer,False,False,False,False,22.5,18.5,4.86919,0.5,0.0772,27.44639,18.0,subset_mismatch_base_plus_linear;local_clear_failure_floor_10;local_clear_and_aux_failure_floor_12;invalid_local_transfer_floor_18,False,True,True,deep/deep/deep/deep/deep,fast/deep/deep/deep/deep,mostly_deep_vs_mostly_deep_required,deep_on_fast_required,False,0,1,4,15,[mms_issue]airplane_mode_on|bad_network_preference|bad_wifi_calling|break_apn_mms_setting|break_app_both_permissions|data_mode_off|data_usage_exceeded|unseat_sim_card|user_abroad_roaming_disabled_on[PERSONA:Hard]
risky_ps,87,8,target_post_switch,target_favoring,True,repair_subset,repair_subset,False,False,True,False,21.0,17.0,4.256,0.0,0.0733,25.3293,10.0,subset_mismatch_base_plus_linear;local_clear_failure_floor_10,False,True,True,fast/deep/deep/deep/deep,fast/deep/deep/deep/deep,mostly_deep_vs_mostly_deep_required,all_stage_modes_match,True,0,0,5,13,[mms_issue]airplane_mode_on|bad_network_preference|bad_wifi_calling|break_apn_mms_setting|break_app_sms_permission|data_mode_off|data_usage_exceeded|unseat_sim_card|user_abroad_roaming_disabled_on[PERSONA:None]
risky_ps,88,8,target_post_switch,target_favoring,True,repair_subset,repair_subset,True,True,False,False,6.0,2.0,3.77048,0.0,0.0735,9.84398,6.0,clear_but_aux_failure_floor_6,False,True,True,fast/deep/deep/deep/deep,fast/deep/deep/deep/deep,mostly_deep_vs_mostly_deep_required,all_stage_modes_match,True,0,0,5,12,[mms_issue]airplane_mode_on|bad_network_preference|bad_wifi_calling|break_apn_mms_setting|break_app_both_permissions|data_mode_off|data_usage_exceeded|unseat_sim_card|user_abroad_roaming_enabled_off[PERSONA:Hard]
risky_ps,89,8,target_post_switch,target_favoring,True,repair_all,repair_all,True,True,True,True,0.0,0.0,4.31723,2.0,0.0671,4.38433,,,False,True,True,deep/fast/deep/deep/deep,fast/deep/deep/deep/deep,mostly_deep_vs_mostly_deep_required,both_mismatch_types,False,1,1,3,12,[mms_issue]airplane_mode_on|bad_network_preference|bad_wifi_calling|break_apn_mms_setting|break_app_sms_permission|data_mode_off|unseat_sim_card|user_abroad_roaming_enabled_off[PERSONA:None]
risky_ps,90,9,target_post_switch,target_favoring,False,repair_all,repair_all,True,True,True,True,0.0,0.0,3.74986,2.0,0.06570000000000001,3.81556,,,False,True,True,deep/fast/deep/deep/deep,fast/deep/deep/deep/deep,mostly_deep_vs_mostly_deep_required,both_mismatch_types,False,1,1,3,12,[mms_issue]bad_wifi_calling|break_apn_mms_setting|break_app_storage_permission|unseat_sim_card[PERSONA:Easy]
risky_ps,91,9,target_post_switch,target_favoring,False,repair_all,repair_all,True,True,True,True,0.0,0.0,4.2142,2.0,0.06570000000000001,4.2799,,,False,True,True,deep/fast/deep/deep/deep,fast/deep/deep/deep/deep,mostly_deep_vs_mostly_deep_required,both_mismatch_types,False,1,1,3,13,[mms_issue]bad_wifi_calling|break_apn_mms_setting|break_app_sms_permission|unseat_sim_card[PERSONA:None]
risky_ps,92,9,target_post_switch,target_favoring,False,repair_all,repair_all,True,True,True,True,0.0,0.0,6.22023,2.0,0.0758,6.29603,,,False,True,True,deep/fast/deep/deep/deep,fast/deep/deep/deep/deep,mostly_deep_vs_mostly_deep_required,both_mismatch_types,False,1,1,3,17,[mms_issue]bad_wifi_calling|break_apn_mms_setting|break_app_sms_permission|user_abroad_roaming_enabled_off[PERSONA:Easy]
risky_ps,93,9,target_post_switch,target_favoring,False,repair_all,repair_all,True,True,True,True,0.0,0.0,4.29757,0.5,0.0748,4.37237,,,False,True,True,deep/deep/deep/deep/deep,fast/deep/deep/deep/deep,mostly_deep_vs_mostly_deep_required,deep_on_fast_required,False,0,1,4,14,[mms_issue]airplane_mode_on|bad_wifi_calling|break_apn_mms_setting|break_app_storage_permission|user_abroad_roaming_enabled_off[PERSONA:None]
risky_ps,94,9,target_post_switch,target_favoring,False,repair_all,repair_all,True,True,True,True,0.0,0.0,3.21797,0.0,0.0735,3.2914700000000003,,,False,True,True,fast/deep/deep/deep/deep,fast/deep/deep/deep/deep,mostly_deep_vs_mostly_deep_required,all_stage_modes_match,True,0,0,5,12,[mms_issue]bad_wifi_calling|break_apn_mms_setting|break_app_storage_permission|data_mode_off|unseat_sim_card[PERSONA:None]
risky_ps,95,9,target_post_switch,target_favoring,False,repair_all,transfer,False,False,True,False,18.5,14.5,4.75592,0.5,0.07650000000000001,23.33242,18.0,subset_mismatch_base_plus_linear;local_clear_failure_floor_10;invalid_local_transfer_floor_18,False,True,True,deep/deep/deep/deep/deep,fast/deep/deep/deep/deep,mostly_deep_vs_mostly_deep_required,deep_on_fast_required,False,0,1,4,15,[mms_issue]airplane_mode_on|bad_network_preference|bad_wifi_calling|break_apn_mms_setting|break_app_storage_permission|unseat_sim_card[PERSONA:Easy]
risky_ps,96,9,target_post_switch,target_favoring,True,repair_subset,repair_subset,False,False,False,False,12.0,3.0,5.56544,3.5,0.063,17.62844,12.0,subset_mismatch_base_plus_linear;local_clear_failure_floor_10;local_clear_and_aux_failure_floor_12,False,True,True,deep/fast/deep/deep/fast,fast/deep/deep/deep/deep,mostly_deep_vs_mostly_deep_required,both_mismatch_types,False,2,1,2,12,[mms_issue]airplane_mode_on|bad_network_preference|bad_wifi_calling|break_apn_mms_setting|break_app_both_permissions|data_mode_off|data_usage_exceeded|unseat_sim_card|user_abroad_roaming_disabled_on[PERSONA:Hard]
risky_ps,97,9,target_post_switch,target_favoring,True,repair_subset,transfer,False,False,False,False,22.5,18.5,4.03221,0.0,0.0724,26.604609999999997,18.0,subset_mismatch_base_plus_linear;local_clear_failure_floor_10;local_clear_and_aux_failure_floor_12;invalid_local_transfer_floor_18,False,True,True,fast/deep/deep/deep/deep,fast/deep/deep/deep/deep,mostly_deep_vs_mostly_deep_required,all_stage_modes_match,True,0,0,5,13,[mms_issue]airplane_mode_on|bad_network_preference|bad_wifi_calling|break_apn_mms_setting|break_app_sms_permission|data_mode_off|data_usage_exceeded|unseat_sim_card|user_abroad_roaming_disabled_on[PERSONA:None]
risky_ps,98,9,target_post_switch,target_favoring,True,repair_subset,repair_subset,False,False,False,False,17.0,13.0,5.2756,2.0,0.0669,22.3425,12.0,subset_mismatch_base_plus_linear;local_clear_failure_floor_10;local_clear_and_aux_failure_floor_12,False,True,True,deep/fast/deep/deep/deep,fast/deep/deep/deep/deep,mostly_deep_vs_mostly_deep_required,both_mismatch_types,False,1,1,3,14,[mms_issue]airplane_mode_on|bad_network_preference|bad_wifi_calling|break_apn_mms_setting|break_app_both_permissions|data_mode_off|data_usage_exceeded|unseat_sim_card|user_abroad_roaming_enabled_off[PERSONA:Hard]
risky_ps,99,9,target_post_switch,target_favoring,True,repair_all,repair_all,True,True,True,True,0.0,0.0,4.30435,2.0,0.06570000000000001,4.37005,,,False,True,True,deep/fast/deep/deep/deep,fast/deep/deep/deep/deep,mostly_deep_vs_mostly_deep_required,both_mismatch_types,False,1,1,3,12,[mms_issue]airplane_mode_on|bad_network_preference|bad_wifi_calling|break_apn_mms_setting|break_app_sms_permission|data_mode_off|unseat_sim_card|user_abroad_roaming_enabled_off[PERSONA:None]
risky_ps_linear,0,0,trap_pre_switch,trap_favoring,False,repair_all,repair_all,True,True,True,True,0.0,0.0,4.150155,1.5,0.06670000000000001,4.216855,,,False,True,True,fast/fast/deep/deep/deep,fast/fast/fast/fast/fast,mostly_deep_vs_mostly_fast_required,deep_on_fast_required,False,0,3,2,10,[mms_issue]airplane_mode_on|bad_wifi_calling|break_app_storage_permission[PERSONA:Easy]
risky_ps_linear,1,0,trap_pre_switch,trap_favoring,False,repair_all,repair_all,True,True,True,True,0.0,0.0,4.27999,1.5,0.06530000000000001,4.345289999999999,,,False,True,True,deep/fast/deep/deep/fast,fast/fast/fast/fast/fast,mostly_deep_vs_mostly_fast_required,deep_on_fast_required,False,0,3,2,12,[mms_issue]airplane_mode_on|bad_wifi_calling|break_app_sms_permission[PERSONA:None]
risky_ps_linear,2,0,trap_pre_switch,trap_favoring,False,repair_all,repair_all,True,True,True,True,0.0,0.0,7.69048,1.5,0.07500000000000001,7.76548,,,False,True,True,fast/fast/deep/deep/deep,fast/fast/fast/fast/fast,mostly_deep_vs_mostly_fast_required,deep_on_fast_required,False,0,3,2,16,[mms_issue]bad_wifi_calling[PERSONA:Easy]
risky_ps_linear,3,0,trap_pre_switch,trap_favoring,False,repair_all,repair_all,True,True,True,True,0.0,0.0,5.246305,2.0,0.0758,5.3221050000000005,,,False,True,True,deep/fast/deep/deep/deep,fast/fast/fast/fast/fast,mostly_deep_vs_mostly_fast_required,deep_on_fast_required,False,0,4,1,13,[mms_issue]bad_wifi_calling|break_app_storage_permission[PERSONA:Easy]
risky_ps_linear,4,0,trap_pre_switch,trap_favoring,False,repair_all,repair_all,True,True,True,True,0.0,0.0,4.69003,1.5,0.06420000000000001,4.75423,,,False,True,True,deep/fast/fast/deep/deep,fast/fast/fast/fast/fast,mostly_deep_vs_mostly_fast_required,deep_on_fast_required,False,0,3,2,13,[mms_issue]bad_wifi_calling|break_app_sms_permission[PERSONA:None]
risky_ps_linear,5,0,trap_pre_switch,trap_favoring,False,repair_all,repair_all,True,True,True,True,0.0,0.0,4.976775,2.0,0.0752,5.051975,,,False,True,True,fast/deep/deep/deep/deep,fast/fast/fast/fast/fast,mostly_deep_vs_mostly_fast_required,deep_on_fast_required,False,0,4,1,12,[mms_issue]bad_network_preference|bad_wifi_calling|break_app_storage_permission[PERSONA:Hard]
risky_ps_linear,6,0,trap_pre_switch,trap_favoring,False,repair_all,repair_all,True,True,True,True,0.0,0.0,3.17744,0.5,0.05600000000000001,3.23344,,,False,True,True,deep/fast/fast/fast/fast,fast/fast/fast/fast/fast,mostly_fast_vs_mostly_fast_required,deep_on_fast_required,False,0,1,4,12,[mms_issue]bad_wifi_calling|break_app_sms_permission|data_mode_off[PERSONA:None]
risky_ps_linear,7,0,trap_pre_switch,trap_favoring,False,repair_all,repair_all,True,True,True,True,0.0,0.0,4.325205,1.0,0.0601,4.385305000000001,,,False,True,True,fast/fast/fast/deep/deep,fast/fast/fast/fast/fast,mostly_fast_vs_mostly_fast_required,deep_on_fast_required,False,0,2,3,11,[mms_issue]bad_network_preference|bad_wifi_calling|break_app_sms_permission[PERSONA:Easy]
risky_ps_linear,8,0,trap_pre_switch,trap_favoring,False,repair_all,repair_all,True,True,True,True,0.0,0.0,4.131875,1.5,0.0725,4.204375,,,False,True,True,fast/fast/deep/deep/deep,fast/fast/fast/fast/fast,mostly_deep_vs_mostly_fast_required,deep_on_fast_required,False,0,3,2,10,[mms_issue]bad_wifi_calling|break_app_storage_permission|data_mode_off[PERSONA:Easy]
risky_ps_linear,9,0,trap_pre_switch,trap_favoring,False,repair_all,repair_all,True,True,True,True,0.0,0.0,4.74813,1.5,0.0731,4.82123,,,False,True,True,deep/fast/fast/deep/deep,fast/fast/fast/fast/fast,mostly_deep_vs_mostly_fast_required,deep_on_fast_required,False,0,3,2,13,[mms_issue]airplane_mode_on|bad_wifi_calling[PERSONA:Easy]
risky_ps_linear,10,1,trap_pre_switch,trap_favoring,False,repair_all,repair_all,True,True,True,True,0.0,0.0,3.582265,1.0,0.0632,3.645465,,,False,True,True,deep/fast/deep/fast/fast,fast/fast/fast/fast/fast,mostly_fast_vs_mostly_fast_required,deep_on_fast_required,False,0,2,3,12,[mms_issue]airplane_mode_on|bad_wifi_calling|break_app_storage_permission[PERSONA:Easy]
risky_ps_linear,11,1,trap_pre_switch,trap_favoring,False,repair_all,repair_all,True,True,True,True,0.0,0.0,5.01151,2.0,0.07750000000000001,5.08901,,,False,True,True,fast/deep/deep/deep/deep,fast/fast/fast/fast/fast,mostly_deep_vs_mostly_fast_required,deep_on_fast_required,False,0,4,1,12,[mms_issue]airplane_mode_on|bad_wifi_calling|break_app_sms_permission[PERSONA:None]
risky_ps_linear,12,1,trap_pre_switch,trap_favoring,False,repair_all,repair_all,True,True,True,True,0.0,0.0,2.332915,0.5,0.0641,2.3970149999999997,,,False,True,True,fast/fast/fast/fast/deep,fast/fast/fast/fast/fast,mostly_fast_vs_mostly_fast_required,deep_on_fast_required,False,0,1,4,9,[mms_issue]bad_wifi_calling[PERSONA:Easy]
risky_ps_linear,13,1,trap_pre_switch,trap_favoring,False,repair_all,repair_all,True,True,True,True,0.0,0.0,4.452255,1.5,0.0704,4.522655,,,False,True,True,fast/fast/deep/deep/deep,fast/fast/fast/fast/fast,mostly_deep_vs_mostly_fast_required,deep_on_fast_required,False,0,3,2,11,[mms_issue]bad_wifi_calling|break_app_storage_permission[PERSONA:Easy]
risky_ps_linear,14,1,trap_pre_switch,trap_favoring,False,repair_all,repair_all,True,True,True,True,0.0,0.0,4.45935,1.5,0.06830000000000001,4.5276499999999995,,,False,True,True,fast/fast/deep/deep/deep,fast/fast/fast/fast/fast,mostly_deep_vs_mostly_fast_required,deep_on_fast_required,False,0,3,2,11,[mms_issue]bad_wifi_calling|break_app_sms_permission[PERSONA:None]
risky_ps_linear,15,1,trap_pre_switch,trap_favoring,False,repair_all,repair_all,True,True,True,True,0.0,0.0,6.416375,2.5,0.07600000000000001,6.492375,,,False,True,True,deep/deep/deep/deep/deep,fast/fast/fast/fast/fast,mostly_deep_vs_mostly_fast_required,deep_on_fast_required,False,0,5,0,15,[mms_issue]bad_network_preference|bad_wifi_calling|break_app_storage_permission[PERSONA:Hard]
risky_ps_linear,16,1,trap_pre_switch,trap_favoring,False,repair_all,repair_all,True,True,True,True,0.0,0.0,4.693245,2.0,0.0742,4.767445,,,False,True,True,fast/deep/deep/deep/deep,fast/fast/fast/fast/fast,mostly_deep_vs_mostly_fast_required,deep_on_fast_required,False,0,4,1,11,[mms_issue]bad_wifi_calling|break_app_sms_permission|data_mode_off[PERSONA:None]
risky_ps_linear,17,1,trap_pre_switch,trap_favoring,False,repair_all,repair_all,True,True,True,True,0.0,0.0,3.68983,1.0,0.0661,3.75593,,,False,True,True,fast/fast/fast/deep/deep,fast/fast/fast/fast/fast,mostly_fast_vs_mostly_fast_required,deep_on_fast_required,False,0,2,3,10,[mms_issue]bad_network_preference|bad_wifi_calling|break_app_sms_permission[PERSONA:Easy]
risky_ps_linear,18,1,trap_pre_switch,trap_favoring,False,repair_all,repair_all,True,True,True,True,0.0,0.0,5.382,2.5,0.07790000000000001,5.459899999999999,,,False,True,True,deep/deep/deep/deep/deep,fast/fast/fast/fast/fast,mostly_deep_vs_mostly_fast_required,deep_on_fast_required,False,0,5,0,13,[mms_issue]bad_wifi_calling|break_app_storage_permission|data_mode_off[PERSONA:Easy]
risky_ps_linear,19,1,trap_pre_switch,trap_favoring,False,repair_all,repair_all,True,True,True,True,0.0,0.0,4.40095,2.0,0.06930000000000001,4.47025,,,False,True,True,fast/deep/deep/deep/deep,fast/fast/fast/fast/fast,mostly_deep_vs_mostly_fast_required,deep_on_fast_required,False,0,4,1,11,[mms_issue]airplane_mode_on|bad_wifi_calling[PERSONA:Easy]
risky_ps_linear,20,2,trap_pre_switch,trap_favoring,False,repair_all,repair_all,True,True,True,True,0.0,0.0,3.737105,1.0,0.0608,3.797905,,,False,True,True,deep/fast/fast/fast/deep,fast/fast/fast/fast/fast,mostly_fast_vs_mostly_fast_required,deep_on_fast_required,False,0,2,3,12,[mms_issue]airplane_mode_on|bad_wifi_calling|break_app_storage_permission[PERSONA:Easy]
risky_ps_linear,21,2,trap_pre_switch,trap_favoring,False,repair_all,repair_all,True,True,True,True,0.0,0.0,3.142735,0.5,0.0671,3.209835,,,False,True,True,fast/fast/fast/deep/fast,fast/fast/fast/fast/fast,mostly_fast_vs_mostly_fast_required,deep_on_fast_required,False,0,1,4,10,[mms_issue]airplane_mode_on|bad_wifi_calling|break_app_sms_permission[PERSONA:None]
risky_ps_linear,22,2,trap_pre_switch,trap_favoring,False,repair_all,repair_all,True,True,True,True,0.0,0.0,9.28969,1.5,0.06380000000000001,9.35349,,,False,True,True,fast/deep/fast/deep/deep,fast/fast/fast/fast/fast,mostly_deep_vs_mostly_fast_required,deep_on_fast_required,False,0,3,2,20,[mms_issue]bad_wifi_calling[PERSONA:Easy]
risky_ps_linear,23,2,trap_pre_switch,trap_favoring,False,repair_all,repair_all,True,True,True,True,0.0,0.0,4.069345,1.5,0.063,4.132345,,,False,True,True,deep/fast/deep/deep/fast,fast/fast/fast/fast/fast,mostly_deep_vs_mostly_fast_required,deep_on_fast_required,False,0,3,2,12,[mms_issue]bad_wifi_calling|break_app_storage_permission[PERSONA:Easy]
risky_ps_linear,24,2,trap_pre_switch,trap_favoring,False,repair_all,repair_all,True,True,True,True,0.0,0.0,4.20188,1.5,0.0717,4.27358,,,False,True,True,fast/deep/deep/deep/fast,fast/fast/fast/fast/fast,mostly_deep_vs_mostly_fast_required,deep_on_fast_required,False,0,3,2,12,[mms_issue]bad_wifi_calling|break_app_sms_permission[PERSONA:None]
risky_ps_linear,25,2,target_post_switch,target_favoring,False,repair_all,repair_subset,False,False,True,False,10.0,5.0,3.78756,0.0,0.0752,13.862760000000002,10.0,subset_mismatch_base_plus_linear;local_clear_failure_floor_10,False,True,True,fast/deep/deep/deep/deep,fast/deep/deep/deep/deep,mostly_deep_vs_mostly_deep_required,all_stage_modes_match,True,0,0,5,13,[mms_issue]airplane_mode_on|bad_network_preference|bad_wifi_calling|break_apn_mms_setting|break_app_storage_permission|unseat_sim_card[PERSONA:Easy]
risky_ps_linear,26,2,target_post_switch,target_favoring,True,repair_subset,repair_subset,False,False,False,False,17.0,13.0,4.02254,1.5,0.0742,21.09674,12.0,subset_mismatch_base_plus_linear;local_clear_failure_floor_10;local_clear_and_aux_failure_floor_12,False,True,True,fast/fast/deep/deep/deep,fast/deep/deep/deep/deep,mostly_deep_vs_mostly_deep_required,fast_on_deep_required,False,1,0,4,11,[mms_issue]airplane_mode_on|bad_network_preference|bad_wifi_calling|break_apn_mms_setting|break_app_both_permissions|data_mode_off|data_usage_exceeded|unseat_sim_card|user_abroad_roaming_disabled_on[PERSONA:Hard]
risky_ps_linear,27,2,target_post_switch,target_favoring,True,repair_subset,repair_subset,False,False,False,False,12.0,4.0,5.48538,0.5,0.07600000000000001,17.56138,12.0,subset_mismatch_base_plus_linear;local_clear_failure_floor_10;local_clear_and_aux_failure_floor_12,False,True,True,deep/deep/deep/deep/deep,fast/deep/deep/deep/deep,mostly_deep_vs_mostly_deep_required,deep_on_fast_required,False,0,1,4,16,[mms_issue]airplane_mode_on|bad_network_preference|bad_wifi_calling|break_apn_mms_setting|break_app_sms_permission|data_mode_off|data_usage_exceeded|unseat_sim_card|user_abroad_roaming_disabled_on[PERSONA:None]
risky_ps_linear,28,2,target_post_switch,target_favoring,True,repair_subset,repair_subset,False,False,False,False,17.0,13.0,5.27196,2.0,0.0741,22.34606,12.0,subset_mismatch_base_plus_linear;local_clear_failure_floor_10;local_clear_and_aux_failure_floor_12,False,True,True,deep/fast/deep/deep/deep,fast/deep/deep/deep/deep,mostly_deep_vs_mostly_deep_required,both_mismatch_types,False,1,1,3,14,[mms_issue]airplane_mode_on|bad_network_preference|bad_wifi_calling|break_apn_mms_setting|break_app_both_permissions|data_mode_off|data_usage_exceeded|unseat_sim_card|user_abroad_roaming_enabled_off[PERSONA:Hard]
risky_ps_linear,29,2,target_post_switch,target_favoring,True,repair_all,repair_all,True,True,True,True,0.0,0.0,4.03361,0.0,0.0675,4.10111,,,False,True,True,fast/deep/deep/deep/deep,fast/deep/deep/deep/deep,mostly_deep_vs_mostly_deep_required,all_stage_modes_match,True,0,0,5,12,[mms_issue]airplane_mode_on|bad_network_preference|bad_wifi_calling|break_apn_mms_setting|break_app_sms_permission|data_mode_off|unseat_sim_card|user_abroad_roaming_enabled_off[PERSONA:None]
risky_ps_linear,30,3,target_post_switch,target_favoring,False,repair_all,repair_all,True,True,True,True,0.0,0.0,4.64091,3.0,0.06949999999999999,4.7104099999999995,,,False,True,True,fast/deep/fast/fast/deep,fast/deep/deep/deep/deep,mostly_fast_vs_mostly_deep_required,fast_on_deep_required,False,2,0,3,12,[mms_issue]bad_wifi_calling|break_apn_mms_setting|break_app_storage_permission|unseat_sim_card[PERSONA:Easy]
risky_ps_linear,31,3,target_post_switch,target_favoring,False,repair_all,transfer,False,False,True,False,18.0,10.5,3.05781,0.0,0.07410000000000001,21.13191,18.0,subset_mismatch_base_plus_linear;local_clear_failure_floor_10;invalid_local_transfer_floor_18,False,True,True,fast/deep/deep/deep/deep,fast/deep/deep/deep/deep,mostly_deep_vs_mostly_deep_required,all_stage_modes_match,True,0,0,5,12,[mms_issue]bad_wifi_calling|break_apn_mms_setting|break_app_sms_permission|unseat_sim_card[PERSONA:None]
risky_ps_linear,32,3,target_post_switch,target_favoring,False,repair_all,repair_all,True,True,True,True,0.0,0.0,4.4936,0.5,0.0748,4.5684,,,False,True,True,deep/deep/deep/deep/deep,fast/deep/deep/deep/deep,mostly_deep_vs_mostly_deep_required,deep_on_fast_required,False,0,1,4,15,[mms_issue]bad_wifi_calling|break_apn_mms_setting|break_app_sms_permission|user_abroad_roaming_enabled_off[PERSONA:Easy]
risky_ps_linear,33,3,target_post_switch,target_favoring,False,repair_all,repair_all,True,True,True,True,0.0,0.0,4.80149,2.0,0.0695,4.87099,,,False,True,True,deep/fast/deep/deep/deep,fast/deep/deep/deep/deep,mostly_deep_vs_mostly_deep_required,both_mismatch_types,False,1,1,3,14,[mms_issue]airplane_mode_on|bad_wifi_calling|break_apn_mms_setting|break_app_storage_permission|user_abroad_roaming_enabled_off[PERSONA:None]
risky_ps_linear,34,3,target_post_switch,target_favoring,False,repair_all,repair_all,True,True,True,True,0.0,0.0,4.240605,1.5,0.06770000000000001,4.308305000000001,,,False,True,True,fast/deep/fast/deep/deep,fast/deep/deep/deep/deep,mostly_deep_vs_mostly_deep_required,fast_on_deep_required,False,1,0,4,13,[mms_issue]bad_wifi_calling|break_apn_mms_setting|break_app_storage_permission|data_mode_off|unseat_sim_card[PERSONA:None]
risky_ps_linear,35,3,target_post_switch,target_favoring,False,repair_all,repair_subset,False,False,True,False,10.0,5.0,3.64994,0.0,0.0714,13.721340000000001,10.0,subset_mismatch_base_plus_linear;local_clear_failure_floor_10,False,True,True,fast/deep/deep/deep/deep,fast/deep/deep/deep/deep,mostly_deep_vs_mostly_deep_required,all_stage_modes_match,True,0,0,5,12,[mms_issue]airplane_mode_on|bad_network_preference|bad_wifi_calling|break_apn_mms_setting|break_app_storage_permission|unseat_sim_card[PERSONA:Easy]
risky_ps_linear,36,3,target_post_switch,target_favoring,True,repair_subset,repair_subset,False,False,False,False,14.0,5.0,5.76838,4.5,0.0623,19.83068,14.0,subset_mismatch_base_plus_linear;local_clear_failure_floor_10;local_clear_and_aux_failure_floor_12;fast_path_on_deep_required_clear_failure_floor_14,False,True,True,fast/fast/fast/fast/deep,fast/deep/deep/deep/deep,mostly_fast_vs_mostly_deep_required,fast_on_deep_required,False,3,0,2,11,[mms_issue]airplane_mode_on|bad_network_preference|bad_wifi_calling|break_apn_mms_setting|break_app_both_permissions|data_mode_off|data_usage_exceeded|unseat_sim_card|user_abroad_roaming_disabled_on[PERSONA:Hard]
risky_ps_linear,37,3,target_post_switch,target_favoring,True,repair_subset,transfer,False,False,False,False,23.5,19.5,4.66533,2.0,0.0714,28.23673,18.0,subset_mismatch_base_plus_linear;local_clear_failure_floor_10;local_clear_and_aux_failure_floor_12;invalid_local_transfer_floor_18,False,True,True,deep/fast/deep/deep/deep,fast/deep/deep/deep/deep,mostly_deep_vs_mostly_deep_required,both_mismatch_types,False,1,1,3,13,[mms_issue]airplane_mode_on|bad_network_preference|bad_wifi_calling|break_apn_mms_setting|break_app_sms_permission|data_mode_off|data_usage_exceeded|unseat_sim_card|user_abroad_roaming_disabled_on[PERSONA:None]
risky_ps_linear,38,3,target_post_switch,target_favoring,True,repair_subset,repair_subset,True,True,False,False,6.0,2.0,4.49686,0.5,0.0748,10.57166,6.0,clear_but_aux_failure_floor_6,False,True,True,deep/deep/deep/deep/deep,fast/deep/deep/deep/deep,mostly_deep_vs_mostly_deep_required,deep_on_fast_required,False,0,1,4,14,[mms_issue]airplane_mode_on|bad_network_preference|bad_wifi_calling|break_apn_mms_setting|break_app_both_permissions|data_mode_off|data_usage_exceeded|unseat_sim_card|user_abroad_roaming_enabled_off[PERSONA:Hard]
risky_ps_linear,39,3,target_post_switch,target_favoring,True,repair_all,repair_all,True,True,True,True,0.0,0.0,5.52285,0.5,0.0772,5.60005,,,False,True,True,deep/deep/deep/deep/deep,fast/deep/deep/deep/deep,mostly_deep_vs_mostly_deep_required,deep_on_fast_required,False,0,1,4,16,[mms_issue]airplane_mode_on|bad_network_preference|bad_wifi_calling|break_apn_mms_setting|break_app_sms_permission|data_mode_off|unseat_sim_card|user_abroad_roaming_enabled_off[PERSONA:None]
risky_ps_linear,40,4,target_post_switch,target_favoring,False,repair_all,repair_subset,False,False,True,False,11.0,7.0,4.387485,1.5,0.07740000000000001,15.464885,10.0,subset_mismatch_base_plus_linear;local_clear_failure_floor_10,False,True,True,fast/deep/deep/deep/fast,fast/deep/deep/deep/deep,mostly_deep_vs_mostly_deep_required,fast_on_deep_required,False,1,0,4,13,[mms_issue]bad_wifi_calling|break_apn_mms_setting|break_app_storage_permission|unseat_sim_card[PERSONA:Easy]
risky_ps_linear,41,4,target_post_switch,target_favoring,False,repair_all,repair_all,True,True,True,True,0.0,0.0,3.922145,1.5,0.0591,3.981245,,,False,True,True,fast/deep/deep/deep/fast,fast/deep/deep/deep/deep,mostly_deep_vs_mostly_deep_required,fast_on_deep_required,False,1,0,4,12,[mms_issue]bad_wifi_calling|break_apn_mms_setting|break_app_sms_permission|unseat_sim_card[PERSONA:None]
risky_ps_linear,42,4,target_post_switch,target_favoring,False,repair_all,repair_all,True,True,True,True,0.0,0.0,2.92985,0.0,0.0758,3.00565,,,False,True,True,fast/deep/deep/deep/deep,fast/deep/deep/deep/deep,mostly_deep_vs_mostly_deep_required,all_stage_modes_match,True,0,0,5,11,[mms_issue]bad_wifi_calling|break_apn_mms_setting|break_app_sms_permission|user_abroad_roaming_enabled_off[PERSONA:Easy]
risky_ps_linear,43,4,target_post_switch,target_favoring,False,repair_all,repair_all,True,True,True,True,0.0,0.0,3.87925,1.5,0.072,3.95125,,,False,True,True,fast/fast/deep/deep/deep,fast/deep/deep/deep/deep,mostly_deep_vs_mostly_deep_required,fast_on_deep_required,False,1,0,4,12,[mms_issue]airplane_mode_on|bad_wifi_calling|break_apn_mms_setting|break_app_storage_permission|user_abroad_roaming_enabled_off[PERSONA:None]
risky_ps_linear,44,4,target_post_switch,target_favoring,False,repair_all,repair_all,True,True,True,True,0.0,0.0,5.85163,6.0,0.0595,5.91113,,,False,True,True,fast/fast/fast/fast/fast,fast/deep/deep/deep/deep,mostly_fast_vs_mostly_deep_required,fast_on_deep_required,False,4,0,1,10,[mms_issue]bad_wifi_calling|break_apn_mms_setting|break_app_storage_permission|data_mode_off|unseat_sim_card[PERSONA:None]
risky_ps_linear,45,4,target_post_switch,target_favoring,False,repair_all,repair_subset,False,False,True,False,10.0,5.0,3.94926,0.0,0.07590000000000001,14.025160000000001,10.0,subset_mismatch_base_plus_linear;local_clear_failure_floor_10,False,True,True,fast/deep/deep/deep/deep,fast/deep/deep/deep/deep,mostly_deep_vs_mostly_deep_required,all_stage_modes_match,True,0,0,5,13,[mms_issue]airplane_mode_on|bad_network_preference|bad_wifi_calling|break_apn_mms_setting|break_app_storage_permission|unseat_sim_card[PERSONA:Easy]
risky_ps_linear,46,4,target_post_switch,target_favoring,True,repair_subset,transfer,False,False,False,False,22.5,18.5,4.672135,1.5,0.0763,27.248435,18.0,subset_mismatch_base_plus_linear;local_clear_failure_floor_10;local_clear_and_aux_failure_floor_12;invalid_local_transfer_floor_18,False,True,True,fast/deep/fast/deep/deep,fast/deep/deep/deep/deep,mostly_deep_vs_mostly_deep_required,fast_on_deep_required,False,1,0,4,13,[mms_issue]airplane_mode_on|bad_network_preference|bad_wifi_calling|break_apn_mms_setting|break_app_both_permissions|data_mode_off|data_usage_exceeded|unseat_sim_card|user_abroad_roaming_disabled_on[PERSONA:Hard]
risky_ps_linear,47,4,target_post_switch,target_favoring,True,repair_subset,repair_subset,False,False,True,False,19.0,15.0,5.38486,0.5,0.0753,24.46016,10.0,subset_mismatch_base_plus_linear;local_clear_failure_floor_10,False,True,True,deep/deep/deep/deep/deep,fast/deep/deep/deep/deep,mostly_deep_vs_mostly_deep_required,deep_on_fast_required,False,0,1,4,16,[mms_issue]airplane_mode_on|bad_network_preference|bad_wifi_calling|break_apn_mms_setting|break_app_sms_permission|data_mode_off|data_usage_exceeded|unseat_sim_card|user_abroad_roaming_disabled_on[PERSONA:None]
risky_ps_linear,48,4,target_post_switch,target_favoring,True,repair_subset,repair_subset,False,False,False,False,17.0,13.0,4.52948,1.5,0.0716,21.60108,12.0,subset_mismatch_base_plus_linear;local_clear_failure_floor_10;local_clear_and_aux_failure_floor_12,False,True,True,fast/fast/deep/deep/deep,fast/deep/deep/deep/deep,mostly_deep_vs_mostly_deep_required,fast_on_deep_required,False,1,0,4,12,[mms_issue]airplane_mode_on|bad_network_preference|bad_wifi_calling|break_apn_mms_setting|break_app_both_permissions|data_mode_off|data_usage_exceeded|unseat_sim_card|user_abroad_roaming_enabled_off[PERSONA:Hard]
risky_ps_linear,49,4,target_post_switch,target_favoring,True,repair_all,transfer,False,False,True,False,22.5,18.5,5.22009,2.0,0.0669,27.78699,18.0,subset_mismatch_base_plus_linear;local_clear_failure_floor_10;invalid_local_transfer_floor_18,False,True,True,deep/fast/deep/deep/deep,fast/deep/deep/deep/deep,mostly_deep_vs_mostly_deep_required,both_mismatch_types,False,1,1,3,14,[mms_issue]airplane_mode_on|bad_network_preference|bad_wifi_calling|break_apn_mms_setting|break_app_sms_permission|data_mode_off|unseat_sim_card|user_abroad_roaming_enabled_off[PERSONA:None]
risky_ps_linear,50,5,target_post_switch,target_favoring,False,repair_all,repair_all,True,True,True,True,0.0,0.0,4.25476,0.5,0.07650000000000001,4.33126,,,False,True,True,deep/deep/deep/deep/deep,fast/deep/deep/deep/deep,mostly_deep_vs_mostly_deep_required,deep_on_fast_required,False,0,1,4,15,[mms_issue]bad_wifi_calling|break_apn_mms_setting|break_app_storage_permission|unseat_sim_card[PERSONA:Easy]
risky_ps_linear,51,5,target_post_switch,target_favoring,False,repair_all,repair_all,True,True,True,True,0.0,0.0,5.629765,5.0,0.061,5.690765,,,False,True,True,deep/fast/fast/deep/fast,fast/deep/deep/deep/deep,mostly_fast_vs_mostly_deep_required,both_mismatch_types,False,3,1,1,13,[mms_issue]bad_wifi_calling|break_apn_mms_setting|break_app_sms_permission|unseat_sim_card[PERSONA:None]
risky_ps_linear,52,5,target_post_switch,target_favoring,False,repair_all,repair_all,True,True,True,True,0.0,0.0,3.78094,2.0,0.0752,3.8561400000000003,,,False,True,True,deep/fast/deep/deep/deep,fast/deep/deep/deep/deep,mostly_deep_vs_mostly_deep_required,both_mismatch_types,False,1,1,3,12,[mms_issue]bad_wifi_calling|break_apn_mms_setting|break_app_sms_permission|user_abroad_roaming_enabled_off[PERSONA:Easy]
risky_ps_linear,53,5,target_post_switch,target_favoring,False,repair_all,repair_all,True,True,True,True,0.0,0.0,3.70559,0.0,0.07780000000000001,3.78339,,,False,True,True,fast/deep/deep/deep/deep,fast/deep/deep/deep/deep,mostly_deep_vs_mostly_deep_required,all_stage_modes_match,True,0,0,5,13,[mms_issue]airplane_mode_on|bad_wifi_calling|break_apn_mms_setting|break_app_storage_permission|user_abroad_roaming_enabled_off[PERSONA:None]
risky_ps_linear,54,5,target_post_switch,target_favoring,False,repair_all,transfer,False,False,True,False,18.0,12.5,4.17978,2.0,0.0695,22.249280000000002,18.0,subset_mismatch_base_plus_linear;local_clear_failure_floor_10;invalid_local_transfer_floor_18,False,True,True,deep/fast/deep/deep/deep,fast/deep/deep/deep/deep,mostly_deep_vs_mostly_deep_required,both_mismatch_types,False,1,1,3,13,[mms_issue]bad_wifi_calling|break_apn_mms_setting|break_app_storage_permission|data_mode_off|unseat_sim_card[PERSONA:None]
risky_ps_linear,55,5,target_post_switch,target_favoring,False,repair_all,repair_all,True,True,True,True,0.0,0.0,7.43449,0.0,0.0777,7.51219,,,False,True,True,fast/deep/deep/deep/deep,fast/deep/deep/deep/deep,mostly_deep_vs_mostly_deep_required,all_stage_modes_match,True,0,0,5,19,[mms_issue]airplane_mode_on|bad_network_preference|bad_wifi_calling|break_apn_mms_setting|break_app_storage_permission|unseat_sim_card[PERSONA:Easy]
risky_ps_linear,56,5,target_post_switch,target_favoring,True,repair_subset,repair_subset,False,False,False,False,12.0,3.0,4.74227,2.0,0.0679,16.81017,12.0,subset_mismatch_base_plus_linear;local_clear_failure_floor_10;local_clear_and_aux_failure_floor_12,False,True,True,deep/fast/deep/deep/deep,fast/deep/deep/deep/deep,mostly_deep_vs_mostly_deep_required,both_mismatch_types,False,1,1,3,13,[mms_issue]airplane_mode_on|bad_network_preference|bad_wifi_calling|break_apn_mms_setting|break_app_both_permissions|data_mode_off|data_usage_exceeded|unseat_sim_card|user_abroad_roaming_disabled_on[PERSONA:Hard]
risky_ps_linear,57,5,target_post_switch,target_favoring,True,repair_subset,transfer,False,False,False,False,23.5,19.5,4.35338,3.0,0.06380000000000001,27.917180000000002,18.0,subset_mismatch_base_plus_linear;local_clear_failure_floor_10;local_clear_and_aux_failure_floor_12;fast_path_on_deep_required_clear_failure_floor_14;invalid_local_transfer_floor_18,False,True,True,fast/fast/fast/deep/deep,fast/deep/deep/deep/deep,mostly_fast_vs_mostly_deep_required,fast_on_deep_required,False,2,0,3,11,[mms_issue]airplane_mode_on|bad_network_preference|bad_wifi_calling|break_apn_mms_setting|break_app_sms_permission|data_mode_off|data_usage_exceeded|unseat_sim_card|user_abroad_roaming_disabled_on[PERSONA:None]
risky_ps_linear,58,5,target_post_switch,target_favoring,True,repair_subset,transfer,False,False,False,False,24.5,20.5,4.1363,0.0,0.06470000000000001,28.701,18.0,subset_mismatch_base_plus_linear;local_clear_failure_floor_10;local_clear_and_aux_failure_floor_12;invalid_local_transfer_floor_18,False,True,True,fast/deep/deep/deep/deep,fast/deep/deep/deep/deep,mostly_deep_vs_mostly_deep_required,all_stage_modes_match,True,0,0,5,13,[mms_issue]airplane_mode_on|bad_network_preference|bad_wifi_calling|break_apn_mms_setting|break_app_both_permissions|data_mode_off|data_usage_exceeded|unseat_sim_card|user_abroad_roaming_enabled_off[PERSONA:Hard]
risky_ps_linear,59,5,target_post_switch,target_favoring,True,repair_all,transfer,False,False,True,False,22.5,18.5,4.44884,1.5,0.0718,27.02064,18.0,subset_mismatch_base_plus_linear;local_clear_failure_floor_10;invalid_local_transfer_floor_18,False,True,True,fast/fast/deep/deep/deep,fast/deep/deep/deep/deep,mostly_deep_vs_mostly_deep_required,fast_on_deep_required,False,1,0,4,12,[mms_issue]airplane_mode_on|bad_network_preference|bad_wifi_calling|break_apn_mms_setting|break_app_sms_permission|data_mode_off|unseat_sim_card|user_abroad_roaming_enabled_off[PERSONA:None]
risky_ps_linear,60,6,target_post_switch,target_favoring,False,repair_all,repair_all,True,True,True,True,0.0,0.0,3.01526,1.5,0.0716,3.08686,,,False,True,True,fast/fast/deep/deep/deep,fast/deep/deep/deep/deep,mostly_deep_vs_mostly_deep_required,fast_on_deep_required,False,1,0,4,10,[mms_issue]bad_wifi_calling|break_apn_mms_setting|break_app_storage_permission|unseat_sim_card[PERSONA:Easy]
risky_ps_linear,61,6,target_post_switch,target_favoring,False,repair_all,transfer,False,False,True,False,18.0,10.5,3.747675,1.5,0.06780000000000001,21.815475,18.0,subset_mismatch_base_plus_linear;local_clear_failure_floor_10;invalid_local_transfer_floor_18,False,True,True,fast/deep/deep/deep/fast,fast/deep/deep/deep/deep,mostly_deep_vs_mostly_deep_required,fast_on_deep_required,False,1,0,4,11,[mms_issue]bad_wifi_calling|break_apn_mms_setting|break_app_sms_permission|unseat_sim_card[PERSONA:None]
risky_ps_linear,62,6,target_post_switch,target_favoring,False,repair_all,repair_all,True,True,True,True,0.0,0.0,3.490025,3.0,0.0675,3.557525,,,False,True,True,fast/fast/fast/deep/deep,fast/deep/deep/deep/deep,mostly_fast_vs_mostly_deep_required,fast_on_deep_required,False,2,0,3,10,[mms_issue]bad_wifi_calling|break_apn_mms_setting|break_app_sms_permission|user_abroad_roaming_enabled_off[PERSONA:Easy]
risky_ps_linear,63,6,target_post_switch,target_favoring,False,repair_all,repair_all,True,True,True,True,0.0,0.0,4.08184,0.0,0.07900000000000001,4.160839999999999,,,False,True,True,fast/deep/deep/deep/deep,fast/deep/deep/deep/deep,mostly_deep_vs_mostly_deep_required,all_stage_modes_match,True,0,0,5,14,[mms_issue]airplane_mode_on|bad_wifi_calling|break_apn_mms_setting|break_app_storage_permission|user_abroad_roaming_enabled_off[PERSONA:None]
risky_ps_linear,64,6,target_post_switch,target_favoring,False,repair_all,repair_all,True,True,True,True,0.0,0.0,4.097325,3.0,0.06480000000000001,4.162125,,,False,True,True,fast/fast/fast/deep/deep,fast/deep/deep/deep/deep,mostly_fast_vs_mostly_deep_required,fast_on_deep_required,False,2,0,3,11,[mms_issue]bad_wifi_calling|break_apn_mms_setting|break_app_storage_permission|data_mode_off|unseat_sim_card[PERSONA:None]
risky_ps_linear,65,6,target_post_switch,target_favoring,False,repair_all,transfer,False,False,True,False,18.5,14.5,4.69089,0.5,0.07750000000000001,23.26839,18.0,subset_mismatch_base_plus_linear;local_clear_failure_floor_10;invalid_local_transfer_floor_18,False,True,True,deep/deep/deep/deep/deep,fast/deep/deep/deep/deep,mostly_deep_vs_mostly_deep_required,deep_on_fast_required,False,0,1,4,15,[mms_issue]airplane_mode_on|bad_network_preference|bad_wifi_calling|break_apn_mms_setting|break_app_storage_permission|unseat_sim_card[PERSONA:Easy]
risky_ps_linear,66,6,target_post_switch,target_favoring,True,repair_subset,repair_subset,False,False,False,False,14.0,3.0,4.80027,3.0,0.061200000000000004,18.86147,14.0,subset_mismatch_base_plus_linear;local_clear_failure_floor_10;local_clear_and_aux_failure_floor_12;fast_path_on_deep_required_clear_failure_floor_14,False,True,True,fast/fast/deep/deep/fast,fast/deep/deep/deep/deep,mostly_fast_vs_mostly_deep_required,fast_on_deep_required,False,2,0,3,10,[mms_issue]airplane_mode_on|bad_network_preference|bad_wifi_calling|break_apn_mms_setting|break_app_both_permissions|data_mode_off|data_usage_exceeded|unseat_sim_card|user_abroad_roaming_disabled_on[PERSONA:Hard]
risky_ps_linear,67,6,target_post_switch,target_favoring,True,repair_subset,transfer,False,False,False,False,23.5,19.5,4.482605,3.0,0.06670000000000001,28.049305,18.0,subset_mismatch_base_plus_linear;local_clear_failure_floor_10;local_clear_and_aux_failure_floor_12;fast_path_on_deep_required_clear_failure_floor_14;invalid_local_transfer_floor_18,False,True,True,fast/fast/deep/deep/fast,fast/deep/deep/deep/deep,mostly_fast_vs_mostly_deep_required,fast_on_deep_required,False,2,0,3,10,[mms_issue]airplane_mode_on|bad_network_preference|bad_wifi_calling|break_apn_mms_setting|break_app_sms_permission|data_mode_off|data_usage_exceeded|unseat_sim_card|user_abroad_roaming_disabled_on[PERSONA:None]
risky_ps_linear,68,6,target_post_switch,target_favoring,True,repair_subset,repair_subset,False,False,False,False,18.0,14.0,3.71882,0.0,0.0758,21.794620000000002,12.0,subset_mismatch_base_plus_linear;local_clear_failure_floor_10;local_clear_and_aux_failure_floor_12,False,True,True,fast/deep/deep/deep/deep,fast/deep/deep/deep/deep,mostly_deep_vs_mostly_deep_required,all_stage_modes_match,True,0,0,5,12,[mms_issue]airplane_mode_on|bad_network_preference|bad_wifi_calling|break_apn_mms_setting|break_app_both_permissions|data_mode_off|data_usage_exceeded|unseat_sim_card|user_abroad_roaming_enabled_off[PERSONA:Hard]
risky_ps_linear,69,6,target_post_switch,target_favoring,True,repair_all,repair_subset,False,False,False,False,12.0,5.0,5.988135,3.5,0.06930000000000001,18.057434999999998,12.0,subset_mismatch_base_plus_linear;local_clear_failure_floor_10;local_clear_and_aux_failure_floor_12,False,True,True,deep/fast/deep/fast/deep,fast/deep/deep/deep/deep,mostly_deep_vs_mostly_deep_required,both_mismatch_types,False,2,1,2,13,[mms_issue]airplane_mode_on|bad_network_preference|bad_wifi_calling|break_apn_mms_setting|break_app_sms_permission|data_mode_off|unseat_sim_card|user_abroad_roaming_enabled_off[PERSONA:None]
risky_ps_linear,70,7,target_post_switch,target_favoring,False,repair_all,repair_subset,False,False,True,False,10.0,5.0,2.88967,0.0,0.0758,12.96547,10.0,subset_mismatch_base_plus_linear;local_clear_failure_floor_10,False,True,True,fast/deep/deep/deep/deep,fast/deep/deep/deep/deep,mostly_deep_vs_mostly_deep_required,all_stage_modes_match,True,0,0,5,11,[mms_issue]bad_wifi_calling|break_apn_mms_setting|break_app_storage_permission|unseat_sim_card[PERSONA:Easy]
risky_ps_linear,71,7,target_post_switch,target_favoring,False,repair_all,repair_all,True,True,True,True,0.0,0.0,4.25293,0.5,0.0772,4.3301300000000005,,,False,True,True,deep/deep/deep/deep/deep,fast/deep/deep/deep/deep,mostly_deep_vs_mostly_deep_required,deep_on_fast_required,False,0,1,4,15,[mms_issue]bad_wifi_calling|break_apn_mms_setting|break_app_sms_permission|unseat_sim_card[PERSONA:None]
risky_ps_linear,72,7,target_post_switch,target_favoring,False,repair_all,repair_all,True,True,True,True,0.0,0.0,4.61387,2.0,0.06820000000000001,4.68207,,,False,True,True,deep/fast/deep/deep/deep,fast/deep/deep/deep/deep,mostly_deep_vs_mostly_deep_required,both_mismatch_types,False,1,1,3,14,[mms_issue]bad_wifi_calling|break_apn_mms_setting|break_app_sms_permission|user_abroad_roaming_enabled_off[PERSONA:Easy]
risky_ps_linear,73,7,target_post_switch,target_favoring,False,repair_all,repair_all,True,True,True,True,0.0,0.0,3.7765,0.0,0.07900000000000001,3.8555,,,False,True,True,fast/deep/deep/deep/deep,fast/deep/deep/deep/deep,mostly_deep_vs_mostly_deep_required,all_stage_modes_match,True,0,0,5,13,[mms_issue]airplane_mode_on|bad_wifi_calling|break_apn_mms_setting|break_app_storage_permission|user_abroad_roaming_enabled_off[PERSONA:None]
risky_ps_linear,74,7,target_post_switch,target_favoring,False,repair_all,repair_all,True,True,True,True,0.0,0.0,4.10774,0.0,0.07900000000000001,4.1867399999999995,,,False,True,True,fast/deep/deep/deep/deep,fast/deep/deep/deep/deep,mostly_deep_vs_mostly_deep_required,all_stage_modes_match,True,0,0,5,14,[mms_issue]bad_wifi_calling|break_apn_mms_setting|break_app_storage_permission|data_mode_off|unseat_sim_card[PERSONA:None]
risky_ps_linear,75,7,target_post_switch,target_favoring,False,repair_all,repair_subset,False,False,False,False,14.0,5.0,6.739805,6.5,0.0582,20.798005,14.0,subset_mismatch_base_plus_linear;local_clear_failure_floor_10;local_clear_and_aux_failure_floor_12;fast_path_on_deep_required_clear_failure_floor_14,False,True,True,deep/fast/fast/fast/fast,fast/deep/deep/deep/deep,mostly_fast_vs_mostly_deep_required,both_mismatch_types,False,4,1,0,12,[mms_issue]airplane_mode_on|bad_network_preference|bad_wifi_calling|break_apn_mms_setting|break_app_storage_permission|unseat_sim_card[PERSONA:Easy]
risky_ps_linear,76,7,target_post_switch,target_favoring,True,repair_subset,transfer,False,False,False,False,22.5,18.5,4.13903,0.0,0.07900000000000001,26.71803,18.0,subset_mismatch_base_plus_linear;local_clear_failure_floor_10;local_clear_and_aux_failure_floor_12;invalid_local_transfer_floor_18,False,True,True,fast/deep/deep/deep/deep,fast/deep/deep/deep/deep,mostly_deep_vs_mostly_deep_required,all_stage_modes_match,True,0,0,5,13,[mms_issue]airplane_mode_on|bad_network_preference|bad_wifi_calling|break_apn_mms_setting|break_app_both_permissions|data_mode_off|data_usage_exceeded|unseat_sim_card|user_abroad_roaming_disabled_on[PERSONA:Hard]
risky_ps_linear,77,7,target_post_switch,target_favoring,True,repair_subset,repair_subset,True,True,False,False,6.0,2.0,4.03207,0.0,0.07900000000000001,10.11107,6.0,clear_but_aux_failure_floor_6,False,True,True,fast/deep/deep/deep/deep,fast/deep/deep/deep/deep,mostly_deep_vs_mostly_deep_required,all_stage_modes_match,True,0,0,5,13,[mms_issue]airplane_mode_on|bad_network_preference|bad_wifi_calling|break_apn_mms_setting|break_app_sms_permission|data_mode_off|data_usage_exceeded|unseat_sim_card|user_abroad_roaming_disabled_on[PERSONA:None]
risky_ps_linear,78,7,target_post_switch,target_favoring,True,repair_subset,repair_subset,False,False,False,False,19.0,15.0,3.61444,1.5,0.071,22.68544,12.0,subset_mismatch_base_plus_linear;local_clear_failure_floor_10;local_clear_and_aux_failure_floor_12,False,True,True,fast/fast/deep/deep/deep,fast/deep/deep/deep/deep,mostly_deep_vs_mostly_deep_required,fast_on_deep_required,False,1,0,4,10,[mms_issue]airplane_mode_on|bad_network_preference|bad_wifi_calling|break_apn_mms_setting|break_app_both_permissions|data_mode_off|data_usage_exceeded|unseat_sim_card|user_abroad_roaming_enabled_off[PERSONA:Hard]
risky_ps_linear,79,7,target_post_switch,target_favoring,True,repair_all,transfer,False,False,True,False,22.5,18.5,5.65941,3.5,0.0656,28.22501,18.0,subset_mismatch_base_plus_linear;local_clear_failure_floor_10;invalid_local_transfer_floor_18,False,True,True,deep/fast/fast/deep/deep,fast/deep/deep/deep/deep,mostly_deep_vs_mostly_deep_required,both_mismatch_types,False,2,1,2,14,[mms_issue]airplane_mode_on|bad_network_preference|bad_wifi_calling|break_apn_mms_setting|break_app_sms_permission|data_mode_off|unseat_sim_card|user_abroad_roaming_enabled_off[PERSONA:None]
risky_ps_linear,80,8,target_post_switch,target_favoring,False,repair_all,repair_all,True,True,True,True,0.0,0.0,3.48062,1.5,0.0644,3.54502,,,False,True,True,fast/fast/deep/deep/deep,fast/deep/deep/deep/deep,mostly_deep_vs_mostly_deep_required,fast_on_deep_required,False,1,0,4,11,[mms_issue]bad_wifi_calling|break_apn_mms_setting|break_app_storage_permission|unseat_sim_card[PERSONA:Easy]
risky_ps_linear,81,8,target_post_switch,target_favoring,False,repair_all,repair_all,True,True,True,True,0.0,0.0,4.22736,2.0,0.07020000000000001,4.29756,,,False,True,True,deep/fast/deep/deep/deep,fast/deep/deep/deep/deep,mostly_deep_vs_mostly_deep_required,both_mismatch_types,False,1,1,3,13,[mms_issue]bad_wifi_calling|break_apn_mms_setting|break_app_sms_permission|unseat_sim_card[PERSONA:None]
risky_ps_linear,82,8,target_post_switch,target_favoring,False,repair_all,repair_all,True,True,True,True,0.0,0.0,3.85079,0.5,0.0772,3.92799,,,False,True,True,deep/deep/deep/deep/deep,fast/deep/deep/deep/deep,mostly_deep_vs_mostly_deep_required,deep_on_fast_required,False,0,1,4,14,[mms_issue]bad_wifi_calling|break_apn_mms_setting|break_app_sms_permission|user_abroad_roaming_enabled_off[PERSONA:Easy]
risky_ps_linear,83,8,target_post_switch,target_favoring,False,repair_all,repair_all,True,True,True,True,0.0,0.0,4.68726,0.5,0.0772,4.764460000000001,,,False,True,True,deep/deep/deep/deep/deep,fast/deep/deep/deep/deep,mostly_deep_vs_mostly_deep_required,deep_on_fast_required,False,0,1,4,15,[mms_issue]airplane_mode_on|bad_wifi_calling|break_apn_mms_setting|break_app_storage_permission|user_abroad_roaming_enabled_off[PERSONA:None]
risky_ps_linear,84,8,target_post_switch,target_favoring,False,repair_all,repair_all,True,True,True,True,0.0,0.0,4.41934,3.5,0.073,4.49234,,,False,True,True,deep/fast/fast/deep/deep,fast/deep/deep/deep/deep,mostly_deep_vs_mostly_deep_required,both_mismatch_types,False,2,1,2,12,[mms_issue]bad_wifi_calling|break_apn_mms_setting|break_app_storage_permission|data_mode_off|unseat_sim_card[PERSONA:None]
risky_ps_linear,85,8,target_post_switch,target_favoring,False,repair_all,repair_subset,False,False,True,False,10.0,5.0,4.38863,0.5,0.0772,14.46583,10.0,subset_mismatch_base_plus_linear;local_clear_failure_floor_10,False,True,True,deep/deep/deep/deep/deep,fast/deep/deep/deep/deep,mostly_deep_vs_mostly_deep_required,deep_on_fast_required,False,0,1,4,14,[mms_issue]airplane_mode_on|bad_network_preference|bad_wifi_calling|break_apn_mms_setting|break_app_storage_permission|unseat_sim_card[PERSONA:Easy]
risky_ps_linear,86,8,target_post_switch,target_favoring,True,repair_subset,repair_subset,False,False,False,False,14.0,5.0,5.234105,3.0,0.0594,19.293505,14.0,subset_mismatch_base_plus_linear;local_clear_failure_floor_10;local_clear_and_aux_failure_floor_12;fast_path_on_deep_required_clear_failure_floor_14,False,True,True,fast/fast/deep/fast/deep,fast/deep/deep/deep/deep,mostly_fast_vs_mostly_deep_required,fast_on_deep_required,False,2,0,3,11,[mms_issue]airplane_mode_on|bad_network_preference|bad_wifi_calling|break_apn_mms_setting|break_app_both_permissions|data_mode_off|data_usage_exceeded|unseat_sim_card|user_abroad_roaming_disabled_on[PERSONA:Hard]
risky_ps_linear,87,8,target_post_switch,target_favoring,True,repair_subset,transfer,False,False,False,False,22.5,18.5,4.83557,0.5,0.07650000000000001,27.41207,18.0,subset_mismatch_base_plus_linear;local_clear_failure_floor_10;local_clear_and_aux_failure_floor_12;invalid_local_transfer_floor_18,False,True,True,deep/deep/deep/deep/deep,fast/deep/deep/deep/deep,mostly_deep_vs_mostly_deep_required,deep_on_fast_required,False,0,1,4,15,[mms_issue]airplane_mode_on|bad_network_preference|bad_wifi_calling|break_apn_mms_setting|break_app_sms_permission|data_mode_off|data_usage_exceeded|unseat_sim_card|user_abroad_roaming_disabled_on[PERSONA:None]
risky_ps_linear,88,8,target_post_switch,target_favoring,True,repair_subset,repair_subset,False,False,False,False,17.0,13.0,5.25824,2.0,0.06520000000000001,22.32344,12.0,subset_mismatch_base_plus_linear;local_clear_failure_floor_10;local_clear_and_aux_failure_floor_12,False,True,True,deep/fast/deep/deep/deep,fast/deep/deep/deep/deep,mostly_deep_vs_mostly_deep_required,both_mismatch_types,False,1,1,3,14,[mms_issue]airplane_mode_on|bad_network_preference|bad_wifi_calling|break_apn_mms_setting|break_app_both_permissions|data_mode_off|data_usage_exceeded|unseat_sim_card|user_abroad_roaming_enabled_off[PERSONA:Hard]
risky_ps_linear,89,8,target_post_switch,target_favoring,True,repair_all,transfer,False,False,True,False,22.5,18.5,4.60591,2.0,0.06770000000000001,27.173609999999996,18.0,subset_mismatch_base_plus_linear;local_clear_failure_floor_10;invalid_local_transfer_floor_18,False,True,True,deep/fast/deep/deep/deep,fast/deep/deep/deep/deep,mostly_deep_vs_mostly_deep_required,both_mismatch_types,False,1,1,3,13,[mms_issue]airplane_mode_on|bad_network_preference|bad_wifi_calling|break_apn_mms_setting|break_app_sms_permission|data_mode_off|unseat_sim_card|user_abroad_roaming_enabled_off[PERSONA:None]
risky_ps_linear,90,9,target_post_switch,target_favoring,False,repair_all,repair_all,True,True,True,True,0.0,0.0,3.7689,2.0,0.0729,3.8418,,,False,True,True,deep/fast/deep/deep/deep,fast/deep/deep/deep/deep,mostly_deep_vs_mostly_deep_required,both_mismatch_types,False,1,1,3,12,[mms_issue]bad_wifi_calling|break_apn_mms_setting|break_app_storage_permission|unseat_sim_card[PERSONA:Easy]
risky_ps_linear,91,9,target_post_switch,target_favoring,False,repair_all,repair_all,True,True,True,True,0.0,0.0,3.04535,0.0,0.07900000000000001,3.12435,,,False,True,True,fast/deep/deep/deep/deep,fast/deep/deep/deep/deep,mostly_deep_vs_mostly_deep_required,all_stage_modes_match,True,0,0,5,12,[mms_issue]bad_wifi_calling|break_apn_mms_setting|break_app_sms_permission|unseat_sim_card[PERSONA:None]
risky_ps_linear,92,9,target_post_switch,target_favoring,False,repair_all,repair_all,True,True,True,True,0.0,0.0,2.92887,0.0,0.07900000000000001,3.00787,,,False,True,True,fast/deep/deep/deep/deep,fast/deep/deep/deep/deep,mostly_deep_vs_mostly_deep_required,all_stage_modes_match,True,0,0,5,11,[mms_issue]bad_wifi_calling|break_apn_mms_setting|break_app_sms_permission|user_abroad_roaming_enabled_off[PERSONA:Easy]
risky_ps_linear,93,9,target_post_switch,target_favoring,False,repair_all,repair_all,True,True,True,True,0.0,0.0,3.21454,0.0,0.07900000000000001,3.29354,,,False,True,True,fast/deep/deep/deep/deep,fast/deep/deep/deep/deep,mostly_deep_vs_mostly_deep_required,all_stage_modes_match,True,0,0,5,12,[mms_issue]airplane_mode_on|bad_wifi_calling|break_apn_mms_setting|break_app_storage_permission|user_abroad_roaming_enabled_off[PERSONA:None]
risky_ps_linear,94,9,target_post_switch,target_favoring,False,repair_all,repair_all,True,True,True,True,0.0,0.0,3.97808,0.5,0.0772,4.05528,,,False,True,True,deep/deep/deep/deep/deep,fast/deep/deep/deep/deep,mostly_deep_vs_mostly_deep_required,deep_on_fast_required,False,0,1,4,14,[mms_issue]bad_wifi_calling|break_apn_mms_setting|break_app_storage_permission|data_mode_off|unseat_sim_card[PERSONA:None]
risky_ps_linear,95,9,target_post_switch,target_favoring,False,repair_all,repair_subset,False,False,True,False,10.0,5.0,4.92266,0.5,0.0772,14.999859999999998,10.0,subset_mismatch_base_plus_linear;local_clear_failure_floor_10,False,True,True,deep/deep/deep/deep/deep,fast/deep/deep/deep/deep,mostly_deep_vs_mostly_deep_required,deep_on_fast_required,False,0,1,4,16,[mms_issue]airplane_mode_on|bad_network_preference|bad_wifi_calling|break_apn_mms_setting|break_app_storage_permission|unseat_sim_card[PERSONA:Easy]
risky_ps_linear,96,9,target_post_switch,target_favoring,True,repair_subset,repair_subset,False,False,False,False,12.0,3.0,5.5444,3.5,0.06930000000000001,17.6137,12.0,subset_mismatch_base_plus_linear;local_clear_failure_floor_10;local_clear_and_aux_failure_floor_12,False,True,True,deep/fast/deep/deep/fast,fast/deep/deep/deep/deep,mostly_deep_vs_mostly_deep_required,both_mismatch_types,False,2,1,2,12,[mms_issue]airplane_mode_on|bad_network_preference|bad_wifi_calling|break_apn_mms_setting|break_app_both_permissions|data_mode_off|data_usage_exceeded|unseat_sim_card|user_abroad_roaming_disabled_on[PERSONA:Hard]
risky_ps_linear,97,9,target_post_switch,target_favoring,True,repair_subset,transfer,False,False,False,False,22.5,18.5,4.82759,0.5,0.0772,27.404790000000002,18.0,subset_mismatch_base_plus_linear;local_clear_failure_floor_10;local_clear_and_aux_failure_floor_12;invalid_local_transfer_floor_18,False,True,True,deep/deep/deep/deep/deep,fast/deep/deep/deep/deep,mostly_deep_vs_mostly_deep_required,deep_on_fast_required,False,0,1,4,15,[mms_issue]airplane_mode_on|bad_network_preference|bad_wifi_calling|break_apn_mms_setting|break_app_sms_permission|data_mode_off|data_usage_exceeded|unseat_sim_card|user_abroad_roaming_disabled_on[PERSONA:None]
risky_ps_linear,98,9,target_post_switch,target_favoring,True,repair_subset,repair_subset,True,True,False,False,6.0,2.0,3.7653,0.0,0.07900000000000001,9.8443,6.0,clear_but_aux_failure_floor_6,False,True,True,fast/deep/deep/deep/deep,fast/deep/deep/deep/deep,mostly_deep_vs_mostly_deep_required,all_stage_modes_match,True,0,0,5,12,[mms_issue]airplane_mode_on|bad_network_preference|bad_wifi_calling|break_apn_mms_setting|break_app_both_permissions|data_mode_off|data_usage_exceeded|unseat_sim_card|user_abroad_roaming_enabled_off[PERSONA:Hard]
risky_ps_linear,99,9,target_post_switch,target_favoring,True,repair_all,repair_all,True,True,True,True,0.0,0.0,4.71401,0.0,0.07900000000000001,4.79301,,,False,True,True,fast/deep/deep/deep/deep,fast/deep/deep/deep/deep,mostly_deep_vs_mostly_deep_required,all_stage_modes_match,True,0,0,5,14,[mms_issue]airplane_mode_on|bad_network_preference|bad_wifi_calling|break_apn_mms_setting|break_app_sms_permission|data_mode_off|unseat_sim_card|user_abroad_roaming_enabled_off[PERSONA:None]
risky_ps_ix,0,0,trap_pre_switch,trap_favoring,False,repair_all,repair_all,True,True,True,True,0.0,0.0,4.124655,1.5,0.06670000000000001,4.191355,,,False,True,True,fast/fast/deep/deep/deep,fast/fast/fast/fast/fast,mostly_deep_vs_mostly_fast_required,deep_on_fast_required,False,0,3,2,10,[mms_issue]airplane_mode_on|bad_wifi_calling|break_app_storage_permission[PERSONA:Easy]
risky_ps_ix,1,0,trap_pre_switch,trap_favoring,False,repair_all,repair_all,True,True,True,True,0.0,0.0,4.27131,1.5,0.06530000000000001,4.336609999999999,,,False,True,True,deep/fast/deep/deep/fast,fast/fast/fast/fast/fast,mostly_deep_vs_mostly_fast_required,deep_on_fast_required,False,0,3,2,12,[mms_issue]airplane_mode_on|bad_wifi_calling|break_app_sms_permission[PERSONA:None]
risky_ps_ix,2,0,trap_pre_switch,trap_favoring,False,repair_all,repair_all,True,True,True,True,0.0,0.0,9.05723,1.5,0.07500000000000001,9.13223,,,False,True,True,fast/fast/deep/deep/deep,fast/fast/fast/fast/fast,mostly_deep_vs_mostly_fast_required,deep_on_fast_required,False,0,3,2,17,[mms_issue]bad_wifi_calling[PERSONA:Easy]
risky_ps_ix,3,0,trap_pre_switch,trap_favoring,False,repair_all,repair_all,True,True,True,True,0.0,0.0,5.178555,2.0,0.0758,5.254355,,,False,True,True,deep/fast/deep/deep/deep,fast/fast/fast/fast/fast,mostly_deep_vs_mostly_fast_required,deep_on_fast_required,False,0,4,1,13,[mms_issue]bad_wifi_calling|break_app_storage_permission[PERSONA:Easy]
risky_ps_ix,4,0,trap_pre_switch,trap_favoring,False,repair_all,repair_all,True,True,True,True,0.0,0.0,4.77353,1.5,0.06420000000000001,4.83773,,,False,True,True,deep/fast/fast/deep/deep,fast/fast/fast/fast/fast,mostly_deep_vs_mostly_fast_required,deep_on_fast_required,False,0,3,2,13,[mms_issue]bad_wifi_calling|break_app_sms_permission[PERSONA:None]
risky_ps_ix,5,0,trap_pre_switch,trap_favoring,False,repair_all,repair_all,True,True,True,True,0.0,0.0,5.003775,2.0,0.0752,5.078975,,,False,True,True,fast/deep/deep/deep/deep,fast/fast/fast/fast/fast,mostly_deep_vs_mostly_fast_required,deep_on_fast_required,False,0,4,1,12,[mms_issue]bad_network_preference|bad_wifi_calling|break_app_storage_permission[PERSONA:Hard]
risky_ps_ix,6,0,trap_pre_switch,trap_favoring,False,repair_all,repair_all,True,True,True,True,0.0,0.0,3.56086,1.0,0.0632,3.62406,,,False,True,True,deep/fast/deep/fast/fast,fast/fast/fast/fast/fast,mostly_fast_vs_mostly_fast_required,deep_on_fast_required,False,0,2,3,12,[mms_issue]bad_wifi_calling|break_app_sms_permission|data_mode_off[PERSONA:None]
risky_ps_ix,7,0,trap_pre_switch,trap_favoring,False,repair_all,repair_all,True,True,True,True,0.0,0.0,3.69733,1.0,0.0601,3.75743,,,False,True,True,fast/fast/fast/deep/deep,fast/fast/fast/fast/fast,mostly_fast_vs_mostly_fast_required,deep_on_fast_required,False,0,2,3,10,[mms_issue]bad_network_preference|bad_wifi_calling|break_app_sms_permission[PERSONA:Easy]
risky_ps_ix,8,0,trap_pre_switch,trap_favoring,False,repair_all,repair_all,True,True,True,True,0.0,0.0,4.119375,1.5,0.0725,4.191875,,,False,True,True,fast/fast/deep/deep/deep,fast/fast/fast/fast/fast,mostly_deep_vs_mostly_fast_required,deep_on_fast_required,False,0,3,2,10,[mms_issue]bad_wifi_calling|break_app_storage_permission|data_mode_off[PERSONA:Easy]
risky_ps_ix,9,0,trap_pre_switch,trap_favoring,False,repair_all,repair_all,True,True,True,True,0.0,0.0,4.18688,1.5,0.0731,4.2599800000000005,,,False,True,True,deep/fast/fast/deep/deep,fast/fast/fast/fast/fast,mostly_deep_vs_mostly_fast_required,deep_on_fast_required,False,0,3,2,12,[mms_issue]airplane_mode_on|bad_wifi_calling[PERSONA:Easy]
risky_ps_ix,10,1,trap_pre_switch,trap_favoring,False,repair_all,repair_all,True,True,True,True,0.0,0.0,3.18026,0.5,0.05600000000000001,3.23626,,,False,True,True,deep/fast/fast/fast/fast,fast/fast/fast/fast/fast,mostly_fast_vs_mostly_fast_required,deep_on_fast_required,False,0,1,4,12,[mms_issue]airplane_mode_on|bad_wifi_calling|break_app_storage_permission[PERSONA:Easy]
risky_ps_ix,11,1,trap_pre_switch,trap_favoring,False,repair_all,repair_all,True,True,True,True,0.0,0.0,4.68601,2.0,0.07750000000000001,4.763509999999999,,,False,True,True,fast/deep/deep/deep/deep,fast/fast/fast/fast/fast,mostly_deep_vs_mostly_fast_required,deep_on_fast_required,False,0,4,1,11,[mms_issue]airplane_mode_on|bad_wifi_calling|break_app_sms_permission[PERSONA:None]
risky_ps_ix,12,1,trap_pre_switch,trap_favoring,False,repair_all,repair_all,True,True,True,True,0.0,0.0,2.888235,0.5,0.0641,2.9523349999999997,,,False,True,True,fast/fast/fast/fast/deep,fast/fast/fast/fast/fast,mostly_fast_vs_mostly_fast_required,deep_on_fast_required,False,0,1,4,10,[mms_issue]bad_wifi_calling[PERSONA:Easy]
risky_ps_ix,13,1,trap_pre_switch,trap_favoring,False,repair_all,repair_all,True,True,True,True,0.0,0.0,4.451755,1.5,0.0704,4.522155000000001,,,False,True,True,fast/fast/deep/deep/deep,fast/fast/fast/fast/fast,mostly_deep_vs_mostly_fast_required,deep_on_fast_required,False,0,3,2,11,[mms_issue]bad_wifi_calling|break_app_storage_permission[PERSONA:Easy]
risky_ps_ix,14,1,trap_pre_switch,trap_favoring,False,repair_all,repair_all,True,True,True,True,0.0,0.0,4.4526,1.5,0.06830000000000001,4.5209,,,False,True,True,fast/fast/deep/deep/deep,fast/fast/fast/fast/fast,mostly_deep_vs_mostly_fast_required,deep_on_fast_required,False,0,3,2,11,[mms_issue]bad_wifi_calling|break_app_sms_permission[PERSONA:None]
risky_ps_ix,15,1,trap_pre_switch,trap_favoring,False,repair_all,repair_all,True,True,True,True,0.0,0.0,5.385,2.5,0.07600000000000001,5.460999999999999,,,False,True,True,deep/deep/deep/deep/deep,fast/fast/fast/fast/fast,mostly_deep_vs_mostly_fast_required,deep_on_fast_required,False,0,5,0,13,[mms_issue]bad_network_preference|bad_wifi_calling|break_app_storage_permission[PERSONA:Hard]
risky_ps_ix,16,1,trap_pre_switch,trap_favoring,False,repair_all,repair_all,True,True,True,True,0.0,0.0,4.679745,2.0,0.0742,4.753945,,,False,True,True,fast/deep/deep/deep/deep,fast/fast/fast/fast/fast,mostly_deep_vs_mostly_fast_required,deep_on_fast_required,False,0,4,1,11,[mms_issue]bad_wifi_calling|break_app_sms_permission|data_mode_off[PERSONA:None]
risky_ps_ix,17,1,trap_pre_switch,trap_favoring,False,repair_all,repair_all,True,True,True,True,0.0,0.0,3.70333,1.0,0.0661,3.76943,,,False,True,True,fast/fast/fast/deep/deep,fast/fast/fast/fast/fast,mostly_fast_vs_mostly_fast_required,deep_on_fast_required,False,0,2,3,10,[mms_issue]bad_network_preference|bad_wifi_calling|break_app_sms_permission[PERSONA:Easy]
risky_ps_ix,18,1,trap_pre_switch,trap_favoring,False,repair_all,repair_all,True,True,True,True,0.0,0.0,5.7185,2.5,0.07790000000000001,5.796399999999999,,,False,True,True,deep/deep/deep/deep/deep,fast/fast/fast/fast/fast,mostly_deep_vs_mostly_fast_required,deep_on_fast_required,False,0,5,0,14,[mms_issue]bad_wifi_calling|break_app_storage_permission|data_mode_off[PERSONA:Easy]
risky_ps_ix,19,1,trap_pre_switch,trap_favoring,False,repair_all,repair_all,True,True,True,True,0.0,0.0,13.28043,2.0,0.0682,13.34863,,,False,True,True,deep/fast/deep/deep/deep,fast/fast/fast/fast/fast,mostly_deep_vs_mostly_fast_required,deep_on_fast_required,False,0,4,1,23,[mms_issue]airplane_mode_on|bad_wifi_calling[PERSONA:Easy]
risky_ps_ix,20,2,trap_pre_switch,trap_favoring,False,repair_all,repair_all,True,True,True,True,0.0,0.0,5.743,2.5,0.0753,5.818300000000001,,,False,True,True,deep/deep/deep/deep/deep,fast/fast/fast/fast/fast,mostly_deep_vs_mostly_fast_required,deep_on_fast_required,False,0,5,0,14,[mms_issue]airplane_mode_on|bad_wifi_calling|break_app_storage_permission[PERSONA:Easy]
risky_ps_ix,21,2,trap_pre_switch,trap_favoring,False,repair_all,repair_all,True,True,True,True,0.0,0.0,4.900365,2.0,0.0721,4.972465,,,False,True,True,deep/fast/deep/deep/deep,fast/fast/fast/fast/fast,mostly_deep_vs_mostly_fast_required,deep_on_fast_required,False,0,4,1,12,[mms_issue]airplane_mode_on|bad_wifi_calling|break_app_sms_permission[PERSONA:None]
risky_ps_ix,22,2,trap_pre_switch,trap_favoring,False,repair_all,repair_all,True,True,True,True,0.0,0.0,11.37675,2.5,0.07790000000000001,11.454649999999999,,,False,True,True,deep/deep/deep/deep/deep,fast/fast/fast/fast/fast,mostly_deep_vs_mostly_fast_required,deep_on_fast_required,False,0,5,0,22,[mms_issue]bad_wifi_calling[PERSONA:Easy]
risky_ps_ix,23,2,trap_pre_switch,trap_favoring,False,repair_all,repair_all,True,True,True,True,0.0,0.0,5.04845,2.0,0.0635,5.11195,,,False,True,True,fast/deep/deep/deep/deep,fast/fast/fast/fast/fast,mostly_deep_vs_mostly_fast_required,deep_on_fast_required,False,0,4,1,12,[mms_issue]bad_wifi_calling|break_app_storage_permission[PERSONA:Easy]
risky_ps_ix,24,2,trap_pre_switch,trap_favoring,False,repair_all,repair_all,True,True,True,True,0.0,0.0,4.5853,1.5,0.0727,4.658,,,False,True,True,fast/deep/fast/deep/deep,fast/fast/fast/fast/fast,mostly_deep_vs_mostly_fast_required,deep_on_fast_required,False,0,3,2,12,[mms_issue]bad_wifi_calling|break_app_sms_permission[PERSONA:None]
risky_ps_ix,25,2,target_post_switch,target_favoring,False,repair_all,repair_subset,False,False,True,False,10.0,5.0,5.00751,1.5,0.0664,15.07391,10.0,subset_mismatch_base_plus_linear;local_clear_failure_floor_10,False,True,True,fast/deep/fast/deep/deep,fast/deep/deep/deep/deep,mostly_deep_vs_mostly_deep_required,fast_on_deep_required,False,1,0,4,14,[mms_issue]airplane_mode_on|bad_network_preference|bad_wifi_calling|break_apn_mms_setting|break_app_storage_permission|unseat_sim_card[PERSONA:Easy]
risky_ps_ix,26,2,target_post_switch,target_favoring,True,repair_subset,repair_subset,False,False,False,False,17.0,13.0,4.0042,1.5,0.0736,21.0778,12.0,subset_mismatch_base_plus_linear;local_clear_failure_floor_10;local_clear_and_aux_failure_floor_12,False,True,True,fast/fast/deep/deep/deep,fast/deep/deep/deep/deep,mostly_deep_vs_mostly_deep_required,fast_on_deep_required,False,1,0,4,11,[mms_issue]airplane_mode_on|bad_network_preference|bad_wifi_calling|break_apn_mms_setting|break_app_both_permissions|data_mode_off|data_usage_exceeded|unseat_sim_card|user_abroad_roaming_disabled_on[PERSONA:Hard]
risky_ps_ix,27,2,target_post_switch,target_favoring,True,repair_subset,repair_subset,False,False,True,False,19.0,15.0,4.62434,0.0,0.0786,23.70294,10.0,subset_mismatch_base_plus_linear;local_clear_failure_floor_10,False,True,True,fast/deep/deep/deep/deep,fast/deep/deep/deep/deep,mostly_deep_vs_mostly_deep_required,all_stage_modes_match,True,0,0,5,14,[mms_issue]airplane_mode_on|bad_network_preference|bad_wifi_calling|break_apn_mms_setting|break_app_sms_permission|data_mode_off|data_usage_exceeded|unseat_sim_card|user_abroad_roaming_disabled_on[PERSONA:None]
risky_ps_ix,28,2,target_post_switch,target_favoring,True,repair_subset,repair_subset,False,False,False,False,17.0,13.0,4.39467,0.0,0.072,21.46667,12.0,subset_mismatch_base_plus_linear;local_clear_failure_floor_10;local_clear_and_aux_failure_floor_12,False,True,True,fast/deep/deep/deep/deep,fast/deep/deep/deep/deep,mostly_deep_vs_mostly_deep_required,all_stage_modes_match,True,0,0,5,13,[mms_issue]airplane_mode_on|bad_network_preference|bad_wifi_calling|break_apn_mms_setting|break_app_both_permissions|data_mode_off|data_usage_exceeded|unseat_sim_card|user_abroad_roaming_enabled_off[PERSONA:Hard]
risky_ps_ix,29,2,target_post_switch,target_favoring,True,repair_all,repair_all,True,True,True,True,0.0,0.0,3.57279,1.5,0.07310000000000001,3.64589,,,False,True,True,fast/fast/deep/deep/deep,fast/deep/deep/deep/deep,mostly_deep_vs_mostly_deep_required,fast_on_deep_required,False,1,0,4,10,[mms_issue]airplane_mode_on|bad_network_preference|bad_wifi_calling|break_apn_mms_setting|break_app_sms_permission|data_mode_off|unseat_sim_card|user_abroad_roaming_enabled_off[PERSONA:None]
risky_ps_ix,30,3,target_post_switch,target_favoring,False,repair_all,repair_all,True,True,True,True,0.0,0.0,3.05011,0.0,0.0714,3.1215100000000002,,,False,True,True,fast/deep/deep/deep/deep,fast/deep/deep/deep/deep,mostly_deep_vs_mostly_deep_required,all_stage_modes_match,True,0,0,5,12,[mms_issue]bad_wifi_calling|break_apn_mms_setting|break_app_storage_permission|unseat_sim_card[PERSONA:Easy]
risky_ps_ix,31,3,target_post_switch,target_favoring,False,repair_all,repair_all,True,True,True,True,0.0,0.0,3.52149,0.0,0.0752,3.59669,,,False,True,True,fast/deep/deep/deep/deep,fast/deep/deep/deep/deep,mostly_deep_vs_mostly_deep_required,all_stage_modes_match,True,0,0,5,13,[mms_issue]bad_wifi_calling|break_apn_mms_setting|break_app_sms_permission|unseat_sim_card[PERSONA:None]
risky_ps_ix,32,3,target_post_switch,target_favoring,False,repair_all,repair_all,True,True,True,True,0.0,0.0,3.51933,1.5,0.0706,3.58993,,,False,True,True,fast/fast/deep/deep/deep,fast/deep/deep/deep/deep,mostly_deep_vs_mostly_deep_required,fast_on_deep_required,False,1,0,4,11,[mms_issue]bad_wifi_calling|break_apn_mms_setting|break_app_sms_permission|user_abroad_roaming_enabled_off[PERSONA:Easy]
risky_ps_ix,33,3,target_post_switch,target_favoring,False,repair_all,transfer,False,False,True,False,18.0,12.5,4.23618,1.5,0.06970000000000001,22.305880000000002,18.0,subset_mismatch_base_plus_linear;local_clear_failure_floor_10;invalid_local_transfer_floor_18,False,True,True,fast/fast/deep/deep/deep,fast/deep/deep/deep/deep,mostly_deep_vs_mostly_deep_required,fast_on_deep_required,False,1,0,4,13,[mms_issue]airplane_mode_on|bad_wifi_calling|break_apn_mms_setting|break_app_storage_permission|user_abroad_roaming_enabled_off[PERSONA:None]
risky_ps_ix,34,3,target_post_switch,target_favoring,False,repair_all,repair_all,True,True,True,True,0.0,0.0,5.253655,3.0,0.06830000000000001,5.321955,,,False,True,True,fast/deep/fast/fast/deep,fast/deep/deep/deep/deep,mostly_fast_vs_mostly_deep_required,fast_on_deep_required,False,2,0,3,13,[mms_issue]bad_wifi_calling|break_apn_mms_setting|break_app_storage_permission|data_mode_off|unseat_sim_card[PERSONA:None]
risky_ps_ix,35,3,target_post_switch,target_favoring,False,repair_all,repair_all,True,True,True,True,0.0,0.0,7.46186,0.0,0.074,7.53586,,,False,True,True,fast/deep/deep/deep/deep,fast/deep/deep/deep/deep,mostly_deep_vs_mostly_deep_required,all_stage_modes_match,True,0,0,5,19,[mms_issue]airplane_mode_on|bad_network_preference|bad_wifi_calling|break_apn_mms_setting|break_app_storage_permission|unseat_sim_card[PERSONA:Easy]
risky_ps_ix,36,3,target_post_switch,target_favoring,True,repair_subset,repair_subset,False,False,False,False,14.0,5.0,6.20616,4.5,0.0623,20.26846,14.0,subset_mismatch_base_plus_linear;local_clear_failure_floor_10;local_clear_and_aux_failure_floor_12;fast_path_on_deep_required_clear_failure_floor_14,False,True,True,fast/fast/fast/fast/deep,fast/deep/deep/deep/deep,mostly_fast_vs_mostly_deep_required,fast_on_deep_required,False,3,0,2,12,[mms_issue]airplane_mode_on|bad_network_preference|bad_wifi_calling|break_apn_mms_setting|break_app_both_permissions|data_mode_off|data_usage_exceeded|unseat_sim_card|user_abroad_roaming_disabled_on[PERSONA:Hard]
risky_ps_ix,37,3,target_post_switch,target_favoring,True,repair_subset,transfer,False,False,False,False,22.5,18.5,4.08177,0.0,0.0828,26.664569999999998,18.0,subset_mismatch_base_plus_linear;local_clear_failure_floor_10;local_clear_and_aux_failure_floor_12;invalid_local_transfer_floor_18,False,True,True,fast/deep/deep/deep/deep,fast/deep/deep/deep/deep,mostly_deep_vs_mostly_deep_required,all_stage_modes_match,True,0,0,5,13,[mms_issue]airplane_mode_on|bad_network_preference|bad_wifi_calling|break_apn_mms_setting|break_app_sms_permission|data_mode_off|data_usage_exceeded|unseat_sim_card|user_abroad_roaming_disabled_on[PERSONA:None]
risky_ps_ix,38,3,target_post_switch,target_favoring,True,repair_subset,repair_subset,True,True,False,False,6.0,2.0,4.10473,0.0,0.0724,10.17713,6.0,clear_but_aux_failure_floor_6,False,True,True,fast/deep/deep/deep/deep,fast/deep/deep/deep/deep,mostly_deep_vs_mostly_deep_required,all_stage_modes_match,True,0,0,5,13,[mms_issue]airplane_mode_on|bad_network_preference|bad_wifi_calling|break_apn_mms_setting|break_app_both_permissions|data_mode_off|data_usage_exceeded|unseat_sim_card|user_abroad_roaming_enabled_off[PERSONA:Hard]
risky_ps_ix,39,3,target_post_switch,target_favoring,True,repair_all,repair_all,True,True,True,True,0.0,0.0,5.42626,3.5,0.06420000000000001,5.49046,,,False,True,True,deep/fast/deep/deep/fast,fast/deep/deep/deep/deep,mostly_deep_vs_mostly_deep_required,both_mismatch_types,False,2,1,2,12,[mms_issue]airplane_mode_on|bad_network_preference|bad_wifi_calling|break_apn_mms_setting|break_app_sms_permission|data_mode_off|unseat_sim_card|user_abroad_roaming_enabled_off[PERSONA:None]
risky_ps_ix,40,4,target_post_switch,target_favoring,False,repair_all,repair_all,True,True,True,True,0.0,0.0,3.73642,2.0,0.0725,3.8089199999999996,,,False,True,True,deep/fast/deep/deep/deep,fast/deep/deep/deep/deep,mostly_deep_vs_mostly_deep_required,both_mismatch_types,False,1,1,3,12,[mms_issue]bad_wifi_calling|break_apn_mms_setting|break_app_storage_permission|unseat_sim_card[PERSONA:Easy]
risky_ps_ix,41,4,target_post_switch,target_favoring,False,repair_all,repair_all,True,True,True,True,0.0,0.0,4.26805,0.5,0.0772,4.34525,,,False,True,True,deep/deep/deep/deep/deep,fast/deep/deep/deep/deep,mostly_deep_vs_mostly_deep_required,deep_on_fast_required,False,0,1,4,15,[mms_issue]bad_wifi_calling|break_apn_mms_setting|break_app_sms_permission|unseat_sim_card[PERSONA:None]
risky_ps_ix,42,4,target_post_switch,target_favoring,False,repair_all,repair_all,True,True,True,True,0.0,0.0,4.11266,0.5,0.0753,4.18796,,,False,True,True,deep/deep/deep/deep/deep,fast/deep/deep/deep/deep,mostly_deep_vs_mostly_deep_required,deep_on_fast_required,False,0,1,4,14,[mms_issue]bad_wifi_calling|break_apn_mms_setting|break_app_sms_permission|user_abroad_roaming_enabled_off[PERSONA:Easy]
risky_ps_ix,43,4,target_post_switch,target_favoring,False,repair_all,repair_all,True,True,True,True,0.0,0.0,3.26578,0.0,0.0741,3.33988,,,False,True,True,fast/deep/deep/deep/deep,fast/deep/deep/deep/deep,mostly_deep_vs_mostly_deep_required,all_stage_modes_match,True,0,0,5,12,[mms_issue]airplane_mode_on|bad_wifi_calling|break_apn_mms_setting|break_app_storage_permission|user_abroad_roaming_enabled_off[PERSONA:None]
risky_ps_ix,44,4,target_post_switch,target_favoring,False,repair_all,repair_all,True,True,True,True,0.0,0.0,4.91171,3.5,0.06420000000000001,4.97591,,,False,True,True,deep/fast/deep/deep/fast,fast/deep/deep/deep/deep,mostly_deep_vs_mostly_deep_required,both_mismatch_types,False,2,1,2,12,[mms_issue]bad_wifi_calling|break_apn_mms_setting|break_app_storage_permission|data_mode_off|unseat_sim_card[PERSONA:None]
risky_ps_ix,45,4,target_post_switch,target_favoring,False,repair_all,transfer,False,False,True,False,18.5,14.5,3.53836,0.0,0.0726,22.110960000000002,18.0,subset_mismatch_base_plus_linear;local_clear_failure_floor_10;invalid_local_transfer_floor_18,False,True,True,fast/deep/deep/deep/deep,fast/deep/deep/deep/deep,mostly_deep_vs_mostly_deep_required,all_stage_modes_match,True,0,0,5,12,[mms_issue]airplane_mode_on|bad_network_preference|bad_wifi_calling|break_apn_mms_setting|break_app_storage_permission|unseat_sim_card[PERSONA:Easy]
risky_ps_ix,46,4,target_post_switch,target_favoring,True,repair_subset,repair_subset,False,False,False,False,12.0,3.0,6.060435,3.5,0.06920000000000001,18.129635,12.0,subset_mismatch_base_plus_linear;local_clear_failure_floor_10;local_clear_and_aux_failure_floor_12,False,True,True,deep/fast/deep/fast/deep,fast/deep/deep/deep/deep,mostly_deep_vs_mostly_deep_required,both_mismatch_types,False,2,1,2,13,[mms_issue]airplane_mode_on|bad_network_preference|bad_wifi_calling|break_apn_mms_setting|break_app_both_permissions|data_mode_off|data_usage_exceeded|unseat_sim_card|user_abroad_roaming_disabled_on[PERSONA:Hard]
risky_ps_ix,47,4,target_post_switch,target_favoring,True,repair_subset,transfer,False,False,False,False,22.5,18.5,4.09577,0.0,0.07900000000000001,26.674770000000002,18.0,subset_mismatch_base_plus_linear;local_clear_failure_floor_10;local_clear_and_aux_failure_floor_12;invalid_local_transfer_floor_18,False,True,True,fast/deep/deep/deep/deep,fast/deep/deep/deep/deep,mostly_deep_vs_mostly_deep_required,all_stage_modes_match,True,0,0,5,13,[mms_issue]airplane_mode_on|bad_network_preference|bad_wifi_calling|break_apn_mms_setting|break_app_sms_permission|data_mode_off|data_usage_exceeded|unseat_sim_card|user_abroad_roaming_disabled_on[PERSONA:None]
risky_ps_ix,48,4,target_post_switch,target_favoring,True,repair_subset,repair_subset,False,False,False,False,17.0,13.0,6.34189,5.0,0.0608,23.40269,14.0,subset_mismatch_base_plus_linear;local_clear_failure_floor_10;local_clear_and_aux_failure_floor_12;fast_path_on_deep_required_clear_failure_floor_14,False,True,True,deep/fast/fast/deep/fast,fast/deep/deep/deep/deep,mostly_fast_vs_mostly_deep_required,both_mismatch_types,False,3,1,1,13,[mms_issue]airplane_mode_on|bad_network_preference|bad_wifi_calling|break_apn_mms_setting|break_app_both_permissions|data_mode_off|data_usage_exceeded|unseat_sim_card|user_abroad_roaming_enabled_off[PERSONA:Hard]
risky_ps_ix,49,4,target_post_switch,target_favoring,True,repair_all,repair_all,True,True,True,True,0.0,0.0,5.426585,3.5,0.06770000000000001,5.4942850000000005,,,False,True,True,deep/fast/fast/deep/deep,fast/deep/deep/deep/deep,mostly_deep_vs_mostly_deep_required,both_mismatch_types,False,2,1,2,13,[mms_issue]airplane_mode_on|bad_network_preference|bad_wifi_calling|break_apn_mms_setting|break_app_sms_permission|data_mode_off|unseat_sim_card|user_abroad_roaming_enabled_off[PERSONA:None]
risky_ps_ix,50,5,target_post_switch,target_favoring,False,repair_all,repair_all,True,True,True,True,0.0,0.0,4.25672,0.5,0.07750000000000001,4.334219999999999,,,False,True,True,deep/deep/deep/deep/deep,fast/deep/deep/deep/deep,mostly_deep_vs_mostly_deep_required,deep_on_fast_required,False,0,1,4,15,[mms_issue]bad_wifi_calling|break_apn_mms_setting|break_app_storage_permission|unseat_sim_card[PERSONA:Easy]
risky_ps_ix,51,5,target_post_switch,target_favoring,False,repair_all,repair_all,True,True,True,True,0.0,0.0,3.75759,2.0,0.0741,3.83169,,,False,True,True,deep/fast/deep/deep/deep,fast/deep/deep/deep/deep,mostly_deep_vs_mostly_deep_required,both_mismatch_types,False,1,1,3,12,[mms_issue]bad_wifi_calling|break_apn_mms_setting|break_app_sms_permission|unseat_sim_card[PERSONA:None]
risky_ps_ix,52,5,target_post_switch,target_favoring,False,repair_all,repair_all,True,True,True,True,0.0,0.0,4.25281,2.0,0.0758,4.32861,,,False,True,True,deep/fast/deep/deep/deep,fast/deep/deep/deep/deep,mostly_deep_vs_mostly_deep_required,both_mismatch_types,False,1,1,3,13,[mms_issue]bad_wifi_calling|break_apn_mms_setting|break_app_sms_permission|user_abroad_roaming_enabled_off[PERSONA:Easy]
risky_ps_ix,53,5,target_post_switch,target_favoring,False,repair_all,repair_all,True,True,True,True,0.0,0.0,5.111365,3.5,0.063,5.174365,,,False,True,True,deep/fast/deep/deep/fast,fast/deep/deep/deep/deep,mostly_deep_vs_mostly_deep_required,both_mismatch_types,False,2,1,2,13,[mms_issue]airplane_mode_on|bad_wifi_calling|break_apn_mms_setting|break_app_storage_permission|user_abroad_roaming_enabled_off[PERSONA:None]
risky_ps_ix,54,5,target_post_switch,target_favoring,False,repair_all,repair_all,True,True,True,True,0.0,0.0,3.730725,1.5,0.06870000000000001,3.7994250000000003,,,False,True,True,fast/deep/fast/deep/deep,fast/deep/deep/deep/deep,mostly_deep_vs_mostly_deep_required,fast_on_deep_required,False,1,0,4,12,[mms_issue]bad_wifi_calling|break_apn_mms_setting|break_app_storage_permission|data_mode_off|unseat_sim_card[PERSONA:None]
risky_ps_ix,55,5,target_post_switch,target_favoring,False,repair_all,transfer,False,False,True,False,18.5,14.5,4.88383,3.5,0.06530000000000001,23.44913,18.0,subset_mismatch_base_plus_linear;local_clear_failure_floor_10;invalid_local_transfer_floor_18,False,True,True,deep/fast/fast/deep/deep,fast/deep/deep/deep/deep,mostly_deep_vs_mostly_deep_required,both_mismatch_types,False,2,1,2,13,[mms_issue]airplane_mode_on|bad_network_preference|bad_wifi_calling|break_apn_mms_setting|break_app_storage_permission|unseat_sim_card[PERSONA:Easy]
risky_ps_ix,56,5,target_post_switch,target_favoring,True,repair_subset,transfer,False,False,False,False,22.5,18.5,4.13819,0.0,0.0735,26.711689999999997,18.0,subset_mismatch_base_plus_linear;local_clear_failure_floor_10;local_clear_and_aux_failure_floor_12;invalid_local_transfer_floor_18,False,True,True,fast/deep/deep/deep/deep,fast/deep/deep/deep/deep,mostly_deep_vs_mostly_deep_required,all_stage_modes_match,True,0,0,5,13,[mms_issue]airplane_mode_on|bad_network_preference|bad_wifi_calling|break_apn_mms_setting|break_app_both_permissions|data_mode_off|data_usage_exceeded|unseat_sim_card|user_abroad_roaming_disabled_on[PERSONA:Hard]
risky_ps_ix,57,5,target_post_switch,target_favoring,True,repair_subset,transfer,False,False,False,False,23.5,19.5,4.437795,3.0,0.06480000000000001,28.002595000000003,18.0,subset_mismatch_base_plus_linear;local_clear_failure_floor_10;local_clear_and_aux_failure_floor_12;fast_path_on_deep_required_clear_failure_floor_14;invalid_local_transfer_floor_18,False,True,True,fast/fast/fast/deep/deep,fast/deep/deep/deep/deep,mostly_fast_vs_mostly_deep_required,fast_on_deep_required,False,2,0,3,11,[mms_issue]airplane_mode_on|bad_network_preference|bad_wifi_calling|break_apn_mms_setting|break_app_sms_permission|data_mode_off|data_usage_exceeded|unseat_sim_card|user_abroad_roaming_disabled_on[PERSONA:None]
risky_ps_ix,58,5,target_post_switch,target_favoring,True,repair_subset,repair_subset,False,False,False,False,17.0,13.0,5.28932,2.0,0.06570000000000001,22.35502,12.0,subset_mismatch_base_plus_linear;local_clear_failure_floor_10;local_clear_and_aux_failure_floor_12,False,True,True,deep/fast/deep/deep/deep,fast/deep/deep/deep/deep,mostly_deep_vs_mostly_deep_required,both_mismatch_types,False,1,1,3,14,[mms_issue]airplane_mode_on|bad_network_preference|bad_wifi_calling|break_apn_mms_setting|break_app_both_permissions|data_mode_off|data_usage_exceeded|unseat_sim_card|user_abroad_roaming_enabled_off[PERSONA:Hard]
risky_ps_ix,59,5,target_post_switch,target_favoring,True,repair_all,repair_all,True,True,True,True,0.0,0.0,4.89529,2.0,0.06820000000000001,4.96349,,,False,True,True,deep/fast/deep/deep/deep,fast/deep/deep/deep/deep,mostly_deep_vs_mostly_deep_required,both_mismatch_types,False,1,1,3,13,[mms_issue]airplane_mode_on|bad_network_preference|bad_wifi_calling|break_apn_mms_setting|break_app_sms_permission|data_mode_off|unseat_sim_card|user_abroad_roaming_enabled_off[PERSONA:None]
risky_ps_ix,60,6,target_post_switch,target_favoring,False,repair_all,repair_all,True,True,True,True,0.0,0.0,4.26596,0.5,0.07650000000000001,4.34246,,,False,True,True,deep/deep/deep/deep/deep,fast/deep/deep/deep/deep,mostly_deep_vs_mostly_deep_required,deep_on_fast_required,False,0,1,4,15,[mms_issue]bad_wifi_calling|break_apn_mms_setting|break_app_storage_permission|unseat_sim_card[PERSONA:Easy]
risky_ps_ix,61,6,target_post_switch,target_favoring,False,repair_all,repair_all,True,True,True,True,0.0,0.0,3.34719,0.0,0.0735,3.42069,,,False,True,True,fast/deep/deep/deep/deep,fast/deep/deep/deep/deep,mostly_deep_vs_mostly_deep_required,all_stage_modes_match,True,0,0,5,12,[mms_issue]bad_wifi_calling|break_apn_mms_setting|break_app_sms_permission|unseat_sim_card[PERSONA:None]
risky_ps_ix,62,6,target_post_switch,target_favoring,False,repair_all,repair_all,True,True,True,True,0.0,0.0,4.20646,0.5,0.0753,4.28176,,,False,True,True,deep/deep/deep/deep/deep,fast/deep/deep/deep/deep,mostly_deep_vs_mostly_deep_required,deep_on_fast_required,False,0,1,4,15,[mms_issue]bad_wifi_calling|break_apn_mms_setting|break_app_sms_permission|user_abroad_roaming_enabled_off[PERSONA:Easy]
risky_ps_ix,63,6,target_post_switch,target_favoring,False,repair_all,repair_all,True,True,True,True,0.0,0.0,4.47893,3.0,0.0684,4.54733,,,False,True,True,fast/fast/fast/deep/deep,fast/deep/deep/deep/deep,mostly_fast_vs_mostly_deep_required,fast_on_deep_required,False,2,0,3,12,[mms_issue]airplane_mode_on|bad_wifi_calling|break_apn_mms_setting|break_app_storage_permission|user_abroad_roaming_enabled_off[PERSONA:None]
risky_ps_ix,64,6,target_post_switch,target_favoring,False,repair_all,repair_all,True,True,True,True,0.0,0.0,4.37645,0.5,0.07600000000000001,4.45245,,,False,True,True,deep/deep/deep/deep/deep,fast/deep/deep/deep/deep,mostly_deep_vs_mostly_deep_required,deep_on_fast_required,False,0,1,4,15,[mms_issue]bad_wifi_calling|break_apn_mms_setting|break_app_storage_permission|data_mode_off|unseat_sim_card[PERSONA:None]
risky_ps_ix,65,6,target_post_switch,target_favoring,False,repair_all,repair_all,True,True,True,True,0.0,0.0,4.07667,2.0,0.06910000000000001,4.14577,,,False,True,True,deep/fast/deep/deep/deep,fast/deep/deep/deep/deep,mostly_deep_vs_mostly_deep_required,both_mismatch_types,False,1,1,3,12,[mms_issue]airplane_mode_on|bad_network_preference|bad_wifi_calling|break_apn_mms_setting|break_app_storage_permission|unseat_sim_card[PERSONA:Easy]
risky_ps_ix,66,6,target_post_switch,target_favoring,True,repair_subset,transfer,False,False,False,False,22.5,18.5,4.88627,0.5,0.0772,27.46347,18.0,subset_mismatch_base_plus_linear;local_clear_failure_floor_10;local_clear_and_aux_failure_floor_12;invalid_local_transfer_floor_18,False,True,True,deep/deep/deep/deep/deep,fast/deep/deep/deep/deep,mostly_deep_vs_mostly_deep_required,deep_on_fast_required,False,0,1,4,15,[mms_issue]airplane_mode_on|bad_network_preference|bad_wifi_calling|break_apn_mms_setting|break_app_both_permissions|data_mode_off|data_usage_exceeded|unseat_sim_card|user_abroad_roaming_disabled_on[PERSONA:Hard]
risky_ps_ix,67,6,target_post_switch,target_favoring,True,repair_subset,repair_subset,False,False,True,False,19.0,15.0,5.38542,0.5,0.0748,24.46022,10.0,subset_mismatch_base_plus_linear;local_clear_failure_floor_10,False,True,True,deep/deep/deep/deep/deep,fast/deep/deep/deep/deep,mostly_deep_vs_mostly_deep_required,deep_on_fast_required,False,0,1,4,16,[mms_issue]airplane_mode_on|bad_network_preference|bad_wifi_calling|break_apn_mms_setting|break_app_sms_permission|data_mode_off|data_usage_exceeded|unseat_sim_card|user_abroad_roaming_disabled_on[PERSONA:None]
risky_ps_ix,68,6,target_post_switch,target_favoring,True,repair_subset,transfer,False,False,False,False,25.5,21.5,5.17053,2.0,0.06910000000000001,30.73963,18.0,subset_mismatch_base_plus_linear;local_clear_failure_floor_10;local_clear_and_aux_failure_floor_12;invalid_local_transfer_floor_18,False,True,True,deep/fast/deep/deep/deep,fast/deep/deep/deep/deep,mostly_deep_vs_mostly_deep_required,both_mismatch_types,False,1,1,3,14,[mms_issue]airplane_mode_on|bad_network_preference|bad_wifi_calling|break_apn_mms_setting|break_app_both_permissions|data_mode_off|data_usage_exceeded|unseat_sim_card|user_abroad_roaming_enabled_off[PERSONA:Hard]
risky_ps_ix,69,6,target_post_switch,target_favoring,True,repair_all,repair_all,True,True,True,True,0.0,0.0,3.57111,1.5,0.072,3.64311,,,False,True,True,fast/fast/deep/deep/deep,fast/deep/deep/deep/deep,mostly_deep_vs_mostly_deep_required,fast_on_deep_required,False,1,0,4,10,[mms_issue]airplane_mode_on|bad_network_preference|bad_wifi_calling|break_apn_mms_setting|break_app_sms_permission|data_mode_off|unseat_sim_card|user_abroad_roaming_enabled_off[PERSONA:None]
risky_ps_ix,70,7,target_post_switch,target_favoring,False,repair_all,repair_all,True,True,True,True,0.0,0.0,4.07339,0.5,0.07600000000000001,4.1493899999999995,,,False,True,True,deep/deep/deep/deep/deep,fast/deep/deep/deep/deep,mostly_deep_vs_mostly_deep_required,deep_on_fast_required,False,0,1,4,14,[mms_issue]bad_wifi_calling|break_apn_mms_setting|break_app_storage_permission|unseat_sim_card[PERSONA:Easy]
risky_ps_ix,71,7,target_post_switch,target_favoring,False,repair_all,repair_all,True,True,True,True,0.0,0.0,3.36175,0.0,0.0651,3.42685,,,False,True,True,fast/deep/deep/deep/deep,fast/deep/deep/deep/deep,mostly_deep_vs_mostly_deep_required,all_stage_modes_match,True,0,0,5,12,[mms_issue]bad_wifi_calling|break_apn_mms_setting|break_app_sms_permission|unseat_sim_card[PERSONA:None]
risky_ps_ix,72,7,target_post_switch,target_favoring,False,repair_all,repair_all,True,True,True,True,0.0,0.0,3.84435,0.5,0.0772,3.92155,,,False,True,True,deep/deep/deep/deep/deep,fast/deep/deep/deep/deep,mostly_deep_vs_mostly_deep_required,deep_on_fast_required,False,0,1,4,14,[mms_issue]bad_wifi_calling|break_apn_mms_setting|break_app_sms_permission|user_abroad_roaming_enabled_off[PERSONA:Easy]
risky_ps_ix,73,7,target_post_switch,target_favoring,False,repair_all,repair_all,True,True,True,True,0.0,0.0,5.02213,2.0,0.0708,5.09293,,,False,True,True,deep/fast/deep/deep/deep,fast/deep/deep/deep/deep,mostly_deep_vs_mostly_deep_required,both_mismatch_types,False,1,1,3,15,[mms_issue]airplane_mode_on|bad_wifi_calling|break_apn_mms_setting|break_app_storage_permission|user_abroad_roaming_enabled_off[PERSONA:None]
risky_ps_ix,74,7,target_post_switch,target_favoring,False,repair_all,repair_all,True,True,True,True,0.0,0.0,3.95365,0.5,0.07750000000000001,4.03115,,,False,True,True,deep/deep/deep/deep/deep,fast/deep/deep/deep/deep,mostly_deep_vs_mostly_deep_required,deep_on_fast_required,False,0,1,4,14,[mms_issue]bad_wifi_calling|break_apn_mms_setting|break_app_storage_permission|data_mode_off|unseat_sim_card[PERSONA:None]
risky_ps_ix,75,7,target_post_switch,target_favoring,False,repair_all,repair_all,True,True,True,True,0.0,0.0,4.01983,2.0,0.06730000000000001,4.08713,,,False,True,True,deep/fast/deep/deep/deep,fast/deep/deep/deep/deep,mostly_deep_vs_mostly_deep_required,both_mismatch_types,False,1,1,3,12,[mms_issue]airplane_mode_on|bad_network_preference|bad_wifi_calling|break_apn_mms_setting|break_app_storage_permission|unseat_sim_card[PERSONA:Easy]
risky_ps_ix,76,7,target_post_switch,target_favoring,True,repair_subset,transfer,False,False,False,False,23.5,19.5,3.9552,1.5,0.0614,27.5166,18.0,subset_mismatch_base_plus_linear;local_clear_failure_floor_10;local_clear_and_aux_failure_floor_12;invalid_local_transfer_floor_18,False,True,True,fast/fast/deep/deep/deep,fast/deep/deep/deep/deep,mostly_deep_vs_mostly_deep_required,fast_on_deep_required,False,1,0,4,11,[mms_issue]airplane_mode_on|bad_network_preference|bad_wifi_calling|break_apn_mms_setting|break_app_both_permissions|data_mode_off|data_usage_exceeded|unseat_sim_card|user_abroad_roaming_disabled_on[PERSONA:Hard]
risky_ps_ix,77,7,target_post_switch,target_favoring,True,repair_subset,transfer,False,False,False,False,23.5,19.5,4.64692,2.0,0.06520000000000001,28.21212,18.0,subset_mismatch_base_plus_linear;local_clear_failure_floor_10;local_clear_and_aux_failure_floor_12;invalid_local_transfer_floor_18,False,True,True,deep/fast/deep/deep/deep,fast/deep/deep/deep/deep,mostly_deep_vs_mostly_deep_required,both_mismatch_types,False,1,1,3,13,[mms_issue]airplane_mode_on|bad_network_preference|bad_wifi_calling|break_apn_mms_setting|break_app_sms_permission|data_mode_off|data_usage_exceeded|unseat_sim_card|user_abroad_roaming_disabled_on[PERSONA:None]
risky_ps_ix,78,7,target_post_switch,target_favoring,True,repair_subset,repair_subset,True,True,False,False,6.0,2.0,4.37716,0.5,0.07600000000000001,10.45316,6.0,clear_but_aux_failure_floor_6,False,True,True,deep/deep/deep/deep/deep,fast/deep/deep/deep/deep,mostly_deep_vs_mostly_deep_required,deep_on_fast_required,False,0,1,4,14,[mms_issue]airplane_mode_on|bad_network_preference|bad_wifi_calling|break_apn_mms_setting|break_app_both_permissions|data_mode_off|data_usage_exceeded|unseat_sim_card|user_abroad_roaming_enabled_off[PERSONA:Hard]
risky_ps_ix,79,7,target_post_switch,target_favoring,True,repair_all,transfer,False,False,True,False,22.5,18.5,5.14849,0.5,0.07600000000000001,27.72449,18.0,subset_mismatch_base_plus_linear;local_clear_failure_floor_10;invalid_local_transfer_floor_18,False,True,True,deep/deep/deep/deep/deep,fast/deep/deep/deep/deep,mostly_deep_vs_mostly_deep_required,deep_on_fast_required,False,0,1,4,16,[mms_issue]airplane_mode_on|bad_network_preference|bad_wifi_calling|break_apn_mms_setting|break_app_sms_permission|data_mode_off|unseat_sim_card|user_abroad_roaming_enabled_off[PERSONA:None]
risky_ps_ix,80,8,target_post_switch,target_favoring,False,repair_all,repair_all,True,True,True,True,0.0,0.0,3.51932,0.0,0.0724,3.59172,,,False,True,True,fast/deep/deep/deep/deep,fast/deep/deep/deep/deep,mostly_deep_vs_mostly_deep_required,all_stage_modes_match,True,0,0,5,13,[mms_issue]bad_wifi_calling|break_apn_mms_setting|break_app_storage_permission|unseat_sim_card[PERSONA:Easy]
risky_ps_ix,81,8,target_post_switch,target_favoring,False,repair_all,repair_all,True,True,True,True,0.0,0.0,3.52709,0.0,0.0741,3.60119,,,False,True,True,fast/deep/deep/deep/deep,fast/deep/deep/deep/deep,mostly_deep_vs_mostly_deep_required,all_stage_modes_match,True,0,0,5,13,[mms_issue]bad_wifi_calling|break_apn_mms_setting|break_app_sms_permission|unseat_sim_card[PERSONA:None]
risky_ps_ix,82,8,target_post_switch,target_favoring,False,repair_all,repair_all,True,True,True,True,0.0,0.0,4.23909,2.0,0.0714,4.31049,,,False,True,True,deep/fast/deep/deep/deep,fast/deep/deep/deep/deep,mostly_deep_vs_mostly_deep_required,both_mismatch_types,False,1,1,3,13,[mms_issue]bad_wifi_calling|break_apn_mms_setting|break_app_sms_permission|user_abroad_roaming_enabled_off[PERSONA:Easy]
risky_ps_ix,83,8,target_post_switch,target_favoring,False,repair_all,repair_all,True,True,True,True,0.0,0.0,4.51337,2.0,0.0721,4.58547,,,False,True,True,deep/fast/deep/deep/deep,fast/deep/deep/deep/deep,mostly_deep_vs_mostly_deep_required,both_mismatch_types,False,1,1,3,14,[mms_issue]airplane_mode_on|bad_wifi_calling|break_apn_mms_setting|break_app_storage_permission|user_abroad_roaming_enabled_off[PERSONA:None]
risky_ps_ix,84,8,target_post_switch,target_favoring,False,repair_all,repair_all,True,True,True,True,0.0,0.0,4.29836,2.0,0.0695,4.367859999999999,,,False,True,True,deep/fast/deep/deep/deep,fast/deep/deep/deep/deep,mostly_deep_vs_mostly_deep_required,both_mismatch_types,False,1,1,3,13,[mms_issue]bad_wifi_calling|break_apn_mms_setting|break_app_storage_permission|data_mode_off|unseat_sim_card[PERSONA:None]
risky_ps_ix,85,8,target_post_switch,target_favoring,False,repair_all,repair_subset,False,False,True,False,10.0,5.0,4.7695,0.5,0.0753,14.8448,10.0,subset_mismatch_base_plus_linear;local_clear_failure_floor_10,False,True,True,deep/deep/deep/deep/deep,fast/deep/deep/deep/deep,mostly_deep_vs_mostly_deep_required,deep_on_fast_required,False,0,1,4,15,[mms_issue]airplane_mode_on|bad_network_preference|bad_wifi_calling|break_apn_mms_setting|break_app_storage_permission|unseat_sim_card[PERSONA:Easy]
risky_ps_ix,86,8,target_post_switch,target_favoring,True,repair_subset,repair_subset,False,False,False,False,12.0,3.0,5.57072,3.5,0.06430000000000001,17.635019999999997,12.0,subset_mismatch_base_plus_linear;local_clear_failure_floor_10;local_clear_and_aux_failure_floor_12,False,True,True,deep/fast/deep/deep/fast,fast/deep/deep/deep/deep,mostly_deep_vs_mostly_deep_required,both_mismatch_types,False,2,1,2,12,[mms_issue]airplane_mode_on|bad_network_preference|bad_wifi_calling|break_apn_mms_setting|break_app_both_permissions|data_mode_off|data_usage_exceeded|unseat_sim_card|user_abroad_roaming_disabled_on[PERSONA:Hard]
risky_ps_ix,87,8,target_post_switch,target_favoring,True,repair_subset,repair_subset,False,False,False,False,17.0,13.0,4.478115,3.0,0.0685,21.546615,14.0,subset_mismatch_base_plus_linear;local_clear_failure_floor_10;local_clear_and_aux_failure_floor_12;fast_path_on_deep_required_clear_failure_floor_14,False,True,True,fast/fast/fast/deep/deep,fast/deep/deep/deep/deep,mostly_fast_vs_mostly_deep_required,fast_on_deep_required,False,2,0,3,11,[mms_issue]airplane_mode_on|bad_network_preference|bad_wifi_calling|break_apn_mms_setting|break_app_sms_permission|data_mode_off|data_usage_exceeded|unseat_sim_card|user_abroad_roaming_disabled_on[PERSONA:None]
risky_ps_ix,88,8,target_post_switch,target_favoring,True,repair_subset,repair_subset,True,True,False,False,6.0,2.0,4.50988,0.5,0.0753,10.585180000000001,6.0,clear_but_aux_failure_floor_6,False,True,True,deep/deep/deep/deep/deep,fast/deep/deep/deep/deep,mostly_deep_vs_mostly_deep_required,deep_on_fast_required,False,0,1,4,14,[mms_issue]airplane_mode_on|bad_network_preference|bad_wifi_calling|break_apn_mms_setting|break_app_both_permissions|data_mode_off|data_usage_exceeded|unseat_sim_card|user_abroad_roaming_enabled_off[PERSONA:Hard]
risky_ps_ix,89,8,target_post_switch,target_favoring,True,repair_all,repair_all,True,True,True,True,0.0,0.0,3.57055,1.5,0.0725,3.6430499999999997,,,False,True,True,fast/fast/deep/deep/deep,fast/deep/deep/deep/deep,mostly_deep_vs_mostly_deep_required,fast_on_deep_required,False,1,0,4,10,[mms_issue]airplane_mode_on|bad_network_preference|bad_wifi_calling|break_apn_mms_setting|break_app_sms_permission|data_mode_off|unseat_sim_card|user_abroad_roaming_enabled_off[PERSONA:None]
risky_ps_ix,90,9,target_post_switch,target_favoring,False,repair_all,repair_all,True,True,True,True,0.0,0.0,4.20878,2.0,0.0741,4.28288,,,False,True,True,deep/fast/deep/deep/deep,fast/deep/deep/deep/deep,mostly_deep_vs_mostly_deep_required,both_mismatch_types,False,1,1,3,13,[mms_issue]bad_wifi_calling|break_apn_mms_setting|break_app_storage_permission|unseat_sim_card[PERSONA:Easy]
risky_ps_ix,91,9,target_post_switch,target_favoring,False,repair_all,repair_all,True,True,True,True,0.0,0.0,3.01719,1.5,0.061700000000000005,3.07889,,,False,True,True,fast/fast/deep/deep/deep,fast/deep/deep/deep/deep,mostly_deep_vs_mostly_deep_required,fast_on_deep_required,False,1,0,4,10,[mms_issue]bad_wifi_calling|break_apn_mms_setting|break_app_sms_permission|unseat_sim_card[PERSONA:None]
risky_ps_ix,92,9,target_post_switch,target_favoring,False,repair_all,repair_all,True,True,True,True,0.0,0.0,4.440525,3.0,0.06699999999999999,4.507525,,,False,True,True,fast/fast/deep/deep/fast,fast/deep/deep/deep/deep,mostly_fast_vs_mostly_deep_required,fast_on_deep_required,False,2,0,3,11,[mms_issue]bad_wifi_calling|break_apn_mms_setting|break_app_sms_permission|user_abroad_roaming_enabled_off[PERSONA:Easy]
risky_ps_ix,93,9,target_post_switch,target_favoring,False,repair_all,repair_all,True,True,True,True,0.0,0.0,3.98033,0.5,0.0753,4.05563,,,False,True,True,deep/deep/deep/deep/deep,fast/deep/deep/deep/deep,mostly_deep_vs_mostly_deep_required,deep_on_fast_required,False,0,1,4,14,[mms_issue]airplane_mode_on|bad_wifi_calling|break_apn_mms_setting|break_app_storage_permission|user_abroad_roaming_enabled_off[PERSONA:None]
risky_ps_ix,94,9,target_post_switch,target_favoring,False,repair_all,repair_all,True,True,True,True,0.0,0.0,3.92428,2.0,0.0714,3.99568,,,False,True,True,deep/fast/deep/deep/deep,fast/deep/deep/deep/deep,mostly_deep_vs_mostly_deep_required,both_mismatch_types,False,1,1,3,12,[mms_issue]bad_wifi_calling|break_apn_mms_setting|break_app_storage_permission|data_mode_off|unseat_sim_card[PERSONA:None]
risky_ps_ix,95,9,target_post_switch,target_favoring,False,repair_all,transfer,False,False,True,False,18.5,14.5,4.5761,1.5,0.0649,23.141000000000002,18.0,subset_mismatch_base_plus_linear;local_clear_failure_floor_10;invalid_local_transfer_floor_18,False,True,True,fast/deep/fast/deep/deep,fast/deep/deep/deep/deep,mostly_deep_vs_mostly_deep_required,fast_on_deep_required,False,1,0,4,14,[mms_issue]airplane_mode_on|bad_network_preference|bad_wifi_calling|break_apn_mms_setting|break_app_storage_permission|unseat_sim_card[PERSONA:Easy]
risky_ps_ix,96,9,target_post_switch,target_favoring,True,repair_subset,repair_subset,False,False,False,False,17.5,13.5,5.37171,2.0,0.0758,22.94751,12.0,subset_mismatch_base_plus_linear;local_clear_failure_floor_10;local_clear_and_aux_failure_floor_12,False,True,True,deep/fast/deep/deep/deep,fast/deep/deep/deep/deep,mostly_deep_vs_mostly_deep_required,both_mismatch_types,False,1,1,3,14,[mms_issue]airplane_mode_on|bad_network_preference|bad_wifi_calling|break_apn_mms_setting|break_app_both_permissions|data_mode_off|data_usage_exceeded|unseat_sim_card|user_abroad_roaming_disabled_on[PERSONA:Hard]
risky_ps_ix,97,9,target_post_switch,target_favoring,True,repair_subset,repair_subset,True,True,False,False,6.0,2.0,4.68643,0.0,0.0752,10.76163,6.0,clear_but_aux_failure_floor_6,False,True,True,fast/deep/deep/deep/deep,fast/deep/deep/deep/deep,mostly_deep_vs_mostly_deep_required,all_stage_modes_match,True,0,0,5,14,[mms_issue]airplane_mode_on|bad_network_preference|bad_wifi_calling|break_apn_mms_setting|break_app_sms_permission|data_mode_off|data_usage_exceeded|unseat_sim_card|user_abroad_roaming_disabled_on[PERSONA:None]
risky_ps_ix,98,9,target_post_switch,target_favoring,True,repair_subset,repair_subset,False,False,False,False,14.0,5.0,5.929425,3.0,0.0649,19.994325,14.0,subset_mismatch_base_plus_linear;local_clear_failure_floor_10;local_clear_and_aux_failure_floor_12;fast_path_on_deep_required_clear_failure_floor_14,False,True,True,fast/deep/deep/fast/fast,fast/deep/deep/deep/deep,mostly_fast_vs_mostly_deep_required,fast_on_deep_required,False,2,0,3,11,[mms_issue]airplane_mode_on|bad_network_preference|bad_wifi_calling|break_apn_mms_setting|break_app_both_permissions|data_mode_off|data_usage_exceeded|unseat_sim_card|user_abroad_roaming_enabled_off[PERSONA:Hard]
risky_ps_ix,99,9,target_post_switch,target_favoring,True,repair_all,transfer,False,False,True,False,22.5,18.5,4.24802,0.0,0.06999999999999999,26.81802,18.0,subset_mismatch_base_plus_linear;local_clear_failure_floor_10;invalid_local_transfer_floor_18,False,True,True,fast/deep/deep/deep/deep,fast/deep/deep/deep/deep,mostly_deep_vs_mostly_deep_required,all_stage_modes_match,True,0,0,5,13,[mms_issue]airplane_mode_on|bad_network_preference|bad_wifi_calling|break_apn_mms_setting|break_app_sms_permission|data_mode_off|unseat_sim_card|user_abroad_roaming_enabled_off[PERSONA:None]
risky_ps_safe_conditional,0,0,trap_pre_switch,trap_favoring,False,repair_all,repair_all,True,True,True,True,0.0,0.0,4.164155,1.5,0.06670000000000001,4.230855,,,False,True,True,fast/fast/deep/deep/deep,fast/fast/fast/fast/fast,mostly_deep_vs_mostly_fast_required,deep_on_fast_required,False,0,3,2,10,[mms_issue]airplane_mode_on|bad_wifi_calling|break_app_storage_permission[PERSONA:Easy]
risky_ps_safe_conditional,1,0,trap_pre_switch,trap_favoring,False,repair_all,repair_all,True,True,True,True,0.0,0.0,4.27999,1.5,0.06530000000000001,4.345289999999999,,,False,True,True,deep/fast/deep/deep/fast,fast/fast/fast/fast/fast,mostly_deep_vs_mostly_fast_required,deep_on_fast_required,False,0,3,2,12,[mms_issue]airplane_mode_on|bad_wifi_calling|break_app_sms_permission[PERSONA:None]
risky_ps_safe_conditional,2,0,trap_pre_switch,trap_favoring,False,repair_all,repair_all,True,True,True,True,0.0,0.0,8.37448,1.5,0.07500000000000001,8.44948,,,False,True,True,fast/fast/deep/deep/deep,fast/fast/fast/fast/fast,mostly_deep_vs_mostly_fast_required,deep_on_fast_required,False,0,3,2,17,[mms_issue]bad_wifi_calling[PERSONA:Easy]
risky_ps_safe_conditional,3,0,trap_pre_switch,trap_favoring,False,repair_all,repair_all,True,True,True,True,0.0,0.0,5.189555,2.0,0.0758,5.2653550000000005,,,False,True,True,deep/fast/deep/deep/deep,fast/fast/fast/fast/fast,mostly_deep_vs_mostly_fast_required,deep_on_fast_required,False,0,4,1,13,[mms_issue]bad_wifi_calling|break_app_storage_permission[PERSONA:Easy]
risky_ps_safe_conditional,4,0,trap_pre_switch,trap_favoring,False,repair_all,repair_all,True,True,True,True,0.0,0.0,4.77053,1.5,0.06420000000000001,4.8347299999999995,,,False,True,True,deep/fast/fast/deep/deep,fast/fast/fast/fast/fast,mostly_deep_vs_mostly_fast_required,deep_on_fast_required,False,0,3,2,13,[mms_issue]bad_wifi_calling|break_app_sms_permission[PERSONA:None]
risky_ps_safe_conditional,5,0,trap_pre_switch,trap_favoring,False,repair_all,repair_all,True,True,True,True,0.0,0.0,4.6554,2.0,0.0752,4.7306,,,False,True,True,fast/deep/deep/deep/deep,fast/fast/fast/fast/fast,mostly_deep_vs_mostly_fast_required,deep_on_fast_required,False,0,4,1,11,[mms_issue]bad_network_preference|bad_wifi_calling|break_app_storage_permission[PERSONA:Hard]
risky_ps_safe_conditional,6,0,trap_pre_switch,trap_favoring,False,repair_all,repair_all,True,True,True,True,0.0,0.0,3.58214,1.0,0.0632,3.64534,,,False,True,True,deep/fast/deep/fast/fast,fast/fast/fast/fast/fast,mostly_fast_vs_mostly_fast_required,deep_on_fast_required,False,0,2,3,12,[mms_issue]bad_wifi_calling|break_app_sms_permission|data_mode_off[PERSONA:None]
risky_ps_safe_conditional,7,0,trap_pre_switch,trap_favoring,False,repair_all,repair_all,True,True,True,True,0.0,0.0,3.70383,1.0,0.0601,3.7639299999999998,,,False,True,True,fast/fast/fast/deep/deep,fast/fast/fast/fast/fast,mostly_fast_vs_mostly_fast_required,deep_on_fast_required,False,0,2,3,10,[mms_issue]bad_network_preference|bad_wifi_calling|break_app_sms_permission[PERSONA:Easy]
risky_ps_safe_conditional,8,0,trap_pre_switch,trap_favoring,False,repair_all,repair_all,True,True,True,True,0.0,0.0,4.130875,1.5,0.0725,4.203374999999999,,,False,True,True,fast/fast/deep/deep/deep,fast/fast/fast/fast/fast,mostly_deep_vs_mostly_fast_required,deep_on_fast_required,False,0,3,2,10,[mms_issue]bad_wifi_calling|break_app_storage_permission|data_mode_off[PERSONA:Easy]
risky_ps_safe_conditional,9,0,trap_pre_switch,trap_favoring,False,repair_all,repair_all,True,True,True,True,0.0,0.0,12.920505,1.5,0.0731,12.993605,,,False,True,True,deep/fast/fast/deep/deep,fast/fast/fast/fast/fast,mostly_deep_vs_mostly_fast_required,deep_on_fast_required,False,0,3,2,23,[mms_issue]airplane_mode_on|bad_wifi_calling[PERSONA:Easy]
risky_ps_safe_conditional,10,1,trap_pre_switch,trap_favoring,False,repair_all,repair_all,True,True,True,True,0.0,0.0,3.17718,0.5,0.05600000000000001,3.23318,,,False,True,True,deep/fast/fast/fast/fast,fast/fast/fast/fast/fast,mostly_fast_vs_mostly_fast_required,deep_on_fast_required,False,0,1,4,12,[mms_issue]airplane_mode_on|bad_wifi_calling|break_app_storage_permission[PERSONA:Easy]
risky_ps_safe_conditional,11,1,trap_pre_switch,trap_favoring,False,repair_all,repair_all,True,True,True,True,0.0,0.0,5.376135,2.0,0.07750000000000001,5.453634999999999,,,False,True,True,fast/deep/deep/deep/deep,fast/fast/fast/fast/fast,mostly_deep_vs_mostly_fast_required,deep_on_fast_required,False,0,4,1,13,[mms_issue]airplane_mode_on|bad_wifi_calling|break_app_sms_permission[PERSONA:None]
risky_ps_safe_conditional,12,1,trap_pre_switch,trap_favoring,False,repair_all,repair_all,True,True,True,True,0.0,0.0,2.281965,0.5,0.0641,2.346065,,,False,True,True,fast/fast/fast/fast/deep,fast/fast/fast/fast/fast,mostly_fast_vs_mostly_fast_required,deep_on_fast_required,False,0,1,4,9,[mms_issue]bad_wifi_calling[PERSONA:Easy]
risky_ps_safe_conditional,13,1,trap_pre_switch,trap_favoring,False,repair_all,repair_all,True,True,True,True,0.0,0.0,4.450255,1.5,0.0704,4.5206550000000005,,,False,True,True,fast/fast/deep/deep/deep,fast/fast/fast/fast/fast,mostly_deep_vs_mostly_fast_required,deep_on_fast_required,False,0,3,2,11,[mms_issue]bad_wifi_calling|break_app_storage_permission[PERSONA:Easy]
risky_ps_safe_conditional,14,1,trap_pre_switch,trap_favoring,False,repair_all,repair_all,True,True,True,True,0.0,0.0,4.4486,1.5,0.06830000000000001,4.5169,,,False,True,True,fast/fast/deep/deep/deep,fast/fast/fast/fast/fast,mostly_deep_vs_mostly_fast_required,deep_on_fast_required,False,0,3,2,11,[mms_issue]bad_wifi_calling|break_app_sms_permission[PERSONA:None]
risky_ps_safe_conditional,15,1,trap_pre_switch,trap_favoring,False,repair_all,repair_all,True,True,True,True,0.0,0.0,6.013875,2.5,0.07600000000000001,6.089874999999999,,,False,True,True,deep/deep/deep/deep/deep,fast/fast/fast/fast/fast,mostly_deep_vs_mostly_fast_required,deep_on_fast_required,False,0,5,0,14,[mms_issue]bad_network_preference|bad_wifi_calling|break_app_storage_permission[PERSONA:Hard]
risky_ps_safe_conditional,16,1,trap_pre_switch,trap_favoring,False,repair_all,repair_all,True,True,True,True,0.0,0.0,4.94587,2.0,0.0742,5.0200700000000005,,,False,True,True,fast/deep/deep/deep/deep,fast/fast/fast/fast/fast,mostly_deep_vs_mostly_fast_required,deep_on_fast_required,False,0,4,1,12,[mms_issue]bad_wifi_calling|break_app_sms_permission|data_mode_off[PERSONA:None]
risky_ps_safe_conditional,17,1,trap_pre_switch,trap_favoring,False,repair_all,repair_all,True,True,True,True,0.0,0.0,3.70383,1.0,0.0661,3.76993,,,False,True,True,fast/fast/fast/deep/deep,fast/fast/fast/fast/fast,mostly_fast_vs_mostly_fast_required,deep_on_fast_required,False,0,2,3,10,[mms_issue]bad_network_preference|bad_wifi_calling|break_app_sms_permission[PERSONA:Easy]
risky_ps_safe_conditional,18,1,trap_pre_switch,trap_favoring,False,repair_all,repair_all,True,True,True,True,0.0,0.0,5.3915,2.5,0.07790000000000001,5.469399999999999,,,False,True,True,deep/deep/deep/deep/deep,fast/fast/fast/fast/fast,mostly_deep_vs_mostly_fast_required,deep_on_fast_required,False,0,5,0,13,[mms_issue]bad_wifi_calling|break_app_storage_permission|data_mode_off[PERSONA:Easy]
risky_ps_safe_conditional,19,1,trap_pre_switch,trap_favoring,False,repair_all,repair_all,True,True,True,True,0.0,0.0,4.72545,2.0,0.06930000000000001,4.7947500000000005,,,False,True,True,fast/deep/deep/deep/deep,fast/fast/fast/fast/fast,mostly_deep_vs_mostly_fast_required,deep_on_fast_required,False,0,4,1,12,[mms_issue]airplane_mode_on|bad_wifi_calling[PERSONA:Easy]
risky_ps_safe_conditional,20,2,trap_pre_switch,trap_favoring,False,repair_all,repair_all,True,True,True,True,0.0,0.0,3.751605,1.0,0.0608,3.812405,,,False,True,True,deep/fast/fast/fast/deep,fast/fast/fast/fast/fast,mostly_fast_vs_mostly_fast_required,deep_on_fast_required,False,0,2,3,12,[mms_issue]airplane_mode_on|bad_wifi_calling|break_app_storage_permission[PERSONA:Easy]
risky_ps_safe_conditional,21,2,trap_pre_switch,trap_favoring,False,repair_all,repair_all,True,True,True,True,0.0,0.0,3.139655,0.5,0.0671,3.206755,,,False,True,True,fast/fast/fast/deep/fast,fast/fast/fast/fast/fast,mostly_fast_vs_mostly_fast_required,deep_on_fast_required,False,0,1,4,10,[mms_issue]airplane_mode_on|bad_wifi_calling|break_app_sms_permission[PERSONA:None]
risky_ps_safe_conditional,22,2,trap_pre_switch,trap_favoring,False,repair_all,repair_all,True,True,True,True,0.0,0.0,9.59269,1.5,0.06380000000000001,9.65649,,,False,True,True,fast/deep/fast/deep/deep,fast/fast/fast/fast/fast,mostly_deep_vs_mostly_fast_required,deep_on_fast_required,False,0,3,2,19,[mms_issue]bad_wifi_calling[PERSONA:Easy]
risky_ps_safe_conditional,23,2,trap_pre_switch,trap_favoring,False,repair_all,repair_all,True,True,True,True,0.0,0.0,4.069345,1.5,0.063,4.132345,,,False,True,True,deep/fast/deep/deep/fast,fast/fast/fast/fast/fast,mostly_deep_vs_mostly_fast_required,deep_on_fast_required,False,0,3,2,12,[mms_issue]bad_wifi_calling|break_app_storage_permission[PERSONA:Easy]
risky_ps_safe_conditional,24,2,trap_pre_switch,trap_favoring,False,repair_all,repair_all,True,True,True,True,0.0,0.0,3.876775,1.5,0.0717,3.9484749999999997,,,False,True,True,fast/deep/deep/deep/fast,fast/fast/fast/fast/fast,mostly_deep_vs_mostly_fast_required,deep_on_fast_required,False,0,3,2,11,[mms_issue]bad_wifi_calling|break_app_sms_permission[PERSONA:None]
risky_ps_safe_conditional,25,2,target_post_switch,target_favoring,False,repair_all,repair_all,True,True,True,True,0.0,0.0,3.35566,0.0,0.0752,3.43086,,,False,True,True,fast/deep/deep/deep/deep,fast/deep/deep/deep/deep,mostly_deep_vs_mostly_deep_required,all_stage_modes_match,True,0,0,5,12,[mms_issue]airplane_mode_on|bad_network_preference|bad_wifi_calling|break_apn_mms_setting|break_app_storage_permission|unseat_sim_card[PERSONA:Easy]
risky_ps_safe_conditional,26,2,target_post_switch,target_favoring,True,repair_subset,repair_subset,False,False,False,False,19.0,15.0,4.00581,1.5,0.0742,23.08001,12.0,subset_mismatch_base_plus_linear;local_clear_failure_floor_10;local_clear_and_aux_failure_floor_12,False,True,True,fast/fast/deep/deep/deep,fast/deep/deep/deep/deep,mostly_deep_vs_mostly_deep_required,fast_on_deep_required,False,1,0,4,11,[mms_issue]airplane_mode_on|bad_network_preference|bad_wifi_calling|break_apn_mms_setting|break_app_both_permissions|data_mode_off|data_usage_exceeded|unseat_sim_card|user_abroad_roaming_disabled_on[PERSONA:Hard]
risky_ps_safe_conditional,27,2,target_post_switch,target_favoring,True,repair_subset,repair_subset,True,True,False,False,6.0,2.0,5.47635,0.5,0.07790000000000001,11.55425,6.0,clear_but_aux_failure_floor_6,False,True,True,deep/deep/deep/deep/deep,fast/deep/deep/deep/deep,mostly_deep_vs_mostly_deep_required,deep_on_fast_required,False,0,1,4,16,[mms_issue]airplane_mode_on|bad_network_preference|bad_wifi_calling|break_apn_mms_setting|break_app_sms_permission|data_mode_off|data_usage_exceeded|unseat_sim_card|user_abroad_roaming_disabled_on[PERSONA:None]
risky_ps_safe_conditional,28,2,target_post_switch,target_favoring,True,repair_subset,repair_subset,False,False,False,False,19.0,15.0,3.892,0.0,0.0741,22.9661,12.0,subset_mismatch_base_plus_linear;local_clear_failure_floor_10;local_clear_and_aux_failure_floor_12,False,True,True,fast/deep/deep/deep/deep,fast/deep/deep/deep/deep,mostly_deep_vs_mostly_deep_required,all_stage_modes_match,True,0,0,5,12,[mms_issue]airplane_mode_on|bad_network_preference|bad_wifi_calling|break_apn_mms_setting|break_app_both_permissions|data_mode_off|data_usage_exceeded|unseat_sim_card|user_abroad_roaming_enabled_off[PERSONA:Hard]
risky_ps_safe_conditional,29,2,target_post_switch,target_favoring,True,repair_all,repair_subset,False,False,False,False,14.0,5.0,6.004375,3.0,0.0716,20.075975,14.0,subset_mismatch_base_plus_linear;local_clear_failure_floor_10;local_clear_and_aux_failure_floor_12;fast_path_on_deep_required_clear_failure_floor_14,False,True,True,fast/deep/deep/fast/fast,fast/deep/deep/deep/deep,mostly_fast_vs_mostly_deep_required,fast_on_deep_required,False,2,0,3,12,[mms_issue]airplane_mode_on|bad_network_preference|bad_wifi_calling|break_apn_mms_setting|break_app_sms_permission|data_mode_off|unseat_sim_card|user_abroad_roaming_enabled_off[PERSONA:None]
risky_ps_safe_conditional,30,3,target_post_switch,target_favoring,False,repair_all,repair_all,True,True,True,True,0.0,0.0,3.05319,0.0,0.07330000000000002,3.12649,,,False,True,True,fast/deep/deep/deep/deep,fast/deep/deep/deep/deep,mostly_deep_vs_mostly_deep_required,all_stage_modes_match,True,0,0,5,12,[mms_issue]bad_wifi_calling|break_apn_mms_setting|break_app_storage_permission|unseat_sim_card[PERSONA:Easy]
risky_ps_safe_conditional,31,3,target_post_switch,target_favoring,False,repair_all,repair_all,True,True,True,True,0.0,0.0,4.72454,3.5,0.06770000000000001,4.7922400000000005,,,False,True,True,deep/fast/fast/deep/deep,fast/deep/deep/deep/deep,mostly_deep_vs_mostly_deep_required,both_mismatch_types,False,2,1,2,13,[mms_issue]bad_wifi_calling|break_apn_mms_setting|break_app_sms_permission|unseat_sim_card[PERSONA:None]
risky_ps_safe_conditional,32,3,target_post_switch,target_favoring,False,repair_all,repair_all,True,True,True,True,0.0,0.0,3.70421,0.5,0.07600000000000001,3.78021,,,False,True,True,deep/deep/deep/deep/deep,fast/deep/deep/deep/deep,mostly_deep_vs_mostly_deep_required,deep_on_fast_required,False,0,1,4,13,[mms_issue]bad_wifi_calling|break_apn_mms_setting|break_app_sms_permission|user_abroad_roaming_enabled_off[PERSONA:Easy]
risky_ps_safe_conditional,33,3,target_post_switch,target_favoring,False,repair_all,repair_all,True,True,True,True,0.0,0.0,4.80149,2.0,0.0758,4.87729,,,False,True,True,deep/fast/deep/deep/deep,fast/deep/deep/deep/deep,mostly_deep_vs_mostly_deep_required,both_mismatch_types,False,1,1,3,14,[mms_issue]airplane_mode_on|bad_wifi_calling|break_apn_mms_setting|break_app_storage_permission|user_abroad_roaming_enabled_off[PERSONA:None]
risky_ps_safe_conditional,34,3,target_post_switch,target_favoring,False,repair_all,repair_all,True,True,True,True,0.0,0.0,4.24386,1.5,0.06770000000000001,4.31156,,,False,True,True,fast/deep/fast/deep/deep,fast/deep/deep/deep/deep,mostly_deep_vs_mostly_deep_required,fast_on_deep_required,False,1,0,4,13,[mms_issue]bad_wifi_calling|break_apn_mms_setting|break_app_storage_permission|data_mode_off|unseat_sim_card[PERSONA:None]
risky_ps_safe_conditional,35,3,target_post_switch,target_favoring,False,repair_all,transfer,False,False,True,False,18.5,14.5,3.58287,1.5,0.0704,22.15327,18.0,subset_mismatch_base_plus_linear;local_clear_failure_floor_10;invalid_local_transfer_floor_18,False,True,True,fast/deep/fast/deep/deep,fast/deep/deep/deep/deep,mostly_deep_vs_mostly_deep_required,fast_on_deep_required,False,1,0,4,11,[mms_issue]airplane_mode_on|bad_network_preference|bad_wifi_calling|break_apn_mms_setting|break_app_storage_permission|unseat_sim_card[PERSONA:Easy]
risky_ps_safe_conditional,36,3,target_post_switch,target_favoring,True,repair_subset,repair_subset,False,False,False,False,14.0,5.0,5.36814,4.5,0.0623,19.43044,14.0,subset_mismatch_base_plus_linear;local_clear_failure_floor_10;local_clear_and_aux_failure_floor_12;fast_path_on_deep_required_clear_failure_floor_14,False,True,True,fast/fast/fast/fast/deep,fast/deep/deep/deep/deep,mostly_fast_vs_mostly_deep_required,fast_on_deep_required,False,3,0,2,10,[mms_issue]airplane_mode_on|bad_network_preference|bad_wifi_calling|break_apn_mms_setting|break_app_both_permissions|data_mode_off|data_usage_exceeded|unseat_sim_card|user_abroad_roaming_disabled_on[PERSONA:Hard]
risky_ps_safe_conditional,37,3,target_post_switch,target_favoring,True,repair_subset,transfer,False,False,False,False,23.5,19.5,4.65966,2.0,0.0714,28.23106,18.0,subset_mismatch_base_plus_linear;local_clear_failure_floor_10;local_clear_and_aux_failure_floor_12;invalid_local_transfer_floor_18,False,True,True,deep/fast/deep/deep/deep,fast/deep/deep/deep/deep,mostly_deep_vs_mostly_deep_required,both_mismatch_types,False,1,1,3,13,[mms_issue]airplane_mode_on|bad_network_preference|bad_wifi_calling|break_apn_mms_setting|break_app_sms_permission|data_mode_off|data_usage_exceeded|unseat_sim_card|user_abroad_roaming_disabled_on[PERSONA:None]
risky_ps_safe_conditional,38,3,target_post_switch,target_favoring,True,repair_subset,repair_subset,False,False,False,False,17.0,13.0,5.14415,0.5,0.07600000000000001,22.22015,12.0,subset_mismatch_base_plus_linear;local_clear_failure_floor_10;local_clear_and_aux_failure_floor_12,False,True,True,deep/deep/deep/deep/deep,fast/deep/deep/deep/deep,mostly_deep_vs_mostly_deep_required,deep_on_fast_required,False,0,1,4,15,[mms_issue]airplane_mode_on|bad_network_preference|bad_wifi_calling|break_apn_mms_setting|break_app_both_permissions|data_mode_off|data_usage_exceeded|unseat_sim_card|user_abroad_roaming_enabled_off[PERSONA:Hard]
risky_ps_safe_conditional,39,3,target_post_switch,target_favoring,True,repair_all,repair_all,True,True,True,True,0.0,0.0,5.547,0.5,0.07600000000000001,5.622999999999999,,,False,True,True,deep/deep/deep/deep/deep,fast/deep/deep/deep/deep,mostly_deep_vs_mostly_deep_required,deep_on_fast_required,False,0,1,4,16,[mms_issue]airplane_mode_on|bad_network_preference|bad_wifi_calling|break_apn_mms_setting|break_app_sms_permission|data_mode_off|unseat_sim_card|user_abroad_roaming_enabled_off[PERSONA:None]
risky_ps_safe_conditional,40,4,target_post_switch,target_favoring,False,repair_all,repair_all,True,True,True,True,0.0,0.0,8.112565,4.5,0.0641,8.176665,,,False,True,True,fast/fast/fast/deep/fast,fast/deep/deep/deep/deep,mostly_fast_vs_mostly_deep_required,fast_on_deep_required,False,3,0,2,16,[mms_issue]bad_wifi_calling|break_apn_mms_setting|break_app_storage_permission|unseat_sim_card[PERSONA:Easy]
risky_ps_safe_conditional,41,4,target_post_switch,target_favoring,False,repair_all,repair_all,True,True,True,True,0.0,0.0,3.60303,1.5,0.0732,3.67623,,,False,True,True,fast/deep/fast/deep/deep,fast/deep/deep/deep/deep,mostly_deep_vs_mostly_deep_required,fast_on_deep_required,False,1,0,4,12,[mms_issue]bad_wifi_calling|break_apn_mms_setting|break_app_sms_permission|unseat_sim_card[PERSONA:None]
risky_ps_safe_conditional,42,4,target_post_switch,target_favoring,False,repair_all,repair_all,True,True,True,True,0.0,0.0,4.15376,2.0,0.06820000000000001,4.22196,,,False,True,True,deep/fast/deep/deep/deep,fast/deep/deep/deep/deep,mostly_deep_vs_mostly_deep_required,both_mismatch_types,False,1,1,3,13,[mms_issue]bad_wifi_calling|break_apn_mms_setting|break_app_sms_permission|user_abroad_roaming_enabled_off[PERSONA:Easy]
risky_ps_safe_conditional,43,4,target_post_switch,target_favoring,False,repair_all,repair_all,True,True,True,True,0.0,0.0,3.87421,1.5,0.0725,3.94671,,,False,True,True,fast/fast/deep/deep/deep,fast/deep/deep/deep/deep,mostly_deep_vs_mostly_deep_required,fast_on_deep_required,False,1,0,4,12,[mms_issue]airplane_mode_on|bad_wifi_calling|break_apn_mms_setting|break_app_storage_permission|user_abroad_roaming_enabled_off[PERSONA:None]
risky_ps_safe_conditional,44,4,target_post_switch,target_favoring,False,repair_all,repair_all,True,True,True,True,0.0,0.0,4.638515,3.0,0.0706,4.709115,,,False,True,True,fast/fast/deep/fast/deep,fast/deep/deep/deep/deep,mostly_fast_vs_mostly_deep_required,fast_on_deep_required,False,2,0,3,11,[mms_issue]bad_wifi_calling|break_apn_mms_setting|break_app_storage_permission|data_mode_off|unseat_sim_card[PERSONA:None]
risky_ps_safe_conditional,45,4,target_post_switch,target_favoring,False,repair_all,repair_subset,False,False,True,False,10.0,5.0,4.25109,1.5,0.08000000000000002,14.33109,10.0,subset_mismatch_base_plus_linear;local_clear_failure_floor_10,False,True,True,fast/deep/fast/deep/deep,fast/deep/deep/deep/deep,mostly_deep_vs_mostly_deep_required,fast_on_deep_required,False,1,0,4,13,[mms_issue]airplane_mode_on|bad_network_preference|bad_wifi_calling|break_apn_mms_setting|break_app_storage_permission|unseat_sim_card[PERSONA:Easy]
risky_ps_safe_conditional,46,4,target_post_switch,target_favoring,True,repair_subset,repair_subset,False,False,False,False,17.0,13.0,4.78042,2.0,0.0691,21.84952,12.0,subset_mismatch_base_plus_linear;local_clear_failure_floor_10;local_clear_and_aux_failure_floor_12,False,True,True,deep/fast/deep/deep/deep,fast/deep/deep/deep/deep,mostly_deep_vs_mostly_deep_required,both_mismatch_types,False,1,1,3,13,[mms_issue]airplane_mode_on|bad_network_preference|bad_wifi_calling|break_apn_mms_setting|break_app_both_permissions|data_mode_off|data_usage_exceeded|unseat_sim_card|user_abroad_roaming_disabled_on[PERSONA:Hard]
risky_ps_safe_conditional,47,4,target_post_switch,target_favoring,True,repair_subset,transfer,False,False,False,False,23.5,19.5,4.445915,3.0,0.0661,28.012014999999998,18.0,subset_mismatch_base_plus_linear;local_clear_failure_floor_10;local_clear_and_aux_failure_floor_12;fast_path_on_deep_required_clear_failure_floor_14;invalid_local_transfer_floor_18,False,True,True,fast/fast/fast/deep/deep,fast/deep/deep/deep/deep,mostly_fast_vs_mostly_deep_required,fast_on_deep_required,False,2,0,3,11,[mms_issue]airplane_mode_on|bad_network_preference|bad_wifi_calling|break_apn_mms_setting|break_app_sms_permission|data_mode_off|data_usage_exceeded|unseat_sim_card|user_abroad_roaming_disabled_on[PERSONA:None]
risky_ps_safe_conditional,48,4,target_post_switch,target_favoring,True,repair_subset,repair_subset,True,True,False,False,6.0,2.0,4.51562,0.5,0.0772,10.59282,6.0,clear_but_aux_failure_floor_6,False,True,True,deep/deep/deep/deep/deep,fast/deep/deep/deep/deep,mostly_deep_vs_mostly_deep_required,deep_on_fast_required,False,0,1,4,14,[mms_issue]airplane_mode_on|bad_network_preference|bad_wifi_calling|break_apn_mms_setting|break_app_both_permissions|data_mode_off|data_usage_exceeded|unseat_sim_card|user_abroad_roaming_enabled_off[PERSONA:Hard]
risky_ps_safe_conditional,49,4,target_post_switch,target_favoring,True,repair_all,repair_all,True,True,True,True,0.0,0.0,4.15253,1.5,0.0725,4.225029999999999,,,False,True,True,fast/fast/deep/deep/deep,fast/deep/deep/deep/deep,mostly_deep_vs_mostly_deep_required,fast_on_deep_required,False,1,0,4,11,[mms_issue]airplane_mode_on|bad_network_preference|bad_wifi_calling|break_apn_mms_setting|break_app_sms_permission|data_mode_off|unseat_sim_card|user_abroad_roaming_enabled_off[PERSONA:None]
risky_ps_safe_conditional,50,5,target_post_switch,target_favoring,False,repair_all,repair_all,True,True,True,True,0.0,0.0,4.24328,0.5,0.07750000000000001,4.32078,,,False,True,True,deep/deep/deep/deep/deep,fast/deep/deep/deep/deep,mostly_deep_vs_mostly_deep_required,deep_on_fast_required,False,0,1,4,15,[mms_issue]bad_wifi_calling|break_apn_mms_setting|break_app_storage_permission|unseat_sim_card[PERSONA:Easy]
risky_ps_safe_conditional,51,5,target_post_switch,target_favoring,False,repair_all,repair_all,True,True,True,True,0.0,0.0,4.21392,2.0,0.0704,4.28432,,,False,True,True,deep/fast/deep/deep/deep,fast/deep/deep/deep/deep,mostly_deep_vs_mostly_deep_required,both_mismatch_types,False,1,1,3,13,[mms_issue]bad_wifi_calling|break_apn_mms_setting|break_app_sms_permission|unseat_sim_card[PERSONA:None]
risky_ps_safe_conditional,52,5,target_post_switch,target_favoring,False,repair_all,repair_all,True,True,True,True,0.0,0.0,5.162845,3.5,0.06420000000000001,5.2270449999999995,,,False,True,True,deep/fast/deep/deep/fast,fast/deep/deep/deep/deep,mostly_deep_vs_mostly_deep_required,both_mismatch_types,False,2,1,2,13,[mms_issue]bad_wifi_calling|break_apn_mms_setting|break_app_sms_permission|user_abroad_roaming_enabled_off[PERSONA:Easy]
risky_ps_safe_conditional,53,5,target_post_switch,target_favoring,False,repair_all,repair_subset,False,False,False,False,14.0,5.0,4.673455,3.0,0.0742,18.747654999999998,14.0,subset_mismatch_base_plus_linear;local_clear_failure_floor_10;local_clear_and_aux_failure_floor_12;fast_path_on_deep_required_clear_failure_floor_14,False,True,True,fast/deep/fast/fast/deep,fast/deep/deep/deep/deep,mostly_fast_vs_mostly_deep_required,fast_on_deep_required,False,2,0,3,12,[mms_issue]airplane_mode_on|bad_wifi_calling|break_apn_mms_setting|break_app_storage_permission|user_abroad_roaming_enabled_off[PERSONA:None]
risky_ps_safe_conditional,54,5,target_post_switch,target_favoring,False,repair_all,repair_all,True,True,True,True,0.0,0.0,3.59376,1.5,0.07050000000000001,3.66426,,,False,True,True,fast/fast/deep/deep/deep,fast/deep/deep/deep/deep,mostly_deep_vs_mostly_deep_required,fast_on_deep_required,False,1,0,4,11,[mms_issue]bad_wifi_calling|break_apn_mms_setting|break_app_storage_permission|data_mode_off|unseat_sim_card[PERSONA:None]
risky_ps_safe_conditional,55,5,target_post_switch,target_favoring,False,repair_all,repair_all,True,True,True,True,0.0,0.0,4.27938,3.0,0.0646,4.34398,,,False,True,True,fast/fast/fast/deep/deep,fast/deep/deep/deep/deep,mostly_fast_vs_mostly_deep_required,fast_on_deep_required,False,2,0,3,11,[mms_issue]airplane_mode_on|bad_network_preference|bad_wifi_calling|break_apn_mms_setting|break_app_storage_permission|unseat_sim_card[PERSONA:Easy]
risky_ps_safe_conditional,56,5,target_post_switch,target_favoring,True,repair_subset,repair_subset,False,False,False,False,17.0,13.0,4.72834,2.0,0.0669,21.79524,12.0,subset_mismatch_base_plus_linear;local_clear_failure_floor_10;local_clear_and_aux_failure_floor_12,False,True,True,deep/fast/deep/deep/deep,fast/deep/deep/deep/deep,mostly_deep_vs_mostly_deep_required,both_mismatch_types,False,1,1,3,13,[mms_issue]airplane_mode_on|bad_network_preference|bad_wifi_calling|break_apn_mms_setting|break_app_both_permissions|data_mode_off|data_usage_exceeded|unseat_sim_card|user_abroad_roaming_disabled_on[PERSONA:Hard]
risky_ps_safe_conditional,57,5,target_post_switch,target_favoring,True,repair_subset,repair_subset,True,True,False,False,6.0,2.0,4.102,0.0,0.07900000000000001,10.181000000000001,6.0,clear_but_aux_failure_floor_6,False,True,True,fast/deep/deep/deep/deep,fast/deep/deep/deep/deep,mostly_deep_vs_mostly_deep_required,all_stage_modes_match,True,0,0,5,13,[mms_issue]airplane_mode_on|bad_network_preference|bad_wifi_calling|break_apn_mms_setting|break_app_sms_permission|data_mode_off|data_usage_exceeded|unseat_sim_card|user_abroad_roaming_disabled_on[PERSONA:None]
risky_ps_safe_conditional,58,5,target_post_switch,target_favoring,True,repair_subset,repair_subset,True,True,False,False,6.0,2.0,3.77048,0.0,0.07750000000000001,9.84798,6.0,clear_but_aux_failure_floor_6,False,True,True,fast/deep/deep/deep/deep,fast/deep/deep/deep/deep,mostly_deep_vs_mostly_deep_required,all_stage_modes_match,True,0,0,5,12,[mms_issue]airplane_mode_on|bad_network_preference|bad_wifi_calling|break_apn_mms_setting|break_app_both_permissions|data_mode_off|data_usage_exceeded|unseat_sim_card|user_abroad_roaming_enabled_off[PERSONA:Hard]
risky_ps_safe_conditional,59,5,target_post_switch,target_favoring,True,repair_all,repair_all,True,True,True,True,0.0,0.0,5.35731,1.5,0.0717,5.42901,,,False,True,True,fast/deep/deep/deep/fast,fast/deep/deep/deep/deep,mostly_deep_vs_mostly_deep_required,fast_on_deep_required,False,1,0,4,13,[mms_issue]airplane_mode_on|bad_network_preference|bad_wifi_calling|break_apn_mms_setting|break_app_sms_permission|data_mode_off|unseat_sim_card|user_abroad_roaming_enabled_off[PERSONA:None]
risky_ps_safe_conditional,60,6,target_post_switch,target_favoring,False,repair_all,repair_all,True,True,True,True,0.0,0.0,3.04507,0.0,0.0752,3.12027,,,False,True,True,fast/deep/deep/deep/deep,fast/deep/deep/deep/deep,mostly_deep_vs_mostly_deep_required,all_stage_modes_match,True,0,0,5,12,[mms_issue]bad_wifi_calling|break_apn_mms_setting|break_app_storage_permission|unseat_sim_card[PERSONA:Easy]
risky_ps_safe_conditional,61,6,target_post_switch,target_favoring,False,repair_all,repair_all,True,True,True,True,0.0,0.0,3.77595,0.5,0.07750000000000001,3.85345,,,False,True,True,deep/deep/deep/deep/deep,fast/deep/deep/deep/deep,mostly_deep_vs_mostly_deep_required,deep_on_fast_required,False,0,1,4,14,[mms_issue]bad_wifi_calling|break_apn_mms_setting|break_app_sms_permission|unseat_sim_card[PERSONA:None]
risky_ps_safe_conditional,62,6,target_post_switch,target_favoring,False,repair_all,repair_all,True,True,True,True,0.0,0.0,4.338435,1.5,0.0733,4.411734999999999,,,False,True,True,fast/deep/deep/fast/deep,fast/deep/deep/deep/deep,mostly_deep_vs_mostly_deep_required,fast_on_deep_required,False,1,0,4,12,[mms_issue]bad_wifi_calling|break_apn_mms_setting|break_app_sms_permission|user_abroad_roaming_enabled_off[PERSONA:Easy]
risky_ps_safe_conditional,63,6,target_post_switch,target_favoring,False,repair_all,repair_all,True,True,True,True,0.0,0.0,4.37219,1.5,0.0716,4.44379,,,False,True,True,fast/fast/deep/deep/deep,fast/deep/deep/deep/deep,mostly_deep_vs_mostly_deep_required,fast_on_deep_required,False,1,0,4,13,[mms_issue]airplane_mode_on|bad_wifi_calling|break_apn_mms_setting|break_app_storage_permission|user_abroad_roaming_enabled_off[PERSONA:None]
risky_ps_safe_conditional,64,6,target_post_switch,target_favoring,False,repair_all,repair_all,True,True,True,True,0.0,0.0,3.61718,0.0,0.07900000000000001,3.69618,,,False,True,True,fast/deep/deep/deep/deep,fast/deep/deep/deep/deep,mostly_deep_vs_mostly_deep_required,all_stage_modes_match,True,0,0,5,13,[mms_issue]bad_wifi_calling|break_apn_mms_setting|break_app_storage_permission|data_mode_off|unseat_sim_card[PERSONA:None]
risky_ps_safe_conditional,65,6,target_post_switch,target_favoring,False,repair_all,repair_all,True,True,True,True,0.0,0.0,4.45163,0.5,0.07790000000000001,4.529529999999999,,,False,True,True,deep/deep/deep/deep/deep,fast/deep/deep/deep/deep,mostly_deep_vs_mostly_deep_required,deep_on_fast_required,False,0,1,4,14,[mms_issue]airplane_mode_on|bad_network_preference|bad_wifi_calling|break_apn_mms_setting|break_app_storage_permission|unseat_sim_card[PERSONA:Easy]
risky_ps_safe_conditional,66,6,target_post_switch,target_favoring,True,repair_subset,repair_subset,False,False,False,False,17.0,13.0,5.993715,5.0,0.061,23.054715,14.0,subset_mismatch_base_plus_linear;local_clear_failure_floor_10;local_clear_and_aux_failure_floor_12;fast_path_on_deep_required_clear_failure_floor_14,False,True,True,deep/fast/fast/deep/fast,fast/deep/deep/deep/deep,mostly_fast_vs_mostly_deep_required,both_mismatch_types,False,3,1,1,12,[mms_issue]airplane_mode_on|bad_network_preference|bad_wifi_calling|break_apn_mms_setting|break_app_both_permissions|data_mode_off|data_usage_exceeded|unseat_sim_card|user_abroad_roaming_disabled_on[PERSONA:Hard]
risky_ps_safe_conditional,67,6,target_post_switch,target_favoring,True,repair_subset,transfer,False,False,False,False,23.5,19.5,4.65616,2.0,0.0745,28.23066,18.0,subset_mismatch_base_plus_linear;local_clear_failure_floor_10;local_clear_and_aux_failure_floor_12;invalid_local_transfer_floor_18,False,True,True,deep/fast/deep/deep/deep,fast/deep/deep/deep/deep,mostly_deep_vs_mostly_deep_required,both_mismatch_types,False,1,1,3,13,[mms_issue]airplane_mode_on|bad_network_preference|bad_wifi_calling|break_apn_mms_setting|break_app_sms_permission|data_mode_off|data_usage_exceeded|unseat_sim_card|user_abroad_roaming_disabled_on[PERSONA:None]
risky_ps_safe_conditional,68,6,target_post_switch,target_favoring,True,repair_subset,repair_subset,False,False,False,False,17.0,13.0,5.057595,3.0,0.0678,22.125394999999997,14.0,subset_mismatch_base_plus_linear;local_clear_failure_floor_10;local_clear_and_aux_failure_floor_12;fast_path_on_deep_required_clear_failure_floor_14,False,True,True,fast/fast/fast/deep/deep,fast/deep/deep/deep/deep,mostly_fast_vs_mostly_deep_required,fast_on_deep_required,False,2,0,3,12,[mms_issue]airplane_mode_on|bad_network_preference|bad_wifi_calling|break_apn_mms_setting|break_app_both_permissions|data_mode_off|data_usage_exceeded|unseat_sim_card|user_abroad_roaming_enabled_off[PERSONA:Hard]
risky_ps_safe_conditional,69,6,target_post_switch,target_favoring,True,repair_all,transfer,False,False,True,False,22.5,18.5,3.47871,1.5,0.0746,26.05331,18.0,subset_mismatch_base_plus_linear;local_clear_failure_floor_10;invalid_local_transfer_floor_18,False,True,True,fast/fast/deep/deep/deep,fast/deep/deep/deep/deep,mostly_deep_vs_mostly_deep_required,fast_on_deep_required,False,1,0,4,10,[mms_issue]airplane_mode_on|bad_network_preference|bad_wifi_calling|break_apn_mms_setting|break_app_sms_permission|data_mode_off|unseat_sim_card|user_abroad_roaming_enabled_off[PERSONA:None]
risky_ps_safe_conditional,70,7,target_post_switch,target_favoring,False,repair_all,repair_all,True,True,True,True,0.0,0.0,3.81131,0.5,0.0753,3.88661,,,False,True,True,deep/deep/deep/deep/deep,fast/deep/deep/deep/deep,mostly_deep_vs_mostly_deep_required,deep_on_fast_required,False,0,1,4,14,[mms_issue]bad_wifi_calling|break_apn_mms_setting|break_app_storage_permission|unseat_sim_card[PERSONA:Easy]
risky_ps_safe_conditional,71,7,target_post_switch,target_favoring,False,repair_all,repair_all,True,True,True,True,0.0,0.0,4.26805,0.5,0.07650000000000001,4.34455,,,False,True,True,deep/deep/deep/deep/deep,fast/deep/deep/deep/deep,mostly_deep_vs_mostly_deep_required,deep_on_fast_required,False,0,1,4,15,[mms_issue]bad_wifi_calling|break_apn_mms_setting|break_app_sms_permission|unseat_sim_card[PERSONA:None]
risky_ps_safe_conditional,72,7,target_post_switch,target_favoring,False,repair_all,transfer,False,False,True,False,18.0,10.5,2.91333,0.0,0.0706,20.98393,18.0,subset_mismatch_base_plus_linear;local_clear_failure_floor_10;invalid_local_transfer_floor_18,False,True,True,fast/deep/deep/deep/deep,fast/deep/deep/deep/deep,mostly_deep_vs_mostly_deep_required,all_stage_modes_match,True,0,0,5,11,[mms_issue]bad_wifi_calling|break_apn_mms_setting|break_app_sms_permission|user_abroad_roaming_enabled_off[PERSONA:Easy]
risky_ps_safe_conditional,73,7,target_post_switch,target_favoring,False,repair_all,repair_all,True,True,True,True,0.0,0.0,3.4559,0.0,0.07020000000000001,3.5261,,,False,True,True,fast/deep/deep/deep/deep,fast/deep/deep/deep/deep,mostly_deep_vs_mostly_deep_required,all_stage_modes_match,True,0,0,5,13,[mms_issue]airplane_mode_on|bad_wifi_calling|break_apn_mms_setting|break_app_storage_permission|user_abroad_roaming_enabled_off[PERSONA:None]
risky_ps_safe_conditional,74,7,target_post_switch,target_favoring,False,repair_all,repair_all,True,True,True,True,0.0,0.0,3.63881,0.0,0.06720000000000001,3.70601,,,False,True,True,fast/deep/deep/deep/deep,fast/deep/deep/deep/deep,mostly_deep_vs_mostly_deep_required,all_stage_modes_match,True,0,0,5,13,[mms_issue]bad_wifi_calling|break_apn_mms_setting|break_app_storage_permission|data_mode_off|unseat_sim_card[PERSONA:None]
risky_ps_safe_conditional,75,7,target_post_switch,target_favoring,False,repair_all,repair_all,True,True,True,True,0.0,0.0,4.914305,1.5,0.062200000000000005,4.9765049999999995,,,False,True,True,fast/deep/deep/fast/deep,fast/deep/deep/deep/deep,mostly_deep_vs_mostly_deep_required,fast_on_deep_required,False,1,0,4,13,[mms_issue]airplane_mode_on|bad_network_preference|bad_wifi_calling|break_apn_mms_setting|break_app_storage_permission|unseat_sim_card[PERSONA:Easy]
risky_ps_safe_conditional,76,7,target_post_switch,target_favoring,True,repair_subset,repair_subset,False,False,False,False,15.0,11.0,4.07953,4.5,0.059600000000000014,19.13913,14.0,subset_mismatch_base_plus_linear;local_clear_failure_floor_10;local_clear_and_aux_failure_floor_12;fast_path_on_deep_required_clear_failure_floor_14,False,True,True,fast/fast/fast/fast/deep,fast/deep/deep/deep/deep,mostly_fast_vs_mostly_deep_required,fast_on_deep_required,False,3,0,2,9,[mms_issue]airplane_mode_on|bad_network_preference|bad_wifi_calling|break_apn_mms_setting|break_app_both_permissions|data_mode_off|data_usage_exceeded|unseat_sim_card|user_abroad_roaming_disabled_on[PERSONA:Hard]
risky_ps_safe_conditional,77,7,target_post_switch,target_favoring,True,repair_subset,repair_subset,True,True,False,False,6.0,2.0,4.839,0.5,0.0753,10.9143,6.0,clear_but_aux_failure_floor_6,False,True,True,deep/deep/deep/deep/deep,fast/deep/deep/deep/deep,mostly_deep_vs_mostly_deep_required,deep_on_fast_required,False,0,1,4,15,[mms_issue]airplane_mode_on|bad_network_preference|bad_wifi_calling|break_apn_mms_setting|break_app_sms_permission|data_mode_off|data_usage_exceeded|unseat_sim_card|user_abroad_roaming_disabled_on[PERSONA:None]
risky_ps_safe_conditional,78,7,target_post_switch,target_favoring,True,repair_subset,repair_subset,False,False,False,False,15.0,11.0,5.833795,3.5,0.06920000000000001,20.902995,12.0,subset_mismatch_base_plus_linear;local_clear_failure_floor_10;local_clear_and_aux_failure_floor_12,False,True,True,deep/fast/deep/fast/deep,fast/deep/deep/deep/deep,mostly_deep_vs_mostly_deep_required,both_mismatch_types,False,2,1,2,13,[mms_issue]airplane_mode_on|bad_network_preference|bad_wifi_calling|break_apn_mms_setting|break_app_both_permissions|data_mode_off|data_usage_exceeded|unseat_sim_card|user_abroad_roaming_enabled_off[PERSONA:Hard]
risky_ps_safe_conditional,79,7,target_post_switch,target_favoring,True,repair_all,repair_all,True,True,True,True,0.0,0.0,4.1834,0.5,0.0772,4.2606,,,False,True,True,deep/deep/deep/deep/deep,fast/deep/deep/deep/deep,mostly_deep_vs_mostly_deep_required,deep_on_fast_required,False,0,1,4,13,[mms_issue]airplane_mode_on|bad_network_preference|bad_wifi_calling|break_apn_mms_setting|break_app_sms_permission|data_mode_off|unseat_sim_card|user_abroad_roaming_enabled_off[PERSONA:None]
risky_ps_safe_conditional,80,8,target_post_switch,target_favoring,False,repair_all,repair_all,True,True,True,True,0.0,0.0,3.32283,0.0,0.0726,3.39543,,,False,True,True,fast/deep/deep/deep/deep,fast/deep/deep/deep/deep,mostly_deep_vs_mostly_deep_required,all_stage_modes_match,True,0,0,5,12,[mms_issue]bad_wifi_calling|break_apn_mms_setting|break_app_storage_permission|unseat_sim_card[PERSONA:Easy]
risky_ps_safe_conditional,81,8,target_post_switch,target_favoring,False,repair_all,repair_all,True,True,True,True,0.0,0.0,3.05767,0.0,0.0714,3.12907,,,False,True,True,fast/deep/deep/deep/deep,fast/deep/deep/deep/deep,mostly_deep_vs_mostly_deep_required,all_stage_modes_match,True,0,0,5,12,[mms_issue]bad_wifi_calling|break_apn_mms_setting|break_app_sms_permission|unseat_sim_card[PERSONA:None]
risky_ps_safe_conditional,82,8,target_post_switch,target_favoring,False,repair_all,repair_all,True,True,True,True,0.0,0.0,3.83231,0.5,0.07790000000000001,3.91021,,,False,True,True,deep/deep/deep/deep/deep,fast/deep/deep/deep/deep,mostly_deep_vs_mostly_deep_required,deep_on_fast_required,False,0,1,4,14,[mms_issue]bad_wifi_calling|break_apn_mms_setting|break_app_sms_permission|user_abroad_roaming_enabled_off[PERSONA:Easy]
risky_ps_safe_conditional,83,8,target_post_switch,target_favoring,False,repair_all,repair_all,True,True,True,True,0.0,0.0,4.962305,3.0,0.0616,5.023905,,,False,True,True,fast/deep/fast/deep/fast,fast/deep/deep/deep/deep,mostly_fast_vs_mostly_deep_required,fast_on_deep_required,False,2,0,3,12,[mms_issue]airplane_mode_on|bad_wifi_calling|break_apn_mms_setting|break_app_storage_permission|user_abroad_roaming_enabled_off[PERSONA:None]
risky_ps_safe_conditional,84,8,target_post_switch,target_favoring,False,repair_all,repair_all,True,True,True,True,0.0,0.0,3.19949,0.0,0.0732,3.27269,,,False,True,True,fast/deep/deep/deep/deep,fast/deep/deep/deep/deep,mostly_deep_vs_mostly_deep_required,all_stage_modes_match,True,0,0,5,12,[mms_issue]bad_wifi_calling|break_apn_mms_setting|break_app_storage_permission|data_mode_off|unseat_sim_card[PERSONA:None]
risky_ps_safe_conditional,85,8,target_post_switch,target_favoring,False,repair_all,repair_all,True,True,True,True,0.0,0.0,5.09974,3.5,0.06420000000000001,5.163939999999999,,,False,True,True,deep/fast/deep/deep/fast,fast/deep/deep/deep/deep,mostly_deep_vs_mostly_deep_required,both_mismatch_types,False,2,1,2,12,[mms_issue]airplane_mode_on|bad_network_preference|bad_wifi_calling|break_apn_mms_setting|break_app_storage_permission|unseat_sim_card[PERSONA:Easy]
risky_ps_safe_conditional,86,8,target_post_switch,target_favoring,True,repair_subset,repair_subset,False,False,False,False,12.0,3.0,4.02618,1.5,0.0722,16.09838,12.0,subset_mismatch_base_plus_linear;local_clear_failure_floor_10;local_clear_and_aux_failure_floor_12,False,True,True,fast/fast/deep/deep/deep,fast/deep/deep/deep/deep,mostly_deep_vs_mostly_deep_required,fast_on_deep_required,False,1,0,4,11,[mms_issue]airplane_mode_on|bad_network_preference|bad_wifi_calling|break_apn_mms_setting|break_app_both_permissions|data_mode_off|data_usage_exceeded|unseat_sim_card|user_abroad_roaming_disabled_on[PERSONA:Hard]
risky_ps_safe_conditional,87,8,target_post_switch,target_favoring,True,repair_subset,transfer,False,False,False,False,23.5,19.5,4.65945,2.0,0.0695,28.22895,18.0,subset_mismatch_base_plus_linear;local_clear_failure_floor_10;local_clear_and_aux_failure_floor_12;invalid_local_transfer_floor_18,False,True,True,deep/fast/deep/deep/deep,fast/deep/deep/deep/deep,mostly_deep_vs_mostly_deep_required,both_mismatch_types,False,1,1,3,13,[mms_issue]airplane_mode_on|bad_network_preference|bad_wifi_calling|break_apn_mms_setting|break_app_sms_permission|data_mode_off|data_usage_exceeded|unseat_sim_card|user_abroad_roaming_disabled_on[PERSONA:None]
risky_ps_safe_conditional,88,8,target_post_switch,target_favoring,True,repair_subset,repair_subset,False,False,False,False,17.0,13.0,4.39775,0.0,0.07330000000000002,21.471049999999998,12.0,subset_mismatch_base_plus_linear;local_clear_failure_floor_10;local_clear_and_aux_failure_floor_12,False,True,True,fast/deep/deep/deep/deep,fast/deep/deep/deep/deep,mostly_deep_vs_mostly_deep_required,all_stage_modes_match,True,0,0,5,13,[mms_issue]airplane_mode_on|bad_network_preference|bad_wifi_calling|break_apn_mms_setting|break_app_both_permissions|data_mode_off|data_usage_exceeded|unseat_sim_card|user_abroad_roaming_enabled_off[PERSONA:Hard]
risky_ps_safe_conditional,89,8,target_post_switch,target_favoring,True,repair_all,repair_subset,False,False,False,False,21.0,17.0,3.357105,1.5,0.0694,24.426505000000002,12.0,subset_mismatch_base_plus_linear;local_clear_failure_floor_10;local_clear_and_aux_failure_floor_12,False,True,True,fast/deep/deep/fast/deep,fast/deep/deep/deep/deep,mostly_deep_vs_mostly_deep_required,fast_on_deep_required,False,1,0,4,10,[mms_issue]airplane_mode_on|bad_network_preference|bad_wifi_calling|break_apn_mms_setting|break_app_sms_permission|data_mode_off|unseat_sim_card|user_abroad_roaming_enabled_off[PERSONA:None]
risky_ps_safe_conditional,90,9,target_post_switch,target_favoring,False,repair_all,repair_all,True,True,True,True,0.0,0.0,3.33655,0.0,0.0751,3.41165,,,False,True,True,fast/deep/deep/deep/deep,fast/deep/deep/deep/deep,mostly_deep_vs_mostly_deep_required,all_stage_modes_match,True,0,0,5,12,[mms_issue]bad_wifi_calling|break_apn_mms_setting|break_app_storage_permission|unseat_sim_card[PERSONA:Easy]
risky_ps_safe_conditional,91,9,target_post_switch,target_favoring,False,repair_all,repair_all,True,True,True,True,0.0,0.0,4.25657,0.5,0.0772,4.33377,,,False,True,True,deep/deep/deep/deep/deep,fast/deep/deep/deep/deep,mostly_deep_vs_mostly_deep_required,deep_on_fast_required,False,0,1,4,15,[mms_issue]bad_wifi_calling|break_apn_mms_setting|break_app_sms_permission|unseat_sim_card[PERSONA:None]
risky_ps_safe_conditional,92,9,target_post_switch,target_favoring,False,repair_all,repair_all,True,True,True,True,0.0,0.0,2.92775,0.0,0.06470000000000001,2.9924500000000003,,,False,True,True,fast/deep/deep/deep/deep,fast/deep/deep/deep/deep,mostly_deep_vs_mostly_deep_required,all_stage_modes_match,True,0,0,5,11,[mms_issue]bad_wifi_calling|break_apn_mms_setting|break_app_sms_permission|user_abroad_roaming_enabled_off[PERSONA:Easy]
risky_ps_safe_conditional,93,9,target_post_switch,target_favoring,False,repair_all,repair_all,True,True,True,True,0.0,0.0,3.89465,1.5,0.061700000000000005,3.95635,,,False,True,True,fast/fast/deep/deep/deep,fast/deep/deep/deep/deep,mostly_deep_vs_mostly_deep_required,fast_on_deep_required,False,1,0,4,12,[mms_issue]airplane_mode_on|bad_wifi_calling|break_apn_mms_setting|break_app_storage_permission|user_abroad_roaming_enabled_off[PERSONA:None]
risky_ps_safe_conditional,94,9,target_post_switch,target_favoring,False,repair_all,repair_all,True,True,True,True,0.0,0.0,3.24044,0.0,0.0651,3.30554,,,False,True,True,fast/deep/deep/deep/deep,fast/deep/deep/deep/deep,mostly_deep_vs_mostly_deep_required,all_stage_modes_match,True,0,0,5,12,[mms_issue]bad_wifi_calling|break_apn_mms_setting|break_app_storage_permission|data_mode_off|unseat_sim_card[PERSONA:None]
risky_ps_safe_conditional,95,9,target_post_switch,target_favoring,False,repair_all,repair_subset,False,False,True,False,14.0,9.0,5.2904,3.0,0.0593,19.3497,14.0,subset_mismatch_base_plus_linear;local_clear_failure_floor_10;fast_path_on_deep_required_clear_failure_floor_14,False,True,True,fast/deep/fast/deep/fast,fast/deep/deep/deep/deep,mostly_fast_vs_mostly_deep_required,fast_on_deep_required,False,2,0,3,13,[mms_issue]airplane_mode_on|bad_network_preference|bad_wifi_calling|break_apn_mms_setting|break_app_storage_permission|unseat_sim_card[PERSONA:Easy]
risky_ps_safe_conditional,96,9,target_post_switch,target_favoring,True,repair_subset,repair_subset,False,False,False,False,12.0,3.0,3.993,1.5,0.061700000000000005,16.0547,12.0,subset_mismatch_base_plus_linear;local_clear_failure_floor_10;local_clear_and_aux_failure_floor_12,False,True,True,fast/fast/deep/deep/deep,fast/deep/deep/deep/deep,mostly_deep_vs_mostly_deep_required,fast_on_deep_required,False,1,0,4,11,[mms_issue]airplane_mode_on|bad_network_preference|bad_wifi_calling|break_apn_mms_setting|break_app_both_permissions|data_mode_off|data_usage_exceeded|unseat_sim_card|user_abroad_roaming_disabled_on[PERSONA:Hard]
risky_ps_safe_conditional,97,9,target_post_switch,target_favoring,True,repair_subset,repair_subset,True,True,False,False,6.0,2.0,4.15695,0.0,0.0724,10.22935,6.0,clear_but_aux_failure_floor_6,False,True,True,fast/deep/deep/deep/deep,fast/deep/deep/deep/deep,mostly_deep_vs_mostly_deep_required,all_stage_modes_match,True,0,0,5,13,[mms_issue]airplane_mode_on|bad_network_preference|bad_wifi_calling|break_apn_mms_setting|break_app_sms_permission|data_mode_off|data_usage_exceeded|unseat_sim_card|user_abroad_roaming_disabled_on[PERSONA:None]
risky_ps_safe_conditional,98,9,target_post_switch,target_favoring,True,repair_subset,repair_subset,False,False,False,False,17.0,13.0,5.25684,2.0,0.0707,22.32754,12.0,subset_mismatch_base_plus_linear;local_clear_failure_floor_10;local_clear_and_aux_failure_floor_12,False,True,True,deep/fast/deep/deep/deep,fast/deep/deep/deep/deep,mostly_deep_vs_mostly_deep_required,both_mismatch_types,False,1,1,3,14,[mms_issue]airplane_mode_on|bad_network_preference|bad_wifi_calling|break_apn_mms_setting|break_app_both_permissions|data_mode_off|data_usage_exceeded|unseat_sim_card|user_abroad_roaming_enabled_off[PERSONA:Hard]
risky_ps_safe_conditional,99,9,target_post_switch,target_favoring,True,repair_all,repair_subset,False,False,True,False,15.0,11.0,5.07132,1.5,0.0723,20.14362,10.0,subset_mismatch_base_plus_linear;local_clear_failure_floor_10,False,True,True,fast/deep/deep/deep/fast,fast/deep/deep/deep/deep,mostly_deep_vs_mostly_deep_required,fast_on_deep_required,False,1,0,4,13,[mms_issue]airplane_mode_on|bad_network_preference|bad_wifi_calling|break_apn_mms_setting|break_app_sms_permission|data_mode_off|unseat_sim_card|user_abroad_roaming_enabled_off[PERSONA:None]
risky_ps_safe_conditional_ix,0,0,trap_pre_switch,trap_favoring,False,repair_all,repair_all,True,True,True,True,0.0,0.0,4.124155,1.5,0.06670000000000001,4.190855,,,False,True,True,fast/fast/deep/deep/deep,fast/fast/fast/fast/fast,mostly_deep_vs_mostly_fast_required,deep_on_fast_required,False,0,3,2,10,[mms_issue]airplane_mode_on|bad_wifi_calling|break_app_storage_permission[PERSONA:Easy]
risky_ps_safe_conditional_ix,1,0,trap_pre_switch,trap_favoring,False,repair_all,repair_all,True,True,True,True,0.0,0.0,4.25983,1.5,0.06530000000000001,4.32513,,,False,True,True,deep/fast/deep/deep/fast,fast/fast/fast/fast/fast,mostly_deep_vs_mostly_fast_required,deep_on_fast_required,False,0,3,2,12,[mms_issue]airplane_mode_on|bad_wifi_calling|break_app_sms_permission[PERSONA:None]
risky_ps_safe_conditional_ix,2,0,trap_pre_switch,trap_favoring,False,repair_all,repair_all,True,True,True,True,0.0,0.0,7.68673,1.5,0.07500000000000001,7.76173,,,False,True,True,fast/fast/deep/deep/deep,fast/fast/fast/fast/fast,mostly_deep_vs_mostly_fast_required,deep_on_fast_required,False,0,3,2,16,[mms_issue]bad_wifi_calling[PERSONA:Easy]
risky_ps_safe_conditional_ix,3,0,trap_pre_switch,trap_favoring,False,repair_all,repair_all,True,True,True,True,0.0,0.0,5.227055,2.0,0.0758,5.302855,,,False,True,True,deep/fast/deep/deep/deep,fast/fast/fast/fast/fast,mostly_deep_vs_mostly_fast_required,deep_on_fast_required,False,0,4,1,13,[mms_issue]bad_wifi_calling|break_app_storage_permission[PERSONA:Easy]
risky_ps_safe_conditional_ix,4,0,trap_pre_switch,trap_favoring,False,repair_all,repair_all,True,True,True,True,0.0,0.0,4.77803,1.5,0.06420000000000001,4.84223,,,False,True,True,deep/fast/fast/deep/deep,fast/fast/fast/fast/fast,mostly_deep_vs_mostly_fast_required,deep_on_fast_required,False,0,3,2,13,[mms_issue]bad_wifi_calling|break_app_sms_permission[PERSONA:None]
risky_ps_safe_conditional_ix,5,0,trap_pre_switch,trap_favoring,False,repair_all,repair_all,True,True,True,True,0.0,0.0,5.623025,2.0,0.0752,5.698225,,,False,True,True,fast/deep/deep/deep/deep,fast/fast/fast/fast/fast,mostly_deep_vs_mostly_fast_required,deep_on_fast_required,False,0,4,1,13,[mms_issue]bad_network_preference|bad_wifi_calling|break_app_storage_permission[PERSONA:Hard]
risky_ps_safe_conditional_ix,6,0,trap_pre_switch,trap_favoring,False,repair_all,repair_all,True,True,True,True,0.0,0.0,3.55722,1.0,0.0632,3.62042,,,False,True,True,deep/fast/deep/fast/fast,fast/fast/fast/fast/fast,mostly_fast_vs_mostly_fast_required,deep_on_fast_required,False,0,2,3,12,[mms_issue]bad_wifi_calling|break_app_sms_permission|data_mode_off[PERSONA:None]
risky_ps_safe_conditional_ix,7,0,trap_pre_switch,trap_favoring,False,repair_all,repair_all,True,True,True,True,0.0,0.0,3.70133,1.0,0.0601,3.76143,,,False,True,True,fast/fast/fast/deep/deep,fast/fast/fast/fast/fast,mostly_fast_vs_mostly_fast_required,deep_on_fast_required,False,0,2,3,10,[mms_issue]bad_network_preference|bad_wifi_calling|break_app_sms_permission[PERSONA:Easy]
risky_ps_safe_conditional_ix,8,0,trap_pre_switch,trap_favoring,False,repair_all,repair_all,True,True,True,True,0.0,0.0,4.116375,1.5,0.0725,4.1888749999999995,,,False,True,True,fast/fast/deep/deep/deep,fast/fast/fast/fast/fast,mostly_deep_vs_mostly_fast_required,deep_on_fast_required,False,0,3,2,10,[mms_issue]bad_wifi_calling|break_app_storage_permission|data_mode_off[PERSONA:Easy]
risky_ps_safe_conditional_ix,9,0,trap_pre_switch,trap_favoring,False,repair_all,repair_all,True,True,True,True,0.0,0.0,4.73713,1.5,0.0731,4.81023,,,False,True,True,deep/fast/fast/deep/deep,fast/fast/fast/fast/fast,mostly_deep_vs_mostly_fast_required,deep_on_fast_required,False,0,3,2,13,[mms_issue]airplane_mode_on|bad_wifi_calling[PERSONA:Easy]
risky_ps_safe_conditional_ix,10,1,trap_pre_switch,trap_favoring,False,repair_all,repair_all,True,True,True,True,0.0,0.0,3.17942,0.5,0.0566,3.23602,,,False,True,True,deep/fast/fast/fast/fast,fast/fast/fast/fast/fast,mostly_fast_vs_mostly_fast_required,deep_on_fast_required,False,0,1,4,12,[mms_issue]airplane_mode_on|bad_wifi_calling|break_app_storage_permission[PERSONA:Easy]
risky_ps_safe_conditional_ix,11,1,trap_pre_switch,trap_favoring,False,repair_all,repair_all,True,True,True,True,0.0,0.0,4.68601,2.0,0.07750000000000001,4.763509999999999,,,False,True,True,fast/deep/deep/deep/deep,fast/fast/fast/fast/fast,mostly_deep_vs_mostly_fast_required,deep_on_fast_required,False,0,4,1,11,[mms_issue]airplane_mode_on|bad_wifi_calling|break_app_sms_permission[PERSONA:None]
risky_ps_safe_conditional_ix,12,1,trap_pre_switch,trap_favoring,False,repair_all,repair_all,True,True,True,True,0.0,0.0,2.886835,0.5,0.0641,2.950935,,,False,True,True,fast/fast/fast/fast/deep,fast/fast/fast/fast/fast,mostly_fast_vs_mostly_fast_required,deep_on_fast_required,False,0,1,4,10,[mms_issue]bad_wifi_calling[PERSONA:Easy]
risky_ps_safe_conditional_ix,13,1,trap_pre_switch,trap_favoring,False,repair_all,repair_all,True,True,True,True,0.0,0.0,4.459755,1.5,0.0704,4.530155000000001,,,False,True,True,fast/fast/deep/deep/deep,fast/fast/fast/fast/fast,mostly_deep_vs_mostly_fast_required,deep_on_fast_required,False,0,3,2,11,[mms_issue]bad_wifi_calling|break_app_storage_permission[PERSONA:Easy]
risky_ps_safe_conditional_ix,14,1,trap_pre_switch,trap_favoring,False,repair_all,repair_all,True,True,True,True,0.0,0.0,4.4526,1.5,0.06830000000000001,4.5209,,,False,True,True,fast/fast/deep/deep/deep,fast/fast/fast/fast/fast,mostly_deep_vs_mostly_fast_required,deep_on_fast_required,False,0,3,2,11,[mms_issue]bad_wifi_calling|break_app_sms_permission[PERSONA:None]
risky_ps_safe_conditional_ix,15,1,trap_pre_switch,trap_favoring,False,repair_all,repair_all,True,True,True,True,0.0,0.0,6.339375,2.5,0.07600000000000001,6.415375,,,False,True,True,deep/deep/deep/deep/deep,fast/fast/fast/fast/fast,mostly_deep_vs_mostly_fast_required,deep_on_fast_required,False,0,5,0,15,[mms_issue]bad_network_preference|bad_wifi_calling|break_app_storage_permission[PERSONA:Hard]
risky_ps_safe_conditional_ix,16,1,trap_pre_switch,trap_favoring,False,repair_all,repair_all,True,True,True,True,0.0,0.0,4.97287,2.0,0.0742,5.047070000000001,,,False,True,True,fast/deep/deep/deep/deep,fast/fast/fast/fast/fast,mostly_deep_vs_mostly_fast_required,deep_on_fast_required,False,0,4,1,12,[mms_issue]bad_wifi_calling|break_app_sms_permission|data_mode_off[PERSONA:None]
risky_ps_safe_conditional_ix,17,1,trap_pre_switch,trap_favoring,False,repair_all,repair_all,True,True,True,True,0.0,0.0,4.325205,1.0,0.0661,4.391305,,,False,True,True,fast/fast/fast/deep/deep,fast/fast/fast/fast/fast,mostly_fast_vs_mostly_fast_required,deep_on_fast_required,False,0,2,3,11,[mms_issue]bad_network_preference|bad_wifi_calling|break_app_sms_permission[PERSONA:Easy]
risky_ps_safe_conditional_ix,18,1,trap_pre_switch,trap_favoring,False,repair_all,repair_all,True,True,True,True,0.0,0.0,5.377,2.5,0.07790000000000001,5.454899999999999,,,False,True,True,deep/deep/deep/deep/deep,fast/fast/fast/fast/fast,mostly_deep_vs_mostly_fast_required,deep_on_fast_required,False,0,5,0,13,[mms_issue]bad_wifi_calling|break_app_storage_permission|data_mode_off[PERSONA:Easy]
risky_ps_safe_conditional_ix,19,1,trap_pre_switch,trap_favoring,False,repair_all,repair_all,True,True,True,True,0.0,0.0,4.40495,2.0,0.06930000000000001,4.4742500000000005,,,False,True,True,fast/deep/deep/deep/deep,fast/fast/fast/fast/fast,mostly_deep_vs_mostly_fast_required,deep_on_fast_required,False,0,4,1,11,[mms_issue]airplane_mode_on|bad_wifi_calling[PERSONA:Easy]
risky_ps_safe_conditional_ix,20,2,trap_pre_switch,trap_favoring,False,repair_all,repair_all,True,True,True,True,0.0,0.0,3.780105,1.0,0.0608,3.840905,,,False,True,True,deep/fast/fast/fast/deep,fast/fast/fast/fast/fast,mostly_fast_vs_mostly_fast_required,deep_on_fast_required,False,0,2,3,12,[mms_issue]airplane_mode_on|bad_wifi_calling|break_app_storage_permission[PERSONA:Easy]
risky_ps_safe_conditional_ix,21,2,trap_pre_switch,trap_favoring,False,repair_all,repair_all,True,True,True,True,0.0,0.0,3.140215,0.5,0.0671,3.207315,,,False,True,True,fast/fast/fast/deep/fast,fast/fast/fast/fast/fast,mostly_fast_vs_mostly_fast_required,deep_on_fast_required,False,0,1,4,10,[mms_issue]airplane_mode_on|bad_wifi_calling|break_app_sms_permission[PERSONA:None]
risky_ps_safe_conditional_ix,22,2,trap_pre_switch,trap_favoring,False,repair_all,repair_all,True,True,True,True,0.0,0.0,8.73094,1.5,0.06380000000000001,8.794740000000001,,,False,True,True,fast/deep/fast/deep/deep,fast/fast/fast/fast/fast,mostly_deep_vs_mostly_fast_required,deep_on_fast_required,False,0,3,2,19,[mms_issue]bad_wifi_calling[PERSONA:Easy]
risky_ps_safe_conditional_ix,23,2,trap_pre_switch,trap_favoring,False,repair_all,repair_all,True,True,True,True,0.0,0.0,4.069345,1.5,0.063,4.132345,,,False,True,True,deep/fast/deep/deep/fast,fast/fast/fast/fast/fast,mostly_deep_vs_mostly_fast_required,deep_on_fast_required,False,0,3,2,12,[mms_issue]bad_wifi_calling|break_app_storage_permission[PERSONA:Easy]
risky_ps_safe_conditional_ix,24,2,trap_pre_switch,trap_favoring,False,repair_all,repair_all,True,True,True,True,0.0,0.0,3.877055,1.5,0.0717,3.948755,,,False,True,True,fast/deep/deep/deep/fast,fast/fast/fast/fast/fast,mostly_deep_vs_mostly_fast_required,deep_on_fast_required,False,0,3,2,11,[mms_issue]bad_wifi_calling|break_app_sms_permission[PERSONA:None]
risky_ps_safe_conditional_ix,25,2,target_post_switch,target_favoring,False,repair_all,transfer,False,False,True,False,18.5,14.5,4.01926,0.0,0.0752,22.594459999999998,18.0,subset_mismatch_base_plus_linear;local_clear_failure_floor_10;invalid_local_transfer_floor_18,False,True,True,fast/deep/deep/deep/deep,fast/deep/deep/deep/deep,mostly_deep_vs_mostly_deep_required,all_stage_modes_match,True,0,0,5,13,[mms_issue]airplane_mode_on|bad_network_preference|bad_wifi_calling|break_apn_mms_setting|break_app_storage_permission|unseat_sim_card[PERSONA:Easy]
risky_ps_safe_conditional_ix,26,2,target_post_switch,target_favoring,True,repair_subset,repair_subset,False,False,False,False,15.0,11.0,4.02366,1.5,0.0742,19.097859999999997,12.0,subset_mismatch_base_plus_linear;local_clear_failure_floor_10;local_clear_and_aux_failure_floor_12,False,True,True,fast/fast/deep/deep/deep,fast/deep/deep/deep/deep,mostly_deep_vs_mostly_deep_required,fast_on_deep_required,False,1,0,4,11,[mms_issue]airplane_mode_on|bad_network_preference|bad_wifi_calling|break_apn_mms_setting|break_app_both_permissions|data_mode_off|data_usage_exceeded|unseat_sim_card|user_abroad_roaming_disabled_on[PERSONA:Hard]
risky_ps_safe_conditional_ix,27,2,target_post_switch,target_favoring,True,repair_subset,transfer,False,False,False,False,22.5,18.5,4.83949,0.5,0.0772,27.416690000000003,18.0,subset_mismatch_base_plus_linear;local_clear_failure_floor_10;local_clear_and_aux_failure_floor_12;invalid_local_transfer_floor_18,False,True,True,deep/deep/deep/deep/deep,fast/deep/deep/deep/deep,mostly_deep_vs_mostly_deep_required,deep_on_fast_required,False,0,1,4,15,[mms_issue]airplane_mode_on|bad_network_preference|bad_wifi_calling|break_apn_mms_setting|break_app_sms_permission|data_mode_off|data_usage_exceeded|unseat_sim_card|user_abroad_roaming_disabled_on[PERSONA:None]
risky_ps_safe_conditional_ix,28,2,target_post_switch,target_favoring,True,repair_subset,repair_subset,True,True,False,False,6.0,2.0,4.9247,0.5,0.07750000000000001,11.002199999999998,6.0,clear_but_aux_failure_floor_6,False,True,True,deep/deep/deep/deep/deep,fast/deep/deep/deep/deep,mostly_deep_vs_mostly_deep_required,deep_on_fast_required,False,0,1,4,15,[mms_issue]airplane_mode_on|bad_network_preference|bad_wifi_calling|break_apn_mms_setting|break_app_both_permissions|data_mode_off|data_usage_exceeded|unseat_sim_card|user_abroad_roaming_enabled_off[PERSONA:Hard]
risky_ps_safe_conditional_ix,29,2,target_post_switch,target_favoring,True,repair_all,repair_subset,False,False,False,False,21.0,17.0,4.48181,3.0,0.0716,25.55341,14.0,subset_mismatch_base_plus_linear;local_clear_failure_floor_10;local_clear_and_aux_failure_floor_12;fast_path_on_deep_required_clear_failure_floor_14,False,True,True,fast/deep/deep/fast/fast,fast/deep/deep/deep/deep,mostly_fast_vs_mostly_deep_required,fast_on_deep_required,False,2,0,3,11,[mms_issue]airplane_mode_on|bad_network_preference|bad_wifi_calling|break_apn_mms_setting|break_app_sms_permission|data_mode_off|unseat_sim_card|user_abroad_roaming_enabled_off[PERSONA:None]
risky_ps_safe_conditional_ix,30,3,target_post_switch,target_favoring,False,repair_all,repair_all,True,True,True,True,0.0,0.0,3.5196,0.0,0.07330000000000002,3.5929,,,False,True,True,fast/deep/deep/deep/deep,fast/deep/deep/deep/deep,mostly_deep_vs_mostly_deep_required,all_stage_modes_match,True,0,0,5,13,[mms_issue]bad_wifi_calling|break_apn_mms_setting|break_app_storage_permission|unseat_sim_card[PERSONA:Easy]
risky_ps_safe_conditional_ix,31,3,target_post_switch,target_favoring,False,repair_all,repair_all,True,True,True,True,0.0,0.0,4.71754,3.5,0.06770000000000001,4.78524,,,False,True,True,deep/fast/fast/deep/deep,fast/deep/deep/deep/deep,mostly_deep_vs_mostly_deep_required,both_mismatch_types,False,2,1,2,13,[mms_issue]bad_wifi_calling|break_apn_mms_setting|break_app_sms_permission|unseat_sim_card[PERSONA:None]
risky_ps_safe_conditional_ix,32,3,target_post_switch,target_favoring,False,repair_all,repair_all,True,True,True,True,0.0,0.0,4.30699,2.0,0.0721,4.37909,,,False,True,True,deep/fast/deep/deep/deep,fast/deep/deep/deep/deep,mostly_deep_vs_mostly_deep_required,both_mismatch_types,False,1,1,3,13,[mms_issue]bad_wifi_calling|break_apn_mms_setting|break_app_sms_permission|user_abroad_roaming_enabled_off[PERSONA:Easy]
risky_ps_safe_conditional_ix,33,3,target_post_switch,target_favoring,False,repair_all,repair_all,True,True,True,True,0.0,0.0,4.32285,0.0,0.07900000000000001,4.40185,,,False,True,True,fast/deep/deep/deep/deep,fast/deep/deep/deep/deep,mostly_deep_vs_mostly_deep_required,all_stage_modes_match,True,0,0,5,15,[mms_issue]airplane_mode_on|bad_wifi_calling|break_apn_mms_setting|break_app_storage_permission|user_abroad_roaming_enabled_off[PERSONA:None]
risky_ps_safe_conditional_ix,34,3,target_post_switch,target_favoring,False,repair_all,repair_all,True,True,True,True,0.0,0.0,4.64279,1.5,0.06770000000000001,4.71049,,,False,True,True,fast/deep/fast/deep/deep,fast/deep/deep/deep/deep,mostly_deep_vs_mostly_deep_required,fast_on_deep_required,False,1,0,4,14,[mms_issue]bad_wifi_calling|break_apn_mms_setting|break_app_storage_permission|data_mode_off|unseat_sim_card[PERSONA:None]
risky_ps_safe_conditional_ix,35,3,target_post_switch,target_favoring,False,repair_all,repair_all,True,True,True,True,0.0,0.0,5.86249,1.5,0.0704,5.93289,,,False,True,True,fast/deep/fast/deep/deep,fast/deep/deep/deep/deep,mostly_deep_vs_mostly_deep_required,fast_on_deep_required,False,1,0,4,15,[mms_issue]airplane_mode_on|bad_network_preference|bad_wifi_calling|break_apn_mms_setting|break_app_storage_permission|unseat_sim_card[PERSONA:Easy]
risky_ps_safe_conditional_ix,36,3,target_post_switch,target_favoring,True,repair_subset,repair_subset,False,False,False,False,14.0,5.0,5.74367,4.5,0.0623,19.805970000000002,14.0,subset_mismatch_base_plus_linear;local_clear_failure_floor_10;local_clear_and_aux_failure_floor_12;fast_path_on_deep_required_clear_failure_floor_14,False,True,True,fast/fast/fast/fast/deep,fast/deep/deep/deep/deep,mostly_fast_vs_mostly_deep_required,fast_on_deep_required,False,3,0,2,11,[mms_issue]airplane_mode_on|bad_network_preference|bad_wifi_calling|break_apn_mms_setting|break_app_both_permissions|data_mode_off|data_usage_exceeded|unseat_sim_card|user_abroad_roaming_disabled_on[PERSONA:Hard]
risky_ps_safe_conditional_ix,37,3,target_post_switch,target_favoring,True,repair_subset,transfer,False,False,False,False,23.5,19.5,4.66813,2.0,0.0714,28.239530000000002,18.0,subset_mismatch_base_plus_linear;local_clear_failure_floor_10;local_clear_and_aux_failure_floor_12;invalid_local_transfer_floor_18,False,True,True,deep/fast/deep/deep/deep,fast/deep/deep/deep/deep,mostly_deep_vs_mostly_deep_required,both_mismatch_types,False,1,1,3,13,[mms_issue]airplane_mode_on|bad_network_preference|bad_wifi_calling|break_apn_mms_setting|break_app_sms_permission|data_mode_off|data_usage_exceeded|unseat_sim_card|user_abroad_roaming_disabled_on[PERSONA:None]
risky_ps_safe_conditional_ix,38,3,target_post_switch,target_favoring,True,repair_subset,repair_subset,False,False,False,False,17.0,13.0,4.22855,0.5,0.07650000000000001,21.30505,12.0,subset_mismatch_base_plus_linear;local_clear_failure_floor_10;local_clear_and_aux_failure_floor_12,False,True,True,deep/deep/deep/deep/deep,fast/deep/deep/deep/deep,mostly_deep_vs_mostly_deep_required,deep_on_fast_required,False,0,1,4,13,[mms_issue]airplane_mode_on|bad_network_preference|bad_wifi_calling|break_apn_mms_setting|break_app_both_permissions|data_mode_off|data_usage_exceeded|unseat_sim_card|user_abroad_roaming_enabled_off[PERSONA:Hard]
risky_ps_safe_conditional_ix,39,3,target_post_switch,target_favoring,True,repair_all,transfer,False,False,True,False,22.5,18.5,5.22009,2.0,0.0745,27.79459,18.0,subset_mismatch_base_plus_linear;local_clear_failure_floor_10;invalid_local_transfer_floor_18,False,True,True,deep/fast/deep/deep/deep,fast/deep/deep/deep/deep,mostly_deep_vs_mostly_deep_required,both_mismatch_types,False,1,1,3,14,[mms_issue]airplane_mode_on|bad_network_preference|bad_wifi_calling|break_apn_mms_setting|break_app_sms_permission|data_mode_off|unseat_sim_card|user_abroad_roaming_enabled_off[PERSONA:None]
risky_ps_safe_conditional_ix,40,4,target_post_switch,target_favoring,False,repair_all,repair_all,True,True,True,True,0.0,0.0,3.50952,0.0,0.07020000000000001,3.57972,,,False,True,True,fast/deep/deep/deep/deep,fast/deep/deep/deep/deep,mostly_deep_vs_mostly_deep_required,all_stage_modes_match,True,0,0,5,13,[mms_issue]bad_wifi_calling|break_apn_mms_setting|break_app_storage_permission|unseat_sim_card[PERSONA:Easy]
risky_ps_safe_conditional_ix,41,4,target_post_switch,target_favoring,False,repair_all,repair_all,True,True,True,True,0.0,0.0,4.22568,2.0,0.07540000000000001,4.30108,,,False,True,True,deep/fast/deep/deep/deep,fast/deep/deep/deep/deep,mostly_deep_vs_mostly_deep_required,both_mismatch_types,False,1,1,3,13,[mms_issue]bad_wifi_calling|break_apn_mms_setting|break_app_sms_permission|unseat_sim_card[PERSONA:None]
risky_ps_safe_conditional_ix,42,4,target_post_switch,target_favoring,False,repair_all,repair_all,True,True,True,True,0.0,0.0,3.870275,1.5,0.07050000000000001,3.940775,,,False,True,True,fast/deep/deep/deep/fast,fast/deep/deep/deep/deep,mostly_deep_vs_mostly_deep_required,fast_on_deep_required,False,1,0,4,11,[mms_issue]bad_wifi_calling|break_apn_mms_setting|break_app_sms_permission|user_abroad_roaming_enabled_off[PERSONA:Easy]
risky_ps_safe_conditional_ix,43,4,target_post_switch,target_favoring,False,repair_all,repair_all,True,True,True,True,0.0,0.0,4.46655,0.5,0.07750000000000001,4.5440499999999995,,,False,True,True,deep/deep/deep/deep/deep,fast/deep/deep/deep/deep,mostly_deep_vs_mostly_deep_required,deep_on_fast_required,False,0,1,4,15,[mms_issue]airplane_mode_on|bad_wifi_calling|break_apn_mms_setting|break_app_storage_permission|user_abroad_roaming_enabled_off[PERSONA:None]
risky_ps_safe_conditional_ix,44,4,target_post_switch,target_favoring,False,repair_all,repair_all,True,True,True,True,0.0,0.0,3.21573,0.0,0.07020000000000001,3.28593,,,False,True,True,fast/deep/deep/deep/deep,fast/deep/deep/deep/deep,mostly_deep_vs_mostly_deep_required,all_stage_modes_match,True,0,0,5,12,[mms_issue]bad_wifi_calling|break_apn_mms_setting|break_app_storage_permission|data_mode_off|unseat_sim_card[PERSONA:None]
risky_ps_safe_conditional_ix,45,4,target_post_switch,target_favoring,False,repair_all,repair_subset,False,False,True,False,10.0,5.0,3.64819,0.0,0.0751,13.72329,10.0,subset_mismatch_base_plus_linear;local_clear_failure_floor_10,False,True,True,fast/deep/deep/deep/deep,fast/deep/deep/deep/deep,mostly_deep_vs_mostly_deep_required,all_stage_modes_match,True,0,0,5,12,[mms_issue]airplane_mode_on|bad_network_preference|bad_wifi_calling|break_apn_mms_setting|break_app_storage_permission|unseat_sim_card[PERSONA:Easy]
risky_ps_safe_conditional_ix,46,4,target_post_switch,target_favoring,True,repair_subset,repair_subset,False,False,False,False,12.0,4.0,5.464225,1.5,0.06380000000000001,17.528025,12.0,subset_mismatch_base_plus_linear;local_clear_failure_floor_10;local_clear_and_aux_failure_floor_12,False,True,True,fast/deep/deep/fast/deep,fast/deep/deep/deep/deep,mostly_deep_vs_mostly_deep_required,fast_on_deep_required,False,1,0,4,13,[mms_issue]airplane_mode_on|bad_network_preference|bad_wifi_calling|break_apn_mms_setting|break_app_both_permissions|data_mode_off|data_usage_exceeded|unseat_sim_card|user_abroad_roaming_disabled_on[PERSONA:Hard]
risky_ps_safe_conditional_ix,47,4,target_post_switch,target_favoring,True,repair_subset,repair_subset,False,False,False,False,17.0,13.0,5.52129,3.5,0.063,22.58429,12.0,subset_mismatch_base_plus_linear;local_clear_failure_floor_10;local_clear_and_aux_failure_floor_12,False,True,True,deep/fast/deep/deep/fast,fast/deep/deep/deep/deep,mostly_deep_vs_mostly_deep_required,both_mismatch_types,False,2,1,2,12,[mms_issue]airplane_mode_on|bad_network_preference|bad_wifi_calling|break_apn_mms_setting|break_app_sms_permission|data_mode_off|data_usage_exceeded|unseat_sim_card|user_abroad_roaming_disabled_on[PERSONA:None]
risky_ps_safe_conditional_ix,48,4,target_post_switch,target_favoring,True,repair_subset,repair_subset,False,False,False,False,17.0,13.0,4.53088,1.5,0.072,21.60288,12.0,subset_mismatch_base_plus_linear;local_clear_failure_floor_10;local_clear_and_aux_failure_floor_12,False,True,True,fast/fast/deep/deep/deep,fast/deep/deep/deep/deep,mostly_deep_vs_mostly_deep_required,fast_on_deep_required,False,1,0,4,12,[mms_issue]airplane_mode_on|bad_network_preference|bad_wifi_calling|break_apn_mms_setting|break_app_both_permissions|data_mode_off|data_usage_exceeded|unseat_sim_card|user_abroad_roaming_enabled_off[PERSONA:Hard]
risky_ps_safe_conditional_ix,49,4,target_post_switch,target_favoring,True,repair_all,repair_all,True,True,True,True,0.0,0.0,4.18005,0.0,0.0776,4.25765,,,False,True,True,fast/deep/deep/deep/deep,fast/deep/deep/deep/deep,mostly_deep_vs_mostly_deep_required,all_stage_modes_match,True,0,0,5,13,[mms_issue]airplane_mode_on|bad_network_preference|bad_wifi_calling|break_apn_mms_setting|break_app_sms_permission|data_mode_off|unseat_sim_card|user_abroad_roaming_enabled_off[PERSONA:None]
risky_ps_safe_conditional_ix,50,5,target_post_switch,target_favoring,False,repair_all,repair_all,True,True,True,True,0.0,0.0,2.9909,1.5,0.06780000000000001,3.0587,,,False,True,True,fast/fast/deep/deep/deep,fast/deep/deep/deep/deep,mostly_deep_vs_mostly_deep_required,fast_on_deep_required,False,1,0,4,10,[mms_issue]bad_wifi_calling|break_apn_mms_setting|break_app_storage_permission|unseat_sim_card[PERSONA:Easy]
risky_ps_safe_conditional_ix,51,5,target_post_switch,target_favoring,False,repair_all,repair_all,True,True,True,True,0.0,0.0,3.41704,1.5,0.0729,3.4899400000000003,,,False,True,True,fast/deep/fast/deep/deep,fast/deep/deep/deep/deep,mostly_deep_vs_mostly_deep_required,fast_on_deep_required,False,1,0,4,11,[mms_issue]bad_wifi_calling|break_apn_mms_setting|break_app_sms_permission|unseat_sim_card[PERSONA:None]
risky_ps_safe_conditional_ix,52,5,target_post_switch,target_favoring,False,repair_all,repair_all,True,True,True,True,0.0,0.0,3.479665,3.0,0.0735,3.553165,,,False,True,True,fast/fast/fast/deep/deep,fast/deep/deep/deep/deep,mostly_fast_vs_mostly_deep_required,fast_on_deep_required,False,2,0,3,10,[mms_issue]bad_wifi_calling|break_apn_mms_setting|break_app_sms_permission|user_abroad_roaming_enabled_off[PERSONA:Easy]
risky_ps_safe_conditional_ix,53,5,target_post_switch,target_favoring,False,repair_all,repair_all,True,True,True,True,0.0,0.0,4.37058,1.5,0.0763,4.44688,,,False,True,True,fast/deep/fast/deep/deep,fast/deep/deep/deep/deep,mostly_deep_vs_mostly_deep_required,fast_on_deep_required,False,1,0,4,13,[mms_issue]airplane_mode_on|bad_wifi_calling|break_apn_mms_setting|break_app_storage_permission|user_abroad_roaming_enabled_off[PERSONA:None]
risky_ps_safe_conditional_ix,54,5,target_post_switch,target_favoring,False,repair_all,repair_all,True,True,True,True,0.0,0.0,3.22784,0.0,0.07590000000000001,3.30374,,,False,True,True,fast/deep/deep/deep/deep,fast/deep/deep/deep/deep,mostly_deep_vs_mostly_deep_required,all_stage_modes_match,True,0,0,5,12,[mms_issue]bad_wifi_calling|break_apn_mms_setting|break_app_storage_permission|data_mode_off|unseat_sim_card[PERSONA:None]
risky_ps_safe_conditional_ix,55,5,target_post_switch,target_favoring,False,repair_all,repair_subset,False,False,True,False,10.0,5.0,3.7213,1.5,0.0703,13.791599999999999,10.0,subset_mismatch_base_plus_linear;local_clear_failure_floor_10,False,True,True,fast/fast/deep/deep/deep,fast/deep/deep/deep/deep,mostly_deep_vs_mostly_deep_required,fast_on_deep_required,False,1,0,4,11,[mms_issue]airplane_mode_on|bad_network_preference|bad_wifi_calling|break_apn_mms_setting|break_app_storage_permission|unseat_sim_card[PERSONA:Easy]
risky_ps_safe_conditional_ix,56,5,target_post_switch,target_favoring,True,repair_subset,repair_subset,False,False,False,False,14.0,3.0,4.142555,3.0,0.06380000000000001,18.206355000000002,14.0,subset_mismatch_base_plus_linear;local_clear_failure_floor_10;local_clear_and_aux_failure_floor_12;fast_path_on_deep_required_clear_failure_floor_14,False,True,True,fast/fast/fast/deep/deep,fast/deep/deep/deep/deep,mostly_fast_vs_mostly_deep_required,fast_on_deep_required,False,2,0,3,10,[mms_issue]airplane_mode_on|bad_network_preference|bad_wifi_calling|break_apn_mms_setting|break_app_both_permissions|data_mode_off|data_usage_exceeded|unseat_sim_card|user_abroad_roaming_disabled_on[PERSONA:Hard]
risky_ps_safe_conditional_ix,57,5,target_post_switch,target_favoring,True,repair_subset,repair_subset,False,False,False,False,12.0,4.0,4.31998,0.0,0.07780000000000001,16.39778,12.0,subset_mismatch_base_plus_linear;local_clear_failure_floor_10;local_clear_and_aux_failure_floor_12,False,True,True,fast/deep/deep/deep/deep,fast/deep/deep/deep/deep,mostly_deep_vs_mostly_deep_required,all_stage_modes_match,True,0,0,5,13,[mms_issue]airplane_mode_on|bad_network_preference|bad_wifi_calling|break_apn_mms_setting|break_app_sms_permission|data_mode_off|data_usage_exceeded|unseat_sim_card|user_abroad_roaming_disabled_on[PERSONA:None]
risky_ps_safe_conditional_ix,58,5,target_post_switch,target_favoring,True,repair_subset,repair_subset,False,False,False,False,17.0,13.0,4.51044,1.5,0.0718,21.58224,12.0,subset_mismatch_base_plus_linear;local_clear_failure_floor_10;local_clear_and_aux_failure_floor_12,False,True,True,fast/fast/deep/deep/deep,fast/deep/deep/deep/deep,mostly_deep_vs_mostly_deep_required,fast_on_deep_required,False,1,0,4,12,[mms_issue]airplane_mode_on|bad_network_preference|bad_wifi_calling|break_apn_mms_setting|break_app_both_permissions|data_mode_off|data_usage_exceeded|unseat_sim_card|user_abroad_roaming_enabled_off[PERSONA:Hard]
risky_ps_safe_conditional_ix,59,5,target_post_switch,target_favoring,True,repair_all,repair_all,True,True,True,True,0.0,0.0,4.15064,1.5,0.0716,4.22224,,,False,True,True,fast/fast/deep/deep/deep,fast/deep/deep/deep/deep,mostly_deep_vs_mostly_deep_required,fast_on_deep_required,False,1,0,4,11,[mms_issue]airplane_mode_on|bad_network_preference|bad_wifi_calling|break_apn_mms_setting|break_app_sms_permission|data_mode_off|unseat_sim_card|user_abroad_roaming_enabled_off[PERSONA:None]
risky_ps_safe_conditional_ix,60,6,target_post_switch,target_favoring,False,repair_all,repair_all,True,True,True,True,0.0,0.0,3.57212,1.5,0.08000000000000002,3.65212,,,False,True,True,fast/deep/fast/deep/deep,fast/deep/deep/deep/deep,mostly_deep_vs_mostly_deep_required,fast_on_deep_required,False,1,0,4,12,[mms_issue]bad_wifi_calling|break_apn_mms_setting|break_app_storage_permission|unseat_sim_card[PERSONA:Easy]
risky_ps_safe_conditional_ix,61,6,target_post_switch,target_favoring,False,repair_all,repair_all,True,True,True,True,0.0,0.0,3.59715,1.5,0.0727,3.6698500000000003,,,False,True,True,fast/deep/fast/deep/deep,fast/deep/deep/deep/deep,mostly_deep_vs_mostly_deep_required,fast_on_deep_required,False,1,0,4,12,[mms_issue]bad_wifi_calling|break_apn_mms_setting|break_app_sms_permission|unseat_sim_card[PERSONA:None]
risky_ps_safe_conditional_ix,62,6,target_post_switch,target_favoring,False,repair_all,repair_all,True,True,True,True,0.0,0.0,3.66347,0.5,0.07600000000000001,3.73947,,,False,True,True,deep/deep/deep/deep/deep,fast/deep/deep/deep/deep,mostly_deep_vs_mostly_deep_required,deep_on_fast_required,False,0,1,4,13,[mms_issue]bad_wifi_calling|break_apn_mms_setting|break_app_sms_permission|user_abroad_roaming_enabled_off[PERSONA:Easy]
risky_ps_safe_conditional_ix,63,6,target_post_switch,target_favoring,False,repair_all,repair_all,True,True,True,True,0.0,0.0,4.50917,2.0,0.0741,4.58327,,,False,True,True,deep/fast/deep/deep/deep,fast/deep/deep/deep/deep,mostly_deep_vs_mostly_deep_required,both_mismatch_types,False,1,1,3,14,[mms_issue]airplane_mode_on|bad_wifi_calling|break_apn_mms_setting|break_app_storage_permission|user_abroad_roaming_enabled_off[PERSONA:None]
risky_ps_safe_conditional_ix,64,6,target_post_switch,target_favoring,False,repair_all,repair_all,True,True,True,True,0.0,0.0,4.34873,0.5,0.07790000000000001,4.426629999999999,,,False,True,True,deep/deep/deep/deep/deep,fast/deep/deep/deep/deep,mostly_deep_vs_mostly_deep_required,deep_on_fast_required,False,0,1,4,15,[mms_issue]bad_wifi_calling|break_apn_mms_setting|break_app_storage_permission|data_mode_off|unseat_sim_card[PERSONA:None]
risky_ps_safe_conditional_ix,65,6,target_post_switch,target_favoring,False,repair_all,repair_all,True,True,True,True,0.0,0.0,3.73135,0.0,0.0752,3.80655,,,False,True,True,fast/deep/deep/deep/deep,fast/deep/deep/deep/deep,mostly_deep_vs_mostly_deep_required,all_stage_modes_match,True,0,0,5,12,[mms_issue]airplane_mode_on|bad_network_preference|bad_wifi_calling|break_apn_mms_setting|break_app_storage_permission|unseat_sim_card[PERSONA:Easy]
risky_ps_safe_conditional_ix,66,6,target_post_switch,target_favoring,True,repair_subset,repair_subset,True,True,False,False,6.0,2.0,4.19573,0.0,0.0722,10.26793,6.0,clear_but_aux_failure_floor_6,False,True,True,fast/deep/deep/deep/deep,fast/deep/deep/deep/deep,mostly_deep_vs_mostly_deep_required,all_stage_modes_match,True,0,0,5,13,[mms_issue]airplane_mode_on|bad_network_preference|bad_wifi_calling|break_apn_mms_setting|break_app_both_permissions|data_mode_off|data_usage_exceeded|unseat_sim_card|user_abroad_roaming_disabled_on[PERSONA:Hard]
risky_ps_safe_conditional_ix,67,6,target_post_switch,target_favoring,True,repair_subset,transfer,False,False,False,False,23.5,19.5,3.91244,1.5,0.0684,27.48084,18.0,subset_mismatch_base_plus_linear;local_clear_failure_floor_10;local_clear_and_aux_failure_floor_12;invalid_local_transfer_floor_18,False,True,True,fast/fast/deep/deep/deep,fast/deep/deep/deep/deep,mostly_deep_vs_mostly_deep_required,fast_on_deep_required,False,1,0,4,11,[mms_issue]airplane_mode_on|bad_network_preference|bad_wifi_calling|break_apn_mms_setting|break_app_sms_permission|data_mode_off|data_usage_exceeded|unseat_sim_card|user_abroad_roaming_disabled_on[PERSONA:None]
risky_ps_safe_conditional_ix,68,6,target_post_switch,target_favoring,True,repair_subset,repair_subset,False,False,False,False,17.0,13.0,4.52612,1.5,0.0746,21.60072,12.0,subset_mismatch_base_plus_linear;local_clear_failure_floor_10;local_clear_and_aux_failure_floor_12,False,True,True,fast/fast/deep/deep/deep,fast/deep/deep/deep/deep,mostly_deep_vs_mostly_deep_required,fast_on_deep_required,False,1,0,4,12,[mms_issue]airplane_mode_on|bad_network_preference|bad_wifi_calling|break_apn_mms_setting|break_app_both_permissions|data_mode_off|data_usage_exceeded|unseat_sim_card|user_abroad_roaming_enabled_off[PERSONA:Hard]
risky_ps_safe_conditional_ix,69,6,target_post_switch,target_favoring,True,repair_all,repair_all,True,True,True,True,0.0,0.0,4.75326,2.0,0.0741,4.82736,,,False,True,True,deep/fast/deep/deep/deep,fast/deep/deep/deep/deep,mostly_deep_vs_mostly_deep_required,both_mismatch_types,False,1,1,3,13,[mms_issue]airplane_mode_on|bad_network_preference|bad_wifi_calling|break_apn_mms_setting|break_app_sms_permission|data_mode_off|unseat_sim_card|user_abroad_roaming_enabled_off[PERSONA:None]
risky_ps_safe_conditional_ix,70,7,target_post_switch,target_favoring,False,repair_all,repair_all,True,True,True,True,0.0,0.0,3.45206,1.5,0.061700000000000005,3.51376,,,False,True,True,fast/fast/deep/deep/deep,fast/deep/deep/deep/deep,mostly_deep_vs_mostly_deep_required,fast_on_deep_required,False,1,0,4,11,[mms_issue]bad_wifi_calling|break_apn_mms_setting|break_app_storage_permission|unseat_sim_card[PERSONA:Easy]
risky_ps_safe_conditional_ix,71,7,target_post_switch,target_favoring,False,repair_all,repair_all,True,True,True,True,0.0,0.0,3.57279,1.5,0.0675,3.64029,,,False,True,True,fast/deep/fast/deep/deep,fast/deep/deep/deep/deep,mostly_deep_vs_mostly_deep_required,fast_on_deep_required,False,1,0,4,12,[mms_issue]bad_wifi_calling|break_apn_mms_setting|break_app_sms_permission|unseat_sim_card[PERSONA:None]
risky_ps_safe_conditional_ix,72,7,target_post_switch,target_favoring,False,repair_all,repair_all,True,True,True,True,0.0,0.0,4.1672,2.0,0.0692,4.236400000000001,,,False,True,True,deep/fast/deep/deep/deep,fast/deep/deep/deep/deep,mostly_deep_vs_mostly_deep_required,both_mismatch_types,False,1,1,3,13,[mms_issue]bad_wifi_calling|break_apn_mms_setting|break_app_sms_permission|user_abroad_roaming_enabled_off[PERSONA:Easy]
risky_ps_safe_conditional_ix,73,7,target_post_switch,target_favoring,False,repair_all,repair_all,True,True,True,True,0.0,0.0,4.98545,2.0,0.06910000000000001,5.05455,,,False,True,True,deep/fast/deep/deep/deep,fast/deep/deep/deep/deep,mostly_deep_vs_mostly_deep_required,both_mismatch_types,False,1,1,3,15,[mms_issue]airplane_mode_on|bad_wifi_calling|break_apn_mms_setting|break_app_storage_permission|user_abroad_roaming_enabled_off[PERSONA:None]
risky_ps_safe_conditional_ix,74,7,target_post_switch,target_favoring,False,repair_all,repair_all,True,True,True,True,0.0,0.0,4.78864,2.0,0.0741,4.86274,,,False,True,True,deep/fast/deep/deep/deep,fast/deep/deep/deep/deep,mostly_deep_vs_mostly_deep_required,both_mismatch_types,False,1,1,3,14,[mms_issue]bad_wifi_calling|break_apn_mms_setting|break_app_storage_permission|data_mode_off|unseat_sim_card[PERSONA:None]
risky_ps_safe_conditional_ix,75,7,target_post_switch,target_favoring,False,repair_all,repair_subset,False,False,True,False,10.0,5.0,4.02521,0.0,0.07330000000000002,14.098510000000001,10.0,subset_mismatch_base_plus_linear;local_clear_failure_floor_10,False,True,True,fast/deep/deep/deep/deep,fast/deep/deep/deep/deep,mostly_deep_vs_mostly_deep_required,all_stage_modes_match,True,0,0,5,13,[mms_issue]airplane_mode_on|bad_network_preference|bad_wifi_calling|break_apn_mms_setting|break_app_storage_permission|unseat_sim_card[PERSONA:Easy]
risky_ps_safe_conditional_ix,76,7,target_post_switch,target_favoring,True,repair_subset,repair_subset,False,False,False,False,12.0,3.0,4.67563,2.0,0.0669,16.742530000000002,12.0,subset_mismatch_base_plus_linear;local_clear_failure_floor_10;local_clear_and_aux_failure_floor_12,False,True,True,deep/fast/deep/deep/deep,fast/deep/deep/deep/deep,mostly_deep_vs_mostly_deep_required,both_mismatch_types,False,1,1,3,13,[mms_issue]airplane_mode_on|bad_network_preference|bad_wifi_calling|break_apn_mms_setting|break_app_both_permissions|data_mode_off|data_usage_exceeded|unseat_sim_card|user_abroad_roaming_disabled_on[PERSONA:Hard]
risky_ps_safe_conditional_ix,77,7,target_post_switch,target_favoring,True,repair_subset,transfer,False,False,False,False,23.5,19.5,5.313555,4.5,0.0641,28.877655,18.0,subset_mismatch_base_plus_linear;local_clear_failure_floor_10;local_clear_and_aux_failure_floor_12;fast_path_on_deep_required_clear_failure_floor_14;invalid_local_transfer_floor_18,False,True,True,fast/fast/fast/deep/fast,fast/deep/deep/deep/deep,mostly_fast_vs_mostly_deep_required,fast_on_deep_required,False,3,0,2,10,[mms_issue]airplane_mode_on|bad_network_preference|bad_wifi_calling|break_apn_mms_setting|break_app_sms_permission|data_mode_off|data_usage_exceeded|unseat_sim_card|user_abroad_roaming_disabled_on[PERSONA:None]
risky_ps_safe_conditional_ix,78,7,target_post_switch,target_favoring,True,repair_subset,repair_subset,False,False,False,False,17.0,13.0,4.39803,0.0,0.0735,21.47153,12.0,subset_mismatch_base_plus_linear;local_clear_failure_floor_10;local_clear_and_aux_failure_floor_12,False,True,True,fast/deep/deep/deep/deep,fast/deep/deep/deep/deep,mostly_deep_vs_mostly_deep_required,all_stage_modes_match,True,0,0,5,13,[mms_issue]airplane_mode_on|bad_network_preference|bad_wifi_calling|break_apn_mms_setting|break_app_both_permissions|data_mode_off|data_usage_exceeded|unseat_sim_card|user_abroad_roaming_enabled_off[PERSONA:Hard]
risky_ps_safe_conditional_ix,79,7,target_post_switch,target_favoring,True,repair_all,repair_all,True,True,True,True,0.0,0.0,4.34679,1.5,0.07500000000000001,4.4217900000000006,,,False,True,True,fast/deep/fast/deep/deep,fast/deep/deep/deep/deep,mostly_deep_vs_mostly_deep_required,fast_on_deep_required,False,1,0,4,12,[mms_issue]airplane_mode_on|bad_network_preference|bad_wifi_calling|break_apn_mms_setting|break_app_sms_permission|data_mode_off|unseat_sim_card|user_abroad_roaming_enabled_off[PERSONA:None]
risky_ps_safe_conditional_ix,80,8,target_post_switch,target_favoring,False,repair_all,repair_all,True,True,True,True,0.0,0.0,3.4655,1.5,0.067,3.5325,,,False,True,True,fast/fast/deep/deep/deep,fast/deep/deep/deep/deep,mostly_deep_vs_mostly_deep_required,fast_on_deep_required,False,1,0,4,11,[mms_issue]bad_wifi_calling|break_apn_mms_setting|break_app_storage_permission|unseat_sim_card[PERSONA:Easy]
risky_ps_safe_conditional_ix,81,8,target_post_switch,target_favoring,False,repair_all,repair_all,True,True,True,True,0.0,0.0,4.07359,0.5,0.0753,4.148890000000001,,,False,True,True,deep/deep/deep/deep/deep,fast/deep/deep/deep/deep,mostly_deep_vs_mostly_deep_required,deep_on_fast_required,False,0,1,4,14,[mms_issue]bad_wifi_calling|break_apn_mms_setting|break_app_sms_permission|unseat_sim_card[PERSONA:None]
risky_ps_safe_conditional_ix,82,8,target_post_switch,target_favoring,False,repair_all,transfer,False,False,True,False,18.0,10.5,3.04312,1.5,0.0594,21.10252,18.0,subset_mismatch_base_plus_linear;local_clear_failure_floor_10;invalid_local_transfer_floor_18,False,True,True,fast/fast/deep/deep/deep,fast/deep/deep/deep/deep,mostly_deep_vs_mostly_deep_required,fast_on_deep_required,False,1,0,4,10,[mms_issue]bad_wifi_calling|break_apn_mms_setting|break_app_sms_permission|user_abroad_roaming_enabled_off[PERSONA:Easy]
risky_ps_safe_conditional_ix,83,8,target_post_switch,target_favoring,False,repair_all,repair_all,True,True,True,True,0.0,0.0,5.089895,3.0,0.06330000000000001,5.153195,,,False,True,True,fast/deep/fast/fast/deep,fast/deep/deep/deep/deep,mostly_fast_vs_mostly_deep_required,fast_on_deep_required,False,2,0,3,13,[mms_issue]airplane_mode_on|bad_wifi_calling|break_apn_mms_setting|break_app_storage_permission|user_abroad_roaming_enabled_off[PERSONA:None]
risky_ps_safe_conditional_ix,84,8,target_post_switch,target_favoring,False,repair_all,repair_all,True,True,True,True,0.0,0.0,4.935,3.5,0.06420000000000001,4.999199999999999,,,False,True,True,deep/fast/deep/deep/fast,fast/deep/deep/deep/deep,mostly_deep_vs_mostly_deep_required,both_mismatch_types,False,2,1,2,12,[mms_issue]bad_wifi_calling|break_apn_mms_setting|break_app_storage_permission|data_mode_off|unseat_sim_card[PERSONA:None]
risky_ps_safe_conditional_ix,85,8,target_post_switch,target_favoring,False,repair_all,repair_all,True,True,True,True,0.0,0.0,4.851165,1.5,0.06920000000000001,4.920365,,,False,True,True,fast/deep/deep/fast/deep,fast/deep/deep/deep/deep,mostly_deep_vs_mostly_deep_required,fast_on_deep_required,False,1,0,4,13,[mms_issue]airplane_mode_on|bad_network_preference|bad_wifi_calling|break_apn_mms_setting|break_app_storage_permission|unseat_sim_card[PERSONA:Easy]
risky_ps_safe_conditional_ix,86,8,target_post_switch,target_favoring,True,repair_subset,repair_subset,True,True,False,False,6.0,2.0,4.18257,0.0,0.0752,10.25777,6.0,clear_but_aux_failure_floor_6,False,True,True,fast/deep/deep/deep/deep,fast/deep/deep/deep/deep,mostly_deep_vs_mostly_deep_required,all_stage_modes_match,True,0,0,5,13,[mms_issue]airplane_mode_on|bad_network_preference|bad_wifi_calling|break_apn_mms_setting|break_app_both_permissions|data_mode_off|data_usage_exceeded|unseat_sim_card|user_abroad_roaming_disabled_on[PERSONA:Hard]
risky_ps_safe_conditional_ix,87,8,target_post_switch,target_favoring,True,repair_subset,repair_subset,True,True,False,False,6.0,2.0,4.650685,1.5,0.0675,10.718185,6.0,clear_but_aux_failure_floor_6,False,True,True,fast/deep/fast/deep/deep,fast/deep/deep/deep/deep,mostly_deep_vs_mostly_deep_required,fast_on_deep_required,False,1,0,4,13,[mms_issue]airplane_mode_on|bad_network_preference|bad_wifi_calling|break_apn_mms_setting|break_app_sms_permission|data_mode_off|data_usage_exceeded|unseat_sim_card|user_abroad_roaming_disabled_on[PERSONA:None]
risky_ps_safe_conditional_ix,88,8,target_post_switch,target_favoring,True,repair_subset,transfer,False,False,False,False,25.5,21.5,4.54327,0.5,0.07750000000000001,30.12077,18.0,subset_mismatch_base_plus_linear;local_clear_failure_floor_10;local_clear_and_aux_failure_floor_12;invalid_local_transfer_floor_18,False,True,True,deep/deep/deep/deep/deep,fast/deep/deep/deep/deep,mostly_deep_vs_mostly_deep_required,deep_on_fast_required,False,0,1,4,14,[mms_issue]airplane_mode_on|bad_network_preference|bad_wifi_calling|break_apn_mms_setting|break_app_both_permissions|data_mode_off|data_usage_exceeded|unseat_sim_card|user_abroad_roaming_enabled_off[PERSONA:Hard]
risky_ps_safe_conditional_ix,89,8,target_post_switch,target_favoring,True,repair_all,repair_all,True,True,True,True,0.0,0.0,4.31695,2.0,0.0729,4.38985,,,False,True,True,deep/fast/deep/deep/deep,fast/deep/deep/deep/deep,mostly_deep_vs_mostly_deep_required,both_mismatch_types,False,1,1,3,12,[mms_issue]airplane_mode_on|bad_network_preference|bad_wifi_calling|break_apn_mms_setting|break_app_sms_permission|data_mode_off|unseat_sim_card|user_abroad_roaming_enabled_off[PERSONA:None]
risky_ps_safe_conditional_ix,90,9,target_post_switch,target_favoring,False,repair_all,repair_all,True,True,True,True,0.0,0.0,3.48174,1.5,0.07050000000000001,3.55224,,,False,True,True,fast/fast/deep/deep/deep,fast/deep/deep/deep/deep,mostly_deep_vs_mostly_deep_required,fast_on_deep_required,False,1,0,4,11,[mms_issue]bad_wifi_calling|break_apn_mms_setting|break_app_storage_permission|unseat_sim_card[PERSONA:Easy]
risky_ps_safe_conditional_ix,91,9,target_post_switch,target_favoring,False,repair_all,repair_all,True,True,True,True,0.0,0.0,4.2044,2.0,0.0741,4.278499999999999,,,False,True,True,deep/fast/deep/deep/deep,fast/deep/deep/deep/deep,mostly_deep_vs_mostly_deep_required,both_mismatch_types,False,1,1,3,13,[mms_issue]bad_wifi_calling|break_apn_mms_setting|break_app_sms_permission|unseat_sim_card[PERSONA:None]
risky_ps_safe_conditional_ix,92,9,target_post_switch,target_favoring,False,repair_all,repair_all,True,True,True,True,0.0,0.0,4.23825,2.0,0.0679,4.30615,,,False,True,True,deep/fast/deep/deep/deep,fast/deep/deep/deep/deep,mostly_deep_vs_mostly_deep_required,both_mismatch_types,False,1,1,3,13,[mms_issue]bad_wifi_calling|break_apn_mms_setting|break_app_sms_permission|user_abroad_roaming_enabled_off[PERSONA:Easy]
risky_ps_safe_conditional_ix,93,9,target_post_switch,target_favoring,False,repair_all,repair_subset,False,False,True,False,10.0,5.0,4.96788,2.0,0.06910000000000001,15.03698,10.0,subset_mismatch_base_plus_linear;local_clear_failure_floor_10,False,True,True,deep/fast/deep/deep/deep,fast/deep/deep/deep/deep,mostly_deep_vs_mostly_deep_required,both_mismatch_types,False,1,1,3,15,[mms_issue]airplane_mode_on|bad_wifi_calling|break_apn_mms_setting|break_app_storage_permission|user_abroad_roaming_enabled_off[PERSONA:None]
risky_ps_safe_conditional_ix,94,9,target_post_switch,target_favoring,False,repair_all,repair_all,True,True,True,True,0.0,0.0,5.38215,5.0,0.0598,5.44195,,,False,True,True,deep/fast/fast/deep/fast,fast/deep/deep/deep/deep,mostly_fast_vs_mostly_deep_required,both_mismatch_types,False,3,1,1,12,[mms_issue]bad_wifi_calling|break_apn_mms_setting|break_app_storage_permission|data_mode_off|unseat_sim_card[PERSONA:None]
risky_ps_safe_conditional_ix,95,9,target_post_switch,target_favoring,False,repair_all,transfer,False,False,True,False,18.5,14.5,3.63716,1.5,0.07050000000000001,22.20766,18.0,subset_mismatch_base_plus_linear;local_clear_failure_floor_10;invalid_local_transfer_floor_18,False,True,True,fast/fast/deep/deep/deep,fast/deep/deep/deep/deep,mostly_deep_vs_mostly_deep_required,fast_on_deep_required,False,1,0,4,11,[mms_issue]airplane_mode_on|bad_network_preference|bad_wifi_calling|break_apn_mms_setting|break_app_storage_permission|unseat_sim_card[PERSONA:Easy]
risky_ps_safe_conditional_ix,96,9,target_post_switch,target_favoring,True,repair_subset,repair_subset,False,False,False,False,12.0,3.0,4.74283,2.0,0.06730000000000001,16.81013,12.0,subset_mismatch_base_plus_linear;local_clear_failure_floor_10;local_clear_and_aux_failure_floor_12,False,True,True,deep/fast/deep/deep/deep,fast/deep/deep/deep/deep,mostly_deep_vs_mostly_deep_required,both_mismatch_types,False,1,1,3,13,[mms_issue]airplane_mode_on|bad_network_preference|bad_wifi_calling|break_apn_mms_setting|break_app_both_permissions|data_mode_off|data_usage_exceeded|unseat_sim_card|user_abroad_roaming_disabled_on[PERSONA:Hard]
risky_ps_safe_conditional_ix,97,9,target_post_switch,target_favoring,True,repair_subset,transfer,False,False,False,False,22.5,18.5,4.565635,1.5,0.0742,27.139835,18.0,subset_mismatch_base_plus_linear;local_clear_failure_floor_10;local_clear_and_aux_failure_floor_12;invalid_local_transfer_floor_18,False,True,True,fast/deep/fast/deep/deep,fast/deep/deep/deep/deep,mostly_deep_vs_mostly_deep_required,fast_on_deep_required,False,1,0,4,13,[mms_issue]airplane_mode_on|bad_network_preference|bad_wifi_calling|break_apn_mms_setting|break_app_sms_permission|data_mode_off|data_usage_exceeded|unseat_sim_card|user_abroad_roaming_disabled_on[PERSONA:None]
risky_ps_safe_conditional_ix,98,9,target_post_switch,target_favoring,True,repair_subset,repair_subset,False,False,False,False,12.0,4.0,5.024235,1.5,0.0694,17.093635,12.0,subset_mismatch_base_plus_linear;local_clear_failure_floor_10;local_clear_and_aux_failure_floor_12,False,True,True,fast/deep/deep/fast/deep,fast/deep/deep/deep/deep,mostly_deep_vs_mostly_deep_required,fast_on_deep_required,False,1,0,4,12,[mms_issue]airplane_mode_on|bad_network_preference|bad_wifi_calling|break_apn_mms_setting|break_app_both_permissions|data_mode_off|data_usage_exceeded|unseat_sim_card|user_abroad_roaming_enabled_off[PERSONA:Hard]
risky_ps_safe_conditional_ix,99,9,target_post_switch,target_favoring,True,repair_all,repair_all,True,True,True,True,0.0,0.0,4.17949,0.0,0.06580000000000001,4.245290000000001,,,False,True,True,fast/deep/deep/deep/deep,fast/deep/deep/deep/deep,mostly_deep_vs_mostly_deep_required,all_stage_modes_match,True,0,0,5,13,[mms_issue]airplane_mode_on|bad_network_preference|bad_wifi_calling|break_apn_mms_setting|break_app_sms_permission|data_mode_off|unseat_sim_card|user_abroad_roaming_enabled_off[PERSONA:None]
risky_ps_direct_cost,0,0,trap_pre_switch,trap_favoring,False,repair_all,repair_all,True,True,True,True,0.0,0.0,4.124655,1.5,0.06670000000000001,4.191355,,,False,True,True,fast/fast/deep/deep/deep,fast/fast/fast/fast/fast,mostly_deep_vs_mostly_fast_required,deep_on_fast_required,False,0,3,2,10,[mms_issue]airplane_mode_on|bad_wifi_calling|break_app_storage_permission[PERSONA:Easy]
risky_ps_direct_cost,1,0,trap_pre_switch,trap_favoring,False,repair_all,repair_all,True,True,True,True,0.0,0.0,4.27131,1.5,0.06530000000000001,4.336609999999999,,,False,True,True,deep/fast/deep/deep/fast,fast/fast/fast/fast/fast,mostly_deep_vs_mostly_fast_required,deep_on_fast_required,False,0,3,2,12,[mms_issue]airplane_mode_on|bad_wifi_calling|break_app_sms_permission[PERSONA:None]
risky_ps_direct_cost,2,0,trap_pre_switch,trap_favoring,False,repair_all,repair_all,True,True,True,True,0.0,0.0,8.373855,1.5,0.07500000000000001,8.448855,,,False,True,True,fast/fast/deep/deep/deep,fast/fast/fast/fast/fast,mostly_deep_vs_mostly_fast_required,deep_on_fast_required,False,0,3,2,17,[mms_issue]bad_wifi_calling[PERSONA:Easy]
risky_ps_direct_cost,3,0,trap_pre_switch,trap_favoring,False,repair_all,repair_all,True,True,True,True,0.0,0.0,5.186555,2.0,0.0758,5.262355,,,False,True,True,deep/fast/deep/deep/deep,fast/fast/fast/fast/fast,mostly_deep_vs_mostly_fast_required,deep_on_fast_required,False,0,4,1,13,[mms_issue]bad_wifi_calling|break_app_storage_permission[PERSONA:Easy]
risky_ps_direct_cost,4,0,trap_pre_switch,trap_favoring,False,repair_all,repair_all,True,True,True,True,0.0,0.0,4.77103,1.5,0.06420000000000001,4.835229999999999,,,False,True,True,deep/fast/fast/deep/deep,fast/fast/fast/fast/fast,mostly_deep_vs_mostly_fast_required,deep_on_fast_required,False,0,3,2,13,[mms_issue]bad_wifi_calling|break_app_sms_permission[PERSONA:None]
risky_ps_direct_cost,5,0,trap_pre_switch,trap_favoring,False,repair_all,repair_all,True,True,True,True,0.0,0.0,4.6504,2.0,0.0752,4.7256,,,False,True,True,fast/deep/deep/deep/deep,fast/fast/fast/fast/fast,mostly_deep_vs_mostly_fast_required,deep_on_fast_required,False,0,4,1,11,[mms_issue]bad_network_preference|bad_wifi_calling|break_app_storage_permission[PERSONA:Hard]
risky_ps_direct_cost,6,0,trap_pre_switch,trap_favoring,False,repair_all,repair_all,True,True,True,True,0.0,0.0,3.56142,1.0,0.0632,3.62462,,,False,True,True,deep/fast/deep/fast/fast,fast/fast/fast/fast/fast,mostly_fast_vs_mostly_fast_required,deep_on_fast_required,False,0,2,3,12,[mms_issue]bad_wifi_calling|break_app_sms_permission|data_mode_off[PERSONA:None]
risky_ps_direct_cost,7,0,trap_pre_switch,trap_favoring,False,repair_all,repair_all,True,True,True,True,0.0,0.0,3.70383,1.0,0.0601,3.7639299999999998,,,False,True,True,fast/fast/fast/deep/deep,fast/fast/fast/fast/fast,mostly_fast_vs_mostly_fast_required,deep_on_fast_required,False,0,2,3,10,[mms_issue]bad_network_preference|bad_wifi_calling|break_app_sms_permission[PERSONA:Easy]
risky_ps_direct_cost,8,0,trap_pre_switch,trap_favoring,False,repair_all,repair_all,True,True,True,True,0.0,0.0,4.116875,1.5,0.0725,4.189375,,,False,True,True,fast/fast/deep/deep/deep,fast/fast/fast/fast/fast,mostly_deep_vs_mostly_fast_required,deep_on_fast_required,False,0,3,2,10,[mms_issue]bad_wifi_calling|break_app_storage_permission|data_mode_off[PERSONA:Easy]
risky_ps_direct_cost,9,0,trap_pre_switch,trap_favoring,False,repair_all,repair_all,True,True,True,True,0.0,0.0,4.18688,1.5,0.0731,4.2599800000000005,,,False,True,True,deep/fast/fast/deep/deep,fast/fast/fast/fast/fast,mostly_deep_vs_mostly_fast_required,deep_on_fast_required,False,0,3,2,12,[mms_issue]airplane_mode_on|bad_wifi_calling[PERSONA:Easy]
risky_ps_direct_cost,10,1,trap_pre_switch,trap_favoring,False,repair_all,repair_all,True,True,True,True,0.0,0.0,3.16542,0.5,0.05600000000000001,3.22142,,,False,True,True,deep/fast/fast/fast/fast,fast/fast/fast/fast/fast,mostly_fast_vs_mostly_fast_required,deep_on_fast_required,False,0,1,4,12,[mms_issue]airplane_mode_on|bad_wifi_calling|break_app_storage_permission[PERSONA:Easy]
risky_ps_direct_cost,11,1,trap_pre_switch,trap_favoring,False,repair_all,repair_all,True,True,True,True,0.0,0.0,5.387635,2.0,0.07750000000000001,5.465135,,,False,True,True,fast/deep/deep/deep/deep,fast/fast/fast/fast/fast,mostly_deep_vs_mostly_fast_required,deep_on_fast_required,False,0,4,1,13,[mms_issue]airplane_mode_on|bad_wifi_calling|break_app_sms_permission[PERSONA:None]
risky_ps_direct_cost,12,1,trap_pre_switch,trap_favoring,False,repair_all,repair_all,True,True,True,True,0.0,0.0,3.941495,0.5,0.0641,4.0055950000000005,,,False,True,True,fast/fast/fast/fast/deep,fast/fast/fast/fast/fast,mostly_fast_vs_mostly_fast_required,deep_on_fast_required,False,0,1,4,12,[mms_issue]bad_wifi_calling[PERSONA:Easy]
risky_ps_direct_cost,13,1,trap_pre_switch,trap_favoring,False,repair_all,repair_all,True,True,True,True,0.0,0.0,4.500755,1.5,0.0704,4.571155,,,False,True,True,fast/fast/deep/deep/deep,fast/fast/fast/fast/fast,mostly_deep_vs_mostly_fast_required,deep_on_fast_required,False,0,3,2,11,[mms_issue]bad_wifi_calling|break_app_storage_permission[PERSONA:Easy]
risky_ps_direct_cost,14,1,trap_pre_switch,trap_favoring,False,repair_all,repair_all,True,True,True,True,0.0,0.0,4.4511,1.5,0.06830000000000001,4.5194,,,False,True,True,fast/fast/deep/deep/deep,fast/fast/fast/fast/fast,mostly_deep_vs_mostly_fast_required,deep_on_fast_required,False,0,3,2,11,[mms_issue]bad_wifi_calling|break_app_sms_permission[PERSONA:None]
risky_ps_direct_cost,15,1,trap_pre_switch,trap_favoring,False,repair_all,repair_all,True,True,True,True,0.0,0.0,6.335375,2.5,0.07600000000000001,6.411375,,,False,True,True,deep/deep/deep/deep/deep,fast/fast/fast/fast/fast,mostly_deep_vs_mostly_fast_required,deep_on_fast_required,False,0,5,0,15,[mms_issue]bad_network_preference|bad_wifi_calling|break_app_storage_permission[PERSONA:Hard]
risky_ps_direct_cost,16,1,trap_pre_switch,trap_favoring,False,repair_all,repair_all,True,True,True,True,0.0,0.0,4.679745,2.0,0.0742,4.753945,,,False,True,True,fast/deep/deep/deep/deep,fast/fast/fast/fast/fast,mostly_deep_vs_mostly_fast_required,deep_on_fast_required,False,0,4,1,11,[mms_issue]bad_wifi_calling|break_app_sms_permission|data_mode_off[PERSONA:None]
risky_ps_direct_cost,17,1,trap_pre_switch,trap_favoring,False,repair_all,repair_all,True,True,True,True,0.0,0.0,3.68983,1.0,0.0661,3.75593,,,False,True,True,fast/fast/fast/deep/deep,fast/fast/fast/fast/fast,mostly_fast_vs_mostly_fast_required,deep_on_fast_required,False,0,2,3,10,[mms_issue]bad_network_preference|bad_wifi_calling|break_app_sms_permission[PERSONA:Easy]
risky_ps_direct_cost,18,1,trap_pre_switch,trap_favoring,False,repair_all,repair_all,True,True,True,True,0.0,0.0,5.3935,2.5,0.07790000000000001,5.4714,,,False,True,True,deep/deep/deep/deep/deep,fast/fast/fast/fast/fast,mostly_deep_vs_mostly_fast_required,deep_on_fast_required,False,0,5,0,13,[mms_issue]bad_wifi_calling|break_app_storage_permission|data_mode_off[PERSONA:Easy]
risky_ps_direct_cost,19,1,trap_pre_switch,trap_favoring,False,repair_all,repair_all,True,True,True,True,0.0,0.0,4.41195,2.0,0.06930000000000001,4.48125,,,False,True,True,fast/deep/deep/deep/deep,fast/fast/fast/fast/fast,mostly_deep_vs_mostly_fast_required,deep_on_fast_required,False,0,4,1,11,[mms_issue]airplane_mode_on|bad_wifi_calling[PERSONA:Easy]
risky_ps_direct_cost,20,2,trap_pre_switch,trap_favoring,False,repair_all,repair_all,True,True,True,True,0.0,0.0,3.781605,1.0,0.0608,3.842405,,,False,True,True,deep/fast/fast/fast/deep,fast/fast/fast/fast/fast,mostly_fast_vs_mostly_fast_required,deep_on_fast_required,False,0,2,3,12,[mms_issue]airplane_mode_on|bad_wifi_calling|break_app_storage_permission[PERSONA:Easy]
risky_ps_direct_cost,21,2,trap_pre_switch,trap_favoring,False,repair_all,repair_all,True,True,True,True,0.0,0.0,3.142735,0.5,0.0671,3.209835,,,False,True,True,fast/fast/fast/deep/fast,fast/fast/fast/fast/fast,mostly_fast_vs_mostly_fast_required,deep_on_fast_required,False,0,1,4,10,[mms_issue]airplane_mode_on|bad_wifi_calling|break_app_sms_permission[PERSONA:None]
risky_ps_direct_cost,22,2,trap_pre_switch,trap_favoring,False,repair_all,repair_all,True,True,True,True,0.0,0.0,9.42224,1.5,0.06380000000000001,9.486040000000001,,,False,True,True,fast/deep/fast/deep/deep,fast/fast/fast/fast/fast,mostly_deep_vs_mostly_fast_required,deep_on_fast_required,False,0,3,2,19,[mms_issue]bad_wifi_calling[PERSONA:Easy]
risky_ps_direct_cost,23,2,trap_pre_switch,trap_favoring,False,repair_all,repair_all,True,True,True,True,0.0,0.0,4.069345,1.5,0.063,4.132345,,,False,True,True,deep/fast/deep/deep/fast,fast/fast/fast/fast/fast,mostly_deep_vs_mostly_fast_required,deep_on_fast_required,False,0,3,2,12,[mms_issue]bad_wifi_calling|break_app_storage_permission[PERSONA:Easy]
risky_ps_direct_cost,24,2,trap_pre_switch,trap_favoring,False,repair_all,repair_all,True,True,True,True,0.0,0.0,3.819935,1.5,0.0717,3.891635,,,False,True,True,fast/deep/deep/deep/fast,fast/fast/fast/fast/fast,mostly_deep_vs_mostly_fast_required,deep_on_fast_required,False,0,3,2,11,[mms_issue]bad_wifi_calling|break_app_sms_permission[PERSONA:None]
risky_ps_direct_cost,25,2,target_post_switch,target_favoring,False,repair_all,repair_all,True,True,True,True,0.0,0.0,3.20544,0.0,0.0752,3.28064,,,False,True,True,fast/deep/deep/deep/deep,fast/deep/deep/deep/deep,mostly_deep_vs_mostly_deep_required,all_stage_modes_match,True,0,0,5,11,[mms_issue]airplane_mode_on|bad_network_preference|bad_wifi_calling|break_apn_mms_setting|break_app_storage_permission|unseat_sim_card[PERSONA:Easy]
risky_ps_direct_cost,26,2,target_post_switch,target_favoring,True,repair_subset,repair_subset,False,False,False,False,12.0,3.0,3.93182,1.5,0.0742,16.00602,12.0,subset_mismatch_base_plus_linear;local_clear_failure_floor_10;local_clear_and_aux_failure_floor_12,False,True,True,fast/fast/deep/deep/deep,fast/deep/deep/deep/deep,mostly_deep_vs_mostly_deep_required,fast_on_deep_required,False,1,0,4,11,[mms_issue]airplane_mode_on|bad_network_preference|bad_wifi_calling|break_apn_mms_setting|break_app_both_permissions|data_mode_off|data_usage_exceeded|unseat_sim_card|user_abroad_roaming_disabled_on[PERSONA:Hard]
risky_ps_direct_cost,27,2,target_post_switch,target_favoring,True,repair_subset,repair_subset,True,True,False,False,6.0,2.0,5.05425,0.5,0.07790000000000001,11.13215,6.0,clear_but_aux_failure_floor_6,False,True,True,deep/deep/deep/deep/deep,fast/deep/deep/deep/deep,mostly_deep_vs_mostly_deep_required,deep_on_fast_required,False,0,1,4,15,[mms_issue]airplane_mode_on|bad_network_preference|bad_wifi_calling|break_apn_mms_setting|break_app_sms_permission|data_mode_off|data_usage_exceeded|unseat_sim_card|user_abroad_roaming_disabled_on[PERSONA:None]
risky_ps_direct_cost,28,2,target_post_switch,target_favoring,True,repair_subset,repair_subset,False,False,False,False,17.0,13.0,5.2756,2.0,0.0741,22.349700000000002,12.0,subset_mismatch_base_plus_linear;local_clear_failure_floor_10;local_clear_and_aux_failure_floor_12,False,True,True,deep/fast/deep/deep/deep,fast/deep/deep/deep/deep,mostly_deep_vs_mostly_deep_required,both_mismatch_types,False,1,1,3,14,[mms_issue]airplane_mode_on|bad_network_preference|bad_wifi_calling|break_apn_mms_setting|break_app_both_permissions|data_mode_off|data_usage_exceeded|unseat_sim_card|user_abroad_roaming_enabled_off[PERSONA:Hard]
risky_ps_direct_cost,29,2,target_post_switch,target_favoring,True,repair_all,transfer,False,False,True,False,22.5,18.5,4.36478,0.0,0.0675,26.93228,18.0,subset_mismatch_base_plus_linear;local_clear_failure_floor_10;invalid_local_transfer_floor_18,False,True,True,fast/deep/deep/deep/deep,fast/deep/deep/deep/deep,mostly_deep_vs_mostly_deep_required,all_stage_modes_match,True,0,0,5,13,[mms_issue]airplane_mode_on|bad_network_preference|bad_wifi_calling|break_apn_mms_setting|break_app_sms_permission|data_mode_off|unseat_sim_card|user_abroad_roaming_enabled_off[PERSONA:None]
risky_ps_direct_cost,30,3,target_post_switch,target_favoring,False,repair_all,repair_all,True,True,True,True,0.0,0.0,4.41969,3.0,0.06949999999999999,4.48919,,,False,True,True,fast/deep/fast/fast/deep,fast/deep/deep/deep/deep,mostly_fast_vs_mostly_deep_required,fast_on_deep_required,False,2,0,3,11,[mms_issue]bad_wifi_calling|break_apn_mms_setting|break_app_storage_permission|unseat_sim_card[PERSONA:Easy]
risky_ps_direct_cost,31,3,target_post_switch,target_favoring,False,repair_all,repair_all,True,True,True,True,0.0,0.0,3.06747,0.0,0.07410000000000001,3.14157,,,False,True,True,fast/deep/deep/deep/deep,fast/deep/deep/deep/deep,mostly_deep_vs_mostly_deep_required,all_stage_modes_match,True,0,0,5,12,[mms_issue]bad_wifi_calling|break_apn_mms_setting|break_app_sms_permission|unseat_sim_card[PERSONA:None]
risky_ps_direct_cost,32,3,target_post_switch,target_favoring,False,repair_all,repair_all,True,True,True,True,0.0,0.0,4.03853,0.5,0.07600000000000001,4.114529999999999,,,False,True,True,deep/deep/deep/deep/deep,fast/deep/deep/deep/deep,mostly_deep_vs_mostly_deep_required,deep_on_fast_required,False,0,1,4,14,[mms_issue]bad_wifi_calling|break_apn_mms_setting|break_app_sms_permission|user_abroad_roaming_enabled_off[PERSONA:Easy]
risky_ps_direct_cost,33,3,target_post_switch,target_favoring,False,repair_all,repair_all,True,True,True,True,0.0,0.0,4.28322,0.5,0.07650000000000001,4.35972,,,False,True,True,deep/deep/deep/deep/deep,fast/deep/deep/deep/deep,mostly_deep_vs_mostly_deep_required,deep_on_fast_required,False,0,1,4,14,[mms_issue]airplane_mode_on|bad_wifi_calling|break_apn_mms_setting|break_app_storage_permission|user_abroad_roaming_enabled_off[PERSONA:None]
risky_ps_direct_cost,34,3,target_post_switch,target_favoring,False,repair_all,repair_all,True,True,True,True,0.0,0.0,4.40896,2.0,0.0671,4.47606,,,False,True,True,deep/fast/deep/deep/deep,fast/deep/deep/deep/deep,mostly_deep_vs_mostly_deep_required,both_mismatch_types,False,1,1,3,13,[mms_issue]bad_wifi_calling|break_apn_mms_setting|break_app_storage_permission|data_mode_off|unseat_sim_card[PERSONA:None]
risky_ps_direct_cost,35,3,target_post_switch,target_favoring,False,repair_all,repair_subset,False,False,False,False,14.0,5.0,4.879485,3.0,0.06830000000000001,18.947785,14.0,subset_mismatch_base_plus_linear;local_clear_failure_floor_10;local_clear_and_aux_failure_floor_12;fast_path_on_deep_required_clear_failure_floor_14,False,True,True,fast/deep/fast/fast/deep,fast/deep/deep/deep/deep,mostly_fast_vs_mostly_deep_required,fast_on_deep_required,False,2,0,3,12,[mms_issue]airplane_mode_on|bad_network_preference|bad_wifi_calling|break_apn_mms_setting|break_app_storage_permission|unseat_sim_card[PERSONA:Easy]
risky_ps_direct_cost,36,3,target_post_switch,target_favoring,True,repair_subset,repair_subset,False,False,False,False,17.0,13.0,4.571445,3.0,0.06420000000000001,21.635645,14.0,subset_mismatch_base_plus_linear;local_clear_failure_floor_10;local_clear_and_aux_failure_floor_12;fast_path_on_deep_required_clear_failure_floor_14,False,True,True,fast/fast/fast/deep/deep,fast/deep/deep/deep/deep,mostly_fast_vs_mostly_deep_required,fast_on_deep_required,False,2,0,3,11,[mms_issue]airplane_mode_on|bad_network_preference|bad_wifi_calling|break_apn_mms_setting|break_app_both_permissions|data_mode_off|data_usage_exceeded|unseat_sim_card|user_abroad_roaming_disabled_on[PERSONA:Hard]
risky_ps_direct_cost,37,3,target_post_switch,target_favoring,True,repair_subset,repair_subset,False,False,False,False,12.0,4.0,5.49252,0.5,0.0748,17.56732,12.0,subset_mismatch_base_plus_linear;local_clear_failure_floor_10;local_clear_and_aux_failure_floor_12,False,True,True,deep/deep/deep/deep/deep,fast/deep/deep/deep/deep,mostly_deep_vs_mostly_deep_required,deep_on_fast_required,False,0,1,4,16,[mms_issue]airplane_mode_on|bad_network_preference|bad_wifi_calling|break_apn_mms_setting|break_app_sms_permission|data_mode_off|data_usage_exceeded|unseat_sim_card|user_abroad_roaming_disabled_on[PERSONA:None]
risky_ps_direct_cost,38,3,target_post_switch,target_favoring,True,repair_subset,repair_all,False,False,True,False,10.0,3.5,3.7464,0.0,0.07869999999999999,13.825099999999999,10.0,subset_mismatch_base_plus_linear;local_clear_failure_floor_10,False,True,True,fast/deep/deep/deep/deep,fast/deep/deep/deep/deep,mostly_deep_vs_mostly_deep_required,all_stage_modes_match,True,0,0,5,12,[mms_issue]airplane_mode_on|bad_network_preference|bad_wifi_calling|break_apn_mms_setting|break_app_both_permissions|data_mode_off|data_usage_exceeded|unseat_sim_card|user_abroad_roaming_enabled_off[PERSONA:Hard]
risky_ps_direct_cost,39,3,target_post_switch,target_favoring,True,repair_all,transfer,False,False,True,False,22.5,18.5,3.89815,1.5,0.0716,26.46975,18.0,subset_mismatch_base_plus_linear;local_clear_failure_floor_10;invalid_local_transfer_floor_18,False,True,True,fast/fast/deep/deep/deep,fast/deep/deep/deep/deep,mostly_deep_vs_mostly_deep_required,fast_on_deep_required,False,1,0,4,11,[mms_issue]airplane_mode_on|bad_network_preference|bad_wifi_calling|break_apn_mms_setting|break_app_sms_permission|data_mode_off|unseat_sim_card|user_abroad_roaming_enabled_off[PERSONA:None]
risky_ps_direct_cost,40,4,target_post_switch,target_favoring,False,repair_all,repair_all,True,True,True,True,0.0,0.0,3.914535,1.5,0.0723,3.9868349999999997,,,False,True,True,fast/deep/deep/deep/fast,fast/deep/deep/deep/deep,mostly_deep_vs_mostly_deep_required,fast_on_deep_required,False,1,0,4,12,[mms_issue]bad_wifi_calling|break_apn_mms_setting|break_app_storage_permission|unseat_sim_card[PERSONA:Easy]
risky_ps_direct_cost,41,4,target_post_switch,target_favoring,False,repair_all,repair_all,True,True,True,True,0.0,0.0,4.73042,3.5,0.0708,4.80122,,,False,True,True,deep/fast/fast/deep/deep,fast/deep/deep/deep/deep,mostly_deep_vs_mostly_deep_required,both_mismatch_types,False,2,1,2,13,[mms_issue]bad_wifi_calling|break_apn_mms_setting|break_app_sms_permission|unseat_sim_card[PERSONA:None]
risky_ps_direct_cost,42,4,target_post_switch,target_favoring,False,repair_all,repair_all,True,True,True,True,0.0,0.0,4.19184,2.0,0.0713,4.26314,,,False,True,True,deep/fast/deep/deep/deep,fast/deep/deep/deep/deep,mostly_deep_vs_mostly_deep_required,both_mismatch_types,False,1,1,3,13,[mms_issue]bad_wifi_calling|break_apn_mms_setting|break_app_sms_permission|user_abroad_roaming_enabled_off[PERSONA:Easy]
risky_ps_direct_cost,43,4,target_post_switch,target_favoring,False,repair_all,repair_subset,False,False,True,False,10.0,5.0,3.90691,0.0,0.07750000000000001,13.98441,10.0,subset_mismatch_base_plus_linear;local_clear_failure_floor_10,False,True,True,fast/deep/deep/deep/deep,fast/deep/deep/deep/deep,mostly_deep_vs_mostly_deep_required,all_stage_modes_match,True,0,0,5,13,[mms_issue]airplane_mode_on|bad_wifi_calling|break_apn_mms_setting|break_app_storage_permission|user_abroad_roaming_enabled_off[PERSONA:None]
risky_ps_direct_cost,44,4,target_post_switch,target_favoring,False,repair_all,repair_all,True,True,True,True,0.0,0.0,4.30228,2.0,0.0704,4.37268,,,False,True,True,deep/fast/deep/deep/deep,fast/deep/deep/deep/deep,mostly_deep_vs_mostly_deep_required,both_mismatch_types,False,1,1,3,13,[mms_issue]bad_wifi_calling|break_apn_mms_setting|break_app_storage_permission|data_mode_off|unseat_sim_card[PERSONA:None]
risky_ps_direct_cost,45,4,target_post_switch,target_favoring,False,repair_all,repair_all,True,True,True,True,0.0,0.0,4.23206,0.0,0.07020000000000001,4.3022599999999995,,,False,True,True,fast/deep/deep/deep/deep,fast/deep/deep/deep/deep,mostly_deep_vs_mostly_deep_required,all_stage_modes_match,True,0,0,5,13,[mms_issue]airplane_mode_on|bad_network_preference|bad_wifi_calling|break_apn_mms_setting|break_app_storage_permission|unseat_sim_card[PERSONA:Easy]
risky_ps_direct_cost,46,4,target_post_switch,target_favoring,True,repair_subset,repair_subset,False,False,False,False,12.0,5.0,6.435645,3.5,0.06930000000000001,18.504945,12.0,subset_mismatch_base_plus_linear;local_clear_failure_floor_10;local_clear_and_aux_failure_floor_12,False,True,True,deep/fast/deep/fast/deep,fast/deep/deep/deep/deep,mostly_deep_vs_mostly_deep_required,both_mismatch_types,False,2,1,2,14,[mms_issue]airplane_mode_on|bad_network_preference|bad_wifi_calling|break_apn_mms_setting|break_app_both_permissions|data_mode_off|data_usage_exceeded|unseat_sim_card|user_abroad_roaming_disabled_on[PERSONA:Hard]
risky_ps_direct_cost,47,4,target_post_switch,target_favoring,True,repair_subset,repair_subset,False,False,False,False,17.0,13.0,4.71741,2.0,0.0714,21.78881,12.0,subset_mismatch_base_plus_linear;local_clear_failure_floor_10;local_clear_and_aux_failure_floor_12,False,True,True,deep/fast/deep/deep/deep,fast/deep/deep/deep/deep,mostly_deep_vs_mostly_deep_required,both_mismatch_types,False,1,1,3,13,[mms_issue]airplane_mode_on|bad_network_preference|bad_wifi_calling|break_apn_mms_setting|break_app_sms_permission|data_mode_off|data_usage_exceeded|unseat_sim_card|user_abroad_roaming_disabled_on[PERSONA:None]
risky_ps_direct_cost,48,4,target_post_switch,target_favoring,True,repair_subset,transfer,False,False,False,False,24.5,20.5,5.29585,0.0,0.0741,29.869950000000003,18.0,subset_mismatch_base_plus_linear;local_clear_failure_floor_10;local_clear_and_aux_failure_floor_12;invalid_local_transfer_floor_18,False,True,True,fast/deep/deep/deep/deep,fast/deep/deep/deep/deep,mostly_deep_vs_mostly_deep_required,all_stage_modes_match,True,0,0,5,15,[mms_issue]airplane_mode_on|bad_network_preference|bad_wifi_calling|break_apn_mms_setting|break_app_both_permissions|data_mode_off|data_usage_exceeded|unseat_sim_card|user_abroad_roaming_enabled_off[PERSONA:Hard]
risky_ps_direct_cost,49,4,target_post_switch,target_favoring,True,repair_all,repair_all,True,True,True,True,0.0,0.0,4.89501,2.0,0.0679,4.96291,,,False,True,True,deep/fast/deep/deep/deep,fast/deep/deep/deep/deep,mostly_deep_vs_mostly_deep_required,both_mismatch_types,False,1,1,3,13,[mms_issue]airplane_mode_on|bad_network_preference|bad_wifi_calling|break_apn_mms_setting|break_app_sms_permission|data_mode_off|unseat_sim_card|user_abroad_roaming_enabled_off[PERSONA:None]
risky_ps_direct_cost,50,5,target_post_switch,target_favoring,False,repair_all,repair_all,True,True,True,True,0.0,0.0,3.74958,2.0,0.0714,3.82098,,,False,True,True,deep/fast/deep/deep/deep,fast/deep/deep/deep/deep,mostly_deep_vs_mostly_deep_required,both_mismatch_types,False,1,1,3,12,[mms_issue]bad_wifi_calling|break_apn_mms_setting|break_app_storage_permission|unseat_sim_card[PERSONA:Easy]
risky_ps_direct_cost,51,5,target_post_switch,target_favoring,False,repair_all,repair_all,True,True,True,True,0.0,0.0,3.45224,1.5,0.0594,3.5116400000000003,,,False,True,True,fast/fast/deep/deep/deep,fast/deep/deep/deep/deep,mostly_deep_vs_mostly_deep_required,fast_on_deep_required,False,1,0,4,11,[mms_issue]bad_wifi_calling|break_apn_mms_setting|break_app_sms_permission|unseat_sim_card[PERSONA:None]
risky_ps_direct_cost,52,5,target_post_switch,target_favoring,False,repair_all,transfer,False,False,True,False,18.0,10.5,3.479525,3.0,0.0678,21.547324999999997,18.0,subset_mismatch_base_plus_linear;local_clear_failure_floor_10;fast_path_on_deep_required_clear_failure_floor_14;invalid_local_transfer_floor_18,False,True,True,fast/fast/fast/deep/deep,fast/deep/deep/deep/deep,mostly_fast_vs_mostly_deep_required,fast_on_deep_required,False,2,0,3,10,[mms_issue]bad_wifi_calling|break_apn_mms_setting|break_app_sms_permission|user_abroad_roaming_enabled_off[PERSONA:Easy]
risky_ps_direct_cost,53,5,target_post_switch,target_favoring,False,repair_all,repair_all,True,True,True,True,0.0,0.0,3.66353,1.5,0.0704,3.73393,,,False,True,True,fast/deep/fast/deep/deep,fast/deep/deep/deep/deep,mostly_deep_vs_mostly_deep_required,fast_on_deep_required,False,1,0,4,12,[mms_issue]airplane_mode_on|bad_wifi_calling|break_apn_mms_setting|break_app_storage_permission|user_abroad_roaming_enabled_off[PERSONA:None]
risky_ps_direct_cost,54,5,target_post_switch,target_favoring,False,repair_all,repair_all,True,True,True,True,0.0,0.0,3.69397,0.0,0.072,3.7659700000000003,,,False,True,True,fast/deep/deep/deep/deep,fast/deep/deep/deep/deep,mostly_deep_vs_mostly_deep_required,all_stage_modes_match,True,0,0,5,13,[mms_issue]bad_wifi_calling|break_apn_mms_setting|break_app_storage_permission|data_mode_off|unseat_sim_card[PERSONA:None]
risky_ps_direct_cost,55,5,target_post_switch,target_favoring,False,repair_all,transfer,False,False,True,False,18.5,14.5,4.543865,1.5,0.06780000000000001,23.111665,18.0,subset_mismatch_base_plus_linear;local_clear_failure_floor_10;invalid_local_transfer_floor_18,False,True,True,fast/deep/deep/deep/fast,fast/deep/deep/deep/deep,mostly_deep_vs_mostly_deep_required,fast_on_deep_required,False,1,0,4,12,[mms_issue]airplane_mode_on|bad_network_preference|bad_wifi_calling|break_apn_mms_setting|break_app_storage_permission|unseat_sim_card[PERSONA:Easy]
risky_ps_direct_cost,56,5,target_post_switch,target_favoring,True,repair_subset,transfer,False,False,False,False,22.5,18.5,4.86555,0.5,0.0772,27.44275,18.0,subset_mismatch_base_plus_linear;local_clear_failure_floor_10;local_clear_and_aux_failure_floor_12;invalid_local_transfer_floor_18,False,True,True,deep/deep/deep/deep/deep,fast/deep/deep/deep/deep,mostly_deep_vs_mostly_deep_required,deep_on_fast_required,False,0,1,4,15,[mms_issue]airplane_mode_on|bad_network_preference|bad_wifi_calling|break_apn_mms_setting|break_app_both_permissions|data_mode_off|data_usage_exceeded|unseat_sim_card|user_abroad_roaming_disabled_on[PERSONA:Hard]
risky_ps_direct_cost,57,5,target_post_switch,target_favoring,True,repair_subset,repair_subset,False,False,False,False,18.0,14.0,4.220885,3.0,0.0659,22.286785,14.0,subset_mismatch_base_plus_linear;local_clear_failure_floor_10;local_clear_and_aux_failure_floor_12;fast_path_on_deep_required_clear_failure_floor_14,False,True,True,fast/deep/fast/fast/deep,fast/deep/deep/deep/deep,mostly_fast_vs_mostly_deep_required,fast_on_deep_required,False,2,0,3,11,[mms_issue]airplane_mode_on|bad_network_preference|bad_wifi_calling|break_apn_mms_setting|break_app_sms_permission|data_mode_off|data_usage_exceeded|unseat_sim_card|user_abroad_roaming_disabled_on[PERSONA:None]
risky_ps_direct_cost,58,5,target_post_switch,target_favoring,True,repair_subset,repair_subset,False,False,False,False,12.0,4.0,4.253955,1.5,0.0699,16.323855000000002,12.0,subset_mismatch_base_plus_linear;local_clear_failure_floor_10;local_clear_and_aux_failure_floor_12,False,True,True,fast/deep/fast/deep/deep,fast/deep/deep/deep/deep,mostly_deep_vs_mostly_deep_required,fast_on_deep_required,False,1,0,4,12,[mms_issue]airplane_mode_on|bad_network_preference|bad_wifi_calling|break_apn_mms_setting|break_app_both_permissions|data_mode_off|data_usage_exceeded|unseat_sim_card|user_abroad_roaming_enabled_off[PERSONA:Hard]
risky_ps_direct_cost,59,5,target_post_switch,target_favoring,True,repair_all,repair_subset,False,False,False,False,14.0,5.0,6.07199,5.0,0.0611,20.13309,14.0,subset_mismatch_base_plus_linear;local_clear_failure_floor_10;local_clear_and_aux_failure_floor_12;fast_path_on_deep_required_clear_failure_floor_14,False,True,True,deep/fast/fast/fast/deep,fast/deep/deep/deep/deep,mostly_fast_vs_mostly_deep_required,both_mismatch_types,False,3,1,1,12,[mms_issue]airplane_mode_on|bad_network_preference|bad_wifi_calling|break_apn_mms_setting|break_app_sms_permission|data_mode_off|unseat_sim_card|user_abroad_roaming_enabled_off[PERSONA:None]
risky_ps_direct_cost,60,6,target_post_switch,target_favoring,False,repair_all,repair_all,True,True,True,True,0.0,0.0,4.359195,3.0,0.061200000000000004,4.420395,,,False,True,True,fast/fast/deep/deep/fast,fast/deep/deep/deep/deep,mostly_fast_vs_mostly_deep_required,fast_on_deep_required,False,2,0,3,11,[mms_issue]bad_wifi_calling|break_apn_mms_setting|break_app_storage_permission|unseat_sim_card[PERSONA:Easy]
risky_ps_direct_cost,61,6,target_post_switch,target_favoring,False,repair_all,repair_all,True,True,True,True,0.0,0.0,3.93366,1.5,0.0671,4.0007600000000005,,,False,True,True,fast/deep/deep/fast/deep,fast/deep/deep/deep/deep,mostly_deep_vs_mostly_deep_required,fast_on_deep_required,False,1,0,4,11,[mms_issue]bad_wifi_calling|break_apn_mms_setting|break_app_sms_permission|unseat_sim_card[PERSONA:None]
risky_ps_direct_cost,62,6,target_post_switch,target_favoring,False,repair_all,repair_all,True,True,True,True,0.0,0.0,4.669895,3.5,0.06770000000000001,4.737595000000001,,,False,True,True,deep/fast/fast/deep/deep,fast/deep/deep/deep/deep,mostly_deep_vs_mostly_deep_required,both_mismatch_types,False,2,1,2,13,[mms_issue]bad_wifi_calling|break_apn_mms_setting|break_app_sms_permission|user_abroad_roaming_enabled_off[PERSONA:Easy]
risky_ps_direct_cost,63,6,target_post_switch,target_favoring,False,repair_all,repair_subset,False,False,True,False,10.0,5.0,4.62069,0.5,0.07600000000000001,14.69669,10.0,subset_mismatch_base_plus_linear;local_clear_failure_floor_10,False,True,True,deep/deep/deep/deep/deep,fast/deep/deep/deep/deep,mostly_deep_vs_mostly_deep_required,deep_on_fast_required,False,0,1,4,15,[mms_issue]airplane_mode_on|bad_wifi_calling|break_apn_mms_setting|break_app_storage_permission|user_abroad_roaming_enabled_off[PERSONA:None]
risky_ps_direct_cost,64,6,target_post_switch,target_favoring,False,repair_all,repair_all,True,True,True,True,0.0,0.0,4.30753,2.0,0.0695,4.3770299999999995,,,False,True,True,deep/fast/deep/deep/deep,fast/deep/deep/deep/deep,mostly_deep_vs_mostly_deep_required,both_mismatch_types,False,1,1,3,13,[mms_issue]bad_wifi_calling|break_apn_mms_setting|break_app_storage_permission|data_mode_off|unseat_sim_card[PERSONA:None]
risky_ps_direct_cost,65,6,target_post_switch,target_favoring,False,repair_all,repair_subset,False,False,True,False,14.0,5.0,4.21995,3.0,0.06480000000000001,18.28475,14.0,subset_mismatch_base_plus_linear;local_clear_failure_floor_10;fast_path_on_deep_required_clear_failure_floor_14,False,True,True,fast/fast/fast/deep/deep,fast/deep/deep/deep/deep,mostly_fast_vs_mostly_deep_required,fast_on_deep_required,False,2,0,3,11,[mms_issue]airplane_mode_on|bad_network_preference|bad_wifi_calling|break_apn_mms_setting|break_app_storage_permission|unseat_sim_card[PERSONA:Easy]
risky_ps_direct_cost,66,6,target_post_switch,target_favoring,True,repair_subset,transfer,False,False,False,False,22.5,18.5,4.86919,0.5,0.07600000000000001,27.44519,18.0,subset_mismatch_base_plus_linear;local_clear_failure_floor_10;local_clear_and_aux_failure_floor_12;invalid_local_transfer_floor_18,False,True,True,deep/deep/deep/deep/deep,fast/deep/deep/deep/deep,mostly_deep_vs_mostly_deep_required,deep_on_fast_required,False,0,1,4,15,[mms_issue]airplane_mode_on|bad_network_preference|bad_wifi_calling|break_apn_mms_setting|break_app_both_permissions|data_mode_off|data_usage_exceeded|unseat_sim_card|user_abroad_roaming_disabled_on[PERSONA:Hard]
risky_ps_direct_cost,67,6,target_post_switch,target_favoring,True,repair_subset,repair_subset,False,False,False,False,12.0,3.0,4.59666,2.0,0.06910000000000001,16.66576,12.0,subset_mismatch_base_plus_linear;local_clear_failure_floor_10;local_clear_and_aux_failure_floor_12,False,True,True,deep/fast/deep/deep/deep,fast/deep/deep/deep/deep,mostly_deep_vs_mostly_deep_required,both_mismatch_types,False,1,1,3,13,[mms_issue]airplane_mode_on|bad_network_preference|bad_wifi_calling|break_apn_mms_setting|break_app_sms_permission|data_mode_off|data_usage_exceeded|unseat_sim_card|user_abroad_roaming_disabled_on[PERSONA:None]
risky_ps_direct_cost,68,6,target_post_switch,target_favoring,True,repair_subset,repair_subset,False,False,False,False,17.0,13.0,5.789715,3.5,0.0671,22.856815,12.0,subset_mismatch_base_plus_linear;local_clear_failure_floor_10;local_clear_and_aux_failure_floor_12,False,True,True,deep/fast/fast/deep/deep,fast/deep/deep/deep/deep,mostly_deep_vs_mostly_deep_required,both_mismatch_types,False,2,1,2,14,[mms_issue]airplane_mode_on|bad_network_preference|bad_wifi_calling|break_apn_mms_setting|break_app_both_permissions|data_mode_off|data_usage_exceeded|unseat_sim_card|user_abroad_roaming_enabled_off[PERSONA:Hard]
risky_ps_direct_cost,69,6,target_post_switch,target_favoring,True,repair_all,repair_all,True,True,True,True,0.0,0.0,4.95053,0.5,0.0753,5.02583,,,False,True,True,deep/deep/deep/deep/deep,fast/deep/deep/deep/deep,mostly_deep_vs_mostly_deep_required,deep_on_fast_required,False,0,1,4,15,[mms_issue]airplane_mode_on|bad_network_preference|bad_wifi_calling|break_apn_mms_setting|break_app_sms_permission|data_mode_off|unseat_sim_card|user_abroad_roaming_enabled_off[PERSONA:None]
risky_ps_direct_cost,70,7,target_post_switch,target_favoring,False,repair_all,repair_subset,False,False,True,False,10.0,5.0,3.48594,1.5,0.0682,13.554139999999999,10.0,subset_mismatch_base_plus_linear;local_clear_failure_floor_10,False,True,True,fast/fast/deep/deep/deep,fast/deep/deep/deep/deep,mostly_deep_vs_mostly_deep_required,fast_on_deep_required,False,1,0,4,11,[mms_issue]bad_wifi_calling|break_apn_mms_setting|break_app_storage_permission|unseat_sim_card[PERSONA:Easy]
risky_ps_direct_cost,71,7,target_post_switch,target_favoring,False,repair_all,repair_all,True,True,True,True,0.0,0.0,3.73827,2.0,0.0695,3.80777,,,False,True,True,deep/fast/deep/deep/deep,fast/deep/deep/deep/deep,mostly_deep_vs_mostly_deep_required,both_mismatch_types,False,1,1,3,12,[mms_issue]bad_wifi_calling|break_apn_mms_setting|break_app_sms_permission|unseat_sim_card[PERSONA:None]
risky_ps_direct_cost,72,7,target_post_switch,target_favoring,False,repair_all,repair_all,True,True,True,True,0.0,0.0,4.23853,2.0,0.0684,4.3069299999999995,,,False,True,True,deep/fast/deep/deep/deep,fast/deep/deep/deep/deep,mostly_deep_vs_mostly_deep_required,both_mismatch_types,False,1,1,3,13,[mms_issue]bad_wifi_calling|break_apn_mms_setting|break_app_sms_permission|user_abroad_roaming_enabled_off[PERSONA:Easy]
risky_ps_direct_cost,73,7,target_post_switch,target_favoring,False,repair_all,repair_subset,False,False,False,False,14.0,5.0,5.37811,4.5,0.062,19.44011,14.0,subset_mismatch_base_plus_linear;local_clear_failure_floor_10;local_clear_and_aux_failure_floor_12;fast_path_on_deep_required_clear_failure_floor_14,False,True,True,fast/fast/deep/fast/fast,fast/deep/deep/deep/deep,mostly_fast_vs_mostly_deep_required,fast_on_deep_required,False,3,0,2,11,[mms_issue]airplane_mode_on|bad_wifi_calling|break_apn_mms_setting|break_app_storage_permission|user_abroad_roaming_enabled_off[PERSONA:None]
risky_ps_direct_cost,74,7,target_post_switch,target_favoring,False,repair_all,repair_all,True,True,True,True,0.0,0.0,3.92484,2.0,0.0695,3.9943400000000002,,,False,True,True,deep/fast/deep/deep/deep,fast/deep/deep/deep/deep,mostly_deep_vs_mostly_deep_required,both_mismatch_types,False,1,1,3,12,[mms_issue]bad_wifi_calling|break_apn_mms_setting|break_app_storage_permission|data_mode_off|unseat_sim_card[PERSONA:None]
risky_ps_direct_cost,75,7,target_post_switch,target_favoring,False,repair_all,transfer,False,False,True,False,18.5,14.5,4.80537,2.0,0.0684,23.37377,18.0,subset_mismatch_base_plus_linear;local_clear_failure_floor_10;invalid_local_transfer_floor_18,False,True,True,deep/fast/deep/deep/deep,fast/deep/deep/deep/deep,mostly_deep_vs_mostly_deep_required,both_mismatch_types,False,1,1,3,14,[mms_issue]airplane_mode_on|bad_network_preference|bad_wifi_calling|break_apn_mms_setting|break_app_storage_permission|unseat_sim_card[PERSONA:Easy]
risky_ps_direct_cost,76,7,target_post_switch,target_favoring,True,repair_subset,repair_subset,True,True,False,False,6.0,2.0,3.75704,0.0,0.07750000000000001,9.83454,6.0,clear_but_aux_failure_floor_6,False,True,True,fast/deep/deep/deep/deep,fast/deep/deep/deep/deep,mostly_deep_vs_mostly_deep_required,all_stage_modes_match,True,0,0,5,12,[mms_issue]airplane_mode_on|bad_network_preference|bad_wifi_calling|break_apn_mms_setting|break_app_both_permissions|data_mode_off|data_usage_exceeded|unseat_sim_card|user_abroad_roaming_disabled_on[PERSONA:Hard]
risky_ps_direct_cost,77,7,target_post_switch,target_favoring,True,repair_subset,transfer,False,False,False,False,23.5,19.5,3.91433,1.5,0.0746,27.48893,18.0,subset_mismatch_base_plus_linear;local_clear_failure_floor_10;local_clear_and_aux_failure_floor_12;invalid_local_transfer_floor_18,False,True,True,fast/fast/deep/deep/deep,fast/deep/deep/deep/deep,mostly_deep_vs_mostly_deep_required,fast_on_deep_required,False,1,0,4,11,[mms_issue]airplane_mode_on|bad_network_preference|bad_wifi_calling|break_apn_mms_setting|break_app_sms_permission|data_mode_off|data_usage_exceeded|unseat_sim_card|user_abroad_roaming_disabled_on[PERSONA:None]
risky_ps_direct_cost,78,7,target_post_switch,target_favoring,True,repair_subset,repair_subset,False,False,False,False,17.0,13.0,4.52892,1.5,0.0699,21.59882,12.0,subset_mismatch_base_plus_linear;local_clear_failure_floor_10;local_clear_and_aux_failure_floor_12,False,True,True,fast/fast/deep/deep/deep,fast/deep/deep/deep/deep,mostly_deep_vs_mostly_deep_required,fast_on_deep_required,False,1,0,4,12,[mms_issue]airplane_mode_on|bad_network_preference|bad_wifi_calling|break_apn_mms_setting|break_app_both_permissions|data_mode_off|data_usage_exceeded|unseat_sim_card|user_abroad_roaming_enabled_off[PERSONA:Hard]
risky_ps_direct_cost,79,7,target_post_switch,target_favoring,True,repair_all,repair_subset,False,False,True,False,15.0,11.0,4.43737,0.0,0.07750000000000001,19.514870000000002,10.0,subset_mismatch_base_plus_linear;local_clear_failure_floor_10,False,True,True,fast/deep/deep/deep/deep,fast/deep/deep/deep/deep,mostly_deep_vs_mostly_deep_required,all_stage_modes_match,True,0,0,5,14,[mms_issue]airplane_mode_on|bad_network_preference|bad_wifi_calling|break_apn_mms_setting|break_app_sms_permission|data_mode_off|unseat_sim_card|user_abroad_roaming_enabled_off[PERSONA:None]
risky_ps_direct_cost,80,8,target_post_switch,target_favoring,False,repair_all,repair_all,True,True,True,True,0.0,0.0,4.21242,2.0,0.0721,4.28452,,,False,True,True,deep/fast/deep/deep/deep,fast/deep/deep/deep/deep,mostly_deep_vs_mostly_deep_required,both_mismatch_types,False,1,1,3,13,[mms_issue]bad_wifi_calling|break_apn_mms_setting|break_app_storage_permission|unseat_sim_card[PERSONA:Easy]
risky_ps_direct_cost,81,8,target_post_switch,target_favoring,False,repair_all,repair_all,True,True,True,True,0.0,0.0,4.2142,2.0,0.06520000000000001,4.2794,,,False,True,True,deep/fast/deep/deep/deep,fast/deep/deep/deep/deep,mostly_deep_vs_mostly_deep_required,both_mismatch_types,False,1,1,3,13,[mms_issue]bad_wifi_calling|break_apn_mms_setting|break_app_sms_permission|unseat_sim_card[PERSONA:None]
risky_ps_direct_cost,82,8,target_post_switch,target_favoring,False,repair_all,repair_all,True,True,True,True,0.0,0.0,3.83315,0.5,0.0772,3.9103499999999998,,,False,True,True,deep/deep/deep/deep/deep,fast/deep/deep/deep/deep,mostly_deep_vs_mostly_deep_required,deep_on_fast_required,False,0,1,4,14,[mms_issue]bad_wifi_calling|break_apn_mms_setting|break_app_sms_permission|user_abroad_roaming_enabled_off[PERSONA:Easy]
risky_ps_direct_cost,83,8,target_post_switch,target_favoring,False,repair_all,repair_all,True,True,True,True,0.0,0.0,4.63377,2.0,0.0684,4.70217,,,False,True,True,deep/fast/deep/deep/deep,fast/deep/deep/deep/deep,mostly_deep_vs_mostly_deep_required,both_mismatch_types,False,1,1,3,14,[mms_issue]airplane_mode_on|bad_wifi_calling|break_apn_mms_setting|break_app_storage_permission|user_abroad_roaming_enabled_off[PERSONA:None]
risky_ps_direct_cost,84,8,target_post_switch,target_favoring,False,repair_all,repair_all,True,True,True,True,0.0,0.0,4.84523,3.5,0.0711,4.91633,,,False,True,True,deep/fast/fast/deep/deep,fast/deep/deep/deep/deep,mostly_deep_vs_mostly_deep_required,both_mismatch_types,False,2,1,2,13,[mms_issue]bad_wifi_calling|break_apn_mms_setting|break_app_storage_permission|data_mode_off|unseat_sim_card[PERSONA:None]
risky_ps_direct_cost,85,8,target_post_switch,target_favoring,False,repair_all,transfer,False,False,True,False,18.5,14.5,4.04537,0.0,0.07750000000000001,22.62287,18.0,subset_mismatch_base_plus_linear;local_clear_failure_floor_10;invalid_local_transfer_floor_18,False,True,True,fast/deep/deep/deep/deep,fast/deep/deep/deep/deep,mostly_deep_vs_mostly_deep_required,all_stage_modes_match,True,0,0,5,13,[mms_issue]airplane_mode_on|bad_network_preference|bad_wifi_calling|break_apn_mms_setting|break_app_storage_permission|unseat_sim_card[PERSONA:Easy]
risky_ps_direct_cost,86,8,target_post_switch,target_favoring,True,repair_subset,repair_subset,False,False,False,False,14.0,3.0,6.077275,5.0,0.0608,20.138075,14.0,subset_mismatch_base_plus_linear;local_clear_failure_floor_10;local_clear_and_aux_failure_floor_12;fast_path_on_deep_required_clear_failure_floor_14,False,True,True,deep/fast/fast/deep/fast,fast/deep/deep/deep/deep,mostly_fast_vs_mostly_deep_required,both_mismatch_types,False,3,1,1,12,[mms_issue]airplane_mode_on|bad_network_preference|bad_wifi_calling|break_apn_mms_setting|break_app_both_permissions|data_mode_off|data_usage_exceeded|unseat_sim_card|user_abroad_roaming_disabled_on[PERSONA:Hard]
risky_ps_direct_cost,87,8,target_post_switch,target_favoring,True,repair_subset,transfer,False,False,False,False,22.5,18.5,4.82178,0.5,0.07600000000000001,27.39778,18.0,subset_mismatch_base_plus_linear;local_clear_failure_floor_10;local_clear_and_aux_failure_floor_12;invalid_local_transfer_floor_18,False,True,True,deep/deep/deep/deep/deep,fast/deep/deep/deep/deep,mostly_deep_vs_mostly_deep_required,deep_on_fast_required,False,0,1,4,15,[mms_issue]airplane_mode_on|bad_network_preference|bad_wifi_calling|break_apn_mms_setting|break_app_sms_permission|data_mode_off|data_usage_exceeded|unseat_sim_card|user_abroad_roaming_disabled_on[PERSONA:None]
risky_ps_direct_cost,88,8,target_post_switch,target_favoring,True,repair_subset,repair_subset,True,True,False,False,6.0,2.0,4.5166,0.5,0.0748,10.5914,6.0,clear_but_aux_failure_floor_6,False,True,True,deep/deep/deep/deep/deep,fast/deep/deep/deep/deep,mostly_deep_vs_mostly_deep_required,deep_on_fast_required,False,0,1,4,14,[mms_issue]airplane_mode_on|bad_network_preference|bad_wifi_calling|break_apn_mms_setting|break_app_both_permissions|data_mode_off|data_usage_exceeded|unseat_sim_card|user_abroad_roaming_enabled_off[PERSONA:Hard]
risky_ps_direct_cost,89,8,target_post_switch,target_favoring,True,repair_all,repair_all,True,True,True,True,0.0,0.0,3.57055,1.5,0.0718,3.64235,,,False,True,True,fast/fast/deep/deep/deep,fast/deep/deep/deep/deep,mostly_deep_vs_mostly_deep_required,fast_on_deep_required,False,1,0,4,10,[mms_issue]airplane_mode_on|bad_network_preference|bad_wifi_calling|break_apn_mms_setting|break_app_sms_permission|data_mode_off|unseat_sim_card|user_abroad_roaming_enabled_off[PERSONA:None]
risky_ps_direct_cost,90,9,target_post_switch,target_favoring,False,repair_all,repair_all,True,True,True,True,0.0,0.0,3.07111,0.0,0.0777,3.14881,,,False,True,True,fast/deep/deep/deep/deep,fast/deep/deep/deep/deep,mostly_deep_vs_mostly_deep_required,all_stage_modes_match,True,0,0,5,12,[mms_issue]bad_wifi_calling|break_apn_mms_setting|break_app_storage_permission|unseat_sim_card[PERSONA:Easy]
risky_ps_direct_cost,91,9,target_post_switch,target_favoring,False,repair_all,repair_all,True,True,True,True,0.0,0.0,3.86537,1.5,0.07550000000000001,3.94087,,,False,True,True,fast/deep/fast/deep/deep,fast/deep/deep/deep/deep,mostly_deep_vs_mostly_deep_required,fast_on_deep_required,False,1,0,4,12,[mms_issue]bad_wifi_calling|break_apn_mms_setting|break_app_sms_permission|unseat_sim_card[PERSONA:None]
risky_ps_direct_cost,92,9,target_post_switch,target_favoring,False,repair_all,repair_all,True,True,True,True,0.0,0.0,3.50281,1.5,0.06780000000000001,3.5706100000000003,,,False,True,True,fast/fast/deep/deep/deep,fast/deep/deep/deep/deep,mostly_deep_vs_mostly_deep_required,fast_on_deep_required,False,1,0,4,11,[mms_issue]bad_wifi_calling|break_apn_mms_setting|break_app_sms_permission|user_abroad_roaming_enabled_off[PERSONA:Easy]
risky_ps_direct_cost,93,9,target_post_switch,target_favoring,False,repair_all,repair_all,True,True,True,True,0.0,0.0,4.26761,1.5,0.0661,4.33371,,,False,True,True,fast/fast/deep/deep/deep,fast/deep/deep/deep/deep,mostly_deep_vs_mostly_deep_required,fast_on_deep_required,False,1,0,4,13,[mms_issue]airplane_mode_on|bad_wifi_calling|break_apn_mms_setting|break_app_storage_permission|user_abroad_roaming_enabled_off[PERSONA:None]
risky_ps_direct_cost,94,9,target_post_switch,target_favoring,False,repair_all,repair_all,True,True,True,True,0.0,0.0,3.21601,0.0,0.0751,3.2911099999999998,,,False,True,True,fast/deep/deep/deep/deep,fast/deep/deep/deep/deep,mostly_deep_vs_mostly_deep_required,all_stage_modes_match,True,0,0,5,12,[mms_issue]bad_wifi_calling|break_apn_mms_setting|break_app_storage_permission|data_mode_off|unseat_sim_card[PERSONA:None]
risky_ps_direct_cost,95,9,target_post_switch,target_favoring,False,repair_all,repair_all,True,True,True,True,0.0,0.0,4.07695,2.0,0.0721,4.14905,,,False,True,True,deep/fast/deep/deep/deep,fast/deep/deep/deep/deep,mostly_deep_vs_mostly_deep_required,both_mismatch_types,False,1,1,3,12,[mms_issue]airplane_mode_on|bad_network_preference|bad_wifi_calling|break_apn_mms_setting|break_app_storage_permission|unseat_sim_card[PERSONA:Easy]
risky_ps_direct_cost,96,9,target_post_switch,target_favoring,True,repair_subset,repair_subset,True,True,False,False,6.0,2.0,4.20749,0.0,0.0751,10.282589999999999,6.0,clear_but_aux_failure_floor_6,False,True,True,fast/deep/deep/deep/deep,fast/deep/deep/deep/deep,mostly_deep_vs_mostly_deep_required,all_stage_modes_match,True,0,0,5,13,[mms_issue]airplane_mode_on|bad_network_preference|bad_wifi_calling|break_apn_mms_setting|break_app_both_permissions|data_mode_off|data_usage_exceeded|unseat_sim_card|user_abroad_roaming_disabled_on[PERSONA:Hard]
risky_ps_direct_cost,97,9,target_post_switch,target_favoring,True,repair_subset,transfer,False,False,False,False,23.5,19.5,4.64972,2.0,0.0745,28.224220000000003,18.0,subset_mismatch_base_plus_linear;local_clear_failure_floor_10;local_clear_and_aux_failure_floor_12;invalid_local_transfer_floor_18,False,True,True,deep/fast/deep/deep/deep,fast/deep/deep/deep/deep,mostly_deep_vs_mostly_deep_required,both_mismatch_types,False,1,1,3,13,[mms_issue]airplane_mode_on|bad_network_preference|bad_wifi_calling|break_apn_mms_setting|break_app_sms_permission|data_mode_off|data_usage_exceeded|unseat_sim_card|user_abroad_roaming_disabled_on[PERSONA:None]
risky_ps_direct_cost,98,9,target_post_switch,target_favoring,True,repair_subset,repair_subset,False,False,False,False,12.0,4.0,5.466845,1.5,0.07780000000000001,17.544645,12.0,subset_mismatch_base_plus_linear;local_clear_failure_floor_10;local_clear_and_aux_failure_floor_12,False,True,True,fast/deep/deep/fast/deep,fast/deep/deep/deep/deep,mostly_deep_vs_mostly_deep_required,fast_on_deep_required,False,1,0,4,13,[mms_issue]airplane_mode_on|bad_network_preference|bad_wifi_calling|break_apn_mms_setting|break_app_both_permissions|data_mode_off|data_usage_exceeded|unseat_sim_card|user_abroad_roaming_enabled_off[PERSONA:Hard]
risky_ps_direct_cost,99,9,target_post_switch,target_favoring,True,repair_all,repair_all,True,True,True,True,0.0,0.0,4.14225,0.0,0.07780000000000001,4.22005,,,False,True,True,fast/deep/deep/deep/deep,fast/deep/deep/deep/deep,mostly_deep_vs_mostly_deep_required,all_stage_modes_match,True,0,0,5,13,[mms_issue]airplane_mode_on|bad_network_preference|bad_wifi_calling|break_apn_mms_setting|break_app_sms_permission|data_mode_off|unseat_sim_card|user_abroad_roaming_enabled_off[PERSONA:None]
