method,snapshot_episode_index,snapshot_episode_1based,prefix_depth,prefix,parent_id,rank,child_id,child_prefix,prob,child_count,distribution_kind,freeze_mode
risky_ps_linear,25,26,0,[],ROOT,1,stage1_n1__from__root__c01,['stage1_n1__from__root__c01'],0.2647119846399984,5,ps_risky_marginal_mixture,full_tree_child_marginal_at_switch
risky_ps_linear,25,26,0,[],ROOT,2,stage1_n2__from__root__c02,['stage1_n2__from__root__c02'],0.11518272847723598,5,ps_risky_marginal_mixture,full_tree_child_marginal_at_switch
risky_ps_linear,25,26,0,[],ROOT,3,stage1_n3__from__root__c03,['stage1_n3__from__root__c03'],0.0786511065108711,5,ps_risky_marginal_mixture,full_tree_child_marginal_at_switch
risky_ps_linear,25,26,0,[],ROOT,4,stage1_n4__from__root__c04,['stage1_n4__from__root__c04'],0.2522679082554875,5,ps_risky_marginal_mixture,full_tree_child_marginal_at_switch
risky_ps_linear,25,26,0,[],ROOT,5,stage1_n5__from__root__c05,['stage1_n5__from__root__c05'],0.28918627211640696,5,ps_risky_marginal_mixture,full_tree_child_marginal_at_switch
risky_ps_linear,25,26,1,['stage1_n1__from__root__c01'],stage1_n1__from__root__c01,1,stage2_n1__from__n0001__c01,"['stage1_n1__from__root__c01', 'stage2_n1__from__n0001__c01']",0.053470246989224174,3,ps_risky_marginal_mixture,full_tree_child_marginal_at_switch
risky_ps_linear,25,26,1,['stage1_n1__from__root__c01'],stage1_n1__from__root__c01,2,stage2_n2__from__n0001__c02,"['stage1_n1__from__root__c01', 'stage2_n2__from__n0001__c02']",0.39820348054198623,3,ps_risky_marginal_mixture,full_tree_child_marginal_at_switch
risky_ps_linear,25,26,1,['stage1_n1__from__root__c01'],stage1_n1__from__root__c01,3,stage2_n3__from__n0001__c03,"['stage1_n1__from__root__c01', 'stage2_n3__from__n0001__c03']",0.5483262724687896,3,ps_risky_marginal_mixture,full_tree_child_marginal_at_switch
risky_ps_linear,25,26,1,['stage1_n2__from__root__c02'],stage1_n2__from__root__c02,1,stage2_n1__from__n0002__c01,"['stage1_n2__from__root__c02', 'stage2_n1__from__n0002__c01']",0.7618194250754989,3,ps_risky_marginal_mixture,full_tree_child_marginal_at_switch
risky_ps_linear,25,26,1,['stage1_n2__from__root__c02'],stage1_n2__from__root__c02,2,stage2_n2__from__n0002__c02,"['stage1_n2__from__root__c02', 'stage2_n2__from__n0002__c02']",0.22718999357922096,3,ps_risky_marginal_mixture,full_tree_child_marginal_at_switch
risky_ps_linear,25,26,1,['stage1_n2__from__root__c02'],stage1_n2__from__root__c02,3,stage2_n3__from__n0002__c03,"['stage1_n2__from__root__c02', 'stage2_n3__from__n0002__c03']",0.010990581345280102,3,ps_risky_marginal_mixture,full_tree_child_marginal_at_switch
risky_ps_linear,25,26,1,['stage1_n3__from__root__c03'],stage1_n3__from__root__c03,1,stage2_n1__from__n0003__c01,"['stage1_n3__from__root__c03', 'stage2_n1__from__n0003__c01']",0.3533504663763929,3,ps_risky_marginal_mixture,full_tree_child_marginal_at_switch
risky_ps_linear,25,26,1,['stage1_n3__from__root__c03'],stage1_n3__from__root__c03,2,stage2_n2__from__n0003__c02,"['stage1_n3__from__root__c03', 'stage2_n2__from__n0003__c02']",0.2926915080713844,3,ps_risky_marginal_mixture,full_tree_child_marginal_at_switch
risky_ps_linear,25,26,1,['stage1_n3__from__root__c03'],stage1_n3__from__root__c03,3,stage2_n3__from__n0003__c03,"['stage1_n3__from__root__c03', 'stage2_n3__from__n0003__c03']",0.3539580255522227,3,ps_risky_marginal_mixture,full_tree_child_marginal_at_switch
risky_ps_linear,25,26,1,['stage1_n4__from__root__c04'],stage1_n4__from__root__c04,1,stage2_n1__from__n0004__c01,"['stage1_n4__from__root__c04', 'stage2_n1__from__n0004__c01']",0.183709481799288,5,ps_risky_marginal_mixture,full_tree_child_marginal_at_switch
risky_ps_linear,25,26,1,['stage1_n4__from__root__c04'],stage1_n4__from__root__c04,2,stage2_n2__from__n0004__c02,"['stage1_n4__from__root__c04', 'stage2_n2__from__n0004__c02']",0.09957163522025826,5,ps_risky_marginal_mixture,full_tree_child_marginal_at_switch
risky_ps_linear,25,26,1,['stage1_n4__from__root__c04'],stage1_n4__from__root__c04,3,stage2_n3__from__n0004__c03,"['stage1_n4__from__root__c04', 'stage2_n3__from__n0004__c03']",0.12022139613442924,5,ps_risky_marginal_mixture,full_tree_child_marginal_at_switch
risky_ps_linear,25,26,1,['stage1_n4__from__root__c04'],stage1_n4__from__root__c04,4,stage2_n4__from__n0004__c04,"['stage1_n4__from__root__c04', 'stage2_n4__from__n0004__c04']",0.17310799756783876,5,ps_risky_marginal_mixture,full_tree_child_marginal_at_switch
risky_ps_linear,25,26,1,['stage1_n4__from__root__c04'],stage1_n4__from__root__c04,5,stage2_n5__from__n0004__c05,"['stage1_n4__from__root__c04', 'stage2_n5__from__n0004__c05']",0.4233894892781858,5,ps_risky_marginal_mixture,full_tree_child_marginal_at_switch
risky_ps_linear,25,26,1,['stage1_n5__from__root__c05'],stage1_n5__from__root__c05,1,stage2_n3__from__n0005__c01,"['stage1_n5__from__root__c05', 'stage2_n3__from__n0005__c01']",0.2313030528269027,3,ps_risky_marginal_mixture,full_tree_child_marginal_at_switch
risky_ps_linear,25,26,1,['stage1_n5__from__root__c05'],stage1_n5__from__root__c05,2,stage2_n4__from__n0005__c02,"['stage1_n5__from__root__c05', 'stage2_n4__from__n0005__c02']",0.6924727099052918,3,ps_risky_marginal_mixture,full_tree_child_marginal_at_switch
risky_ps_linear,25,26,1,['stage1_n5__from__root__c05'],stage1_n5__from__root__c05,3,stage2_n5__from__n0005__c03,"['stage1_n5__from__root__c05', 'stage2_n5__from__n0005__c03']",0.07622423726780561,3,ps_risky_marginal_mixture,full_tree_child_marginal_at_switch
risky_ps_linear,25,26,2,"['stage1_n1__from__root__c01', 'stage2_n1__from__n0001__c01']",stage2_n1__from__n0001__c01,1,stage3_n1__from__n0006__c01,"['stage1_n1__from__root__c01', 'stage2_n1__from__n0001__c01', 'stage3_n1__from__n0006__c01']",0.34118998952811613,2,ps_safe_prefix_mass,full_tree_child_marginal_at_switch
risky_ps_linear,25,26,2,"['stage1_n1__from__root__c01', 'stage2_n1__from__n0001__c01']",stage2_n1__from__n0001__c01,2,stage3_n2__from__n0006__c02,"['stage1_n1__from__root__c01', 'stage2_n1__from__n0001__c01', 'stage3_n2__from__n0006__c02']",0.6588100104718839,2,ps_safe_prefix_mass,full_tree_child_marginal_at_switch
risky_ps_linear,25,26,2,"['stage1_n1__from__root__c01', 'stage2_n2__from__n0001__c02']",stage2_n2__from__n0001__c02,1,stage3_n2__from__n0007__c01,"['stage1_n1__from__root__c01', 'stage2_n2__from__n0001__c02', 'stage3_n2__from__n0007__c01']",0.3879893081773861,4,ps_risky_marginal_mixture,full_tree_child_marginal_at_switch
risky_ps_linear,25,26,2,"['stage1_n1__from__root__c01', 'stage2_n2__from__n0001__c02']",stage2_n2__from__n0001__c02,2,stage3_n3__from__n0007__c02,"['stage1_n1__from__root__c01', 'stage2_n2__from__n0001__c02', 'stage3_n3__from__n0007__c02']",0.10963551950043054,4,ps_risky_marginal_mixture,full_tree_child_marginal_at_switch
risky_ps_linear,25,26,2,"['stage1_n1__from__root__c01', 'stage2_n2__from__n0001__c02']",stage2_n2__from__n0001__c02,3,stage3_n4__from__n0007__c03,"['stage1_n1__from__root__c01', 'stage2_n2__from__n0001__c02', 'stage3_n4__from__n0007__c03']",0.3879893081773861,4,ps_risky_marginal_mixture,full_tree_child_marginal_at_switch
risky_ps_linear,25,26,2,"['stage1_n1__from__root__c01', 'stage2_n2__from__n0001__c02']",stage2_n2__from__n0001__c02,4,stage3_n5__from__n0007__c04,"['stage1_n1__from__root__c01', 'stage2_n2__from__n0001__c02', 'stage3_n5__from__n0007__c04']",0.11438586414479729,4,ps_risky_marginal_mixture,full_tree_child_marginal_at_switch
risky_ps_linear,25,26,2,"['stage1_n1__from__root__c01', 'stage2_n3__from__n0001__c03']",stage2_n3__from__n0001__c03,1,stage3_n3__from__n0008__c01,"['stage1_n1__from__root__c01', 'stage2_n3__from__n0001__c03', 'stage3_n3__from__n0008__c01']",0.14149585272898427,3,ps_risky_marginal_mixture,full_tree_child_marginal_at_switch
risky_ps_linear,25,26,2,"['stage1_n1__from__root__c01', 'stage2_n3__from__n0001__c03']",stage2_n3__from__n0001__c03,2,stage3_n4__from__n0008__c02,"['stage1_n1__from__root__c01', 'stage2_n3__from__n0001__c03', 'stage3_n4__from__n0008__c02']",0.4292520736355079,3,ps_risky_marginal_mixture,full_tree_child_marginal_at_switch
risky_ps_linear,25,26,2,"['stage1_n1__from__root__c01', 'stage2_n3__from__n0001__c03']",stage2_n3__from__n0001__c03,3,stage3_n5__from__n0008__c03,"['stage1_n1__from__root__c01', 'stage2_n3__from__n0001__c03', 'stage3_n5__from__n0008__c03']",0.4292520736355079,3,ps_risky_marginal_mixture,full_tree_child_marginal_at_switch
risky_ps_linear,25,26,2,"['stage1_n2__from__root__c02', 'stage2_n1__from__n0002__c01']",stage2_n1__from__n0002__c01,1,stage3_n1__from__n0009__c01,"['stage1_n2__from__root__c02', 'stage2_n1__from__n0002__c01', 'stage3_n1__from__n0009__c01']",0.4492970805441928,2,ps_safe_prefix_mass,full_tree_child_marginal_at_switch
risky_ps_linear,25,26,2,"['stage1_n2__from__root__c02', 'stage2_n1__from__n0002__c01']",stage2_n1__from__n0002__c01,2,stage3_n2__from__n0009__c02,"['stage1_n2__from__root__c02', 'stage2_n1__from__n0002__c01', 'stage3_n2__from__n0009__c02']",0.5507029194558072,2,ps_safe_prefix_mass,full_tree_child_marginal_at_switch
risky_ps_linear,25,26,2,"['stage1_n2__from__root__c02', 'stage2_n2__from__n0002__c02']",stage2_n2__from__n0002__c02,1,stage3_n2__from__n0010__c01,"['stage1_n2__from__root__c02', 'stage2_n2__from__n0002__c02', 'stage3_n2__from__n0010__c01']",0.012962075051007375,4,ps_risky_marginal_mixture,full_tree_child_marginal_at_switch
risky_ps_linear,25,26,2,"['stage1_n2__from__root__c02', 'stage2_n2__from__n0002__c02']",stage2_n2__from__n0002__c02,2,stage3_n3__from__n0010__c02,"['stage1_n2__from__root__c02', 'stage2_n2__from__n0002__c02', 'stage3_n3__from__n0010__c02']",0.4726336470599667,4,ps_risky_marginal_mixture,full_tree_child_marginal_at_switch
risky_ps_linear,25,26,2,"['stage1_n2__from__root__c02', 'stage2_n2__from__n0002__c02']",stage2_n2__from__n0002__c02,3,stage3_n4__from__n0010__c03,"['stage1_n2__from__root__c02', 'stage2_n2__from__n0002__c02', 'stage3_n4__from__n0010__c03']",0.4726336470599667,4,ps_risky_marginal_mixture,full_tree_child_marginal_at_switch
risky_ps_linear,25,26,2,"['stage1_n2__from__root__c02', 'stage2_n2__from__n0002__c02']",stage2_n2__from__n0002__c02,4,stage3_n5__from__n0010__c04,"['stage1_n2__from__root__c02', 'stage2_n2__from__n0002__c02', 'stage3_n5__from__n0010__c04']",0.0417706308290593,4,ps_risky_marginal_mixture,full_tree_child_marginal_at_switch
risky_ps_linear,25,26,2,"['stage1_n2__from__root__c02', 'stage2_n3__from__n0002__c03']",stage2_n3__from__n0002__c03,1,stage3_n3__from__n0011__c01,"['stage1_n2__from__root__c02', 'stage2_n3__from__n0002__c03', 'stage3_n3__from__n0011__c01']",0.05083473256473932,3,ps_risky_marginal_mixture,full_tree_child_marginal_at_switch
risky_ps_linear,25,26,2,"['stage1_n2__from__root__c02', 'stage2_n3__from__n0002__c03']",stage2_n3__from__n0002__c03,2,stage3_n4__from__n0011__c02,"['stage1_n2__from__root__c02', 'stage2_n3__from__n0002__c03', 'stage3_n4__from__n0011__c02']",0.5430302444243423,3,ps_risky_marginal_mixture,full_tree_child_marginal_at_switch
risky_ps_linear,25,26,2,"['stage1_n2__from__root__c02', 'stage2_n3__from__n0002__c03']",stage2_n3__from__n0002__c03,3,stage3_n5__from__n0011__c03,"['stage1_n2__from__root__c02', 'stage2_n3__from__n0002__c03', 'stage3_n5__from__n0011__c03']",0.4061350230109183,3,ps_risky_marginal_mixture,full_tree_child_marginal_at_switch
risky_ps_linear,25,26,2,"['stage1_n3__from__root__c03', 'stage2_n1__from__n0003__c01']",stage2_n1__from__n0003__c01,1,stage3_n1__from__n0012__c01,"['stage1_n3__from__root__c03', 'stage2_n1__from__n0003__c01', 'stage3_n1__from__n0012__c01']",0.6730771786868949,2,ps_safe_prefix_mass,full_tree_child_marginal_at_switch
risky_ps_linear,25,26,2,"['stage1_n3__from__root__c03', 'stage2_n1__from__n0003__c01']",stage2_n1__from__n0003__c01,2,stage3_n2__from__n0012__c02,"['stage1_n3__from__root__c03', 'stage2_n1__from__n0003__c01', 'stage3_n2__from__n0012__c02']",0.32692282131310507,2,ps_safe_prefix_mass,full_tree_child_marginal_at_switch
risky_ps_linear,25,26,2,"['stage1_n3__from__root__c03', 'stage2_n2__from__n0003__c02']",stage2_n2__from__n0003__c02,1,stage3_n2__from__n0013__c01,"['stage1_n3__from__root__c03', 'stage2_n2__from__n0003__c02', 'stage3_n2__from__n0013__c01']",0.4676322854647984,4,ps_risky_marginal_mixture,full_tree_child_marginal_at_switch
risky_ps_linear,25,26,2,"['stage1_n3__from__root__c03', 'stage2_n2__from__n0003__c02']",stage2_n2__from__n0003__c02,2,stage3_n3__from__n0013__c02,"['stage1_n3__from__root__c03', 'stage2_n2__from__n0003__c02', 'stage3_n3__from__n0013__c02']",0.4676322854647984,4,ps_risky_marginal_mixture,full_tree_child_marginal_at_switch
risky_ps_linear,25,26,2,"['stage1_n3__from__root__c03', 'stage2_n2__from__n0003__c02']",stage2_n2__from__n0003__c02,3,stage3_n4__from__n0013__c03,"['stage1_n3__from__root__c03', 'stage2_n2__from__n0003__c02', 'stage3_n4__from__n0013__c03']",0.011245958006288052,4,ps_risky_marginal_mixture,full_tree_child_marginal_at_switch
risky_ps_linear,25,26,2,"['stage1_n3__from__root__c03', 'stage2_n2__from__n0003__c02']",stage2_n2__from__n0003__c02,4,stage3_n5__from__n0013__c04,"['stage1_n3__from__root__c03', 'stage2_n2__from__n0003__c02', 'stage3_n5__from__n0013__c04']",0.05348947106411517,4,ps_risky_marginal_mixture,full_tree_child_marginal_at_switch
risky_ps_linear,25,26,2,"['stage1_n3__from__root__c03', 'stage2_n3__from__n0003__c03']",stage2_n3__from__n0003__c03,1,stage3_n3__from__n0014__c01,"['stage1_n3__from__root__c03', 'stage2_n3__from__n0003__c03', 'stage3_n3__from__n0014__c01']",0.49652531135906824,3,ps_risky_marginal_mixture,full_tree_child_marginal_at_switch
risky_ps_linear,25,26,2,"['stage1_n3__from__root__c03', 'stage2_n3__from__n0003__c03']",stage2_n3__from__n0003__c03,2,stage3_n4__from__n0014__c02,"['stage1_n3__from__root__c03', 'stage2_n3__from__n0003__c03', 'stage3_n4__from__n0014__c02']",0.49652531135906824,3,ps_risky_marginal_mixture,full_tree_child_marginal_at_switch
risky_ps_linear,25,26,2,"['stage1_n3__from__root__c03', 'stage2_n3__from__n0003__c03']",stage2_n3__from__n0003__c03,3,stage3_n5__from__n0014__c03,"['stage1_n3__from__root__c03', 'stage2_n3__from__n0003__c03', 'stage3_n5__from__n0014__c03']",0.0069493772818635426,3,ps_risky_marginal_mixture,full_tree_child_marginal_at_switch
risky_ps_linear,25,26,2,"['stage1_n4__from__root__c04', 'stage2_n1__from__n0004__c01']",stage2_n1__from__n0004__c01,1,stage3_n1__from__n0015__c01,"['stage1_n4__from__root__c04', 'stage2_n1__from__n0004__c01', 'stage3_n1__from__n0015__c01']",0.5815247720005237,2,ps_safe_prefix_mass,full_tree_child_marginal_at_switch
risky_ps_linear,25,26,2,"['stage1_n4__from__root__c04', 'stage2_n1__from__n0004__c01']",stage2_n1__from__n0004__c01,2,stage3_n2__from__n0015__c02,"['stage1_n4__from__root__c04', 'stage2_n1__from__n0004__c01', 'stage3_n2__from__n0015__c02']",0.4184752279994764,2,ps_safe_prefix_mass,full_tree_child_marginal_at_switch
risky_ps_linear,25,26,2,"['stage1_n4__from__root__c04', 'stage2_n2__from__n0004__c02']",stage2_n2__from__n0004__c02,1,stage3_n2__from__n0016__c01,"['stage1_n4__from__root__c04', 'stage2_n2__from__n0004__c02', 'stage3_n2__from__n0016__c01']",0.33218410969348855,4,ps_risky_marginal_mixture,full_tree_child_marginal_at_switch
risky_ps_linear,25,26,2,"['stage1_n4__from__root__c04', 'stage2_n2__from__n0004__c02']",stage2_n2__from__n0004__c02,2,stage3_n3__from__n0016__c02,"['stage1_n4__from__root__c04', 'stage2_n2__from__n0004__c02', 'stage3_n3__from__n0016__c02']",0.0034476709195343535,4,ps_risky_marginal_mixture,full_tree_child_marginal_at_switch
risky_ps_linear,25,26,2,"['stage1_n4__from__root__c04', 'stage2_n2__from__n0004__c02']",stage2_n2__from__n0004__c02,3,stage3_n4__from__n0016__c03,"['stage1_n4__from__root__c04', 'stage2_n2__from__n0004__c02', 'stage3_n4__from__n0016__c03']",0.33218410969348855,4,ps_risky_marginal_mixture,full_tree_child_marginal_at_switch
risky_ps_linear,25,26,2,"['stage1_n4__from__root__c04', 'stage2_n2__from__n0004__c02']",stage2_n2__from__n0004__c02,4,stage3_n5__from__n0016__c04,"['stage1_n4__from__root__c04', 'stage2_n2__from__n0004__c02', 'stage3_n5__from__n0016__c04']",0.33218410969348855,4,ps_risky_marginal_mixture,full_tree_child_marginal_at_switch
risky_ps_linear,25,26,2,"['stage1_n4__from__root__c04', 'stage2_n3__from__n0004__c03']",stage2_n3__from__n0004__c03,1,stage3_n3__from__n0017__c01,"['stage1_n4__from__root__c04', 'stage2_n3__from__n0004__c03', 'stage3_n3__from__n0017__c01']",0.49292773708522986,3,ps_risky_marginal_mixture,full_tree_child_marginal_at_switch
risky_ps_linear,25,26,2,"['stage1_n4__from__root__c04', 'stage2_n3__from__n0004__c03']",stage2_n3__from__n0004__c03,2,stage3_n4__from__n0017__c02,"['stage1_n4__from__root__c04', 'stage2_n3__from__n0004__c03', 'stage3_n4__from__n0017__c02']",0.014144525829540247,3,ps_risky_marginal_mixture,full_tree_child_marginal_at_switch
risky_ps_linear,25,26,2,"['stage1_n4__from__root__c04', 'stage2_n3__from__n0004__c03']",stage2_n3__from__n0004__c03,3,stage3_n5__from__n0017__c03,"['stage1_n4__from__root__c04', 'stage2_n3__from__n0004__c03', 'stage3_n5__from__n0017__c03']",0.49292773708522986,3,ps_risky_marginal_mixture,full_tree_child_marginal_at_switch
risky_ps_linear,25,26,2,"['stage1_n4__from__root__c04', 'stage2_n4__from__n0004__c04']",stage2_n4__from__n0004__c04,1,stage3_n3__from__n0018__c01,"['stage1_n4__from__root__c04', 'stage2_n4__from__n0004__c04', 'stage3_n3__from__n0018__c01']",0.48229959622499363,3,ps_risky_marginal_mixture,full_tree_child_marginal_at_switch
risky_ps_linear,25,26,2,"['stage1_n4__from__root__c04', 'stage2_n4__from__n0004__c04']",stage2_n4__from__n0004__c04,2,stage3_n4__from__n0018__c02,"['stage1_n4__from__root__c04', 'stage2_n4__from__n0004__c04', 'stage3_n4__from__n0018__c02']",0.48229959622499363,3,ps_risky_marginal_mixture,full_tree_child_marginal_at_switch
risky_ps_linear,25,26,2,"['stage1_n4__from__root__c04', 'stage2_n4__from__n0004__c04']",stage2_n4__from__n0004__c04,3,stage3_n5__from__n0018__c03,"['stage1_n4__from__root__c04', 'stage2_n4__from__n0004__c04', 'stage3_n5__from__n0018__c03']",0.035400807550012695,3,ps_risky_marginal_mixture,full_tree_child_marginal_at_switch
risky_ps_linear,25,26,2,"['stage1_n4__from__root__c04', 'stage2_n5__from__n0004__c05']",stage2_n5__from__n0004__c05,1,stage3_n3__from__n0019__c01,"['stage1_n4__from__root__c04', 'stage2_n5__from__n0004__c05', 'stage3_n3__from__n0019__c01']",0.3333333333333333,3,ps_risky_marginal_mixture,full_tree_child_marginal_at_switch
risky_ps_linear,25,26,2,"['stage1_n4__from__root__c04', 'stage2_n5__from__n0004__c05']",stage2_n5__from__n0004__c05,2,stage3_n4__from__n0019__c02,"['stage1_n4__from__root__c04', 'stage2_n5__from__n0004__c05', 'stage3_n4__from__n0019__c02']",0.3333333333333333,3,ps_risky_marginal_mixture,full_tree_child_marginal_at_switch
risky_ps_linear,25,26,2,"['stage1_n4__from__root__c04', 'stage2_n5__from__n0004__c05']",stage2_n5__from__n0004__c05,3,stage3_n5__from__n0019__c03,"['stage1_n4__from__root__c04', 'stage2_n5__from__n0004__c05', 'stage3_n5__from__n0019__c03']",0.3333333333333333,3,ps_risky_marginal_mixture,full_tree_child_marginal_at_switch
risky_ps_linear,25,26,2,"['stage1_n5__from__root__c05', 'stage2_n3__from__n0005__c01']",stage2_n3__from__n0005__c01,1,stage3_n3__from__n0020__c01,"['stage1_n5__from__root__c05', 'stage2_n3__from__n0005__c01', 'stage3_n3__from__n0020__c01']",0.17747646875198972,3,ps_risky_marginal_mixture,full_tree_child_marginal_at_switch
risky_ps_linear,25,26,2,"['stage1_n5__from__root__c05', 'stage2_n3__from__n0005__c01']",stage2_n3__from__n0005__c01,2,stage3_n4__from__n0020__c02,"['stage1_n5__from__root__c05', 'stage2_n3__from__n0005__c01', 'stage3_n4__from__n0020__c02']",0.6709063728411685,3,ps_risky_marginal_mixture,full_tree_child_marginal_at_switch
risky_ps_linear,25,26,2,"['stage1_n5__from__root__c05', 'stage2_n3__from__n0005__c01']",stage2_n3__from__n0005__c01,3,stage3_n5__from__n0020__c03,"['stage1_n5__from__root__c05', 'stage2_n3__from__n0005__c01', 'stage3_n5__from__n0020__c03']",0.15161715840684176,3,ps_risky_marginal_mixture,full_tree_child_marginal_at_switch
risky_ps_linear,25,26,2,"['stage1_n5__from__root__c05', 'stage2_n4__from__n0005__c02']",stage2_n4__from__n0005__c02,1,stage3_n3__from__n0021__c01,"['stage1_n5__from__root__c05', 'stage2_n4__from__n0005__c02', 'stage3_n3__from__n0021__c01']",0.3333333333333333,3,ps_risky_marginal_mixture,full_tree_child_marginal_at_switch
risky_ps_linear,25,26,2,"['stage1_n5__from__root__c05', 'stage2_n4__from__n0005__c02']",stage2_n4__from__n0005__c02,2,stage3_n4__from__n0021__c02,"['stage1_n5__from__root__c05', 'stage2_n4__from__n0005__c02', 'stage3_n4__from__n0021__c02']",0.3333333333333333,3,ps_risky_marginal_mixture,full_tree_child_marginal_at_switch
risky_ps_linear,25,26,2,"['stage1_n5__from__root__c05', 'stage2_n4__from__n0005__c02']",stage2_n4__from__n0005__c02,3,stage3_n5__from__n0021__c03,"['stage1_n5__from__root__c05', 'stage2_n4__from__n0005__c02', 'stage3_n5__from__n0021__c03']",0.3333333333333333,3,ps_risky_marginal_mixture,full_tree_child_marginal_at_switch
risky_ps_linear,25,26,2,"['stage1_n5__from__root__c05', 'stage2_n5__from__n0005__c03']",stage2_n5__from__n0005__c03,1,stage3_n3__from__n0022__c01,"['stage1_n5__from__root__c05', 'stage2_n5__from__n0005__c03', 'stage3_n3__from__n0022__c01']",0.878132575256441,3,ps_risky_marginal_mixture,full_tree_child_marginal_at_switch
risky_ps_linear,25,26,2,"['stage1_n5__from__root__c05', 'stage2_n5__from__n0005__c03']",stage2_n5__from__n0005__c03,2,stage3_n4__from__n0022__c02,"['stage1_n5__from__root__c05', 'stage2_n5__from__n0005__c03', 'stage3_n4__from__n0022__c02']",0.06890032448363934,3,ps_risky_marginal_mixture,full_tree_child_marginal_at_switch
risky_ps_linear,25,26,2,"['stage1_n5__from__root__c05', 'stage2_n5__from__n0005__c03']",stage2_n5__from__n0005__c03,3,stage3_n5__from__n0022__c03,"['stage1_n5__from__root__c05', 'stage2_n5__from__n0005__c03', 'stage3_n5__from__n0022__c03']",0.05296710025991971,3,ps_risky_marginal_mixture,full_tree_child_marginal_at_switch
risky_ps_linear,25,26,3,"['stage1_n1__from__root__c01', 'stage2_n1__from__n0001__c01', 'stage3_n1__from__n0006__c01']",stage3_n1__from__n0006__c01,1,stage4_n1__from__n0023__c01,"['stage1_n1__from__root__c01', 'stage2_n1__from__n0001__c01', 'stage3_n1__from__n0006__c01', 'stage4_n1__from__n0023__c01']",1.0,1,ps_safe_prefix_mass,full_tree_child_marginal_at_switch
risky_ps_linear,25,26,3,"['stage1_n1__from__root__c01', 'stage2_n1__from__n0001__c01', 'stage3_n2__from__n0006__c02']",stage3_n2__from__n0006__c02,1,stage4_n1__from__n0024__c01,"['stage1_n1__from__root__c01', 'stage2_n1__from__n0001__c01', 'stage3_n2__from__n0006__c02', 'stage4_n1__from__n0024__c01']",1.0,1,ps_safe_prefix_mass,full_tree_child_marginal_at_switch
risky_ps_linear,25,26,3,"['stage1_n1__from__root__c01', 'stage2_n2__from__n0001__c02', 'stage3_n2__from__n0007__c01']",stage3_n2__from__n0007__c01,1,stage4_n1__from__n0025__c01,"['stage1_n1__from__root__c01', 'stage2_n2__from__n0001__c02', 'stage3_n2__from__n0007__c01', 'stage4_n1__from__n0025__c01']",1.0,1,ps_safe_prefix_mass,full_tree_child_marginal_at_switch
risky_ps_linear,25,26,3,"['stage1_n1__from__root__c01', 'stage2_n2__from__n0001__c02', 'stage3_n3__from__n0007__c02']",stage3_n3__from__n0007__c02,1,stage4_n2__from__n0026__c01,"['stage1_n1__from__root__c01', 'stage2_n2__from__n0001__c02', 'stage3_n3__from__n0007__c02', 'stage4_n2__from__n0026__c01']",0.39999999999992,2,ps_safe_prefix_mass,full_tree_child_marginal_at_switch
risky_ps_linear,25,26,3,"['stage1_n1__from__root__c01', 'stage2_n2__from__n0001__c02', 'stage3_n3__from__n0007__c02']",stage3_n3__from__n0007__c02,2,stage4_n3__from__n0026__c02,"['stage1_n1__from__root__c01', 'stage2_n2__from__n0001__c02', 'stage3_n3__from__n0007__c02', 'stage4_n3__from__n0026__c02']",0.60000000000008,2,ps_safe_prefix_mass,full_tree_child_marginal_at_switch
risky_ps_linear,25,26,3,"['stage1_n1__from__root__c01', 'stage2_n2__from__n0001__c02', 'stage3_n4__from__n0007__c03']",stage3_n4__from__n0007__c03,1,stage4_n2__from__n0027__c01,"['stage1_n1__from__root__c01', 'stage2_n2__from__n0001__c02', 'stage3_n4__from__n0007__c03', 'stage4_n2__from__n0027__c01']",0.25,4,ps_risky_marginal_mixture,full_tree_child_marginal_at_switch
risky_ps_linear,25,26,3,"['stage1_n1__from__root__c01', 'stage2_n2__from__n0001__c02', 'stage3_n4__from__n0007__c03']",stage3_n4__from__n0007__c03,2,stage4_n3__from__n0027__c02,"['stage1_n1__from__root__c01', 'stage2_n2__from__n0001__c02', 'stage3_n4__from__n0007__c03', 'stage4_n3__from__n0027__c02']",0.25,4,ps_risky_marginal_mixture,full_tree_child_marginal_at_switch
risky_ps_linear,25,26,3,"['stage1_n1__from__root__c01', 'stage2_n2__from__n0001__c02', 'stage3_n4__from__n0007__c03']",stage3_n4__from__n0007__c03,3,stage4_n4__from__n0027__c03,"['stage1_n1__from__root__c01', 'stage2_n2__from__n0001__c02', 'stage3_n4__from__n0007__c03', 'stage4_n4__from__n0027__c03']",0.25,4,ps_risky_marginal_mixture,full_tree_child_marginal_at_switch
risky_ps_linear,25,26,3,"['stage1_n1__from__root__c01', 'stage2_n2__from__n0001__c02', 'stage3_n4__from__n0007__c03']",stage3_n4__from__n0007__c03,4,stage4_n5__from__n0027__c04,"['stage1_n1__from__root__c01', 'stage2_n2__from__n0001__c02', 'stage3_n4__from__n0007__c03', 'stage4_n5__from__n0027__c04']",0.25,4,ps_risky_marginal_mixture,full_tree_child_marginal_at_switch
risky_ps_linear,25,26,3,"['stage1_n1__from__root__c01', 'stage2_n2__from__n0001__c02', 'stage3_n5__from__n0007__c04']",stage3_n5__from__n0007__c04,1,stage4_n2__from__n0028__c01,"['stage1_n1__from__root__c01', 'stage2_n2__from__n0001__c02', 'stage3_n5__from__n0007__c04', 'stage4_n2__from__n0028__c01']",0.33172121408027166,4,ps_risky_marginal_mixture,full_tree_child_marginal_at_switch
risky_ps_linear,25,26,3,"['stage1_n1__from__root__c01', 'stage2_n2__from__n0001__c02', 'stage3_n5__from__n0007__c04']",stage3_n5__from__n0007__c04,2,stage4_n3__from__n0028__c02,"['stage1_n1__from__root__c01', 'stage2_n2__from__n0001__c02', 'stage3_n5__from__n0007__c04', 'stage4_n3__from__n0028__c02']",0.004836357759185093,4,ps_risky_marginal_mixture,full_tree_child_marginal_at_switch
risky_ps_linear,25,26,3,"['stage1_n1__from__root__c01', 'stage2_n2__from__n0001__c02', 'stage3_n5__from__n0007__c04']",stage3_n5__from__n0007__c04,3,stage4_n4__from__n0028__c03,"['stage1_n1__from__root__c01', 'stage2_n2__from__n0001__c02', 'stage3_n5__from__n0007__c04', 'stage4_n4__from__n0028__c03']",0.33172121408027166,4,ps_risky_marginal_mixture,full_tree_child_marginal_at_switch
risky_ps_linear,25,26,3,"['stage1_n1__from__root__c01', 'stage2_n2__from__n0001__c02', 'stage3_n5__from__n0007__c04']",stage3_n5__from__n0007__c04,4,stage4_n5__from__n0028__c04,"['stage1_n1__from__root__c01', 'stage2_n2__from__n0001__c02', 'stage3_n5__from__n0007__c04', 'stage4_n5__from__n0028__c04']",0.33172121408027166,4,ps_risky_marginal_mixture,full_tree_child_marginal_at_switch
risky_ps_linear,25,26,3,"['stage1_n1__from__root__c01', 'stage2_n3__from__n0001__c03', 'stage3_n3__from__n0008__c01']",stage3_n3__from__n0008__c01,1,stage4_n2__from__n0029__c01,"['stage1_n1__from__root__c01', 'stage2_n3__from__n0001__c03', 'stage3_n3__from__n0008__c01', 'stage4_n2__from__n0029__c01']",0.20000000000016002,2,ps_safe_prefix_mass,full_tree_child_marginal_at_switch
risky_ps_linear,25,26,3,"['stage1_n1__from__root__c01', 'stage2_n3__from__n0001__c03', 'stage3_n3__from__n0008__c01']",stage3_n3__from__n0008__c01,2,stage4_n3__from__n0029__c02,"['stage1_n1__from__root__c01', 'stage2_n3__from__n0001__c03', 'stage3_n3__from__n0008__c01', 'stage4_n3__from__n0029__c02']",0.79999999999984,2,ps_safe_prefix_mass,full_tree_child_marginal_at_switch
risky_ps_linear,25,26,3,"['stage1_n1__from__root__c01', 'stage2_n3__from__n0001__c03', 'stage3_n4__from__n0008__c02']",stage3_n4__from__n0008__c02,1,stage4_n2__from__n0030__c01,"['stage1_n1__from__root__c01', 'stage2_n3__from__n0001__c03', 'stage3_n4__from__n0008__c02', 'stage4_n2__from__n0030__c01']",0.25,4,ps_risky_marginal_mixture,full_tree_child_marginal_at_switch
risky_ps_linear,25,26,3,"['stage1_n1__from__root__c01', 'stage2_n3__from__n0001__c03', 'stage3_n4__from__n0008__c02']",stage3_n4__from__n0008__c02,2,stage4_n3__from__n0030__c02,"['stage1_n1__from__root__c01', 'stage2_n3__from__n0001__c03', 'stage3_n4__from__n0008__c02', 'stage4_n3__from__n0030__c02']",0.25,4,ps_risky_marginal_mixture,full_tree_child_marginal_at_switch
risky_ps_linear,25,26,3,"['stage1_n1__from__root__c01', 'stage2_n3__from__n0001__c03', 'stage3_n4__from__n0008__c02']",stage3_n4__from__n0008__c02,3,stage4_n4__from__n0030__c03,"['stage1_n1__from__root__c01', 'stage2_n3__from__n0001__c03', 'stage3_n4__from__n0008__c02', 'stage4_n4__from__n0030__c03']",0.25,4,ps_risky_marginal_mixture,full_tree_child_marginal_at_switch
risky_ps_linear,25,26,3,"['stage1_n1__from__root__c01', 'stage2_n3__from__n0001__c03', 'stage3_n4__from__n0008__c02']",stage3_n4__from__n0008__c02,4,stage4_n5__from__n0030__c04,"['stage1_n1__from__root__c01', 'stage2_n3__from__n0001__c03', 'stage3_n4__from__n0008__c02', 'stage4_n5__from__n0030__c04']",0.25,4,ps_risky_marginal_mixture,full_tree_child_marginal_at_switch
risky_ps_linear,25,26,3,"['stage1_n1__from__root__c01', 'stage2_n3__from__n0001__c03', 'stage3_n5__from__n0008__c03']",stage3_n5__from__n0008__c03,1,stage4_n2__from__n0031__c01,"['stage1_n1__from__root__c01', 'stage2_n3__from__n0001__c03', 'stage3_n5__from__n0008__c03', 'stage4_n2__from__n0031__c01']",0.25,4,ps_risky_marginal_mixture,full_tree_child_marginal_at_switch
risky_ps_linear,25,26,3,"['stage1_n1__from__root__c01', 'stage2_n3__from__n0001__c03', 'stage3_n5__from__n0008__c03']",stage3_n5__from__n0008__c03,2,stage4_n3__from__n0031__c02,"['stage1_n1__from__root__c01', 'stage2_n3__from__n0001__c03', 'stage3_n5__from__n0008__c03', 'stage4_n3__from__n0031__c02']",0.25,4,ps_risky_marginal_mixture,full_tree_child_marginal_at_switch
risky_ps_linear,25,26,3,"['stage1_n1__from__root__c01', 'stage2_n3__from__n0001__c03', 'stage3_n5__from__n0008__c03']",stage3_n5__from__n0008__c03,3,stage4_n4__from__n0031__c03,"['stage1_n1__from__root__c01', 'stage2_n3__from__n0001__c03', 'stage3_n5__from__n0008__c03', 'stage4_n4__from__n0031__c03']",0.25,4,ps_risky_marginal_mixture,full_tree_child_marginal_at_switch
risky_ps_linear,25,26,3,"['stage1_n1__from__root__c01', 'stage2_n3__from__n0001__c03', 'stage3_n5__from__n0008__c03']",stage3_n5__from__n0008__c03,4,stage4_n5__from__n0031__c04,"['stage1_n1__from__root__c01', 'stage2_n3__from__n0001__c03', 'stage3_n5__from__n0008__c03', 'stage4_n5__from__n0031__c04']",0.25,4,ps_risky_marginal_mixture,full_tree_child_marginal_at_switch
risky_ps_linear,25,26,3,"['stage1_n2__from__root__c02', 'stage2_n1__from__n0002__c01', 'stage3_n1__from__n0009__c01']",stage3_n1__from__n0009__c01,1,stage4_n1__from__n0032__c01,"['stage1_n2__from__root__c02', 'stage2_n1__from__n0002__c01', 'stage3_n1__from__n0009__c01', 'stage4_n1__from__n0032__c01']",1.0,1,ps_safe_prefix_mass,full_tree_child_marginal_at_switch
risky_ps_linear,25,26,3,"['stage1_n2__from__root__c02', 'stage2_n1__from__n0002__c01', 'stage3_n2__from__n0009__c02']",stage3_n2__from__n0009__c02,1,stage4_n1__from__n0033__c01,"['stage1_n2__from__root__c02', 'stage2_n1__from__n0002__c01', 'stage3_n2__from__n0009__c02', 'stage4_n1__from__n0033__c01']",1.0,1,ps_safe_prefix_mass,full_tree_child_marginal_at_switch
risky_ps_linear,25,26,3,"['stage1_n2__from__root__c02', 'stage2_n2__from__n0002__c02', 'stage3_n2__from__n0010__c01']",stage3_n2__from__n0010__c01,1,stage4_n1__from__n0034__c01,"['stage1_n2__from__root__c02', 'stage2_n2__from__n0002__c02', 'stage3_n2__from__n0010__c01', 'stage4_n1__from__n0034__c01']",1.0,1,ps_safe_prefix_mass,full_tree_child_marginal_at_switch
risky_ps_linear,25,26,3,"['stage1_n2__from__root__c02', 'stage2_n2__from__n0002__c02', 'stage3_n3__from__n0010__c02']",stage3_n3__from__n0010__c02,1,stage4_n2__from__n0035__c01,"['stage1_n2__from__root__c02', 'stage2_n2__from__n0002__c02', 'stage3_n3__from__n0010__c02', 'stage4_n2__from__n0035__c01']",0.3333333333333333,2,ps_safe_prefix_mass,full_tree_child_marginal_at_switch
risky_ps_linear,25,26,3,"['stage1_n2__from__root__c02', 'stage2_n2__from__n0002__c02', 'stage3_n3__from__n0010__c02']",stage3_n3__from__n0010__c02,2,stage4_n3__from__n0035__c02,"['stage1_n2__from__root__c02', 'stage2_n2__from__n0002__c02', 'stage3_n3__from__n0010__c02', 'stage4_n3__from__n0035__c02']",0.6666666666666666,2,ps_safe_prefix_mass,full_tree_child_marginal_at_switch
risky_ps_linear,25,26,3,"['stage1_n2__from__root__c02', 'stage2_n2__from__n0002__c02', 'stage3_n4__from__n0010__c03']",stage3_n4__from__n0010__c03,1,stage4_n2__from__n0036__c01,"['stage1_n2__from__root__c02', 'stage2_n2__from__n0002__c02', 'stage3_n4__from__n0010__c03', 'stage4_n2__from__n0036__c01']",0.25,4,ps_risky_marginal_mixture,full_tree_child_marginal_at_switch
risky_ps_linear,25,26,3,"['stage1_n2__from__root__c02', 'stage2_n2__from__n0002__c02', 'stage3_n4__from__n0010__c03']",stage3_n4__from__n0010__c03,2,stage4_n3__from__n0036__c02,"['stage1_n2__from__root__c02', 'stage2_n2__from__n0002__c02', 'stage3_n4__from__n0010__c03', 'stage4_n3__from__n0036__c02']",0.25,4,ps_risky_marginal_mixture,full_tree_child_marginal_at_switch
risky_ps_linear,25,26,3,"['stage1_n2__from__root__c02', 'stage2_n2__from__n0002__c02', 'stage3_n4__from__n0010__c03']",stage3_n4__from__n0010__c03,3,stage4_n4__from__n0036__c03,"['stage1_n2__from__root__c02', 'stage2_n2__from__n0002__c02', 'stage3_n4__from__n0010__c03', 'stage4_n4__from__n0036__c03']",0.25,4,ps_risky_marginal_mixture,full_tree_child_marginal_at_switch
risky_ps_linear,25,26,3,"['stage1_n2__from__root__c02', 'stage2_n2__from__n0002__c02', 'stage3_n4__from__n0010__c03']",stage3_n4__from__n0010__c03,4,stage4_n5__from__n0036__c04,"['stage1_n2__from__root__c02', 'stage2_n2__from__n0002__c02', 'stage3_n4__from__n0010__c03', 'stage4_n5__from__n0036__c04']",0.25,4,ps_risky_marginal_mixture,full_tree_child_marginal_at_switch
risky_ps_linear,25,26,3,"['stage1_n2__from__root__c02', 'stage2_n2__from__n0002__c02', 'stage3_n5__from__n0010__c04']",stage3_n5__from__n0010__c04,1,stage4_n2__from__n0037__c01,"['stage1_n2__from__root__c02', 'stage2_n2__from__n0002__c02', 'stage3_n5__from__n0010__c04', 'stage4_n2__from__n0037__c01']",0.3324946448478971,4,ps_risky_marginal_mixture,full_tree_child_marginal_at_switch
risky_ps_linear,25,26,3,"['stage1_n2__from__root__c02', 'stage2_n2__from__n0002__c02', 'stage3_n5__from__n0010__c04']",stage3_n5__from__n0010__c04,2,stage4_n3__from__n0037__c02,"['stage1_n2__from__root__c02', 'stage2_n2__from__n0002__c02', 'stage3_n5__from__n0010__c04', 'stage4_n3__from__n0037__c02']",0.0025160654563087916,4,ps_risky_marginal_mixture,full_tree_child_marginal_at_switch
risky_ps_linear,25,26,3,"['stage1_n2__from__root__c02', 'stage2_n2__from__n0002__c02', 'stage3_n5__from__n0010__c04']",stage3_n5__from__n0010__c04,3,stage4_n4__from__n0037__c03,"['stage1_n2__from__root__c02', 'stage2_n2__from__n0002__c02', 'stage3_n5__from__n0010__c04', 'stage4_n4__from__n0037__c03']",0.3324946448478971,4,ps_risky_marginal_mixture,full_tree_child_marginal_at_switch
risky_ps_linear,25,26,3,"['stage1_n2__from__root__c02', 'stage2_n2__from__n0002__c02', 'stage3_n5__from__n0010__c04']",stage3_n5__from__n0010__c04,4,stage4_n5__from__n0037__c04,"['stage1_n2__from__root__c02', 'stage2_n2__from__n0002__c02', 'stage3_n5__from__n0010__c04', 'stage4_n5__from__n0037__c04']",0.3324946448478971,4,ps_risky_marginal_mixture,full_tree_child_marginal_at_switch
risky_ps_linear,25,26,3,"['stage1_n2__from__root__c02', 'stage2_n3__from__n0002__c03', 'stage3_n3__from__n0011__c01']",stage3_n3__from__n0011__c01,1,stage4_n2__from__n0038__c01,"['stage1_n2__from__root__c02', 'stage2_n3__from__n0002__c03', 'stage3_n3__from__n0011__c01', 'stage4_n2__from__n0038__c01']",0.20000000000016002,2,ps_safe_prefix_mass,full_tree_child_marginal_at_switch
risky_ps_linear,25,26,3,"['stage1_n2__from__root__c02', 'stage2_n3__from__n0002__c03', 'stage3_n3__from__n0011__c01']",stage3_n3__from__n0011__c01,2,stage4_n3__from__n0038__c02,"['stage1_n2__from__root__c02', 'stage2_n3__from__n0002__c03', 'stage3_n3__from__n0011__c01', 'stage4_n3__from__n0038__c02']",0.79999999999984,2,ps_safe_prefix_mass,full_tree_child_marginal_at_switch
risky_ps_linear,25,26,3,"['stage1_n2__from__root__c02', 'stage2_n3__from__n0002__c03', 'stage3_n4__from__n0011__c02']",stage3_n4__from__n0011__c02,1,stage4_n2__from__n0039__c01,"['stage1_n2__from__root__c02', 'stage2_n3__from__n0002__c03', 'stage3_n4__from__n0011__c02', 'stage4_n2__from__n0039__c01']",0.002648905942198199,4,ps_risky_marginal_mixture,full_tree_child_marginal_at_switch
risky_ps_linear,25,26,3,"['stage1_n2__from__root__c02', 'stage2_n3__from__n0002__c03', 'stage3_n4__from__n0011__c02']",stage3_n4__from__n0011__c02,2,stage4_n3__from__n0039__c02,"['stage1_n2__from__root__c02', 'stage2_n3__from__n0002__c03', 'stage3_n4__from__n0011__c02', 'stage4_n3__from__n0039__c02']",0.3324503646859339,4,ps_risky_marginal_mixture,full_tree_child_marginal_at_switch
risky_ps_linear,25,26,3,"['stage1_n2__from__root__c02', 'stage2_n3__from__n0002__c03', 'stage3_n4__from__n0011__c02']",stage3_n4__from__n0011__c02,3,stage4_n4__from__n0039__c03,"['stage1_n2__from__root__c02', 'stage2_n3__from__n0002__c03', 'stage3_n4__from__n0011__c02', 'stage4_n4__from__n0039__c03']",0.3324503646859339,4,ps_risky_marginal_mixture,full_tree_child_marginal_at_switch
risky_ps_linear,25,26,3,"['stage1_n2__from__root__c02', 'stage2_n3__from__n0002__c03', 'stage3_n4__from__n0011__c02']",stage3_n4__from__n0011__c02,4,stage4_n5__from__n0039__c04,"['stage1_n2__from__root__c02', 'stage2_n3__from__n0002__c03', 'stage3_n4__from__n0011__c02', 'stage4_n5__from__n0039__c04']",0.3324503646859339,4,ps_risky_marginal_mixture,full_tree_child_marginal_at_switch
risky_ps_linear,25,26,3,"['stage1_n2__from__root__c02', 'stage2_n3__from__n0002__c03', 'stage3_n5__from__n0011__c03']",stage3_n5__from__n0011__c03,1,stage4_n2__from__n0040__c01,"['stage1_n2__from__root__c02', 'stage2_n3__from__n0002__c03', 'stage3_n5__from__n0011__c03', 'stage4_n2__from__n0040__c01']",0.33248459714471673,4,ps_risky_marginal_mixture,full_tree_child_marginal_at_switch
risky_ps_linear,25,26,3,"['stage1_n2__from__root__c02', 'stage2_n3__from__n0002__c03', 'stage3_n5__from__n0011__c03']",stage3_n5__from__n0011__c03,2,stage4_n3__from__n0040__c02,"['stage1_n2__from__root__c02', 'stage2_n3__from__n0002__c03', 'stage3_n5__from__n0011__c03', 'stage4_n3__from__n0040__c02']",0.33248459714471673,4,ps_risky_marginal_mixture,full_tree_child_marginal_at_switch
risky_ps_linear,25,26,3,"['stage1_n2__from__root__c02', 'stage2_n3__from__n0002__c03', 'stage3_n5__from__n0011__c03']",stage3_n5__from__n0011__c03,3,stage4_n4__from__n0040__c03,"['stage1_n2__from__root__c02', 'stage2_n3__from__n0002__c03', 'stage3_n5__from__n0011__c03', 'stage4_n4__from__n0040__c03']",0.002546208565849753,4,ps_risky_marginal_mixture,full_tree_child_marginal_at_switch
risky_ps_linear,25,26,3,"['stage1_n2__from__root__c02', 'stage2_n3__from__n0002__c03', 'stage3_n5__from__n0011__c03']",stage3_n5__from__n0011__c03,4,stage4_n5__from__n0040__c04,"['stage1_n2__from__root__c02', 'stage2_n3__from__n0002__c03', 'stage3_n5__from__n0011__c03', 'stage4_n5__from__n0040__c04']",0.33248459714471673,4,ps_risky_marginal_mixture,full_tree_child_marginal_at_switch
risky_ps_linear,25,26,3,"['stage1_n3__from__root__c03', 'stage2_n1__from__n0003__c01', 'stage3_n1__from__n0012__c01']",stage3_n1__from__n0012__c01,1,stage4_n1__from__n0041__c01,"['stage1_n3__from__root__c03', 'stage2_n1__from__n0003__c01', 'stage3_n1__from__n0012__c01', 'stage4_n1__from__n0041__c01']",1.0,1,ps_safe_prefix_mass,full_tree_child_marginal_at_switch
risky_ps_linear,25,26,3,"['stage1_n3__from__root__c03', 'stage2_n1__from__n0003__c01', 'stage3_n2__from__n0012__c02']",stage3_n2__from__n0012__c02,1,stage4_n1__from__n0042__c01,"['stage1_n3__from__root__c03', 'stage2_n1__from__n0003__c01', 'stage3_n2__from__n0012__c02', 'stage4_n1__from__n0042__c01']",1.0,1,ps_safe_prefix_mass,full_tree_child_marginal_at_switch
risky_ps_linear,25,26,3,"['stage1_n3__from__root__c03', 'stage2_n2__from__n0003__c02', 'stage3_n2__from__n0013__c01']",stage3_n2__from__n0013__c01,1,stage4_n1__from__n0043__c01,"['stage1_n3__from__root__c03', 'stage2_n2__from__n0003__c02', 'stage3_n2__from__n0013__c01', 'stage4_n1__from__n0043__c01']",1.0,1,ps_safe_prefix_mass,full_tree_child_marginal_at_switch
risky_ps_linear,25,26,3,"['stage1_n3__from__root__c03', 'stage2_n2__from__n0003__c02', 'stage3_n3__from__n0013__c02']",stage3_n3__from__n0013__c02,1,stage4_n2__from__n0044__c01,"['stage1_n3__from__root__c03', 'stage2_n2__from__n0003__c02', 'stage3_n3__from__n0013__c02', 'stage4_n2__from__n0044__c01']",0.3333333333333333,2,ps_safe_prefix_mass,full_tree_child_marginal_at_switch
risky_ps_linear,25,26,3,"['stage1_n3__from__root__c03', 'stage2_n2__from__n0003__c02', 'stage3_n3__from__n0013__c02']",stage3_n3__from__n0013__c02,2,stage4_n3__from__n0044__c02,"['stage1_n3__from__root__c03', 'stage2_n2__from__n0003__c02', 'stage3_n3__from__n0013__c02', 'stage4_n3__from__n0044__c02']",0.6666666666666666,2,ps_safe_prefix_mass,full_tree_child_marginal_at_switch
risky_ps_linear,25,26,3,"['stage1_n3__from__root__c03', 'stage2_n2__from__n0003__c02', 'stage3_n4__from__n0013__c03']",stage3_n4__from__n0013__c03,1,stage4_n2__from__n0045__c01,"['stage1_n3__from__root__c03', 'stage2_n2__from__n0003__c02', 'stage3_n4__from__n0013__c03', 'stage4_n2__from__n0045__c01']",0.3324999862495701,4,ps_risky_marginal_mixture,full_tree_child_marginal_at_switch
risky_ps_linear,25,26,3,"['stage1_n3__from__root__c03', 'stage2_n2__from__n0003__c02', 'stage3_n4__from__n0013__c03']",stage3_n4__from__n0013__c03,2,stage4_n3__from__n0045__c02,"['stage1_n3__from__root__c03', 'stage2_n2__from__n0003__c02', 'stage3_n4__from__n0013__c03', 'stage4_n3__from__n0045__c02']",0.3324999862495701,4,ps_risky_marginal_mixture,full_tree_child_marginal_at_switch
risky_ps_linear,25,26,3,"['stage1_n3__from__root__c03', 'stage2_n2__from__n0003__c02', 'stage3_n4__from__n0013__c03']",stage3_n4__from__n0013__c03,3,stage4_n4__from__n0045__c03,"['stage1_n3__from__root__c03', 'stage2_n2__from__n0003__c02', 'stage3_n4__from__n0013__c03', 'stage4_n4__from__n0045__c03']",0.3324999862495701,4,ps_risky_marginal_mixture,full_tree_child_marginal_at_switch
risky_ps_linear,25,26,3,"['stage1_n3__from__root__c03', 'stage2_n2__from__n0003__c02', 'stage3_n4__from__n0013__c03']",stage3_n4__from__n0013__c03,4,stage4_n5__from__n0045__c04,"['stage1_n3__from__root__c03', 'stage2_n2__from__n0003__c02', 'stage3_n4__from__n0013__c03', 'stage4_n5__from__n0045__c04']",0.0025000412512896602,4,ps_risky_marginal_mixture,full_tree_child_marginal_at_switch
risky_ps_linear,25,26,3,"['stage1_n3__from__root__c03', 'stage2_n2__from__n0003__c02', 'stage3_n5__from__n0013__c04']",stage3_n5__from__n0013__c04,1,stage4_n2__from__n0046__c01,"['stage1_n3__from__root__c03', 'stage2_n2__from__n0003__c02', 'stage3_n5__from__n0013__c04', 'stage4_n2__from__n0046__c01']",0.3324841149763915,4,ps_risky_marginal_mixture,full_tree_child_marginal_at_switch
risky_ps_linear,25,26,3,"['stage1_n3__from__root__c03', 'stage2_n2__from__n0003__c02', 'stage3_n5__from__n0013__c04']",stage3_n5__from__n0013__c04,2,stage4_n3__from__n0046__c02,"['stage1_n3__from__root__c03', 'stage2_n2__from__n0003__c02', 'stage3_n5__from__n0013__c04', 'stage4_n3__from__n0046__c02']",0.00254765507082539,4,ps_risky_marginal_mixture,full_tree_child_marginal_at_switch
risky_ps_linear,25,26,3,"['stage1_n3__from__root__c03', 'stage2_n2__from__n0003__c02', 'stage3_n5__from__n0013__c04']",stage3_n5__from__n0013__c04,3,stage4_n4__from__n0046__c03,"['stage1_n3__from__root__c03', 'stage2_n2__from__n0003__c02', 'stage3_n5__from__n0013__c04', 'stage4_n4__from__n0046__c03']",0.3324841149763915,4,ps_risky_marginal_mixture,full_tree_child_marginal_at_switch
risky_ps_linear,25,26,3,"['stage1_n3__from__root__c03', 'stage2_n2__from__n0003__c02', 'stage3_n5__from__n0013__c04']",stage3_n5__from__n0013__c04,4,stage4_n5__from__n0046__c04,"['stage1_n3__from__root__c03', 'stage2_n2__from__n0003__c02', 'stage3_n5__from__n0013__c04', 'stage4_n5__from__n0046__c04']",0.3324841149763915,4,ps_risky_marginal_mixture,full_tree_child_marginal_at_switch
risky_ps_linear,25,26,3,"['stage1_n3__from__root__c03', 'stage2_n3__from__n0003__c03', 'stage3_n3__from__n0014__c01']",stage3_n3__from__n0014__c01,1,stage4_n2__from__n0047__c01,"['stage1_n3__from__root__c03', 'stage2_n3__from__n0003__c03', 'stage3_n3__from__n0014__c01', 'stage4_n2__from__n0047__c01']",0.3333333333333333,2,ps_safe_prefix_mass,full_tree_child_marginal_at_switch
risky_ps_linear,25,26,3,"['stage1_n3__from__root__c03', 'stage2_n3__from__n0003__c03', 'stage3_n3__from__n0014__c01']",stage3_n3__from__n0014__c01,2,stage4_n3__from__n0047__c02,"['stage1_n3__from__root__c03', 'stage2_n3__from__n0003__c03', 'stage3_n3__from__n0014__c01', 'stage4_n3__from__n0047__c02']",0.6666666666666666,2,ps_safe_prefix_mass,full_tree_child_marginal_at_switch
risky_ps_linear,25,26,3,"['stage1_n3__from__root__c03', 'stage2_n3__from__n0003__c03', 'stage3_n4__from__n0014__c02']",stage3_n4__from__n0014__c02,1,stage4_n2__from__n0048__c01,"['stage1_n3__from__root__c03', 'stage2_n3__from__n0003__c03', 'stage3_n4__from__n0014__c02', 'stage4_n2__from__n0048__c01']",0.25,4,ps_risky_marginal_mixture,full_tree_child_marginal_at_switch
risky_ps_linear,25,26,3,"['stage1_n3__from__root__c03', 'stage2_n3__from__n0003__c03', 'stage3_n4__from__n0014__c02']",stage3_n4__from__n0014__c02,2,stage4_n3__from__n0048__c02,"['stage1_n3__from__root__c03', 'stage2_n3__from__n0003__c03', 'stage3_n4__from__n0014__c02', 'stage4_n3__from__n0048__c02']",0.25,4,ps_risky_marginal_mixture,full_tree_child_marginal_at_switch
risky_ps_linear,25,26,3,"['stage1_n3__from__root__c03', 'stage2_n3__from__n0003__c03', 'stage3_n4__from__n0014__c02']",stage3_n4__from__n0014__c02,3,stage4_n4__from__n0048__c03,"['stage1_n3__from__root__c03', 'stage2_n3__from__n0003__c03', 'stage3_n4__from__n0014__c02', 'stage4_n4__from__n0048__c03']",0.25,4,ps_risky_marginal_mixture,full_tree_child_marginal_at_switch
risky_ps_linear,25,26,3,"['stage1_n3__from__root__c03', 'stage2_n3__from__n0003__c03', 'stage3_n4__from__n0014__c02']",stage3_n4__from__n0014__c02,4,stage4_n5__from__n0048__c04,"['stage1_n3__from__root__c03', 'stage2_n3__from__n0003__c03', 'stage3_n4__from__n0014__c02', 'stage4_n5__from__n0048__c04']",0.25,4,ps_risky_marginal_mixture,full_tree_child_marginal_at_switch
risky_ps_linear,25,26,3,"['stage1_n3__from__root__c03', 'stage2_n3__from__n0003__c03', 'stage3_n5__from__n0014__c03']",stage3_n5__from__n0014__c03,1,stage4_n2__from__n0049__c01,"['stage1_n3__from__root__c03', 'stage2_n3__from__n0003__c03', 'stage3_n5__from__n0014__c03', 'stage4_n2__from__n0049__c01']",0.3324999996821198,4,ps_risky_marginal_mixture,full_tree_child_marginal_at_switch
risky_ps_linear,25,26,3,"['stage1_n3__from__root__c03', 'stage2_n3__from__n0003__c03', 'stage3_n5__from__n0014__c03']",stage3_n5__from__n0014__c03,2,stage4_n3__from__n0049__c02,"['stage1_n3__from__root__c03', 'stage2_n3__from__n0003__c03', 'stage3_n5__from__n0014__c03', 'stage4_n3__from__n0049__c02']",0.3324999996821198,4,ps_risky_marginal_mixture,full_tree_child_marginal_at_switch
risky_ps_linear,25,26,3,"['stage1_n3__from__root__c03', 'stage2_n3__from__n0003__c03', 'stage3_n5__from__n0014__c03']",stage3_n5__from__n0014__c03,3,stage4_n4__from__n0049__c03,"['stage1_n3__from__root__c03', 'stage2_n3__from__n0003__c03', 'stage3_n5__from__n0014__c03', 'stage4_n4__from__n0049__c03']",0.3324999996821198,4,ps_risky_marginal_mixture,full_tree_child_marginal_at_switch
risky_ps_linear,25,26,3,"['stage1_n3__from__root__c03', 'stage2_n3__from__n0003__c03', 'stage3_n5__from__n0014__c03']",stage3_n5__from__n0014__c03,4,stage4_n5__from__n0049__c04,"['stage1_n3__from__root__c03', 'stage2_n3__from__n0003__c03', 'stage3_n5__from__n0014__c03', 'stage4_n5__from__n0049__c04']",0.002500000953640582,4,ps_risky_marginal_mixture,full_tree_child_marginal_at_switch
risky_ps_linear,25,26,3,"['stage1_n4__from__root__c04', 'stage2_n1__from__n0004__c01', 'stage3_n1__from__n0015__c01']",stage3_n1__from__n0015__c01,1,stage4_n1__from__n0050__c01,"['stage1_n4__from__root__c04', 'stage2_n1__from__n0004__c01', 'stage3_n1__from__n0015__c01', 'stage4_n1__from__n0050__c01']",1.0,1,ps_safe_prefix_mass,full_tree_child_marginal_at_switch
risky_ps_linear,25,26,3,"['stage1_n4__from__root__c04', 'stage2_n1__from__n0004__c01', 'stage3_n2__from__n0015__c02']",stage3_n2__from__n0015__c02,1,stage4_n1__from__n0051__c01,"['stage1_n4__from__root__c04', 'stage2_n1__from__n0004__c01', 'stage3_n2__from__n0015__c02', 'stage4_n1__from__n0051__c01']",1.0,1,ps_safe_prefix_mass,full_tree_child_marginal_at_switch
risky_ps_linear,25,26,3,"['stage1_n4__from__root__c04', 'stage2_n2__from__n0004__c02', 'stage3_n2__from__n0016__c01']",stage3_n2__from__n0016__c01,1,stage4_n1__from__n0052__c01,"['stage1_n4__from__root__c04', 'stage2_n2__from__n0004__c02', 'stage3_n2__from__n0016__c01', 'stage4_n1__from__n0052__c01']",1.0,1,ps_safe_prefix_mass,full_tree_child_marginal_at_switch
risky_ps_linear,25,26,3,"['stage1_n4__from__root__c04', 'stage2_n2__from__n0004__c02', 'stage3_n3__from__n0016__c02']",stage3_n3__from__n0016__c02,1,stage4_n2__from__n0053__c01,"['stage1_n4__from__root__c04', 'stage2_n2__from__n0004__c02', 'stage3_n3__from__n0016__c02', 'stage4_n2__from__n0053__c01']",0.39999999999992,2,ps_safe_prefix_mass,full_tree_child_marginal_at_switch
risky_ps_linear,25,26,3,"['stage1_n4__from__root__c04', 'stage2_n2__from__n0004__c02', 'stage3_n3__from__n0016__c02']",stage3_n3__from__n0016__c02,2,stage4_n3__from__n0053__c02,"['stage1_n4__from__root__c04', 'stage2_n2__from__n0004__c02', 'stage3_n3__from__n0016__c02', 'stage4_n3__from__n0053__c02']",0.60000000000008,2,ps_safe_prefix_mass,full_tree_child_marginal_at_switch
risky_ps_linear,25,26,3,"['stage1_n4__from__root__c04', 'stage2_n2__from__n0004__c02', 'stage3_n4__from__n0016__c03']",stage3_n4__from__n0016__c03,1,stage4_n2__from__n0054__c01,"['stage1_n4__from__root__c04', 'stage2_n2__from__n0004__c02', 'stage3_n4__from__n0016__c03', 'stage4_n2__from__n0054__c01']",0.25,4,ps_risky_marginal_mixture,full_tree_child_marginal_at_switch
risky_ps_linear,25,26,3,"['stage1_n4__from__root__c04', 'stage2_n2__from__n0004__c02', 'stage3_n4__from__n0016__c03']",stage3_n4__from__n0016__c03,2,stage4_n3__from__n0054__c02,"['stage1_n4__from__root__c04', 'stage2_n2__from__n0004__c02', 'stage3_n4__from__n0016__c03', 'stage4_n3__from__n0054__c02']",0.25,4,ps_risky_marginal_mixture,full_tree_child_marginal_at_switch
risky_ps_linear,25,26,3,"['stage1_n4__from__root__c04', 'stage2_n2__from__n0004__c02', 'stage3_n4__from__n0016__c03']",stage3_n4__from__n0016__c03,3,stage4_n4__from__n0054__c03,"['stage1_n4__from__root__c04', 'stage2_n2__from__n0004__c02', 'stage3_n4__from__n0016__c03', 'stage4_n4__from__n0054__c03']",0.25,4,ps_risky_marginal_mixture,full_tree_child_marginal_at_switch
risky_ps_linear,25,26,3,"['stage1_n4__from__root__c04', 'stage2_n2__from__n0004__c02', 'stage3_n4__from__n0016__c03']",stage3_n4__from__n0016__c03,4,stage4_n5__from__n0054__c04,"['stage1_n4__from__root__c04', 'stage2_n2__from__n0004__c02', 'stage3_n4__from__n0016__c03', 'stage4_n5__from__n0054__c04']",0.25,4,ps_risky_marginal_mixture,full_tree_child_marginal_at_switch
risky_ps_linear,25,26,3,"['stage1_n4__from__root__c04', 'stage2_n2__from__n0004__c02', 'stage3_n5__from__n0016__c04']",stage3_n5__from__n0016__c04,1,stage4_n2__from__n0055__c01,"['stage1_n4__from__root__c04', 'stage2_n2__from__n0004__c02', 'stage3_n5__from__n0016__c04', 'stage4_n2__from__n0055__c01']",0.25,4,ps_risky_marginal_mixture,full_tree_child_marginal_at_switch
risky_ps_linear,25,26,3,"['stage1_n4__from__root__c04', 'stage2_n2__from__n0004__c02', 'stage3_n5__from__n0016__c04']",stage3_n5__from__n0016__c04,2,stage4_n3__from__n0055__c02,"['stage1_n4__from__root__c04', 'stage2_n2__from__n0004__c02', 'stage3_n5__from__n0016__c04', 'stage4_n3__from__n0055__c02']",0.25,4,ps_risky_marginal_mixture,full_tree_child_marginal_at_switch
risky_ps_linear,25,26,3,"['stage1_n4__from__root__c04', 'stage2_n2__from__n0004__c02', 'stage3_n5__from__n0016__c04']",stage3_n5__from__n0016__c04,3,stage4_n4__from__n0055__c03,"['stage1_n4__from__root__c04', 'stage2_n2__from__n0004__c02', 'stage3_n5__from__n0016__c04', 'stage4_n4__from__n0055__c03']",0.25,4,ps_risky_marginal_mixture,full_tree_child_marginal_at_switch
risky_ps_linear,25,26,3,"['stage1_n4__from__root__c04', 'stage2_n2__from__n0004__c02', 'stage3_n5__from__n0016__c04']",stage3_n5__from__n0016__c04,4,stage4_n5__from__n0055__c04,"['stage1_n4__from__root__c04', 'stage2_n2__from__n0004__c02', 'stage3_n5__from__n0016__c04', 'stage4_n5__from__n0055__c04']",0.25,4,ps_risky_marginal_mixture,full_tree_child_marginal_at_switch
risky_ps_linear,25,26,3,"['stage1_n4__from__root__c04', 'stage2_n3__from__n0004__c03', 'stage3_n3__from__n0017__c01']",stage3_n3__from__n0017__c01,1,stage4_n2__from__n0056__c01,"['stage1_n4__from__root__c04', 'stage2_n3__from__n0004__c03', 'stage3_n3__from__n0017__c01', 'stage4_n2__from__n0056__c01']",0.3333333333333333,2,ps_safe_prefix_mass,full_tree_child_marginal_at_switch
risky_ps_linear,25,26,3,"['stage1_n4__from__root__c04', 'stage2_n3__from__n0004__c03', 'stage3_n3__from__n0017__c01']",stage3_n3__from__n0017__c01,2,stage4_n3__from__n0056__c02,"['stage1_n4__from__root__c04', 'stage2_n3__from__n0004__c03', 'stage3_n3__from__n0017__c01', 'stage4_n3__from__n0056__c02']",0.6666666666666666,2,ps_safe_prefix_mass,full_tree_child_marginal_at_switch
risky_ps_linear,25,26,3,"['stage1_n4__from__root__c04', 'stage2_n3__from__n0004__c03', 'stage3_n4__from__n0017__c02']",stage3_n4__from__n0017__c02,1,stage4_n2__from__n0057__c01,"['stage1_n4__from__root__c04', 'stage2_n3__from__n0004__c03', 'stage3_n4__from__n0017__c02', 'stage4_n2__from__n0057__c01']",0.3324999738458102,4,ps_risky_marginal_mixture,full_tree_child_marginal_at_switch
risky_ps_linear,25,26,3,"['stage1_n4__from__root__c04', 'stage2_n3__from__n0004__c03', 'stage3_n4__from__n0017__c02']",stage3_n4__from__n0017__c02,2,stage4_n3__from__n0057__c02,"['stage1_n4__from__root__c04', 'stage2_n3__from__n0004__c03', 'stage3_n4__from__n0017__c02', 'stage4_n3__from__n0057__c02']",0.0025000784625694348,4,ps_risky_marginal_mixture,full_tree_child_marginal_at_switch
risky_ps_linear,25,26,3,"['stage1_n4__from__root__c04', 'stage2_n3__from__n0004__c03', 'stage3_n4__from__n0017__c02']",stage3_n4__from__n0017__c02,3,stage4_n4__from__n0057__c03,"['stage1_n4__from__root__c04', 'stage2_n3__from__n0004__c03', 'stage3_n4__from__n0017__c02', 'stage4_n4__from__n0057__c03']",0.3324999738458102,4,ps_risky_marginal_mixture,full_tree_child_marginal_at_switch
risky_ps_linear,25,26,3,"['stage1_n4__from__root__c04', 'stage2_n3__from__n0004__c03', 'stage3_n4__from__n0017__c02']",stage3_n4__from__n0017__c02,4,stage4_n5__from__n0057__c04,"['stage1_n4__from__root__c04', 'stage2_n3__from__n0004__c03', 'stage3_n4__from__n0017__c02', 'stage4_n5__from__n0057__c04']",0.3324999738458102,4,ps_risky_marginal_mixture,full_tree_child_marginal_at_switch
risky_ps_linear,25,26,3,"['stage1_n4__from__root__c04', 'stage2_n3__from__n0004__c03', 'stage3_n5__from__n0017__c03']",stage3_n5__from__n0017__c03,1,stage4_n2__from__n0058__c01,"['stage1_n4__from__root__c04', 'stage2_n3__from__n0004__c03', 'stage3_n5__from__n0017__c03', 'stage4_n2__from__n0058__c01']",0.25,4,ps_risky_marginal_mixture,full_tree_child_marginal_at_switch
risky_ps_linear,25,26,3,"['stage1_n4__from__root__c04', 'stage2_n3__from__n0004__c03', 'stage3_n5__from__n0017__c03']",stage3_n5__from__n0017__c03,2,stage4_n3__from__n0058__c02,"['stage1_n4__from__root__c04', 'stage2_n3__from__n0004__c03', 'stage3_n5__from__n0017__c03', 'stage4_n3__from__n0058__c02']",0.25,4,ps_risky_marginal_mixture,full_tree_child_marginal_at_switch
risky_ps_linear,25,26,3,"['stage1_n4__from__root__c04', 'stage2_n3__from__n0004__c03', 'stage3_n5__from__n0017__c03']",stage3_n5__from__n0017__c03,3,stage4_n4__from__n0058__c03,"['stage1_n4__from__root__c04', 'stage2_n3__from__n0004__c03', 'stage3_n5__from__n0017__c03', 'stage4_n4__from__n0058__c03']",0.25,4,ps_risky_marginal_mixture,full_tree_child_marginal_at_switch
risky_ps_linear,25,26,3,"['stage1_n4__from__root__c04', 'stage2_n3__from__n0004__c03', 'stage3_n5__from__n0017__c03']",stage3_n5__from__n0017__c03,4,stage4_n5__from__n0058__c04,"['stage1_n4__from__root__c04', 'stage2_n3__from__n0004__c03', 'stage3_n5__from__n0017__c03', 'stage4_n5__from__n0058__c04']",0.25,4,ps_risky_marginal_mixture,full_tree_child_marginal_at_switch
risky_ps_linear,25,26,3,"['stage1_n4__from__root__c04', 'stage2_n4__from__n0004__c04', 'stage3_n3__from__n0018__c01']",stage3_n3__from__n0018__c01,1,stage4_n2__from__n0059__c01,"['stage1_n4__from__root__c04', 'stage2_n4__from__n0004__c04', 'stage3_n3__from__n0018__c01', 'stage4_n2__from__n0059__c01']",0.3333333333333333,2,ps_safe_prefix_mass,full_tree_child_marginal_at_switch
risky_ps_linear,25,26,3,"['stage1_n4__from__root__c04', 'stage2_n4__from__n0004__c04', 'stage3_n3__from__n0018__c01']",stage3_n3__from__n0018__c01,2,stage4_n3__from__n0059__c02,"['stage1_n4__from__root__c04', 'stage2_n4__from__n0004__c04', 'stage3_n3__from__n0018__c01', 'stage4_n3__from__n0059__c02']",0.6666666666666666,2,ps_safe_prefix_mass,full_tree_child_marginal_at_switch
risky_ps_linear,25,26,3,"['stage1_n4__from__root__c04', 'stage2_n4__from__n0004__c04', 'stage3_n4__from__n0018__c02']",stage3_n4__from__n0018__c02,1,stage4_n2__from__n0060__c01,"['stage1_n4__from__root__c04', 'stage2_n4__from__n0004__c04', 'stage3_n4__from__n0018__c02', 'stage4_n2__from__n0060__c01']",0.25,4,ps_risky_marginal_mixture,full_tree_child_marginal_at_switch
risky_ps_linear,25,26,3,"['stage1_n4__from__root__c04', 'stage2_n4__from__n0004__c04', 'stage3_n4__from__n0018__c02']",stage3_n4__from__n0018__c02,2,stage4_n3__from__n0060__c02,"['stage1_n4__from__root__c04', 'stage2_n4__from__n0004__c04', 'stage3_n4__from__n0018__c02', 'stage4_n3__from__n0060__c02']",0.25,4,ps_risky_marginal_mixture,full_tree_child_marginal_at_switch
risky_ps_linear,25,26,3,"['stage1_n4__from__root__c04', 'stage2_n4__from__n0004__c04', 'stage3_n4__from__n0018__c02']",stage3_n4__from__n0018__c02,3,stage4_n4__from__n0060__c03,"['stage1_n4__from__root__c04', 'stage2_n4__from__n0004__c04', 'stage3_n4__from__n0018__c02', 'stage4_n4__from__n0060__c03']",0.25,4,ps_risky_marginal_mixture,full_tree_child_marginal_at_switch
risky_ps_linear,25,26,3,"['stage1_n4__from__root__c04', 'stage2_n4__from__n0004__c04', 'stage3_n4__from__n0018__c02']",stage3_n4__from__n0018__c02,4,stage4_n5__from__n0060__c04,"['stage1_n4__from__root__c04', 'stage2_n4__from__n0004__c04', 'stage3_n4__from__n0018__c02', 'stage4_n5__from__n0060__c04']",0.25,4,ps_risky_marginal_mixture,full_tree_child_marginal_at_switch
risky_ps_linear,25,26,3,"['stage1_n4__from__root__c04', 'stage2_n4__from__n0004__c04', 'stage3_n5__from__n0018__c03']",stage3_n5__from__n0018__c03,1,stage4_n2__from__n0061__c01,"['stage1_n4__from__root__c04', 'stage2_n4__from__n0004__c04', 'stage3_n5__from__n0018__c03', 'stage4_n2__from__n0061__c01']",0.3324977898126059,4,ps_risky_marginal_mixture,full_tree_child_marginal_at_switch
risky_ps_linear,25,26,3,"['stage1_n4__from__root__c04', 'stage2_n4__from__n0004__c04', 'stage3_n5__from__n0018__c03']",stage3_n5__from__n0018__c03,2,stage4_n3__from__n0061__c02,"['stage1_n4__from__root__c04', 'stage2_n4__from__n0004__c04', 'stage3_n5__from__n0018__c03', 'stage4_n3__from__n0061__c02']",0.3324977898126059,4,ps_risky_marginal_mixture,full_tree_child_marginal_at_switch
risky_ps_linear,25,26,3,"['stage1_n4__from__root__c04', 'stage2_n4__from__n0004__c04', 'stage3_n5__from__n0018__c03']",stage3_n5__from__n0018__c03,3,stage4_n4__from__n0061__c03,"['stage1_n4__from__root__c04', 'stage2_n4__from__n0004__c04', 'stage3_n5__from__n0018__c03', 'stage4_n4__from__n0061__c03']",0.3324977898126059,4,ps_risky_marginal_mixture,full_tree_child_marginal_at_switch
risky_ps_linear,25,26,3,"['stage1_n4__from__root__c04', 'stage2_n4__from__n0004__c04', 'stage3_n5__from__n0018__c03']",stage3_n5__from__n0018__c03,4,stage4_n5__from__n0061__c04,"['stage1_n4__from__root__c04', 'stage2_n4__from__n0004__c04', 'stage3_n5__from__n0018__c03', 'stage4_n5__from__n0061__c04']",0.0025066305621822245,4,ps_risky_marginal_mixture,full_tree_child_marginal_at_switch
risky_ps_linear,25,26,3,"['stage1_n4__from__root__c04', 'stage2_n5__from__n0004__c05', 'stage3_n3__from__n0019__c01']",stage3_n3__from__n0019__c01,1,stage4_n2__from__n0062__c01,"['stage1_n4__from__root__c04', 'stage2_n5__from__n0004__c05', 'stage3_n3__from__n0019__c01', 'stage4_n2__from__n0062__c01']",0.3333333333333333,2,ps_safe_prefix_mass,full_tree_child_marginal_at_switch
risky_ps_linear,25,26,3,"['stage1_n4__from__root__c04', 'stage2_n5__from__n0004__c05', 'stage3_n3__from__n0019__c01']",stage3_n3__from__n0019__c01,2,stage4_n3__from__n0062__c02,"['stage1_n4__from__root__c04', 'stage2_n5__from__n0004__c05', 'stage3_n3__from__n0019__c01', 'stage4_n3__from__n0062__c02']",0.6666666666666666,2,ps_safe_prefix_mass,full_tree_child_marginal_at_switch
risky_ps_linear,25,26,3,"['stage1_n4__from__root__c04', 'stage2_n5__from__n0004__c05', 'stage3_n4__from__n0019__c02']",stage3_n4__from__n0019__c02,1,stage4_n2__from__n0063__c01,"['stage1_n4__from__root__c04', 'stage2_n5__from__n0004__c05', 'stage3_n4__from__n0019__c02', 'stage4_n2__from__n0063__c01']",0.25,4,ps_risky_marginal_mixture,full_tree_child_marginal_at_switch
risky_ps_linear,25,26,3,"['stage1_n4__from__root__c04', 'stage2_n5__from__n0004__c05', 'stage3_n4__from__n0019__c02']",stage3_n4__from__n0019__c02,2,stage4_n3__from__n0063__c02,"['stage1_n4__from__root__c04', 'stage2_n5__from__n0004__c05', 'stage3_n4__from__n0019__c02', 'stage4_n3__from__n0063__c02']",0.25,4,ps_risky_marginal_mixture,full_tree_child_marginal_at_switch
risky_ps_linear,25,26,3,"['stage1_n4__from__root__c04', 'stage2_n5__from__n0004__c05', 'stage3_n4__from__n0019__c02']",stage3_n4__from__n0019__c02,3,stage4_n4__from__n0063__c03,"['stage1_n4__from__root__c04', 'stage2_n5__from__n0004__c05', 'stage3_n4__from__n0019__c02', 'stage4_n4__from__n0063__c03']",0.25,4,ps_risky_marginal_mixture,full_tree_child_marginal_at_switch
risky_ps_linear,25,26,3,"['stage1_n4__from__root__c04', 'stage2_n5__from__n0004__c05', 'stage3_n4__from__n0019__c02']",stage3_n4__from__n0019__c02,4,stage4_n5__from__n0063__c04,"['stage1_n4__from__root__c04', 'stage2_n5__from__n0004__c05', 'stage3_n4__from__n0019__c02', 'stage4_n5__from__n0063__c04']",0.25,4,ps_risky_marginal_mixture,full_tree_child_marginal_at_switch
risky_ps_linear,25,26,3,"['stage1_n4__from__root__c04', 'stage2_n5__from__n0004__c05', 'stage3_n5__from__n0019__c03']",stage3_n5__from__n0019__c03,1,stage4_n2__from__n0064__c01,"['stage1_n4__from__root__c04', 'stage2_n5__from__n0004__c05', 'stage3_n5__from__n0019__c03', 'stage4_n2__from__n0064__c01']",0.25,4,ps_risky_marginal_mixture,full_tree_child_marginal_at_switch
risky_ps_linear,25,26,3,"['stage1_n4__from__root__c04', 'stage2_n5__from__n0004__c05', 'stage3_n5__from__n0019__c03']",stage3_n5__from__n0019__c03,2,stage4_n3__from__n0064__c02,"['stage1_n4__from__root__c04', 'stage2_n5__from__n0004__c05', 'stage3_n5__from__n0019__c03', 'stage4_n3__from__n0064__c02']",0.25,4,ps_risky_marginal_mixture,full_tree_child_marginal_at_switch
risky_ps_linear,25,26,3,"['stage1_n4__from__root__c04', 'stage2_n5__from__n0004__c05', 'stage3_n5__from__n0019__c03']",stage3_n5__from__n0019__c03,3,stage4_n4__from__n0064__c03,"['stage1_n4__from__root__c04', 'stage2_n5__from__n0004__c05', 'stage3_n5__from__n0019__c03', 'stage4_n4__from__n0064__c03']",0.25,4,ps_risky_marginal_mixture,full_tree_child_marginal_at_switch
risky_ps_linear,25,26,3,"['stage1_n4__from__root__c04', 'stage2_n5__from__n0004__c05', 'stage3_n5__from__n0019__c03']",stage3_n5__from__n0019__c03,4,stage4_n5__from__n0064__c04,"['stage1_n4__from__root__c04', 'stage2_n5__from__n0004__c05', 'stage3_n5__from__n0019__c03', 'stage4_n5__from__n0064__c04']",0.25,4,ps_risky_marginal_mixture,full_tree_child_marginal_at_switch
risky_ps_linear,25,26,3,"['stage1_n5__from__root__c05', 'stage2_n3__from__n0005__c01', 'stage3_n3__from__n0020__c01']",stage3_n3__from__n0020__c01,1,stage4_n2__from__n0065__c01,"['stage1_n5__from__root__c05', 'stage2_n3__from__n0005__c01', 'stage3_n3__from__n0020__c01', 'stage4_n2__from__n0065__c01']",0.39999999999992,2,ps_safe_prefix_mass,full_tree_child_marginal_at_switch
risky_ps_linear,25,26,3,"['stage1_n5__from__root__c05', 'stage2_n3__from__n0005__c01', 'stage3_n3__from__n0020__c01']",stage3_n3__from__n0020__c01,2,stage4_n3__from__n0065__c02,"['stage1_n5__from__root__c05', 'stage2_n3__from__n0005__c01', 'stage3_n3__from__n0020__c01', 'stage4_n3__from__n0065__c02']",0.60000000000008,2,ps_safe_prefix_mass,full_tree_child_marginal_at_switch
risky_ps_linear,25,26,3,"['stage1_n5__from__root__c05', 'stage2_n3__from__n0005__c01', 'stage3_n4__from__n0020__c02']",stage3_n4__from__n0020__c02,1,stage4_n2__from__n0066__c01,"['stage1_n5__from__root__c05', 'stage2_n3__from__n0005__c01', 'stage3_n4__from__n0020__c02', 'stage4_n2__from__n0066__c01']",0.25,4,ps_risky_marginal_mixture,full_tree_child_marginal_at_switch
risky_ps_linear,25,26,3,"['stage1_n5__from__root__c05', 'stage2_n3__from__n0005__c01', 'stage3_n4__from__n0020__c02']",stage3_n4__from__n0020__c02,2,stage4_n3__from__n0066__c02,"['stage1_n5__from__root__c05', 'stage2_n3__from__n0005__c01', 'stage3_n4__from__n0020__c02', 'stage4_n3__from__n0066__c02']",0.25,4,ps_risky_marginal_mixture,full_tree_child_marginal_at_switch
risky_ps_linear,25,26,3,"['stage1_n5__from__root__c05', 'stage2_n3__from__n0005__c01', 'stage3_n4__from__n0020__c02']",stage3_n4__from__n0020__c02,3,stage4_n4__from__n0066__c03,"['stage1_n5__from__root__c05', 'stage2_n3__from__n0005__c01', 'stage3_n4__from__n0020__c02', 'stage4_n4__from__n0066__c03']",0.25,4,ps_risky_marginal_mixture,full_tree_child_marginal_at_switch
risky_ps_linear,25,26,3,"['stage1_n5__from__root__c05', 'stage2_n3__from__n0005__c01', 'stage3_n4__from__n0020__c02']",stage3_n4__from__n0020__c02,4,stage4_n5__from__n0066__c04,"['stage1_n5__from__root__c05', 'stage2_n3__from__n0005__c01', 'stage3_n4__from__n0020__c02', 'stage4_n5__from__n0066__c04']",0.25,4,ps_risky_marginal_mixture,full_tree_child_marginal_at_switch
risky_ps_linear,25,26,3,"['stage1_n5__from__root__c05', 'stage2_n3__from__n0005__c01', 'stage3_n5__from__n0020__c03']",stage3_n5__from__n0020__c03,1,stage4_n2__from__n0067__c01,"['stage1_n5__from__root__c05', 'stage2_n3__from__n0005__c01', 'stage3_n5__from__n0020__c03', 'stage4_n2__from__n0067__c01']",0.3322324404925414,4,ps_risky_marginal_mixture,full_tree_child_marginal_at_switch
risky_ps_linear,25,26,3,"['stage1_n5__from__root__c05', 'stage2_n3__from__n0005__c01', 'stage3_n5__from__n0020__c03']",stage3_n5__from__n0020__c03,2,stage4_n3__from__n0067__c02,"['stage1_n5__from__root__c05', 'stage2_n3__from__n0005__c01', 'stage3_n5__from__n0020__c03', 'stage4_n3__from__n0067__c02']",0.003302678522375723,4,ps_risky_marginal_mixture,full_tree_child_marginal_at_switch
risky_ps_linear,25,26,3,"['stage1_n5__from__root__c05', 'stage2_n3__from__n0005__c01', 'stage3_n5__from__n0020__c03']",stage3_n5__from__n0020__c03,3,stage4_n4__from__n0067__c03,"['stage1_n5__from__root__c05', 'stage2_n3__from__n0005__c01', 'stage3_n5__from__n0020__c03', 'stage4_n4__from__n0067__c03']",0.3322324404925414,4,ps_risky_marginal_mixture,full_tree_child_marginal_at_switch
risky_ps_linear,25,26,3,"['stage1_n5__from__root__c05', 'stage2_n3__from__n0005__c01', 'stage3_n5__from__n0020__c03']",stage3_n5__from__n0020__c03,4,stage4_n5__from__n0067__c04,"['stage1_n5__from__root__c05', 'stage2_n3__from__n0005__c01', 'stage3_n5__from__n0020__c03', 'stage4_n5__from__n0067__c04']",0.3322324404925414,4,ps_risky_marginal_mixture,full_tree_child_marginal_at_switch
risky_ps_linear,25,26,3,"['stage1_n5__from__root__c05', 'stage2_n4__from__n0005__c02', 'stage3_n3__from__n0021__c01']",stage3_n3__from__n0021__c01,1,stage4_n2__from__n0068__c01,"['stage1_n5__from__root__c05', 'stage2_n4__from__n0005__c02', 'stage3_n3__from__n0021__c01', 'stage4_n2__from__n0068__c01']",0.3333333333333333,2,ps_safe_prefix_mass,full_tree_child_marginal_at_switch
risky_ps_linear,25,26,3,"['stage1_n5__from__root__c05', 'stage2_n4__from__n0005__c02', 'stage3_n3__from__n0021__c01']",stage3_n3__from__n0021__c01,2,stage4_n3__from__n0068__c02,"['stage1_n5__from__root__c05', 'stage2_n4__from__n0005__c02', 'stage3_n3__from__n0021__c01', 'stage4_n3__from__n0068__c02']",0.6666666666666666,2,ps_safe_prefix_mass,full_tree_child_marginal_at_switch
risky_ps_linear,25,26,3,"['stage1_n5__from__root__c05', 'stage2_n4__from__n0005__c02', 'stage3_n4__from__n0021__c02']",stage3_n4__from__n0021__c02,1,stage4_n2__from__n0069__c01,"['stage1_n5__from__root__c05', 'stage2_n4__from__n0005__c02', 'stage3_n4__from__n0021__c02', 'stage4_n2__from__n0069__c01']",0.25,4,ps_risky_marginal_mixture,full_tree_child_marginal_at_switch
risky_ps_linear,25,26,3,"['stage1_n5__from__root__c05', 'stage2_n4__from__n0005__c02', 'stage3_n4__from__n0021__c02']",stage3_n4__from__n0021__c02,2,stage4_n3__from__n0069__c02,"['stage1_n5__from__root__c05', 'stage2_n4__from__n0005__c02', 'stage3_n4__from__n0021__c02', 'stage4_n3__from__n0069__c02']",0.25,4,ps_risky_marginal_mixture,full_tree_child_marginal_at_switch
risky_ps_linear,25,26,3,"['stage1_n5__from__root__c05', 'stage2_n4__from__n0005__c02', 'stage3_n4__from__n0021__c02']",stage3_n4__from__n0021__c02,3,stage4_n4__from__n0069__c03,"['stage1_n5__from__root__c05', 'stage2_n4__from__n0005__c02', 'stage3_n4__from__n0021__c02', 'stage4_n4__from__n0069__c03']",0.25,4,ps_risky_marginal_mixture,full_tree_child_marginal_at_switch
risky_ps_linear,25,26,3,"['stage1_n5__from__root__c05', 'stage2_n4__from__n0005__c02', 'stage3_n4__from__n0021__c02']",stage3_n4__from__n0021__c02,4,stage4_n5__from__n0069__c04,"['stage1_n5__from__root__c05', 'stage2_n4__from__n0005__c02', 'stage3_n4__from__n0021__c02', 'stage4_n5__from__n0069__c04']",0.25,4,ps_risky_marginal_mixture,full_tree_child_marginal_at_switch
risky_ps_linear,25,26,3,"['stage1_n5__from__root__c05', 'stage2_n4__from__n0005__c02', 'stage3_n5__from__n0021__c03']",stage3_n5__from__n0021__c03,1,stage4_n2__from__n0070__c01,"['stage1_n5__from__root__c05', 'stage2_n4__from__n0005__c02', 'stage3_n5__from__n0021__c03', 'stage4_n2__from__n0070__c01']",0.25,4,ps_risky_marginal_mixture,full_tree_child_marginal_at_switch
risky_ps_linear,25,26,3,"['stage1_n5__from__root__c05', 'stage2_n4__from__n0005__c02', 'stage3_n5__from__n0021__c03']",stage3_n5__from__n0021__c03,2,stage4_n3__from__n0070__c02,"['stage1_n5__from__root__c05', 'stage2_n4__from__n0005__c02', 'stage3_n5__from__n0021__c03', 'stage4_n3__from__n0070__c02']",0.25,4,ps_risky_marginal_mixture,full_tree_child_marginal_at_switch
risky_ps_linear,25,26,3,"['stage1_n5__from__root__c05', 'stage2_n4__from__n0005__c02', 'stage3_n5__from__n0021__c03']",stage3_n5__from__n0021__c03,3,stage4_n4__from__n0070__c03,"['stage1_n5__from__root__c05', 'stage2_n4__from__n0005__c02', 'stage3_n5__from__n0021__c03', 'stage4_n4__from__n0070__c03']",0.25,4,ps_risky_marginal_mixture,full_tree_child_marginal_at_switch
risky_ps_linear,25,26,3,"['stage1_n5__from__root__c05', 'stage2_n4__from__n0005__c02', 'stage3_n5__from__n0021__c03']",stage3_n5__from__n0021__c03,4,stage4_n5__from__n0070__c04,"['stage1_n5__from__root__c05', 'stage2_n4__from__n0005__c02', 'stage3_n5__from__n0021__c03', 'stage4_n5__from__n0070__c04']",0.25,4,ps_risky_marginal_mixture,full_tree_child_marginal_at_switch
risky_ps_linear,25,26,3,"['stage1_n5__from__root__c05', 'stage2_n5__from__n0005__c03', 'stage3_n3__from__n0022__c01']",stage3_n3__from__n0022__c01,1,stage4_n2__from__n0071__c01,"['stage1_n5__from__root__c05', 'stage2_n5__from__n0005__c03', 'stage3_n3__from__n0022__c01', 'stage4_n2__from__n0071__c01']",0.3333333333333333,2,ps_safe_prefix_mass,full_tree_child_marginal_at_switch
risky_ps_linear,25,26,3,"['stage1_n5__from__root__c05', 'stage2_n5__from__n0005__c03', 'stage3_n3__from__n0022__c01']",stage3_n3__from__n0022__c01,2,stage4_n3__from__n0071__c02,"['stage1_n5__from__root__c05', 'stage2_n5__from__n0005__c03', 'stage3_n3__from__n0022__c01', 'stage4_n3__from__n0071__c02']",0.6666666666666666,2,ps_safe_prefix_mass,full_tree_child_marginal_at_switch
risky_ps_linear,25,26,3,"['stage1_n5__from__root__c05', 'stage2_n5__from__n0005__c03', 'stage3_n4__from__n0022__c02']",stage3_n4__from__n0022__c02,1,stage4_n2__from__n0072__c01,"['stage1_n5__from__root__c05', 'stage2_n5__from__n0005__c03', 'stage3_n4__from__n0022__c02', 'stage4_n2__from__n0072__c01']",0.3324965286728698,4,ps_risky_marginal_mixture,full_tree_child_marginal_at_switch
risky_ps_linear,25,26,3,"['stage1_n5__from__root__c05', 'stage2_n5__from__n0005__c03', 'stage3_n4__from__n0022__c02']",stage3_n4__from__n0022__c02,2,stage4_n3__from__n0072__c02,"['stage1_n5__from__root__c05', 'stage2_n5__from__n0005__c03', 'stage3_n4__from__n0022__c02', 'stage4_n3__from__n0072__c02']",0.3324965286728698,4,ps_risky_marginal_mixture,full_tree_child_marginal_at_switch
risky_ps_linear,25,26,3,"['stage1_n5__from__root__c05', 'stage2_n5__from__n0005__c03', 'stage3_n4__from__n0022__c02']",stage3_n4__from__n0022__c02,3,stage4_n4__from__n0072__c03,"['stage1_n5__from__root__c05', 'stage2_n5__from__n0005__c03', 'stage3_n4__from__n0022__c02', 'stage4_n4__from__n0072__c03']",0.002510413981390786,4,ps_risky_marginal_mixture,full_tree_child_marginal_at_switch
risky_ps_linear,25,26,3,"['stage1_n5__from__root__c05', 'stage2_n5__from__n0005__c03', 'stage3_n4__from__n0022__c02']",stage3_n4__from__n0022__c02,4,stage4_n5__from__n0072__c04,"['stage1_n5__from__root__c05', 'stage2_n5__from__n0005__c03', 'stage3_n4__from__n0022__c02', 'stage4_n5__from__n0072__c04']",0.3324965286728698,4,ps_risky_marginal_mixture,full_tree_child_marginal_at_switch
risky_ps_linear,25,26,3,"['stage1_n5__from__root__c05', 'stage2_n5__from__n0005__c03', 'stage3_n5__from__n0022__c03']",stage3_n5__from__n0022__c03,1,stage4_n2__from__n0073__c01,"['stage1_n5__from__root__c05', 'stage2_n5__from__n0005__c03', 'stage3_n5__from__n0022__c03', 'stage4_n2__from__n0073__c01']",0.0025034196983243265,4,ps_risky_marginal_mixture,full_tree_child_marginal_at_switch
risky_ps_linear,25,26,3,"['stage1_n5__from__root__c05', 'stage2_n5__from__n0005__c03', 'stage3_n5__from__n0022__c03']",stage3_n5__from__n0022__c03,2,stage4_n3__from__n0073__c02,"['stage1_n5__from__root__c05', 'stage2_n5__from__n0005__c03', 'stage3_n5__from__n0022__c03', 'stage4_n3__from__n0073__c02']",0.33249886010055857,4,ps_risky_marginal_mixture,full_tree_child_marginal_at_switch
risky_ps_linear,25,26,3,"['stage1_n5__from__root__c05', 'stage2_n5__from__n0005__c03', 'stage3_n5__from__n0022__c03']",stage3_n5__from__n0022__c03,3,stage4_n4__from__n0073__c03,"['stage1_n5__from__root__c05', 'stage2_n5__from__n0005__c03', 'stage3_n5__from__n0022__c03', 'stage4_n4__from__n0073__c03']",0.33249886010055857,4,ps_risky_marginal_mixture,full_tree_child_marginal_at_switch
risky_ps_linear,25,26,3,"['stage1_n5__from__root__c05', 'stage2_n5__from__n0005__c03', 'stage3_n5__from__n0022__c03']",stage3_n5__from__n0022__c03,4,stage4_n5__from__n0073__c04,"['stage1_n5__from__root__c05', 'stage2_n5__from__n0005__c03', 'stage3_n5__from__n0022__c03', 'stage4_n5__from__n0073__c04']",0.33249886010055857,4,ps_risky_marginal_mixture,full_tree_child_marginal_at_switch
risky_ps_linear,25,26,4,"['stage1_n1__from__root__c01', 'stage2_n1__from__n0001__c01', 'stage3_n1__from__n0006__c01', 'stage4_n1__from__n0023__c01']",stage4_n1__from__n0023__c01,1,stage5_n1__from__n0074__c01,"['stage1_n1__from__root__c01', 'stage2_n1__from__n0001__c01', 'stage3_n1__from__n0006__c01', 'stage4_n1__from__n0023__c01', 'stage5_n1__from__n0074__c01']",0.29049631579772384,2,ps_safe_prefix_mass,full_tree_child_marginal_at_switch
risky_ps_linear,25,26,4,"['stage1_n1__from__root__c01', 'stage2_n1__from__n0001__c01', 'stage3_n1__from__n0006__c01', 'stage4_n1__from__n0023__c01']",stage4_n1__from__n0023__c01,2,stage5_n2__from__n0074__c02,"['stage1_n1__from__root__c01', 'stage2_n1__from__n0001__c01', 'stage3_n1__from__n0006__c01', 'stage4_n1__from__n0023__c01', 'stage5_n2__from__n0074__c02']",0.7095036842022762,2,ps_safe_prefix_mass,full_tree_child_marginal_at_switch
risky_ps_linear,25,26,4,"['stage1_n1__from__root__c01', 'stage2_n1__from__n0001__c01', 'stage3_n2__from__n0006__c02', 'stage4_n1__from__n0024__c01']",stage4_n1__from__n0024__c01,1,stage5_n1__from__n0075__c01,"['stage1_n1__from__root__c01', 'stage2_n1__from__n0001__c01', 'stage3_n2__from__n0006__c02', 'stage4_n1__from__n0024__c01', 'stage5_n1__from__n0075__c01']",0.36942175641141434,2,ps_safe_prefix_mass,full_tree_child_marginal_at_switch
risky_ps_linear,25,26,4,"['stage1_n1__from__root__c01', 'stage2_n1__from__n0001__c01', 'stage3_n2__from__n0006__c02', 'stage4_n1__from__n0024__c01']",stage4_n1__from__n0024__c01,2,stage5_n2__from__n0075__c02,"['stage1_n1__from__root__c01', 'stage2_n1__from__n0001__c01', 'stage3_n2__from__n0006__c02', 'stage4_n1__from__n0024__c01', 'stage5_n2__from__n0075__c02']",0.6305782435885856,2,ps_safe_prefix_mass,full_tree_child_marginal_at_switch
risky_ps_linear,25,26,4,"['stage1_n1__from__root__c01', 'stage2_n2__from__n0001__c02', 'stage3_n2__from__n0007__c01', 'stage4_n1__from__n0025__c01']",stage4_n1__from__n0025__c01,1,stage5_n1__from__n0076__c01,"['stage1_n1__from__root__c01', 'stage2_n2__from__n0001__c02', 'stage3_n2__from__n0007__c01', 'stage4_n1__from__n0025__c01', 'stage5_n1__from__n0076__c01']",0.5,2,ps_safe_prefix_mass,full_tree_child_marginal_at_switch
risky_ps_linear,25,26,4,"['stage1_n1__from__root__c01', 'stage2_n2__from__n0001__c02', 'stage3_n2__from__n0007__c01', 'stage4_n1__from__n0025__c01']",stage4_n1__from__n0025__c01,2,stage5_n2__from__n0076__c02,"['stage1_n1__from__root__c01', 'stage2_n2__from__n0001__c02', 'stage3_n2__from__n0007__c01', 'stage4_n1__from__n0025__c01', 'stage5_n2__from__n0076__c02']",0.5,2,ps_safe_prefix_mass,full_tree_child_marginal_at_switch
risky_ps_linear,25,26,4,"['stage1_n1__from__root__c01', 'stage2_n2__from__n0001__c02', 'stage3_n3__from__n0007__c02', 'stage4_n2__from__n0026__c01']",stage4_n2__from__n0026__c01,1,stage5_n1__from__n0077__c01,"['stage1_n1__from__root__c01', 'stage2_n2__from__n0001__c02', 'stage3_n3__from__n0007__c02', 'stage4_n2__from__n0026__c01', 'stage5_n1__from__n0077__c01']",0.5,2,ps_safe_prefix_mass,full_tree_child_marginal_at_switch
risky_ps_linear,25,26,4,"['stage1_n1__from__root__c01', 'stage2_n2__from__n0001__c02', 'stage3_n3__from__n0007__c02', 'stage4_n2__from__n0026__c01']",stage4_n2__from__n0026__c01,2,stage5_n2__from__n0077__c02,"['stage1_n1__from__root__c01', 'stage2_n2__from__n0001__c02', 'stage3_n3__from__n0007__c02', 'stage4_n2__from__n0026__c01', 'stage5_n2__from__n0077__c02']",0.5,2,ps_safe_prefix_mass,full_tree_child_marginal_at_switch
risky_ps_linear,25,26,4,"['stage1_n1__from__root__c01', 'stage2_n2__from__n0001__c02', 'stage3_n3__from__n0007__c02', 'stage4_n3__from__n0026__c02']",stage4_n3__from__n0026__c02,1,stage5_n1__from__n0078__c01,"['stage1_n1__from__root__c01', 'stage2_n2__from__n0001__c02', 'stage3_n3__from__n0007__c02', 'stage4_n3__from__n0026__c02', 'stage5_n1__from__n0078__c01']",0.33333333333322224,4,ps_safe_prefix_mass,full_tree_child_marginal_at_switch
risky_ps_linear,25,26,4,"['stage1_n1__from__root__c01', 'stage2_n2__from__n0001__c02', 'stage3_n3__from__n0007__c02', 'stage4_n3__from__n0026__c02']",stage4_n3__from__n0026__c02,2,stage5_n2__from__n0078__c02,"['stage1_n1__from__root__c01', 'stage2_n2__from__n0001__c02', 'stage3_n3__from__n0007__c02', 'stage4_n3__from__n0026__c02', 'stage5_n2__from__n0078__c02']",0.33333333333322224,4,ps_safe_prefix_mass,full_tree_child_marginal_at_switch
risky_ps_linear,25,26,4,"['stage1_n1__from__root__c01', 'stage2_n2__from__n0001__c02', 'stage3_n3__from__n0007__c02', 'stage4_n3__from__n0026__c02']",stage4_n3__from__n0026__c02,3,stage5_n3__from__n0078__c03,"['stage1_n1__from__root__c01', 'stage2_n2__from__n0001__c02', 'stage3_n3__from__n0007__c02', 'stage4_n3__from__n0026__c02', 'stage5_n3__from__n0078__c03']",3.333333333332222e-13,4,ps_safe_prefix_mass,full_tree_child_marginal_at_switch
risky_ps_linear,25,26,4,"['stage1_n1__from__root__c01', 'stage2_n2__from__n0001__c02', 'stage3_n3__from__n0007__c02', 'stage4_n3__from__n0026__c02']",stage4_n3__from__n0026__c02,4,stage5_n4__from__n0078__c04,"['stage1_n1__from__root__c01', 'stage2_n2__from__n0001__c02', 'stage3_n3__from__n0007__c02', 'stage4_n3__from__n0026__c02', 'stage5_n4__from__n0078__c04']",0.33333333333322224,4,ps_safe_prefix_mass,full_tree_child_marginal_at_switch
risky_ps_linear,25,26,4,"['stage1_n1__from__root__c01', 'stage2_n2__from__n0001__c02', 'stage3_n4__from__n0007__c03', 'stage4_n2__from__n0027__c01']",stage4_n2__from__n0027__c01,1,stage5_n1__from__n0079__c01,"['stage1_n1__from__root__c01', 'stage2_n2__from__n0001__c02', 'stage3_n4__from__n0007__c03', 'stage4_n2__from__n0027__c01', 'stage5_n1__from__n0079__c01']",0.5,2,ps_safe_prefix_mass,full_tree_child_marginal_at_switch
risky_ps_linear,25,26,4,"['stage1_n1__from__root__c01', 'stage2_n2__from__n0001__c02', 'stage3_n4__from__n0007__c03', 'stage4_n2__from__n0027__c01']",stage4_n2__from__n0027__c01,2,stage5_n2__from__n0079__c02,"['stage1_n1__from__root__c01', 'stage2_n2__from__n0001__c02', 'stage3_n4__from__n0007__c03', 'stage4_n2__from__n0027__c01', 'stage5_n2__from__n0079__c02']",0.5,2,ps_safe_prefix_mass,full_tree_child_marginal_at_switch
risky_ps_linear,25,26,4,"['stage1_n1__from__root__c01', 'stage2_n2__from__n0001__c02', 'stage3_n4__from__n0007__c03', 'stage4_n3__from__n0027__c02']",stage4_n3__from__n0027__c02,1,stage5_n1__from__n0080__c01,"['stage1_n1__from__root__c01', 'stage2_n2__from__n0001__c02', 'stage3_n4__from__n0007__c03', 'stage4_n3__from__n0027__c02', 'stage5_n1__from__n0080__c01']",0.25,4,ps_safe_prefix_mass,full_tree_child_marginal_at_switch
risky_ps_linear,25,26,4,"['stage1_n1__from__root__c01', 'stage2_n2__from__n0001__c02', 'stage3_n4__from__n0007__c03', 'stage4_n3__from__n0027__c02']",stage4_n3__from__n0027__c02,2,stage5_n2__from__n0080__c02,"['stage1_n1__from__root__c01', 'stage2_n2__from__n0001__c02', 'stage3_n4__from__n0007__c03', 'stage4_n3__from__n0027__c02', 'stage5_n2__from__n0080__c02']",0.25,4,ps_safe_prefix_mass,full_tree_child_marginal_at_switch
risky_ps_linear,25,26,4,"['stage1_n1__from__root__c01', 'stage2_n2__from__n0001__c02', 'stage3_n4__from__n0007__c03', 'stage4_n3__from__n0027__c02']",stage4_n3__from__n0027__c02,3,stage5_n3__from__n0080__c03,"['stage1_n1__from__root__c01', 'stage2_n2__from__n0001__c02', 'stage3_n4__from__n0007__c03', 'stage4_n3__from__n0027__c02', 'stage5_n3__from__n0080__c03']",0.25,4,ps_safe_prefix_mass,full_tree_child_marginal_at_switch
risky_ps_linear,25,26,4,"['stage1_n1__from__root__c01', 'stage2_n2__from__n0001__c02', 'stage3_n4__from__n0007__c03', 'stage4_n3__from__n0027__c02']",stage4_n3__from__n0027__c02,4,stage5_n4__from__n0080__c04,"['stage1_n1__from__root__c01', 'stage2_n2__from__n0001__c02', 'stage3_n4__from__n0007__c03', 'stage4_n3__from__n0027__c02', 'stage5_n4__from__n0080__c04']",0.25,4,ps_safe_prefix_mass,full_tree_child_marginal_at_switch
risky_ps_linear,25,26,4,"['stage1_n1__from__root__c01', 'stage2_n2__from__n0001__c02', 'stage3_n4__from__n0007__c03', 'stage4_n4__from__n0027__c03']",stage4_n4__from__n0027__c03,1,stage5_n1__from__n0081__c01,"['stage1_n1__from__root__c01', 'stage2_n2__from__n0001__c02', 'stage3_n4__from__n0007__c03', 'stage4_n4__from__n0027__c03', 'stage5_n1__from__n0081__c01']",0.25,4,ps_risky_marginal_mixture,full_tree_child_marginal_at_switch
risky_ps_linear,25,26,4,"['stage1_n1__from__root__c01', 'stage2_n2__from__n0001__c02', 'stage3_n4__from__n0007__c03', 'stage4_n4__from__n0027__c03']",stage4_n4__from__n0027__c03,2,stage5_n3__from__n0081__c02,"['stage1_n1__from__root__c01', 'stage2_n2__from__n0001__c02', 'stage3_n4__from__n0007__c03', 'stage4_n4__from__n0027__c03', 'stage5_n3__from__n0081__c02']",0.25,4,ps_risky_marginal_mixture,full_tree_child_marginal_at_switch
risky_ps_linear,25,26,4,"['stage1_n1__from__root__c01', 'stage2_n2__from__n0001__c02', 'stage3_n4__from__n0007__c03', 'stage4_n4__from__n0027__c03']",stage4_n4__from__n0027__c03,3,stage5_n4__from__n0081__c03,"['stage1_n1__from__root__c01', 'stage2_n2__from__n0001__c02', 'stage3_n4__from__n0007__c03', 'stage4_n4__from__n0027__c03', 'stage5_n4__from__n0081__c03']",0.25,4,ps_risky_marginal_mixture,full_tree_child_marginal_at_switch
risky_ps_linear,25,26,4,"['stage1_n1__from__root__c01', 'stage2_n2__from__n0001__c02', 'stage3_n4__from__n0007__c03', 'stage4_n4__from__n0027__c03']",stage4_n4__from__n0027__c03,4,stage5_n5__from__n0081__c04,"['stage1_n1__from__root__c01', 'stage2_n2__from__n0001__c02', 'stage3_n4__from__n0007__c03', 'stage4_n4__from__n0027__c03', 'stage5_n5__from__n0081__c04']",0.25,4,ps_risky_marginal_mixture,full_tree_child_marginal_at_switch
risky_ps_linear,25,26,4,"['stage1_n1__from__root__c01', 'stage2_n2__from__n0001__c02', 'stage3_n4__from__n0007__c03', 'stage4_n5__from__n0027__c04']",stage4_n5__from__n0027__c04,1,stage5_n2__from__n0082__c01,"['stage1_n1__from__root__c01', 'stage2_n2__from__n0001__c02', 'stage3_n4__from__n0007__c03', 'stage4_n5__from__n0027__c04', 'stage5_n2__from__n0082__c01']",0.3333333333333333,3,ps_risky_marginal_mixture,full_tree_child_marginal_at_switch
risky_ps_linear,25,26,4,"['stage1_n1__from__root__c01', 'stage2_n2__from__n0001__c02', 'stage3_n4__from__n0007__c03', 'stage4_n5__from__n0027__c04']",stage4_n5__from__n0027__c04,2,stage5_n4__from__n0082__c02,"['stage1_n1__from__root__c01', 'stage2_n2__from__n0001__c02', 'stage3_n4__from__n0007__c03', 'stage4_n5__from__n0027__c04', 'stage5_n4__from__n0082__c02']",0.3333333333333333,3,ps_risky_marginal_mixture,full_tree_child_marginal_at_switch
risky_ps_linear,25,26,4,"['stage1_n1__from__root__c01', 'stage2_n2__from__n0001__c02', 'stage3_n4__from__n0007__c03', 'stage4_n5__from__n0027__c04']",stage4_n5__from__n0027__c04,3,stage5_n5__from__n0082__c03,"['stage1_n1__from__root__c01', 'stage2_n2__from__n0001__c02', 'stage3_n4__from__n0007__c03', 'stage4_n5__from__n0027__c04', 'stage5_n5__from__n0082__c03']",0.3333333333333333,3,ps_risky_marginal_mixture,full_tree_child_marginal_at_switch
risky_ps_linear,25,26,4,"['stage1_n1__from__root__c01', 'stage2_n2__from__n0001__c02', 'stage3_n5__from__n0007__c04', 'stage4_n2__from__n0028__c01']",stage4_n2__from__n0028__c01,1,stage5_n1__from__n0083__c01,"['stage1_n1__from__root__c01', 'stage2_n2__from__n0001__c02', 'stage3_n5__from__n0007__c04', 'stage4_n2__from__n0028__c01', 'stage5_n1__from__n0083__c01']",0.5,2,ps_safe_prefix_mass,full_tree_child_marginal_at_switch
risky_ps_linear,25,26,4,"['stage1_n1__from__root__c01', 'stage2_n2__from__n0001__c02', 'stage3_n5__from__n0007__c04', 'stage4_n2__from__n0028__c01']",stage4_n2__from__n0028__c01,2,stage5_n2__from__n0083__c02,"['stage1_n1__from__root__c01', 'stage2_n2__from__n0001__c02', 'stage3_n5__from__n0007__c04', 'stage4_n2__from__n0028__c01', 'stage5_n2__from__n0083__c02']",0.5,2,ps_safe_prefix_mass,full_tree_child_marginal_at_switch
risky_ps_linear,25,26,4,"['stage1_n1__from__root__c01', 'stage2_n2__from__n0001__c02', 'stage3_n5__from__n0007__c04', 'stage4_n3__from__n0028__c02']",stage4_n3__from__n0028__c02,1,stage5_n1__from__n0084__c01,"['stage1_n1__from__root__c01', 'stage2_n2__from__n0001__c02', 'stage3_n5__from__n0007__c04', 'stage4_n3__from__n0028__c02', 'stage5_n1__from__n0084__c01']",0.33333333333322224,4,ps_safe_prefix_mass,full_tree_child_marginal_at_switch
risky_ps_linear,25,26,4,"['stage1_n1__from__root__c01', 'stage2_n2__from__n0001__c02', 'stage3_n5__from__n0007__c04', 'stage4_n3__from__n0028__c02']",stage4_n3__from__n0028__c02,2,stage5_n2__from__n0084__c02,"['stage1_n1__from__root__c01', 'stage2_n2__from__n0001__c02', 'stage3_n5__from__n0007__c04', 'stage4_n3__from__n0028__c02', 'stage5_n2__from__n0084__c02']",3.333333333332222e-13,4,ps_safe_prefix_mass,full_tree_child_marginal_at_switch
risky_ps_linear,25,26,4,"['stage1_n1__from__root__c01', 'stage2_n2__from__n0001__c02', 'stage3_n5__from__n0007__c04', 'stage4_n3__from__n0028__c02']",stage4_n3__from__n0028__c02,3,stage5_n3__from__n0084__c03,"['stage1_n1__from__root__c01', 'stage2_n2__from__n0001__c02', 'stage3_n5__from__n0007__c04', 'stage4_n3__from__n0028__c02', 'stage5_n3__from__n0084__c03']",0.33333333333322224,4,ps_safe_prefix_mass,full_tree_child_marginal_at_switch
risky_ps_linear,25,26,4,"['stage1_n1__from__root__c01', 'stage2_n2__from__n0001__c02', 'stage3_n5__from__n0007__c04', 'stage4_n3__from__n0028__c02']",stage4_n3__from__n0028__c02,4,stage5_n4__from__n0084__c04,"['stage1_n1__from__root__c01', 'stage2_n2__from__n0001__c02', 'stage3_n5__from__n0007__c04', 'stage4_n3__from__n0028__c02', 'stage5_n4__from__n0084__c04']",0.33333333333322224,4,ps_safe_prefix_mass,full_tree_child_marginal_at_switch
risky_ps_linear,25,26,4,"['stage1_n1__from__root__c01', 'stage2_n2__from__n0001__c02', 'stage3_n5__from__n0007__c04', 'stage4_n4__from__n0028__c03']",stage4_n4__from__n0028__c03,1,stage5_n1__from__n0085__c01,"['stage1_n1__from__root__c01', 'stage2_n2__from__n0001__c02', 'stage3_n5__from__n0007__c04', 'stage4_n4__from__n0028__c03', 'stage5_n1__from__n0085__c01']",0.25,4,ps_risky_marginal_mixture,full_tree_child_marginal_at_switch
risky_ps_linear,25,26,4,"['stage1_n1__from__root__c01', 'stage2_n2__from__n0001__c02', 'stage3_n5__from__n0007__c04', 'stage4_n4__from__n0028__c03']",stage4_n4__from__n0028__c03,2,stage5_n3__from__n0085__c02,"['stage1_n1__from__root__c01', 'stage2_n2__from__n0001__c02', 'stage3_n5__from__n0007__c04', 'stage4_n4__from__n0028__c03', 'stage5_n3__from__n0085__c02']",0.25,4,ps_risky_marginal_mixture,full_tree_child_marginal_at_switch
risky_ps_linear,25,26,4,"['stage1_n1__from__root__c01', 'stage2_n2__from__n0001__c02', 'stage3_n5__from__n0007__c04', 'stage4_n4__from__n0028__c03']",stage4_n4__from__n0028__c03,3,stage5_n4__from__n0085__c03,"['stage1_n1__from__root__c01', 'stage2_n2__from__n0001__c02', 'stage3_n5__from__n0007__c04', 'stage4_n4__from__n0028__c03', 'stage5_n4__from__n0085__c03']",0.25,4,ps_risky_marginal_mixture,full_tree_child_marginal_at_switch
risky_ps_linear,25,26,4,"['stage1_n1__from__root__c01', 'stage2_n2__from__n0001__c02', 'stage3_n5__from__n0007__c04', 'stage4_n4__from__n0028__c03']",stage4_n4__from__n0028__c03,4,stage5_n5__from__n0085__c04,"['stage1_n1__from__root__c01', 'stage2_n2__from__n0001__c02', 'stage3_n5__from__n0007__c04', 'stage4_n4__from__n0028__c03', 'stage5_n5__from__n0085__c04']",0.25,4,ps_risky_marginal_mixture,full_tree_child_marginal_at_switch
risky_ps_linear,25,26,4,"['stage1_n1__from__root__c01', 'stage2_n2__from__n0001__c02', 'stage3_n5__from__n0007__c04', 'stage4_n5__from__n0028__c04']",stage4_n5__from__n0028__c04,1,stage5_n2__from__n0086__c01,"['stage1_n1__from__root__c01', 'stage2_n2__from__n0001__c02', 'stage3_n5__from__n0007__c04', 'stage4_n5__from__n0028__c04', 'stage5_n2__from__n0086__c01']",0.3333333333333333,3,ps_risky_marginal_mixture,full_tree_child_marginal_at_switch
risky_ps_linear,25,26,4,"['stage1_n1__from__root__c01', 'stage2_n2__from__n0001__c02', 'stage3_n5__from__n0007__c04', 'stage4_n5__from__n0028__c04']",stage4_n5__from__n0028__c04,2,stage5_n4__from__n0086__c02,"['stage1_n1__from__root__c01', 'stage2_n2__from__n0001__c02', 'stage3_n5__from__n0007__c04', 'stage4_n5__from__n0028__c04', 'stage5_n4__from__n0086__c02']",0.3333333333333333,3,ps_risky_marginal_mixture,full_tree_child_marginal_at_switch
risky_ps_linear,25,26,4,"['stage1_n1__from__root__c01', 'stage2_n2__from__n0001__c02', 'stage3_n5__from__n0007__c04', 'stage4_n5__from__n0028__c04']",stage4_n5__from__n0028__c04,3,stage5_n5__from__n0086__c03,"['stage1_n1__from__root__c01', 'stage2_n2__from__n0001__c02', 'stage3_n5__from__n0007__c04', 'stage4_n5__from__n0028__c04', 'stage5_n5__from__n0086__c03']",0.3333333333333333,3,ps_risky_marginal_mixture,full_tree_child_marginal_at_switch
risky_ps_linear,25,26,4,"['stage1_n1__from__root__c01', 'stage2_n3__from__n0001__c03', 'stage3_n3__from__n0008__c01', 'stage4_n2__from__n0029__c01']",stage4_n2__from__n0029__c01,1,stage5_n1__from__n0087__c01,"['stage1_n1__from__root__c01', 'stage2_n3__from__n0001__c03', 'stage3_n3__from__n0008__c01', 'stage4_n2__from__n0029__c01', 'stage5_n1__from__n0087__c01']",0.999999999999,2,ps_safe_prefix_mass,full_tree_child_marginal_at_switch
risky_ps_linear,25,26,4,"['stage1_n1__from__root__c01', 'stage2_n3__from__n0001__c03', 'stage3_n3__from__n0008__c01', 'stage4_n2__from__n0029__c01']",stage4_n2__from__n0029__c01,2,stage5_n2__from__n0087__c02,"['stage1_n1__from__root__c01', 'stage2_n3__from__n0001__c03', 'stage3_n3__from__n0008__c01', 'stage4_n2__from__n0029__c01', 'stage5_n2__from__n0087__c02']",9.999999999990001e-13,2,ps_safe_prefix_mass,full_tree_child_marginal_at_switch
risky_ps_linear,25,26,4,"['stage1_n1__from__root__c01', 'stage2_n3__from__n0001__c03', 'stage3_n3__from__n0008__c01', 'stage4_n3__from__n0029__c02']",stage4_n3__from__n0029__c02,1,stage5_n1__from__n0088__c01,"['stage1_n1__from__root__c01', 'stage2_n3__from__n0001__c03', 'stage3_n3__from__n0008__c01', 'stage4_n3__from__n0029__c02', 'stage5_n1__from__n0088__c01']",0.25,4,ps_safe_prefix_mass,full_tree_child_marginal_at_switch
risky_ps_linear,25,26,4,"['stage1_n1__from__root__c01', 'stage2_n3__from__n0001__c03', 'stage3_n3__from__n0008__c01', 'stage4_n3__from__n0029__c02']",stage4_n3__from__n0029__c02,2,stage5_n2__from__n0088__c02,"['stage1_n1__from__root__c01', 'stage2_n3__from__n0001__c03', 'stage3_n3__from__n0008__c01', 'stage4_n3__from__n0029__c02', 'stage5_n2__from__n0088__c02']",0.25,4,ps_safe_prefix_mass,full_tree_child_marginal_at_switch
risky_ps_linear,25,26,4,"['stage1_n1__from__root__c01', 'stage2_n3__from__n0001__c03', 'stage3_n3__from__n0008__c01', 'stage4_n3__from__n0029__c02']",stage4_n3__from__n0029__c02,3,stage5_n3__from__n0088__c03,"['stage1_n1__from__root__c01', 'stage2_n3__from__n0001__c03', 'stage3_n3__from__n0008__c01', 'stage4_n3__from__n0029__c02', 'stage5_n3__from__n0088__c03']",0.25,4,ps_safe_prefix_mass,full_tree_child_marginal_at_switch
risky_ps_linear,25,26,4,"['stage1_n1__from__root__c01', 'stage2_n3__from__n0001__c03', 'stage3_n3__from__n0008__c01', 'stage4_n3__from__n0029__c02']",stage4_n3__from__n0029__c02,4,stage5_n4__from__n0088__c04,"['stage1_n1__from__root__c01', 'stage2_n3__from__n0001__c03', 'stage3_n3__from__n0008__c01', 'stage4_n3__from__n0029__c02', 'stage5_n4__from__n0088__c04']",0.25,4,ps_safe_prefix_mass,full_tree_child_marginal_at_switch
risky_ps_linear,25,26,4,"['stage1_n1__from__root__c01', 'stage2_n3__from__n0001__c03', 'stage3_n4__from__n0008__c02', 'stage4_n2__from__n0030__c01']",stage4_n2__from__n0030__c01,1,stage5_n1__from__n0089__c01,"['stage1_n1__from__root__c01', 'stage2_n3__from__n0001__c03', 'stage3_n4__from__n0008__c02', 'stage4_n2__from__n0030__c01', 'stage5_n1__from__n0089__c01']",0.5,2,ps_safe_prefix_mass,full_tree_child_marginal_at_switch
risky_ps_linear,25,26,4,"['stage1_n1__from__root__c01', 'stage2_n3__from__n0001__c03', 'stage3_n4__from__n0008__c02', 'stage4_n2__from__n0030__c01']",stage4_n2__from__n0030__c01,2,stage5_n2__from__n0089__c02,"['stage1_n1__from__root__c01', 'stage2_n3__from__n0001__c03', 'stage3_n4__from__n0008__c02', 'stage4_n2__from__n0030__c01', 'stage5_n2__from__n0089__c02']",0.5,2,ps_safe_prefix_mass,full_tree_child_marginal_at_switch
risky_ps_linear,25,26,4,"['stage1_n1__from__root__c01', 'stage2_n3__from__n0001__c03', 'stage3_n4__from__n0008__c02', 'stage4_n3__from__n0030__c02']",stage4_n3__from__n0030__c02,1,stage5_n1__from__n0090__c01,"['stage1_n1__from__root__c01', 'stage2_n3__from__n0001__c03', 'stage3_n4__from__n0008__c02', 'stage4_n3__from__n0030__c02', 'stage5_n1__from__n0090__c01']",0.25,4,ps_safe_prefix_mass,full_tree_child_marginal_at_switch
risky_ps_linear,25,26,4,"['stage1_n1__from__root__c01', 'stage2_n3__from__n0001__c03', 'stage3_n4__from__n0008__c02', 'stage4_n3__from__n0030__c02']",stage4_n3__from__n0030__c02,2,stage5_n2__from__n0090__c02,"['stage1_n1__from__root__c01', 'stage2_n3__from__n0001__c03', 'stage3_n4__from__n0008__c02', 'stage4_n3__from__n0030__c02', 'stage5_n2__from__n0090__c02']",0.25,4,ps_safe_prefix_mass,full_tree_child_marginal_at_switch
risky_ps_linear,25,26,4,"['stage1_n1__from__root__c01', 'stage2_n3__from__n0001__c03', 'stage3_n4__from__n0008__c02', 'stage4_n3__from__n0030__c02']",stage4_n3__from__n0030__c02,3,stage5_n3__from__n0090__c03,"['stage1_n1__from__root__c01', 'stage2_n3__from__n0001__c03', 'stage3_n4__from__n0008__c02', 'stage4_n3__from__n0030__c02', 'stage5_n3__from__n0090__c03']",0.25,4,ps_safe_prefix_mass,full_tree_child_marginal_at_switch
risky_ps_linear,25,26,4,"['stage1_n1__from__root__c01', 'stage2_n3__from__n0001__c03', 'stage3_n4__from__n0008__c02', 'stage4_n3__from__n0030__c02']",stage4_n3__from__n0030__c02,4,stage5_n4__from__n0090__c04,"['stage1_n1__from__root__c01', 'stage2_n3__from__n0001__c03', 'stage3_n4__from__n0008__c02', 'stage4_n3__from__n0030__c02', 'stage5_n4__from__n0090__c04']",0.25,4,ps_safe_prefix_mass,full_tree_child_marginal_at_switch
risky_ps_linear,25,26,4,"['stage1_n1__from__root__c01', 'stage2_n3__from__n0001__c03', 'stage3_n4__from__n0008__c02', 'stage4_n4__from__n0030__c03']",stage4_n4__from__n0030__c03,1,stage5_n1__from__n0091__c01,"['stage1_n1__from__root__c01', 'stage2_n3__from__n0001__c03', 'stage3_n4__from__n0008__c02', 'stage4_n4__from__n0030__c03', 'stage5_n1__from__n0091__c01']",0.25,4,ps_risky_marginal_mixture,full_tree_child_marginal_at_switch
risky_ps_linear,25,26,4,"['stage1_n1__from__root__c01', 'stage2_n3__from__n0001__c03', 'stage3_n4__from__n0008__c02', 'stage4_n4__from__n0030__c03']",stage4_n4__from__n0030__c03,2,stage5_n3__from__n0091__c02,"['stage1_n1__from__root__c01', 'stage2_n3__from__n0001__c03', 'stage3_n4__from__n0008__c02', 'stage4_n4__from__n0030__c03', 'stage5_n3__from__n0091__c02']",0.25,4,ps_risky_marginal_mixture,full_tree_child_marginal_at_switch
risky_ps_linear,25,26,4,"['stage1_n1__from__root__c01', 'stage2_n3__from__n0001__c03', 'stage3_n4__from__n0008__c02', 'stage4_n4__from__n0030__c03']",stage4_n4__from__n0030__c03,3,stage5_n4__from__n0091__c03,"['stage1_n1__from__root__c01', 'stage2_n3__from__n0001__c03', 'stage3_n4__from__n0008__c02', 'stage4_n4__from__n0030__c03', 'stage5_n4__from__n0091__c03']",0.25,4,ps_risky_marginal_mixture,full_tree_child_marginal_at_switch
risky_ps_linear,25,26,4,"['stage1_n1__from__root__c01', 'stage2_n3__from__n0001__c03', 'stage3_n4__from__n0008__c02', 'stage4_n4__from__n0030__c03']",stage4_n4__from__n0030__c03,4,stage5_n5__from__n0091__c04,"['stage1_n1__from__root__c01', 'stage2_n3__from__n0001__c03', 'stage3_n4__from__n0008__c02', 'stage4_n4__from__n0030__c03', 'stage5_n5__from__n0091__c04']",0.25,4,ps_risky_marginal_mixture,full_tree_child_marginal_at_switch
risky_ps_linear,25,26,4,"['stage1_n1__from__root__c01', 'stage2_n3__from__n0001__c03', 'stage3_n4__from__n0008__c02', 'stage4_n5__from__n0030__c04']",stage4_n5__from__n0030__c04,1,stage5_n2__from__n0092__c01,"['stage1_n1__from__root__c01', 'stage2_n3__from__n0001__c03', 'stage3_n4__from__n0008__c02', 'stage4_n5__from__n0030__c04', 'stage5_n2__from__n0092__c01']",0.3333333333333333,3,ps_risky_marginal_mixture,full_tree_child_marginal_at_switch
risky_ps_linear,25,26,4,"['stage1_n1__from__root__c01', 'stage2_n3__from__n0001__c03', 'stage3_n4__from__n0008__c02', 'stage4_n5__from__n0030__c04']",stage4_n5__from__n0030__c04,2,stage5_n4__from__n0092__c02,"['stage1_n1__from__root__c01', 'stage2_n3__from__n0001__c03', 'stage3_n4__from__n0008__c02', 'stage4_n5__from__n0030__c04', 'stage5_n4__from__n0092__c02']",0.3333333333333333,3,ps_risky_marginal_mixture,full_tree_child_marginal_at_switch
risky_ps_linear,25,26,4,"['stage1_n1__from__root__c01', 'stage2_n3__from__n0001__c03', 'stage3_n4__from__n0008__c02', 'stage4_n5__from__n0030__c04']",stage4_n5__from__n0030__c04,3,stage5_n5__from__n0092__c03,"['stage1_n1__from__root__c01', 'stage2_n3__from__n0001__c03', 'stage3_n4__from__n0008__c02', 'stage4_n5__from__n0030__c04', 'stage5_n5__from__n0092__c03']",0.3333333333333333,3,ps_risky_marginal_mixture,full_tree_child_marginal_at_switch
risky_ps_linear,25,26,4,"['stage1_n1__from__root__c01', 'stage2_n3__from__n0001__c03', 'stage3_n5__from__n0008__c03', 'stage4_n2__from__n0031__c01']",stage4_n2__from__n0031__c01,1,stage5_n1__from__n0093__c01,"['stage1_n1__from__root__c01', 'stage2_n3__from__n0001__c03', 'stage3_n5__from__n0008__c03', 'stage4_n2__from__n0031__c01', 'stage5_n1__from__n0093__c01']",0.5,2,ps_safe_prefix_mass,full_tree_child_marginal_at_switch
risky_ps_linear,25,26,4,"['stage1_n1__from__root__c01', 'stage2_n3__from__n0001__c03', 'stage3_n5__from__n0008__c03', 'stage4_n2__from__n0031__c01']",stage4_n2__from__n0031__c01,2,stage5_n2__from__n0093__c02,"['stage1_n1__from__root__c01', 'stage2_n3__from__n0001__c03', 'stage3_n5__from__n0008__c03', 'stage4_n2__from__n0031__c01', 'stage5_n2__from__n0093__c02']",0.5,2,ps_safe_prefix_mass,full_tree_child_marginal_at_switch
risky_ps_linear,25,26,4,"['stage1_n1__from__root__c01', 'stage2_n3__from__n0001__c03', 'stage3_n5__from__n0008__c03', 'stage4_n3__from__n0031__c02']",stage4_n3__from__n0031__c02,1,stage5_n1__from__n0094__c01,"['stage1_n1__from__root__c01', 'stage2_n3__from__n0001__c03', 'stage3_n5__from__n0008__c03', 'stage4_n3__from__n0031__c02', 'stage5_n1__from__n0094__c01']",0.25,4,ps_safe_prefix_mass,full_tree_child_marginal_at_switch
risky_ps_linear,25,26,4,"['stage1_n1__from__root__c01', 'stage2_n3__from__n0001__c03', 'stage3_n5__from__n0008__c03', 'stage4_n3__from__n0031__c02']",stage4_n3__from__n0031__c02,2,stage5_n2__from__n0094__c02,"['stage1_n1__from__root__c01', 'stage2_n3__from__n0001__c03', 'stage3_n5__from__n0008__c03', 'stage4_n3__from__n0031__c02', 'stage5_n2__from__n0094__c02']",0.25,4,ps_safe_prefix_mass,full_tree_child_marginal_at_switch
risky_ps_linear,25,26,4,"['stage1_n1__from__root__c01', 'stage2_n3__from__n0001__c03', 'stage3_n5__from__n0008__c03', 'stage4_n3__from__n0031__c02']",stage4_n3__from__n0031__c02,3,stage5_n3__from__n0094__c03,"['stage1_n1__from__root__c01', 'stage2_n3__from__n0001__c03', 'stage3_n5__from__n0008__c03', 'stage4_n3__from__n0031__c02', 'stage5_n3__from__n0094__c03']",0.25,4,ps_safe_prefix_mass,full_tree_child_marginal_at_switch
risky_ps_linear,25,26,4,"['stage1_n1__from__root__c01', 'stage2_n3__from__n0001__c03', 'stage3_n5__from__n0008__c03', 'stage4_n3__from__n0031__c02']",stage4_n3__from__n0031__c02,4,stage5_n4__from__n0094__c04,"['stage1_n1__from__root__c01', 'stage2_n3__from__n0001__c03', 'stage3_n5__from__n0008__c03', 'stage4_n3__from__n0031__c02', 'stage5_n4__from__n0094__c04']",0.25,4,ps_safe_prefix_mass,full_tree_child_marginal_at_switch
risky_ps_linear,25,26,4,"['stage1_n1__from__root__c01', 'stage2_n3__from__n0001__c03', 'stage3_n5__from__n0008__c03', 'stage4_n4__from__n0031__c03']",stage4_n4__from__n0031__c03,1,stage5_n1__from__n0095__c01,"['stage1_n1__from__root__c01', 'stage2_n3__from__n0001__c03', 'stage3_n5__from__n0008__c03', 'stage4_n4__from__n0031__c03', 'stage5_n1__from__n0095__c01']",0.25,4,ps_risky_marginal_mixture,full_tree_child_marginal_at_switch
risky_ps_linear,25,26,4,"['stage1_n1__from__root__c01', 'stage2_n3__from__n0001__c03', 'stage3_n5__from__n0008__c03', 'stage4_n4__from__n0031__c03']",stage4_n4__from__n0031__c03,2,stage5_n3__from__n0095__c02,"['stage1_n1__from__root__c01', 'stage2_n3__from__n0001__c03', 'stage3_n5__from__n0008__c03', 'stage4_n4__from__n0031__c03', 'stage5_n3__from__n0095__c02']",0.25,4,ps_risky_marginal_mixture,full_tree_child_marginal_at_switch
risky_ps_linear,25,26,4,"['stage1_n1__from__root__c01', 'stage2_n3__from__n0001__c03', 'stage3_n5__from__n0008__c03', 'stage4_n4__from__n0031__c03']",stage4_n4__from__n0031__c03,3,stage5_n4__from__n0095__c03,"['stage1_n1__from__root__c01', 'stage2_n3__from__n0001__c03', 'stage3_n5__from__n0008__c03', 'stage4_n4__from__n0031__c03', 'stage5_n4__from__n0095__c03']",0.25,4,ps_risky_marginal_mixture,full_tree_child_marginal_at_switch
risky_ps_linear,25,26,4,"['stage1_n1__from__root__c01', 'stage2_n3__from__n0001__c03', 'stage3_n5__from__n0008__c03', 'stage4_n4__from__n0031__c03']",stage4_n4__from__n0031__c03,4,stage5_n5__from__n0095__c04,"['stage1_n1__from__root__c01', 'stage2_n3__from__n0001__c03', 'stage3_n5__from__n0008__c03', 'stage4_n4__from__n0031__c03', 'stage5_n5__from__n0095__c04']",0.25,4,ps_risky_marginal_mixture,full_tree_child_marginal_at_switch
risky_ps_linear,25,26,4,"['stage1_n1__from__root__c01', 'stage2_n3__from__n0001__c03', 'stage3_n5__from__n0008__c03', 'stage4_n5__from__n0031__c04']",stage4_n5__from__n0031__c04,1,stage5_n2__from__n0096__c01,"['stage1_n1__from__root__c01', 'stage2_n3__from__n0001__c03', 'stage3_n5__from__n0008__c03', 'stage4_n5__from__n0031__c04', 'stage5_n2__from__n0096__c01']",0.3333333333333333,3,ps_risky_marginal_mixture,full_tree_child_marginal_at_switch
risky_ps_linear,25,26,4,"['stage1_n1__from__root__c01', 'stage2_n3__from__n0001__c03', 'stage3_n5__from__n0008__c03', 'stage4_n5__from__n0031__c04']",stage4_n5__from__n0031__c04,2,stage5_n4__from__n0096__c02,"['stage1_n1__from__root__c01', 'stage2_n3__from__n0001__c03', 'stage3_n5__from__n0008__c03', 'stage4_n5__from__n0031__c04', 'stage5_n4__from__n0096__c02']",0.3333333333333333,3,ps_risky_marginal_mixture,full_tree_child_marginal_at_switch
risky_ps_linear,25,26,4,"['stage1_n1__from__root__c01', 'stage2_n3__from__n0001__c03', 'stage3_n5__from__n0008__c03', 'stage4_n5__from__n0031__c04']",stage4_n5__from__n0031__c04,3,stage5_n5__from__n0096__c03,"['stage1_n1__from__root__c01', 'stage2_n3__from__n0001__c03', 'stage3_n5__from__n0008__c03', 'stage4_n5__from__n0031__c04', 'stage5_n5__from__n0096__c03']",0.3333333333333333,3,ps_risky_marginal_mixture,full_tree_child_marginal_at_switch
risky_ps_linear,25,26,4,"['stage1_n2__from__root__c02', 'stage2_n1__from__n0002__c01', 'stage3_n1__from__n0009__c01', 'stage4_n1__from__n0032__c01']",stage4_n1__from__n0032__c01,1,stage5_n1__from__n0097__c01,"['stage1_n2__from__root__c02', 'stage2_n1__from__n0002__c01', 'stage3_n1__from__n0009__c01', 'stage4_n1__from__n0032__c01', 'stage5_n1__from__n0097__c01']",0.3871505699649877,2,ps_safe_prefix_mass,full_tree_child_marginal_at_switch
risky_ps_linear,25,26,4,"['stage1_n2__from__root__c02', 'stage2_n1__from__n0002__c01', 'stage3_n1__from__n0009__c01', 'stage4_n1__from__n0032__c01']",stage4_n1__from__n0032__c01,2,stage5_n2__from__n0097__c02,"['stage1_n2__from__root__c02', 'stage2_n1__from__n0002__c01', 'stage3_n1__from__n0009__c01', 'stage4_n1__from__n0032__c01', 'stage5_n2__from__n0097__c02']",0.6128494300350122,2,ps_safe_prefix_mass,full_tree_child_marginal_at_switch
risky_ps_linear,25,26,4,"['stage1_n2__from__root__c02', 'stage2_n1__from__n0002__c01', 'stage3_n2__from__n0009__c02', 'stage4_n1__from__n0033__c01']",stage4_n1__from__n0033__c01,1,stage5_n1__from__n0098__c01,"['stage1_n2__from__root__c02', 'stage2_n1__from__n0002__c01', 'stage3_n2__from__n0009__c02', 'stage4_n1__from__n0033__c01', 'stage5_n1__from__n0098__c01']",0.5,2,ps_safe_prefix_mass,full_tree_child_marginal_at_switch
risky_ps_linear,25,26,4,"['stage1_n2__from__root__c02', 'stage2_n1__from__n0002__c01', 'stage3_n2__from__n0009__c02', 'stage4_n1__from__n0033__c01']",stage4_n1__from__n0033__c01,2,stage5_n2__from__n0098__c02,"['stage1_n2__from__root__c02', 'stage2_n1__from__n0002__c01', 'stage3_n2__from__n0009__c02', 'stage4_n1__from__n0033__c01', 'stage5_n2__from__n0098__c02']",0.5,2,ps_safe_prefix_mass,full_tree_child_marginal_at_switch
risky_ps_linear,25,26,4,"['stage1_n2__from__root__c02', 'stage2_n2__from__n0002__c02', 'stage3_n2__from__n0010__c01', 'stage4_n1__from__n0034__c01']",stage4_n1__from__n0034__c01,1,stage5_n1__from__n0099__c01,"['stage1_n2__from__root__c02', 'stage2_n2__from__n0002__c02', 'stage3_n2__from__n0010__c01', 'stage4_n1__from__n0034__c01', 'stage5_n1__from__n0099__c01']",9.999999999990001e-13,2,ps_safe_prefix_mass,full_tree_child_marginal_at_switch
risky_ps_linear,25,26,4,"['stage1_n2__from__root__c02', 'stage2_n2__from__n0002__c02', 'stage3_n2__from__n0010__c01', 'stage4_n1__from__n0034__c01']",stage4_n1__from__n0034__c01,2,stage5_n2__from__n0099__c02,"['stage1_n2__from__root__c02', 'stage2_n2__from__n0002__c02', 'stage3_n2__from__n0010__c01', 'stage4_n1__from__n0034__c01', 'stage5_n2__from__n0099__c02']",0.999999999999,2,ps_safe_prefix_mass,full_tree_child_marginal_at_switch
risky_ps_linear,25,26,4,"['stage1_n2__from__root__c02', 'stage2_n2__from__n0002__c02', 'stage3_n3__from__n0010__c02', 'stage4_n2__from__n0035__c01']",stage4_n2__from__n0035__c01,1,stage5_n1__from__n0100__c01,"['stage1_n2__from__root__c02', 'stage2_n2__from__n0002__c02', 'stage3_n3__from__n0010__c02', 'stage4_n2__from__n0035__c01', 'stage5_n1__from__n0100__c01']",0.5,2,ps_safe_prefix_mass,full_tree_child_marginal_at_switch
risky_ps_linear,25,26,4,"['stage1_n2__from__root__c02', 'stage2_n2__from__n0002__c02', 'stage3_n3__from__n0010__c02', 'stage4_n2__from__n0035__c01']",stage4_n2__from__n0035__c01,2,stage5_n2__from__n0100__c02,"['stage1_n2__from__root__c02', 'stage2_n2__from__n0002__c02', 'stage3_n3__from__n0010__c02', 'stage4_n2__from__n0035__c01', 'stage5_n2__from__n0100__c02']",0.5,2,ps_safe_prefix_mass,full_tree_child_marginal_at_switch
risky_ps_linear,25,26,4,"['stage1_n2__from__root__c02', 'stage2_n2__from__n0002__c02', 'stage3_n3__from__n0010__c02', 'stage4_n3__from__n0035__c02']",stage4_n3__from__n0035__c02,1,stage5_n1__from__n0101__c01,"['stage1_n2__from__root__c02', 'stage2_n2__from__n0002__c02', 'stage3_n3__from__n0010__c02', 'stage4_n3__from__n0035__c02', 'stage5_n1__from__n0101__c01']",0.25,4,ps_safe_prefix_mass,full_tree_child_marginal_at_switch
risky_ps_linear,25,26,4,"['stage1_n2__from__root__c02', 'stage2_n2__from__n0002__c02', 'stage3_n3__from__n0010__c02', 'stage4_n3__from__n0035__c02']",stage4_n3__from__n0035__c02,2,stage5_n2__from__n0101__c02,"['stage1_n2__from__root__c02', 'stage2_n2__from__n0002__c02', 'stage3_n3__from__n0010__c02', 'stage4_n3__from__n0035__c02', 'stage5_n2__from__n0101__c02']",0.25,4,ps_safe_prefix_mass,full_tree_child_marginal_at_switch
risky_ps_linear,25,26,4,"['stage1_n2__from__root__c02', 'stage2_n2__from__n0002__c02', 'stage3_n3__from__n0010__c02', 'stage4_n3__from__n0035__c02']",stage4_n3__from__n0035__c02,3,stage5_n3__from__n0101__c03,"['stage1_n2__from__root__c02', 'stage2_n2__from__n0002__c02', 'stage3_n3__from__n0010__c02', 'stage4_n3__from__n0035__c02', 'stage5_n3__from__n0101__c03']",0.25,4,ps_safe_prefix_mass,full_tree_child_marginal_at_switch
risky_ps_linear,25,26,4,"['stage1_n2__from__root__c02', 'stage2_n2__from__n0002__c02', 'stage3_n3__from__n0010__c02', 'stage4_n3__from__n0035__c02']",stage4_n3__from__n0035__c02,4,stage5_n4__from__n0101__c04,"['stage1_n2__from__root__c02', 'stage2_n2__from__n0002__c02', 'stage3_n3__from__n0010__c02', 'stage4_n3__from__n0035__c02', 'stage5_n4__from__n0101__c04']",0.25,4,ps_safe_prefix_mass,full_tree_child_marginal_at_switch
risky_ps_linear,25,26,4,"['stage1_n2__from__root__c02', 'stage2_n2__from__n0002__c02', 'stage3_n4__from__n0010__c03', 'stage4_n2__from__n0036__c01']",stage4_n2__from__n0036__c01,1,stage5_n1__from__n0102__c01,"['stage1_n2__from__root__c02', 'stage2_n2__from__n0002__c02', 'stage3_n4__from__n0010__c03', 'stage4_n2__from__n0036__c01', 'stage5_n1__from__n0102__c01']",0.5,2,ps_safe_prefix_mass,full_tree_child_marginal_at_switch
risky_ps_linear,25,26,4,"['stage1_n2__from__root__c02', 'stage2_n2__from__n0002__c02', 'stage3_n4__from__n0010__c03', 'stage4_n2__from__n0036__c01']",stage4_n2__from__n0036__c01,2,stage5_n2__from__n0102__c02,"['stage1_n2__from__root__c02', 'stage2_n2__from__n0002__c02', 'stage3_n4__from__n0010__c03', 'stage4_n2__from__n0036__c01', 'stage5_n2__from__n0102__c02']",0.5,2,ps_safe_prefix_mass,full_tree_child_marginal_at_switch
risky_ps_linear,25,26,4,"['stage1_n2__from__root__c02', 'stage2_n2__from__n0002__c02', 'stage3_n4__from__n0010__c03', 'stage4_n3__from__n0036__c02']",stage4_n3__from__n0036__c02,1,stage5_n1__from__n0103__c01,"['stage1_n2__from__root__c02', 'stage2_n2__from__n0002__c02', 'stage3_n4__from__n0010__c03', 'stage4_n3__from__n0036__c02', 'stage5_n1__from__n0103__c01']",0.25,4,ps_safe_prefix_mass,full_tree_child_marginal_at_switch
risky_ps_linear,25,26,4,"['stage1_n2__from__root__c02', 'stage2_n2__from__n0002__c02', 'stage3_n4__from__n0010__c03', 'stage4_n3__from__n0036__c02']",stage4_n3__from__n0036__c02,2,stage5_n2__from__n0103__c02,"['stage1_n2__from__root__c02', 'stage2_n2__from__n0002__c02', 'stage3_n4__from__n0010__c03', 'stage4_n3__from__n0036__c02', 'stage5_n2__from__n0103__c02']",0.25,4,ps_safe_prefix_mass,full_tree_child_marginal_at_switch
risky_ps_linear,25,26,4,"['stage1_n2__from__root__c02', 'stage2_n2__from__n0002__c02', 'stage3_n4__from__n0010__c03', 'stage4_n3__from__n0036__c02']",stage4_n3__from__n0036__c02,3,stage5_n3__from__n0103__c03,"['stage1_n2__from__root__c02', 'stage2_n2__from__n0002__c02', 'stage3_n4__from__n0010__c03', 'stage4_n3__from__n0036__c02', 'stage5_n3__from__n0103__c03']",0.25,4,ps_safe_prefix_mass,full_tree_child_marginal_at_switch
risky_ps_linear,25,26,4,"['stage1_n2__from__root__c02', 'stage2_n2__from__n0002__c02', 'stage3_n4__from__n0010__c03', 'stage4_n3__from__n0036__c02']",stage4_n3__from__n0036__c02,4,stage5_n4__from__n0103__c04,"['stage1_n2__from__root__c02', 'stage2_n2__from__n0002__c02', 'stage3_n4__from__n0010__c03', 'stage4_n3__from__n0036__c02', 'stage5_n4__from__n0103__c04']",0.25,4,ps_safe_prefix_mass,full_tree_child_marginal_at_switch
risky_ps_linear,25,26,4,"['stage1_n2__from__root__c02', 'stage2_n2__from__n0002__c02', 'stage3_n4__from__n0010__c03', 'stage4_n4__from__n0036__c03']",stage4_n4__from__n0036__c03,1,stage5_n1__from__n0104__c01,"['stage1_n2__from__root__c02', 'stage2_n2__from__n0002__c02', 'stage3_n4__from__n0010__c03', 'stage4_n4__from__n0036__c03', 'stage5_n1__from__n0104__c01']",0.25,4,ps_risky_marginal_mixture,full_tree_child_marginal_at_switch
risky_ps_linear,25,26,4,"['stage1_n2__from__root__c02', 'stage2_n2__from__n0002__c02', 'stage3_n4__from__n0010__c03', 'stage4_n4__from__n0036__c03']",stage4_n4__from__n0036__c03,2,stage5_n3__from__n0104__c02,"['stage1_n2__from__root__c02', 'stage2_n2__from__n0002__c02', 'stage3_n4__from__n0010__c03', 'stage4_n4__from__n0036__c03', 'stage5_n3__from__n0104__c02']",0.25,4,ps_risky_marginal_mixture,full_tree_child_marginal_at_switch
risky_ps_linear,25,26,4,"['stage1_n2__from__root__c02', 'stage2_n2__from__n0002__c02', 'stage3_n4__from__n0010__c03', 'stage4_n4__from__n0036__c03']",stage4_n4__from__n0036__c03,3,stage5_n4__from__n0104__c03,"['stage1_n2__from__root__c02', 'stage2_n2__from__n0002__c02', 'stage3_n4__from__n0010__c03', 'stage4_n4__from__n0036__c03', 'stage5_n4__from__n0104__c03']",0.25,4,ps_risky_marginal_mixture,full_tree_child_marginal_at_switch
risky_ps_linear,25,26,4,"['stage1_n2__from__root__c02', 'stage2_n2__from__n0002__c02', 'stage3_n4__from__n0010__c03', 'stage4_n4__from__n0036__c03']",stage4_n4__from__n0036__c03,4,stage5_n5__from__n0104__c04,"['stage1_n2__from__root__c02', 'stage2_n2__from__n0002__c02', 'stage3_n4__from__n0010__c03', 'stage4_n4__from__n0036__c03', 'stage5_n5__from__n0104__c04']",0.25,4,ps_risky_marginal_mixture,full_tree_child_marginal_at_switch
risky_ps_linear,25,26,4,"['stage1_n2__from__root__c02', 'stage2_n2__from__n0002__c02', 'stage3_n4__from__n0010__c03', 'stage4_n5__from__n0036__c04']",stage4_n5__from__n0036__c04,1,stage5_n2__from__n0105__c01,"['stage1_n2__from__root__c02', 'stage2_n2__from__n0002__c02', 'stage3_n4__from__n0010__c03', 'stage4_n5__from__n0036__c04', 'stage5_n2__from__n0105__c01']",0.3333333333333333,3,ps_risky_marginal_mixture,full_tree_child_marginal_at_switch
risky_ps_linear,25,26,4,"['stage1_n2__from__root__c02', 'stage2_n2__from__n0002__c02', 'stage3_n4__from__n0010__c03', 'stage4_n5__from__n0036__c04']",stage4_n5__from__n0036__c04,2,stage5_n4__from__n0105__c02,"['stage1_n2__from__root__c02', 'stage2_n2__from__n0002__c02', 'stage3_n4__from__n0010__c03', 'stage4_n5__from__n0036__c04', 'stage5_n4__from__n0105__c02']",0.3333333333333333,3,ps_risky_marginal_mixture,full_tree_child_marginal_at_switch
risky_ps_linear,25,26,4,"['stage1_n2__from__root__c02', 'stage2_n2__from__n0002__c02', 'stage3_n4__from__n0010__c03', 'stage4_n5__from__n0036__c04']",stage4_n5__from__n0036__c04,3,stage5_n5__from__n0105__c03,"['stage1_n2__from__root__c02', 'stage2_n2__from__n0002__c02', 'stage3_n4__from__n0010__c03', 'stage4_n5__from__n0036__c04', 'stage5_n5__from__n0105__c03']",0.3333333333333333,3,ps_risky_marginal_mixture,full_tree_child_marginal_at_switch
risky_ps_linear,25,26,4,"['stage1_n2__from__root__c02', 'stage2_n2__from__n0002__c02', 'stage3_n5__from__n0010__c04', 'stage4_n2__from__n0037__c01']",stage4_n2__from__n0037__c01,1,stage5_n1__from__n0106__c01,"['stage1_n2__from__root__c02', 'stage2_n2__from__n0002__c02', 'stage3_n5__from__n0010__c04', 'stage4_n2__from__n0037__c01', 'stage5_n1__from__n0106__c01']",0.5,2,ps_safe_prefix_mass,full_tree_child_marginal_at_switch
risky_ps_linear,25,26,4,"['stage1_n2__from__root__c02', 'stage2_n2__from__n0002__c02', 'stage3_n5__from__n0010__c04', 'stage4_n2__from__n0037__c01']",stage4_n2__from__n0037__c01,2,stage5_n2__from__n0106__c02,"['stage1_n2__from__root__c02', 'stage2_n2__from__n0002__c02', 'stage3_n5__from__n0010__c04', 'stage4_n2__from__n0037__c01', 'stage5_n2__from__n0106__c02']",0.5,2,ps_safe_prefix_mass,full_tree_child_marginal_at_switch
risky_ps_linear,25,26,4,"['stage1_n2__from__root__c02', 'stage2_n2__from__n0002__c02', 'stage3_n5__from__n0010__c04', 'stage4_n3__from__n0037__c02']",stage4_n3__from__n0037__c02,1,stage5_n1__from__n0107__c01,"['stage1_n2__from__root__c02', 'stage2_n2__from__n0002__c02', 'stage3_n5__from__n0010__c04', 'stage4_n3__from__n0037__c02', 'stage5_n1__from__n0107__c01']",0.33333333333322224,4,ps_safe_prefix_mass,full_tree_child_marginal_at_switch
risky_ps_linear,25,26,4,"['stage1_n2__from__root__c02', 'stage2_n2__from__n0002__c02', 'stage3_n5__from__n0010__c04', 'stage4_n3__from__n0037__c02']",stage4_n3__from__n0037__c02,2,stage5_n2__from__n0107__c02,"['stage1_n2__from__root__c02', 'stage2_n2__from__n0002__c02', 'stage3_n5__from__n0010__c04', 'stage4_n3__from__n0037__c02', 'stage5_n2__from__n0107__c02']",0.33333333333322224,4,ps_safe_prefix_mass,full_tree_child_marginal_at_switch
risky_ps_linear,25,26,4,"['stage1_n2__from__root__c02', 'stage2_n2__from__n0002__c02', 'stage3_n5__from__n0010__c04', 'stage4_n3__from__n0037__c02']",stage4_n3__from__n0037__c02,3,stage5_n3__from__n0107__c03,"['stage1_n2__from__root__c02', 'stage2_n2__from__n0002__c02', 'stage3_n5__from__n0010__c04', 'stage4_n3__from__n0037__c02', 'stage5_n3__from__n0107__c03']",3.333333333332222e-13,4,ps_safe_prefix_mass,full_tree_child_marginal_at_switch
risky_ps_linear,25,26,4,"['stage1_n2__from__root__c02', 'stage2_n2__from__n0002__c02', 'stage3_n5__from__n0010__c04', 'stage4_n3__from__n0037__c02']",stage4_n3__from__n0037__c02,4,stage5_n4__from__n0107__c04,"['stage1_n2__from__root__c02', 'stage2_n2__from__n0002__c02', 'stage3_n5__from__n0010__c04', 'stage4_n3__from__n0037__c02', 'stage5_n4__from__n0107__c04']",0.33333333333322224,4,ps_safe_prefix_mass,full_tree_child_marginal_at_switch
risky_ps_linear,25,26,4,"['stage1_n2__from__root__c02', 'stage2_n2__from__n0002__c02', 'stage3_n5__from__n0010__c04', 'stage4_n4__from__n0037__c03']",stage4_n4__from__n0037__c03,1,stage5_n1__from__n0108__c01,"['stage1_n2__from__root__c02', 'stage2_n2__from__n0002__c02', 'stage3_n5__from__n0010__c04', 'stage4_n4__from__n0037__c03', 'stage5_n1__from__n0108__c01']",0.25,4,ps_risky_marginal_mixture,full_tree_child_marginal_at_switch
risky_ps_linear,25,26,4,"['stage1_n2__from__root__c02', 'stage2_n2__from__n0002__c02', 'stage3_n5__from__n0010__c04', 'stage4_n4__from__n0037__c03']",stage4_n4__from__n0037__c03,2,stage5_n3__from__n0108__c02,"['stage1_n2__from__root__c02', 'stage2_n2__from__n0002__c02', 'stage3_n5__from__n0010__c04', 'stage4_n4__from__n0037__c03', 'stage5_n3__from__n0108__c02']",0.25,4,ps_risky_marginal_mixture,full_tree_child_marginal_at_switch
risky_ps_linear,25,26,4,"['stage1_n2__from__root__c02', 'stage2_n2__from__n0002__c02', 'stage3_n5__from__n0010__c04', 'stage4_n4__from__n0037__c03']",stage4_n4__from__n0037__c03,3,stage5_n4__from__n0108__c03,"['stage1_n2__from__root__c02', 'stage2_n2__from__n0002__c02', 'stage3_n5__from__n0010__c04', 'stage4_n4__from__n0037__c03', 'stage5_n4__from__n0108__c03']",0.25,4,ps_risky_marginal_mixture,full_tree_child_marginal_at_switch
risky_ps_linear,25,26,4,"['stage1_n2__from__root__c02', 'stage2_n2__from__n0002__c02', 'stage3_n5__from__n0010__c04', 'stage4_n4__from__n0037__c03']",stage4_n4__from__n0037__c03,4,stage5_n5__from__n0108__c04,"['stage1_n2__from__root__c02', 'stage2_n2__from__n0002__c02', 'stage3_n5__from__n0010__c04', 'stage4_n4__from__n0037__c03', 'stage5_n5__from__n0108__c04']",0.25,4,ps_risky_marginal_mixture,full_tree_child_marginal_at_switch
risky_ps_linear,25,26,4,"['stage1_n2__from__root__c02', 'stage2_n2__from__n0002__c02', 'stage3_n5__from__n0010__c04', 'stage4_n5__from__n0037__c04']",stage4_n5__from__n0037__c04,1,stage5_n2__from__n0109__c01,"['stage1_n2__from__root__c02', 'stage2_n2__from__n0002__c02', 'stage3_n5__from__n0010__c04', 'stage4_n5__from__n0037__c04', 'stage5_n2__from__n0109__c01']",0.3333333333333333,3,ps_risky_marginal_mixture,full_tree_child_marginal_at_switch
risky_ps_linear,25,26,4,"['stage1_n2__from__root__c02', 'stage2_n2__from__n0002__c02', 'stage3_n5__from__n0010__c04', 'stage4_n5__from__n0037__c04']",stage4_n5__from__n0037__c04,2,stage5_n4__from__n0109__c02,"['stage1_n2__from__root__c02', 'stage2_n2__from__n0002__c02', 'stage3_n5__from__n0010__c04', 'stage4_n5__from__n0037__c04', 'stage5_n4__from__n0109__c02']",0.3333333333333333,3,ps_risky_marginal_mixture,full_tree_child_marginal_at_switch
risky_ps_linear,25,26,4,"['stage1_n2__from__root__c02', 'stage2_n2__from__n0002__c02', 'stage3_n5__from__n0010__c04', 'stage4_n5__from__n0037__c04']",stage4_n5__from__n0037__c04,3,stage5_n5__from__n0109__c03,"['stage1_n2__from__root__c02', 'stage2_n2__from__n0002__c02', 'stage3_n5__from__n0010__c04', 'stage4_n5__from__n0037__c04', 'stage5_n5__from__n0109__c03']",0.3333333333333333,3,ps_risky_marginal_mixture,full_tree_child_marginal_at_switch
risky_ps_linear,25,26,4,"['stage1_n2__from__root__c02', 'stage2_n3__from__n0002__c03', 'stage3_n3__from__n0011__c01', 'stage4_n2__from__n0038__c01']",stage4_n2__from__n0038__c01,1,stage5_n1__from__n0110__c01,"['stage1_n2__from__root__c02', 'stage2_n3__from__n0002__c03', 'stage3_n3__from__n0011__c01', 'stage4_n2__from__n0038__c01', 'stage5_n1__from__n0110__c01']",0.999999999999,2,ps_safe_prefix_mass,full_tree_child_marginal_at_switch
risky_ps_linear,25,26,4,"['stage1_n2__from__root__c02', 'stage2_n3__from__n0002__c03', 'stage3_n3__from__n0011__c01', 'stage4_n2__from__n0038__c01']",stage4_n2__from__n0038__c01,2,stage5_n2__from__n0110__c02,"['stage1_n2__from__root__c02', 'stage2_n3__from__n0002__c03', 'stage3_n3__from__n0011__c01', 'stage4_n2__from__n0038__c01', 'stage5_n2__from__n0110__c02']",9.999999999990001e-13,2,ps_safe_prefix_mass,full_tree_child_marginal_at_switch
risky_ps_linear,25,26,4,"['stage1_n2__from__root__c02', 'stage2_n3__from__n0002__c03', 'stage3_n3__from__n0011__c01', 'stage4_n3__from__n0038__c02']",stage4_n3__from__n0038__c02,1,stage5_n1__from__n0111__c01,"['stage1_n2__from__root__c02', 'stage2_n3__from__n0002__c03', 'stage3_n3__from__n0011__c01', 'stage4_n3__from__n0038__c02', 'stage5_n1__from__n0111__c01']",0.25,4,ps_safe_prefix_mass,full_tree_child_marginal_at_switch
risky_ps_linear,25,26,4,"['stage1_n2__from__root__c02', 'stage2_n3__from__n0002__c03', 'stage3_n3__from__n0011__c01', 'stage4_n3__from__n0038__c02']",stage4_n3__from__n0038__c02,2,stage5_n2__from__n0111__c02,"['stage1_n2__from__root__c02', 'stage2_n3__from__n0002__c03', 'stage3_n3__from__n0011__c01', 'stage4_n3__from__n0038__c02', 'stage5_n2__from__n0111__c02']",0.25,4,ps_safe_prefix_mass,full_tree_child_marginal_at_switch
risky_ps_linear,25,26,4,"['stage1_n2__from__root__c02', 'stage2_n3__from__n0002__c03', 'stage3_n3__from__n0011__c01', 'stage4_n3__from__n0038__c02']",stage4_n3__from__n0038__c02,3,stage5_n3__from__n0111__c03,"['stage1_n2__from__root__c02', 'stage2_n3__from__n0002__c03', 'stage3_n3__from__n0011__c01', 'stage4_n3__from__n0038__c02', 'stage5_n3__from__n0111__c03']",0.25,4,ps_safe_prefix_mass,full_tree_child_marginal_at_switch
risky_ps_linear,25,26,4,"['stage1_n2__from__root__c02', 'stage2_n3__from__n0002__c03', 'stage3_n3__from__n0011__c01', 'stage4_n3__from__n0038__c02']",stage4_n3__from__n0038__c02,4,stage5_n4__from__n0111__c04,"['stage1_n2__from__root__c02', 'stage2_n3__from__n0002__c03', 'stage3_n3__from__n0011__c01', 'stage4_n3__from__n0038__c02', 'stage5_n4__from__n0111__c04']",0.25,4,ps_safe_prefix_mass,full_tree_child_marginal_at_switch
risky_ps_linear,25,26,4,"['stage1_n2__from__root__c02', 'stage2_n3__from__n0002__c03', 'stage3_n4__from__n0011__c02', 'stage4_n2__from__n0039__c01']",stage4_n2__from__n0039__c01,1,stage5_n1__from__n0112__c01,"['stage1_n2__from__root__c02', 'stage2_n3__from__n0002__c03', 'stage3_n4__from__n0011__c02', 'stage4_n2__from__n0039__c01', 'stage5_n1__from__n0112__c01']",9.999999999990001e-13,2,ps_safe_prefix_mass,full_tree_child_marginal_at_switch
risky_ps_linear,25,26,4,"['stage1_n2__from__root__c02', 'stage2_n3__from__n0002__c03', 'stage3_n4__from__n0011__c02', 'stage4_n2__from__n0039__c01']",stage4_n2__from__n0039__c01,2,stage5_n2__from__n0112__c02,"['stage1_n2__from__root__c02', 'stage2_n3__from__n0002__c03', 'stage3_n4__from__n0011__c02', 'stage4_n2__from__n0039__c01', 'stage5_n2__from__n0112__c02']",0.999999999999,2,ps_safe_prefix_mass,full_tree_child_marginal_at_switch
risky_ps_linear,25,26,4,"['stage1_n2__from__root__c02', 'stage2_n3__from__n0002__c03', 'stage3_n4__from__n0011__c02', 'stage4_n3__from__n0039__c02']",stage4_n3__from__n0039__c02,1,stage5_n1__from__n0113__c01,"['stage1_n2__from__root__c02', 'stage2_n3__from__n0002__c03', 'stage3_n4__from__n0011__c02', 'stage4_n3__from__n0039__c02', 'stage5_n1__from__n0113__c01']",0.25,4,ps_safe_prefix_mass,full_tree_child_marginal_at_switch
risky_ps_linear,25,26,4,"['stage1_n2__from__root__c02', 'stage2_n3__from__n0002__c03', 'stage3_n4__from__n0011__c02', 'stage4_n3__from__n0039__c02']",stage4_n3__from__n0039__c02,2,stage5_n2__from__n0113__c02,"['stage1_n2__from__root__c02', 'stage2_n3__from__n0002__c03', 'stage3_n4__from__n0011__c02', 'stage4_n3__from__n0039__c02', 'stage5_n2__from__n0113__c02']",0.25,4,ps_safe_prefix_mass,full_tree_child_marginal_at_switch
risky_ps_linear,25,26,4,"['stage1_n2__from__root__c02', 'stage2_n3__from__n0002__c03', 'stage3_n4__from__n0011__c02', 'stage4_n3__from__n0039__c02']",stage4_n3__from__n0039__c02,3,stage5_n3__from__n0113__c03,"['stage1_n2__from__root__c02', 'stage2_n3__from__n0002__c03', 'stage3_n4__from__n0011__c02', 'stage4_n3__from__n0039__c02', 'stage5_n3__from__n0113__c03']",0.25,4,ps_safe_prefix_mass,full_tree_child_marginal_at_switch
risky_ps_linear,25,26,4,"['stage1_n2__from__root__c02', 'stage2_n3__from__n0002__c03', 'stage3_n4__from__n0011__c02', 'stage4_n3__from__n0039__c02']",stage4_n3__from__n0039__c02,4,stage5_n4__from__n0113__c04,"['stage1_n2__from__root__c02', 'stage2_n3__from__n0002__c03', 'stage3_n4__from__n0011__c02', 'stage4_n3__from__n0039__c02', 'stage5_n4__from__n0113__c04']",0.25,4,ps_safe_prefix_mass,full_tree_child_marginal_at_switch
risky_ps_linear,25,26,4,"['stage1_n2__from__root__c02', 'stage2_n3__from__n0002__c03', 'stage3_n4__from__n0011__c02', 'stage4_n4__from__n0039__c03']",stage4_n4__from__n0039__c03,1,stage5_n1__from__n0114__c01,"['stage1_n2__from__root__c02', 'stage2_n3__from__n0002__c03', 'stage3_n4__from__n0011__c02', 'stage4_n4__from__n0039__c03', 'stage5_n1__from__n0114__c01']",0.25,4,ps_risky_marginal_mixture,full_tree_child_marginal_at_switch
risky_ps_linear,25,26,4,"['stage1_n2__from__root__c02', 'stage2_n3__from__n0002__c03', 'stage3_n4__from__n0011__c02', 'stage4_n4__from__n0039__c03']",stage4_n4__from__n0039__c03,2,stage5_n3__from__n0114__c02,"['stage1_n2__from__root__c02', 'stage2_n3__from__n0002__c03', 'stage3_n4__from__n0011__c02', 'stage4_n4__from__n0039__c03', 'stage5_n3__from__n0114__c02']",0.25,4,ps_risky_marginal_mixture,full_tree_child_marginal_at_switch
risky_ps_linear,25,26,4,"['stage1_n2__from__root__c02', 'stage2_n3__from__n0002__c03', 'stage3_n4__from__n0011__c02', 'stage4_n4__from__n0039__c03']",stage4_n4__from__n0039__c03,3,stage5_n4__from__n0114__c03,"['stage1_n2__from__root__c02', 'stage2_n3__from__n0002__c03', 'stage3_n4__from__n0011__c02', 'stage4_n4__from__n0039__c03', 'stage5_n4__from__n0114__c03']",0.25,4,ps_risky_marginal_mixture,full_tree_child_marginal_at_switch
risky_ps_linear,25,26,4,"['stage1_n2__from__root__c02', 'stage2_n3__from__n0002__c03', 'stage3_n4__from__n0011__c02', 'stage4_n4__from__n0039__c03']",stage4_n4__from__n0039__c03,4,stage5_n5__from__n0114__c04,"['stage1_n2__from__root__c02', 'stage2_n3__from__n0002__c03', 'stage3_n4__from__n0011__c02', 'stage4_n4__from__n0039__c03', 'stage5_n5__from__n0114__c04']",0.25,4,ps_risky_marginal_mixture,full_tree_child_marginal_at_switch
risky_ps_linear,25,26,4,"['stage1_n2__from__root__c02', 'stage2_n3__from__n0002__c03', 'stage3_n4__from__n0011__c02', 'stage4_n5__from__n0039__c04']",stage4_n5__from__n0039__c04,1,stage5_n2__from__n0115__c01,"['stage1_n2__from__root__c02', 'stage2_n3__from__n0002__c03', 'stage3_n4__from__n0011__c02', 'stage4_n5__from__n0039__c04', 'stage5_n2__from__n0115__c01']",0.3333333333333333,3,ps_risky_marginal_mixture,full_tree_child_marginal_at_switch
risky_ps_linear,25,26,4,"['stage1_n2__from__root__c02', 'stage2_n3__from__n0002__c03', 'stage3_n4__from__n0011__c02', 'stage4_n5__from__n0039__c04']",stage4_n5__from__n0039__c04,2,stage5_n4__from__n0115__c02,"['stage1_n2__from__root__c02', 'stage2_n3__from__n0002__c03', 'stage3_n4__from__n0011__c02', 'stage4_n5__from__n0039__c04', 'stage5_n4__from__n0115__c02']",0.3333333333333333,3,ps_risky_marginal_mixture,full_tree_child_marginal_at_switch
risky_ps_linear,25,26,4,"['stage1_n2__from__root__c02', 'stage2_n3__from__n0002__c03', 'stage3_n4__from__n0011__c02', 'stage4_n5__from__n0039__c04']",stage4_n5__from__n0039__c04,3,stage5_n5__from__n0115__c03,"['stage1_n2__from__root__c02', 'stage2_n3__from__n0002__c03', 'stage3_n4__from__n0011__c02', 'stage4_n5__from__n0039__c04', 'stage5_n5__from__n0115__c03']",0.3333333333333333,3,ps_risky_marginal_mixture,full_tree_child_marginal_at_switch
risky_ps_linear,25,26,4,"['stage1_n2__from__root__c02', 'stage2_n3__from__n0002__c03', 'stage3_n5__from__n0011__c03', 'stage4_n2__from__n0040__c01']",stage4_n2__from__n0040__c01,1,stage5_n1__from__n0116__c01,"['stage1_n2__from__root__c02', 'stage2_n3__from__n0002__c03', 'stage3_n5__from__n0011__c03', 'stage4_n2__from__n0040__c01', 'stage5_n1__from__n0116__c01']",0.5,2,ps_safe_prefix_mass,full_tree_child_marginal_at_switch
risky_ps_linear,25,26,4,"['stage1_n2__from__root__c02', 'stage2_n3__from__n0002__c03', 'stage3_n5__from__n0011__c03', 'stage4_n2__from__n0040__c01']",stage4_n2__from__n0040__c01,2,stage5_n2__from__n0116__c02,"['stage1_n2__from__root__c02', 'stage2_n3__from__n0002__c03', 'stage3_n5__from__n0011__c03', 'stage4_n2__from__n0040__c01', 'stage5_n2__from__n0116__c02']",0.5,2,ps_safe_prefix_mass,full_tree_child_marginal_at_switch
risky_ps_linear,25,26,4,"['stage1_n2__from__root__c02', 'stage2_n3__from__n0002__c03', 'stage3_n5__from__n0011__c03', 'stage4_n3__from__n0040__c02']",stage4_n3__from__n0040__c02,1,stage5_n1__from__n0117__c01,"['stage1_n2__from__root__c02', 'stage2_n3__from__n0002__c03', 'stage3_n5__from__n0011__c03', 'stage4_n3__from__n0040__c02', 'stage5_n1__from__n0117__c01']",0.25,4,ps_safe_prefix_mass,full_tree_child_marginal_at_switch
risky_ps_linear,25,26,4,"['stage1_n2__from__root__c02', 'stage2_n3__from__n0002__c03', 'stage3_n5__from__n0011__c03', 'stage4_n3__from__n0040__c02']",stage4_n3__from__n0040__c02,2,stage5_n2__from__n0117__c02,"['stage1_n2__from__root__c02', 'stage2_n3__from__n0002__c03', 'stage3_n5__from__n0011__c03', 'stage4_n3__from__n0040__c02', 'stage5_n2__from__n0117__c02']",0.25,4,ps_safe_prefix_mass,full_tree_child_marginal_at_switch
risky_ps_linear,25,26,4,"['stage1_n2__from__root__c02', 'stage2_n3__from__n0002__c03', 'stage3_n5__from__n0011__c03', 'stage4_n3__from__n0040__c02']",stage4_n3__from__n0040__c02,3,stage5_n3__from__n0117__c03,"['stage1_n2__from__root__c02', 'stage2_n3__from__n0002__c03', 'stage3_n5__from__n0011__c03', 'stage4_n3__from__n0040__c02', 'stage5_n3__from__n0117__c03']",0.25,4,ps_safe_prefix_mass,full_tree_child_marginal_at_switch
risky_ps_linear,25,26,4,"['stage1_n2__from__root__c02', 'stage2_n3__from__n0002__c03', 'stage3_n5__from__n0011__c03', 'stage4_n3__from__n0040__c02']",stage4_n3__from__n0040__c02,4,stage5_n4__from__n0117__c04,"['stage1_n2__from__root__c02', 'stage2_n3__from__n0002__c03', 'stage3_n5__from__n0011__c03', 'stage4_n3__from__n0040__c02', 'stage5_n4__from__n0117__c04']",0.25,4,ps_safe_prefix_mass,full_tree_child_marginal_at_switch
risky_ps_linear,25,26,4,"['stage1_n2__from__root__c02', 'stage2_n3__from__n0002__c03', 'stage3_n5__from__n0011__c03', 'stage4_n4__from__n0040__c03']",stage4_n4__from__n0040__c03,1,stage5_n1__from__n0118__c01,"['stage1_n2__from__root__c02', 'stage2_n3__from__n0002__c03', 'stage3_n5__from__n0011__c03', 'stage4_n4__from__n0040__c03', 'stage5_n1__from__n0118__c01']",0.33249999999999996,4,ps_risky_marginal_mixture,full_tree_child_marginal_at_switch
risky_ps_linear,25,26,4,"['stage1_n2__from__root__c02', 'stage2_n3__from__n0002__c03', 'stage3_n5__from__n0011__c03', 'stage4_n4__from__n0040__c03']",stage4_n4__from__n0040__c03,2,stage5_n3__from__n0118__c02,"['stage1_n2__from__root__c02', 'stage2_n3__from__n0002__c03', 'stage3_n5__from__n0011__c03', 'stage4_n4__from__n0040__c03', 'stage5_n3__from__n0118__c02']",0.33249999999999996,4,ps_risky_marginal_mixture,full_tree_child_marginal_at_switch
risky_ps_linear,25,26,4,"['stage1_n2__from__root__c02', 'stage2_n3__from__n0002__c03', 'stage3_n5__from__n0011__c03', 'stage4_n4__from__n0040__c03']",stage4_n4__from__n0040__c03,3,stage5_n4__from__n0118__c03,"['stage1_n2__from__root__c02', 'stage2_n3__from__n0002__c03', 'stage3_n5__from__n0011__c03', 'stage4_n4__from__n0040__c03', 'stage5_n4__from__n0118__c03']",0.0025000000000001276,4,ps_risky_marginal_mixture,full_tree_child_marginal_at_switch
risky_ps_linear,25,26,4,"['stage1_n2__from__root__c02', 'stage2_n3__from__n0002__c03', 'stage3_n5__from__n0011__c03', 'stage4_n4__from__n0040__c03']",stage4_n4__from__n0040__c03,4,stage5_n5__from__n0118__c04,"['stage1_n2__from__root__c02', 'stage2_n3__from__n0002__c03', 'stage3_n5__from__n0011__c03', 'stage4_n4__from__n0040__c03', 'stage5_n5__from__n0118__c04']",0.33249999999999996,4,ps_risky_marginal_mixture,full_tree_child_marginal_at_switch
risky_ps_linear,25,26,4,"['stage1_n2__from__root__c02', 'stage2_n3__from__n0002__c03', 'stage3_n5__from__n0011__c03', 'stage4_n5__from__n0040__c04']",stage4_n5__from__n0040__c04,1,stage5_n2__from__n0119__c01,"['stage1_n2__from__root__c02', 'stage2_n3__from__n0002__c03', 'stage3_n5__from__n0011__c03', 'stage4_n5__from__n0040__c04', 'stage5_n2__from__n0119__c01']",0.3333333333333333,3,ps_risky_marginal_mixture,full_tree_child_marginal_at_switch
risky_ps_linear,25,26,4,"['stage1_n2__from__root__c02', 'stage2_n3__from__n0002__c03', 'stage3_n5__from__n0011__c03', 'stage4_n5__from__n0040__c04']",stage4_n5__from__n0040__c04,2,stage5_n4__from__n0119__c02,"['stage1_n2__from__root__c02', 'stage2_n3__from__n0002__c03', 'stage3_n5__from__n0011__c03', 'stage4_n5__from__n0040__c04', 'stage5_n4__from__n0119__c02']",0.3333333333333333,3,ps_risky_marginal_mixture,full_tree_child_marginal_at_switch
risky_ps_linear,25,26,4,"['stage1_n2__from__root__c02', 'stage2_n3__from__n0002__c03', 'stage3_n5__from__n0011__c03', 'stage4_n5__from__n0040__c04']",stage4_n5__from__n0040__c04,3,stage5_n5__from__n0119__c03,"['stage1_n2__from__root__c02', 'stage2_n3__from__n0002__c03', 'stage3_n5__from__n0011__c03', 'stage4_n5__from__n0040__c04', 'stage5_n5__from__n0119__c03']",0.3333333333333333,3,ps_risky_marginal_mixture,full_tree_child_marginal_at_switch
risky_ps_linear,25,26,4,"['stage1_n3__from__root__c03', 'stage2_n1__from__n0003__c01', 'stage3_n1__from__n0012__c01', 'stage4_n1__from__n0041__c01']",stage4_n1__from__n0041__c01,1,stage5_n1__from__n0120__c01,"['stage1_n3__from__root__c03', 'stage2_n1__from__n0003__c01', 'stage3_n1__from__n0012__c01', 'stage4_n1__from__n0041__c01', 'stage5_n1__from__n0120__c01']",0.5,2,ps_safe_prefix_mass,full_tree_child_marginal_at_switch
risky_ps_linear,25,26,4,"['stage1_n3__from__root__c03', 'stage2_n1__from__n0003__c01', 'stage3_n1__from__n0012__c01', 'stage4_n1__from__n0041__c01']",stage4_n1__from__n0041__c01,2,stage5_n2__from__n0120__c02,"['stage1_n3__from__root__c03', 'stage2_n1__from__n0003__c01', 'stage3_n1__from__n0012__c01', 'stage4_n1__from__n0041__c01', 'stage5_n2__from__n0120__c02']",0.5,2,ps_safe_prefix_mass,full_tree_child_marginal_at_switch
risky_ps_linear,25,26,4,"['stage1_n3__from__root__c03', 'stage2_n1__from__n0003__c01', 'stage3_n2__from__n0012__c02', 'stage4_n1__from__n0042__c01']",stage4_n1__from__n0042__c01,1,stage5_n1__from__n0121__c01,"['stage1_n3__from__root__c03', 'stage2_n1__from__n0003__c01', 'stage3_n2__from__n0012__c02', 'stage4_n1__from__n0042__c01', 'stage5_n1__from__n0121__c01']",0.32947658728788526,2,ps_safe_prefix_mass,full_tree_child_marginal_at_switch
risky_ps_linear,25,26,4,"['stage1_n3__from__root__c03', 'stage2_n1__from__n0003__c01', 'stage3_n2__from__n0012__c02', 'stage4_n1__from__n0042__c01']",stage4_n1__from__n0042__c01,2,stage5_n2__from__n0121__c02,"['stage1_n3__from__root__c03', 'stage2_n1__from__n0003__c01', 'stage3_n2__from__n0012__c02', 'stage4_n1__from__n0042__c01', 'stage5_n2__from__n0121__c02']",0.6705234127121148,2,ps_safe_prefix_mass,full_tree_child_marginal_at_switch
risky_ps_linear,25,26,4,"['stage1_n3__from__root__c03', 'stage2_n2__from__n0003__c02', 'stage3_n2__from__n0013__c01', 'stage4_n1__from__n0043__c01']",stage4_n1__from__n0043__c01,1,stage5_n1__from__n0122__c01,"['stage1_n3__from__root__c03', 'stage2_n2__from__n0003__c02', 'stage3_n2__from__n0013__c01', 'stage4_n1__from__n0043__c01', 'stage5_n1__from__n0122__c01']",0.5,2,ps_safe_prefix_mass,full_tree_child_marginal_at_switch
risky_ps_linear,25,26,4,"['stage1_n3__from__root__c03', 'stage2_n2__from__n0003__c02', 'stage3_n2__from__n0013__c01', 'stage4_n1__from__n0043__c01']",stage4_n1__from__n0043__c01,2,stage5_n2__from__n0122__c02,"['stage1_n3__from__root__c03', 'stage2_n2__from__n0003__c02', 'stage3_n2__from__n0013__c01', 'stage4_n1__from__n0043__c01', 'stage5_n2__from__n0122__c02']",0.5,2,ps_safe_prefix_mass,full_tree_child_marginal_at_switch
risky_ps_linear,25,26,4,"['stage1_n3__from__root__c03', 'stage2_n2__from__n0003__c02', 'stage3_n3__from__n0013__c02', 'stage4_n2__from__n0044__c01']",stage4_n2__from__n0044__c01,1,stage5_n1__from__n0123__c01,"['stage1_n3__from__root__c03', 'stage2_n2__from__n0003__c02', 'stage3_n3__from__n0013__c02', 'stage4_n2__from__n0044__c01', 'stage5_n1__from__n0123__c01']",0.5,2,ps_safe_prefix_mass,full_tree_child_marginal_at_switch
risky_ps_linear,25,26,4,"['stage1_n3__from__root__c03', 'stage2_n2__from__n0003__c02', 'stage3_n3__from__n0013__c02', 'stage4_n2__from__n0044__c01']",stage4_n2__from__n0044__c01,2,stage5_n2__from__n0123__c02,"['stage1_n3__from__root__c03', 'stage2_n2__from__n0003__c02', 'stage3_n3__from__n0013__c02', 'stage4_n2__from__n0044__c01', 'stage5_n2__from__n0123__c02']",0.5,2,ps_safe_prefix_mass,full_tree_child_marginal_at_switch
risky_ps_linear,25,26,4,"['stage1_n3__from__root__c03', 'stage2_n2__from__n0003__c02', 'stage3_n3__from__n0013__c02', 'stage4_n3__from__n0044__c02']",stage4_n3__from__n0044__c02,1,stage5_n1__from__n0124__c01,"['stage1_n3__from__root__c03', 'stage2_n2__from__n0003__c02', 'stage3_n3__from__n0013__c02', 'stage4_n3__from__n0044__c02', 'stage5_n1__from__n0124__c01']",0.25,4,ps_safe_prefix_mass,full_tree_child_marginal_at_switch
risky_ps_linear,25,26,4,"['stage1_n3__from__root__c03', 'stage2_n2__from__n0003__c02', 'stage3_n3__from__n0013__c02', 'stage4_n3__from__n0044__c02']",stage4_n3__from__n0044__c02,2,stage5_n2__from__n0124__c02,"['stage1_n3__from__root__c03', 'stage2_n2__from__n0003__c02', 'stage3_n3__from__n0013__c02', 'stage4_n3__from__n0044__c02', 'stage5_n2__from__n0124__c02']",0.25,4,ps_safe_prefix_mass,full_tree_child_marginal_at_switch
risky_ps_linear,25,26,4,"['stage1_n3__from__root__c03', 'stage2_n2__from__n0003__c02', 'stage3_n3__from__n0013__c02', 'stage4_n3__from__n0044__c02']",stage4_n3__from__n0044__c02,3,stage5_n3__from__n0124__c03,"['stage1_n3__from__root__c03', 'stage2_n2__from__n0003__c02', 'stage3_n3__from__n0013__c02', 'stage4_n3__from__n0044__c02', 'stage5_n3__from__n0124__c03']",0.25,4,ps_safe_prefix_mass,full_tree_child_marginal_at_switch
risky_ps_linear,25,26,4,"['stage1_n3__from__root__c03', 'stage2_n2__from__n0003__c02', 'stage3_n3__from__n0013__c02', 'stage4_n3__from__n0044__c02']",stage4_n3__from__n0044__c02,4,stage5_n4__from__n0124__c04,"['stage1_n3__from__root__c03', 'stage2_n2__from__n0003__c02', 'stage3_n3__from__n0013__c02', 'stage4_n3__from__n0044__c02', 'stage5_n4__from__n0124__c04']",0.25,4,ps_safe_prefix_mass,full_tree_child_marginal_at_switch
risky_ps_linear,25,26,4,"['stage1_n3__from__root__c03', 'stage2_n2__from__n0003__c02', 'stage3_n4__from__n0013__c03', 'stage4_n2__from__n0045__c01']",stage4_n2__from__n0045__c01,1,stage5_n1__from__n0125__c01,"['stage1_n3__from__root__c03', 'stage2_n2__from__n0003__c02', 'stage3_n4__from__n0013__c03', 'stage4_n2__from__n0045__c01', 'stage5_n1__from__n0125__c01']",0.5,2,ps_safe_prefix_mass,full_tree_child_marginal_at_switch
risky_ps_linear,25,26,4,"['stage1_n3__from__root__c03', 'stage2_n2__from__n0003__c02', 'stage3_n4__from__n0013__c03', 'stage4_n2__from__n0045__c01']",stage4_n2__from__n0045__c01,2,stage5_n2__from__n0125__c02,"['stage1_n3__from__root__c03', 'stage2_n2__from__n0003__c02', 'stage3_n4__from__n0013__c03', 'stage4_n2__from__n0045__c01', 'stage5_n2__from__n0125__c02']",0.5,2,ps_safe_prefix_mass,full_tree_child_marginal_at_switch
risky_ps_linear,25,26,4,"['stage1_n3__from__root__c03', 'stage2_n2__from__n0003__c02', 'stage3_n4__from__n0013__c03', 'stage4_n3__from__n0045__c02']",stage4_n3__from__n0045__c02,1,stage5_n1__from__n0126__c01,"['stage1_n3__from__root__c03', 'stage2_n2__from__n0003__c02', 'stage3_n4__from__n0013__c03', 'stage4_n3__from__n0045__c02', 'stage5_n1__from__n0126__c01']",0.25,4,ps_safe_prefix_mass,full_tree_child_marginal_at_switch
risky_ps_linear,25,26,4,"['stage1_n3__from__root__c03', 'stage2_n2__from__n0003__c02', 'stage3_n4__from__n0013__c03', 'stage4_n3__from__n0045__c02']",stage4_n3__from__n0045__c02,2,stage5_n2__from__n0126__c02,"['stage1_n3__from__root__c03', 'stage2_n2__from__n0003__c02', 'stage3_n4__from__n0013__c03', 'stage4_n3__from__n0045__c02', 'stage5_n2__from__n0126__c02']",0.25,4,ps_safe_prefix_mass,full_tree_child_marginal_at_switch
risky_ps_linear,25,26,4,"['stage1_n3__from__root__c03', 'stage2_n2__from__n0003__c02', 'stage3_n4__from__n0013__c03', 'stage4_n3__from__n0045__c02']",stage4_n3__from__n0045__c02,3,stage5_n3__from__n0126__c03,"['stage1_n3__from__root__c03', 'stage2_n2__from__n0003__c02', 'stage3_n4__from__n0013__c03', 'stage4_n3__from__n0045__c02', 'stage5_n3__from__n0126__c03']",0.25,4,ps_safe_prefix_mass,full_tree_child_marginal_at_switch
risky_ps_linear,25,26,4,"['stage1_n3__from__root__c03', 'stage2_n2__from__n0003__c02', 'stage3_n4__from__n0013__c03', 'stage4_n3__from__n0045__c02']",stage4_n3__from__n0045__c02,4,stage5_n4__from__n0126__c04,"['stage1_n3__from__root__c03', 'stage2_n2__from__n0003__c02', 'stage3_n4__from__n0013__c03', 'stage4_n3__from__n0045__c02', 'stage5_n4__from__n0126__c04']",0.25,4,ps_safe_prefix_mass,full_tree_child_marginal_at_switch
risky_ps_linear,25,26,4,"['stage1_n3__from__root__c03', 'stage2_n2__from__n0003__c02', 'stage3_n4__from__n0013__c03', 'stage4_n4__from__n0045__c03']",stage4_n4__from__n0045__c03,1,stage5_n1__from__n0127__c01,"['stage1_n3__from__root__c03', 'stage2_n2__from__n0003__c02', 'stage3_n4__from__n0013__c03', 'stage4_n4__from__n0045__c03', 'stage5_n1__from__n0127__c01']",0.25,4,ps_risky_marginal_mixture,full_tree_child_marginal_at_switch
risky_ps_linear,25,26,4,"['stage1_n3__from__root__c03', 'stage2_n2__from__n0003__c02', 'stage3_n4__from__n0013__c03', 'stage4_n4__from__n0045__c03']",stage4_n4__from__n0045__c03,2,stage5_n3__from__n0127__c02,"['stage1_n3__from__root__c03', 'stage2_n2__from__n0003__c02', 'stage3_n4__from__n0013__c03', 'stage4_n4__from__n0045__c03', 'stage5_n3__from__n0127__c02']",0.25,4,ps_risky_marginal_mixture,full_tree_child_marginal_at_switch
risky_ps_linear,25,26,4,"['stage1_n3__from__root__c03', 'stage2_n2__from__n0003__c02', 'stage3_n4__from__n0013__c03', 'stage4_n4__from__n0045__c03']",stage4_n4__from__n0045__c03,3,stage5_n4__from__n0127__c03,"['stage1_n3__from__root__c03', 'stage2_n2__from__n0003__c02', 'stage3_n4__from__n0013__c03', 'stage4_n4__from__n0045__c03', 'stage5_n4__from__n0127__c03']",0.25,4,ps_risky_marginal_mixture,full_tree_child_marginal_at_switch
risky_ps_linear,25,26,4,"['stage1_n3__from__root__c03', 'stage2_n2__from__n0003__c02', 'stage3_n4__from__n0013__c03', 'stage4_n4__from__n0045__c03']",stage4_n4__from__n0045__c03,4,stage5_n5__from__n0127__c04,"['stage1_n3__from__root__c03', 'stage2_n2__from__n0003__c02', 'stage3_n4__from__n0013__c03', 'stage4_n4__from__n0045__c03', 'stage5_n5__from__n0127__c04']",0.25,4,ps_risky_marginal_mixture,full_tree_child_marginal_at_switch
risky_ps_linear,25,26,4,"['stage1_n3__from__root__c03', 'stage2_n2__from__n0003__c02', 'stage3_n4__from__n0013__c03', 'stage4_n5__from__n0045__c04']",stage4_n5__from__n0045__c04,1,stage5_n2__from__n0128__c01,"['stage1_n3__from__root__c03', 'stage2_n2__from__n0003__c02', 'stage3_n4__from__n0013__c03', 'stage4_n5__from__n0045__c04', 'stage5_n2__from__n0128__c01']",0.49833333333333335,3,ps_risky_marginal_mixture,full_tree_child_marginal_at_switch
risky_ps_linear,25,26,4,"['stage1_n3__from__root__c03', 'stage2_n2__from__n0003__c02', 'stage3_n4__from__n0013__c03', 'stage4_n5__from__n0045__c04']",stage4_n5__from__n0045__c04,2,stage5_n4__from__n0128__c02,"['stage1_n3__from__root__c03', 'stage2_n2__from__n0003__c02', 'stage3_n4__from__n0013__c03', 'stage4_n5__from__n0045__c04', 'stage5_n4__from__n0128__c02']",0.49833333333333335,3,ps_risky_marginal_mixture,full_tree_child_marginal_at_switch
risky_ps_linear,25,26,4,"['stage1_n3__from__root__c03', 'stage2_n2__from__n0003__c02', 'stage3_n4__from__n0013__c03', 'stage4_n5__from__n0045__c04']",stage4_n5__from__n0045__c04,3,stage5_n5__from__n0128__c03,"['stage1_n3__from__root__c03', 'stage2_n2__from__n0003__c02', 'stage3_n4__from__n0013__c03', 'stage4_n5__from__n0045__c04', 'stage5_n5__from__n0128__c03']",0.003333333333333333,3,ps_risky_marginal_mixture,full_tree_child_marginal_at_switch
risky_ps_linear,25,26,4,"['stage1_n3__from__root__c03', 'stage2_n2__from__n0003__c02', 'stage3_n5__from__n0013__c04', 'stage4_n2__from__n0046__c01']",stage4_n2__from__n0046__c01,1,stage5_n1__from__n0129__c01,"['stage1_n3__from__root__c03', 'stage2_n2__from__n0003__c02', 'stage3_n5__from__n0013__c04', 'stage4_n2__from__n0046__c01', 'stage5_n1__from__n0129__c01']",0.5,2,ps_safe_prefix_mass,full_tree_child_marginal_at_switch
risky_ps_linear,25,26,4,"['stage1_n3__from__root__c03', 'stage2_n2__from__n0003__c02', 'stage3_n5__from__n0013__c04', 'stage4_n2__from__n0046__c01']",stage4_n2__from__n0046__c01,2,stage5_n2__from__n0129__c02,"['stage1_n3__from__root__c03', 'stage2_n2__from__n0003__c02', 'stage3_n5__from__n0013__c04', 'stage4_n2__from__n0046__c01', 'stage5_n2__from__n0129__c02']",0.5,2,ps_safe_prefix_mass,full_tree_child_marginal_at_switch
risky_ps_linear,25,26,4,"['stage1_n3__from__root__c03', 'stage2_n2__from__n0003__c02', 'stage3_n5__from__n0013__c04', 'stage4_n3__from__n0046__c02']",stage4_n3__from__n0046__c02,1,stage5_n1__from__n0130__c01,"['stage1_n3__from__root__c03', 'stage2_n2__from__n0003__c02', 'stage3_n5__from__n0013__c04', 'stage4_n3__from__n0046__c02', 'stage5_n1__from__n0130__c01']",0.33333333333322224,4,ps_safe_prefix_mass,full_tree_child_marginal_at_switch
risky_ps_linear,25,26,4,"['stage1_n3__from__root__c03', 'stage2_n2__from__n0003__c02', 'stage3_n5__from__n0013__c04', 'stage4_n3__from__n0046__c02']",stage4_n3__from__n0046__c02,2,stage5_n2__from__n0130__c02,"['stage1_n3__from__root__c03', 'stage2_n2__from__n0003__c02', 'stage3_n5__from__n0013__c04', 'stage4_n3__from__n0046__c02', 'stage5_n2__from__n0130__c02']",0.33333333333322224,4,ps_safe_prefix_mass,full_tree_child_marginal_at_switch
risky_ps_linear,25,26,4,"['stage1_n3__from__root__c03', 'stage2_n2__from__n0003__c02', 'stage3_n5__from__n0013__c04', 'stage4_n3__from__n0046__c02']",stage4_n3__from__n0046__c02,3,stage5_n3__from__n0130__c03,"['stage1_n3__from__root__c03', 'stage2_n2__from__n0003__c02', 'stage3_n5__from__n0013__c04', 'stage4_n3__from__n0046__c02', 'stage5_n3__from__n0130__c03']",0.33333333333322224,4,ps_safe_prefix_mass,full_tree_child_marginal_at_switch
risky_ps_linear,25,26,4,"['stage1_n3__from__root__c03', 'stage2_n2__from__n0003__c02', 'stage3_n5__from__n0013__c04', 'stage4_n3__from__n0046__c02']",stage4_n3__from__n0046__c02,4,stage5_n4__from__n0130__c04,"['stage1_n3__from__root__c03', 'stage2_n2__from__n0003__c02', 'stage3_n5__from__n0013__c04', 'stage4_n3__from__n0046__c02', 'stage5_n4__from__n0130__c04']",3.333333333332222e-13,4,ps_safe_prefix_mass,full_tree_child_marginal_at_switch
risky_ps_linear,25,26,4,"['stage1_n3__from__root__c03', 'stage2_n2__from__n0003__c02', 'stage3_n5__from__n0013__c04', 'stage4_n4__from__n0046__c03']",stage4_n4__from__n0046__c03,1,stage5_n1__from__n0131__c01,"['stage1_n3__from__root__c03', 'stage2_n2__from__n0003__c02', 'stage3_n5__from__n0013__c04', 'stage4_n4__from__n0046__c03', 'stage5_n1__from__n0131__c01']",0.25,4,ps_risky_marginal_mixture,full_tree_child_marginal_at_switch
risky_ps_linear,25,26,4,"['stage1_n3__from__root__c03', 'stage2_n2__from__n0003__c02', 'stage3_n5__from__n0013__c04', 'stage4_n4__from__n0046__c03']",stage4_n4__from__n0046__c03,2,stage5_n3__from__n0131__c02,"['stage1_n3__from__root__c03', 'stage2_n2__from__n0003__c02', 'stage3_n5__from__n0013__c04', 'stage4_n4__from__n0046__c03', 'stage5_n3__from__n0131__c02']",0.25,4,ps_risky_marginal_mixture,full_tree_child_marginal_at_switch
risky_ps_linear,25,26,4,"['stage1_n3__from__root__c03', 'stage2_n2__from__n0003__c02', 'stage3_n5__from__n0013__c04', 'stage4_n4__from__n0046__c03']",stage4_n4__from__n0046__c03,3,stage5_n4__from__n0131__c03,"['stage1_n3__from__root__c03', 'stage2_n2__from__n0003__c02', 'stage3_n5__from__n0013__c04', 'stage4_n4__from__n0046__c03', 'stage5_n4__from__n0131__c03']",0.25,4,ps_risky_marginal_mixture,full_tree_child_marginal_at_switch
risky_ps_linear,25,26,4,"['stage1_n3__from__root__c03', 'stage2_n2__from__n0003__c02', 'stage3_n5__from__n0013__c04', 'stage4_n4__from__n0046__c03']",stage4_n4__from__n0046__c03,4,stage5_n5__from__n0131__c04,"['stage1_n3__from__root__c03', 'stage2_n2__from__n0003__c02', 'stage3_n5__from__n0013__c04', 'stage4_n4__from__n0046__c03', 'stage5_n5__from__n0131__c04']",0.25,4,ps_risky_marginal_mixture,full_tree_child_marginal_at_switch
risky_ps_linear,25,26,4,"['stage1_n3__from__root__c03', 'stage2_n2__from__n0003__c02', 'stage3_n5__from__n0013__c04', 'stage4_n5__from__n0046__c04']",stage4_n5__from__n0046__c04,1,stage5_n2__from__n0132__c01,"['stage1_n3__from__root__c03', 'stage2_n2__from__n0003__c02', 'stage3_n5__from__n0013__c04', 'stage4_n5__from__n0046__c04', 'stage5_n2__from__n0132__c01']",0.3333333333333333,3,ps_risky_marginal_mixture,full_tree_child_marginal_at_switch
risky_ps_linear,25,26,4,"['stage1_n3__from__root__c03', 'stage2_n2__from__n0003__c02', 'stage3_n5__from__n0013__c04', 'stage4_n5__from__n0046__c04']",stage4_n5__from__n0046__c04,2,stage5_n4__from__n0132__c02,"['stage1_n3__from__root__c03', 'stage2_n2__from__n0003__c02', 'stage3_n5__from__n0013__c04', 'stage4_n5__from__n0046__c04', 'stage5_n4__from__n0132__c02']",0.3333333333333333,3,ps_risky_marginal_mixture,full_tree_child_marginal_at_switch
risky_ps_linear,25,26,4,"['stage1_n3__from__root__c03', 'stage2_n2__from__n0003__c02', 'stage3_n5__from__n0013__c04', 'stage4_n5__from__n0046__c04']",stage4_n5__from__n0046__c04,3,stage5_n5__from__n0132__c03,"['stage1_n3__from__root__c03', 'stage2_n2__from__n0003__c02', 'stage3_n5__from__n0013__c04', 'stage4_n5__from__n0046__c04', 'stage5_n5__from__n0132__c03']",0.3333333333333333,3,ps_risky_marginal_mixture,full_tree_child_marginal_at_switch
risky_ps_linear,25,26,4,"['stage1_n3__from__root__c03', 'stage2_n3__from__n0003__c03', 'stage3_n3__from__n0014__c01', 'stage4_n2__from__n0047__c01']",stage4_n2__from__n0047__c01,1,stage5_n1__from__n0133__c01,"['stage1_n3__from__root__c03', 'stage2_n3__from__n0003__c03', 'stage3_n3__from__n0014__c01', 'stage4_n2__from__n0047__c01', 'stage5_n1__from__n0133__c01']",0.5,2,ps_safe_prefix_mass,full_tree_child_marginal_at_switch
risky_ps_linear,25,26,4,"['stage1_n3__from__root__c03', 'stage2_n3__from__n0003__c03', 'stage3_n3__from__n0014__c01', 'stage4_n2__from__n0047__c01']",stage4_n2__from__n0047__c01,2,stage5_n2__from__n0133__c02,"['stage1_n3__from__root__c03', 'stage2_n3__from__n0003__c03', 'stage3_n3__from__n0014__c01', 'stage4_n2__from__n0047__c01', 'stage5_n2__from__n0133__c02']",0.5,2,ps_safe_prefix_mass,full_tree_child_marginal_at_switch
risky_ps_linear,25,26,4,"['stage1_n3__from__root__c03', 'stage2_n3__from__n0003__c03', 'stage3_n3__from__n0014__c01', 'stage4_n3__from__n0047__c02']",stage4_n3__from__n0047__c02,1,stage5_n1__from__n0134__c01,"['stage1_n3__from__root__c03', 'stage2_n3__from__n0003__c03', 'stage3_n3__from__n0014__c01', 'stage4_n3__from__n0047__c02', 'stage5_n1__from__n0134__c01']",0.25,4,ps_safe_prefix_mass,full_tree_child_marginal_at_switch
risky_ps_linear,25,26,4,"['stage1_n3__from__root__c03', 'stage2_n3__from__n0003__c03', 'stage3_n3__from__n0014__c01', 'stage4_n3__from__n0047__c02']",stage4_n3__from__n0047__c02,2,stage5_n2__from__n0134__c02,"['stage1_n3__from__root__c03', 'stage2_n3__from__n0003__c03', 'stage3_n3__from__n0014__c01', 'stage4_n3__from__n0047__c02', 'stage5_n2__from__n0134__c02']",0.25,4,ps_safe_prefix_mass,full_tree_child_marginal_at_switch
risky_ps_linear,25,26,4,"['stage1_n3__from__root__c03', 'stage2_n3__from__n0003__c03', 'stage3_n3__from__n0014__c01', 'stage4_n3__from__n0047__c02']",stage4_n3__from__n0047__c02,3,stage5_n3__from__n0134__c03,"['stage1_n3__from__root__c03', 'stage2_n3__from__n0003__c03', 'stage3_n3__from__n0014__c01', 'stage4_n3__from__n0047__c02', 'stage5_n3__from__n0134__c03']",0.25,4,ps_safe_prefix_mass,full_tree_child_marginal_at_switch
risky_ps_linear,25,26,4,"['stage1_n3__from__root__c03', 'stage2_n3__from__n0003__c03', 'stage3_n3__from__n0014__c01', 'stage4_n3__from__n0047__c02']",stage4_n3__from__n0047__c02,4,stage5_n4__from__n0134__c04,"['stage1_n3__from__root__c03', 'stage2_n3__from__n0003__c03', 'stage3_n3__from__n0014__c01', 'stage4_n3__from__n0047__c02', 'stage5_n4__from__n0134__c04']",0.25,4,ps_safe_prefix_mass,full_tree_child_marginal_at_switch
risky_ps_linear,25,26,4,"['stage1_n3__from__root__c03', 'stage2_n3__from__n0003__c03', 'stage3_n4__from__n0014__c02', 'stage4_n2__from__n0048__c01']",stage4_n2__from__n0048__c01,1,stage5_n1__from__n0135__c01,"['stage1_n3__from__root__c03', 'stage2_n3__from__n0003__c03', 'stage3_n4__from__n0014__c02', 'stage4_n2__from__n0048__c01', 'stage5_n1__from__n0135__c01']",0.5,2,ps_safe_prefix_mass,full_tree_child_marginal_at_switch
risky_ps_linear,25,26,4,"['stage1_n3__from__root__c03', 'stage2_n3__from__n0003__c03', 'stage3_n4__from__n0014__c02', 'stage4_n2__from__n0048__c01']",stage4_n2__from__n0048__c01,2,stage5_n2__from__n0135__c02,"['stage1_n3__from__root__c03', 'stage2_n3__from__n0003__c03', 'stage3_n4__from__n0014__c02', 'stage4_n2__from__n0048__c01', 'stage5_n2__from__n0135__c02']",0.5,2,ps_safe_prefix_mass,full_tree_child_marginal_at_switch
risky_ps_linear,25,26,4,"['stage1_n3__from__root__c03', 'stage2_n3__from__n0003__c03', 'stage3_n4__from__n0014__c02', 'stage4_n3__from__n0048__c02']",stage4_n3__from__n0048__c02,1,stage5_n1__from__n0136__c01,"['stage1_n3__from__root__c03', 'stage2_n3__from__n0003__c03', 'stage3_n4__from__n0014__c02', 'stage4_n3__from__n0048__c02', 'stage5_n1__from__n0136__c01']",0.25,4,ps_safe_prefix_mass,full_tree_child_marginal_at_switch
risky_ps_linear,25,26,4,"['stage1_n3__from__root__c03', 'stage2_n3__from__n0003__c03', 'stage3_n4__from__n0014__c02', 'stage4_n3__from__n0048__c02']",stage4_n3__from__n0048__c02,2,stage5_n2__from__n0136__c02,"['stage1_n3__from__root__c03', 'stage2_n3__from__n0003__c03', 'stage3_n4__from__n0014__c02', 'stage4_n3__from__n0048__c02', 'stage5_n2__from__n0136__c02']",0.25,4,ps_safe_prefix_mass,full_tree_child_marginal_at_switch
risky_ps_linear,25,26,4,"['stage1_n3__from__root__c03', 'stage2_n3__from__n0003__c03', 'stage3_n4__from__n0014__c02', 'stage4_n3__from__n0048__c02']",stage4_n3__from__n0048__c02,3,stage5_n3__from__n0136__c03,"['stage1_n3__from__root__c03', 'stage2_n3__from__n0003__c03', 'stage3_n4__from__n0014__c02', 'stage4_n3__from__n0048__c02', 'stage5_n3__from__n0136__c03']",0.25,4,ps_safe_prefix_mass,full_tree_child_marginal_at_switch
risky_ps_linear,25,26,4,"['stage1_n3__from__root__c03', 'stage2_n3__from__n0003__c03', 'stage3_n4__from__n0014__c02', 'stage4_n3__from__n0048__c02']",stage4_n3__from__n0048__c02,4,stage5_n4__from__n0136__c04,"['stage1_n3__from__root__c03', 'stage2_n3__from__n0003__c03', 'stage3_n4__from__n0014__c02', 'stage4_n3__from__n0048__c02', 'stage5_n4__from__n0136__c04']",0.25,4,ps_safe_prefix_mass,full_tree_child_marginal_at_switch
risky_ps_linear,25,26,4,"['stage1_n3__from__root__c03', 'stage2_n3__from__n0003__c03', 'stage3_n4__from__n0014__c02', 'stage4_n4__from__n0048__c03']",stage4_n4__from__n0048__c03,1,stage5_n1__from__n0137__c01,"['stage1_n3__from__root__c03', 'stage2_n3__from__n0003__c03', 'stage3_n4__from__n0014__c02', 'stage4_n4__from__n0048__c03', 'stage5_n1__from__n0137__c01']",0.25,4,ps_risky_marginal_mixture,full_tree_child_marginal_at_switch
risky_ps_linear,25,26,4,"['stage1_n3__from__root__c03', 'stage2_n3__from__n0003__c03', 'stage3_n4__from__n0014__c02', 'stage4_n4__from__n0048__c03']",stage4_n4__from__n0048__c03,2,stage5_n3__from__n0137__c02,"['stage1_n3__from__root__c03', 'stage2_n3__from__n0003__c03', 'stage3_n4__from__n0014__c02', 'stage4_n4__from__n0048__c03', 'stage5_n3__from__n0137__c02']",0.25,4,ps_risky_marginal_mixture,full_tree_child_marginal_at_switch
risky_ps_linear,25,26,4,"['stage1_n3__from__root__c03', 'stage2_n3__from__n0003__c03', 'stage3_n4__from__n0014__c02', 'stage4_n4__from__n0048__c03']",stage4_n4__from__n0048__c03,3,stage5_n4__from__n0137__c03,"['stage1_n3__from__root__c03', 'stage2_n3__from__n0003__c03', 'stage3_n4__from__n0014__c02', 'stage4_n4__from__n0048__c03', 'stage5_n4__from__n0137__c03']",0.25,4,ps_risky_marginal_mixture,full_tree_child_marginal_at_switch
risky_ps_linear,25,26,4,"['stage1_n3__from__root__c03', 'stage2_n3__from__n0003__c03', 'stage3_n4__from__n0014__c02', 'stage4_n4__from__n0048__c03']",stage4_n4__from__n0048__c03,4,stage5_n5__from__n0137__c04,"['stage1_n3__from__root__c03', 'stage2_n3__from__n0003__c03', 'stage3_n4__from__n0014__c02', 'stage4_n4__from__n0048__c03', 'stage5_n5__from__n0137__c04']",0.25,4,ps_risky_marginal_mixture,full_tree_child_marginal_at_switch
risky_ps_linear,25,26,4,"['stage1_n3__from__root__c03', 'stage2_n3__from__n0003__c03', 'stage3_n4__from__n0014__c02', 'stage4_n5__from__n0048__c04']",stage4_n5__from__n0048__c04,1,stage5_n2__from__n0138__c01,"['stage1_n3__from__root__c03', 'stage2_n3__from__n0003__c03', 'stage3_n4__from__n0014__c02', 'stage4_n5__from__n0048__c04', 'stage5_n2__from__n0138__c01']",0.3333333333333333,3,ps_risky_marginal_mixture,full_tree_child_marginal_at_switch
risky_ps_linear,25,26,4,"['stage1_n3__from__root__c03', 'stage2_n3__from__n0003__c03', 'stage3_n4__from__n0014__c02', 'stage4_n5__from__n0048__c04']",stage4_n5__from__n0048__c04,2,stage5_n4__from__n0138__c02,"['stage1_n3__from__root__c03', 'stage2_n3__from__n0003__c03', 'stage3_n4__from__n0014__c02', 'stage4_n5__from__n0048__c04', 'stage5_n4__from__n0138__c02']",0.3333333333333333,3,ps_risky_marginal_mixture,full_tree_child_marginal_at_switch
risky_ps_linear,25,26,4,"['stage1_n3__from__root__c03', 'stage2_n3__from__n0003__c03', 'stage3_n4__from__n0014__c02', 'stage4_n5__from__n0048__c04']",stage4_n5__from__n0048__c04,3,stage5_n5__from__n0138__c03,"['stage1_n3__from__root__c03', 'stage2_n3__from__n0003__c03', 'stage3_n4__from__n0014__c02', 'stage4_n5__from__n0048__c04', 'stage5_n5__from__n0138__c03']",0.3333333333333333,3,ps_risky_marginal_mixture,full_tree_child_marginal_at_switch
risky_ps_linear,25,26,4,"['stage1_n3__from__root__c03', 'stage2_n3__from__n0003__c03', 'stage3_n5__from__n0014__c03', 'stage4_n2__from__n0049__c01']",stage4_n2__from__n0049__c01,1,stage5_n1__from__n0139__c01,"['stage1_n3__from__root__c03', 'stage2_n3__from__n0003__c03', 'stage3_n5__from__n0014__c03', 'stage4_n2__from__n0049__c01', 'stage5_n1__from__n0139__c01']",0.5,2,ps_safe_prefix_mass,full_tree_child_marginal_at_switch
risky_ps_linear,25,26,4,"['stage1_n3__from__root__c03', 'stage2_n3__from__n0003__c03', 'stage3_n5__from__n0014__c03', 'stage4_n2__from__n0049__c01']",stage4_n2__from__n0049__c01,2,stage5_n2__from__n0139__c02,"['stage1_n3__from__root__c03', 'stage2_n3__from__n0003__c03', 'stage3_n5__from__n0014__c03', 'stage4_n2__from__n0049__c01', 'stage5_n2__from__n0139__c02']",0.5,2,ps_safe_prefix_mass,full_tree_child_marginal_at_switch
risky_ps_linear,25,26,4,"['stage1_n3__from__root__c03', 'stage2_n3__from__n0003__c03', 'stage3_n5__from__n0014__c03', 'stage4_n3__from__n0049__c02']",stage4_n3__from__n0049__c02,1,stage5_n1__from__n0140__c01,"['stage1_n3__from__root__c03', 'stage2_n3__from__n0003__c03', 'stage3_n5__from__n0014__c03', 'stage4_n3__from__n0049__c02', 'stage5_n1__from__n0140__c01']",0.25,4,ps_safe_prefix_mass,full_tree_child_marginal_at_switch
risky_ps_linear,25,26,4,"['stage1_n3__from__root__c03', 'stage2_n3__from__n0003__c03', 'stage3_n5__from__n0014__c03', 'stage4_n3__from__n0049__c02']",stage4_n3__from__n0049__c02,2,stage5_n2__from__n0140__c02,"['stage1_n3__from__root__c03', 'stage2_n3__from__n0003__c03', 'stage3_n5__from__n0014__c03', 'stage4_n3__from__n0049__c02', 'stage5_n2__from__n0140__c02']",0.25,4,ps_safe_prefix_mass,full_tree_child_marginal_at_switch
risky_ps_linear,25,26,4,"['stage1_n3__from__root__c03', 'stage2_n3__from__n0003__c03', 'stage3_n5__from__n0014__c03', 'stage4_n3__from__n0049__c02']",stage4_n3__from__n0049__c02,3,stage5_n3__from__n0140__c03,"['stage1_n3__from__root__c03', 'stage2_n3__from__n0003__c03', 'stage3_n5__from__n0014__c03', 'stage4_n3__from__n0049__c02', 'stage5_n3__from__n0140__c03']",0.25,4,ps_safe_prefix_mass,full_tree_child_marginal_at_switch
risky_ps_linear,25,26,4,"['stage1_n3__from__root__c03', 'stage2_n3__from__n0003__c03', 'stage3_n5__from__n0014__c03', 'stage4_n3__from__n0049__c02']",stage4_n3__from__n0049__c02,4,stage5_n4__from__n0140__c04,"['stage1_n3__from__root__c03', 'stage2_n3__from__n0003__c03', 'stage3_n5__from__n0014__c03', 'stage4_n3__from__n0049__c02', 'stage5_n4__from__n0140__c04']",0.25,4,ps_safe_prefix_mass,full_tree_child_marginal_at_switch
risky_ps_linear,25,26,4,"['stage1_n3__from__root__c03', 'stage2_n3__from__n0003__c03', 'stage3_n5__from__n0014__c03', 'stage4_n4__from__n0049__c03']",stage4_n4__from__n0049__c03,1,stage5_n1__from__n0141__c01,"['stage1_n3__from__root__c03', 'stage2_n3__from__n0003__c03', 'stage3_n5__from__n0014__c03', 'stage4_n4__from__n0049__c03', 'stage5_n1__from__n0141__c01']",0.25,4,ps_risky_marginal_mixture,full_tree_child_marginal_at_switch
risky_ps_linear,25,26,4,"['stage1_n3__from__root__c03', 'stage2_n3__from__n0003__c03', 'stage3_n5__from__n0014__c03', 'stage4_n4__from__n0049__c03']",stage4_n4__from__n0049__c03,2,stage5_n3__from__n0141__c02,"['stage1_n3__from__root__c03', 'stage2_n3__from__n0003__c03', 'stage3_n5__from__n0014__c03', 'stage4_n4__from__n0049__c03', 'stage5_n3__from__n0141__c02']",0.25,4,ps_risky_marginal_mixture,full_tree_child_marginal_at_switch
risky_ps_linear,25,26,4,"['stage1_n3__from__root__c03', 'stage2_n3__from__n0003__c03', 'stage3_n5__from__n0014__c03', 'stage4_n4__from__n0049__c03']",stage4_n4__from__n0049__c03,3,stage5_n4__from__n0141__c03,"['stage1_n3__from__root__c03', 'stage2_n3__from__n0003__c03', 'stage3_n5__from__n0014__c03', 'stage4_n4__from__n0049__c03', 'stage5_n4__from__n0141__c03']",0.25,4,ps_risky_marginal_mixture,full_tree_child_marginal_at_switch
risky_ps_linear,25,26,4,"['stage1_n3__from__root__c03', 'stage2_n3__from__n0003__c03', 'stage3_n5__from__n0014__c03', 'stage4_n4__from__n0049__c03']",stage4_n4__from__n0049__c03,4,stage5_n5__from__n0141__c04,"['stage1_n3__from__root__c03', 'stage2_n3__from__n0003__c03', 'stage3_n5__from__n0014__c03', 'stage4_n4__from__n0049__c03', 'stage5_n5__from__n0141__c04']",0.25,4,ps_risky_marginal_mixture,full_tree_child_marginal_at_switch
risky_ps_linear,25,26,4,"['stage1_n3__from__root__c03', 'stage2_n3__from__n0003__c03', 'stage3_n5__from__n0014__c03', 'stage4_n5__from__n0049__c04']",stage4_n5__from__n0049__c04,1,stage5_n2__from__n0142__c01,"['stage1_n3__from__root__c03', 'stage2_n3__from__n0003__c03', 'stage3_n5__from__n0014__c03', 'stage4_n5__from__n0049__c04', 'stage5_n2__from__n0142__c01']",0.003333333333333333,3,ps_risky_marginal_mixture,full_tree_child_marginal_at_switch
risky_ps_linear,25,26,4,"['stage1_n3__from__root__c03', 'stage2_n3__from__n0003__c03', 'stage3_n5__from__n0014__c03', 'stage4_n5__from__n0049__c04']",stage4_n5__from__n0049__c04,2,stage5_n4__from__n0142__c02,"['stage1_n3__from__root__c03', 'stage2_n3__from__n0003__c03', 'stage3_n5__from__n0014__c03', 'stage4_n5__from__n0049__c04', 'stage5_n4__from__n0142__c02']",0.49833333333333335,3,ps_risky_marginal_mixture,full_tree_child_marginal_at_switch
risky_ps_linear,25,26,4,"['stage1_n3__from__root__c03', 'stage2_n3__from__n0003__c03', 'stage3_n5__from__n0014__c03', 'stage4_n5__from__n0049__c04']",stage4_n5__from__n0049__c04,3,stage5_n5__from__n0142__c03,"['stage1_n3__from__root__c03', 'stage2_n3__from__n0003__c03', 'stage3_n5__from__n0014__c03', 'stage4_n5__from__n0049__c04', 'stage5_n5__from__n0142__c03']",0.49833333333333335,3,ps_risky_marginal_mixture,full_tree_child_marginal_at_switch
risky_ps_linear,25,26,4,"['stage1_n4__from__root__c04', 'stage2_n1__from__n0004__c01', 'stage3_n1__from__n0015__c01', 'stage4_n1__from__n0050__c01']",stage4_n1__from__n0050__c01,1,stage5_n1__from__n0143__c01,"['stage1_n4__from__root__c04', 'stage2_n1__from__n0004__c01', 'stage3_n1__from__n0015__c01', 'stage4_n1__from__n0050__c01', 'stage5_n1__from__n0143__c01']",0.5,2,ps_safe_prefix_mass,full_tree_child_marginal_at_switch
risky_ps_linear,25,26,4,"['stage1_n4__from__root__c04', 'stage2_n1__from__n0004__c01', 'stage3_n1__from__n0015__c01', 'stage4_n1__from__n0050__c01']",stage4_n1__from__n0050__c01,2,stage5_n2__from__n0143__c02,"['stage1_n4__from__root__c04', 'stage2_n1__from__n0004__c01', 'stage3_n1__from__n0015__c01', 'stage4_n1__from__n0050__c01', 'stage5_n2__from__n0143__c02']",0.5,2,ps_safe_prefix_mass,full_tree_child_marginal_at_switch
risky_ps_linear,25,26,4,"['stage1_n4__from__root__c04', 'stage2_n1__from__n0004__c01', 'stage3_n2__from__n0015__c02', 'stage4_n1__from__n0051__c01']",stage4_n1__from__n0051__c01,1,stage5_n1__from__n0144__c01,"['stage1_n4__from__root__c04', 'stage2_n1__from__n0004__c01', 'stage3_n2__from__n0015__c02', 'stage4_n1__from__n0051__c01', 'stage5_n1__from__n0144__c01']",0.30518614592731497,2,ps_safe_prefix_mass,full_tree_child_marginal_at_switch
risky_ps_linear,25,26,4,"['stage1_n4__from__root__c04', 'stage2_n1__from__n0004__c01', 'stage3_n2__from__n0015__c02', 'stage4_n1__from__n0051__c01']",stage4_n1__from__n0051__c01,2,stage5_n2__from__n0144__c02,"['stage1_n4__from__root__c04', 'stage2_n1__from__n0004__c01', 'stage3_n2__from__n0015__c02', 'stage4_n1__from__n0051__c01', 'stage5_n2__from__n0144__c02']",0.6948138540726851,2,ps_safe_prefix_mass,full_tree_child_marginal_at_switch
risky_ps_linear,25,26,4,"['stage1_n4__from__root__c04', 'stage2_n2__from__n0004__c02', 'stage3_n2__from__n0016__c01', 'stage4_n1__from__n0052__c01']",stage4_n1__from__n0052__c01,1,stage5_n1__from__n0145__c01,"['stage1_n4__from__root__c04', 'stage2_n2__from__n0004__c02', 'stage3_n2__from__n0016__c01', 'stage4_n1__from__n0052__c01', 'stage5_n1__from__n0145__c01']",0.5,2,ps_safe_prefix_mass,full_tree_child_marginal_at_switch
risky_ps_linear,25,26,4,"['stage1_n4__from__root__c04', 'stage2_n2__from__n0004__c02', 'stage3_n2__from__n0016__c01', 'stage4_n1__from__n0052__c01']",stage4_n1__from__n0052__c01,2,stage5_n2__from__n0145__c02,"['stage1_n4__from__root__c04', 'stage2_n2__from__n0004__c02', 'stage3_n2__from__n0016__c01', 'stage4_n1__from__n0052__c01', 'stage5_n2__from__n0145__c02']",0.5,2,ps_safe_prefix_mass,full_tree_child_marginal_at_switch
risky_ps_linear,25,26,4,"['stage1_n4__from__root__c04', 'stage2_n2__from__n0004__c02', 'stage3_n3__from__n0016__c02', 'stage4_n2__from__n0053__c01']",stage4_n2__from__n0053__c01,1,stage5_n1__from__n0146__c01,"['stage1_n4__from__root__c04', 'stage2_n2__from__n0004__c02', 'stage3_n3__from__n0016__c02', 'stage4_n2__from__n0053__c01', 'stage5_n1__from__n0146__c01']",0.5,2,ps_safe_prefix_mass,full_tree_child_marginal_at_switch
risky_ps_linear,25,26,4,"['stage1_n4__from__root__c04', 'stage2_n2__from__n0004__c02', 'stage3_n3__from__n0016__c02', 'stage4_n2__from__n0053__c01']",stage4_n2__from__n0053__c01,2,stage5_n2__from__n0146__c02,"['stage1_n4__from__root__c04', 'stage2_n2__from__n0004__c02', 'stage3_n3__from__n0016__c02', 'stage4_n2__from__n0053__c01', 'stage5_n2__from__n0146__c02']",0.5,2,ps_safe_prefix_mass,full_tree_child_marginal_at_switch
risky_ps_linear,25,26,4,"['stage1_n4__from__root__c04', 'stage2_n2__from__n0004__c02', 'stage3_n3__from__n0016__c02', 'stage4_n3__from__n0053__c02']",stage4_n3__from__n0053__c02,1,stage5_n1__from__n0147__c01,"['stage1_n4__from__root__c04', 'stage2_n2__from__n0004__c02', 'stage3_n3__from__n0016__c02', 'stage4_n3__from__n0053__c02', 'stage5_n1__from__n0147__c01']",0.33333333333322224,4,ps_safe_prefix_mass,full_tree_child_marginal_at_switch
risky_ps_linear,25,26,4,"['stage1_n4__from__root__c04', 'stage2_n2__from__n0004__c02', 'stage3_n3__from__n0016__c02', 'stage4_n3__from__n0053__c02']",stage4_n3__from__n0053__c02,2,stage5_n2__from__n0147__c02,"['stage1_n4__from__root__c04', 'stage2_n2__from__n0004__c02', 'stage3_n3__from__n0016__c02', 'stage4_n3__from__n0053__c02', 'stage5_n2__from__n0147__c02']",3.333333333332222e-13,4,ps_safe_prefix_mass,full_tree_child_marginal_at_switch
risky_ps_linear,25,26,4,"['stage1_n4__from__root__c04', 'stage2_n2__from__n0004__c02', 'stage3_n3__from__n0016__c02', 'stage4_n3__from__n0053__c02']",stage4_n3__from__n0053__c02,3,stage5_n3__from__n0147__c03,"['stage1_n4__from__root__c04', 'stage2_n2__from__n0004__c02', 'stage3_n3__from__n0016__c02', 'stage4_n3__from__n0053__c02', 'stage5_n3__from__n0147__c03']",0.33333333333322224,4,ps_safe_prefix_mass,full_tree_child_marginal_at_switch
risky_ps_linear,25,26,4,"['stage1_n4__from__root__c04', 'stage2_n2__from__n0004__c02', 'stage3_n3__from__n0016__c02', 'stage4_n3__from__n0053__c02']",stage4_n3__from__n0053__c02,4,stage5_n4__from__n0147__c04,"['stage1_n4__from__root__c04', 'stage2_n2__from__n0004__c02', 'stage3_n3__from__n0016__c02', 'stage4_n3__from__n0053__c02', 'stage5_n4__from__n0147__c04']",0.33333333333322224,4,ps_safe_prefix_mass,full_tree_child_marginal_at_switch
risky_ps_linear,25,26,4,"['stage1_n4__from__root__c04', 'stage2_n2__from__n0004__c02', 'stage3_n4__from__n0016__c03', 'stage4_n2__from__n0054__c01']",stage4_n2__from__n0054__c01,1,stage5_n1__from__n0148__c01,"['stage1_n4__from__root__c04', 'stage2_n2__from__n0004__c02', 'stage3_n4__from__n0016__c03', 'stage4_n2__from__n0054__c01', 'stage5_n1__from__n0148__c01']",0.5,2,ps_safe_prefix_mass,full_tree_child_marginal_at_switch
risky_ps_linear,25,26,4,"['stage1_n4__from__root__c04', 'stage2_n2__from__n0004__c02', 'stage3_n4__from__n0016__c03', 'stage4_n2__from__n0054__c01']",stage4_n2__from__n0054__c01,2,stage5_n2__from__n0148__c02,"['stage1_n4__from__root__c04', 'stage2_n2__from__n0004__c02', 'stage3_n4__from__n0016__c03', 'stage4_n2__from__n0054__c01', 'stage5_n2__from__n0148__c02']",0.5,2,ps_safe_prefix_mass,full_tree_child_marginal_at_switch
risky_ps_linear,25,26,4,"['stage1_n4__from__root__c04', 'stage2_n2__from__n0004__c02', 'stage3_n4__from__n0016__c03', 'stage4_n3__from__n0054__c02']",stage4_n3__from__n0054__c02,1,stage5_n1__from__n0149__c01,"['stage1_n4__from__root__c04', 'stage2_n2__from__n0004__c02', 'stage3_n4__from__n0016__c03', 'stage4_n3__from__n0054__c02', 'stage5_n1__from__n0149__c01']",0.25,4,ps_safe_prefix_mass,full_tree_child_marginal_at_switch
risky_ps_linear,25,26,4,"['stage1_n4__from__root__c04', 'stage2_n2__from__n0004__c02', 'stage3_n4__from__n0016__c03', 'stage4_n3__from__n0054__c02']",stage4_n3__from__n0054__c02,2,stage5_n2__from__n0149__c02,"['stage1_n4__from__root__c04', 'stage2_n2__from__n0004__c02', 'stage3_n4__from__n0016__c03', 'stage4_n3__from__n0054__c02', 'stage5_n2__from__n0149__c02']",0.25,4,ps_safe_prefix_mass,full_tree_child_marginal_at_switch
risky_ps_linear,25,26,4,"['stage1_n4__from__root__c04', 'stage2_n2__from__n0004__c02', 'stage3_n4__from__n0016__c03', 'stage4_n3__from__n0054__c02']",stage4_n3__from__n0054__c02,3,stage5_n3__from__n0149__c03,"['stage1_n4__from__root__c04', 'stage2_n2__from__n0004__c02', 'stage3_n4__from__n0016__c03', 'stage4_n3__from__n0054__c02', 'stage5_n3__from__n0149__c03']",0.25,4,ps_safe_prefix_mass,full_tree_child_marginal_at_switch
risky_ps_linear,25,26,4,"['stage1_n4__from__root__c04', 'stage2_n2__from__n0004__c02', 'stage3_n4__from__n0016__c03', 'stage4_n3__from__n0054__c02']",stage4_n3__from__n0054__c02,4,stage5_n4__from__n0149__c04,"['stage1_n4__from__root__c04', 'stage2_n2__from__n0004__c02', 'stage3_n4__from__n0016__c03', 'stage4_n3__from__n0054__c02', 'stage5_n4__from__n0149__c04']",0.25,4,ps_safe_prefix_mass,full_tree_child_marginal_at_switch
risky_ps_linear,25,26,4,"['stage1_n4__from__root__c04', 'stage2_n2__from__n0004__c02', 'stage3_n4__from__n0016__c03', 'stage4_n4__from__n0054__c03']",stage4_n4__from__n0054__c03,1,stage5_n1__from__n0150__c01,"['stage1_n4__from__root__c04', 'stage2_n2__from__n0004__c02', 'stage3_n4__from__n0016__c03', 'stage4_n4__from__n0054__c03', 'stage5_n1__from__n0150__c01']",0.25,4,ps_risky_marginal_mixture,full_tree_child_marginal_at_switch
risky_ps_linear,25,26,4,"['stage1_n4__from__root__c04', 'stage2_n2__from__n0004__c02', 'stage3_n4__from__n0016__c03', 'stage4_n4__from__n0054__c03']",stage4_n4__from__n0054__c03,2,stage5_n3__from__n0150__c02,"['stage1_n4__from__root__c04', 'stage2_n2__from__n0004__c02', 'stage3_n4__from__n0016__c03', 'stage4_n4__from__n0054__c03', 'stage5_n3__from__n0150__c02']",0.25,4,ps_risky_marginal_mixture,full_tree_child_marginal_at_switch
risky_ps_linear,25,26,4,"['stage1_n4__from__root__c04', 'stage2_n2__from__n0004__c02', 'stage3_n4__from__n0016__c03', 'stage4_n4__from__n0054__c03']",stage4_n4__from__n0054__c03,3,stage5_n4__from__n0150__c03,"['stage1_n4__from__root__c04', 'stage2_n2__from__n0004__c02', 'stage3_n4__from__n0016__c03', 'stage4_n4__from__n0054__c03', 'stage5_n4__from__n0150__c03']",0.25,4,ps_risky_marginal_mixture,full_tree_child_marginal_at_switch
risky_ps_linear,25,26,4,"['stage1_n4__from__root__c04', 'stage2_n2__from__n0004__c02', 'stage3_n4__from__n0016__c03', 'stage4_n4__from__n0054__c03']",stage4_n4__from__n0054__c03,4,stage5_n5__from__n0150__c04,"['stage1_n4__from__root__c04', 'stage2_n2__from__n0004__c02', 'stage3_n4__from__n0016__c03', 'stage4_n4__from__n0054__c03', 'stage5_n5__from__n0150__c04']",0.25,4,ps_risky_marginal_mixture,full_tree_child_marginal_at_switch
risky_ps_linear,25,26,4,"['stage1_n4__from__root__c04', 'stage2_n2__from__n0004__c02', 'stage3_n4__from__n0016__c03', 'stage4_n5__from__n0054__c04']",stage4_n5__from__n0054__c04,1,stage5_n2__from__n0151__c01,"['stage1_n4__from__root__c04', 'stage2_n2__from__n0004__c02', 'stage3_n4__from__n0016__c03', 'stage4_n5__from__n0054__c04', 'stage5_n2__from__n0151__c01']",0.3333333333333333,3,ps_risky_marginal_mixture,full_tree_child_marginal_at_switch
risky_ps_linear,25,26,4,"['stage1_n4__from__root__c04', 'stage2_n2__from__n0004__c02', 'stage3_n4__from__n0016__c03', 'stage4_n5__from__n0054__c04']",stage4_n5__from__n0054__c04,2,stage5_n4__from__n0151__c02,"['stage1_n4__from__root__c04', 'stage2_n2__from__n0004__c02', 'stage3_n4__from__n0016__c03', 'stage4_n5__from__n0054__c04', 'stage5_n4__from__n0151__c02']",0.3333333333333333,3,ps_risky_marginal_mixture,full_tree_child_marginal_at_switch
risky_ps_linear,25,26,4,"['stage1_n4__from__root__c04', 'stage2_n2__from__n0004__c02', 'stage3_n4__from__n0016__c03', 'stage4_n5__from__n0054__c04']",stage4_n5__from__n0054__c04,3,stage5_n5__from__n0151__c03,"['stage1_n4__from__root__c04', 'stage2_n2__from__n0004__c02', 'stage3_n4__from__n0016__c03', 'stage4_n5__from__n0054__c04', 'stage5_n5__from__n0151__c03']",0.3333333333333333,3,ps_risky_marginal_mixture,full_tree_child_marginal_at_switch
risky_ps_linear,25,26,4,"['stage1_n4__from__root__c04', 'stage2_n2__from__n0004__c02', 'stage3_n5__from__n0016__c04', 'stage4_n2__from__n0055__c01']",stage4_n2__from__n0055__c01,1,stage5_n1__from__n0152__c01,"['stage1_n4__from__root__c04', 'stage2_n2__from__n0004__c02', 'stage3_n5__from__n0016__c04', 'stage4_n2__from__n0055__c01', 'stage5_n1__from__n0152__c01']",0.5,2,ps_safe_prefix_mass,full_tree_child_marginal_at_switch
risky_ps_linear,25,26,4,"['stage1_n4__from__root__c04', 'stage2_n2__from__n0004__c02', 'stage3_n5__from__n0016__c04', 'stage4_n2__from__n0055__c01']",stage4_n2__from__n0055__c01,2,stage5_n2__from__n0152__c02,"['stage1_n4__from__root__c04', 'stage2_n2__from__n0004__c02', 'stage3_n5__from__n0016__c04', 'stage4_n2__from__n0055__c01', 'stage5_n2__from__n0152__c02']",0.5,2,ps_safe_prefix_mass,full_tree_child_marginal_at_switch
risky_ps_linear,25,26,4,"['stage1_n4__from__root__c04', 'stage2_n2__from__n0004__c02', 'stage3_n5__from__n0016__c04', 'stage4_n3__from__n0055__c02']",stage4_n3__from__n0055__c02,1,stage5_n1__from__n0153__c01,"['stage1_n4__from__root__c04', 'stage2_n2__from__n0004__c02', 'stage3_n5__from__n0016__c04', 'stage4_n3__from__n0055__c02', 'stage5_n1__from__n0153__c01']",0.25,4,ps_safe_prefix_mass,full_tree_child_marginal_at_switch
risky_ps_linear,25,26,4,"['stage1_n4__from__root__c04', 'stage2_n2__from__n0004__c02', 'stage3_n5__from__n0016__c04', 'stage4_n3__from__n0055__c02']",stage4_n3__from__n0055__c02,2,stage5_n2__from__n0153__c02,"['stage1_n4__from__root__c04', 'stage2_n2__from__n0004__c02', 'stage3_n5__from__n0016__c04', 'stage4_n3__from__n0055__c02', 'stage5_n2__from__n0153__c02']",0.25,4,ps_safe_prefix_mass,full_tree_child_marginal_at_switch
risky_ps_linear,25,26,4,"['stage1_n4__from__root__c04', 'stage2_n2__from__n0004__c02', 'stage3_n5__from__n0016__c04', 'stage4_n3__from__n0055__c02']",stage4_n3__from__n0055__c02,3,stage5_n3__from__n0153__c03,"['stage1_n4__from__root__c04', 'stage2_n2__from__n0004__c02', 'stage3_n5__from__n0016__c04', 'stage4_n3__from__n0055__c02', 'stage5_n3__from__n0153__c03']",0.25,4,ps_safe_prefix_mass,full_tree_child_marginal_at_switch
risky_ps_linear,25,26,4,"['stage1_n4__from__root__c04', 'stage2_n2__from__n0004__c02', 'stage3_n5__from__n0016__c04', 'stage4_n3__from__n0055__c02']",stage4_n3__from__n0055__c02,4,stage5_n4__from__n0153__c04,"['stage1_n4__from__root__c04', 'stage2_n2__from__n0004__c02', 'stage3_n5__from__n0016__c04', 'stage4_n3__from__n0055__c02', 'stage5_n4__from__n0153__c04']",0.25,4,ps_safe_prefix_mass,full_tree_child_marginal_at_switch
risky_ps_linear,25,26,4,"['stage1_n4__from__root__c04', 'stage2_n2__from__n0004__c02', 'stage3_n5__from__n0016__c04', 'stage4_n4__from__n0055__c03']",stage4_n4__from__n0055__c03,1,stage5_n1__from__n0154__c01,"['stage1_n4__from__root__c04', 'stage2_n2__from__n0004__c02', 'stage3_n5__from__n0016__c04', 'stage4_n4__from__n0055__c03', 'stage5_n1__from__n0154__c01']",0.25,4,ps_risky_marginal_mixture,full_tree_child_marginal_at_switch
risky_ps_linear,25,26,4,"['stage1_n4__from__root__c04', 'stage2_n2__from__n0004__c02', 'stage3_n5__from__n0016__c04', 'stage4_n4__from__n0055__c03']",stage4_n4__from__n0055__c03,2,stage5_n3__from__n0154__c02,"['stage1_n4__from__root__c04', 'stage2_n2__from__n0004__c02', 'stage3_n5__from__n0016__c04', 'stage4_n4__from__n0055__c03', 'stage5_n3__from__n0154__c02']",0.25,4,ps_risky_marginal_mixture,full_tree_child_marginal_at_switch
risky_ps_linear,25,26,4,"['stage1_n4__from__root__c04', 'stage2_n2__from__n0004__c02', 'stage3_n5__from__n0016__c04', 'stage4_n4__from__n0055__c03']",stage4_n4__from__n0055__c03,3,stage5_n4__from__n0154__c03,"['stage1_n4__from__root__c04', 'stage2_n2__from__n0004__c02', 'stage3_n5__from__n0016__c04', 'stage4_n4__from__n0055__c03', 'stage5_n4__from__n0154__c03']",0.25,4,ps_risky_marginal_mixture,full_tree_child_marginal_at_switch
risky_ps_linear,25,26,4,"['stage1_n4__from__root__c04', 'stage2_n2__from__n0004__c02', 'stage3_n5__from__n0016__c04', 'stage4_n4__from__n0055__c03']",stage4_n4__from__n0055__c03,4,stage5_n5__from__n0154__c04,"['stage1_n4__from__root__c04', 'stage2_n2__from__n0004__c02', 'stage3_n5__from__n0016__c04', 'stage4_n4__from__n0055__c03', 'stage5_n5__from__n0154__c04']",0.25,4,ps_risky_marginal_mixture,full_tree_child_marginal_at_switch
risky_ps_linear,25,26,4,"['stage1_n4__from__root__c04', 'stage2_n2__from__n0004__c02', 'stage3_n5__from__n0016__c04', 'stage4_n5__from__n0055__c04']",stage4_n5__from__n0055__c04,1,stage5_n2__from__n0155__c01,"['stage1_n4__from__root__c04', 'stage2_n2__from__n0004__c02', 'stage3_n5__from__n0016__c04', 'stage4_n5__from__n0055__c04', 'stage5_n2__from__n0155__c01']",0.3333333333333333,3,ps_risky_marginal_mixture,full_tree_child_marginal_at_switch
risky_ps_linear,25,26,4,"['stage1_n4__from__root__c04', 'stage2_n2__from__n0004__c02', 'stage3_n5__from__n0016__c04', 'stage4_n5__from__n0055__c04']",stage4_n5__from__n0055__c04,2,stage5_n4__from__n0155__c02,"['stage1_n4__from__root__c04', 'stage2_n2__from__n0004__c02', 'stage3_n5__from__n0016__c04', 'stage4_n5__from__n0055__c04', 'stage5_n4__from__n0155__c02']",0.3333333333333333,3,ps_risky_marginal_mixture,full_tree_child_marginal_at_switch
risky_ps_linear,25,26,4,"['stage1_n4__from__root__c04', 'stage2_n2__from__n0004__c02', 'stage3_n5__from__n0016__c04', 'stage4_n5__from__n0055__c04']",stage4_n5__from__n0055__c04,3,stage5_n5__from__n0155__c03,"['stage1_n4__from__root__c04', 'stage2_n2__from__n0004__c02', 'stage3_n5__from__n0016__c04', 'stage4_n5__from__n0055__c04', 'stage5_n5__from__n0155__c03']",0.3333333333333333,3,ps_risky_marginal_mixture,full_tree_child_marginal_at_switch
risky_ps_linear,25,26,4,"['stage1_n4__from__root__c04', 'stage2_n3__from__n0004__c03', 'stage3_n3__from__n0017__c01', 'stage4_n2__from__n0056__c01']",stage4_n2__from__n0056__c01,1,stage5_n1__from__n0156__c01,"['stage1_n4__from__root__c04', 'stage2_n3__from__n0004__c03', 'stage3_n3__from__n0017__c01', 'stage4_n2__from__n0056__c01', 'stage5_n1__from__n0156__c01']",0.5,2,ps_safe_prefix_mass,full_tree_child_marginal_at_switch
risky_ps_linear,25,26,4,"['stage1_n4__from__root__c04', 'stage2_n3__from__n0004__c03', 'stage3_n3__from__n0017__c01', 'stage4_n2__from__n0056__c01']",stage4_n2__from__n0056__c01,2,stage5_n2__from__n0156__c02,"['stage1_n4__from__root__c04', 'stage2_n3__from__n0004__c03', 'stage3_n3__from__n0017__c01', 'stage4_n2__from__n0056__c01', 'stage5_n2__from__n0156__c02']",0.5,2,ps_safe_prefix_mass,full_tree_child_marginal_at_switch
risky_ps_linear,25,26,4,"['stage1_n4__from__root__c04', 'stage2_n3__from__n0004__c03', 'stage3_n3__from__n0017__c01', 'stage4_n3__from__n0056__c02']",stage4_n3__from__n0056__c02,1,stage5_n1__from__n0157__c01,"['stage1_n4__from__root__c04', 'stage2_n3__from__n0004__c03', 'stage3_n3__from__n0017__c01', 'stage4_n3__from__n0056__c02', 'stage5_n1__from__n0157__c01']",0.25,4,ps_safe_prefix_mass,full_tree_child_marginal_at_switch
risky_ps_linear,25,26,4,"['stage1_n4__from__root__c04', 'stage2_n3__from__n0004__c03', 'stage3_n3__from__n0017__c01', 'stage4_n3__from__n0056__c02']",stage4_n3__from__n0056__c02,2,stage5_n2__from__n0157__c02,"['stage1_n4__from__root__c04', 'stage2_n3__from__n0004__c03', 'stage3_n3__from__n0017__c01', 'stage4_n3__from__n0056__c02', 'stage5_n2__from__n0157__c02']",0.25,4,ps_safe_prefix_mass,full_tree_child_marginal_at_switch
risky_ps_linear,25,26,4,"['stage1_n4__from__root__c04', 'stage2_n3__from__n0004__c03', 'stage3_n3__from__n0017__c01', 'stage4_n3__from__n0056__c02']",stage4_n3__from__n0056__c02,3,stage5_n3__from__n0157__c03,"['stage1_n4__from__root__c04', 'stage2_n3__from__n0004__c03', 'stage3_n3__from__n0017__c01', 'stage4_n3__from__n0056__c02', 'stage5_n3__from__n0157__c03']",0.25,4,ps_safe_prefix_mass,full_tree_child_marginal_at_switch
risky_ps_linear,25,26,4,"['stage1_n4__from__root__c04', 'stage2_n3__from__n0004__c03', 'stage3_n3__from__n0017__c01', 'stage4_n3__from__n0056__c02']",stage4_n3__from__n0056__c02,4,stage5_n4__from__n0157__c04,"['stage1_n4__from__root__c04', 'stage2_n3__from__n0004__c03', 'stage3_n3__from__n0017__c01', 'stage4_n3__from__n0056__c02', 'stage5_n4__from__n0157__c04']",0.25,4,ps_safe_prefix_mass,full_tree_child_marginal_at_switch
risky_ps_linear,25,26,4,"['stage1_n4__from__root__c04', 'stage2_n3__from__n0004__c03', 'stage3_n4__from__n0017__c02', 'stage4_n2__from__n0057__c01']",stage4_n2__from__n0057__c01,1,stage5_n1__from__n0158__c01,"['stage1_n4__from__root__c04', 'stage2_n3__from__n0004__c03', 'stage3_n4__from__n0017__c02', 'stage4_n2__from__n0057__c01', 'stage5_n1__from__n0158__c01']",0.5,2,ps_safe_prefix_mass,full_tree_child_marginal_at_switch
risky_ps_linear,25,26,4,"['stage1_n4__from__root__c04', 'stage2_n3__from__n0004__c03', 'stage3_n4__from__n0017__c02', 'stage4_n2__from__n0057__c01']",stage4_n2__from__n0057__c01,2,stage5_n2__from__n0158__c02,"['stage1_n4__from__root__c04', 'stage2_n3__from__n0004__c03', 'stage3_n4__from__n0017__c02', 'stage4_n2__from__n0057__c01', 'stage5_n2__from__n0158__c02']",0.5,2,ps_safe_prefix_mass,full_tree_child_marginal_at_switch
risky_ps_linear,25,26,4,"['stage1_n4__from__root__c04', 'stage2_n3__from__n0004__c03', 'stage3_n4__from__n0017__c02', 'stage4_n3__from__n0057__c02']",stage4_n3__from__n0057__c02,1,stage5_n1__from__n0159__c01,"['stage1_n4__from__root__c04', 'stage2_n3__from__n0004__c03', 'stage3_n4__from__n0017__c02', 'stage4_n3__from__n0057__c02', 'stage5_n1__from__n0159__c01']",3.333333333332222e-13,4,ps_safe_prefix_mass,full_tree_child_marginal_at_switch
risky_ps_linear,25,26,4,"['stage1_n4__from__root__c04', 'stage2_n3__from__n0004__c03', 'stage3_n4__from__n0017__c02', 'stage4_n3__from__n0057__c02']",stage4_n3__from__n0057__c02,2,stage5_n2__from__n0159__c02,"['stage1_n4__from__root__c04', 'stage2_n3__from__n0004__c03', 'stage3_n4__from__n0017__c02', 'stage4_n3__from__n0057__c02', 'stage5_n2__from__n0159__c02']",0.33333333333322224,4,ps_safe_prefix_mass,full_tree_child_marginal_at_switch
risky_ps_linear,25,26,4,"['stage1_n4__from__root__c04', 'stage2_n3__from__n0004__c03', 'stage3_n4__from__n0017__c02', 'stage4_n3__from__n0057__c02']",stage4_n3__from__n0057__c02,3,stage5_n3__from__n0159__c03,"['stage1_n4__from__root__c04', 'stage2_n3__from__n0004__c03', 'stage3_n4__from__n0017__c02', 'stage4_n3__from__n0057__c02', 'stage5_n3__from__n0159__c03']",0.33333333333322224,4,ps_safe_prefix_mass,full_tree_child_marginal_at_switch
risky_ps_linear,25,26,4,"['stage1_n4__from__root__c04', 'stage2_n3__from__n0004__c03', 'stage3_n4__from__n0017__c02', 'stage4_n3__from__n0057__c02']",stage4_n3__from__n0057__c02,4,stage5_n4__from__n0159__c04,"['stage1_n4__from__root__c04', 'stage2_n3__from__n0004__c03', 'stage3_n4__from__n0017__c02', 'stage4_n3__from__n0057__c02', 'stage5_n4__from__n0159__c04']",0.33333333333322224,4,ps_safe_prefix_mass,full_tree_child_marginal_at_switch
risky_ps_linear,25,26,4,"['stage1_n4__from__root__c04', 'stage2_n3__from__n0004__c03', 'stage3_n4__from__n0017__c02', 'stage4_n4__from__n0057__c03']",stage4_n4__from__n0057__c03,1,stage5_n1__from__n0160__c01,"['stage1_n4__from__root__c04', 'stage2_n3__from__n0004__c03', 'stage3_n4__from__n0017__c02', 'stage4_n4__from__n0057__c03', 'stage5_n1__from__n0160__c01']",0.25,4,ps_risky_marginal_mixture,full_tree_child_marginal_at_switch
risky_ps_linear,25,26,4,"['stage1_n4__from__root__c04', 'stage2_n3__from__n0004__c03', 'stage3_n4__from__n0017__c02', 'stage4_n4__from__n0057__c03']",stage4_n4__from__n0057__c03,2,stage5_n3__from__n0160__c02,"['stage1_n4__from__root__c04', 'stage2_n3__from__n0004__c03', 'stage3_n4__from__n0017__c02', 'stage4_n4__from__n0057__c03', 'stage5_n3__from__n0160__c02']",0.25,4,ps_risky_marginal_mixture,full_tree_child_marginal_at_switch
risky_ps_linear,25,26,4,"['stage1_n4__from__root__c04', 'stage2_n3__from__n0004__c03', 'stage3_n4__from__n0017__c02', 'stage4_n4__from__n0057__c03']",stage4_n4__from__n0057__c03,3,stage5_n4__from__n0160__c03,"['stage1_n4__from__root__c04', 'stage2_n3__from__n0004__c03', 'stage3_n4__from__n0017__c02', 'stage4_n4__from__n0057__c03', 'stage5_n4__from__n0160__c03']",0.25,4,ps_risky_marginal_mixture,full_tree_child_marginal_at_switch
risky_ps_linear,25,26,4,"['stage1_n4__from__root__c04', 'stage2_n3__from__n0004__c03', 'stage3_n4__from__n0017__c02', 'stage4_n4__from__n0057__c03']",stage4_n4__from__n0057__c03,4,stage5_n5__from__n0160__c04,"['stage1_n4__from__root__c04', 'stage2_n3__from__n0004__c03', 'stage3_n4__from__n0017__c02', 'stage4_n4__from__n0057__c03', 'stage5_n5__from__n0160__c04']",0.25,4,ps_risky_marginal_mixture,full_tree_child_marginal_at_switch
risky_ps_linear,25,26,4,"['stage1_n4__from__root__c04', 'stage2_n3__from__n0004__c03', 'stage3_n4__from__n0017__c02', 'stage4_n5__from__n0057__c04']",stage4_n5__from__n0057__c04,1,stage5_n2__from__n0161__c01,"['stage1_n4__from__root__c04', 'stage2_n3__from__n0004__c03', 'stage3_n4__from__n0017__c02', 'stage4_n5__from__n0057__c04', 'stage5_n2__from__n0161__c01']",0.3333333333333333,3,ps_risky_marginal_mixture,full_tree_child_marginal_at_switch
risky_ps_linear,25,26,4,"['stage1_n4__from__root__c04', 'stage2_n3__from__n0004__c03', 'stage3_n4__from__n0017__c02', 'stage4_n5__from__n0057__c04']",stage4_n5__from__n0057__c04,2,stage5_n4__from__n0161__c02,"['stage1_n4__from__root__c04', 'stage2_n3__from__n0004__c03', 'stage3_n4__from__n0017__c02', 'stage4_n5__from__n0057__c04', 'stage5_n4__from__n0161__c02']",0.3333333333333333,3,ps_risky_marginal_mixture,full_tree_child_marginal_at_switch
risky_ps_linear,25,26,4,"['stage1_n4__from__root__c04', 'stage2_n3__from__n0004__c03', 'stage3_n4__from__n0017__c02', 'stage4_n5__from__n0057__c04']",stage4_n5__from__n0057__c04,3,stage5_n5__from__n0161__c03,"['stage1_n4__from__root__c04', 'stage2_n3__from__n0004__c03', 'stage3_n4__from__n0017__c02', 'stage4_n5__from__n0057__c04', 'stage5_n5__from__n0161__c03']",0.3333333333333333,3,ps_risky_marginal_mixture,full_tree_child_marginal_at_switch
risky_ps_linear,25,26,4,"['stage1_n4__from__root__c04', 'stage2_n3__from__n0004__c03', 'stage3_n5__from__n0017__c03', 'stage4_n2__from__n0058__c01']",stage4_n2__from__n0058__c01,1,stage5_n1__from__n0162__c01,"['stage1_n4__from__root__c04', 'stage2_n3__from__n0004__c03', 'stage3_n5__from__n0017__c03', 'stage4_n2__from__n0058__c01', 'stage5_n1__from__n0162__c01']",0.5,2,ps_safe_prefix_mass,full_tree_child_marginal_at_switch
risky_ps_linear,25,26,4,"['stage1_n4__from__root__c04', 'stage2_n3__from__n0004__c03', 'stage3_n5__from__n0017__c03', 'stage4_n2__from__n0058__c01']",stage4_n2__from__n0058__c01,2,stage5_n2__from__n0162__c02,"['stage1_n4__from__root__c04', 'stage2_n3__from__n0004__c03', 'stage3_n5__from__n0017__c03', 'stage4_n2__from__n0058__c01', 'stage5_n2__from__n0162__c02']",0.5,2,ps_safe_prefix_mass,full_tree_child_marginal_at_switch
risky_ps_linear,25,26,4,"['stage1_n4__from__root__c04', 'stage2_n3__from__n0004__c03', 'stage3_n5__from__n0017__c03', 'stage4_n3__from__n0058__c02']",stage4_n3__from__n0058__c02,1,stage5_n1__from__n0163__c01,"['stage1_n4__from__root__c04', 'stage2_n3__from__n0004__c03', 'stage3_n5__from__n0017__c03', 'stage4_n3__from__n0058__c02', 'stage5_n1__from__n0163__c01']",0.25,4,ps_safe_prefix_mass,full_tree_child_marginal_at_switch
risky_ps_linear,25,26,4,"['stage1_n4__from__root__c04', 'stage2_n3__from__n0004__c03', 'stage3_n5__from__n0017__c03', 'stage4_n3__from__n0058__c02']",stage4_n3__from__n0058__c02,2,stage5_n2__from__n0163__c02,"['stage1_n4__from__root__c04', 'stage2_n3__from__n0004__c03', 'stage3_n5__from__n0017__c03', 'stage4_n3__from__n0058__c02', 'stage5_n2__from__n0163__c02']",0.25,4,ps_safe_prefix_mass,full_tree_child_marginal_at_switch
risky_ps_linear,25,26,4,"['stage1_n4__from__root__c04', 'stage2_n3__from__n0004__c03', 'stage3_n5__from__n0017__c03', 'stage4_n3__from__n0058__c02']",stage4_n3__from__n0058__c02,3,stage5_n3__from__n0163__c03,"['stage1_n4__from__root__c04', 'stage2_n3__from__n0004__c03', 'stage3_n5__from__n0017__c03', 'stage4_n3__from__n0058__c02', 'stage5_n3__from__n0163__c03']",0.25,4,ps_safe_prefix_mass,full_tree_child_marginal_at_switch
risky_ps_linear,25,26,4,"['stage1_n4__from__root__c04', 'stage2_n3__from__n0004__c03', 'stage3_n5__from__n0017__c03', 'stage4_n3__from__n0058__c02']",stage4_n3__from__n0058__c02,4,stage5_n4__from__n0163__c04,"['stage1_n4__from__root__c04', 'stage2_n3__from__n0004__c03', 'stage3_n5__from__n0017__c03', 'stage4_n3__from__n0058__c02', 'stage5_n4__from__n0163__c04']",0.25,4,ps_safe_prefix_mass,full_tree_child_marginal_at_switch
risky_ps_linear,25,26,4,"['stage1_n4__from__root__c04', 'stage2_n3__from__n0004__c03', 'stage3_n5__from__n0017__c03', 'stage4_n4__from__n0058__c03']",stage4_n4__from__n0058__c03,1,stage5_n1__from__n0164__c01,"['stage1_n4__from__root__c04', 'stage2_n3__from__n0004__c03', 'stage3_n5__from__n0017__c03', 'stage4_n4__from__n0058__c03', 'stage5_n1__from__n0164__c01']",0.25,4,ps_risky_marginal_mixture,full_tree_child_marginal_at_switch
risky_ps_linear,25,26,4,"['stage1_n4__from__root__c04', 'stage2_n3__from__n0004__c03', 'stage3_n5__from__n0017__c03', 'stage4_n4__from__n0058__c03']",stage4_n4__from__n0058__c03,2,stage5_n3__from__n0164__c02,"['stage1_n4__from__root__c04', 'stage2_n3__from__n0004__c03', 'stage3_n5__from__n0017__c03', 'stage4_n4__from__n0058__c03', 'stage5_n3__from__n0164__c02']",0.25,4,ps_risky_marginal_mixture,full_tree_child_marginal_at_switch
risky_ps_linear,25,26,4,"['stage1_n4__from__root__c04', 'stage2_n3__from__n0004__c03', 'stage3_n5__from__n0017__c03', 'stage4_n4__from__n0058__c03']",stage4_n4__from__n0058__c03,3,stage5_n4__from__n0164__c03,"['stage1_n4__from__root__c04', 'stage2_n3__from__n0004__c03', 'stage3_n5__from__n0017__c03', 'stage4_n4__from__n0058__c03', 'stage5_n4__from__n0164__c03']",0.25,4,ps_risky_marginal_mixture,full_tree_child_marginal_at_switch
risky_ps_linear,25,26,4,"['stage1_n4__from__root__c04', 'stage2_n3__from__n0004__c03', 'stage3_n5__from__n0017__c03', 'stage4_n4__from__n0058__c03']",stage4_n4__from__n0058__c03,4,stage5_n5__from__n0164__c04,"['stage1_n4__from__root__c04', 'stage2_n3__from__n0004__c03', 'stage3_n5__from__n0017__c03', 'stage4_n4__from__n0058__c03', 'stage5_n5__from__n0164__c04']",0.25,4,ps_risky_marginal_mixture,full_tree_child_marginal_at_switch
risky_ps_linear,25,26,4,"['stage1_n4__from__root__c04', 'stage2_n3__from__n0004__c03', 'stage3_n5__from__n0017__c03', 'stage4_n5__from__n0058__c04']",stage4_n5__from__n0058__c04,1,stage5_n2__from__n0165__c01,"['stage1_n4__from__root__c04', 'stage2_n3__from__n0004__c03', 'stage3_n5__from__n0017__c03', 'stage4_n5__from__n0058__c04', 'stage5_n2__from__n0165__c01']",0.3333333333333333,3,ps_risky_marginal_mixture,full_tree_child_marginal_at_switch
risky_ps_linear,25,26,4,"['stage1_n4__from__root__c04', 'stage2_n3__from__n0004__c03', 'stage3_n5__from__n0017__c03', 'stage4_n5__from__n0058__c04']",stage4_n5__from__n0058__c04,2,stage5_n4__from__n0165__c02,"['stage1_n4__from__root__c04', 'stage2_n3__from__n0004__c03', 'stage3_n5__from__n0017__c03', 'stage4_n5__from__n0058__c04', 'stage5_n4__from__n0165__c02']",0.3333333333333333,3,ps_risky_marginal_mixture,full_tree_child_marginal_at_switch
risky_ps_linear,25,26,4,"['stage1_n4__from__root__c04', 'stage2_n3__from__n0004__c03', 'stage3_n5__from__n0017__c03', 'stage4_n5__from__n0058__c04']",stage4_n5__from__n0058__c04,3,stage5_n5__from__n0165__c03,"['stage1_n4__from__root__c04', 'stage2_n3__from__n0004__c03', 'stage3_n5__from__n0017__c03', 'stage4_n5__from__n0058__c04', 'stage5_n5__from__n0165__c03']",0.3333333333333333,3,ps_risky_marginal_mixture,full_tree_child_marginal_at_switch
risky_ps_linear,25,26,4,"['stage1_n4__from__root__c04', 'stage2_n4__from__n0004__c04', 'stage3_n3__from__n0018__c01', 'stage4_n2__from__n0059__c01']",stage4_n2__from__n0059__c01,1,stage5_n1__from__n0166__c01,"['stage1_n4__from__root__c04', 'stage2_n4__from__n0004__c04', 'stage3_n3__from__n0018__c01', 'stage4_n2__from__n0059__c01', 'stage5_n1__from__n0166__c01']",0.5,2,ps_safe_prefix_mass,full_tree_child_marginal_at_switch
risky_ps_linear,25,26,4,"['stage1_n4__from__root__c04', 'stage2_n4__from__n0004__c04', 'stage3_n3__from__n0018__c01', 'stage4_n2__from__n0059__c01']",stage4_n2__from__n0059__c01,2,stage5_n2__from__n0166__c02,"['stage1_n4__from__root__c04', 'stage2_n4__from__n0004__c04', 'stage3_n3__from__n0018__c01', 'stage4_n2__from__n0059__c01', 'stage5_n2__from__n0166__c02']",0.5,2,ps_safe_prefix_mass,full_tree_child_marginal_at_switch
risky_ps_linear,25,26,4,"['stage1_n4__from__root__c04', 'stage2_n4__from__n0004__c04', 'stage3_n3__from__n0018__c01', 'stage4_n3__from__n0059__c02']",stage4_n3__from__n0059__c02,1,stage5_n1__from__n0167__c01,"['stage1_n4__from__root__c04', 'stage2_n4__from__n0004__c04', 'stage3_n3__from__n0018__c01', 'stage4_n3__from__n0059__c02', 'stage5_n1__from__n0167__c01']",0.25,4,ps_safe_prefix_mass,full_tree_child_marginal_at_switch
risky_ps_linear,25,26,4,"['stage1_n4__from__root__c04', 'stage2_n4__from__n0004__c04', 'stage3_n3__from__n0018__c01', 'stage4_n3__from__n0059__c02']",stage4_n3__from__n0059__c02,2,stage5_n2__from__n0167__c02,"['stage1_n4__from__root__c04', 'stage2_n4__from__n0004__c04', 'stage3_n3__from__n0018__c01', 'stage4_n3__from__n0059__c02', 'stage5_n2__from__n0167__c02']",0.25,4,ps_safe_prefix_mass,full_tree_child_marginal_at_switch
risky_ps_linear,25,26,4,"['stage1_n4__from__root__c04', 'stage2_n4__from__n0004__c04', 'stage3_n3__from__n0018__c01', 'stage4_n3__from__n0059__c02']",stage4_n3__from__n0059__c02,3,stage5_n3__from__n0167__c03,"['stage1_n4__from__root__c04', 'stage2_n4__from__n0004__c04', 'stage3_n3__from__n0018__c01', 'stage4_n3__from__n0059__c02', 'stage5_n3__from__n0167__c03']",0.25,4,ps_safe_prefix_mass,full_tree_child_marginal_at_switch
risky_ps_linear,25,26,4,"['stage1_n4__from__root__c04', 'stage2_n4__from__n0004__c04', 'stage3_n3__from__n0018__c01', 'stage4_n3__from__n0059__c02']",stage4_n3__from__n0059__c02,4,stage5_n4__from__n0167__c04,"['stage1_n4__from__root__c04', 'stage2_n4__from__n0004__c04', 'stage3_n3__from__n0018__c01', 'stage4_n3__from__n0059__c02', 'stage5_n4__from__n0167__c04']",0.25,4,ps_safe_prefix_mass,full_tree_child_marginal_at_switch
risky_ps_linear,25,26,4,"['stage1_n4__from__root__c04', 'stage2_n4__from__n0004__c04', 'stage3_n4__from__n0018__c02', 'stage4_n2__from__n0060__c01']",stage4_n2__from__n0060__c01,1,stage5_n1__from__n0168__c01,"['stage1_n4__from__root__c04', 'stage2_n4__from__n0004__c04', 'stage3_n4__from__n0018__c02', 'stage4_n2__from__n0060__c01', 'stage5_n1__from__n0168__c01']",0.5,2,ps_safe_prefix_mass,full_tree_child_marginal_at_switch
risky_ps_linear,25,26,4,"['stage1_n4__from__root__c04', 'stage2_n4__from__n0004__c04', 'stage3_n4__from__n0018__c02', 'stage4_n2__from__n0060__c01']",stage4_n2__from__n0060__c01,2,stage5_n2__from__n0168__c02,"['stage1_n4__from__root__c04', 'stage2_n4__from__n0004__c04', 'stage3_n4__from__n0018__c02', 'stage4_n2__from__n0060__c01', 'stage5_n2__from__n0168__c02']",0.5,2,ps_safe_prefix_mass,full_tree_child_marginal_at_switch
risky_ps_linear,25,26,4,"['stage1_n4__from__root__c04', 'stage2_n4__from__n0004__c04', 'stage3_n4__from__n0018__c02', 'stage4_n3__from__n0060__c02']",stage4_n3__from__n0060__c02,1,stage5_n1__from__n0169__c01,"['stage1_n4__from__root__c04', 'stage2_n4__from__n0004__c04', 'stage3_n4__from__n0018__c02', 'stage4_n3__from__n0060__c02', 'stage5_n1__from__n0169__c01']",0.25,4,ps_safe_prefix_mass,full_tree_child_marginal_at_switch
risky_ps_linear,25,26,4,"['stage1_n4__from__root__c04', 'stage2_n4__from__n0004__c04', 'stage3_n4__from__n0018__c02', 'stage4_n3__from__n0060__c02']",stage4_n3__from__n0060__c02,2,stage5_n2__from__n0169__c02,"['stage1_n4__from__root__c04', 'stage2_n4__from__n0004__c04', 'stage3_n4__from__n0018__c02', 'stage4_n3__from__n0060__c02', 'stage5_n2__from__n0169__c02']",0.25,4,ps_safe_prefix_mass,full_tree_child_marginal_at_switch
risky_ps_linear,25,26,4,"['stage1_n4__from__root__c04', 'stage2_n4__from__n0004__c04', 'stage3_n4__from__n0018__c02', 'stage4_n3__from__n0060__c02']",stage4_n3__from__n0060__c02,3,stage5_n3__from__n0169__c03,"['stage1_n4__from__root__c04', 'stage2_n4__from__n0004__c04', 'stage3_n4__from__n0018__c02', 'stage4_n3__from__n0060__c02', 'stage5_n3__from__n0169__c03']",0.25,4,ps_safe_prefix_mass,full_tree_child_marginal_at_switch
risky_ps_linear,25,26,4,"['stage1_n4__from__root__c04', 'stage2_n4__from__n0004__c04', 'stage3_n4__from__n0018__c02', 'stage4_n3__from__n0060__c02']",stage4_n3__from__n0060__c02,4,stage5_n4__from__n0169__c04,"['stage1_n4__from__root__c04', 'stage2_n4__from__n0004__c04', 'stage3_n4__from__n0018__c02', 'stage4_n3__from__n0060__c02', 'stage5_n4__from__n0169__c04']",0.25,4,ps_safe_prefix_mass,full_tree_child_marginal_at_switch
risky_ps_linear,25,26,4,"['stage1_n4__from__root__c04', 'stage2_n4__from__n0004__c04', 'stage3_n4__from__n0018__c02', 'stage4_n4__from__n0060__c03']",stage4_n4__from__n0060__c03,1,stage5_n1__from__n0170__c01,"['stage1_n4__from__root__c04', 'stage2_n4__from__n0004__c04', 'stage3_n4__from__n0018__c02', 'stage4_n4__from__n0060__c03', 'stage5_n1__from__n0170__c01']",0.25,4,ps_risky_marginal_mixture,full_tree_child_marginal_at_switch
risky_ps_linear,25,26,4,"['stage1_n4__from__root__c04', 'stage2_n4__from__n0004__c04', 'stage3_n4__from__n0018__c02', 'stage4_n4__from__n0060__c03']",stage4_n4__from__n0060__c03,2,stage5_n3__from__n0170__c02,"['stage1_n4__from__root__c04', 'stage2_n4__from__n0004__c04', 'stage3_n4__from__n0018__c02', 'stage4_n4__from__n0060__c03', 'stage5_n3__from__n0170__c02']",0.25,4,ps_risky_marginal_mixture,full_tree_child_marginal_at_switch
risky_ps_linear,25,26,4,"['stage1_n4__from__root__c04', 'stage2_n4__from__n0004__c04', 'stage3_n4__from__n0018__c02', 'stage4_n4__from__n0060__c03']",stage4_n4__from__n0060__c03,3,stage5_n4__from__n0170__c03,"['stage1_n4__from__root__c04', 'stage2_n4__from__n0004__c04', 'stage3_n4__from__n0018__c02', 'stage4_n4__from__n0060__c03', 'stage5_n4__from__n0170__c03']",0.25,4,ps_risky_marginal_mixture,full_tree_child_marginal_at_switch
risky_ps_linear,25,26,4,"['stage1_n4__from__root__c04', 'stage2_n4__from__n0004__c04', 'stage3_n4__from__n0018__c02', 'stage4_n4__from__n0060__c03']",stage4_n4__from__n0060__c03,4,stage5_n5__from__n0170__c04,"['stage1_n4__from__root__c04', 'stage2_n4__from__n0004__c04', 'stage3_n4__from__n0018__c02', 'stage4_n4__from__n0060__c03', 'stage5_n5__from__n0170__c04']",0.25,4,ps_risky_marginal_mixture,full_tree_child_marginal_at_switch
risky_ps_linear,25,26,4,"['stage1_n4__from__root__c04', 'stage2_n4__from__n0004__c04', 'stage3_n4__from__n0018__c02', 'stage4_n5__from__n0060__c04']",stage4_n5__from__n0060__c04,1,stage5_n2__from__n0171__c01,"['stage1_n4__from__root__c04', 'stage2_n4__from__n0004__c04', 'stage3_n4__from__n0018__c02', 'stage4_n5__from__n0060__c04', 'stage5_n2__from__n0171__c01']",0.3333333333333333,3,ps_risky_marginal_mixture,full_tree_child_marginal_at_switch
risky_ps_linear,25,26,4,"['stage1_n4__from__root__c04', 'stage2_n4__from__n0004__c04', 'stage3_n4__from__n0018__c02', 'stage4_n5__from__n0060__c04']",stage4_n5__from__n0060__c04,2,stage5_n4__from__n0171__c02,"['stage1_n4__from__root__c04', 'stage2_n4__from__n0004__c04', 'stage3_n4__from__n0018__c02', 'stage4_n5__from__n0060__c04', 'stage5_n4__from__n0171__c02']",0.3333333333333333,3,ps_risky_marginal_mixture,full_tree_child_marginal_at_switch
risky_ps_linear,25,26,4,"['stage1_n4__from__root__c04', 'stage2_n4__from__n0004__c04', 'stage3_n4__from__n0018__c02', 'stage4_n5__from__n0060__c04']",stage4_n5__from__n0060__c04,3,stage5_n5__from__n0171__c03,"['stage1_n4__from__root__c04', 'stage2_n4__from__n0004__c04', 'stage3_n4__from__n0018__c02', 'stage4_n5__from__n0060__c04', 'stage5_n5__from__n0171__c03']",0.3333333333333333,3,ps_risky_marginal_mixture,full_tree_child_marginal_at_switch
risky_ps_linear,25,26,4,"['stage1_n4__from__root__c04', 'stage2_n4__from__n0004__c04', 'stage3_n5__from__n0018__c03', 'stage4_n2__from__n0061__c01']",stage4_n2__from__n0061__c01,1,stage5_n1__from__n0172__c01,"['stage1_n4__from__root__c04', 'stage2_n4__from__n0004__c04', 'stage3_n5__from__n0018__c03', 'stage4_n2__from__n0061__c01', 'stage5_n1__from__n0172__c01']",0.5,2,ps_safe_prefix_mass,full_tree_child_marginal_at_switch
risky_ps_linear,25,26,4,"['stage1_n4__from__root__c04', 'stage2_n4__from__n0004__c04', 'stage3_n5__from__n0018__c03', 'stage4_n2__from__n0061__c01']",stage4_n2__from__n0061__c01,2,stage5_n2__from__n0172__c02,"['stage1_n4__from__root__c04', 'stage2_n4__from__n0004__c04', 'stage3_n5__from__n0018__c03', 'stage4_n2__from__n0061__c01', 'stage5_n2__from__n0172__c02']",0.5,2,ps_safe_prefix_mass,full_tree_child_marginal_at_switch
risky_ps_linear,25,26,4,"['stage1_n4__from__root__c04', 'stage2_n4__from__n0004__c04', 'stage3_n5__from__n0018__c03', 'stage4_n3__from__n0061__c02']",stage4_n3__from__n0061__c02,1,stage5_n1__from__n0173__c01,"['stage1_n4__from__root__c04', 'stage2_n4__from__n0004__c04', 'stage3_n5__from__n0018__c03', 'stage4_n3__from__n0061__c02', 'stage5_n1__from__n0173__c01']",0.25,4,ps_safe_prefix_mass,full_tree_child_marginal_at_switch
risky_ps_linear,25,26,4,"['stage1_n4__from__root__c04', 'stage2_n4__from__n0004__c04', 'stage3_n5__from__n0018__c03', 'stage4_n3__from__n0061__c02']",stage4_n3__from__n0061__c02,2,stage5_n2__from__n0173__c02,"['stage1_n4__from__root__c04', 'stage2_n4__from__n0004__c04', 'stage3_n5__from__n0018__c03', 'stage4_n3__from__n0061__c02', 'stage5_n2__from__n0173__c02']",0.25,4,ps_safe_prefix_mass,full_tree_child_marginal_at_switch
risky_ps_linear,25,26,4,"['stage1_n4__from__root__c04', 'stage2_n4__from__n0004__c04', 'stage3_n5__from__n0018__c03', 'stage4_n3__from__n0061__c02']",stage4_n3__from__n0061__c02,3,stage5_n3__from__n0173__c03,"['stage1_n4__from__root__c04', 'stage2_n4__from__n0004__c04', 'stage3_n5__from__n0018__c03', 'stage4_n3__from__n0061__c02', 'stage5_n3__from__n0173__c03']",0.25,4,ps_safe_prefix_mass,full_tree_child_marginal_at_switch
risky_ps_linear,25,26,4,"['stage1_n4__from__root__c04', 'stage2_n4__from__n0004__c04', 'stage3_n5__from__n0018__c03', 'stage4_n3__from__n0061__c02']",stage4_n3__from__n0061__c02,4,stage5_n4__from__n0173__c04,"['stage1_n4__from__root__c04', 'stage2_n4__from__n0004__c04', 'stage3_n5__from__n0018__c03', 'stage4_n3__from__n0061__c02', 'stage5_n4__from__n0173__c04']",0.25,4,ps_safe_prefix_mass,full_tree_child_marginal_at_switch
risky_ps_linear,25,26,4,"['stage1_n4__from__root__c04', 'stage2_n4__from__n0004__c04', 'stage3_n5__from__n0018__c03', 'stage4_n4__from__n0061__c03']",stage4_n4__from__n0061__c03,1,stage5_n1__from__n0174__c01,"['stage1_n4__from__root__c04', 'stage2_n4__from__n0004__c04', 'stage3_n5__from__n0018__c03', 'stage4_n4__from__n0061__c03', 'stage5_n1__from__n0174__c01']",0.25,4,ps_risky_marginal_mixture,full_tree_child_marginal_at_switch
risky_ps_linear,25,26,4,"['stage1_n4__from__root__c04', 'stage2_n4__from__n0004__c04', 'stage3_n5__from__n0018__c03', 'stage4_n4__from__n0061__c03']",stage4_n4__from__n0061__c03,2,stage5_n3__from__n0174__c02,"['stage1_n4__from__root__c04', 'stage2_n4__from__n0004__c04', 'stage3_n5__from__n0018__c03', 'stage4_n4__from__n0061__c03', 'stage5_n3__from__n0174__c02']",0.25,4,ps_risky_marginal_mixture,full_tree_child_marginal_at_switch
risky_ps_linear,25,26,4,"['stage1_n4__from__root__c04', 'stage2_n4__from__n0004__c04', 'stage3_n5__from__n0018__c03', 'stage4_n4__from__n0061__c03']",stage4_n4__from__n0061__c03,3,stage5_n4__from__n0174__c03,"['stage1_n4__from__root__c04', 'stage2_n4__from__n0004__c04', 'stage3_n5__from__n0018__c03', 'stage4_n4__from__n0061__c03', 'stage5_n4__from__n0174__c03']",0.25,4,ps_risky_marginal_mixture,full_tree_child_marginal_at_switch
risky_ps_linear,25,26,4,"['stage1_n4__from__root__c04', 'stage2_n4__from__n0004__c04', 'stage3_n5__from__n0018__c03', 'stage4_n4__from__n0061__c03']",stage4_n4__from__n0061__c03,4,stage5_n5__from__n0174__c04,"['stage1_n4__from__root__c04', 'stage2_n4__from__n0004__c04', 'stage3_n5__from__n0018__c03', 'stage4_n4__from__n0061__c03', 'stage5_n5__from__n0174__c04']",0.25,4,ps_risky_marginal_mixture,full_tree_child_marginal_at_switch
risky_ps_linear,25,26,4,"['stage1_n4__from__root__c04', 'stage2_n4__from__n0004__c04', 'stage3_n5__from__n0018__c03', 'stage4_n5__from__n0061__c04']",stage4_n5__from__n0061__c04,1,stage5_n2__from__n0175__c01,"['stage1_n4__from__root__c04', 'stage2_n4__from__n0004__c04', 'stage3_n5__from__n0018__c03', 'stage4_n5__from__n0061__c04', 'stage5_n2__from__n0175__c01']",0.49833333333333135,3,ps_risky_marginal_mixture,full_tree_child_marginal_at_switch
risky_ps_linear,25,26,4,"['stage1_n4__from__root__c04', 'stage2_n4__from__n0004__c04', 'stage3_n5__from__n0018__c03', 'stage4_n5__from__n0061__c04']",stage4_n5__from__n0061__c04,2,stage5_n4__from__n0175__c02,"['stage1_n4__from__root__c04', 'stage2_n4__from__n0004__c04', 'stage3_n5__from__n0018__c03', 'stage4_n5__from__n0061__c04', 'stage5_n4__from__n0175__c02']",0.49833333333333135,3,ps_risky_marginal_mixture,full_tree_child_marginal_at_switch
risky_ps_linear,25,26,4,"['stage1_n4__from__root__c04', 'stage2_n4__from__n0004__c04', 'stage3_n5__from__n0018__c03', 'stage4_n5__from__n0061__c04']",stage4_n5__from__n0061__c04,3,stage5_n5__from__n0175__c03,"['stage1_n4__from__root__c04', 'stage2_n4__from__n0004__c04', 'stage3_n5__from__n0018__c03', 'stage4_n5__from__n0061__c04', 'stage5_n5__from__n0175__c03']",0.0033333333333373486,3,ps_risky_marginal_mixture,full_tree_child_marginal_at_switch
risky_ps_linear,25,26,4,"['stage1_n4__from__root__c04', 'stage2_n5__from__n0004__c05', 'stage3_n3__from__n0019__c01', 'stage4_n2__from__n0062__c01']",stage4_n2__from__n0062__c01,1,stage5_n1__from__n0176__c01,"['stage1_n4__from__root__c04', 'stage2_n5__from__n0004__c05', 'stage3_n3__from__n0019__c01', 'stage4_n2__from__n0062__c01', 'stage5_n1__from__n0176__c01']",0.5,2,ps_safe_prefix_mass,full_tree_child_marginal_at_switch
risky_ps_linear,25,26,4,"['stage1_n4__from__root__c04', 'stage2_n5__from__n0004__c05', 'stage3_n3__from__n0019__c01', 'stage4_n2__from__n0062__c01']",stage4_n2__from__n0062__c01,2,stage5_n2__from__n0176__c02,"['stage1_n4__from__root__c04', 'stage2_n5__from__n0004__c05', 'stage3_n3__from__n0019__c01', 'stage4_n2__from__n0062__c01', 'stage5_n2__from__n0176__c02']",0.5,2,ps_safe_prefix_mass,full_tree_child_marginal_at_switch
risky_ps_linear,25,26,4,"['stage1_n4__from__root__c04', 'stage2_n5__from__n0004__c05', 'stage3_n3__from__n0019__c01', 'stage4_n3__from__n0062__c02']",stage4_n3__from__n0062__c02,1,stage5_n1__from__n0177__c01,"['stage1_n4__from__root__c04', 'stage2_n5__from__n0004__c05', 'stage3_n3__from__n0019__c01', 'stage4_n3__from__n0062__c02', 'stage5_n1__from__n0177__c01']",0.25,4,ps_safe_prefix_mass,full_tree_child_marginal_at_switch
risky_ps_linear,25,26,4,"['stage1_n4__from__root__c04', 'stage2_n5__from__n0004__c05', 'stage3_n3__from__n0019__c01', 'stage4_n3__from__n0062__c02']",stage4_n3__from__n0062__c02,2,stage5_n2__from__n0177__c02,"['stage1_n4__from__root__c04', 'stage2_n5__from__n0004__c05', 'stage3_n3__from__n0019__c01', 'stage4_n3__from__n0062__c02', 'stage5_n2__from__n0177__c02']",0.25,4,ps_safe_prefix_mass,full_tree_child_marginal_at_switch
risky_ps_linear,25,26,4,"['stage1_n4__from__root__c04', 'stage2_n5__from__n0004__c05', 'stage3_n3__from__n0019__c01', 'stage4_n3__from__n0062__c02']",stage4_n3__from__n0062__c02,3,stage5_n3__from__n0177__c03,"['stage1_n4__from__root__c04', 'stage2_n5__from__n0004__c05', 'stage3_n3__from__n0019__c01', 'stage4_n3__from__n0062__c02', 'stage5_n3__from__n0177__c03']",0.25,4,ps_safe_prefix_mass,full_tree_child_marginal_at_switch
risky_ps_linear,25,26,4,"['stage1_n4__from__root__c04', 'stage2_n5__from__n0004__c05', 'stage3_n3__from__n0019__c01', 'stage4_n3__from__n0062__c02']",stage4_n3__from__n0062__c02,4,stage5_n4__from__n0177__c04,"['stage1_n4__from__root__c04', 'stage2_n5__from__n0004__c05', 'stage3_n3__from__n0019__c01', 'stage4_n3__from__n0062__c02', 'stage5_n4__from__n0177__c04']",0.25,4,ps_safe_prefix_mass,full_tree_child_marginal_at_switch
risky_ps_linear,25,26,4,"['stage1_n4__from__root__c04', 'stage2_n5__from__n0004__c05', 'stage3_n4__from__n0019__c02', 'stage4_n2__from__n0063__c01']",stage4_n2__from__n0063__c01,1,stage5_n1__from__n0178__c01,"['stage1_n4__from__root__c04', 'stage2_n5__from__n0004__c05', 'stage3_n4__from__n0019__c02', 'stage4_n2__from__n0063__c01', 'stage5_n1__from__n0178__c01']",0.5,2,ps_safe_prefix_mass,full_tree_child_marginal_at_switch
risky_ps_linear,25,26,4,"['stage1_n4__from__root__c04', 'stage2_n5__from__n0004__c05', 'stage3_n4__from__n0019__c02', 'stage4_n2__from__n0063__c01']",stage4_n2__from__n0063__c01,2,stage5_n2__from__n0178__c02,"['stage1_n4__from__root__c04', 'stage2_n5__from__n0004__c05', 'stage3_n4__from__n0019__c02', 'stage4_n2__from__n0063__c01', 'stage5_n2__from__n0178__c02']",0.5,2,ps_safe_prefix_mass,full_tree_child_marginal_at_switch
risky_ps_linear,25,26,4,"['stage1_n4__from__root__c04', 'stage2_n5__from__n0004__c05', 'stage3_n4__from__n0019__c02', 'stage4_n3__from__n0063__c02']",stage4_n3__from__n0063__c02,1,stage5_n1__from__n0179__c01,"['stage1_n4__from__root__c04', 'stage2_n5__from__n0004__c05', 'stage3_n4__from__n0019__c02', 'stage4_n3__from__n0063__c02', 'stage5_n1__from__n0179__c01']",0.25,4,ps_safe_prefix_mass,full_tree_child_marginal_at_switch
risky_ps_linear,25,26,4,"['stage1_n4__from__root__c04', 'stage2_n5__from__n0004__c05', 'stage3_n4__from__n0019__c02', 'stage4_n3__from__n0063__c02']",stage4_n3__from__n0063__c02,2,stage5_n2__from__n0179__c02,"['stage1_n4__from__root__c04', 'stage2_n5__from__n0004__c05', 'stage3_n4__from__n0019__c02', 'stage4_n3__from__n0063__c02', 'stage5_n2__from__n0179__c02']",0.25,4,ps_safe_prefix_mass,full_tree_child_marginal_at_switch
risky_ps_linear,25,26,4,"['stage1_n4__from__root__c04', 'stage2_n5__from__n0004__c05', 'stage3_n4__from__n0019__c02', 'stage4_n3__from__n0063__c02']",stage4_n3__from__n0063__c02,3,stage5_n3__from__n0179__c03,"['stage1_n4__from__root__c04', 'stage2_n5__from__n0004__c05', 'stage3_n4__from__n0019__c02', 'stage4_n3__from__n0063__c02', 'stage5_n3__from__n0179__c03']",0.25,4,ps_safe_prefix_mass,full_tree_child_marginal_at_switch
risky_ps_linear,25,26,4,"['stage1_n4__from__root__c04', 'stage2_n5__from__n0004__c05', 'stage3_n4__from__n0019__c02', 'stage4_n3__from__n0063__c02']",stage4_n3__from__n0063__c02,4,stage5_n4__from__n0179__c04,"['stage1_n4__from__root__c04', 'stage2_n5__from__n0004__c05', 'stage3_n4__from__n0019__c02', 'stage4_n3__from__n0063__c02', 'stage5_n4__from__n0179__c04']",0.25,4,ps_safe_prefix_mass,full_tree_child_marginal_at_switch
risky_ps_linear,25,26,4,"['stage1_n4__from__root__c04', 'stage2_n5__from__n0004__c05', 'stage3_n4__from__n0019__c02', 'stage4_n4__from__n0063__c03']",stage4_n4__from__n0063__c03,1,stage5_n1__from__n0180__c01,"['stage1_n4__from__root__c04', 'stage2_n5__from__n0004__c05', 'stage3_n4__from__n0019__c02', 'stage4_n4__from__n0063__c03', 'stage5_n1__from__n0180__c01']",0.25,4,ps_risky_marginal_mixture,full_tree_child_marginal_at_switch
risky_ps_linear,25,26,4,"['stage1_n4__from__root__c04', 'stage2_n5__from__n0004__c05', 'stage3_n4__from__n0019__c02', 'stage4_n4__from__n0063__c03']",stage4_n4__from__n0063__c03,2,stage5_n3__from__n0180__c02,"['stage1_n4__from__root__c04', 'stage2_n5__from__n0004__c05', 'stage3_n4__from__n0019__c02', 'stage4_n4__from__n0063__c03', 'stage5_n3__from__n0180__c02']",0.25,4,ps_risky_marginal_mixture,full_tree_child_marginal_at_switch
risky_ps_linear,25,26,4,"['stage1_n4__from__root__c04', 'stage2_n5__from__n0004__c05', 'stage3_n4__from__n0019__c02', 'stage4_n4__from__n0063__c03']",stage4_n4__from__n0063__c03,3,stage5_n4__from__n0180__c03,"['stage1_n4__from__root__c04', 'stage2_n5__from__n0004__c05', 'stage3_n4__from__n0019__c02', 'stage4_n4__from__n0063__c03', 'stage5_n4__from__n0180__c03']",0.25,4,ps_risky_marginal_mixture,full_tree_child_marginal_at_switch
risky_ps_linear,25,26,4,"['stage1_n4__from__root__c04', 'stage2_n5__from__n0004__c05', 'stage3_n4__from__n0019__c02', 'stage4_n4__from__n0063__c03']",stage4_n4__from__n0063__c03,4,stage5_n5__from__n0180__c04,"['stage1_n4__from__root__c04', 'stage2_n5__from__n0004__c05', 'stage3_n4__from__n0019__c02', 'stage4_n4__from__n0063__c03', 'stage5_n5__from__n0180__c04']",0.25,4,ps_risky_marginal_mixture,full_tree_child_marginal_at_switch
risky_ps_linear,25,26,4,"['stage1_n4__from__root__c04', 'stage2_n5__from__n0004__c05', 'stage3_n4__from__n0019__c02', 'stage4_n5__from__n0063__c04']",stage4_n5__from__n0063__c04,1,stage5_n2__from__n0181__c01,"['stage1_n4__from__root__c04', 'stage2_n5__from__n0004__c05', 'stage3_n4__from__n0019__c02', 'stage4_n5__from__n0063__c04', 'stage5_n2__from__n0181__c01']",0.3333333333333333,3,ps_risky_marginal_mixture,full_tree_child_marginal_at_switch
risky_ps_linear,25,26,4,"['stage1_n4__from__root__c04', 'stage2_n5__from__n0004__c05', 'stage3_n4__from__n0019__c02', 'stage4_n5__from__n0063__c04']",stage4_n5__from__n0063__c04,2,stage5_n4__from__n0181__c02,"['stage1_n4__from__root__c04', 'stage2_n5__from__n0004__c05', 'stage3_n4__from__n0019__c02', 'stage4_n5__from__n0063__c04', 'stage5_n4__from__n0181__c02']",0.3333333333333333,3,ps_risky_marginal_mixture,full_tree_child_marginal_at_switch
risky_ps_linear,25,26,4,"['stage1_n4__from__root__c04', 'stage2_n5__from__n0004__c05', 'stage3_n4__from__n0019__c02', 'stage4_n5__from__n0063__c04']",stage4_n5__from__n0063__c04,3,stage5_n5__from__n0181__c03,"['stage1_n4__from__root__c04', 'stage2_n5__from__n0004__c05', 'stage3_n4__from__n0019__c02', 'stage4_n5__from__n0063__c04', 'stage5_n5__from__n0181__c03']",0.3333333333333333,3,ps_risky_marginal_mixture,full_tree_child_marginal_at_switch
risky_ps_linear,25,26,4,"['stage1_n4__from__root__c04', 'stage2_n5__from__n0004__c05', 'stage3_n5__from__n0019__c03', 'stage4_n2__from__n0064__c01']",stage4_n2__from__n0064__c01,1,stage5_n1__from__n0182__c01,"['stage1_n4__from__root__c04', 'stage2_n5__from__n0004__c05', 'stage3_n5__from__n0019__c03', 'stage4_n2__from__n0064__c01', 'stage5_n1__from__n0182__c01']",0.5,2,ps_safe_prefix_mass,full_tree_child_marginal_at_switch
risky_ps_linear,25,26,4,"['stage1_n4__from__root__c04', 'stage2_n5__from__n0004__c05', 'stage3_n5__from__n0019__c03', 'stage4_n2__from__n0064__c01']",stage4_n2__from__n0064__c01,2,stage5_n2__from__n0182__c02,"['stage1_n4__from__root__c04', 'stage2_n5__from__n0004__c05', 'stage3_n5__from__n0019__c03', 'stage4_n2__from__n0064__c01', 'stage5_n2__from__n0182__c02']",0.5,2,ps_safe_prefix_mass,full_tree_child_marginal_at_switch
risky_ps_linear,25,26,4,"['stage1_n4__from__root__c04', 'stage2_n5__from__n0004__c05', 'stage3_n5__from__n0019__c03', 'stage4_n3__from__n0064__c02']",stage4_n3__from__n0064__c02,1,stage5_n1__from__n0183__c01,"['stage1_n4__from__root__c04', 'stage2_n5__from__n0004__c05', 'stage3_n5__from__n0019__c03', 'stage4_n3__from__n0064__c02', 'stage5_n1__from__n0183__c01']",0.25,4,ps_safe_prefix_mass,full_tree_child_marginal_at_switch
risky_ps_linear,25,26,4,"['stage1_n4__from__root__c04', 'stage2_n5__from__n0004__c05', 'stage3_n5__from__n0019__c03', 'stage4_n3__from__n0064__c02']",stage4_n3__from__n0064__c02,2,stage5_n2__from__n0183__c02,"['stage1_n4__from__root__c04', 'stage2_n5__from__n0004__c05', 'stage3_n5__from__n0019__c03', 'stage4_n3__from__n0064__c02', 'stage5_n2__from__n0183__c02']",0.25,4,ps_safe_prefix_mass,full_tree_child_marginal_at_switch
risky_ps_linear,25,26,4,"['stage1_n4__from__root__c04', 'stage2_n5__from__n0004__c05', 'stage3_n5__from__n0019__c03', 'stage4_n3__from__n0064__c02']",stage4_n3__from__n0064__c02,3,stage5_n3__from__n0183__c03,"['stage1_n4__from__root__c04', 'stage2_n5__from__n0004__c05', 'stage3_n5__from__n0019__c03', 'stage4_n3__from__n0064__c02', 'stage5_n3__from__n0183__c03']",0.25,4,ps_safe_prefix_mass,full_tree_child_marginal_at_switch
risky_ps_linear,25,26,4,"['stage1_n4__from__root__c04', 'stage2_n5__from__n0004__c05', 'stage3_n5__from__n0019__c03', 'stage4_n3__from__n0064__c02']",stage4_n3__from__n0064__c02,4,stage5_n4__from__n0183__c04,"['stage1_n4__from__root__c04', 'stage2_n5__from__n0004__c05', 'stage3_n5__from__n0019__c03', 'stage4_n3__from__n0064__c02', 'stage5_n4__from__n0183__c04']",0.25,4,ps_safe_prefix_mass,full_tree_child_marginal_at_switch
risky_ps_linear,25,26,4,"['stage1_n4__from__root__c04', 'stage2_n5__from__n0004__c05', 'stage3_n5__from__n0019__c03', 'stage4_n4__from__n0064__c03']",stage4_n4__from__n0064__c03,1,stage5_n1__from__n0184__c01,"['stage1_n4__from__root__c04', 'stage2_n5__from__n0004__c05', 'stage3_n5__from__n0019__c03', 'stage4_n4__from__n0064__c03', 'stage5_n1__from__n0184__c01']",0.25,4,ps_risky_marginal_mixture,full_tree_child_marginal_at_switch
risky_ps_linear,25,26,4,"['stage1_n4__from__root__c04', 'stage2_n5__from__n0004__c05', 'stage3_n5__from__n0019__c03', 'stage4_n4__from__n0064__c03']",stage4_n4__from__n0064__c03,2,stage5_n3__from__n0184__c02,"['stage1_n4__from__root__c04', 'stage2_n5__from__n0004__c05', 'stage3_n5__from__n0019__c03', 'stage4_n4__from__n0064__c03', 'stage5_n3__from__n0184__c02']",0.25,4,ps_risky_marginal_mixture,full_tree_child_marginal_at_switch
risky_ps_linear,25,26,4,"['stage1_n4__from__root__c04', 'stage2_n5__from__n0004__c05', 'stage3_n5__from__n0019__c03', 'stage4_n4__from__n0064__c03']",stage4_n4__from__n0064__c03,3,stage5_n4__from__n0184__c03,"['stage1_n4__from__root__c04', 'stage2_n5__from__n0004__c05', 'stage3_n5__from__n0019__c03', 'stage4_n4__from__n0064__c03', 'stage5_n4__from__n0184__c03']",0.25,4,ps_risky_marginal_mixture,full_tree_child_marginal_at_switch
risky_ps_linear,25,26,4,"['stage1_n4__from__root__c04', 'stage2_n5__from__n0004__c05', 'stage3_n5__from__n0019__c03', 'stage4_n4__from__n0064__c03']",stage4_n4__from__n0064__c03,4,stage5_n5__from__n0184__c04,"['stage1_n4__from__root__c04', 'stage2_n5__from__n0004__c05', 'stage3_n5__from__n0019__c03', 'stage4_n4__from__n0064__c03', 'stage5_n5__from__n0184__c04']",0.25,4,ps_risky_marginal_mixture,full_tree_child_marginal_at_switch
risky_ps_linear,25,26,4,"['stage1_n4__from__root__c04', 'stage2_n5__from__n0004__c05', 'stage3_n5__from__n0019__c03', 'stage4_n5__from__n0064__c04']",stage4_n5__from__n0064__c04,1,stage5_n2__from__n0185__c01,"['stage1_n4__from__root__c04', 'stage2_n5__from__n0004__c05', 'stage3_n5__from__n0019__c03', 'stage4_n5__from__n0064__c04', 'stage5_n2__from__n0185__c01']",0.3333333333333333,3,ps_risky_marginal_mixture,full_tree_child_marginal_at_switch
risky_ps_linear,25,26,4,"['stage1_n4__from__root__c04', 'stage2_n5__from__n0004__c05', 'stage3_n5__from__n0019__c03', 'stage4_n5__from__n0064__c04']",stage4_n5__from__n0064__c04,2,stage5_n4__from__n0185__c02,"['stage1_n4__from__root__c04', 'stage2_n5__from__n0004__c05', 'stage3_n5__from__n0019__c03', 'stage4_n5__from__n0064__c04', 'stage5_n4__from__n0185__c02']",0.3333333333333333,3,ps_risky_marginal_mixture,full_tree_child_marginal_at_switch
risky_ps_linear,25,26,4,"['stage1_n4__from__root__c04', 'stage2_n5__from__n0004__c05', 'stage3_n5__from__n0019__c03', 'stage4_n5__from__n0064__c04']",stage4_n5__from__n0064__c04,3,stage5_n5__from__n0185__c03,"['stage1_n4__from__root__c04', 'stage2_n5__from__n0004__c05', 'stage3_n5__from__n0019__c03', 'stage4_n5__from__n0064__c04', 'stage5_n5__from__n0185__c03']",0.3333333333333333,3,ps_risky_marginal_mixture,full_tree_child_marginal_at_switch
risky_ps_linear,25,26,4,"['stage1_n5__from__root__c05', 'stage2_n3__from__n0005__c01', 'stage3_n3__from__n0020__c01', 'stage4_n2__from__n0065__c01']",stage4_n2__from__n0065__c01,1,stage5_n1__from__n0186__c01,"['stage1_n5__from__root__c05', 'stage2_n3__from__n0005__c01', 'stage3_n3__from__n0020__c01', 'stage4_n2__from__n0065__c01', 'stage5_n1__from__n0186__c01']",0.5,2,ps_safe_prefix_mass,full_tree_child_marginal_at_switch
risky_ps_linear,25,26,4,"['stage1_n5__from__root__c05', 'stage2_n3__from__n0005__c01', 'stage3_n3__from__n0020__c01', 'stage4_n2__from__n0065__c01']",stage4_n2__from__n0065__c01,2,stage5_n2__from__n0186__c02,"['stage1_n5__from__root__c05', 'stage2_n3__from__n0005__c01', 'stage3_n3__from__n0020__c01', 'stage4_n2__from__n0065__c01', 'stage5_n2__from__n0186__c02']",0.5,2,ps_safe_prefix_mass,full_tree_child_marginal_at_switch
risky_ps_linear,25,26,4,"['stage1_n5__from__root__c05', 'stage2_n3__from__n0005__c01', 'stage3_n3__from__n0020__c01', 'stage4_n3__from__n0065__c02']",stage4_n3__from__n0065__c02,1,stage5_n1__from__n0187__c01,"['stage1_n5__from__root__c05', 'stage2_n3__from__n0005__c01', 'stage3_n3__from__n0020__c01', 'stage4_n3__from__n0065__c02', 'stage5_n1__from__n0187__c01']",0.33333333333322224,4,ps_safe_prefix_mass,full_tree_child_marginal_at_switch
risky_ps_linear,25,26,4,"['stage1_n5__from__root__c05', 'stage2_n3__from__n0005__c01', 'stage3_n3__from__n0020__c01', 'stage4_n3__from__n0065__c02']",stage4_n3__from__n0065__c02,2,stage5_n2__from__n0187__c02,"['stage1_n5__from__root__c05', 'stage2_n3__from__n0005__c01', 'stage3_n3__from__n0020__c01', 'stage4_n3__from__n0065__c02', 'stage5_n2__from__n0187__c02']",3.333333333332222e-13,4,ps_safe_prefix_mass,full_tree_child_marginal_at_switch
risky_ps_linear,25,26,4,"['stage1_n5__from__root__c05', 'stage2_n3__from__n0005__c01', 'stage3_n3__from__n0020__c01', 'stage4_n3__from__n0065__c02']",stage4_n3__from__n0065__c02,3,stage5_n3__from__n0187__c03,"['stage1_n5__from__root__c05', 'stage2_n3__from__n0005__c01', 'stage3_n3__from__n0020__c01', 'stage4_n3__from__n0065__c02', 'stage5_n3__from__n0187__c03']",0.33333333333322224,4,ps_safe_prefix_mass,full_tree_child_marginal_at_switch
risky_ps_linear,25,26,4,"['stage1_n5__from__root__c05', 'stage2_n3__from__n0005__c01', 'stage3_n3__from__n0020__c01', 'stage4_n3__from__n0065__c02']",stage4_n3__from__n0065__c02,4,stage5_n4__from__n0187__c04,"['stage1_n5__from__root__c05', 'stage2_n3__from__n0005__c01', 'stage3_n3__from__n0020__c01', 'stage4_n3__from__n0065__c02', 'stage5_n4__from__n0187__c04']",0.33333333333322224,4,ps_safe_prefix_mass,full_tree_child_marginal_at_switch
risky_ps_linear,25,26,4,"['stage1_n5__from__root__c05', 'stage2_n3__from__n0005__c01', 'stage3_n4__from__n0020__c02', 'stage4_n2__from__n0066__c01']",stage4_n2__from__n0066__c01,1,stage5_n1__from__n0188__c01,"['stage1_n5__from__root__c05', 'stage2_n3__from__n0005__c01', 'stage3_n4__from__n0020__c02', 'stage4_n2__from__n0066__c01', 'stage5_n1__from__n0188__c01']",0.5,2,ps_safe_prefix_mass,full_tree_child_marginal_at_switch
risky_ps_linear,25,26,4,"['stage1_n5__from__root__c05', 'stage2_n3__from__n0005__c01', 'stage3_n4__from__n0020__c02', 'stage4_n2__from__n0066__c01']",stage4_n2__from__n0066__c01,2,stage5_n2__from__n0188__c02,"['stage1_n5__from__root__c05', 'stage2_n3__from__n0005__c01', 'stage3_n4__from__n0020__c02', 'stage4_n2__from__n0066__c01', 'stage5_n2__from__n0188__c02']",0.5,2,ps_safe_prefix_mass,full_tree_child_marginal_at_switch
risky_ps_linear,25,26,4,"['stage1_n5__from__root__c05', 'stage2_n3__from__n0005__c01', 'stage3_n4__from__n0020__c02', 'stage4_n3__from__n0066__c02']",stage4_n3__from__n0066__c02,1,stage5_n1__from__n0189__c01,"['stage1_n5__from__root__c05', 'stage2_n3__from__n0005__c01', 'stage3_n4__from__n0020__c02', 'stage4_n3__from__n0066__c02', 'stage5_n1__from__n0189__c01']",0.25,4,ps_safe_prefix_mass,full_tree_child_marginal_at_switch
risky_ps_linear,25,26,4,"['stage1_n5__from__root__c05', 'stage2_n3__from__n0005__c01', 'stage3_n4__from__n0020__c02', 'stage4_n3__from__n0066__c02']",stage4_n3__from__n0066__c02,2,stage5_n2__from__n0189__c02,"['stage1_n5__from__root__c05', 'stage2_n3__from__n0005__c01', 'stage3_n4__from__n0020__c02', 'stage4_n3__from__n0066__c02', 'stage5_n2__from__n0189__c02']",0.25,4,ps_safe_prefix_mass,full_tree_child_marginal_at_switch
risky_ps_linear,25,26,4,"['stage1_n5__from__root__c05', 'stage2_n3__from__n0005__c01', 'stage3_n4__from__n0020__c02', 'stage4_n3__from__n0066__c02']",stage4_n3__from__n0066__c02,3,stage5_n3__from__n0189__c03,"['stage1_n5__from__root__c05', 'stage2_n3__from__n0005__c01', 'stage3_n4__from__n0020__c02', 'stage4_n3__from__n0066__c02', 'stage5_n3__from__n0189__c03']",0.25,4,ps_safe_prefix_mass,full_tree_child_marginal_at_switch
risky_ps_linear,25,26,4,"['stage1_n5__from__root__c05', 'stage2_n3__from__n0005__c01', 'stage3_n4__from__n0020__c02', 'stage4_n3__from__n0066__c02']",stage4_n3__from__n0066__c02,4,stage5_n4__from__n0189__c04,"['stage1_n5__from__root__c05', 'stage2_n3__from__n0005__c01', 'stage3_n4__from__n0020__c02', 'stage4_n3__from__n0066__c02', 'stage5_n4__from__n0189__c04']",0.25,4,ps_safe_prefix_mass,full_tree_child_marginal_at_switch
risky_ps_linear,25,26,4,"['stage1_n5__from__root__c05', 'stage2_n3__from__n0005__c01', 'stage3_n4__from__n0020__c02', 'stage4_n4__from__n0066__c03']",stage4_n4__from__n0066__c03,1,stage5_n1__from__n0190__c01,"['stage1_n5__from__root__c05', 'stage2_n3__from__n0005__c01', 'stage3_n4__from__n0020__c02', 'stage4_n4__from__n0066__c03', 'stage5_n1__from__n0190__c01']",0.25,4,ps_risky_marginal_mixture,full_tree_child_marginal_at_switch
risky_ps_linear,25,26,4,"['stage1_n5__from__root__c05', 'stage2_n3__from__n0005__c01', 'stage3_n4__from__n0020__c02', 'stage4_n4__from__n0066__c03']",stage4_n4__from__n0066__c03,2,stage5_n3__from__n0190__c02,"['stage1_n5__from__root__c05', 'stage2_n3__from__n0005__c01', 'stage3_n4__from__n0020__c02', 'stage4_n4__from__n0066__c03', 'stage5_n3__from__n0190__c02']",0.25,4,ps_risky_marginal_mixture,full_tree_child_marginal_at_switch
risky_ps_linear,25,26,4,"['stage1_n5__from__root__c05', 'stage2_n3__from__n0005__c01', 'stage3_n4__from__n0020__c02', 'stage4_n4__from__n0066__c03']",stage4_n4__from__n0066__c03,3,stage5_n4__from__n0190__c03,"['stage1_n5__from__root__c05', 'stage2_n3__from__n0005__c01', 'stage3_n4__from__n0020__c02', 'stage4_n4__from__n0066__c03', 'stage5_n4__from__n0190__c03']",0.25,4,ps_risky_marginal_mixture,full_tree_child_marginal_at_switch
risky_ps_linear,25,26,4,"['stage1_n5__from__root__c05', 'stage2_n3__from__n0005__c01', 'stage3_n4__from__n0020__c02', 'stage4_n4__from__n0066__c03']",stage4_n4__from__n0066__c03,4,stage5_n5__from__n0190__c04,"['stage1_n5__from__root__c05', 'stage2_n3__from__n0005__c01', 'stage3_n4__from__n0020__c02', 'stage4_n4__from__n0066__c03', 'stage5_n5__from__n0190__c04']",0.25,4,ps_risky_marginal_mixture,full_tree_child_marginal_at_switch
risky_ps_linear,25,26,4,"['stage1_n5__from__root__c05', 'stage2_n3__from__n0005__c01', 'stage3_n4__from__n0020__c02', 'stage4_n5__from__n0066__c04']",stage4_n5__from__n0066__c04,1,stage5_n2__from__n0191__c01,"['stage1_n5__from__root__c05', 'stage2_n3__from__n0005__c01', 'stage3_n4__from__n0020__c02', 'stage4_n5__from__n0066__c04', 'stage5_n2__from__n0191__c01']",0.3333333333333333,3,ps_risky_marginal_mixture,full_tree_child_marginal_at_switch
risky_ps_linear,25,26,4,"['stage1_n5__from__root__c05', 'stage2_n3__from__n0005__c01', 'stage3_n4__from__n0020__c02', 'stage4_n5__from__n0066__c04']",stage4_n5__from__n0066__c04,2,stage5_n4__from__n0191__c02,"['stage1_n5__from__root__c05', 'stage2_n3__from__n0005__c01', 'stage3_n4__from__n0020__c02', 'stage4_n5__from__n0066__c04', 'stage5_n4__from__n0191__c02']",0.3333333333333333,3,ps_risky_marginal_mixture,full_tree_child_marginal_at_switch
risky_ps_linear,25,26,4,"['stage1_n5__from__root__c05', 'stage2_n3__from__n0005__c01', 'stage3_n4__from__n0020__c02', 'stage4_n5__from__n0066__c04']",stage4_n5__from__n0066__c04,3,stage5_n5__from__n0191__c03,"['stage1_n5__from__root__c05', 'stage2_n3__from__n0005__c01', 'stage3_n4__from__n0020__c02', 'stage4_n5__from__n0066__c04', 'stage5_n5__from__n0191__c03']",0.3333333333333333,3,ps_risky_marginal_mixture,full_tree_child_marginal_at_switch
risky_ps_linear,25,26,4,"['stage1_n5__from__root__c05', 'stage2_n3__from__n0005__c01', 'stage3_n5__from__n0020__c03', 'stage4_n2__from__n0067__c01']",stage4_n2__from__n0067__c01,1,stage5_n1__from__n0192__c01,"['stage1_n5__from__root__c05', 'stage2_n3__from__n0005__c01', 'stage3_n5__from__n0020__c03', 'stage4_n2__from__n0067__c01', 'stage5_n1__from__n0192__c01']",0.5,2,ps_safe_prefix_mass,full_tree_child_marginal_at_switch
risky_ps_linear,25,26,4,"['stage1_n5__from__root__c05', 'stage2_n3__from__n0005__c01', 'stage3_n5__from__n0020__c03', 'stage4_n2__from__n0067__c01']",stage4_n2__from__n0067__c01,2,stage5_n2__from__n0192__c02,"['stage1_n5__from__root__c05', 'stage2_n3__from__n0005__c01', 'stage3_n5__from__n0020__c03', 'stage4_n2__from__n0067__c01', 'stage5_n2__from__n0192__c02']",0.5,2,ps_safe_prefix_mass,full_tree_child_marginal_at_switch
risky_ps_linear,25,26,4,"['stage1_n5__from__root__c05', 'stage2_n3__from__n0005__c01', 'stage3_n5__from__n0020__c03', 'stage4_n3__from__n0067__c02']",stage4_n3__from__n0067__c02,1,stage5_n1__from__n0193__c01,"['stage1_n5__from__root__c05', 'stage2_n3__from__n0005__c01', 'stage3_n5__from__n0020__c03', 'stage4_n3__from__n0067__c02', 'stage5_n1__from__n0193__c01']",3.333333333332222e-13,4,ps_safe_prefix_mass,full_tree_child_marginal_at_switch
risky_ps_linear,25,26,4,"['stage1_n5__from__root__c05', 'stage2_n3__from__n0005__c01', 'stage3_n5__from__n0020__c03', 'stage4_n3__from__n0067__c02']",stage4_n3__from__n0067__c02,2,stage5_n2__from__n0193__c02,"['stage1_n5__from__root__c05', 'stage2_n3__from__n0005__c01', 'stage3_n5__from__n0020__c03', 'stage4_n3__from__n0067__c02', 'stage5_n2__from__n0193__c02']",0.33333333333322224,4,ps_safe_prefix_mass,full_tree_child_marginal_at_switch
risky_ps_linear,25,26,4,"['stage1_n5__from__root__c05', 'stage2_n3__from__n0005__c01', 'stage3_n5__from__n0020__c03', 'stage4_n3__from__n0067__c02']",stage4_n3__from__n0067__c02,3,stage5_n3__from__n0193__c03,"['stage1_n5__from__root__c05', 'stage2_n3__from__n0005__c01', 'stage3_n5__from__n0020__c03', 'stage4_n3__from__n0067__c02', 'stage5_n3__from__n0193__c03']",0.33333333333322224,4,ps_safe_prefix_mass,full_tree_child_marginal_at_switch
risky_ps_linear,25,26,4,"['stage1_n5__from__root__c05', 'stage2_n3__from__n0005__c01', 'stage3_n5__from__n0020__c03', 'stage4_n3__from__n0067__c02']",stage4_n3__from__n0067__c02,4,stage5_n4__from__n0193__c04,"['stage1_n5__from__root__c05', 'stage2_n3__from__n0005__c01', 'stage3_n5__from__n0020__c03', 'stage4_n3__from__n0067__c02', 'stage5_n4__from__n0193__c04']",0.33333333333322224,4,ps_safe_prefix_mass,full_tree_child_marginal_at_switch
risky_ps_linear,25,26,4,"['stage1_n5__from__root__c05', 'stage2_n3__from__n0005__c01', 'stage3_n5__from__n0020__c03', 'stage4_n4__from__n0067__c03']",stage4_n4__from__n0067__c03,1,stage5_n1__from__n0194__c01,"['stage1_n5__from__root__c05', 'stage2_n3__from__n0005__c01', 'stage3_n5__from__n0020__c03', 'stage4_n4__from__n0067__c03', 'stage5_n1__from__n0194__c01']",0.25,4,ps_risky_marginal_mixture,full_tree_child_marginal_at_switch
risky_ps_linear,25,26,4,"['stage1_n5__from__root__c05', 'stage2_n3__from__n0005__c01', 'stage3_n5__from__n0020__c03', 'stage4_n4__from__n0067__c03']",stage4_n4__from__n0067__c03,2,stage5_n3__from__n0194__c02,"['stage1_n5__from__root__c05', 'stage2_n3__from__n0005__c01', 'stage3_n5__from__n0020__c03', 'stage4_n4__from__n0067__c03', 'stage5_n3__from__n0194__c02']",0.25,4,ps_risky_marginal_mixture,full_tree_child_marginal_at_switch
risky_ps_linear,25,26,4,"['stage1_n5__from__root__c05', 'stage2_n3__from__n0005__c01', 'stage3_n5__from__n0020__c03', 'stage4_n4__from__n0067__c03']",stage4_n4__from__n0067__c03,3,stage5_n4__from__n0194__c03,"['stage1_n5__from__root__c05', 'stage2_n3__from__n0005__c01', 'stage3_n5__from__n0020__c03', 'stage4_n4__from__n0067__c03', 'stage5_n4__from__n0194__c03']",0.25,4,ps_risky_marginal_mixture,full_tree_child_marginal_at_switch
risky_ps_linear,25,26,4,"['stage1_n5__from__root__c05', 'stage2_n3__from__n0005__c01', 'stage3_n5__from__n0020__c03', 'stage4_n4__from__n0067__c03']",stage4_n4__from__n0067__c03,4,stage5_n5__from__n0194__c04,"['stage1_n5__from__root__c05', 'stage2_n3__from__n0005__c01', 'stage3_n5__from__n0020__c03', 'stage4_n4__from__n0067__c03', 'stage5_n5__from__n0194__c04']",0.25,4,ps_risky_marginal_mixture,full_tree_child_marginal_at_switch
risky_ps_linear,25,26,4,"['stage1_n5__from__root__c05', 'stage2_n3__from__n0005__c01', 'stage3_n5__from__n0020__c03', 'stage4_n5__from__n0067__c04']",stage4_n5__from__n0067__c04,1,stage5_n2__from__n0195__c01,"['stage1_n5__from__root__c05', 'stage2_n3__from__n0005__c01', 'stage3_n5__from__n0020__c03', 'stage4_n5__from__n0067__c04', 'stage5_n2__from__n0195__c01']",0.3333333333333333,3,ps_risky_marginal_mixture,full_tree_child_marginal_at_switch
risky_ps_linear,25,26,4,"['stage1_n5__from__root__c05', 'stage2_n3__from__n0005__c01', 'stage3_n5__from__n0020__c03', 'stage4_n5__from__n0067__c04']",stage4_n5__from__n0067__c04,2,stage5_n4__from__n0195__c02,"['stage1_n5__from__root__c05', 'stage2_n3__from__n0005__c01', 'stage3_n5__from__n0020__c03', 'stage4_n5__from__n0067__c04', 'stage5_n4__from__n0195__c02']",0.3333333333333333,3,ps_risky_marginal_mixture,full_tree_child_marginal_at_switch
risky_ps_linear,25,26,4,"['stage1_n5__from__root__c05', 'stage2_n3__from__n0005__c01', 'stage3_n5__from__n0020__c03', 'stage4_n5__from__n0067__c04']",stage4_n5__from__n0067__c04,3,stage5_n5__from__n0195__c03,"['stage1_n5__from__root__c05', 'stage2_n3__from__n0005__c01', 'stage3_n5__from__n0020__c03', 'stage4_n5__from__n0067__c04', 'stage5_n5__from__n0195__c03']",0.3333333333333333,3,ps_risky_marginal_mixture,full_tree_child_marginal_at_switch
risky_ps_linear,25,26,4,"['stage1_n5__from__root__c05', 'stage2_n4__from__n0005__c02', 'stage3_n3__from__n0021__c01', 'stage4_n2__from__n0068__c01']",stage4_n2__from__n0068__c01,1,stage5_n1__from__n0196__c01,"['stage1_n5__from__root__c05', 'stage2_n4__from__n0005__c02', 'stage3_n3__from__n0021__c01', 'stage4_n2__from__n0068__c01', 'stage5_n1__from__n0196__c01']",0.5,2,ps_safe_prefix_mass,full_tree_child_marginal_at_switch
risky_ps_linear,25,26,4,"['stage1_n5__from__root__c05', 'stage2_n4__from__n0005__c02', 'stage3_n3__from__n0021__c01', 'stage4_n2__from__n0068__c01']",stage4_n2__from__n0068__c01,2,stage5_n2__from__n0196__c02,"['stage1_n5__from__root__c05', 'stage2_n4__from__n0005__c02', 'stage3_n3__from__n0021__c01', 'stage4_n2__from__n0068__c01', 'stage5_n2__from__n0196__c02']",0.5,2,ps_safe_prefix_mass,full_tree_child_marginal_at_switch
risky_ps_linear,25,26,4,"['stage1_n5__from__root__c05', 'stage2_n4__from__n0005__c02', 'stage3_n3__from__n0021__c01', 'stage4_n3__from__n0068__c02']",stage4_n3__from__n0068__c02,1,stage5_n1__from__n0197__c01,"['stage1_n5__from__root__c05', 'stage2_n4__from__n0005__c02', 'stage3_n3__from__n0021__c01', 'stage4_n3__from__n0068__c02', 'stage5_n1__from__n0197__c01']",0.25,4,ps_safe_prefix_mass,full_tree_child_marginal_at_switch
risky_ps_linear,25,26,4,"['stage1_n5__from__root__c05', 'stage2_n4__from__n0005__c02', 'stage3_n3__from__n0021__c01', 'stage4_n3__from__n0068__c02']",stage4_n3__from__n0068__c02,2,stage5_n2__from__n0197__c02,"['stage1_n5__from__root__c05', 'stage2_n4__from__n0005__c02', 'stage3_n3__from__n0021__c01', 'stage4_n3__from__n0068__c02', 'stage5_n2__from__n0197__c02']",0.25,4,ps_safe_prefix_mass,full_tree_child_marginal_at_switch
risky_ps_linear,25,26,4,"['stage1_n5__from__root__c05', 'stage2_n4__from__n0005__c02', 'stage3_n3__from__n0021__c01', 'stage4_n3__from__n0068__c02']",stage4_n3__from__n0068__c02,3,stage5_n3__from__n0197__c03,"['stage1_n5__from__root__c05', 'stage2_n4__from__n0005__c02', 'stage3_n3__from__n0021__c01', 'stage4_n3__from__n0068__c02', 'stage5_n3__from__n0197__c03']",0.25,4,ps_safe_prefix_mass,full_tree_child_marginal_at_switch
risky_ps_linear,25,26,4,"['stage1_n5__from__root__c05', 'stage2_n4__from__n0005__c02', 'stage3_n3__from__n0021__c01', 'stage4_n3__from__n0068__c02']",stage4_n3__from__n0068__c02,4,stage5_n4__from__n0197__c04,"['stage1_n5__from__root__c05', 'stage2_n4__from__n0005__c02', 'stage3_n3__from__n0021__c01', 'stage4_n3__from__n0068__c02', 'stage5_n4__from__n0197__c04']",0.25,4,ps_safe_prefix_mass,full_tree_child_marginal_at_switch
risky_ps_linear,25,26,4,"['stage1_n5__from__root__c05', 'stage2_n4__from__n0005__c02', 'stage3_n4__from__n0021__c02', 'stage4_n2__from__n0069__c01']",stage4_n2__from__n0069__c01,1,stage5_n1__from__n0198__c01,"['stage1_n5__from__root__c05', 'stage2_n4__from__n0005__c02', 'stage3_n4__from__n0021__c02', 'stage4_n2__from__n0069__c01', 'stage5_n1__from__n0198__c01']",0.5,2,ps_safe_prefix_mass,full_tree_child_marginal_at_switch
risky_ps_linear,25,26,4,"['stage1_n5__from__root__c05', 'stage2_n4__from__n0005__c02', 'stage3_n4__from__n0021__c02', 'stage4_n2__from__n0069__c01']",stage4_n2__from__n0069__c01,2,stage5_n2__from__n0198__c02,"['stage1_n5__from__root__c05', 'stage2_n4__from__n0005__c02', 'stage3_n4__from__n0021__c02', 'stage4_n2__from__n0069__c01', 'stage5_n2__from__n0198__c02']",0.5,2,ps_safe_prefix_mass,full_tree_child_marginal_at_switch
risky_ps_linear,25,26,4,"['stage1_n5__from__root__c05', 'stage2_n4__from__n0005__c02', 'stage3_n4__from__n0021__c02', 'stage4_n3__from__n0069__c02']",stage4_n3__from__n0069__c02,1,stage5_n1__from__n0199__c01,"['stage1_n5__from__root__c05', 'stage2_n4__from__n0005__c02', 'stage3_n4__from__n0021__c02', 'stage4_n3__from__n0069__c02', 'stage5_n1__from__n0199__c01']",0.25,4,ps_safe_prefix_mass,full_tree_child_marginal_at_switch
risky_ps_linear,25,26,4,"['stage1_n5__from__root__c05', 'stage2_n4__from__n0005__c02', 'stage3_n4__from__n0021__c02', 'stage4_n3__from__n0069__c02']",stage4_n3__from__n0069__c02,2,stage5_n2__from__n0199__c02,"['stage1_n5__from__root__c05', 'stage2_n4__from__n0005__c02', 'stage3_n4__from__n0021__c02', 'stage4_n3__from__n0069__c02', 'stage5_n2__from__n0199__c02']",0.25,4,ps_safe_prefix_mass,full_tree_child_marginal_at_switch
risky_ps_linear,25,26,4,"['stage1_n5__from__root__c05', 'stage2_n4__from__n0005__c02', 'stage3_n4__from__n0021__c02', 'stage4_n3__from__n0069__c02']",stage4_n3__from__n0069__c02,3,stage5_n3__from__n0199__c03,"['stage1_n5__from__root__c05', 'stage2_n4__from__n0005__c02', 'stage3_n4__from__n0021__c02', 'stage4_n3__from__n0069__c02', 'stage5_n3__from__n0199__c03']",0.25,4,ps_safe_prefix_mass,full_tree_child_marginal_at_switch
risky_ps_linear,25,26,4,"['stage1_n5__from__root__c05', 'stage2_n4__from__n0005__c02', 'stage3_n4__from__n0021__c02', 'stage4_n3__from__n0069__c02']",stage4_n3__from__n0069__c02,4,stage5_n4__from__n0199__c04,"['stage1_n5__from__root__c05', 'stage2_n4__from__n0005__c02', 'stage3_n4__from__n0021__c02', 'stage4_n3__from__n0069__c02', 'stage5_n4__from__n0199__c04']",0.25,4,ps_safe_prefix_mass,full_tree_child_marginal_at_switch
risky_ps_linear,25,26,4,"['stage1_n5__from__root__c05', 'stage2_n4__from__n0005__c02', 'stage3_n4__from__n0021__c02', 'stage4_n4__from__n0069__c03']",stage4_n4__from__n0069__c03,1,stage5_n1__from__n0200__c01,"['stage1_n5__from__root__c05', 'stage2_n4__from__n0005__c02', 'stage3_n4__from__n0021__c02', 'stage4_n4__from__n0069__c03', 'stage5_n1__from__n0200__c01']",0.25,4,ps_risky_marginal_mixture,full_tree_child_marginal_at_switch
risky_ps_linear,25,26,4,"['stage1_n5__from__root__c05', 'stage2_n4__from__n0005__c02', 'stage3_n4__from__n0021__c02', 'stage4_n4__from__n0069__c03']",stage4_n4__from__n0069__c03,2,stage5_n3__from__n0200__c02,"['stage1_n5__from__root__c05', 'stage2_n4__from__n0005__c02', 'stage3_n4__from__n0021__c02', 'stage4_n4__from__n0069__c03', 'stage5_n3__from__n0200__c02']",0.25,4,ps_risky_marginal_mixture,full_tree_child_marginal_at_switch
risky_ps_linear,25,26,4,"['stage1_n5__from__root__c05', 'stage2_n4__from__n0005__c02', 'stage3_n4__from__n0021__c02', 'stage4_n4__from__n0069__c03']",stage4_n4__from__n0069__c03,3,stage5_n4__from__n0200__c03,"['stage1_n5__from__root__c05', 'stage2_n4__from__n0005__c02', 'stage3_n4__from__n0021__c02', 'stage4_n4__from__n0069__c03', 'stage5_n4__from__n0200__c03']",0.25,4,ps_risky_marginal_mixture,full_tree_child_marginal_at_switch
risky_ps_linear,25,26,4,"['stage1_n5__from__root__c05', 'stage2_n4__from__n0005__c02', 'stage3_n4__from__n0021__c02', 'stage4_n4__from__n0069__c03']",stage4_n4__from__n0069__c03,4,stage5_n5__from__n0200__c04,"['stage1_n5__from__root__c05', 'stage2_n4__from__n0005__c02', 'stage3_n4__from__n0021__c02', 'stage4_n4__from__n0069__c03', 'stage5_n5__from__n0200__c04']",0.25,4,ps_risky_marginal_mixture,full_tree_child_marginal_at_switch
risky_ps_linear,25,26,4,"['stage1_n5__from__root__c05', 'stage2_n4__from__n0005__c02', 'stage3_n4__from__n0021__c02', 'stage4_n5__from__n0069__c04']",stage4_n5__from__n0069__c04,1,stage5_n2__from__n0201__c01,"['stage1_n5__from__root__c05', 'stage2_n4__from__n0005__c02', 'stage3_n4__from__n0021__c02', 'stage4_n5__from__n0069__c04', 'stage5_n2__from__n0201__c01']",0.3333333333333333,3,ps_risky_marginal_mixture,full_tree_child_marginal_at_switch
risky_ps_linear,25,26,4,"['stage1_n5__from__root__c05', 'stage2_n4__from__n0005__c02', 'stage3_n4__from__n0021__c02', 'stage4_n5__from__n0069__c04']",stage4_n5__from__n0069__c04,2,stage5_n4__from__n0201__c02,"['stage1_n5__from__root__c05', 'stage2_n4__from__n0005__c02', 'stage3_n4__from__n0021__c02', 'stage4_n5__from__n0069__c04', 'stage5_n4__from__n0201__c02']",0.3333333333333333,3,ps_risky_marginal_mixture,full_tree_child_marginal_at_switch
risky_ps_linear,25,26,4,"['stage1_n5__from__root__c05', 'stage2_n4__from__n0005__c02', 'stage3_n4__from__n0021__c02', 'stage4_n5__from__n0069__c04']",stage4_n5__from__n0069__c04,3,stage5_n5__from__n0201__c03,"['stage1_n5__from__root__c05', 'stage2_n4__from__n0005__c02', 'stage3_n4__from__n0021__c02', 'stage4_n5__from__n0069__c04', 'stage5_n5__from__n0201__c03']",0.3333333333333333,3,ps_risky_marginal_mixture,full_tree_child_marginal_at_switch
risky_ps_linear,25,26,4,"['stage1_n5__from__root__c05', 'stage2_n4__from__n0005__c02', 'stage3_n5__from__n0021__c03', 'stage4_n2__from__n0070__c01']",stage4_n2__from__n0070__c01,1,stage5_n1__from__n0202__c01,"['stage1_n5__from__root__c05', 'stage2_n4__from__n0005__c02', 'stage3_n5__from__n0021__c03', 'stage4_n2__from__n0070__c01', 'stage5_n1__from__n0202__c01']",0.5,2,ps_safe_prefix_mass,full_tree_child_marginal_at_switch
risky_ps_linear,25,26,4,"['stage1_n5__from__root__c05', 'stage2_n4__from__n0005__c02', 'stage3_n5__from__n0021__c03', 'stage4_n2__from__n0070__c01']",stage4_n2__from__n0070__c01,2,stage5_n2__from__n0202__c02,"['stage1_n5__from__root__c05', 'stage2_n4__from__n0005__c02', 'stage3_n5__from__n0021__c03', 'stage4_n2__from__n0070__c01', 'stage5_n2__from__n0202__c02']",0.5,2,ps_safe_prefix_mass,full_tree_child_marginal_at_switch
risky_ps_linear,25,26,4,"['stage1_n5__from__root__c05', 'stage2_n4__from__n0005__c02', 'stage3_n5__from__n0021__c03', 'stage4_n3__from__n0070__c02']",stage4_n3__from__n0070__c02,1,stage5_n1__from__n0203__c01,"['stage1_n5__from__root__c05', 'stage2_n4__from__n0005__c02', 'stage3_n5__from__n0021__c03', 'stage4_n3__from__n0070__c02', 'stage5_n1__from__n0203__c01']",0.25,4,ps_safe_prefix_mass,full_tree_child_marginal_at_switch
risky_ps_linear,25,26,4,"['stage1_n5__from__root__c05', 'stage2_n4__from__n0005__c02', 'stage3_n5__from__n0021__c03', 'stage4_n3__from__n0070__c02']",stage4_n3__from__n0070__c02,2,stage5_n2__from__n0203__c02,"['stage1_n5__from__root__c05', 'stage2_n4__from__n0005__c02', 'stage3_n5__from__n0021__c03', 'stage4_n3__from__n0070__c02', 'stage5_n2__from__n0203__c02']",0.25,4,ps_safe_prefix_mass,full_tree_child_marginal_at_switch
risky_ps_linear,25,26,4,"['stage1_n5__from__root__c05', 'stage2_n4__from__n0005__c02', 'stage3_n5__from__n0021__c03', 'stage4_n3__from__n0070__c02']",stage4_n3__from__n0070__c02,3,stage5_n3__from__n0203__c03,"['stage1_n5__from__root__c05', 'stage2_n4__from__n0005__c02', 'stage3_n5__from__n0021__c03', 'stage4_n3__from__n0070__c02', 'stage5_n3__from__n0203__c03']",0.25,4,ps_safe_prefix_mass,full_tree_child_marginal_at_switch
risky_ps_linear,25,26,4,"['stage1_n5__from__root__c05', 'stage2_n4__from__n0005__c02', 'stage3_n5__from__n0021__c03', 'stage4_n3__from__n0070__c02']",stage4_n3__from__n0070__c02,4,stage5_n4__from__n0203__c04,"['stage1_n5__from__root__c05', 'stage2_n4__from__n0005__c02', 'stage3_n5__from__n0021__c03', 'stage4_n3__from__n0070__c02', 'stage5_n4__from__n0203__c04']",0.25,4,ps_safe_prefix_mass,full_tree_child_marginal_at_switch
risky_ps_linear,25,26,4,"['stage1_n5__from__root__c05', 'stage2_n4__from__n0005__c02', 'stage3_n5__from__n0021__c03', 'stage4_n4__from__n0070__c03']",stage4_n4__from__n0070__c03,1,stage5_n1__from__n0204__c01,"['stage1_n5__from__root__c05', 'stage2_n4__from__n0005__c02', 'stage3_n5__from__n0021__c03', 'stage4_n4__from__n0070__c03', 'stage5_n1__from__n0204__c01']",0.25,4,ps_risky_marginal_mixture,full_tree_child_marginal_at_switch
risky_ps_linear,25,26,4,"['stage1_n5__from__root__c05', 'stage2_n4__from__n0005__c02', 'stage3_n5__from__n0021__c03', 'stage4_n4__from__n0070__c03']",stage4_n4__from__n0070__c03,2,stage5_n3__from__n0204__c02,"['stage1_n5__from__root__c05', 'stage2_n4__from__n0005__c02', 'stage3_n5__from__n0021__c03', 'stage4_n4__from__n0070__c03', 'stage5_n3__from__n0204__c02']",0.25,4,ps_risky_marginal_mixture,full_tree_child_marginal_at_switch
risky_ps_linear,25,26,4,"['stage1_n5__from__root__c05', 'stage2_n4__from__n0005__c02', 'stage3_n5__from__n0021__c03', 'stage4_n4__from__n0070__c03']",stage4_n4__from__n0070__c03,3,stage5_n4__from__n0204__c03,"['stage1_n5__from__root__c05', 'stage2_n4__from__n0005__c02', 'stage3_n5__from__n0021__c03', 'stage4_n4__from__n0070__c03', 'stage5_n4__from__n0204__c03']",0.25,4,ps_risky_marginal_mixture,full_tree_child_marginal_at_switch
risky_ps_linear,25,26,4,"['stage1_n5__from__root__c05', 'stage2_n4__from__n0005__c02', 'stage3_n5__from__n0021__c03', 'stage4_n4__from__n0070__c03']",stage4_n4__from__n0070__c03,4,stage5_n5__from__n0204__c04,"['stage1_n5__from__root__c05', 'stage2_n4__from__n0005__c02', 'stage3_n5__from__n0021__c03', 'stage4_n4__from__n0070__c03', 'stage5_n5__from__n0204__c04']",0.25,4,ps_risky_marginal_mixture,full_tree_child_marginal_at_switch
risky_ps_linear,25,26,4,"['stage1_n5__from__root__c05', 'stage2_n4__from__n0005__c02', 'stage3_n5__from__n0021__c03', 'stage4_n5__from__n0070__c04']",stage4_n5__from__n0070__c04,1,stage5_n2__from__n0205__c01,"['stage1_n5__from__root__c05', 'stage2_n4__from__n0005__c02', 'stage3_n5__from__n0021__c03', 'stage4_n5__from__n0070__c04', 'stage5_n2__from__n0205__c01']",0.3333333333333333,3,ps_risky_marginal_mixture,full_tree_child_marginal_at_switch
risky_ps_linear,25,26,4,"['stage1_n5__from__root__c05', 'stage2_n4__from__n0005__c02', 'stage3_n5__from__n0021__c03', 'stage4_n5__from__n0070__c04']",stage4_n5__from__n0070__c04,2,stage5_n4__from__n0205__c02,"['stage1_n5__from__root__c05', 'stage2_n4__from__n0005__c02', 'stage3_n5__from__n0021__c03', 'stage4_n5__from__n0070__c04', 'stage5_n4__from__n0205__c02']",0.3333333333333333,3,ps_risky_marginal_mixture,full_tree_child_marginal_at_switch
risky_ps_linear,25,26,4,"['stage1_n5__from__root__c05', 'stage2_n4__from__n0005__c02', 'stage3_n5__from__n0021__c03', 'stage4_n5__from__n0070__c04']",stage4_n5__from__n0070__c04,3,stage5_n5__from__n0205__c03,"['stage1_n5__from__root__c05', 'stage2_n4__from__n0005__c02', 'stage3_n5__from__n0021__c03', 'stage4_n5__from__n0070__c04', 'stage5_n5__from__n0205__c03']",0.3333333333333333,3,ps_risky_marginal_mixture,full_tree_child_marginal_at_switch
risky_ps_linear,25,26,4,"['stage1_n5__from__root__c05', 'stage2_n5__from__n0005__c03', 'stage3_n3__from__n0022__c01', 'stage4_n2__from__n0071__c01']",stage4_n2__from__n0071__c01,1,stage5_n1__from__n0206__c01,"['stage1_n5__from__root__c05', 'stage2_n5__from__n0005__c03', 'stage3_n3__from__n0022__c01', 'stage4_n2__from__n0071__c01', 'stage5_n1__from__n0206__c01']",0.5,2,ps_safe_prefix_mass,full_tree_child_marginal_at_switch
risky_ps_linear,25,26,4,"['stage1_n5__from__root__c05', 'stage2_n5__from__n0005__c03', 'stage3_n3__from__n0022__c01', 'stage4_n2__from__n0071__c01']",stage4_n2__from__n0071__c01,2,stage5_n2__from__n0206__c02,"['stage1_n5__from__root__c05', 'stage2_n5__from__n0005__c03', 'stage3_n3__from__n0022__c01', 'stage4_n2__from__n0071__c01', 'stage5_n2__from__n0206__c02']",0.5,2,ps_safe_prefix_mass,full_tree_child_marginal_at_switch
risky_ps_linear,25,26,4,"['stage1_n5__from__root__c05', 'stage2_n5__from__n0005__c03', 'stage3_n3__from__n0022__c01', 'stage4_n3__from__n0071__c02']",stage4_n3__from__n0071__c02,1,stage5_n1__from__n0207__c01,"['stage1_n5__from__root__c05', 'stage2_n5__from__n0005__c03', 'stage3_n3__from__n0022__c01', 'stage4_n3__from__n0071__c02', 'stage5_n1__from__n0207__c01']",0.25,4,ps_safe_prefix_mass,full_tree_child_marginal_at_switch
risky_ps_linear,25,26,4,"['stage1_n5__from__root__c05', 'stage2_n5__from__n0005__c03', 'stage3_n3__from__n0022__c01', 'stage4_n3__from__n0071__c02']",stage4_n3__from__n0071__c02,2,stage5_n2__from__n0207__c02,"['stage1_n5__from__root__c05', 'stage2_n5__from__n0005__c03', 'stage3_n3__from__n0022__c01', 'stage4_n3__from__n0071__c02', 'stage5_n2__from__n0207__c02']",0.25,4,ps_safe_prefix_mass,full_tree_child_marginal_at_switch
risky_ps_linear,25,26,4,"['stage1_n5__from__root__c05', 'stage2_n5__from__n0005__c03', 'stage3_n3__from__n0022__c01', 'stage4_n3__from__n0071__c02']",stage4_n3__from__n0071__c02,3,stage5_n3__from__n0207__c03,"['stage1_n5__from__root__c05', 'stage2_n5__from__n0005__c03', 'stage3_n3__from__n0022__c01', 'stage4_n3__from__n0071__c02', 'stage5_n3__from__n0207__c03']",0.25,4,ps_safe_prefix_mass,full_tree_child_marginal_at_switch
risky_ps_linear,25,26,4,"['stage1_n5__from__root__c05', 'stage2_n5__from__n0005__c03', 'stage3_n3__from__n0022__c01', 'stage4_n3__from__n0071__c02']",stage4_n3__from__n0071__c02,4,stage5_n4__from__n0207__c04,"['stage1_n5__from__root__c05', 'stage2_n5__from__n0005__c03', 'stage3_n3__from__n0022__c01', 'stage4_n3__from__n0071__c02', 'stage5_n4__from__n0207__c04']",0.25,4,ps_safe_prefix_mass,full_tree_child_marginal_at_switch
risky_ps_linear,25,26,4,"['stage1_n5__from__root__c05', 'stage2_n5__from__n0005__c03', 'stage3_n4__from__n0022__c02', 'stage4_n2__from__n0072__c01']",stage4_n2__from__n0072__c01,1,stage5_n1__from__n0208__c01,"['stage1_n5__from__root__c05', 'stage2_n5__from__n0005__c03', 'stage3_n4__from__n0022__c02', 'stage4_n2__from__n0072__c01', 'stage5_n1__from__n0208__c01']",0.5,2,ps_safe_prefix_mass,full_tree_child_marginal_at_switch
risky_ps_linear,25,26,4,"['stage1_n5__from__root__c05', 'stage2_n5__from__n0005__c03', 'stage3_n4__from__n0022__c02', 'stage4_n2__from__n0072__c01']",stage4_n2__from__n0072__c01,2,stage5_n2__from__n0208__c02,"['stage1_n5__from__root__c05', 'stage2_n5__from__n0005__c03', 'stage3_n4__from__n0022__c02', 'stage4_n2__from__n0072__c01', 'stage5_n2__from__n0208__c02']",0.5,2,ps_safe_prefix_mass,full_tree_child_marginal_at_switch
risky_ps_linear,25,26,4,"['stage1_n5__from__root__c05', 'stage2_n5__from__n0005__c03', 'stage3_n4__from__n0022__c02', 'stage4_n3__from__n0072__c02']",stage4_n3__from__n0072__c02,1,stage5_n1__from__n0209__c01,"['stage1_n5__from__root__c05', 'stage2_n5__from__n0005__c03', 'stage3_n4__from__n0022__c02', 'stage4_n3__from__n0072__c02', 'stage5_n1__from__n0209__c01']",0.25,4,ps_safe_prefix_mass,full_tree_child_marginal_at_switch
risky_ps_linear,25,26,4,"['stage1_n5__from__root__c05', 'stage2_n5__from__n0005__c03', 'stage3_n4__from__n0022__c02', 'stage4_n3__from__n0072__c02']",stage4_n3__from__n0072__c02,2,stage5_n2__from__n0209__c02,"['stage1_n5__from__root__c05', 'stage2_n5__from__n0005__c03', 'stage3_n4__from__n0022__c02', 'stage4_n3__from__n0072__c02', 'stage5_n2__from__n0209__c02']",0.25,4,ps_safe_prefix_mass,full_tree_child_marginal_at_switch
risky_ps_linear,25,26,4,"['stage1_n5__from__root__c05', 'stage2_n5__from__n0005__c03', 'stage3_n4__from__n0022__c02', 'stage4_n3__from__n0072__c02']",stage4_n3__from__n0072__c02,3,stage5_n3__from__n0209__c03,"['stage1_n5__from__root__c05', 'stage2_n5__from__n0005__c03', 'stage3_n4__from__n0022__c02', 'stage4_n3__from__n0072__c02', 'stage5_n3__from__n0209__c03']",0.25,4,ps_safe_prefix_mass,full_tree_child_marginal_at_switch
risky_ps_linear,25,26,4,"['stage1_n5__from__root__c05', 'stage2_n5__from__n0005__c03', 'stage3_n4__from__n0022__c02', 'stage4_n3__from__n0072__c02']",stage4_n3__from__n0072__c02,4,stage5_n4__from__n0209__c04,"['stage1_n5__from__root__c05', 'stage2_n5__from__n0005__c03', 'stage3_n4__from__n0022__c02', 'stage4_n3__from__n0072__c02', 'stage5_n4__from__n0209__c04']",0.25,4,ps_safe_prefix_mass,full_tree_child_marginal_at_switch
risky_ps_linear,25,26,4,"['stage1_n5__from__root__c05', 'stage2_n5__from__n0005__c03', 'stage3_n4__from__n0022__c02', 'stage4_n4__from__n0072__c03']",stage4_n4__from__n0072__c03,1,stage5_n1__from__n0210__c01,"['stage1_n5__from__root__c05', 'stage2_n5__from__n0005__c03', 'stage3_n4__from__n0022__c02', 'stage4_n4__from__n0072__c03', 'stage5_n1__from__n0210__c01']",0.3325,4,ps_risky_marginal_mixture,full_tree_child_marginal_at_switch
risky_ps_linear,25,26,4,"['stage1_n5__from__root__c05', 'stage2_n5__from__n0005__c03', 'stage3_n4__from__n0022__c02', 'stage4_n4__from__n0072__c03']",stage4_n4__from__n0072__c03,2,stage5_n3__from__n0210__c02,"['stage1_n5__from__root__c05', 'stage2_n5__from__n0005__c03', 'stage3_n4__from__n0022__c02', 'stage4_n4__from__n0072__c03', 'stage5_n3__from__n0210__c02']",0.002500000000000001,4,ps_risky_marginal_mixture,full_tree_child_marginal_at_switch
risky_ps_linear,25,26,4,"['stage1_n5__from__root__c05', 'stage2_n5__from__n0005__c03', 'stage3_n4__from__n0022__c02', 'stage4_n4__from__n0072__c03']",stage4_n4__from__n0072__c03,3,stage5_n4__from__n0210__c03,"['stage1_n5__from__root__c05', 'stage2_n5__from__n0005__c03', 'stage3_n4__from__n0022__c02', 'stage4_n4__from__n0072__c03', 'stage5_n4__from__n0210__c03']",0.3325,4,ps_risky_marginal_mixture,full_tree_child_marginal_at_switch
risky_ps_linear,25,26,4,"['stage1_n5__from__root__c05', 'stage2_n5__from__n0005__c03', 'stage3_n4__from__n0022__c02', 'stage4_n4__from__n0072__c03']",stage4_n4__from__n0072__c03,4,stage5_n5__from__n0210__c04,"['stage1_n5__from__root__c05', 'stage2_n5__from__n0005__c03', 'stage3_n4__from__n0022__c02', 'stage4_n4__from__n0072__c03', 'stage5_n5__from__n0210__c04']",0.3325,4,ps_risky_marginal_mixture,full_tree_child_marginal_at_switch
risky_ps_linear,25,26,4,"['stage1_n5__from__root__c05', 'stage2_n5__from__n0005__c03', 'stage3_n4__from__n0022__c02', 'stage4_n5__from__n0072__c04']",stage4_n5__from__n0072__c04,1,stage5_n2__from__n0211__c01,"['stage1_n5__from__root__c05', 'stage2_n5__from__n0005__c03', 'stage3_n4__from__n0022__c02', 'stage4_n5__from__n0072__c04', 'stage5_n2__from__n0211__c01']",0.3333333333333333,3,ps_risky_marginal_mixture,full_tree_child_marginal_at_switch
risky_ps_linear,25,26,4,"['stage1_n5__from__root__c05', 'stage2_n5__from__n0005__c03', 'stage3_n4__from__n0022__c02', 'stage4_n5__from__n0072__c04']",stage4_n5__from__n0072__c04,2,stage5_n4__from__n0211__c02,"['stage1_n5__from__root__c05', 'stage2_n5__from__n0005__c03', 'stage3_n4__from__n0022__c02', 'stage4_n5__from__n0072__c04', 'stage5_n4__from__n0211__c02']",0.3333333333333333,3,ps_risky_marginal_mixture,full_tree_child_marginal_at_switch
risky_ps_linear,25,26,4,"['stage1_n5__from__root__c05', 'stage2_n5__from__n0005__c03', 'stage3_n4__from__n0022__c02', 'stage4_n5__from__n0072__c04']",stage4_n5__from__n0072__c04,3,stage5_n5__from__n0211__c03,"['stage1_n5__from__root__c05', 'stage2_n5__from__n0005__c03', 'stage3_n4__from__n0022__c02', 'stage4_n5__from__n0072__c04', 'stage5_n5__from__n0211__c03']",0.3333333333333333,3,ps_risky_marginal_mixture,full_tree_child_marginal_at_switch
risky_ps_linear,25,26,4,"['stage1_n5__from__root__c05', 'stage2_n5__from__n0005__c03', 'stage3_n5__from__n0022__c03', 'stage4_n2__from__n0073__c01']",stage4_n2__from__n0073__c01,1,stage5_n1__from__n0212__c01,"['stage1_n5__from__root__c05', 'stage2_n5__from__n0005__c03', 'stage3_n5__from__n0022__c03', 'stage4_n2__from__n0073__c01', 'stage5_n1__from__n0212__c01']",0.999999999999,2,ps_safe_prefix_mass,full_tree_child_marginal_at_switch
risky_ps_linear,25,26,4,"['stage1_n5__from__root__c05', 'stage2_n5__from__n0005__c03', 'stage3_n5__from__n0022__c03', 'stage4_n2__from__n0073__c01']",stage4_n2__from__n0073__c01,2,stage5_n2__from__n0212__c02,"['stage1_n5__from__root__c05', 'stage2_n5__from__n0005__c03', 'stage3_n5__from__n0022__c03', 'stage4_n2__from__n0073__c01', 'stage5_n2__from__n0212__c02']",9.999999999990001e-13,2,ps_safe_prefix_mass,full_tree_child_marginal_at_switch
risky_ps_linear,25,26,4,"['stage1_n5__from__root__c05', 'stage2_n5__from__n0005__c03', 'stage3_n5__from__n0022__c03', 'stage4_n3__from__n0073__c02']",stage4_n3__from__n0073__c02,1,stage5_n1__from__n0213__c01,"['stage1_n5__from__root__c05', 'stage2_n5__from__n0005__c03', 'stage3_n5__from__n0022__c03', 'stage4_n3__from__n0073__c02', 'stage5_n1__from__n0213__c01']",0.25,4,ps_safe_prefix_mass,full_tree_child_marginal_at_switch
risky_ps_linear,25,26,4,"['stage1_n5__from__root__c05', 'stage2_n5__from__n0005__c03', 'stage3_n5__from__n0022__c03', 'stage4_n3__from__n0073__c02']",stage4_n3__from__n0073__c02,2,stage5_n2__from__n0213__c02,"['stage1_n5__from__root__c05', 'stage2_n5__from__n0005__c03', 'stage3_n5__from__n0022__c03', 'stage4_n3__from__n0073__c02', 'stage5_n2__from__n0213__c02']",0.25,4,ps_safe_prefix_mass,full_tree_child_marginal_at_switch
risky_ps_linear,25,26,4,"['stage1_n5__from__root__c05', 'stage2_n5__from__n0005__c03', 'stage3_n5__from__n0022__c03', 'stage4_n3__from__n0073__c02']",stage4_n3__from__n0073__c02,3,stage5_n3__from__n0213__c03,"['stage1_n5__from__root__c05', 'stage2_n5__from__n0005__c03', 'stage3_n5__from__n0022__c03', 'stage4_n3__from__n0073__c02', 'stage5_n3__from__n0213__c03']",0.25,4,ps_safe_prefix_mass,full_tree_child_marginal_at_switch
risky_ps_linear,25,26,4,"['stage1_n5__from__root__c05', 'stage2_n5__from__n0005__c03', 'stage3_n5__from__n0022__c03', 'stage4_n3__from__n0073__c02']",stage4_n3__from__n0073__c02,4,stage5_n4__from__n0213__c04,"['stage1_n5__from__root__c05', 'stage2_n5__from__n0005__c03', 'stage3_n5__from__n0022__c03', 'stage4_n3__from__n0073__c02', 'stage5_n4__from__n0213__c04']",0.25,4,ps_safe_prefix_mass,full_tree_child_marginal_at_switch
risky_ps_linear,25,26,4,"['stage1_n5__from__root__c05', 'stage2_n5__from__n0005__c03', 'stage3_n5__from__n0022__c03', 'stage4_n4__from__n0073__c03']",stage4_n4__from__n0073__c03,1,stage5_n1__from__n0214__c01,"['stage1_n5__from__root__c05', 'stage2_n5__from__n0005__c03', 'stage3_n5__from__n0022__c03', 'stage4_n4__from__n0073__c03', 'stage5_n1__from__n0214__c01']",0.25,4,ps_risky_marginal_mixture,full_tree_child_marginal_at_switch
risky_ps_linear,25,26,4,"['stage1_n5__from__root__c05', 'stage2_n5__from__n0005__c03', 'stage3_n5__from__n0022__c03', 'stage4_n4__from__n0073__c03']",stage4_n4__from__n0073__c03,2,stage5_n3__from__n0214__c02,"['stage1_n5__from__root__c05', 'stage2_n5__from__n0005__c03', 'stage3_n5__from__n0022__c03', 'stage4_n4__from__n0073__c03', 'stage5_n3__from__n0214__c02']",0.25,4,ps_risky_marginal_mixture,full_tree_child_marginal_at_switch
risky_ps_linear,25,26,4,"['stage1_n5__from__root__c05', 'stage2_n5__from__n0005__c03', 'stage3_n5__from__n0022__c03', 'stage4_n4__from__n0073__c03']",stage4_n4__from__n0073__c03,3,stage5_n4__from__n0214__c03,"['stage1_n5__from__root__c05', 'stage2_n5__from__n0005__c03', 'stage3_n5__from__n0022__c03', 'stage4_n4__from__n0073__c03', 'stage5_n4__from__n0214__c03']",0.25,4,ps_risky_marginal_mixture,full_tree_child_marginal_at_switch
risky_ps_linear,25,26,4,"['stage1_n5__from__root__c05', 'stage2_n5__from__n0005__c03', 'stage3_n5__from__n0022__c03', 'stage4_n4__from__n0073__c03']",stage4_n4__from__n0073__c03,4,stage5_n5__from__n0214__c04,"['stage1_n5__from__root__c05', 'stage2_n5__from__n0005__c03', 'stage3_n5__from__n0022__c03', 'stage4_n4__from__n0073__c03', 'stage5_n5__from__n0214__c04']",0.25,4,ps_risky_marginal_mixture,full_tree_child_marginal_at_switch
risky_ps_linear,25,26,4,"['stage1_n5__from__root__c05', 'stage2_n5__from__n0005__c03', 'stage3_n5__from__n0022__c03', 'stage4_n5__from__n0073__c04']",stage4_n5__from__n0073__c04,1,stage5_n2__from__n0215__c01,"['stage1_n5__from__root__c05', 'stage2_n5__from__n0005__c03', 'stage3_n5__from__n0022__c03', 'stage4_n5__from__n0073__c04', 'stage5_n2__from__n0215__c01']",0.3333333333333333,3,ps_risky_marginal_mixture,full_tree_child_marginal_at_switch
risky_ps_linear,25,26,4,"['stage1_n5__from__root__c05', 'stage2_n5__from__n0005__c03', 'stage3_n5__from__n0022__c03', 'stage4_n5__from__n0073__c04']",stage4_n5__from__n0073__c04,2,stage5_n4__from__n0215__c02,"['stage1_n5__from__root__c05', 'stage2_n5__from__n0005__c03', 'stage3_n5__from__n0022__c03', 'stage4_n5__from__n0073__c04', 'stage5_n4__from__n0215__c02']",0.3333333333333333,3,ps_risky_marginal_mixture,full_tree_child_marginal_at_switch
risky_ps_linear,25,26,4,"['stage1_n5__from__root__c05', 'stage2_n5__from__n0005__c03', 'stage3_n5__from__n0022__c03', 'stage4_n5__from__n0073__c04']",stage4_n5__from__n0073__c04,3,stage5_n5__from__n0215__c03,"['stage1_n5__from__root__c05', 'stage2_n5__from__n0005__c03', 'stage3_n5__from__n0022__c03', 'stage4_n5__from__n0073__c04', 'stage5_n5__from__n0215__c03']",0.3333333333333333,3,ps_risky_marginal_mixture,full_tree_child_marginal_at_switch
