method,episode_index,repeat_index,schedule_phase,task_bucket,is_specialist_task,oracle_action,final_action,exact_match,clear_success_proxy,auxiliary_success_proxy,strict_clean_success,raw_terminal_penalty,legacy_raw_terminal_penalty,raw_reasoning_cost_component,raw_mode_mismatch_cost_component,raw_path_cost_component,raw_total_cost,terminal_adjustment_floor,terminal_adjustment_reasons,mode_mismatch_cost_enabled,mode_mismatch_report_only_enabled,reasoning_weight_calibration_enabled,actual_modes,required_modes,majority_pair,mismatch_bucket,exact_mode_match,fast_on_deep_count,deep_on_fast_count,match_count,llm_call_count,original_task_id
direct_multistage_exp3,0,0,trap_pre_switch,trap_favoring,False,repair_all,repair_all,True,True,True,True,0.0,0.0,4.658615,1.5,0.0709,4.729515,,,False,True,True,fast/deep/fast/deep/deep,fast/fast/fast/fast/fast,mostly_deep_vs_mostly_fast_required,deep_on_fast_required,False,0,3,2,12,[mms_issue]airplane_mode_on|bad_wifi_calling|break_app_storage_permission[PERSONA:Easy]
direct_multistage_exp3,1,0,trap_pre_switch,trap_favoring,False,repair_all,repair_all,True,True,True,True,0.0,0.0,4.851365,2.0,0.0669,4.918265000000001,,,False,True,True,deep/fast/deep/deep/deep,fast/fast/fast/fast/fast,mostly_deep_vs_mostly_fast_required,deep_on_fast_required,False,0,4,1,12,[mms_issue]airplane_mode_on|bad_wifi_calling|break_app_sms_permission[PERSONA:None]
direct_multistage_exp3,2,0,trap_pre_switch,trap_favoring,False,repair_all,repair_all,True,True,True,True,0.0,0.0,8.22925,2.0,0.07020000000000001,8.29945,,,False,True,True,fast/deep/deep/deep/deep,fast/fast/fast/fast/fast,mostly_deep_vs_mostly_fast_required,deep_on_fast_required,False,0,4,1,17,[mms_issue]bad_wifi_calling[PERSONA:Easy]
direct_multistage_exp3,3,0,trap_pre_switch,trap_favoring,False,repair_all,repair_subset,False,False,True,False,10.0,3.0,5.182055,2.0,0.07840000000000001,15.260455,10.0,subset_mismatch_base_plus_linear;local_clear_failure_floor_10,False,True,True,deep/fast/deep/deep/deep,fast/fast/fast/fast/fast,mostly_deep_vs_mostly_fast_required,deep_on_fast_required,False,0,4,1,13,[mms_issue]bad_wifi_calling|break_app_storage_permission[PERSONA:Easy]
direct_multistage_exp3,4,0,trap_pre_switch,trap_favoring,False,repair_all,repair_all,True,True,True,True,0.0,0.0,4.541625,1.5,0.066,4.607625,,,False,True,True,deep/fast/deep/fast/deep,fast/fast/fast/fast/fast,mostly_deep_vs_mostly_fast_required,deep_on_fast_required,False,0,3,2,13,[mms_issue]bad_wifi_calling|break_app_sms_permission[PERSONA:None]
direct_multistage_exp3,5,0,trap_pre_switch,trap_favoring,False,repair_all,repair_all,True,True,True,True,0.0,0.0,3.70233,1.0,0.074,3.7763299999999997,,,False,True,True,fast/fast/fast/deep/deep,fast/fast/fast/fast/fast,mostly_fast_vs_mostly_fast_required,deep_on_fast_required,False,0,2,3,10,[mms_issue]bad_network_preference|bad_wifi_calling|break_app_storage_permission[PERSONA:Hard]
direct_multistage_exp3,6,0,trap_pre_switch,trap_favoring,False,repair_all,repair_all,True,True,True,True,0.0,0.0,10.653225,2.0,0.0661,10.719325000000001,,,False,True,True,deep/fast/deep/deep/deep,fast/fast/fast/fast/fast,mostly_deep_vs_mostly_fast_required,deep_on_fast_required,False,0,4,1,18,[mms_issue]bad_wifi_calling|break_app_sms_permission|data_mode_off[PERSONA:None]
direct_multistage_exp3,7,0,trap_pre_switch,trap_favoring,False,repair_all,repair_all,True,True,True,True,0.0,0.0,3.70383,1.0,0.0712,3.77503,,,False,True,True,fast/fast/fast/deep/deep,fast/fast/fast/fast/fast,mostly_fast_vs_mostly_fast_required,deep_on_fast_required,False,0,2,3,10,[mms_issue]bad_network_preference|bad_wifi_calling|break_app_sms_permission[PERSONA:Easy]
direct_multistage_exp3,8,0,trap_pre_switch,trap_favoring,False,repair_all,repair_all,True,True,True,True,0.0,0.0,4.134375,1.5,0.0716,4.2059750000000005,,,False,True,True,fast/fast/deep/deep/deep,fast/fast/fast/fast/fast,mostly_deep_vs_mostly_fast_required,deep_on_fast_required,False,0,3,2,10,[mms_issue]bad_wifi_calling|break_app_storage_permission|data_mode_off[PERSONA:Easy]
direct_multistage_exp3,9,0,trap_pre_switch,trap_favoring,False,repair_all,repair_all,True,True,True,True,0.0,0.0,8.73233,1.0,0.0678,8.80013,,,False,True,True,fast/fast/fast/deep/deep,fast/fast/fast/fast/fast,mostly_fast_vs_mostly_fast_required,deep_on_fast_required,False,0,2,3,17,[mms_issue]airplane_mode_on|bad_wifi_calling[PERSONA:Easy]
direct_multistage_exp3,10,1,trap_pre_switch,trap_favoring,False,repair_all,repair_all,True,True,True,True,0.0,0.0,4.150155,1.5,0.061700000000000005,4.211855,,,False,True,True,fast/fast/deep/deep/deep,fast/fast/fast/fast/fast,mostly_deep_vs_mostly_fast_required,deep_on_fast_required,False,0,3,2,10,[mms_issue]airplane_mode_on|bad_wifi_calling|break_app_storage_permission[PERSONA:Easy]
direct_multistage_exp3,11,1,trap_pre_switch,trap_favoring,False,repair_all,repair_all,True,True,True,True,0.0,0.0,2.844895,0.5,0.06520000000000001,2.910095,,,False,True,True,fast/fast/deep/fast/fast,fast/fast/fast/fast/fast,mostly_fast_vs_mostly_fast_required,deep_on_fast_required,False,0,1,4,10,[mms_issue]airplane_mode_on|bad_wifi_calling|break_app_sms_permission[PERSONA:None]
direct_multistage_exp3,12,1,trap_pre_switch,trap_favoring,False,repair_all,repair_all,True,True,True,True,0.0,0.0,2.59918,0.5,0.0581,2.65728,,,False,True,True,fast/fast/deep/fast/fast,fast/fast/fast/fast/fast,mostly_fast_vs_mostly_fast_required,deep_on_fast_required,False,0,1,4,10,[mms_issue]bad_wifi_calling[PERSONA:Easy]
direct_multistage_exp3,13,1,trap_pre_switch,trap_favoring,False,repair_all,repair_all,True,True,True,True,0.0,0.0,5.229555,2.0,0.0692,5.298755000000001,,,False,True,True,deep/fast/deep/deep/deep,fast/fast/fast/fast/fast,mostly_deep_vs_mostly_fast_required,deep_on_fast_required,False,0,4,1,13,[mms_issue]bad_wifi_calling|break_app_storage_permission[PERSONA:Easy]
direct_multistage_exp3,14,1,trap_pre_switch,trap_favoring,False,repair_all,repair_all,True,True,True,True,0.0,0.0,5.32256,2.0,0.0752,5.39776,,,False,True,True,fast/deep/deep/deep/deep,fast/fast/fast/fast/fast,mostly_deep_vs_mostly_fast_required,deep_on_fast_required,False,0,4,1,13,[mms_issue]bad_wifi_calling|break_app_sms_permission[PERSONA:None]
direct_multistage_exp3,15,1,trap_pre_switch,trap_favoring,False,repair_all,repair_all,True,True,True,True,0.0,0.0,4.746155,1.5,0.0746,4.820755,,,False,True,True,fast/fast/deep/deep/deep,fast/fast/fast/fast/fast,mostly_deep_vs_mostly_fast_required,deep_on_fast_required,False,0,3,2,11,[mms_issue]bad_network_preference|bad_wifi_calling|break_app_storage_permission[PERSONA:Hard]
direct_multistage_exp3,16,1,trap_pre_switch,trap_favoring,False,repair_all,repair_all,True,True,True,True,0.0,0.0,2.98267,0.5,0.0651,3.0477700000000003,,,False,True,True,fast/deep/fast/fast/fast,fast/fast/fast/fast/fast,mostly_fast_vs_mostly_fast_required,deep_on_fast_required,False,0,1,4,11,[mms_issue]bad_wifi_calling|break_app_sms_permission|data_mode_off[PERSONA:None]
direct_multistage_exp3,17,1,trap_pre_switch,trap_favoring,False,repair_all,repair_all,True,True,True,True,0.0,0.0,3.85883,1.0,0.066,3.92483,,,False,True,True,deep/fast/fast/deep/fast,fast/fast/fast/fast/fast,mostly_fast_vs_mostly_fast_required,deep_on_fast_required,False,0,2,3,12,[mms_issue]bad_network_preference|bad_wifi_calling|break_app_sms_permission[PERSONA:Easy]
direct_multistage_exp3,18,1,trap_pre_switch,trap_favoring,False,repair_all,repair_all,True,True,True,True,0.0,0.0,3.86279,1.0,0.06760000000000001,3.93039,,,False,True,True,fast/deep/fast/fast/deep,fast/fast/fast/fast/fast,mostly_fast_vs_mostly_fast_required,deep_on_fast_required,False,0,2,3,12,[mms_issue]bad_wifi_calling|break_app_storage_permission|data_mode_off[PERSONA:Easy]
direct_multistage_exp3,19,1,trap_pre_switch,trap_favoring,False,repair_all,repair_all,True,True,True,True,0.0,0.0,9.521075,2.0,0.06999999999999999,9.591075,,,False,True,True,fast/deep/deep/deep/deep,fast/fast/fast/fast/fast,mostly_deep_vs_mostly_fast_required,deep_on_fast_required,False,0,4,1,18,[mms_issue]airplane_mode_on|bad_wifi_calling[PERSONA:Easy]
direct_multistage_exp3,20,2,trap_pre_switch,trap_favoring,False,repair_all,repair_all,True,True,True,True,0.0,0.0,5.118275,2.0,0.0651,5.183375,,,False,True,True,fast/deep/deep/deep/deep,fast/fast/fast/fast/fast,mostly_deep_vs_mostly_fast_required,deep_on_fast_required,False,0,4,1,12,[mms_issue]airplane_mode_on|bad_wifi_calling|break_app_storage_permission[PERSONA:Easy]
direct_multistage_exp3,21,2,trap_pre_switch,trap_favoring,False,repair_all,repair_all,True,True,True,True,0.0,0.0,4.137125,1.5,0.06830000000000001,4.205425,,,False,True,True,fast/fast/deep/deep/deep,fast/fast/fast/fast/fast,mostly_deep_vs_mostly_fast_required,deep_on_fast_required,False,0,3,2,10,[mms_issue]airplane_mode_on|bad_wifi_calling|break_app_sms_permission[PERSONA:None]
direct_multistage_exp3,22,2,trap_pre_switch,trap_favoring,False,repair_all,repair_all,True,True,True,True,0.0,0.0,9.06942,1.5,0.0736,9.14302,,,False,True,True,fast/fast/deep/deep/deep,fast/fast/fast/fast/fast,mostly_deep_vs_mostly_fast_required,deep_on_fast_required,False,0,3,2,17,[mms_issue]bad_wifi_calling[PERSONA:Easy]
direct_multistage_exp3,23,2,trap_pre_switch,trap_favoring,False,repair_all,repair_all,True,True,True,True,0.0,0.0,5.186055,2.0,0.0758,5.261855,,,False,True,True,deep/fast/deep/deep/deep,fast/fast/fast/fast/fast,mostly_deep_vs_mostly_fast_required,deep_on_fast_required,False,0,4,1,13,[mms_issue]bad_wifi_calling|break_app_storage_permission[PERSONA:Easy]
direct_multistage_exp3,24,2,trap_pre_switch,trap_favoring,False,repair_all,repair_all,True,True,True,True,0.0,0.0,4.4971,1.5,0.0666,4.5637,,,False,True,True,fast/fast/deep/deep/deep,fast/fast/fast/fast/fast,mostly_deep_vs_mostly_fast_required,deep_on_fast_required,False,0,3,2,11,[mms_issue]bad_wifi_calling|break_app_sms_permission[PERSONA:None]
direct_multistage_exp3,25,2,target_post_switch,target_favoring,False,repair_all,repair_subset,False,False,True,False,10.0,5.0,3.77478,1.5,0.0661,13.84088,10.0,subset_mismatch_base_plus_linear;local_clear_failure_floor_10,False,True,True,fast/fast/deep/deep/deep,fast/deep/deep/deep/deep,mostly_deep_vs_mostly_deep_required,fast_on_deep_required,False,1,0,4,11,[mms_issue]airplane_mode_on|bad_network_preference|bad_wifi_calling|break_apn_mms_setting|break_app_storage_permission|unseat_sim_card[PERSONA:Easy]
direct_multistage_exp3,26,2,target_post_switch,target_favoring,True,repair_subset,repair_subset,True,True,False,False,6.0,2.0,4.11201,0.0,0.06930000000000001,10.18131,6.0,clear_but_aux_failure_floor_6,False,True,True,fast/deep/deep/deep/deep,fast/deep/deep/deep/deep,mostly_deep_vs_mostly_deep_required,all_stage_modes_match,True,0,0,5,13,[mms_issue]airplane_mode_on|bad_network_preference|bad_wifi_calling|break_apn_mms_setting|break_app_both_permissions|data_mode_off|data_usage_exceeded|unseat_sim_card|user_abroad_roaming_disabled_on[PERSONA:Hard]
direct_multistage_exp3,27,2,target_post_switch,target_favoring,True,repair_subset,transfer,False,False,False,False,22.5,18.5,4.84145,0.5,0.07750000000000001,27.418950000000002,18.0,subset_mismatch_base_plus_linear;local_clear_failure_floor_10;local_clear_and_aux_failure_floor_12;invalid_local_transfer_floor_18,False,True,True,deep/deep/deep/deep/deep,fast/deep/deep/deep/deep,mostly_deep_vs_mostly_deep_required,deep_on_fast_required,False,0,1,4,15,[mms_issue]airplane_mode_on|bad_network_preference|bad_wifi_calling|break_apn_mms_setting|break_app_sms_permission|data_mode_off|data_usage_exceeded|unseat_sim_card|user_abroad_roaming_disabled_on[PERSONA:None]
direct_multistage_exp3,28,2,target_post_switch,target_favoring,True,repair_subset,repair_subset,True,True,False,False,6.0,2.0,4.51142,0.5,0.07650000000000001,10.58792,6.0,clear_but_aux_failure_floor_6,False,True,True,deep/deep/deep/deep/deep,fast/deep/deep/deep/deep,mostly_deep_vs_mostly_deep_required,deep_on_fast_required,False,0,1,4,14,[mms_issue]airplane_mode_on|bad_network_preference|bad_wifi_calling|break_apn_mms_setting|break_app_both_permissions|data_mode_off|data_usage_exceeded|unseat_sim_card|user_abroad_roaming_enabled_off[PERSONA:Hard]
direct_multistage_exp3,29,2,target_post_switch,target_favoring,True,repair_all,repair_subset,False,False,True,False,15.0,11.0,5.1272,2.0,0.0758,20.203,10.0,subset_mismatch_base_plus_linear;local_clear_failure_floor_10,False,True,True,deep/fast/deep/deep/deep,fast/deep/deep/deep/deep,mostly_deep_vs_mostly_deep_required,both_mismatch_types,False,1,1,3,14,[mms_issue]airplane_mode_on|bad_network_preference|bad_wifi_calling|break_apn_mms_setting|break_app_sms_permission|data_mode_off|unseat_sim_card|user_abroad_roaming_enabled_off[PERSONA:None]
direct_multistage_exp3,30,3,target_post_switch,target_favoring,False,repair_all,repair_all,True,True,True,True,0.0,0.0,3.08567,0.0,0.06580000000000001,3.1514699999999998,,,False,True,True,fast/deep/deep/deep/deep,fast/deep/deep/deep/deep,mostly_deep_vs_mostly_deep_required,all_stage_modes_match,True,0,0,5,12,[mms_issue]bad_wifi_calling|break_apn_mms_setting|break_app_storage_permission|unseat_sim_card[PERSONA:Easy]
direct_multistage_exp3,31,3,target_post_switch,target_favoring,False,repair_all,repair_all,True,True,True,True,0.0,0.0,4.07191,0.5,0.0748,4.14671,,,False,True,True,deep/deep/deep/deep/deep,fast/deep/deep/deep/deep,mostly_deep_vs_mostly_deep_required,deep_on_fast_required,False,0,1,4,14,[mms_issue]bad_wifi_calling|break_apn_mms_setting|break_app_sms_permission|unseat_sim_card[PERSONA:None]
direct_multistage_exp3,32,3,target_post_switch,target_favoring,False,repair_all,repair_all,True,True,True,True,0.0,0.0,4.90407,4.5,0.059600000000000014,4.96367,,,False,True,True,fast/fast/fast/fast/deep,fast/deep/deep/deep/deep,mostly_fast_vs_mostly_deep_required,fast_on_deep_required,False,3,0,2,11,[mms_issue]bad_wifi_calling|break_apn_mms_setting|break_app_sms_permission|user_abroad_roaming_enabled_off[PERSONA:Easy]
direct_multistage_exp3,33,3,target_post_switch,target_favoring,False,repair_all,repair_all,True,True,True,True,0.0,0.0,4.40809,2.0,0.0721,4.4801899999999995,,,False,True,True,deep/fast/deep/deep/deep,fast/deep/deep/deep/deep,mostly_deep_vs_mostly_deep_required,both_mismatch_types,False,1,1,3,13,[mms_issue]airplane_mode_on|bad_wifi_calling|break_apn_mms_setting|break_app_storage_permission|user_abroad_roaming_enabled_off[PERSONA:None]
direct_multistage_exp3,34,3,target_post_switch,target_favoring,False,repair_all,repair_subset,False,False,True,False,10.0,3.0,3.0366,0.0,0.0735,13.1101,10.0,subset_mismatch_base_plus_linear;local_clear_failure_floor_10,False,True,True,fast/deep/deep/deep/deep,fast/deep/deep/deep/deep,mostly_deep_vs_mostly_deep_required,all_stage_modes_match,True,0,0,5,11,[mms_issue]bad_wifi_calling|break_apn_mms_setting|break_app_storage_permission|data_mode_off|unseat_sim_card[PERSONA:None]
direct_multistage_exp3,35,3,target_post_switch,target_favoring,False,repair_all,repair_all,True,True,True,True,0.0,0.0,5.42976,1.5,0.07050000000000001,5.50026,,,False,True,True,fast/deep/deep/deep/fast,fast/deep/deep/deep/deep,mostly_deep_vs_mostly_deep_required,fast_on_deep_required,False,1,0,4,14,[mms_issue]airplane_mode_on|bad_network_preference|bad_wifi_calling|break_apn_mms_setting|break_app_storage_permission|unseat_sim_card[PERSONA:Easy]
direct_multistage_exp3,36,3,target_post_switch,target_favoring,True,repair_subset,repair_subset,False,False,False,False,14.0,3.0,4.05002,3.0,0.0594,18.10942,14.0,subset_mismatch_base_plus_linear;local_clear_failure_floor_10;local_clear_and_aux_failure_floor_12;fast_path_on_deep_required_clear_failure_floor_14,False,True,True,fast/fast/fast/deep/deep,fast/deep/deep/deep/deep,mostly_fast_vs_mostly_deep_required,fast_on_deep_required,False,2,0,3,10,[mms_issue]airplane_mode_on|bad_network_preference|bad_wifi_calling|break_apn_mms_setting|break_app_both_permissions|data_mode_off|data_usage_exceeded|unseat_sim_card|user_abroad_roaming_disabled_on[PERSONA:Hard]
direct_multistage_exp3,37,3,target_post_switch,target_favoring,True,repair_subset,repair_subset,False,False,False,False,12.0,4.0,4.7369,0.0,0.0724,16.8093,12.0,subset_mismatch_base_plus_linear;local_clear_failure_floor_10;local_clear_and_aux_failure_floor_12,False,True,True,fast/deep/deep/deep/deep,fast/deep/deep/deep/deep,mostly_deep_vs_mostly_deep_required,all_stage_modes_match,True,0,0,5,14,[mms_issue]airplane_mode_on|bad_network_preference|bad_wifi_calling|break_apn_mms_setting|break_app_sms_permission|data_mode_off|data_usage_exceeded|unseat_sim_card|user_abroad_roaming_disabled_on[PERSONA:None]
direct_multistage_exp3,38,3,target_post_switch,target_favoring,True,repair_subset,repair_subset,False,False,False,False,14.0,5.0,4.858295,3.0,0.0654,18.923695000000002,14.0,subset_mismatch_base_plus_linear;local_clear_failure_floor_10;local_clear_and_aux_failure_floor_12;fast_path_on_deep_required_clear_failure_floor_14,False,True,True,fast/fast/deep/fast/deep,fast/deep/deep/deep/deep,mostly_fast_vs_mostly_deep_required,fast_on_deep_required,False,2,0,3,10,[mms_issue]airplane_mode_on|bad_network_preference|bad_wifi_calling|break_apn_mms_setting|break_app_both_permissions|data_mode_off|data_usage_exceeded|unseat_sim_card|user_abroad_roaming_enabled_off[PERSONA:Hard]
direct_multistage_exp3,39,3,target_post_switch,target_favoring,True,repair_all,repair_all,True,True,True,True,0.0,0.0,4.94661,0.5,0.07600000000000001,5.022609999999999,,,False,True,True,deep/deep/deep/deep/deep,fast/deep/deep/deep/deep,mostly_deep_vs_mostly_deep_required,deep_on_fast_required,False,0,1,4,15,[mms_issue]airplane_mode_on|bad_network_preference|bad_wifi_calling|break_apn_mms_setting|break_app_sms_permission|data_mode_off|unseat_sim_card|user_abroad_roaming_enabled_off[PERSONA:None]
direct_multistage_exp3,40,4,target_post_switch,target_favoring,False,repair_all,repair_all,True,True,True,True,0.0,0.0,4.27562,0.5,0.0772,4.35282,,,False,True,True,deep/deep/deep/deep/deep,fast/deep/deep/deep/deep,mostly_deep_vs_mostly_deep_required,deep_on_fast_required,False,0,1,4,15,[mms_issue]bad_wifi_calling|break_apn_mms_setting|break_app_storage_permission|unseat_sim_card[PERSONA:Easy]
direct_multistage_exp3,41,4,target_post_switch,target_favoring,False,repair_all,repair_all,True,True,True,True,0.0,0.0,3.75325,2.0,0.071,3.82425,,,False,True,True,deep/fast/deep/deep/deep,fast/deep/deep/deep/deep,mostly_deep_vs_mostly_deep_required,both_mismatch_types,False,1,1,3,12,[mms_issue]bad_wifi_calling|break_apn_mms_setting|break_app_sms_permission|unseat_sim_card[PERSONA:None]
direct_multistage_exp3,42,4,target_post_switch,target_favoring,False,repair_all,repair_all,True,True,True,True,0.0,0.0,3.83539,0.5,0.0748,3.91019,,,False,True,True,deep/deep/deep/deep/deep,fast/deep/deep/deep/deep,mostly_deep_vs_mostly_deep_required,deep_on_fast_required,False,0,1,4,14,[mms_issue]bad_wifi_calling|break_apn_mms_setting|break_app_sms_permission|user_abroad_roaming_enabled_off[PERSONA:Easy]
direct_multistage_exp3,43,4,target_post_switch,target_favoring,False,repair_all,transfer,False,False,True,False,18.0,12.5,4.100025,1.5,0.0717,22.171725,18.0,subset_mismatch_base_plus_linear;local_clear_failure_floor_10;invalid_local_transfer_floor_18,False,True,True,fast/deep/deep/deep/fast,fast/deep/deep/deep/deep,mostly_deep_vs_mostly_deep_required,fast_on_deep_required,False,1,0,4,12,[mms_issue]airplane_mode_on|bad_wifi_calling|break_apn_mms_setting|break_app_storage_permission|user_abroad_roaming_enabled_off[PERSONA:None]
direct_multistage_exp3,44,4,target_post_switch,target_favoring,False,repair_all,repair_all,True,True,True,True,0.0,0.0,4.27831,0.5,0.0772,4.355510000000001,,,False,True,True,deep/deep/deep/deep/deep,fast/deep/deep/deep/deep,mostly_deep_vs_mostly_deep_required,deep_on_fast_required,False,0,1,4,14,[mms_issue]bad_wifi_calling|break_apn_mms_setting|break_app_storage_permission|data_mode_off|unseat_sim_card[PERSONA:None]
direct_multistage_exp3,45,4,target_post_switch,target_favoring,False,repair_all,transfer,False,False,True,False,18.5,14.5,4.00092,0.0,0.07750000000000001,22.57842,18.0,subset_mismatch_base_plus_linear;local_clear_failure_floor_10;invalid_local_transfer_floor_18,False,True,True,fast/deep/deep/deep/deep,fast/deep/deep/deep/deep,mostly_deep_vs_mostly_deep_required,all_stage_modes_match,True,0,0,5,13,[mms_issue]airplane_mode_on|bad_network_preference|bad_wifi_calling|break_apn_mms_setting|break_app_storage_permission|unseat_sim_card[PERSONA:Easy]
direct_multistage_exp3,46,4,target_post_switch,target_favoring,True,repair_subset,repair_subset,False,False,False,False,12.0,3.0,5.210815,3.5,0.0713,17.282115,12.0,subset_mismatch_base_plus_linear;local_clear_failure_floor_10;local_clear_and_aux_failure_floor_12,False,True,True,deep/fast/fast/deep/deep,fast/deep/deep/deep/deep,mostly_deep_vs_mostly_deep_required,both_mismatch_types,False,2,1,2,13,[mms_issue]airplane_mode_on|bad_network_preference|bad_wifi_calling|break_apn_mms_setting|break_app_both_permissions|data_mode_off|data_usage_exceeded|unseat_sim_card|user_abroad_roaming_disabled_on[PERSONA:Hard]
direct_multistage_exp3,47,4,target_post_switch,target_favoring,True,repair_subset,transfer,False,False,False,False,23.5,19.5,3.91076,1.5,0.072,27.48276,18.0,subset_mismatch_base_plus_linear;local_clear_failure_floor_10;local_clear_and_aux_failure_floor_12;invalid_local_transfer_floor_18,False,True,True,fast/fast/deep/deep/deep,fast/deep/deep/deep/deep,mostly_deep_vs_mostly_deep_required,fast_on_deep_required,False,1,0,4,11,[mms_issue]airplane_mode_on|bad_network_preference|bad_wifi_calling|break_apn_mms_setting|break_app_sms_permission|data_mode_off|data_usage_exceeded|unseat_sim_card|user_abroad_roaming_disabled_on[PERSONA:None]
direct_multistage_exp3,48,4,target_post_switch,target_favoring,True,repair_subset,repair_subset,True,True,False,False,6.0,2.0,6.967015,4.5,0.05610000000000001,13.023115,6.0,clear_but_aux_failure_floor_6,False,True,True,fast/deep/fast/fast/fast,fast/deep/deep/deep/deep,mostly_fast_vs_mostly_deep_required,fast_on_deep_required,False,3,0,2,12,[mms_issue]airplane_mode_on|bad_network_preference|bad_wifi_calling|break_apn_mms_setting|break_app_both_permissions|data_mode_off|data_usage_exceeded|unseat_sim_card|user_abroad_roaming_enabled_off[PERSONA:Hard]
direct_multistage_exp3,49,4,target_post_switch,target_favoring,True,repair_all,transfer,False,False,True,False,22.5,18.5,5.22065,2.0,0.0695,27.79015,18.0,subset_mismatch_base_plus_linear;local_clear_failure_floor_10;invalid_local_transfer_floor_18,False,True,True,deep/fast/deep/deep/deep,fast/deep/deep/deep/deep,mostly_deep_vs_mostly_deep_required,both_mismatch_types,False,1,1,3,14,[mms_issue]airplane_mode_on|bad_network_preference|bad_wifi_calling|break_apn_mms_setting|break_app_sms_permission|data_mode_off|unseat_sim_card|user_abroad_roaming_enabled_off[PERSONA:None]
direct_multistage_exp3,50,5,target_post_switch,target_favoring,False,repair_all,repair_all,True,True,True,True,0.0,0.0,4.20234,2.0,0.07590000000000001,4.27824,,,False,True,True,deep/fast/deep/deep/deep,fast/deep/deep/deep/deep,mostly_deep_vs_mostly_deep_required,both_mismatch_types,False,1,1,3,13,[mms_issue]bad_wifi_calling|break_apn_mms_setting|break_app_storage_permission|unseat_sim_card[PERSONA:Easy]
direct_multistage_exp3,51,5,target_post_switch,target_favoring,False,repair_all,repair_all,True,True,True,True,0.0,0.0,3.46736,1.5,0.0671,3.53446,,,False,True,True,fast/fast/deep/deep/deep,fast/deep/deep/deep/deep,mostly_deep_vs_mostly_deep_required,fast_on_deep_required,False,1,0,4,11,[mms_issue]bad_wifi_calling|break_apn_mms_setting|break_app_sms_permission|unseat_sim_card[PERSONA:None]
direct_multistage_exp3,52,5,target_post_switch,target_favoring,False,repair_all,repair_all,True,True,True,True,0.0,0.0,4.134965,1.5,0.07780000000000001,4.212765,,,False,True,True,fast/deep/deep/fast/deep,fast/deep/deep/deep/deep,mostly_deep_vs_mostly_deep_required,fast_on_deep_required,False,1,0,4,12,[mms_issue]bad_wifi_calling|break_apn_mms_setting|break_app_sms_permission|user_abroad_roaming_enabled_off[PERSONA:Easy]
direct_multistage_exp3,53,5,target_post_switch,target_favoring,False,repair_all,repair_all,True,True,True,True,0.0,0.0,4.00434,0.5,0.0772,4.08154,,,False,True,True,deep/deep/deep/deep/deep,fast/deep/deep/deep/deep,mostly_deep_vs_mostly_deep_required,deep_on_fast_required,False,0,1,4,14,[mms_issue]airplane_mode_on|bad_wifi_calling|break_apn_mms_setting|break_app_storage_permission|user_abroad_roaming_enabled_off[PERSONA:None]
direct_multistage_exp3,54,5,target_post_switch,target_favoring,False,repair_all,repair_all,True,True,True,True,0.0,0.0,3.79447,0.5,0.07790000000000001,3.87237,,,False,True,True,deep/deep/deep/deep/deep,fast/deep/deep/deep/deep,mostly_deep_vs_mostly_deep_required,deep_on_fast_required,False,0,1,4,13,[mms_issue]bad_wifi_calling|break_apn_mms_setting|break_app_storage_permission|data_mode_off|unseat_sim_card[PERSONA:None]
direct_multistage_exp3,55,5,target_post_switch,target_favoring,False,repair_all,repair_all,True,True,True,True,0.0,0.0,4.40063,1.5,0.07020000000000001,4.470829999999999,,,False,True,True,fast/deep/fast/deep/deep,fast/deep/deep/deep/deep,mostly_deep_vs_mostly_deep_required,fast_on_deep_required,False,1,0,4,13,[mms_issue]airplane_mode_on|bad_network_preference|bad_wifi_calling|break_apn_mms_setting|break_app_storage_permission|unseat_sim_card[PERSONA:Easy]
direct_multistage_exp3,56,5,target_post_switch,target_favoring,True,repair_subset,repair_subset,False,False,True,False,15.0,11.0,6.95267,0.5,0.07600000000000001,22.02867,10.0,subset_mismatch_base_plus_linear;local_clear_failure_floor_10,False,True,True,deep/deep/deep/deep/deep,fast/deep/deep/deep/deep,mostly_deep_vs_mostly_deep_required,deep_on_fast_required,False,0,1,4,19,[mms_issue]airplane_mode_on|bad_network_preference|bad_wifi_calling|break_apn_mms_setting|break_app_both_permissions|data_mode_off|data_usage_exceeded|unseat_sim_card|user_abroad_roaming_disabled_on[PERSONA:Hard]
direct_multistage_exp3,57,5,target_post_switch,target_favoring,True,repair_subset,repair_subset,True,True,False,False,6.0,2.0,4.14883,0.0,0.07750000000000001,10.22633,6.0,clear_but_aux_failure_floor_6,False,True,True,fast/deep/deep/deep/deep,fast/deep/deep/deep/deep,mostly_deep_vs_mostly_deep_required,all_stage_modes_match,True,0,0,5,13,[mms_issue]airplane_mode_on|bad_network_preference|bad_wifi_calling|break_apn_mms_setting|break_app_sms_permission|data_mode_off|data_usage_exceeded|unseat_sim_card|user_abroad_roaming_disabled_on[PERSONA:None]
direct_multistage_exp3,58,5,target_post_switch,target_favoring,True,repair_subset,repair_subset,True,True,False,False,6.0,2.0,4.97639,1.5,0.0723,11.04869,6.0,clear_but_aux_failure_floor_6,False,True,True,fast/deep/deep/deep/fast,fast/deep/deep/deep/deep,mostly_deep_vs_mostly_deep_required,fast_on_deep_required,False,1,0,4,12,[mms_issue]airplane_mode_on|bad_network_preference|bad_wifi_calling|break_apn_mms_setting|break_app_both_permissions|data_mode_off|data_usage_exceeded|unseat_sim_card|user_abroad_roaming_enabled_off[PERSONA:Hard]
direct_multistage_exp3,59,5,target_post_switch,target_favoring,True,repair_all,transfer,False,False,True,False,22.5,18.5,4.3463,0.0,0.0758,26.9221,18.0,subset_mismatch_base_plus_linear;local_clear_failure_floor_10;invalid_local_transfer_floor_18,False,True,True,fast/deep/deep/deep/deep,fast/deep/deep/deep/deep,mostly_deep_vs_mostly_deep_required,all_stage_modes_match,True,0,0,5,13,[mms_issue]airplane_mode_on|bad_network_preference|bad_wifi_calling|break_apn_mms_setting|break_app_sms_permission|data_mode_off|unseat_sim_card|user_abroad_roaming_enabled_off[PERSONA:None]
direct_multistage_exp3,60,6,target_post_switch,target_favoring,False,repair_all,repair_all,True,True,True,True,0.0,0.0,4.394825,1.5,0.0737,4.468525,,,False,True,True,fast/deep/deep/deep/fast,fast/deep/deep/deep/deep,mostly_deep_vs_mostly_deep_required,fast_on_deep_required,False,1,0,4,13,[mms_issue]bad_wifi_calling|break_apn_mms_setting|break_app_storage_permission|unseat_sim_card[PERSONA:Easy]
direct_multistage_exp3,61,6,target_post_switch,target_favoring,False,repair_all,repair_all,True,True,True,True,0.0,0.0,4.08479,0.5,0.07600000000000001,4.1607899999999995,,,False,True,True,deep/deep/deep/deep/deep,fast/deep/deep/deep/deep,mostly_deep_vs_mostly_deep_required,deep_on_fast_required,False,0,1,4,14,[mms_issue]bad_wifi_calling|break_apn_mms_setting|break_app_sms_permission|unseat_sim_card[PERSONA:None]
direct_multistage_exp3,62,6,target_post_switch,target_favoring,False,repair_all,repair_all,True,True,True,True,0.0,0.0,3.09603,0.0,0.07900000000000001,3.17503,,,False,True,True,fast/deep/deep/deep/deep,fast/deep/deep/deep/deep,mostly_deep_vs_mostly_deep_required,all_stage_modes_match,True,0,0,5,12,[mms_issue]bad_wifi_calling|break_apn_mms_setting|break_app_sms_permission|user_abroad_roaming_enabled_off[PERSONA:Easy]
direct_multistage_exp3,63,6,target_post_switch,target_favoring,False,repair_all,repair_all,True,True,True,True,0.0,0.0,4.01365,0.5,0.0753,4.0889500000000005,,,False,True,True,deep/deep/deep/deep/deep,fast/deep/deep/deep/deep,mostly_deep_vs_mostly_deep_required,deep_on_fast_required,False,0,1,4,14,[mms_issue]airplane_mode_on|bad_wifi_calling|break_apn_mms_setting|break_app_storage_permission|user_abroad_roaming_enabled_off[PERSONA:None]
direct_multistage_exp3,64,6,target_post_switch,target_favoring,False,repair_all,repair_all,True,True,True,True,0.0,0.0,3.17817,1.5,0.06970000000000001,3.2478700000000003,,,False,True,True,fast/fast/deep/deep/deep,fast/deep/deep/deep/deep,mostly_deep_vs_mostly_deep_required,fast_on_deep_required,False,1,0,4,10,[mms_issue]bad_wifi_calling|break_apn_mms_setting|break_app_storage_permission|data_mode_off|unseat_sim_card[PERSONA:None]
direct_multistage_exp3,65,6,target_post_switch,target_favoring,False,repair_all,repair_all,True,True,True,True,0.0,0.0,3.89655,0.0,0.06720000000000001,3.96375,,,False,True,True,fast/deep/deep/deep/deep,fast/deep/deep/deep/deep,mostly_deep_vs_mostly_deep_required,all_stage_modes_match,True,0,0,5,13,[mms_issue]airplane_mode_on|bad_network_preference|bad_wifi_calling|break_apn_mms_setting|break_app_storage_permission|unseat_sim_card[PERSONA:Easy]
direct_multistage_exp3,66,6,target_post_switch,target_favoring,True,repair_subset,repair_subset,True,True,False,False,6.0,2.0,4.17963,0.0,0.07900000000000001,10.25863,6.0,clear_but_aux_failure_floor_6,False,True,True,fast/deep/deep/deep/deep,fast/deep/deep/deep/deep,mostly_deep_vs_mostly_deep_required,all_stage_modes_match,True,0,0,5,13,[mms_issue]airplane_mode_on|bad_network_preference|bad_wifi_calling|break_apn_mms_setting|break_app_both_permissions|data_mode_off|data_usage_exceeded|unseat_sim_card|user_abroad_roaming_disabled_on[PERSONA:Hard]
direct_multistage_exp3,67,6,target_post_switch,target_favoring,True,repair_subset,repair_subset,True,True,False,False,6.0,2.0,4.15002,0.0,0.07900000000000001,10.229019999999998,6.0,clear_but_aux_failure_floor_6,False,True,True,fast/deep/deep/deep/deep,fast/deep/deep/deep/deep,mostly_deep_vs_mostly_deep_required,all_stage_modes_match,True,0,0,5,13,[mms_issue]airplane_mode_on|bad_network_preference|bad_wifi_calling|break_apn_mms_setting|break_app_sms_permission|data_mode_off|data_usage_exceeded|unseat_sim_card|user_abroad_roaming_disabled_on[PERSONA:None]
direct_multistage_exp3,68,6,target_post_switch,target_favoring,True,repair_subset,repair_subset,False,False,False,False,17.0,13.0,4.525,1.5,0.071,21.596000000000004,12.0,subset_mismatch_base_plus_linear;local_clear_failure_floor_10;local_clear_and_aux_failure_floor_12,False,True,True,fast/fast/deep/deep/deep,fast/deep/deep/deep/deep,mostly_deep_vs_mostly_deep_required,fast_on_deep_required,False,1,0,4,12,[mms_issue]airplane_mode_on|bad_network_preference|bad_wifi_calling|break_apn_mms_setting|break_app_both_permissions|data_mode_off|data_usage_exceeded|unseat_sim_card|user_abroad_roaming_enabled_off[PERSONA:Hard]
direct_multistage_exp3,69,6,target_post_switch,target_favoring,True,repair_all,repair_all,True,True,True,True,0.0,0.0,5.79976,3.5,0.0708,5.87056,,,False,True,True,deep/fast/fast/deep/deep,fast/deep/deep/deep/deep,mostly_deep_vs_mostly_deep_required,both_mismatch_types,False,2,1,2,14,[mms_issue]airplane_mode_on|bad_network_preference|bad_wifi_calling|break_apn_mms_setting|break_app_sms_permission|data_mode_off|unseat_sim_card|user_abroad_roaming_enabled_off[PERSONA:None]
direct_multistage_exp3,70,7,target_post_switch,target_favoring,False,repair_all,repair_all,True,True,True,True,0.0,0.0,4.2759,0.5,0.0753,4.3512,,,False,True,True,deep/deep/deep/deep/deep,fast/deep/deep/deep/deep,mostly_deep_vs_mostly_deep_required,deep_on_fast_required,False,0,1,4,15,[mms_issue]bad_wifi_calling|break_apn_mms_setting|break_app_storage_permission|unseat_sim_card[PERSONA:Easy]
direct_multistage_exp3,71,7,target_post_switch,target_favoring,False,repair_all,repair_all,True,True,True,True,0.0,0.0,4.06015,0.5,0.0753,4.1354500000000005,,,False,True,True,deep/deep/deep/deep/deep,fast/deep/deep/deep/deep,mostly_deep_vs_mostly_deep_required,deep_on_fast_required,False,0,1,4,14,[mms_issue]bad_wifi_calling|break_apn_mms_setting|break_app_sms_permission|unseat_sim_card[PERSONA:None]
direct_multistage_exp3,72,7,target_post_switch,target_favoring,False,repair_all,repair_all,True,True,True,True,0.0,0.0,2.92887,0.0,0.0758,3.00467,,,False,True,True,fast/deep/deep/deep/deep,fast/deep/deep/deep/deep,mostly_deep_vs_mostly_deep_required,all_stage_modes_match,True,0,0,5,11,[mms_issue]bad_wifi_calling|break_apn_mms_setting|break_app_sms_permission|user_abroad_roaming_enabled_off[PERSONA:Easy]
direct_multistage_exp3,73,7,target_post_switch,target_favoring,False,repair_all,repair_all,True,True,True,True,0.0,0.0,4.35593,3.5,0.06899999999999999,4.42493,,,False,True,True,deep/fast/fast/deep/deep,fast/deep/deep/deep/deep,mostly_deep_vs_mostly_deep_required,both_mismatch_types,False,2,1,2,12,[mms_issue]airplane_mode_on|bad_wifi_calling|break_apn_mms_setting|break_app_storage_permission|user_abroad_roaming_enabled_off[PERSONA:None]
direct_multistage_exp3,74,7,target_post_switch,target_favoring,False,repair_all,repair_all,True,True,True,True,0.0,0.0,3.16221,1.5,0.0716,3.23381,,,False,True,True,fast/fast/deep/deep/deep,fast/deep/deep/deep/deep,mostly_deep_vs_mostly_deep_required,fast_on_deep_required,False,1,0,4,10,[mms_issue]bad_wifi_calling|break_apn_mms_setting|break_app_storage_permission|data_mode_off|unseat_sim_card[PERSONA:None]
direct_multistage_exp3,75,7,target_post_switch,target_favoring,False,repair_all,repair_subset,False,False,True,False,14.0,5.0,4.50317,3.0,0.06380000000000001,18.56697,14.0,subset_mismatch_base_plus_linear;local_clear_failure_floor_10;fast_path_on_deep_required_clear_failure_floor_14,False,True,True,fast/fast/fast/deep/deep,fast/deep/deep/deep/deep,mostly_fast_vs_mostly_deep_required,fast_on_deep_required,False,2,0,3,12,[mms_issue]airplane_mode_on|bad_network_preference|bad_wifi_calling|break_apn_mms_setting|break_app_storage_permission|unseat_sim_card[PERSONA:Easy]
direct_multistage_exp3,76,7,target_post_switch,target_favoring,True,repair_subset,repair_subset,False,False,False,False,14.0,4.0,6.102635,3.0,0.0716,20.174235,14.0,subset_mismatch_base_plus_linear;local_clear_failure_floor_10;local_clear_and_aux_failure_floor_12;fast_path_on_deep_required_clear_failure_floor_14,False,True,True,fast/deep/deep/fast/fast,fast/deep/deep/deep/deep,mostly_fast_vs_mostly_deep_required,fast_on_deep_required,False,2,0,3,12,[mms_issue]airplane_mode_on|bad_network_preference|bad_wifi_calling|break_apn_mms_setting|break_app_both_permissions|data_mode_off|data_usage_exceeded|unseat_sim_card|user_abroad_roaming_disabled_on[PERSONA:Hard]
direct_multistage_exp3,77,7,target_post_switch,target_favoring,True,repair_subset,repair_subset,False,False,False,False,15.5,11.5,5.43184,3.5,0.06430000000000001,20.99614,12.0,subset_mismatch_base_plus_linear;local_clear_failure_floor_10;local_clear_and_aux_failure_floor_12,False,True,True,deep/fast/deep/deep/fast,fast/deep/deep/deep/deep,mostly_deep_vs_mostly_deep_required,both_mismatch_types,False,2,1,2,12,[mms_issue]airplane_mode_on|bad_network_preference|bad_wifi_calling|break_apn_mms_setting|break_app_sms_permission|data_mode_off|data_usage_exceeded|unseat_sim_card|user_abroad_roaming_disabled_on[PERSONA:None]
direct_multistage_exp3,78,7,target_post_switch,target_favoring,True,repair_subset,repair_subset,True,True,False,False,6.0,2.0,3.77048,0.0,0.0752,9.84568,6.0,clear_but_aux_failure_floor_6,False,True,True,fast/deep/deep/deep/deep,fast/deep/deep/deep/deep,mostly_deep_vs_mostly_deep_required,all_stage_modes_match,True,0,0,5,12,[mms_issue]airplane_mode_on|bad_network_preference|bad_wifi_calling|break_apn_mms_setting|break_app_both_permissions|data_mode_off|data_usage_exceeded|unseat_sim_card|user_abroad_roaming_enabled_off[PERSONA:Hard]
direct_multistage_exp3,79,7,target_post_switch,target_favoring,True,repair_all,repair_all,True,True,True,True,0.0,0.0,4.31191,2.0,0.0714,4.38331,,,False,True,True,deep/fast/deep/deep/deep,fast/deep/deep/deep/deep,mostly_deep_vs_mostly_deep_required,both_mismatch_types,False,1,1,3,12,[mms_issue]airplane_mode_on|bad_network_preference|bad_wifi_calling|break_apn_mms_setting|break_app_sms_permission|data_mode_off|unseat_sim_card|user_abroad_roaming_enabled_off[PERSONA:None]
direct_multistage_exp3,80,8,target_post_switch,target_favoring,False,repair_all,repair_all,True,True,True,True,0.0,0.0,3.07167,0.0,0.06470000000000001,3.1363700000000003,,,False,True,True,fast/deep/deep/deep/deep,fast/deep/deep/deep/deep,mostly_deep_vs_mostly_deep_required,all_stage_modes_match,True,0,0,5,12,[mms_issue]bad_wifi_calling|break_apn_mms_setting|break_app_storage_permission|unseat_sim_card[PERSONA:Easy]
direct_multistage_exp3,81,8,target_post_switch,target_favoring,False,repair_all,repair_all,True,True,True,True,0.0,0.0,3.51729,0.0,0.0752,3.59249,,,False,True,True,fast/deep/deep/deep/deep,fast/deep/deep/deep/deep,mostly_deep_vs_mostly_deep_required,all_stage_modes_match,True,0,0,5,13,[mms_issue]bad_wifi_calling|break_apn_mms_setting|break_app_sms_permission|unseat_sim_card[PERSONA:None]
direct_multistage_exp3,82,8,target_post_switch,target_favoring,False,repair_all,repair_all,True,True,True,True,0.0,0.0,3.79914,2.0,0.06820000000000001,3.86734,,,False,True,True,deep/fast/deep/deep/deep,fast/deep/deep/deep/deep,mostly_deep_vs_mostly_deep_required,both_mismatch_types,False,1,1,3,12,[mms_issue]bad_wifi_calling|break_apn_mms_setting|break_app_sms_permission|user_abroad_roaming_enabled_off[PERSONA:Easy]
direct_multistage_exp3,83,8,target_post_switch,target_favoring,False,repair_all,repair_all,True,True,True,True,0.0,0.0,3.17561,1.5,0.0684,3.24401,,,False,True,True,fast/fast/deep/deep/deep,fast/deep/deep/deep/deep,mostly_deep_vs_mostly_deep_required,fast_on_deep_required,False,1,0,4,10,[mms_issue]airplane_mode_on|bad_wifi_calling|break_apn_mms_setting|break_app_storage_permission|user_abroad_roaming_enabled_off[PERSONA:None]
direct_multistage_exp3,84,8,target_post_switch,target_favoring,False,repair_all,repair_all,True,True,True,True,0.0,0.0,5.952505,5.0,0.0632,6.0157050000000005,,,False,True,True,deep/fast/fast/fast/deep,fast/deep/deep/deep/deep,mostly_fast_vs_mostly_deep_required,both_mismatch_types,False,3,1,1,13,[mms_issue]bad_wifi_calling|break_apn_mms_setting|break_app_storage_permission|data_mode_off|unseat_sim_card[PERSONA:None]
direct_multistage_exp3,85,8,target_post_switch,target_favoring,False,repair_all,repair_all,True,True,True,True,0.0,0.0,3.84226,1.5,0.07500000000000001,3.91726,,,False,True,True,fast/fast/deep/deep/deep,fast/deep/deep/deep/deep,mostly_deep_vs_mostly_deep_required,fast_on_deep_required,False,1,0,4,11,[mms_issue]airplane_mode_on|bad_network_preference|bad_wifi_calling|break_apn_mms_setting|break_app_storage_permission|unseat_sim_card[PERSONA:Easy]
direct_multistage_exp3,86,8,target_post_switch,target_favoring,True,repair_subset,repair_all,False,False,True,False,10.0,6.0,5.18692,0.5,0.0753,15.26222,10.0,subset_mismatch_base_plus_linear;local_clear_failure_floor_10,False,True,True,deep/deep/deep/deep/deep,fast/deep/deep/deep/deep,mostly_deep_vs_mostly_deep_required,deep_on_fast_required,False,0,1,4,15,[mms_issue]airplane_mode_on|bad_network_preference|bad_wifi_calling|break_apn_mms_setting|break_app_both_permissions|data_mode_off|data_usage_exceeded|unseat_sim_card|user_abroad_roaming_disabled_on[PERSONA:Hard]
direct_multistage_exp3,87,8,target_post_switch,target_favoring,True,repair_subset,transfer,False,False,False,False,23.5,19.5,3.91076,1.5,0.0684,27.47916,18.0,subset_mismatch_base_plus_linear;local_clear_failure_floor_10;local_clear_and_aux_failure_floor_12;invalid_local_transfer_floor_18,False,True,True,fast/fast/deep/deep/deep,fast/deep/deep/deep/deep,mostly_deep_vs_mostly_deep_required,fast_on_deep_required,False,1,0,4,11,[mms_issue]airplane_mode_on|bad_network_preference|bad_wifi_calling|break_apn_mms_setting|break_app_sms_permission|data_mode_off|data_usage_exceeded|unseat_sim_card|user_abroad_roaming_disabled_on[PERSONA:None]
direct_multistage_exp3,88,8,target_post_switch,target_favoring,True,repair_subset,repair_subset,True,True,False,False,6.0,2.0,4.51744,0.5,0.0753,10.59274,6.0,clear_but_aux_failure_floor_6,False,True,True,deep/deep/deep/deep/deep,fast/deep/deep/deep/deep,mostly_deep_vs_mostly_deep_required,deep_on_fast_required,False,0,1,4,14,[mms_issue]airplane_mode_on|bad_network_preference|bad_wifi_calling|break_apn_mms_setting|break_app_both_permissions|data_mode_off|data_usage_exceeded|unseat_sim_card|user_abroad_roaming_enabled_off[PERSONA:Hard]
direct_multistage_exp3,89,8,target_post_switch,target_favoring,True,repair_all,transfer,False,False,True,False,22.5,18.5,4.67375,0.5,0.0753,27.249049999999997,18.0,subset_mismatch_base_plus_linear;local_clear_failure_floor_10;invalid_local_transfer_floor_18,False,True,True,deep/deep/deep/deep/deep,fast/deep/deep/deep/deep,mostly_deep_vs_mostly_deep_required,deep_on_fast_required,False,0,1,4,15,[mms_issue]airplane_mode_on|bad_network_preference|bad_wifi_calling|break_apn_mms_setting|break_app_sms_permission|data_mode_off|unseat_sim_card|user_abroad_roaming_enabled_off[PERSONA:None]
direct_multistage_exp3,90,9,target_post_switch,target_favoring,False,repair_all,repair_all,True,True,True,True,0.0,0.0,3.01806,1.5,0.07640000000000001,3.09446,,,False,True,True,fast/fast/deep/deep/deep,fast/deep/deep/deep/deep,mostly_deep_vs_mostly_deep_required,fast_on_deep_required,False,1,0,4,10,[mms_issue]bad_wifi_calling|break_apn_mms_setting|break_app_storage_permission|unseat_sim_card[PERSONA:Easy]
direct_multistage_exp3,91,9,target_post_switch,target_favoring,False,repair_all,repair_all,True,True,True,True,0.0,0.0,3.51981,0.0,0.0776,3.59741,,,False,True,True,fast/deep/deep/deep/deep,fast/deep/deep/deep/deep,mostly_deep_vs_mostly_deep_required,all_stage_modes_match,True,0,0,5,13,[mms_issue]bad_wifi_calling|break_apn_mms_setting|break_app_sms_permission|unseat_sim_card[PERSONA:None]
direct_multistage_exp3,92,9,target_post_switch,target_favoring,False,repair_all,repair_all,True,True,True,True,0.0,0.0,4.466165,3.0,0.061200000000000004,4.5273650000000005,,,False,True,True,fast/fast/deep/deep/fast,fast/deep/deep/deep/deep,mostly_fast_vs_mostly_deep_required,fast_on_deep_required,False,2,0,3,11,[mms_issue]bad_wifi_calling|break_apn_mms_setting|break_app_sms_permission|user_abroad_roaming_enabled_off[PERSONA:Easy]
direct_multistage_exp3,93,9,target_post_switch,target_favoring,False,repair_all,repair_subset,False,False,True,False,10.0,5.0,4.16234,0.0,0.0758,14.23814,10.0,subset_mismatch_base_plus_linear;local_clear_failure_floor_10,False,True,True,fast/deep/deep/deep/deep,fast/deep/deep/deep/deep,mostly_deep_vs_mostly_deep_required,all_stage_modes_match,True,0,0,5,15,[mms_issue]airplane_mode_on|bad_wifi_calling|break_apn_mms_setting|break_app_storage_permission|user_abroad_roaming_enabled_off[PERSONA:None]
direct_multistage_exp3,94,9,target_post_switch,target_favoring,False,repair_all,repair_all,True,True,True,True,0.0,0.0,3.90579,0.0,0.07010000000000001,3.97589,,,False,True,True,fast/deep/deep/deep/deep,fast/deep/deep/deep/deep,mostly_deep_vs_mostly_deep_required,all_stage_modes_match,True,0,0,5,13,[mms_issue]bad_wifi_calling|break_apn_mms_setting|break_app_storage_permission|data_mode_off|unseat_sim_card[PERSONA:None]
direct_multistage_exp3,95,9,target_post_switch,target_favoring,False,repair_all,repair_subset,False,False,False,False,12.0,7.0,4.170155,1.5,0.06780000000000001,16.237955,12.0,subset_mismatch_base_plus_linear;local_clear_failure_floor_10;local_clear_and_aux_failure_floor_12,False,True,True,fast/deep/deep/fast/deep,fast/deep/deep/deep/deep,mostly_deep_vs_mostly_deep_required,fast_on_deep_required,False,1,0,4,11,[mms_issue]airplane_mode_on|bad_network_preference|bad_wifi_calling|break_apn_mms_setting|break_app_storage_permission|unseat_sim_card[PERSONA:Easy]
direct_multistage_exp3,96,9,target_post_switch,target_favoring,True,repair_subset,repair_all,False,False,True,False,10.0,6.0,5.18804,0.5,0.0753,15.26334,10.0,subset_mismatch_base_plus_linear;local_clear_failure_floor_10,False,True,True,deep/deep/deep/deep/deep,fast/deep/deep/deep/deep,mostly_deep_vs_mostly_deep_required,deep_on_fast_required,False,0,1,4,15,[mms_issue]airplane_mode_on|bad_network_preference|bad_wifi_calling|break_apn_mms_setting|break_app_both_permissions|data_mode_off|data_usage_exceeded|unseat_sim_card|user_abroad_roaming_disabled_on[PERSONA:Hard]
direct_multistage_exp3,97,9,target_post_switch,target_favoring,True,repair_subset,transfer,False,False,False,False,23.5,19.5,3.90404,1.5,0.07050000000000001,27.474539999999998,18.0,subset_mismatch_base_plus_linear;local_clear_failure_floor_10;local_clear_and_aux_failure_floor_12;invalid_local_transfer_floor_18,False,True,True,fast/fast/deep/deep/deep,fast/deep/deep/deep/deep,mostly_deep_vs_mostly_deep_required,fast_on_deep_required,False,1,0,4,11,[mms_issue]airplane_mode_on|bad_network_preference|bad_wifi_calling|break_apn_mms_setting|break_app_sms_permission|data_mode_off|data_usage_exceeded|unseat_sim_card|user_abroad_roaming_disabled_on[PERSONA:None]
direct_multistage_exp3,98,9,target_post_switch,target_favoring,True,repair_subset,transfer,False,False,False,False,25.5,21.5,4.86524,3.0,0.06780000000000001,30.43304,18.0,subset_mismatch_base_plus_linear;local_clear_failure_floor_10;local_clear_and_aux_failure_floor_12;fast_path_on_deep_required_clear_failure_floor_14;invalid_local_transfer_floor_18,False,True,True,fast/fast/fast/deep/deep,fast/deep/deep/deep/deep,mostly_fast_vs_mostly_deep_required,fast_on_deep_required,False,2,0,3,12,[mms_issue]airplane_mode_on|bad_network_preference|bad_wifi_calling|break_apn_mms_setting|break_app_both_permissions|data_mode_off|data_usage_exceeded|unseat_sim_card|user_abroad_roaming_enabled_off[PERSONA:Hard]
direct_multistage_exp3,99,9,target_post_switch,target_favoring,True,repair_all,repair_all,True,True,True,True,0.0,0.0,4.6322,1.5,0.0641,4.6963,,,False,True,True,fast/deep/fast/deep/deep,fast/deep/deep/deep/deep,mostly_deep_vs_mostly_deep_required,fast_on_deep_required,False,1,0,4,13,[mms_issue]airplane_mode_on|bad_network_preference|bad_wifi_calling|break_apn_mms_setting|break_app_sms_permission|data_mode_off|unseat_sim_card|user_abroad_roaming_enabled_off[PERSONA:None]
epsilon_exp3,0,0,trap_pre_switch,trap_favoring,False,repair_all,repair_all,True,True,True,True,0.0,0.0,4.124155,1.5,0.0655,4.189655,,,False,True,True,fast/fast/deep/deep/deep,fast/fast/fast/fast/fast,mostly_deep_vs_mostly_fast_required,deep_on_fast_required,False,0,3,2,10,[mms_issue]airplane_mode_on|bad_wifi_calling|break_app_storage_permission[PERSONA:Easy]
epsilon_exp3,1,0,trap_pre_switch,trap_favoring,False,repair_all,repair_all,True,True,True,True,0.0,0.0,4.27103,1.5,0.063,4.334029999999999,,,False,True,True,deep/fast/deep/deep/fast,fast/fast/fast/fast/fast,mostly_deep_vs_mostly_fast_required,deep_on_fast_required,False,0,3,2,12,[mms_issue]airplane_mode_on|bad_wifi_calling|break_app_sms_permission[PERSONA:None]
epsilon_exp3,2,0,trap_pre_switch,trap_favoring,False,repair_all,repair_all,True,True,True,True,0.0,0.0,8.133105,1.5,0.0591,8.192205000000001,,,False,True,True,fast/deep/deep/deep/fast,fast/fast/fast/fast/fast,mostly_deep_vs_mostly_fast_required,deep_on_fast_required,False,0,3,2,17,[mms_issue]bad_wifi_calling[PERSONA:Easy]
epsilon_exp3,3,0,trap_pre_switch,trap_favoring,False,repair_all,repair_all,True,True,True,True,0.0,0.0,10.41295,2.0,0.0777,10.49065,,,False,True,True,fast/deep/deep/deep/deep,fast/fast/fast/fast/fast,mostly_deep_vs_mostly_fast_required,deep_on_fast_required,False,0,4,1,18,[mms_issue]bad_wifi_calling|break_app_storage_permission[PERSONA:Easy]
epsilon_exp3,4,0,trap_pre_switch,trap_favoring,False,repair_all,repair_all,True,True,True,True,0.0,0.0,5.76925,2.5,0.07600000000000001,5.84525,,,False,True,True,deep/deep/deep/deep/deep,fast/fast/fast/fast/fast,mostly_deep_vs_mostly_fast_required,deep_on_fast_required,False,0,5,0,14,[mms_issue]bad_wifi_calling|break_app_sms_permission[PERSONA:None]
epsilon_exp3,5,0,trap_pre_switch,trap_favoring,False,repair_all,repair_all,True,True,True,True,0.0,0.0,6.0655,2.5,0.0753,6.1408000000000005,,,False,True,True,deep/deep/deep/deep/deep,fast/fast/fast/fast/fast,mostly_deep_vs_mostly_fast_required,deep_on_fast_required,False,0,5,0,14,[mms_issue]bad_network_preference|bad_wifi_calling|break_app_storage_permission[PERSONA:Hard]
epsilon_exp3,6,0,trap_pre_switch,trap_favoring,False,repair_all,repair_all,True,True,True,True,0.0,0.0,4.885725,2.0,0.0702,4.955925,,,False,True,True,deep/fast/deep/deep/deep,fast/fast/fast/fast/fast,mostly_deep_vs_mostly_fast_required,deep_on_fast_required,False,0,4,1,12,[mms_issue]bad_wifi_calling|break_app_sms_permission|data_mode_off[PERSONA:None]
epsilon_exp3,7,0,trap_pre_switch,trap_favoring,False,repair_all,repair_all,True,True,True,True,0.0,0.0,4.10828,1.5,0.0736,4.18188,,,False,True,True,fast/fast/deep/deep/deep,fast/fast/fast/fast/fast,mostly_deep_vs_mostly_fast_required,deep_on_fast_required,False,0,3,2,10,[mms_issue]bad_network_preference|bad_wifi_calling|break_app_sms_permission[PERSONA:Easy]
epsilon_exp3,8,0,trap_pre_switch,trap_favoring,False,repair_all,repair_all,True,True,True,True,0.0,0.0,4.105375,1.5,0.0703,4.175675,,,False,True,True,fast/fast/deep/deep/deep,fast/fast/fast/fast/fast,mostly_deep_vs_mostly_fast_required,deep_on_fast_required,False,0,3,2,10,[mms_issue]bad_wifi_calling|break_app_storage_permission|data_mode_off[PERSONA:Easy]
epsilon_exp3,9,0,trap_pre_switch,trap_favoring,False,repair_all,repair_all,True,True,True,True,0.0,0.0,13.283055,2.0,0.07020000000000001,13.353254999999999,,,False,True,True,deep/fast/deep/deep/deep,fast/fast/fast/fast/fast,mostly_deep_vs_mostly_fast_required,deep_on_fast_required,False,0,4,1,23,[mms_issue]airplane_mode_on|bad_wifi_calling[PERSONA:Easy]
epsilon_exp3,10,1,trap_pre_switch,trap_favoring,False,repair_all,repair_all,True,True,True,True,0.0,0.0,4.722025,2.0,0.0732,4.795225,,,False,True,True,fast/deep/deep/deep/deep,fast/fast/fast/fast/fast,mostly_deep_vs_mostly_fast_required,deep_on_fast_required,False,0,4,1,11,[mms_issue]airplane_mode_on|bad_wifi_calling|break_app_storage_permission[PERSONA:Easy]
epsilon_exp3,11,1,trap_pre_switch,trap_favoring,False,repair_all,repair_all,True,True,True,True,0.0,0.0,3.73787,1.0,0.0586,3.7964700000000002,,,False,True,True,fast/fast/fast/deep/deep,fast/fast/fast/fast/fast,mostly_fast_vs_mostly_fast_required,deep_on_fast_required,False,0,2,3,10,[mms_issue]airplane_mode_on|bad_wifi_calling|break_app_sms_permission[PERSONA:None]
epsilon_exp3,12,1,trap_pre_switch,trap_favoring,False,repair_all,repair_all,True,True,True,True,0.0,0.0,9.73048,2.0,0.06570000000000001,9.79618,,,False,True,True,deep/fast/deep/deep/deep,fast/fast/fast/fast/fast,mostly_deep_vs_mostly_fast_required,deep_on_fast_required,False,0,4,1,19,[mms_issue]bad_wifi_calling[PERSONA:Easy]
epsilon_exp3,13,1,trap_pre_switch,trap_favoring,False,repair_all,repair_all,True,True,True,True,0.0,0.0,3.97377,1.0,0.0659,4.03967,,,False,True,True,fast/deep/fast/fast/deep,fast/fast/fast/fast/fast,mostly_fast_vs_mostly_fast_required,deep_on_fast_required,False,0,2,3,12,[mms_issue]bad_wifi_calling|break_app_storage_permission[PERSONA:Easy]
epsilon_exp3,14,1,trap_pre_switch,trap_favoring,False,repair_all,repair_all,True,True,True,True,0.0,0.0,4.04509,1.0,0.06760000000000001,4.11269,,,False,True,True,fast/fast/fast/deep/deep,fast/fast/fast/fast/fast,mostly_fast_vs_mostly_fast_required,deep_on_fast_required,False,0,2,3,11,[mms_issue]bad_wifi_calling|break_app_sms_permission[PERSONA:None]
epsilon_exp3,15,1,trap_pre_switch,trap_favoring,False,repair_all,repair_all,True,True,True,True,0.0,0.0,4.27137,1.5,0.0699,4.34127,,,False,True,True,fast/deep/fast/deep/deep,fast/fast/fast/fast/fast,mostly_deep_vs_mostly_fast_required,deep_on_fast_required,False,0,3,2,11,[mms_issue]bad_network_preference|bad_wifi_calling|break_app_storage_permission[PERSONA:Hard]
epsilon_exp3,16,1,trap_pre_switch,trap_favoring,False,repair_all,repair_all,True,True,True,True,0.0,0.0,4.851725,2.0,0.0695,4.921225,,,False,True,True,deep/fast/deep/deep/deep,fast/fast/fast/fast/fast,mostly_deep_vs_mostly_fast_required,deep_on_fast_required,False,0,4,1,12,[mms_issue]bad_wifi_calling|break_app_sms_permission|data_mode_off[PERSONA:None]
epsilon_exp3,17,1,trap_pre_switch,trap_favoring,False,repair_all,repair_all,True,True,True,True,0.0,0.0,5.409,2.5,0.0753,5.4843,,,False,True,True,deep/deep/deep/deep/deep,fast/fast/fast/fast/fast,mostly_deep_vs_mostly_fast_required,deep_on_fast_required,False,0,5,0,13,[mms_issue]bad_network_preference|bad_wifi_calling|break_app_sms_permission[PERSONA:Easy]
epsilon_exp3,18,1,trap_pre_switch,trap_favoring,False,repair_all,repair_all,True,True,True,True,0.0,0.0,5.392,2.5,0.07650000000000001,5.468500000000001,,,False,True,True,deep/deep/deep/deep/deep,fast/fast/fast/fast/fast,mostly_deep_vs_mostly_fast_required,deep_on_fast_required,False,0,5,0,13,[mms_issue]bad_wifi_calling|break_app_storage_permission|data_mode_off[PERSONA:Easy]
epsilon_exp3,19,1,trap_pre_switch,trap_favoring,False,repair_all,repair_all,True,True,True,True,0.0,0.0,12.92838,1.5,0.0671,12.99548,,,False,True,True,deep/fast/fast/deep/deep,fast/fast/fast/fast/fast,mostly_deep_vs_mostly_fast_required,deep_on_fast_required,False,0,3,2,23,[mms_issue]airplane_mode_on|bad_wifi_calling[PERSONA:Easy]
epsilon_exp3,20,2,trap_pre_switch,trap_favoring,False,repair_all,repair_all,True,True,True,True,0.0,0.0,3.75579,1.0,0.0731,3.8288900000000003,,,False,True,True,fast/fast/fast/deep/deep,fast/fast/fast/fast/fast,mostly_fast_vs_mostly_fast_required,deep_on_fast_required,False,0,2,3,10,[mms_issue]airplane_mode_on|bad_wifi_calling|break_app_storage_permission[PERSONA:Easy]
epsilon_exp3,21,2,trap_pre_switch,trap_favoring,False,repair_all,repair_all,True,True,True,True,0.0,0.0,4.64851,2.0,0.07590000000000001,4.72441,,,False,True,True,fast/deep/deep/deep/deep,fast/fast/fast/fast/fast,mostly_deep_vs_mostly_fast_required,deep_on_fast_required,False,0,4,1,11,[mms_issue]airplane_mode_on|bad_wifi_calling|break_app_sms_permission[PERSONA:None]
epsilon_exp3,22,2,trap_pre_switch,trap_favoring,False,repair_all,repair_all,True,True,True,True,0.0,0.0,9.89875,2.0,0.0735,9.972249999999999,,,False,True,True,fast/deep/deep/deep/deep,fast/fast/fast/fast/fast,mostly_deep_vs_mostly_fast_required,deep_on_fast_required,False,0,4,1,19,[mms_issue]bad_wifi_calling[PERSONA:Easy]
epsilon_exp3,23,2,trap_pre_switch,trap_favoring,False,repair_all,repair_all,True,True,True,True,0.0,0.0,5.028325,2.0,0.0799,5.108225,,,False,True,True,fast/deep/deep/deep/deep,fast/fast/fast/fast/fast,mostly_deep_vs_mostly_fast_required,deep_on_fast_required,False,0,4,1,12,[mms_issue]bad_wifi_calling|break_app_storage_permission[PERSONA:Easy]
epsilon_exp3,24,2,trap_pre_switch,trap_favoring,False,repair_all,repair_all,True,True,True,True,0.0,0.0,12.510715,1.0,0.0661,12.576815,,,False,True,True,fast/fast/fast/deep/deep,fast/fast/fast/fast/fast,mostly_fast_vs_mostly_fast_required,deep_on_fast_required,False,0,2,3,21,[mms_issue]bad_wifi_calling|break_app_sms_permission[PERSONA:None]
epsilon_exp3,25,2,target_post_switch,target_favoring,False,repair_all,repair_subset,False,False,True,False,10.0,5.0,4.51515,2.0,0.0651,14.58025,10.0,subset_mismatch_base_plus_linear;local_clear_failure_floor_10,False,True,True,deep/fast/deep/deep/deep,fast/deep/deep/deep/deep,mostly_deep_vs_mostly_deep_required,both_mismatch_types,False,1,1,3,13,[mms_issue]airplane_mode_on|bad_network_preference|bad_wifi_calling|break_apn_mms_setting|break_app_storage_permission|unseat_sim_card[PERSONA:Easy]
epsilon_exp3,26,2,target_post_switch,target_favoring,True,repair_subset,repair_subset,False,False,False,False,12.0,3.0,4.883775,3.5,0.06659999999999999,16.950375,12.0,subset_mismatch_base_plus_linear;local_clear_failure_floor_10;local_clear_and_aux_failure_floor_12,False,True,True,deep/fast/fast/deep/deep,fast/deep/deep/deep/deep,mostly_deep_vs_mostly_deep_required,both_mismatch_types,False,2,1,2,12,[mms_issue]airplane_mode_on|bad_network_preference|bad_wifi_calling|break_apn_mms_setting|break_app_both_permissions|data_mode_off|data_usage_exceeded|unseat_sim_card|user_abroad_roaming_disabled_on[PERSONA:Hard]
epsilon_exp3,27,2,target_post_switch,target_favoring,True,repair_subset,repair_subset,True,True,False,False,6.0,2.0,4.12972,0.0,0.0752,10.20492,6.0,clear_but_aux_failure_floor_6,False,True,True,fast/deep/deep/deep/deep,fast/deep/deep/deep/deep,mostly_deep_vs_mostly_deep_required,all_stage_modes_match,True,0,0,5,13,[mms_issue]airplane_mode_on|bad_network_preference|bad_wifi_calling|break_apn_mms_setting|break_app_sms_permission|data_mode_off|data_usage_exceeded|unseat_sim_card|user_abroad_roaming_disabled_on[PERSONA:None]
epsilon_exp3,28,2,target_post_switch,target_favoring,True,repair_subset,repair_subset,True,True,False,False,6.0,2.0,3.77132,0.0,0.07750000000000001,9.84882,6.0,clear_but_aux_failure_floor_6,False,True,True,fast/deep/deep/deep/deep,fast/deep/deep/deep/deep,mostly_deep_vs_mostly_deep_required,all_stage_modes_match,True,0,0,5,12,[mms_issue]airplane_mode_on|bad_network_preference|bad_wifi_calling|break_apn_mms_setting|break_app_both_permissions|data_mode_off|data_usage_exceeded|unseat_sim_card|user_abroad_roaming_enabled_off[PERSONA:Hard]
epsilon_exp3,29,2,target_post_switch,target_favoring,True,repair_all,repair_all,True,True,True,True,0.0,0.0,4.106325,3.0,0.0625,4.168825,,,False,True,True,fast/fast/fast/deep/deep,fast/deep/deep/deep/deep,mostly_fast_vs_mostly_deep_required,fast_on_deep_required,False,2,0,3,10,[mms_issue]airplane_mode_on|bad_network_preference|bad_wifi_calling|break_apn_mms_setting|break_app_sms_permission|data_mode_off|unseat_sim_card|user_abroad_roaming_enabled_off[PERSONA:None]
epsilon_exp3,30,3,target_post_switch,target_favoring,False,repair_all,repair_all,True,True,True,True,0.0,0.0,3.4655,1.5,0.0722,3.5377,,,False,True,True,fast/fast/deep/deep/deep,fast/deep/deep/deep/deep,mostly_deep_vs_mostly_deep_required,fast_on_deep_required,False,1,0,4,11,[mms_issue]bad_wifi_calling|break_apn_mms_setting|break_app_storage_permission|unseat_sim_card[PERSONA:Easy]
epsilon_exp3,31,3,target_post_switch,target_favoring,False,repair_all,repair_all,True,True,True,True,0.0,0.0,3.61292,0.5,0.0772,3.69012,,,False,True,True,deep/deep/deep/deep/deep,fast/deep/deep/deep/deep,mostly_deep_vs_mostly_deep_required,deep_on_fast_required,False,0,1,4,13,[mms_issue]bad_wifi_calling|break_apn_mms_setting|break_app_sms_permission|unseat_sim_card[PERSONA:None]
epsilon_exp3,32,3,target_post_switch,target_favoring,False,repair_all,repair_all,True,True,True,True,0.0,0.0,4.01885,1.5,0.07840000000000001,4.09725,,,False,True,True,fast/fast/deep/deep/deep,fast/deep/deep/deep/deep,mostly_deep_vs_mostly_deep_required,fast_on_deep_required,False,1,0,4,12,[mms_issue]bad_wifi_calling|break_apn_mms_setting|break_app_sms_permission|user_abroad_roaming_enabled_off[PERSONA:Easy]
epsilon_exp3,33,3,target_post_switch,target_favoring,False,repair_all,repair_all,True,True,True,True,0.0,0.0,3.66849,0.0,0.07900000000000001,3.74749,,,False,True,True,fast/deep/deep/deep/deep,fast/deep/deep/deep/deep,mostly_deep_vs_mostly_deep_required,all_stage_modes_match,True,0,0,5,13,[mms_issue]airplane_mode_on|bad_wifi_calling|break_apn_mms_setting|break_app_storage_permission|user_abroad_roaming_enabled_off[PERSONA:None]
epsilon_exp3,34,3,target_post_switch,target_favoring,False,repair_all,repair_all,True,True,True,True,0.0,0.0,4.622535,3.0,0.06910000000000001,4.691635,,,False,True,True,fast/fast/deep/fast/deep,fast/deep/deep/deep/deep,mostly_fast_vs_mostly_deep_required,fast_on_deep_required,False,2,0,3,11,[mms_issue]bad_wifi_calling|break_apn_mms_setting|break_app_storage_permission|data_mode_off|unseat_sim_card[PERSONA:None]
epsilon_exp3,35,3,target_post_switch,target_favoring,False,repair_all,repair_subset,False,False,True,False,10.0,5.0,4.38436,0.5,0.0772,14.461559999999999,10.0,subset_mismatch_base_plus_linear;local_clear_failure_floor_10,False,True,True,deep/deep/deep/deep/deep,fast/deep/deep/deep/deep,mostly_deep_vs_mostly_deep_required,deep_on_fast_required,False,0,1,4,14,[mms_issue]airplane_mode_on|bad_network_preference|bad_wifi_calling|break_apn_mms_setting|break_app_storage_permission|unseat_sim_card[PERSONA:Easy]
epsilon_exp3,36,3,target_post_switch,target_favoring,True,repair_subset,repair_subset,False,False,False,False,12.0,3.0,3.60758,1.5,0.0732,15.68078,12.0,subset_mismatch_base_plus_linear;local_clear_failure_floor_10;local_clear_and_aux_failure_floor_12,False,True,True,fast/fast/deep/deep/deep,fast/deep/deep/deep/deep,mostly_deep_vs_mostly_deep_required,fast_on_deep_required,False,1,0,4,10,[mms_issue]airplane_mode_on|bad_network_preference|bad_wifi_calling|break_apn_mms_setting|break_app_both_permissions|data_mode_off|data_usage_exceeded|unseat_sim_card|user_abroad_roaming_disabled_on[PERSONA:Hard]
epsilon_exp3,37,3,target_post_switch,target_favoring,True,repair_subset,transfer,False,False,False,False,22.5,18.5,4.08065,0.0,0.0758,26.65645,18.0,subset_mismatch_base_plus_linear;local_clear_failure_floor_10;local_clear_and_aux_failure_floor_12;invalid_local_transfer_floor_18,False,True,True,fast/deep/deep/deep/deep,fast/deep/deep/deep/deep,mostly_deep_vs_mostly_deep_required,all_stage_modes_match,True,0,0,5,13,[mms_issue]airplane_mode_on|bad_network_preference|bad_wifi_calling|break_apn_mms_setting|break_app_sms_permission|data_mode_off|data_usage_exceeded|unseat_sim_card|user_abroad_roaming_disabled_on[PERSONA:None]
epsilon_exp3,38,3,target_post_switch,target_favoring,True,repair_subset,repair_subset,True,True,False,False,6.0,2.0,4.39004,0.5,0.07750000000000001,10.46754,6.0,clear_but_aux_failure_floor_6,False,True,True,deep/deep/deep/deep/deep,fast/deep/deep/deep/deep,mostly_deep_vs_mostly_deep_required,deep_on_fast_required,False,0,1,4,14,[mms_issue]airplane_mode_on|bad_network_preference|bad_wifi_calling|break_apn_mms_setting|break_app_both_permissions|data_mode_off|data_usage_exceeded|unseat_sim_card|user_abroad_roaming_enabled_off[PERSONA:Hard]
epsilon_exp3,39,3,target_post_switch,target_favoring,True,repair_all,repair_all,True,True,True,True,0.0,0.0,5.267215,4.5,0.061700000000000005,5.328915,,,False,True,True,fast/fast/fast/deep/fast,fast/deep/deep/deep/deep,mostly_fast_vs_mostly_deep_required,fast_on_deep_required,False,3,0,2,10,[mms_issue]airplane_mode_on|bad_network_preference|bad_wifi_calling|break_apn_mms_setting|break_app_sms_permission|data_mode_off|unseat_sim_card|user_abroad_roaming_enabled_off[PERSONA:None]
epsilon_exp3,40,4,target_post_switch,target_favoring,False,repair_all,repair_all,True,True,True,True,0.0,0.0,3.50672,0.0,0.0741,3.58082,,,False,True,True,fast/deep/deep/deep/deep,fast/deep/deep/deep/deep,mostly_deep_vs_mostly_deep_required,all_stage_modes_match,True,0,0,5,13,[mms_issue]bad_wifi_calling|break_apn_mms_setting|break_app_storage_permission|unseat_sim_card[PERSONA:Easy]
epsilon_exp3,41,4,target_post_switch,target_favoring,False,repair_all,repair_all,True,True,True,True,0.0,0.0,3.86705,1.5,0.0641,3.9311499999999997,,,False,True,True,fast/deep/fast/deep/deep,fast/deep/deep/deep/deep,mostly_deep_vs_mostly_deep_required,fast_on_deep_required,False,1,0,4,12,[mms_issue]bad_wifi_calling|break_apn_mms_setting|break_app_sms_permission|unseat_sim_card[PERSONA:None]
epsilon_exp3,42,4,target_post_switch,target_favoring,False,repair_all,repair_all,True,True,True,True,0.0,0.0,4.337875,1.5,0.0694,4.407275,,,False,True,True,fast/deep/deep/fast/deep,fast/deep/deep/deep/deep,mostly_deep_vs_mostly_deep_required,fast_on_deep_required,False,1,0,4,12,[mms_issue]bad_wifi_calling|break_apn_mms_setting|break_app_sms_permission|user_abroad_roaming_enabled_off[PERSONA:Easy]
epsilon_exp3,43,4,target_post_switch,target_favoring,False,repair_all,repair_all,True,True,True,True,0.0,0.0,3.67037,1.5,0.0661,3.73647,,,False,True,True,fast/fast/deep/deep/deep,fast/deep/deep/deep/deep,mostly_deep_vs_mostly_deep_required,fast_on_deep_required,False,1,0,4,11,[mms_issue]airplane_mode_on|bad_wifi_calling|break_apn_mms_setting|break_app_storage_permission|user_abroad_roaming_enabled_off[PERSONA:None]
epsilon_exp3,44,4,target_post_switch,target_favoring,False,repair_all,repair_all,True,True,True,True,0.0,0.0,4.20114,3.0,0.05580000000000001,4.256939999999999,,,False,True,True,fast/fast/deep/deep/fast,fast/deep/deep/deep/deep,mostly_fast_vs_mostly_deep_required,fast_on_deep_required,False,2,0,3,10,[mms_issue]bad_wifi_calling|break_apn_mms_setting|break_app_storage_permission|data_mode_off|unseat_sim_card[PERSONA:None]
epsilon_exp3,45,4,target_post_switch,target_favoring,False,repair_all,repair_subset,False,False,False,False,14.0,7.0,4.875965,3.0,0.06949999999999999,18.945465,14.0,subset_mismatch_base_plus_linear;local_clear_failure_floor_10;local_clear_and_aux_failure_floor_12;fast_path_on_deep_required_clear_failure_floor_14,False,True,True,fast/deep/fast/fast/deep,fast/deep/deep/deep/deep,mostly_fast_vs_mostly_deep_required,fast_on_deep_required,False,2,0,3,12,[mms_issue]airplane_mode_on|bad_network_preference|bad_wifi_calling|break_apn_mms_setting|break_app_storage_permission|unseat_sim_card[PERSONA:Easy]
epsilon_exp3,46,4,target_post_switch,target_favoring,True,repair_subset,repair_subset,False,False,False,False,12.0,3.0,4.75508,2.0,0.0714,16.82648,12.0,subset_mismatch_base_plus_linear;local_clear_failure_floor_10;local_clear_and_aux_failure_floor_12,False,True,True,deep/fast/deep/deep/deep,fast/deep/deep/deep/deep,mostly_deep_vs_mostly_deep_required,both_mismatch_types,False,1,1,3,13,[mms_issue]airplane_mode_on|bad_network_preference|bad_wifi_calling|break_apn_mms_setting|break_app_both_permissions|data_mode_off|data_usage_exceeded|unseat_sim_card|user_abroad_roaming_disabled_on[PERSONA:Hard]
epsilon_exp3,47,4,target_post_switch,target_favoring,True,repair_subset,transfer,False,False,False,False,23.5,19.5,4.922775,4.5,0.061900000000000004,28.484675000000003,18.0,subset_mismatch_base_plus_linear;local_clear_failure_floor_10;local_clear_and_aux_failure_floor_12;fast_path_on_deep_required_clear_failure_floor_14;invalid_local_transfer_floor_18,False,True,True,fast/fast/fast/deep/fast,fast/deep/deep/deep/deep,mostly_fast_vs_mostly_deep_required,fast_on_deep_required,False,3,0,2,10,[mms_issue]airplane_mode_on|bad_network_preference|bad_wifi_calling|break_apn_mms_setting|break_app_sms_permission|data_mode_off|data_usage_exceeded|unseat_sim_card|user_abroad_roaming_disabled_on[PERSONA:None]
epsilon_exp3,48,4,target_post_switch,target_favoring,True,repair_subset,repair_subset,False,False,False,False,17.0,13.0,4.54488,1.5,0.07310000000000001,21.61798,12.0,subset_mismatch_base_plus_linear;local_clear_failure_floor_10;local_clear_and_aux_failure_floor_12,False,True,True,fast/fast/deep/deep/deep,fast/deep/deep/deep/deep,mostly_deep_vs_mostly_deep_required,fast_on_deep_required,False,1,0,4,12,[mms_issue]airplane_mode_on|bad_network_preference|bad_wifi_calling|break_apn_mms_setting|break_app_both_permissions|data_mode_off|data_usage_exceeded|unseat_sim_card|user_abroad_roaming_enabled_off[PERSONA:Hard]
epsilon_exp3,49,4,target_post_switch,target_favoring,True,repair_all,transfer,False,False,True,False,22.5,18.5,3.36518,0.0,0.0752,25.940379999999998,18.0,subset_mismatch_base_plus_linear;local_clear_failure_floor_10;invalid_local_transfer_floor_18,False,True,True,fast/deep/deep/deep/deep,fast/deep/deep/deep/deep,mostly_deep_vs_mostly_deep_required,all_stage_modes_match,True,0,0,5,11,[mms_issue]airplane_mode_on|bad_network_preference|bad_wifi_calling|break_apn_mms_setting|break_app_sms_permission|data_mode_off|unseat_sim_card|user_abroad_roaming_enabled_off[PERSONA:None]
epsilon_exp3,50,5,target_post_switch,target_favoring,False,repair_all,repair_all,True,True,True,True,0.0,0.0,3.01638,1.5,0.0661,3.08248,,,False,True,True,fast/fast/deep/deep/deep,fast/deep/deep/deep/deep,mostly_deep_vs_mostly_deep_required,fast_on_deep_required,False,1,0,4,10,[mms_issue]bad_wifi_calling|break_apn_mms_setting|break_app_storage_permission|unseat_sim_card[PERSONA:Easy]
epsilon_exp3,51,5,target_post_switch,target_favoring,False,repair_all,repair_all,True,True,True,True,0.0,0.0,2.99143,1.5,0.06970000000000001,3.06113,,,False,True,True,fast/fast/deep/deep/deep,fast/deep/deep/deep/deep,mostly_deep_vs_mostly_deep_required,fast_on_deep_required,False,1,0,4,10,[mms_issue]bad_wifi_calling|break_apn_mms_setting|break_app_sms_permission|unseat_sim_card[PERSONA:None]
epsilon_exp3,52,5,target_post_switch,target_favoring,False,repair_all,repair_all,True,True,True,True,0.0,0.0,3.05866,1.5,0.0682,3.12686,,,False,True,True,fast/fast/deep/deep/deep,fast/deep/deep/deep/deep,mostly_deep_vs_mostly_deep_required,fast_on_deep_required,False,1,0,4,10,[mms_issue]bad_wifi_calling|break_apn_mms_setting|break_app_sms_permission|user_abroad_roaming_enabled_off[PERSONA:Easy]
epsilon_exp3,53,5,target_post_switch,target_favoring,False,repair_all,repair_all,True,True,True,True,0.0,0.0,4.878945,3.0,0.06870000000000001,4.947645,,,False,True,True,fast/fast/deep/deep/fast,fast/deep/deep/deep/deep,mostly_fast_vs_mostly_deep_required,fast_on_deep_required,False,2,0,3,12,[mms_issue]airplane_mode_on|bad_wifi_calling|break_apn_mms_setting|break_app_storage_permission|user_abroad_roaming_enabled_off[PERSONA:None]
epsilon_exp3,54,5,target_post_switch,target_favoring,False,repair_all,repair_all,True,True,True,True,0.0,0.0,4.36217,0.5,0.07790000000000001,4.4400699999999995,,,False,True,True,deep/deep/deep/deep/deep,fast/deep/deep/deep/deep,mostly_deep_vs_mostly_deep_required,deep_on_fast_required,False,0,1,4,15,[mms_issue]bad_wifi_calling|break_apn_mms_setting|break_app_storage_permission|data_mode_off|unseat_sim_card[PERSONA:None]
epsilon_exp3,55,5,target_post_switch,target_favoring,False,repair_all,repair_subset,False,False,True,False,10.0,5.0,3.82186,0.0,0.0752,13.89706,10.0,subset_mismatch_base_plus_linear;local_clear_failure_floor_10,False,True,True,fast/deep/deep/deep/deep,fast/deep/deep/deep/deep,mostly_deep_vs_mostly_deep_required,all_stage_modes_match,True,0,0,5,13,[mms_issue]airplane_mode_on|bad_network_preference|bad_wifi_calling|break_apn_mms_setting|break_app_storage_permission|unseat_sim_card[PERSONA:Easy]
epsilon_exp3,56,5,target_post_switch,target_favoring,True,repair_subset,repair_subset,False,False,False,False,14.0,5.0,6.00957,4.5,0.06380000000000001,20.07337,14.0,subset_mismatch_base_plus_linear;local_clear_failure_floor_10;local_clear_and_aux_failure_floor_12;fast_path_on_deep_required_clear_failure_floor_14,False,True,True,fast/fast/deep/fast/fast,fast/deep/deep/deep/deep,mostly_fast_vs_mostly_deep_required,fast_on_deep_required,False,3,0,2,10,[mms_issue]airplane_mode_on|bad_network_preference|bad_wifi_calling|break_apn_mms_setting|break_app_both_permissions|data_mode_off|data_usage_exceeded|unseat_sim_card|user_abroad_roaming_disabled_on[PERSONA:Hard]
epsilon_exp3,57,5,target_post_switch,target_favoring,True,repair_subset,transfer,False,False,False,False,22.5,18.5,4.08709,0.0,0.06999999999999999,26.65709,18.0,subset_mismatch_base_plus_linear;local_clear_failure_floor_10;local_clear_and_aux_failure_floor_12;invalid_local_transfer_floor_18,False,True,True,fast/deep/deep/deep/deep,fast/deep/deep/deep/deep,mostly_deep_vs_mostly_deep_required,all_stage_modes_match,True,0,0,5,13,[mms_issue]airplane_mode_on|bad_network_preference|bad_wifi_calling|break_apn_mms_setting|break_app_sms_permission|data_mode_off|data_usage_exceeded|unseat_sim_card|user_abroad_roaming_disabled_on[PERSONA:None]
epsilon_exp3,58,5,target_post_switch,target_favoring,True,repair_subset,transfer,False,False,False,False,24.5,20.5,4.1202,0.0,0.0741,28.694300000000002,18.0,subset_mismatch_base_plus_linear;local_clear_failure_floor_10;local_clear_and_aux_failure_floor_12;invalid_local_transfer_floor_18,False,True,True,fast/deep/deep/deep/deep,fast/deep/deep/deep/deep,mostly_deep_vs_mostly_deep_required,all_stage_modes_match,True,0,0,5,13,[mms_issue]airplane_mode_on|bad_network_preference|bad_wifi_calling|break_apn_mms_setting|break_app_both_permissions|data_mode_off|data_usage_exceeded|unseat_sim_card|user_abroad_roaming_enabled_off[PERSONA:Hard]
epsilon_exp3,59,5,target_post_switch,target_favoring,True,repair_all,repair_subset,False,False,False,False,14.0,5.0,5.246845,3.0,0.0706,19.317445,14.0,subset_mismatch_base_plus_linear;local_clear_failure_floor_10;local_clear_and_aux_failure_floor_12;fast_path_on_deep_required_clear_failure_floor_14,False,True,True,fast/fast/deep/fast/deep,fast/deep/deep/deep/deep,mostly_fast_vs_mostly_deep_required,fast_on_deep_required,False,2,0,3,11,[mms_issue]airplane_mode_on|bad_network_preference|bad_wifi_calling|break_apn_mms_setting|break_app_sms_permission|data_mode_off|unseat_sim_card|user_abroad_roaming_enabled_off[PERSONA:None]
epsilon_exp3,60,6,target_post_switch,target_favoring,False,repair_all,repair_all,True,True,True,True,0.0,0.0,3.53962,0.0,0.0742,3.61382,,,False,True,True,fast/deep/deep/deep/deep,fast/deep/deep/deep/deep,mostly_deep_vs_mostly_deep_required,all_stage_modes_match,True,0,0,5,13,[mms_issue]bad_wifi_calling|break_apn_mms_setting|break_app_storage_permission|unseat_sim_card[PERSONA:Easy]
epsilon_exp3,61,6,target_post_switch,target_favoring,False,repair_all,repair_all,True,True,True,True,0.0,0.0,3.01131,1.5,0.0711,3.08241,,,False,True,True,fast/fast/deep/deep/deep,fast/deep/deep/deep/deep,mostly_deep_vs_mostly_deep_required,fast_on_deep_required,False,1,0,4,10,[mms_issue]bad_wifi_calling|break_apn_mms_setting|break_app_sms_permission|unseat_sim_card[PERSONA:None]
epsilon_exp3,62,6,target_post_switch,target_favoring,False,repair_all,repair_all,True,True,True,True,0.0,0.0,3.79522,2.0,0.071,3.86622,,,False,True,True,deep/fast/deep/deep/deep,fast/deep/deep/deep/deep,mostly_deep_vs_mostly_deep_required,both_mismatch_types,False,1,1,3,12,[mms_issue]bad_wifi_calling|break_apn_mms_setting|break_app_sms_permission|user_abroad_roaming_enabled_off[PERSONA:Easy]
epsilon_exp3,63,6,target_post_switch,target_favoring,False,repair_all,repair_all,True,True,True,True,0.0,0.0,3.67093,1.5,0.0637,3.7346299999999997,,,False,True,True,fast/fast/deep/deep/deep,fast/deep/deep/deep/deep,mostly_deep_vs_mostly_deep_required,fast_on_deep_required,False,1,0,4,11,[mms_issue]airplane_mode_on|bad_wifi_calling|break_apn_mms_setting|break_app_storage_permission|user_abroad_roaming_enabled_off[PERSONA:None]
epsilon_exp3,64,6,target_post_switch,target_favoring,False,repair_all,repair_all,True,True,True,True,0.0,0.0,5.033905,3.5,0.06520000000000001,5.099105,,,False,True,True,deep/fast/deep/fast/deep,fast/deep/deep/deep/deep,mostly_deep_vs_mostly_deep_required,both_mismatch_types,False,2,1,2,12,[mms_issue]bad_wifi_calling|break_apn_mms_setting|break_app_storage_permission|data_mode_off|unseat_sim_card[PERSONA:None]
epsilon_exp3,65,6,target_post_switch,target_favoring,False,repair_all,repair_subset,False,False,False,False,14.0,5.0,7.015665,4.5,0.0671,21.082765000000002,14.0,subset_mismatch_base_plus_linear;local_clear_failure_floor_10;local_clear_and_aux_failure_floor_12;fast_path_on_deep_required_clear_failure_floor_14,False,True,True,fast/fast/fast/fast/deep,fast/deep/deep/deep/deep,mostly_fast_vs_mostly_deep_required,fast_on_deep_required,False,3,0,2,15,[mms_issue]airplane_mode_on|bad_network_preference|bad_wifi_calling|break_apn_mms_setting|break_app_storage_permission|unseat_sim_card[PERSONA:Easy]
epsilon_exp3,66,6,target_post_switch,target_favoring,True,repair_subset,repair_subset,False,False,False,False,12.0,3.0,3.93182,1.5,0.07050000000000001,16.002319999999997,12.0,subset_mismatch_base_plus_linear;local_clear_failure_floor_10;local_clear_and_aux_failure_floor_12,False,True,True,fast/fast/deep/deep/deep,fast/deep/deep/deep/deep,mostly_deep_vs_mostly_deep_required,fast_on_deep_required,False,1,0,4,11,[mms_issue]airplane_mode_on|bad_network_preference|bad_wifi_calling|break_apn_mms_setting|break_app_both_permissions|data_mode_off|data_usage_exceeded|unseat_sim_card|user_abroad_roaming_disabled_on[PERSONA:Hard]
epsilon_exp3,67,6,target_post_switch,target_favoring,True,repair_subset,repair_subset,False,False,False,False,19.0,15.0,3.964085,4.5,0.055400000000000005,23.019485,14.0,subset_mismatch_base_plus_linear;local_clear_failure_floor_10;local_clear_and_aux_failure_floor_12;fast_path_on_deep_required_clear_failure_floor_14,False,True,True,fast/fast/fast/fast/deep,fast/deep/deep/deep/deep,mostly_fast_vs_mostly_deep_required,fast_on_deep_required,False,3,0,2,9,[mms_issue]airplane_mode_on|bad_network_preference|bad_wifi_calling|break_apn_mms_setting|break_app_sms_permission|data_mode_off|data_usage_exceeded|unseat_sim_card|user_abroad_roaming_disabled_on[PERSONA:None]
epsilon_exp3,68,6,target_post_switch,target_favoring,True,repair_subset,transfer,False,False,False,False,25.5,21.5,4.52682,1.5,0.0676,30.09442,18.0,subset_mismatch_base_plus_linear;local_clear_failure_floor_10;local_clear_and_aux_failure_floor_12;invalid_local_transfer_floor_18,False,True,True,fast/fast/deep/deep/deep,fast/deep/deep/deep/deep,mostly_deep_vs_mostly_deep_required,fast_on_deep_required,False,1,0,4,12,[mms_issue]airplane_mode_on|bad_network_preference|bad_wifi_calling|break_apn_mms_setting|break_app_both_permissions|data_mode_off|data_usage_exceeded|unseat_sim_card|user_abroad_roaming_enabled_off[PERSONA:Hard]
epsilon_exp3,69,6,target_post_switch,target_favoring,True,repair_all,repair_all,True,True,True,True,0.0,0.0,3.56747,1.5,0.0661,3.63357,,,False,True,True,fast/fast/deep/deep/deep,fast/deep/deep/deep/deep,mostly_deep_vs_mostly_deep_required,fast_on_deep_required,False,1,0,4,10,[mms_issue]airplane_mode_on|bad_network_preference|bad_wifi_calling|break_apn_mms_setting|break_app_sms_permission|data_mode_off|unseat_sim_card|user_abroad_roaming_enabled_off[PERSONA:None]
epsilon_exp3,70,7,target_post_switch,target_favoring,False,repair_all,repair_all,True,True,True,True,0.0,0.0,3.47502,1.5,0.06780000000000001,3.5428200000000003,,,False,True,True,fast/fast/deep/deep/deep,fast/deep/deep/deep/deep,mostly_deep_vs_mostly_deep_required,fast_on_deep_required,False,1,0,4,11,[mms_issue]bad_wifi_calling|break_apn_mms_setting|break_app_storage_permission|unseat_sim_card[PERSONA:Easy]
epsilon_exp3,71,7,target_post_switch,target_favoring,False,repair_all,repair_all,True,True,True,True,0.0,0.0,4.26436,3.5,0.06580000000000001,4.33016,,,False,True,True,deep/fast/fast/deep/deep,fast/deep/deep/deep/deep,mostly_deep_vs_mostly_deep_required,both_mismatch_types,False,2,1,2,12,[mms_issue]bad_wifi_calling|break_apn_mms_setting|break_app_sms_permission|unseat_sim_card[PERSONA:None]
epsilon_exp3,72,7,target_post_switch,target_favoring,False,repair_all,repair_all,True,True,True,True,0.0,0.0,3.11311,0.0,0.07900000000000001,3.19211,,,False,True,True,fast/deep/deep/deep/deep,fast/deep/deep/deep/deep,mostly_deep_vs_mostly_deep_required,all_stage_modes_match,True,0,0,5,12,[mms_issue]bad_wifi_calling|break_apn_mms_setting|break_app_sms_permission|user_abroad_roaming_enabled_off[PERSONA:Easy]
epsilon_exp3,73,7,target_post_switch,target_favoring,False,repair_all,repair_all,True,True,True,True,0.0,0.0,4.41369,2.0,0.0741,4.4877899999999995,,,False,True,True,deep/fast/deep/deep/deep,fast/deep/deep/deep/deep,mostly_deep_vs_mostly_deep_required,both_mismatch_types,False,1,1,3,13,[mms_issue]airplane_mode_on|bad_wifi_calling|break_apn_mms_setting|break_app_storage_permission|user_abroad_roaming_enabled_off[PERSONA:None]
epsilon_exp3,74,7,target_post_switch,target_favoring,False,repair_all,repair_all,True,True,True,True,0.0,0.0,5.471015,5.0,0.064,5.5350150000000005,,,False,True,True,deep/fast/fast/fast/deep,fast/deep/deep/deep/deep,mostly_fast_vs_mostly_deep_required,both_mismatch_types,False,3,1,1,12,[mms_issue]bad_wifi_calling|break_apn_mms_setting|break_app_storage_permission|data_mode_off|unseat_sim_card[PERSONA:None]
epsilon_exp3,75,7,target_post_switch,target_favoring,False,repair_all,transfer,False,False,True,False,18.5,14.5,4.40263,0.5,0.07600000000000001,22.978630000000003,18.0,subset_mismatch_base_plus_linear;local_clear_failure_floor_10;invalid_local_transfer_floor_18,False,True,True,deep/deep/deep/deep/deep,fast/deep/deep/deep/deep,mostly_deep_vs_mostly_deep_required,deep_on_fast_required,False,0,1,4,15,[mms_issue]airplane_mode_on|bad_network_preference|bad_wifi_calling|break_apn_mms_setting|break_app_storage_permission|unseat_sim_card[PERSONA:Easy]
epsilon_exp3,76,7,target_post_switch,target_favoring,True,repair_subset,repair_subset,False,False,False,False,12.0,3.0,5.42484,2.0,0.06910000000000001,17.493940000000002,12.0,subset_mismatch_base_plus_linear;local_clear_failure_floor_10;local_clear_and_aux_failure_floor_12,False,True,True,deep/fast/deep/deep/deep,fast/deep/deep/deep/deep,mostly_deep_vs_mostly_deep_required,both_mismatch_types,False,1,1,3,14,[mms_issue]airplane_mode_on|bad_network_preference|bad_wifi_calling|break_apn_mms_setting|break_app_both_permissions|data_mode_off|data_usage_exceeded|unseat_sim_card|user_abroad_roaming_disabled_on[PERSONA:Hard]
epsilon_exp3,77,7,target_post_switch,target_favoring,True,repair_subset,repair_subset,False,False,False,False,17.0,13.0,4.41218,3.0,0.0684,21.48058,14.0,subset_mismatch_base_plus_linear;local_clear_failure_floor_10;local_clear_and_aux_failure_floor_12;fast_path_on_deep_required_clear_failure_floor_14,False,True,True,fast/fast/fast/deep/deep,fast/deep/deep/deep/deep,mostly_fast_vs_mostly_deep_required,fast_on_deep_required,False,2,0,3,11,[mms_issue]airplane_mode_on|bad_network_preference|bad_wifi_calling|break_apn_mms_setting|break_app_sms_permission|data_mode_off|data_usage_exceeded|unseat_sim_card|user_abroad_roaming_disabled_on[PERSONA:None]
epsilon_exp3,78,7,target_post_switch,target_favoring,True,repair_subset,repair_subset,False,False,False,False,14.0,4.0,5.59721,3.0,0.061200000000000004,19.65841,14.0,subset_mismatch_base_plus_linear;local_clear_failure_floor_10;local_clear_and_aux_failure_floor_12;fast_path_on_deep_required_clear_failure_floor_14,False,True,True,fast/deep/fast/fast/deep,fast/deep/deep/deep/deep,mostly_fast_vs_mostly_deep_required,fast_on_deep_required,False,2,0,3,12,[mms_issue]airplane_mode_on|bad_network_preference|bad_wifi_calling|break_apn_mms_setting|break_app_both_permissions|data_mode_off|data_usage_exceeded|unseat_sim_card|user_abroad_roaming_enabled_off[PERSONA:Hard]
epsilon_exp3,79,7,target_post_switch,target_favoring,True,repair_all,transfer,False,False,True,False,22.5,18.5,4.471085,3.0,0.061200000000000004,27.032285,18.0,subset_mismatch_base_plus_linear;local_clear_failure_floor_10;fast_path_on_deep_required_clear_failure_floor_14;invalid_local_transfer_floor_18,False,True,True,fast/fast/deep/deep/fast,fast/deep/deep/deep/deep,mostly_fast_vs_mostly_deep_required,fast_on_deep_required,False,2,0,3,10,[mms_issue]airplane_mode_on|bad_network_preference|bad_wifi_calling|break_apn_mms_setting|break_app_sms_permission|data_mode_off|unseat_sim_card|user_abroad_roaming_enabled_off[PERSONA:None]
epsilon_exp3,80,8,target_post_switch,target_favoring,False,repair_all,repair_all,True,True,True,True,0.0,0.0,4.974175,3.0,0.0656,5.039775,,,False,True,True,fast/deep/deep/fast/fast,fast/deep/deep/deep/deep,mostly_fast_vs_mostly_deep_required,fast_on_deep_required,False,2,0,3,12,[mms_issue]bad_wifi_calling|break_apn_mms_setting|break_app_storage_permission|unseat_sim_card[PERSONA:Easy]
epsilon_exp3,81,8,target_post_switch,target_favoring,False,repair_all,repair_all,True,True,True,True,0.0,0.0,4.380685,1.5,0.06780000000000001,4.448485,,,False,True,True,fast/deep/deep/deep/fast,fast/deep/deep/deep/deep,mostly_deep_vs_mostly_deep_required,fast_on_deep_required,False,1,0,4,13,[mms_issue]bad_wifi_calling|break_apn_mms_setting|break_app_sms_permission|unseat_sim_card[PERSONA:None]
epsilon_exp3,82,8,target_post_switch,target_favoring,False,repair_all,repair_all,True,True,True,True,0.0,0.0,4.97218,1.5,0.0644,5.03658,,,False,True,True,fast/fast/deep/deep/deep,fast/deep/deep/deep/deep,mostly_deep_vs_mostly_deep_required,fast_on_deep_required,False,1,0,4,14,[mms_issue]bad_wifi_calling|break_apn_mms_setting|break_app_sms_permission|user_abroad_roaming_enabled_off[PERSONA:Easy]
epsilon_exp3,83,8,target_post_switch,target_favoring,False,repair_all,repair_subset,False,False,True,False,10.0,5.0,4.80341,1.5,0.0723,14.875710000000002,10.0,subset_mismatch_base_plus_linear;local_clear_failure_floor_10,False,True,True,fast/deep/deep/deep/fast,fast/deep/deep/deep/deep,mostly_deep_vs_mostly_deep_required,fast_on_deep_required,False,1,0,4,14,[mms_issue]airplane_mode_on|bad_wifi_calling|break_apn_mms_setting|break_app_storage_permission|user_abroad_roaming_enabled_off[PERSONA:None]
epsilon_exp3,84,8,target_post_switch,target_favoring,False,repair_all,repair_all,True,True,True,True,0.0,0.0,3.54039,0.0,0.07410000000000001,3.61449,,,False,True,True,fast/deep/deep/deep/deep,fast/deep/deep/deep/deep,mostly_deep_vs_mostly_deep_required,all_stage_modes_match,True,0,0,5,12,[mms_issue]bad_wifi_calling|break_apn_mms_setting|break_app_storage_permission|data_mode_off|unseat_sim_card[PERSONA:None]
epsilon_exp3,85,8,target_post_switch,target_favoring,False,repair_all,repair_subset,False,False,False,False,14.0,5.0,5.617525,5.0,0.0631,19.680625,14.0,subset_mismatch_base_plus_linear;local_clear_failure_floor_10;local_clear_and_aux_failure_floor_12;fast_path_on_deep_required_clear_failure_floor_14,False,True,True,deep/fast/fast/fast/deep,fast/deep/deep/deep/deep,mostly_fast_vs_mostly_deep_required,both_mismatch_types,False,3,1,1,12,[mms_issue]airplane_mode_on|bad_network_preference|bad_wifi_calling|break_apn_mms_setting|break_app_storage_permission|unseat_sim_card[PERSONA:Easy]
epsilon_exp3,86,8,target_post_switch,target_favoring,True,repair_subset,repair_subset,False,False,False,False,12.0,3.0,4.00896,1.5,0.0718,16.080759999999998,12.0,subset_mismatch_base_plus_linear;local_clear_failure_floor_10;local_clear_and_aux_failure_floor_12,False,True,True,fast/fast/deep/deep/deep,fast/deep/deep/deep/deep,mostly_deep_vs_mostly_deep_required,fast_on_deep_required,False,1,0,4,11,[mms_issue]airplane_mode_on|bad_network_preference|bad_wifi_calling|break_apn_mms_setting|break_app_both_permissions|data_mode_off|data_usage_exceeded|unseat_sim_card|user_abroad_roaming_disabled_on[PERSONA:Hard]
epsilon_exp3,87,8,target_post_switch,target_favoring,True,repair_subset,repair_subset,False,False,True,False,23.0,19.0,3.57252,0.0,0.07010000000000001,26.64262,10.0,subset_mismatch_base_plus_linear;local_clear_failure_floor_10,False,True,True,fast/deep/deep/deep/deep,fast/deep/deep/deep/deep,mostly_deep_vs_mostly_deep_required,all_stage_modes_match,True,0,0,5,12,[mms_issue]airplane_mode_on|bad_network_preference|bad_wifi_calling|break_apn_mms_setting|break_app_sms_permission|data_mode_off|data_usage_exceeded|unseat_sim_card|user_abroad_roaming_disabled_on[PERSONA:None]
epsilon_exp3,88,8,target_post_switch,target_favoring,True,repair_subset,repair_subset,False,False,False,False,15.0,11.0,5.1988,4.5,0.0616,20.2604,14.0,subset_mismatch_base_plus_linear;local_clear_failure_floor_10;local_clear_and_aux_failure_floor_12;fast_path_on_deep_required_clear_failure_floor_14,False,True,True,fast/fast/fast/fast/deep,fast/deep/deep/deep/deep,mostly_fast_vs_mostly_deep_required,fast_on_deep_required,False,3,0,2,10,[mms_issue]airplane_mode_on|bad_network_preference|bad_wifi_calling|break_apn_mms_setting|break_app_both_permissions|data_mode_off|data_usage_exceeded|unseat_sim_card|user_abroad_roaming_enabled_off[PERSONA:Hard]
epsilon_exp3,89,8,target_post_switch,target_favoring,True,repair_all,transfer,False,False,True,False,22.5,18.5,3.90039,1.5,0.0661,26.46649,18.0,subset_mismatch_base_plus_linear;local_clear_failure_floor_10;invalid_local_transfer_floor_18,False,True,True,fast/fast/deep/deep/deep,fast/deep/deep/deep/deep,mostly_deep_vs_mostly_deep_required,fast_on_deep_required,False,1,0,4,11,[mms_issue]airplane_mode_on|bad_network_preference|bad_wifi_calling|break_apn_mms_setting|break_app_sms_permission|data_mode_off|unseat_sim_card|user_abroad_roaming_enabled_off[PERSONA:None]
epsilon_exp3,90,9,target_post_switch,target_favoring,False,repair_all,repair_all,True,True,True,True,0.0,0.0,3.76386,2.0,0.0691,3.8329600000000004,,,False,True,True,deep/fast/deep/deep/deep,fast/deep/deep/deep/deep,mostly_deep_vs_mostly_deep_required,both_mismatch_types,False,1,1,3,12,[mms_issue]bad_wifi_calling|break_apn_mms_setting|break_app_storage_permission|unseat_sim_card[PERSONA:Easy]
epsilon_exp3,91,9,target_post_switch,target_favoring,False,repair_all,repair_all,True,True,True,True,0.0,0.0,3.49088,1.5,0.0644,3.55528,,,False,True,True,fast/fast/deep/deep/deep,fast/deep/deep/deep/deep,mostly_deep_vs_mostly_deep_required,fast_on_deep_required,False,1,0,4,11,[mms_issue]bad_wifi_calling|break_apn_mms_setting|break_app_sms_permission|unseat_sim_card[PERSONA:None]
epsilon_exp3,92,9,target_post_switch,target_favoring,False,repair_all,repair_all,True,True,True,True,0.0,0.0,3.77338,2.0,0.0729,3.84628,,,False,True,True,deep/fast/deep/deep/deep,fast/deep/deep/deep/deep,mostly_deep_vs_mostly_deep_required,both_mismatch_types,False,1,1,3,12,[mms_issue]bad_wifi_calling|break_apn_mms_setting|break_app_sms_permission|user_abroad_roaming_enabled_off[PERSONA:Easy]
epsilon_exp3,93,9,target_post_switch,target_favoring,False,repair_all,repair_all,True,True,True,True,0.0,0.0,3.54725,0.0,0.0757,3.62295,,,False,True,True,fast/deep/deep/deep/deep,fast/deep/deep/deep/deep,mostly_deep_vs_mostly_deep_required,all_stage_modes_match,True,0,0,5,12,[mms_issue]airplane_mode_on|bad_wifi_calling|break_apn_mms_setting|break_app_storage_permission|user_abroad_roaming_enabled_off[PERSONA:None]
epsilon_exp3,94,9,target_post_switch,target_favoring,False,repair_all,repair_all,True,True,True,True,0.0,0.0,4.77296,2.0,0.0682,4.84116,,,False,True,True,deep/fast/deep/deep/deep,fast/deep/deep/deep/deep,mostly_deep_vs_mostly_deep_required,both_mismatch_types,False,1,1,3,14,[mms_issue]bad_wifi_calling|break_apn_mms_setting|break_app_storage_permission|data_mode_off|unseat_sim_card[PERSONA:None]
epsilon_exp3,95,9,target_post_switch,target_favoring,False,repair_all,repair_subset,False,False,True,False,10.0,5.0,4.9868,3.5,0.0656,15.052399999999999,10.0,subset_mismatch_base_plus_linear;local_clear_failure_floor_10,False,True,True,deep/fast/fast/deep/deep,fast/deep/deep/deep/deep,mostly_deep_vs_mostly_deep_required,both_mismatch_types,False,2,1,2,13,[mms_issue]airplane_mode_on|bad_network_preference|bad_wifi_calling|break_apn_mms_setting|break_app_storage_permission|unseat_sim_card[PERSONA:Easy]
epsilon_exp3,96,9,target_post_switch,target_favoring,True,repair_subset,repair_subset,False,False,False,False,14.0,4.0,5.9925,3.0,0.06480000000000001,20.057299999999998,14.0,subset_mismatch_base_plus_linear;local_clear_failure_floor_10;local_clear_and_aux_failure_floor_12;fast_path_on_deep_required_clear_failure_floor_14,False,True,True,fast/deep/fast/fast/deep,fast/deep/deep/deep/deep,mostly_fast_vs_mostly_deep_required,fast_on_deep_required,False,2,0,3,13,[mms_issue]airplane_mode_on|bad_network_preference|bad_wifi_calling|break_apn_mms_setting|break_app_both_permissions|data_mode_off|data_usage_exceeded|unseat_sim_card|user_abroad_roaming_disabled_on[PERSONA:Hard]
epsilon_exp3,97,9,target_post_switch,target_favoring,True,repair_subset,repair_subset,True,True,False,False,6.0,2.0,4.649565,1.5,0.0742,10.723765,6.0,clear_but_aux_failure_floor_6,False,True,True,fast/deep/fast/deep/deep,fast/deep/deep/deep/deep,mostly_deep_vs_mostly_deep_required,fast_on_deep_required,False,1,0,4,13,[mms_issue]airplane_mode_on|bad_network_preference|bad_wifi_calling|break_apn_mms_setting|break_app_sms_permission|data_mode_off|data_usage_exceeded|unseat_sim_card|user_abroad_roaming_disabled_on[PERSONA:None]
epsilon_exp3,98,9,target_post_switch,target_favoring,True,repair_subset,repair_subset,True,True,False,False,6.0,2.0,4.50988,0.5,0.07650000000000001,10.58638,6.0,clear_but_aux_failure_floor_6,False,True,True,deep/deep/deep/deep/deep,fast/deep/deep/deep/deep,mostly_deep_vs_mostly_deep_required,deep_on_fast_required,False,0,1,4,14,[mms_issue]airplane_mode_on|bad_network_preference|bad_wifi_calling|break_apn_mms_setting|break_app_both_permissions|data_mode_off|data_usage_exceeded|unseat_sim_card|user_abroad_roaming_enabled_off[PERSONA:Hard]
epsilon_exp3,99,9,target_post_switch,target_favoring,True,repair_all,repair_subset,False,False,True,False,15.0,11.0,4.26797,0.0,0.072,19.33997,10.0,subset_mismatch_base_plus_linear;local_clear_failure_floor_10,False,True,True,fast/deep/deep/deep/deep,fast/deep/deep/deep/deep,mostly_deep_vs_mostly_deep_required,all_stage_modes_match,True,0,0,5,13,[mms_issue]airplane_mode_on|bad_network_preference|bad_wifi_calling|break_apn_mms_setting|break_app_sms_permission|data_mode_off|unseat_sim_card|user_abroad_roaming_enabled_off[PERSONA:None]
risky_ps_linear,0,0,trap_pre_switch,trap_favoring,False,repair_all,repair_all,True,True,True,True,0.0,0.0,4.150155,1.5,0.06670000000000001,4.216855,,,False,True,True,fast/fast/deep/deep/deep,fast/fast/fast/fast/fast,mostly_deep_vs_mostly_fast_required,deep_on_fast_required,False,0,3,2,10,[mms_issue]airplane_mode_on|bad_wifi_calling|break_app_storage_permission[PERSONA:Easy]
risky_ps_linear,1,0,trap_pre_switch,trap_favoring,False,repair_all,repair_all,True,True,True,True,0.0,0.0,4.28223,1.5,0.06530000000000001,4.34753,,,False,True,True,deep/fast/deep/deep/fast,fast/fast/fast/fast/fast,mostly_deep_vs_mostly_fast_required,deep_on_fast_required,False,0,3,2,12,[mms_issue]airplane_mode_on|bad_wifi_calling|break_app_sms_permission[PERSONA:None]
risky_ps_linear,2,0,trap_pre_switch,trap_favoring,False,repair_all,repair_all,True,True,True,True,0.0,0.0,7.68973,1.5,0.07500000000000001,7.76473,,,False,True,True,fast/fast/deep/deep/deep,fast/fast/fast/fast/fast,mostly_deep_vs_mostly_fast_required,deep_on_fast_required,False,0,3,2,16,[mms_issue]bad_wifi_calling[PERSONA:Easy]
risky_ps_linear,3,0,trap_pre_switch,trap_favoring,False,repair_all,repair_all,True,True,True,True,0.0,0.0,13.66993,2.0,0.0758,13.74573,,,False,True,True,deep/fast/deep/deep/deep,fast/fast/fast/fast/fast,mostly_deep_vs_mostly_fast_required,deep_on_fast_required,False,0,4,1,23,[mms_issue]bad_wifi_calling|break_app_storage_permission[PERSONA:Easy]
risky_ps_linear,4,0,trap_pre_switch,trap_favoring,False,repair_all,repair_all,True,True,True,True,0.0,0.0,4.78253,1.5,0.06420000000000001,4.84673,,,False,True,True,deep/fast/fast/deep/deep,fast/fast/fast/fast/fast,mostly_deep_vs_mostly_fast_required,deep_on_fast_required,False,0,3,2,13,[mms_issue]bad_wifi_calling|break_app_sms_permission[PERSONA:None]
risky_ps_linear,5,0,trap_pre_switch,trap_favoring,False,repair_all,repair_all,True,True,True,True,0.0,0.0,5.3704,2.0,0.0752,5.4456,,,False,True,True,fast/deep/deep/deep/deep,fast/fast/fast/fast/fast,mostly_deep_vs_mostly_fast_required,deep_on_fast_required,False,0,4,1,12,[mms_issue]bad_network_preference|bad_wifi_calling|break_app_storage_permission[PERSONA:Hard]
risky_ps_linear,6,0,trap_pre_switch,trap_favoring,False,repair_all,repair_all,True,True,True,True,0.0,0.0,3.15448,0.5,0.05600000000000001,3.21048,,,False,True,True,deep/fast/fast/fast/fast,fast/fast/fast/fast/fast,mostly_fast_vs_mostly_fast_required,deep_on_fast_required,False,0,1,4,12,[mms_issue]bad_wifi_calling|break_app_sms_permission|data_mode_off[PERSONA:None]
risky_ps_linear,7,0,trap_pre_switch,trap_favoring,False,repair_all,repair_all,True,True,True,True,0.0,0.0,3.70333,1.0,0.0601,3.7634299999999996,,,False,True,True,fast/fast/fast/deep/deep,fast/fast/fast/fast/fast,mostly_fast_vs_mostly_fast_required,deep_on_fast_required,False,0,2,3,10,[mms_issue]bad_network_preference|bad_wifi_calling|break_app_sms_permission[PERSONA:Easy]
risky_ps_linear,8,0,trap_pre_switch,trap_favoring,False,repair_all,repair_all,True,True,True,True,0.0,0.0,4.116875,1.5,0.0725,4.189375,,,False,True,True,fast/fast/deep/deep/deep,fast/fast/fast/fast/fast,mostly_deep_vs_mostly_fast_required,deep_on_fast_required,False,0,3,2,10,[mms_issue]bad_wifi_calling|break_app_storage_permission|data_mode_off[PERSONA:Easy]
risky_ps_linear,9,0,trap_pre_switch,trap_favoring,False,repair_all,repair_all,True,True,True,True,0.0,0.0,4.18688,1.5,0.0731,4.2599800000000005,,,False,True,True,deep/fast/fast/deep/deep,fast/fast/fast/fast/fast,mostly_deep_vs_mostly_fast_required,deep_on_fast_required,False,0,3,2,12,[mms_issue]airplane_mode_on|bad_wifi_calling[PERSONA:Easy]
risky_ps_linear,10,1,trap_pre_switch,trap_favoring,False,repair_all,repair_all,True,True,True,True,0.0,0.0,3.581425,1.0,0.0632,3.644625,,,False,True,True,deep/fast/deep/fast/fast,fast/fast/fast/fast/fast,mostly_fast_vs_mostly_fast_required,deep_on_fast_required,False,0,2,3,12,[mms_issue]airplane_mode_on|bad_wifi_calling|break_app_storage_permission[PERSONA:Easy]
risky_ps_linear,11,1,trap_pre_switch,trap_favoring,False,repair_all,repair_all,True,True,True,True,0.0,0.0,4.73526,2.0,0.07750000000000001,4.81276,,,False,True,True,fast/deep/deep/deep/deep,fast/fast/fast/fast/fast,mostly_deep_vs_mostly_fast_required,deep_on_fast_required,False,0,4,1,11,[mms_issue]airplane_mode_on|bad_wifi_calling|break_app_sms_permission[PERSONA:None]
risky_ps_linear,12,1,trap_pre_switch,trap_favoring,False,repair_all,repair_all,True,True,True,True,0.0,0.0,5.452895,0.5,0.0641,5.516995,,,False,True,True,fast/fast/fast/fast/deep,fast/fast/fast/fast/fast,mostly_fast_vs_mostly_fast_required,deep_on_fast_required,False,0,1,4,15,[mms_issue]bad_wifi_calling[PERSONA:Easy]
risky_ps_linear,13,1,trap_pre_switch,trap_favoring,False,repair_all,repair_subset,False,False,True,False,10.0,3.0,4.444755,1.5,0.0704,14.515155,10.0,subset_mismatch_base_plus_linear;local_clear_failure_floor_10,False,True,True,fast/fast/deep/deep/deep,fast/fast/fast/fast/fast,mostly_deep_vs_mostly_fast_required,deep_on_fast_required,False,0,3,2,11,[mms_issue]bad_wifi_calling|break_app_storage_permission[PERSONA:Easy]
risky_ps_linear,14,1,trap_pre_switch,trap_favoring,False,repair_all,repair_all,True,True,True,True,0.0,0.0,4.4506,1.5,0.06830000000000001,4.5188999999999995,,,False,True,True,fast/fast/deep/deep/deep,fast/fast/fast/fast/fast,mostly_deep_vs_mostly_fast_required,deep_on_fast_required,False,0,3,2,11,[mms_issue]bad_wifi_calling|break_app_sms_permission[PERSONA:None]
risky_ps_linear,15,1,trap_pre_switch,trap_favoring,False,repair_all,repair_all,True,True,True,True,0.0,0.0,6.353375,2.5,0.07600000000000001,6.429374999999999,,,False,True,True,deep/deep/deep/deep/deep,fast/fast/fast/fast/fast,mostly_deep_vs_mostly_fast_required,deep_on_fast_required,False,0,5,0,15,[mms_issue]bad_network_preference|bad_wifi_calling|break_app_storage_permission[PERSONA:Hard]
risky_ps_linear,16,1,trap_pre_switch,trap_favoring,False,repair_all,repair_all,True,True,True,True,0.0,0.0,4.689745,2.0,0.0742,4.7639450000000005,,,False,True,True,fast/deep/deep/deep/deep,fast/fast/fast/fast/fast,mostly_deep_vs_mostly_fast_required,deep_on_fast_required,False,0,4,1,11,[mms_issue]bad_wifi_calling|break_app_sms_permission|data_mode_off[PERSONA:None]
risky_ps_linear,17,1,trap_pre_switch,trap_favoring,False,repair_all,repair_all,True,True,True,True,0.0,0.0,3.70333,1.0,0.0661,3.76943,,,False,True,True,fast/fast/fast/deep/deep,fast/fast/fast/fast/fast,mostly_fast_vs_mostly_fast_required,deep_on_fast_required,False,0,2,3,10,[mms_issue]bad_network_preference|bad_wifi_calling|break_app_sms_permission[PERSONA:Easy]
risky_ps_linear,18,1,trap_pre_switch,trap_favoring,False,repair_all,repair_all,True,True,True,True,0.0,0.0,4.848615,2.0,0.0684,4.917014999999999,,,False,True,True,deep/fast/deep/deep/deep,fast/fast/fast/fast/fast,mostly_deep_vs_mostly_fast_required,deep_on_fast_required,False,0,4,1,12,[mms_issue]bad_wifi_calling|break_app_storage_permission|data_mode_off[PERSONA:Easy]
risky_ps_linear,19,1,trap_pre_switch,trap_favoring,False,repair_all,repair_all,True,True,True,True,0.0,0.0,3.857505,1.5,0.0684,3.925905,,,False,True,True,fast/fast/deep/deep/deep,fast/fast/fast/fast/fast,mostly_deep_vs_mostly_fast_required,deep_on_fast_required,False,0,3,2,10,[mms_issue]airplane_mode_on|bad_wifi_calling[PERSONA:Easy]
risky_ps_linear,20,2,trap_pre_switch,trap_favoring,False,repair_all,repair_all,True,True,True,True,0.0,0.0,4.856255,2.0,0.0671,4.923355,,,False,True,True,deep/fast/deep/deep/deep,fast/fast/fast/fast/fast,mostly_deep_vs_mostly_fast_required,deep_on_fast_required,False,0,4,1,12,[mms_issue]airplane_mode_on|bad_wifi_calling|break_app_storage_permission[PERSONA:Easy]
risky_ps_linear,21,2,trap_pre_switch,trap_favoring,False,repair_all,repair_all,True,True,True,True,0.0,0.0,4.68501,2.0,0.0724,4.75741,,,False,True,True,fast/deep/deep/deep/deep,fast/fast/fast/fast/fast,mostly_deep_vs_mostly_fast_required,deep_on_fast_required,False,0,4,1,11,[mms_issue]airplane_mode_on|bad_wifi_calling|break_app_sms_permission[PERSONA:None]
risky_ps_linear,22,2,trap_pre_switch,trap_favoring,False,repair_all,repair_all,True,True,True,True,0.0,0.0,2.870505,1.0,0.06330000000000001,2.933805,,,False,True,True,fast/deep/fast/fast/deep,fast/fast/fast/fast/fast,mostly_fast_vs_mostly_fast_required,deep_on_fast_required,False,0,2,3,10,[mms_issue]bad_wifi_calling[PERSONA:Easy]
risky_ps_linear,23,2,trap_pre_switch,trap_favoring,False,repair_all,repair_all,True,True,True,True,0.0,0.0,9.825005,1.5,0.0718,9.896805,,,False,True,True,fast/fast/deep/deep/deep,fast/fast/fast/fast/fast,mostly_deep_vs_mostly_fast_required,deep_on_fast_required,False,0,3,2,17,[mms_issue]bad_wifi_calling|break_app_storage_permission[PERSONA:Easy]
risky_ps_linear,24,2,trap_pre_switch,trap_favoring,False,repair_all,repair_all,True,True,True,True,0.0,0.0,5.31106,2.0,0.0795,5.390560000000001,,,False,True,True,fast/deep/deep/deep/deep,fast/fast/fast/fast/fast,mostly_deep_vs_mostly_fast_required,deep_on_fast_required,False,0,4,1,13,[mms_issue]bad_wifi_calling|break_app_sms_permission[PERSONA:None]
risky_ps_linear,25,2,target_post_switch,target_favoring,False,repair_all,repair_subset,False,False,True,False,10.0,5.0,4.56251,0.5,0.07650000000000001,14.639009999999999,10.0,subset_mismatch_base_plus_linear;local_clear_failure_floor_10,False,True,True,deep/deep/deep/deep/deep,fast/deep/deep/deep/deep,mostly_deep_vs_mostly_deep_required,deep_on_fast_required,False,0,1,4,15,[mms_issue]airplane_mode_on|bad_network_preference|bad_wifi_calling|break_apn_mms_setting|break_app_storage_permission|unseat_sim_card[PERSONA:Easy]
risky_ps_linear,26,2,target_post_switch,target_favoring,True,repair_subset,repair_subset,True,True,False,False,6.0,2.0,4.0999,0.0,0.0741,10.174,6.0,clear_but_aux_failure_floor_6,False,True,True,fast/deep/deep/deep/deep,fast/deep/deep/deep/deep,mostly_deep_vs_mostly_deep_required,all_stage_modes_match,True,0,0,5,13,[mms_issue]airplane_mode_on|bad_network_preference|bad_wifi_calling|break_apn_mms_setting|break_app_both_permissions|data_mode_off|data_usage_exceeded|unseat_sim_card|user_abroad_roaming_disabled_on[PERSONA:Hard]
risky_ps_linear,27,2,target_post_switch,target_favoring,True,repair_subset,repair_subset,False,False,False,False,12.0,3.0,3.93631,1.5,0.0736,16.00991,12.0,subset_mismatch_base_plus_linear;local_clear_failure_floor_10;local_clear_and_aux_failure_floor_12,False,True,True,fast/fast/deep/deep/deep,fast/deep/deep/deep/deep,mostly_deep_vs_mostly_deep_required,fast_on_deep_required,False,1,0,4,11,[mms_issue]airplane_mode_on|bad_network_preference|bad_wifi_calling|break_apn_mms_setting|break_app_sms_permission|data_mode_off|data_usage_exceeded|unseat_sim_card|user_abroad_roaming_disabled_on[PERSONA:None]
risky_ps_linear,28,2,target_post_switch,target_favoring,True,repair_subset,repair_subset,False,False,False,False,17.0,13.0,5.25488,2.0,0.0713,22.32618,12.0,subset_mismatch_base_plus_linear;local_clear_failure_floor_10;local_clear_and_aux_failure_floor_12,False,True,True,deep/fast/deep/deep/deep,fast/deep/deep/deep/deep,mostly_deep_vs_mostly_deep_required,both_mismatch_types,False,1,1,3,14,[mms_issue]airplane_mode_on|bad_network_preference|bad_wifi_calling|break_apn_mms_setting|break_app_both_permissions|data_mode_off|data_usage_exceeded|unseat_sim_card|user_abroad_roaming_enabled_off[PERSONA:Hard]
risky_ps_linear,29,2,target_post_switch,target_favoring,True,repair_all,repair_subset,False,False,True,False,15.0,11.0,4.85814,0.0,0.0675,19.92564,10.0,subset_mismatch_base_plus_linear;local_clear_failure_floor_10,False,True,True,fast/deep/deep/deep/deep,fast/deep/deep/deep/deep,mostly_deep_vs_mostly_deep_required,all_stage_modes_match,True,0,0,5,14,[mms_issue]airplane_mode_on|bad_network_preference|bad_wifi_calling|break_apn_mms_setting|break_app_sms_permission|data_mode_off|unseat_sim_card|user_abroad_roaming_enabled_off[PERSONA:None]
risky_ps_linear,30,3,target_post_switch,target_favoring,False,repair_all,repair_all,True,True,True,True,0.0,0.0,4.64609,3.0,0.06949999999999999,4.71559,,,False,True,True,fast/deep/fast/fast/deep,fast/deep/deep/deep/deep,mostly_fast_vs_mostly_deep_required,fast_on_deep_required,False,2,0,3,12,[mms_issue]bad_wifi_calling|break_apn_mms_setting|break_app_storage_permission|unseat_sim_card[PERSONA:Easy]
risky_ps_linear,31,3,target_post_switch,target_favoring,False,repair_all,repair_all,True,True,True,True,0.0,0.0,2.86272,0.0,0.07410000000000001,2.93682,,,False,True,True,fast/deep/deep/deep/deep,fast/deep/deep/deep/deep,mostly_deep_vs_mostly_deep_required,all_stage_modes_match,True,0,0,5,11,[mms_issue]bad_wifi_calling|break_apn_mms_setting|break_app_sms_permission|unseat_sim_card[PERSONA:None]
risky_ps_linear,32,3,target_post_switch,target_favoring,False,repair_all,repair_all,True,True,True,True,0.0,0.0,3.85023,0.5,0.07750000000000001,3.92773,,,False,True,True,deep/deep/deep/deep/deep,fast/deep/deep/deep/deep,mostly_deep_vs_mostly_deep_required,deep_on_fast_required,False,0,1,4,14,[mms_issue]bad_wifi_calling|break_apn_mms_setting|break_app_sms_permission|user_abroad_roaming_enabled_off[PERSONA:Easy]
risky_ps_linear,33,3,target_post_switch,target_favoring,False,repair_all,repair_all,True,True,True,True,0.0,0.0,3.86008,1.5,0.0724,3.93248,,,False,True,True,fast/deep/fast/deep/deep,fast/deep/deep/deep/deep,mostly_deep_vs_mostly_deep_required,fast_on_deep_required,False,1,0,4,12,[mms_issue]airplane_mode_on|bad_wifi_calling|break_apn_mms_setting|break_app_storage_permission|user_abroad_roaming_enabled_off[PERSONA:None]
risky_ps_linear,34,3,target_post_switch,target_favoring,False,repair_all,repair_all,True,True,True,True,0.0,0.0,3.92456,2.0,0.0758,4.00036,,,False,True,True,deep/fast/deep/deep/deep,fast/deep/deep/deep/deep,mostly_deep_vs_mostly_deep_required,both_mismatch_types,False,1,1,3,12,[mms_issue]bad_wifi_calling|break_apn_mms_setting|break_app_storage_permission|data_mode_off|unseat_sim_card[PERSONA:None]
risky_ps_linear,35,3,target_post_switch,target_favoring,False,repair_all,repair_subset,False,False,True,False,10.0,5.0,3.64448,0.0,0.0777,13.72218,10.0,subset_mismatch_base_plus_linear;local_clear_failure_floor_10,False,True,True,fast/deep/deep/deep/deep,fast/deep/deep/deep/deep,mostly_deep_vs_mostly_deep_required,all_stage_modes_match,True,0,0,5,12,[mms_issue]airplane_mode_on|bad_network_preference|bad_wifi_calling|break_apn_mms_setting|break_app_storage_permission|unseat_sim_card[PERSONA:Easy]
risky_ps_linear,36,3,target_post_switch,target_favoring,True,repair_subset,repair_all,False,False,True,False,10.0,6.0,4.44332,0.0,0.07900000000000001,14.52232,10.0,subset_mismatch_base_plus_linear;local_clear_failure_floor_10,False,True,True,fast/deep/deep/deep/deep,fast/deep/deep/deep/deep,mostly_deep_vs_mostly_deep_required,all_stage_modes_match,True,0,0,5,13,[mms_issue]airplane_mode_on|bad_network_preference|bad_wifi_calling|break_apn_mms_setting|break_app_both_permissions|data_mode_off|data_usage_exceeded|unseat_sim_card|user_abroad_roaming_disabled_on[PERSONA:Hard]
risky_ps_linear,37,3,target_post_switch,target_favoring,True,repair_subset,transfer,False,False,False,False,23.5,19.5,5.09801,3.5,0.06580000000000001,28.663809999999998,18.0,subset_mismatch_base_plus_linear;local_clear_failure_floor_10;local_clear_and_aux_failure_floor_12;invalid_local_transfer_floor_18,False,True,True,deep/fast/fast/deep/deep,fast/deep/deep/deep/deep,mostly_deep_vs_mostly_deep_required,both_mismatch_types,False,2,1,2,13,[mms_issue]airplane_mode_on|bad_network_preference|bad_wifi_calling|break_apn_mms_setting|break_app_sms_permission|data_mode_off|data_usage_exceeded|unseat_sim_card|user_abroad_roaming_disabled_on[PERSONA:None]
risky_ps_linear,38,3,target_post_switch,target_favoring,True,repair_subset,repair_subset,False,False,False,False,18.0,14.0,3.77874,0.0,0.07330000000000002,21.85204,12.0,subset_mismatch_base_plus_linear;local_clear_failure_floor_10;local_clear_and_aux_failure_floor_12,False,True,True,fast/deep/deep/deep/deep,fast/deep/deep/deep/deep,mostly_deep_vs_mostly_deep_required,all_stage_modes_match,True,0,0,5,12,[mms_issue]airplane_mode_on|bad_network_preference|bad_wifi_calling|break_apn_mms_setting|break_app_both_permissions|data_mode_off|data_usage_exceeded|unseat_sim_card|user_abroad_roaming_enabled_off[PERSONA:Hard]
risky_ps_linear,39,3,target_post_switch,target_favoring,True,repair_all,repair_all,True,True,True,True,0.0,0.0,3.57223,1.5,0.0716,3.64383,,,False,True,True,fast/fast/deep/deep/deep,fast/deep/deep/deep/deep,mostly_deep_vs_mostly_deep_required,fast_on_deep_required,False,1,0,4,10,[mms_issue]airplane_mode_on|bad_network_preference|bad_wifi_calling|break_apn_mms_setting|break_app_sms_permission|data_mode_off|unseat_sim_card|user_abroad_roaming_enabled_off[PERSONA:None]
risky_ps_linear,40,4,target_post_switch,target_favoring,False,repair_all,repair_all,True,True,True,True,0.0,0.0,4.433065,1.5,0.0723,4.505365,,,False,True,True,fast/deep/deep/deep/fast,fast/deep/deep/deep/deep,mostly_deep_vs_mostly_deep_required,fast_on_deep_required,False,1,0,4,13,[mms_issue]bad_wifi_calling|break_apn_mms_setting|break_app_storage_permission|unseat_sim_card[PERSONA:Easy]
risky_ps_linear,41,4,target_post_switch,target_favoring,False,repair_all,repair_all,True,True,True,True,0.0,0.0,3.40519,1.5,0.0763,3.48149,,,False,True,True,fast/deep/fast/deep/deep,fast/deep/deep/deep/deep,mostly_deep_vs_mostly_deep_required,fast_on_deep_required,False,1,0,4,11,[mms_issue]bad_wifi_calling|break_apn_mms_setting|break_app_sms_permission|unseat_sim_card[PERSONA:None]
risky_ps_linear,42,4,target_post_switch,target_favoring,False,repair_all,repair_all,True,True,True,True,0.0,0.0,4.720715,3.5,0.0671,4.787815,,,False,True,True,deep/fast/fast/deep/deep,fast/deep/deep/deep/deep,mostly_deep_vs_mostly_deep_required,both_mismatch_types,False,2,1,2,13,[mms_issue]bad_wifi_calling|break_apn_mms_setting|break_app_sms_permission|user_abroad_roaming_enabled_off[PERSONA:Easy]
risky_ps_linear,43,4,target_post_switch,target_favoring,False,repair_all,repair_all,True,True,True,True,0.0,0.0,4.0824,0.0,0.07750000000000001,4.1598999999999995,,,False,True,True,fast/deep/deep/deep/deep,fast/deep/deep/deep/deep,mostly_deep_vs_mostly_deep_required,all_stage_modes_match,True,0,0,5,14,[mms_issue]airplane_mode_on|bad_wifi_calling|break_apn_mms_setting|break_app_storage_permission|user_abroad_roaming_enabled_off[PERSONA:None]
risky_ps_linear,44,4,target_post_switch,target_favoring,False,repair_all,repair_all,True,True,True,True,0.0,0.0,4.32356,2.0,0.0704,4.39396,,,False,True,True,deep/fast/deep/deep/deep,fast/deep/deep/deep/deep,mostly_deep_vs_mostly_deep_required,both_mismatch_types,False,1,1,3,13,[mms_issue]bad_wifi_calling|break_apn_mms_setting|break_app_storage_permission|data_mode_off|unseat_sim_card[PERSONA:None]
risky_ps_linear,45,4,target_post_switch,target_favoring,False,repair_all,repair_subset,False,False,True,False,10.0,5.0,3.81346,0.0,0.0751,13.888560000000002,10.0,subset_mismatch_base_plus_linear;local_clear_failure_floor_10,False,True,True,fast/deep/deep/deep/deep,fast/deep/deep/deep/deep,mostly_deep_vs_mostly_deep_required,all_stage_modes_match,True,0,0,5,13,[mms_issue]airplane_mode_on|bad_network_preference|bad_wifi_calling|break_apn_mms_setting|break_app_storage_permission|unseat_sim_card[PERSONA:Easy]
risky_ps_linear,46,4,target_post_switch,target_favoring,True,repair_subset,repair_all,False,False,True,False,10.0,6.0,5.1872,0.5,0.07600000000000001,15.263200000000001,10.0,subset_mismatch_base_plus_linear;local_clear_failure_floor_10,False,True,True,deep/deep/deep/deep/deep,fast/deep/deep/deep/deep,mostly_deep_vs_mostly_deep_required,deep_on_fast_required,False,0,1,4,15,[mms_issue]airplane_mode_on|bad_network_preference|bad_wifi_calling|break_apn_mms_setting|break_app_both_permissions|data_mode_off|data_usage_exceeded|unseat_sim_card|user_abroad_roaming_disabled_on[PERSONA:Hard]
risky_ps_linear,47,4,target_post_switch,target_favoring,True,repair_subset,transfer,False,False,False,False,23.5,19.5,4.475785,3.0,0.061200000000000004,28.036985,18.0,subset_mismatch_base_plus_linear;local_clear_failure_floor_10;local_clear_and_aux_failure_floor_12;fast_path_on_deep_required_clear_failure_floor_14;invalid_local_transfer_floor_18,False,True,True,fast/fast/deep/deep/fast,fast/deep/deep/deep/deep,mostly_fast_vs_mostly_deep_required,fast_on_deep_required,False,2,0,3,10,[mms_issue]airplane_mode_on|bad_network_preference|bad_wifi_calling|break_apn_mms_setting|break_app_sms_permission|data_mode_off|data_usage_exceeded|unseat_sim_card|user_abroad_roaming_disabled_on[PERSONA:None]
risky_ps_linear,48,4,target_post_switch,target_favoring,True,repair_subset,repair_subset,True,True,False,False,6.0,2.0,4.51744,0.5,0.0748,10.59224,6.0,clear_but_aux_failure_floor_6,False,True,True,deep/deep/deep/deep/deep,fast/deep/deep/deep/deep,mostly_deep_vs_mostly_deep_required,deep_on_fast_required,False,0,1,4,14,[mms_issue]airplane_mode_on|bad_network_preference|bad_wifi_calling|break_apn_mms_setting|break_app_both_permissions|data_mode_off|data_usage_exceeded|unseat_sim_card|user_abroad_roaming_enabled_off[PERSONA:Hard]
risky_ps_linear,49,4,target_post_switch,target_favoring,True,repair_all,repair_all,True,True,True,True,0.0,0.0,5.35177,0.5,0.0753,5.4270700000000005,,,False,True,True,deep/deep/deep/deep/deep,fast/deep/deep/deep/deep,mostly_deep_vs_mostly_deep_required,deep_on_fast_required,False,0,1,4,15,[mms_issue]airplane_mode_on|bad_network_preference|bad_wifi_calling|break_apn_mms_setting|break_app_sms_permission|data_mode_off|unseat_sim_card|user_abroad_roaming_enabled_off[PERSONA:None]
risky_ps_linear,50,5,target_post_switch,target_favoring,False,repair_all,repair_all,True,True,True,True,0.0,0.0,4.27366,0.5,0.0748,4.348459999999999,,,False,True,True,deep/deep/deep/deep/deep,fast/deep/deep/deep/deep,mostly_deep_vs_mostly_deep_required,deep_on_fast_required,False,0,1,4,15,[mms_issue]bad_wifi_calling|break_apn_mms_setting|break_app_storage_permission|unseat_sim_card[PERSONA:Easy]
risky_ps_linear,51,5,target_post_switch,target_favoring,False,repair_all,repair_all,True,True,True,True,0.0,0.0,4.28177,0.5,0.0753,4.35707,,,False,True,True,deep/deep/deep/deep/deep,fast/deep/deep/deep/deep,mostly_deep_vs_mostly_deep_required,deep_on_fast_required,False,0,1,4,15,[mms_issue]bad_wifi_calling|break_apn_mms_setting|break_app_sms_permission|unseat_sim_card[PERSONA:None]
risky_ps_linear,52,5,target_post_switch,target_favoring,False,repair_all,repair_all,True,True,True,True,0.0,0.0,4.165625,1.5,0.06380000000000001,4.229425,,,False,True,True,fast/deep/deep/fast/deep,fast/deep/deep/deep/deep,mostly_deep_vs_mostly_deep_required,fast_on_deep_required,False,1,0,4,12,[mms_issue]bad_wifi_calling|break_apn_mms_setting|break_app_sms_permission|user_abroad_roaming_enabled_off[PERSONA:Easy]
risky_ps_linear,53,5,target_post_switch,target_favoring,False,repair_all,repair_all,True,True,True,True,0.0,0.0,4.10569,3.0,0.0735,4.17919,,,False,True,True,fast/fast/fast/deep/deep,fast/deep/deep/deep/deep,mostly_fast_vs_mostly_deep_required,fast_on_deep_required,False,2,0,3,11,[mms_issue]airplane_mode_on|bad_wifi_calling|break_apn_mms_setting|break_app_storage_permission|user_abroad_roaming_enabled_off[PERSONA:None]
risky_ps_linear,54,5,target_post_switch,target_favoring,False,repair_all,repair_all,True,True,True,True,0.0,0.0,3.0499,0.0,0.08410000000000001,3.134,,,False,True,True,fast/deep/deep/deep/deep,fast/deep/deep/deep/deep,mostly_deep_vs_mostly_deep_required,all_stage_modes_match,True,0,0,5,11,[mms_issue]bad_wifi_calling|break_apn_mms_setting|break_app_storage_permission|data_mode_off|unseat_sim_card[PERSONA:None]
risky_ps_linear,55,5,target_post_switch,target_favoring,False,repair_all,repair_subset,False,False,True,False,10.0,5.0,4.45311,1.5,0.07390000000000001,14.52701,10.0,subset_mismatch_base_plus_linear;local_clear_failure_floor_10,False,True,True,fast/deep/fast/deep/deep,fast/deep/deep/deep/deep,mostly_deep_vs_mostly_deep_required,fast_on_deep_required,False,1,0,4,13,[mms_issue]airplane_mode_on|bad_network_preference|bad_wifi_calling|break_apn_mms_setting|break_app_storage_permission|unseat_sim_card[PERSONA:Easy]
risky_ps_linear,56,5,target_post_switch,target_favoring,True,repair_subset,repair_subset,False,False,False,False,17.0,13.0,4.02366,1.5,0.0703,21.09396,12.0,subset_mismatch_base_plus_linear;local_clear_failure_floor_10;local_clear_and_aux_failure_floor_12,False,True,True,fast/fast/deep/deep/deep,fast/deep/deep/deep/deep,mostly_deep_vs_mostly_deep_required,fast_on_deep_required,False,1,0,4,11,[mms_issue]airplane_mode_on|bad_network_preference|bad_wifi_calling|break_apn_mms_setting|break_app_both_permissions|data_mode_off|data_usage_exceeded|unseat_sim_card|user_abroad_roaming_disabled_on[PERSONA:Hard]
risky_ps_linear,57,5,target_post_switch,target_favoring,True,repair_subset,repair_subset,False,False,False,False,14.0,3.0,4.4,3.0,0.06380000000000001,18.4638,14.0,subset_mismatch_base_plus_linear;local_clear_failure_floor_10;local_clear_and_aux_failure_floor_12;fast_path_on_deep_required_clear_failure_floor_14,False,True,True,fast/fast/fast/deep/deep,fast/deep/deep/deep/deep,mostly_fast_vs_mostly_deep_required,fast_on_deep_required,False,2,0,3,11,[mms_issue]airplane_mode_on|bad_network_preference|bad_wifi_calling|break_apn_mms_setting|break_app_sms_permission|data_mode_off|data_usage_exceeded|unseat_sim_card|user_abroad_roaming_disabled_on[PERSONA:None]
risky_ps_linear,58,5,target_post_switch,target_favoring,True,repair_subset,repair_subset,True,True,False,False,6.0,2.0,3.74416,0.0,0.0732,9.81736,6.0,clear_but_aux_failure_floor_6,False,True,True,fast/deep/deep/deep/deep,fast/deep/deep/deep/deep,mostly_deep_vs_mostly_deep_required,all_stage_modes_match,True,0,0,5,12,[mms_issue]airplane_mode_on|bad_network_preference|bad_wifi_calling|break_apn_mms_setting|break_app_both_permissions|data_mode_off|data_usage_exceeded|unseat_sim_card|user_abroad_roaming_enabled_off[PERSONA:Hard]
risky_ps_linear,59,5,target_post_switch,target_favoring,True,repair_all,transfer,False,False,True,False,22.5,18.5,5.08051,3.5,0.0639,27.64441,18.0,subset_mismatch_base_plus_linear;local_clear_failure_floor_10;invalid_local_transfer_floor_18,False,True,True,deep/fast/fast/deep/deep,fast/deep/deep/deep/deep,mostly_deep_vs_mostly_deep_required,both_mismatch_types,False,2,1,2,13,[mms_issue]airplane_mode_on|bad_network_preference|bad_wifi_calling|break_apn_mms_setting|break_app_sms_permission|data_mode_off|unseat_sim_card|user_abroad_roaming_enabled_off[PERSONA:None]
risky_ps_linear,60,6,target_post_switch,target_favoring,False,repair_all,repair_all,True,True,True,True,0.0,0.0,4.20346,2.0,0.0721,4.27556,,,False,True,True,deep/fast/deep/deep/deep,fast/deep/deep/deep/deep,mostly_deep_vs_mostly_deep_required,both_mismatch_types,False,1,1,3,13,[mms_issue]bad_wifi_calling|break_apn_mms_setting|break_app_storage_permission|unseat_sim_card[PERSONA:Easy]
risky_ps_linear,61,6,target_post_switch,target_favoring,False,repair_all,repair_all,True,True,True,True,0.0,0.0,4.07359,0.5,0.0748,4.14839,,,False,True,True,deep/deep/deep/deep/deep,fast/deep/deep/deep/deep,mostly_deep_vs_mostly_deep_required,deep_on_fast_required,False,0,1,4,14,[mms_issue]bad_wifi_calling|break_apn_mms_setting|break_app_sms_permission|unseat_sim_card[PERSONA:None]
risky_ps_linear,62,6,target_post_switch,target_favoring,False,repair_all,repair_all,True,True,True,True,0.0,0.0,4.149245,1.5,0.0733,4.222544999999999,,,False,True,True,fast/deep/deep/fast/deep,fast/deep/deep/deep/deep,mostly_deep_vs_mostly_deep_required,fast_on_deep_required,False,1,0,4,12,[mms_issue]bad_wifi_calling|break_apn_mms_setting|break_app_sms_permission|user_abroad_roaming_enabled_off[PERSONA:Easy]
risky_ps_linear,63,6,target_post_switch,target_favoring,False,repair_all,repair_all,True,True,True,True,0.0,0.0,3.64734,1.5,0.072,3.71934,,,False,True,True,fast/fast/deep/deep/deep,fast/deep/deep/deep/deep,mostly_deep_vs_mostly_deep_required,fast_on_deep_required,False,1,0,4,11,[mms_issue]airplane_mode_on|bad_wifi_calling|break_apn_mms_setting|break_app_storage_permission|user_abroad_roaming_enabled_off[PERSONA:None]
risky_ps_linear,64,6,target_post_switch,target_favoring,False,repair_all,repair_all,True,True,True,True,0.0,0.0,3.97297,0.5,0.0772,4.0501700000000005,,,False,True,True,deep/deep/deep/deep/deep,fast/deep/deep/deep/deep,mostly_deep_vs_mostly_deep_required,deep_on_fast_required,False,0,1,4,14,[mms_issue]bad_wifi_calling|break_apn_mms_setting|break_app_storage_permission|data_mode_off|unseat_sim_card[PERSONA:None]
risky_ps_linear,65,6,target_post_switch,target_favoring,False,repair_all,transfer,False,False,True,False,18.5,14.5,4.66506,0.5,0.07790000000000001,23.24296,18.0,subset_mismatch_base_plus_linear;local_clear_failure_floor_10;invalid_local_transfer_floor_18,False,True,True,deep/deep/deep/deep/deep,fast/deep/deep/deep/deep,mostly_deep_vs_mostly_deep_required,deep_on_fast_required,False,0,1,4,15,[mms_issue]airplane_mode_on|bad_network_preference|bad_wifi_calling|break_apn_mms_setting|break_app_storage_permission|unseat_sim_card[PERSONA:Easy]
risky_ps_linear,66,6,target_post_switch,target_favoring,True,repair_subset,repair_subset,True,True,False,False,6.0,2.0,4.8589,0.5,0.07600000000000001,10.934899999999999,6.0,clear_but_aux_failure_floor_6,False,True,True,deep/deep/deep/deep/deep,fast/deep/deep/deep/deep,mostly_deep_vs_mostly_deep_required,deep_on_fast_required,False,0,1,4,15,[mms_issue]airplane_mode_on|bad_network_preference|bad_wifi_calling|break_apn_mms_setting|break_app_both_permissions|data_mode_off|data_usage_exceeded|unseat_sim_card|user_abroad_roaming_disabled_on[PERSONA:Hard]
risky_ps_linear,67,6,target_post_switch,target_favoring,True,repair_subset,repair_subset,False,False,False,False,14.0,5.0,5.219735,4.5,0.06520000000000001,19.284935,14.0,subset_mismatch_base_plus_linear;local_clear_failure_floor_10;local_clear_and_aux_failure_floor_12;fast_path_on_deep_required_clear_failure_floor_14,False,True,True,fast/fast/fast/fast/deep,fast/deep/deep/deep/deep,mostly_fast_vs_mostly_deep_required,fast_on_deep_required,False,3,0,2,10,[mms_issue]airplane_mode_on|bad_network_preference|bad_wifi_calling|break_apn_mms_setting|break_app_sms_permission|data_mode_off|data_usage_exceeded|unseat_sim_card|user_abroad_roaming_disabled_on[PERSONA:None]
risky_ps_linear,68,6,target_post_switch,target_favoring,True,repair_subset,repair_subset,False,False,False,False,19.0,15.0,4.35972,2.0,0.0714,23.43112,12.0,subset_mismatch_base_plus_linear;local_clear_failure_floor_10;local_clear_and_aux_failure_floor_12,False,True,True,deep/fast/deep/deep/deep,fast/deep/deep/deep/deep,mostly_deep_vs_mostly_deep_required,both_mismatch_types,False,1,1,3,12,[mms_issue]airplane_mode_on|bad_network_preference|bad_wifi_calling|break_apn_mms_setting|break_app_both_permissions|data_mode_off|data_usage_exceeded|unseat_sim_card|user_abroad_roaming_enabled_off[PERSONA:Hard]
risky_ps_linear,69,6,target_post_switch,target_favoring,True,repair_all,repair_all,True,True,True,True,0.0,0.0,3.57027,1.5,0.0671,3.6373699999999998,,,False,True,True,fast/fast/deep/deep/deep,fast/deep/deep/deep/deep,mostly_deep_vs_mostly_deep_required,fast_on_deep_required,False,1,0,4,10,[mms_issue]airplane_mode_on|bad_network_preference|bad_wifi_calling|break_apn_mms_setting|break_app_sms_permission|data_mode_off|unseat_sim_card|user_abroad_roaming_enabled_off[PERSONA:None]
risky_ps_linear,70,7,target_post_switch,target_favoring,False,repair_all,repair_all,True,True,True,True,0.0,0.0,4.26106,0.5,0.0748,4.335859999999999,,,False,True,True,deep/deep/deep/deep/deep,fast/deep/deep/deep/deep,mostly_deep_vs_mostly_deep_required,deep_on_fast_required,False,0,1,4,15,[mms_issue]bad_wifi_calling|break_apn_mms_setting|break_app_storage_permission|unseat_sim_card[PERSONA:Easy]
risky_ps_linear,71,7,target_post_switch,target_favoring,False,repair_all,repair_all,True,True,True,True,0.0,0.0,4.09739,0.5,0.0748,4.17219,,,False,True,True,deep/deep/deep/deep/deep,fast/deep/deep/deep/deep,mostly_deep_vs_mostly_deep_required,deep_on_fast_required,False,0,1,4,14,[mms_issue]bad_wifi_calling|break_apn_mms_setting|break_app_sms_permission|unseat_sim_card[PERSONA:None]
risky_ps_linear,72,7,target_post_switch,target_favoring,False,repair_all,repair_all,True,True,True,True,0.0,0.0,4.452105,3.0,0.05580000000000001,4.507905,,,False,True,True,fast/fast/deep/deep/fast,fast/deep/deep/deep/deep,mostly_fast_vs_mostly_deep_required,fast_on_deep_required,False,2,0,3,11,[mms_issue]bad_wifi_calling|break_apn_mms_setting|break_app_sms_permission|user_abroad_roaming_enabled_off[PERSONA:Easy]
risky_ps_linear,73,7,target_post_switch,target_favoring,False,repair_all,repair_all,True,True,True,True,0.0,0.0,3.79042,0.5,0.07600000000000001,3.86642,,,False,True,True,deep/deep/deep/deep/deep,fast/deep/deep/deep/deep,mostly_deep_vs_mostly_deep_required,deep_on_fast_required,False,0,1,4,13,[mms_issue]airplane_mode_on|bad_wifi_calling|break_apn_mms_setting|break_app_storage_permission|user_abroad_roaming_enabled_off[PERSONA:None]
risky_ps_linear,74,7,target_post_switch,target_favoring,False,repair_all,repair_all,True,True,True,True,0.0,0.0,3.97696,0.5,0.0753,4.05226,,,False,True,True,deep/deep/deep/deep/deep,fast/deep/deep/deep/deep,mostly_deep_vs_mostly_deep_required,deep_on_fast_required,False,0,1,4,14,[mms_issue]bad_wifi_calling|break_apn_mms_setting|break_app_storage_permission|data_mode_off|unseat_sim_card[PERSONA:None]
risky_ps_linear,75,7,target_post_switch,target_favoring,False,repair_all,repair_all,True,True,True,True,0.0,0.0,4.40265,0.0,0.06720000000000001,4.46985,,,False,True,True,fast/deep/deep/deep/deep,fast/deep/deep/deep/deep,mostly_deep_vs_mostly_deep_required,all_stage_modes_match,True,0,0,5,14,[mms_issue]airplane_mode_on|bad_network_preference|bad_wifi_calling|break_apn_mms_setting|break_app_storage_permission|unseat_sim_card[PERSONA:Easy]
risky_ps_linear,76,7,target_post_switch,target_favoring,True,repair_subset,repair_all,False,False,True,False,10.0,6.0,4.973625,1.5,0.07020000000000001,15.043825,10.0,subset_mismatch_base_plus_linear;local_clear_failure_floor_10,False,True,True,fast/deep/fast/deep/deep,fast/deep/deep/deep/deep,mostly_deep_vs_mostly_deep_required,fast_on_deep_required,False,1,0,4,13,[mms_issue]airplane_mode_on|bad_network_preference|bad_wifi_calling|break_apn_mms_setting|break_app_both_permissions|data_mode_off|data_usage_exceeded|unseat_sim_card|user_abroad_roaming_disabled_on[PERSONA:Hard]
risky_ps_linear,77,7,target_post_switch,target_favoring,True,repair_subset,transfer,False,False,False,False,22.5,18.5,4.07925,0.0,0.07590000000000001,26.65515,18.0,subset_mismatch_base_plus_linear;local_clear_failure_floor_10;local_clear_and_aux_failure_floor_12;invalid_local_transfer_floor_18,False,True,True,fast/deep/deep/deep/deep,fast/deep/deep/deep/deep,mostly_deep_vs_mostly_deep_required,all_stage_modes_match,True,0,0,5,13,[mms_issue]airplane_mode_on|bad_network_preference|bad_wifi_calling|break_apn_mms_setting|break_app_sms_permission|data_mode_off|data_usage_exceeded|unseat_sim_card|user_abroad_roaming_disabled_on[PERSONA:None]
risky_ps_linear,78,7,target_post_switch,target_favoring,True,repair_subset,transfer,False,False,False,False,25.5,21.5,4.4016,0.0,0.0724,29.973999999999997,18.0,subset_mismatch_base_plus_linear;local_clear_failure_floor_10;local_clear_and_aux_failure_floor_12;invalid_local_transfer_floor_18,False,True,True,fast/deep/deep/deep/deep,fast/deep/deep/deep/deep,mostly_deep_vs_mostly_deep_required,all_stage_modes_match,True,0,0,5,13,[mms_issue]airplane_mode_on|bad_network_preference|bad_wifi_calling|break_apn_mms_setting|break_app_both_permissions|data_mode_off|data_usage_exceeded|unseat_sim_card|user_abroad_roaming_enabled_off[PERSONA:Hard]
risky_ps_linear,79,7,target_post_switch,target_favoring,True,repair_all,transfer,False,False,True,False,22.5,18.5,4.33383,3.0,0.0701,26.90393,18.0,subset_mismatch_base_plus_linear;local_clear_failure_floor_10;fast_path_on_deep_required_clear_failure_floor_14;invalid_local_transfer_floor_18,False,True,True,fast/fast/fast/deep/deep,fast/deep/deep/deep/deep,mostly_fast_vs_mostly_deep_required,fast_on_deep_required,False,2,0,3,11,[mms_issue]airplane_mode_on|bad_network_preference|bad_wifi_calling|break_apn_mms_setting|break_app_sms_permission|data_mode_off|unseat_sim_card|user_abroad_roaming_enabled_off[PERSONA:None]
risky_ps_linear,80,8,target_post_switch,target_favoring,False,repair_all,repair_all,True,True,True,True,0.0,0.0,3.01246,1.5,0.0711,3.08356,,,False,True,True,fast/fast/deep/deep/deep,fast/deep/deep/deep/deep,mostly_deep_vs_mostly_deep_required,fast_on_deep_required,False,1,0,4,10,[mms_issue]bad_wifi_calling|break_apn_mms_setting|break_app_storage_permission|unseat_sim_card[PERSONA:Easy]
risky_ps_linear,81,8,target_post_switch,target_favoring,False,repair_all,repair_all,True,True,True,True,0.0,0.0,3.80031,0.5,0.0753,3.87561,,,False,True,True,deep/deep/deep/deep/deep,fast/deep/deep/deep/deep,mostly_deep_vs_mostly_deep_required,deep_on_fast_required,False,0,1,4,14,[mms_issue]bad_wifi_calling|break_apn_mms_setting|break_app_sms_permission|unseat_sim_card[PERSONA:None]
risky_ps_linear,82,8,target_post_switch,target_favoring,False,repair_all,repair_all,True,True,True,True,0.0,0.0,3.547505,1.5,0.0727,3.6202050000000003,,,False,True,True,fast/deep/fast/deep/deep,fast/deep/deep/deep/deep,mostly_deep_vs_mostly_deep_required,fast_on_deep_required,False,1,0,4,12,[mms_issue]bad_wifi_calling|break_apn_mms_setting|break_app_sms_permission|user_abroad_roaming_enabled_off[PERSONA:Easy]
risky_ps_linear,83,8,target_post_switch,target_favoring,False,repair_all,repair_all,True,True,True,True,0.0,0.0,5.08045,0.5,0.07600000000000001,5.1564499999999995,,,False,True,True,deep/deep/deep/deep/deep,fast/deep/deep/deep/deep,mostly_deep_vs_mostly_deep_required,deep_on_fast_required,False,0,1,4,17,[mms_issue]airplane_mode_on|bad_wifi_calling|break_apn_mms_setting|break_app_storage_permission|user_abroad_roaming_enabled_off[PERSONA:None]
risky_ps_linear,84,8,target_post_switch,target_favoring,False,repair_all,repair_all,True,True,True,True,0.0,0.0,3.03128,0.0,0.0704,3.10168,,,False,True,True,fast/deep/deep/deep/deep,fast/deep/deep/deep/deep,mostly_deep_vs_mostly_deep_required,all_stage_modes_match,True,0,0,5,11,[mms_issue]bad_wifi_calling|break_apn_mms_setting|break_app_storage_permission|data_mode_off|unseat_sim_card[PERSONA:None]
risky_ps_linear,85,8,target_post_switch,target_favoring,False,repair_all,repair_subset,False,False,False,False,14.0,7.0,4.719685,3.0,0.06830000000000001,18.787985,14.0,subset_mismatch_base_plus_linear;local_clear_failure_floor_10;local_clear_and_aux_failure_floor_12;fast_path_on_deep_required_clear_failure_floor_14,False,True,True,fast/deep/fast/fast/deep,fast/deep/deep/deep/deep,mostly_fast_vs_mostly_deep_required,fast_on_deep_required,False,2,0,3,11,[mms_issue]airplane_mode_on|bad_network_preference|bad_wifi_calling|break_apn_mms_setting|break_app_storage_permission|unseat_sim_card[PERSONA:Easy]
risky_ps_linear,86,8,target_post_switch,target_favoring,True,repair_subset,transfer,False,False,False,False,23.5,19.5,5.59104,3.5,0.06420000000000001,29.15524,18.0,subset_mismatch_base_plus_linear;local_clear_failure_floor_10;local_clear_and_aux_failure_floor_12;invalid_local_transfer_floor_18,False,True,True,deep/fast/deep/deep/fast,fast/deep/deep/deep/deep,mostly_deep_vs_mostly_deep_required,both_mismatch_types,False,2,1,2,12,[mms_issue]airplane_mode_on|bad_network_preference|bad_wifi_calling|break_apn_mms_setting|break_app_both_permissions|data_mode_off|data_usage_exceeded|unseat_sim_card|user_abroad_roaming_disabled_on[PERSONA:Hard]
risky_ps_linear,87,8,target_post_switch,target_favoring,True,repair_subset,transfer,False,False,False,False,22.5,18.5,4.07183,0.0,0.0748,26.646630000000002,18.0,subset_mismatch_base_plus_linear;local_clear_failure_floor_10;local_clear_and_aux_failure_floor_12;invalid_local_transfer_floor_18,False,True,True,fast/deep/deep/deep/deep,fast/deep/deep/deep/deep,mostly_deep_vs_mostly_deep_required,all_stage_modes_match,True,0,0,5,13,[mms_issue]airplane_mode_on|bad_network_preference|bad_wifi_calling|break_apn_mms_setting|break_app_sms_permission|data_mode_off|data_usage_exceeded|unseat_sim_card|user_abroad_roaming_disabled_on[PERSONA:None]
risky_ps_linear,88,8,target_post_switch,target_favoring,True,repair_subset,repair_subset,True,True,False,False,6.0,2.0,4.51114,0.5,0.07600000000000001,10.58714,6.0,clear_but_aux_failure_floor_6,False,True,True,deep/deep/deep/deep/deep,fast/deep/deep/deep/deep,mostly_deep_vs_mostly_deep_required,deep_on_fast_required,False,0,1,4,14,[mms_issue]airplane_mode_on|bad_network_preference|bad_wifi_calling|break_apn_mms_setting|break_app_both_permissions|data_mode_off|data_usage_exceeded|unseat_sim_card|user_abroad_roaming_enabled_off[PERSONA:Hard]
risky_ps_linear,89,8,target_post_switch,target_favoring,True,repair_all,repair_all,True,True,True,True,0.0,0.0,4.00981,0.0,0.0629,4.07271,,,False,True,True,fast/deep/deep/deep/deep,fast/deep/deep/deep/deep,mostly_deep_vs_mostly_deep_required,all_stage_modes_match,True,0,0,5,12,[mms_issue]airplane_mode_on|bad_network_preference|bad_wifi_calling|break_apn_mms_setting|break_app_sms_permission|data_mode_off|unseat_sim_card|user_abroad_roaming_enabled_off[PERSONA:None]
risky_ps_linear,90,9,target_post_switch,target_favoring,False,repair_all,repair_all,True,True,True,True,0.0,0.0,4.0281,1.5,0.0727,4.1008000000000004,,,False,True,True,fast/deep/fast/deep/deep,fast/deep/deep/deep/deep,mostly_deep_vs_mostly_deep_required,fast_on_deep_required,False,1,0,4,13,[mms_issue]bad_wifi_calling|break_apn_mms_setting|break_app_storage_permission|unseat_sim_card[PERSONA:Easy]
risky_ps_linear,91,9,target_post_switch,target_favoring,False,repair_all,repair_all,True,True,True,True,0.0,0.0,4.28121,0.5,0.0748,4.3560099999999995,,,False,True,True,deep/deep/deep/deep/deep,fast/deep/deep/deep/deep,mostly_deep_vs_mostly_deep_required,deep_on_fast_required,False,0,1,4,15,[mms_issue]bad_wifi_calling|break_apn_mms_setting|break_app_sms_permission|unseat_sim_card[PERSONA:None]
risky_ps_linear,92,9,target_post_switch,target_favoring,False,repair_all,repair_all,True,True,True,True,0.0,0.0,3.51065,1.5,0.061700000000000005,3.57235,,,False,True,True,fast/fast/deep/deep/deep,fast/deep/deep/deep/deep,mostly_deep_vs_mostly_deep_required,fast_on_deep_required,False,1,0,4,11,[mms_issue]bad_wifi_calling|break_apn_mms_setting|break_app_sms_permission|user_abroad_roaming_enabled_off[PERSONA:Easy]
risky_ps_linear,93,9,target_post_switch,target_favoring,False,repair_all,repair_all,True,True,True,True,0.0,0.0,4.27601,0.5,0.0772,4.353210000000001,,,False,True,True,deep/deep/deep/deep/deep,fast/deep/deep/deep/deep,mostly_deep_vs_mostly_deep_required,deep_on_fast_required,False,0,1,4,14,[mms_issue]airplane_mode_on|bad_wifi_calling|break_apn_mms_setting|break_app_storage_permission|user_abroad_roaming_enabled_off[PERSONA:None]
risky_ps_linear,94,9,target_post_switch,target_favoring,False,repair_all,repair_all,True,True,True,True,0.0,0.0,3.95197,0.5,0.0772,4.029170000000001,,,False,True,True,deep/deep/deep/deep/deep,fast/deep/deep/deep/deep,mostly_deep_vs_mostly_deep_required,deep_on_fast_required,False,0,1,4,14,[mms_issue]bad_wifi_calling|break_apn_mms_setting|break_app_storage_permission|data_mode_off|unseat_sim_card[PERSONA:None]
risky_ps_linear,95,9,target_post_switch,target_favoring,False,repair_all,repair_subset,False,False,True,False,10.0,5.0,4.3908,0.5,0.0772,14.468,10.0,subset_mismatch_base_plus_linear;local_clear_failure_floor_10,False,True,True,deep/deep/deep/deep/deep,fast/deep/deep/deep/deep,mostly_deep_vs_mostly_deep_required,deep_on_fast_required,False,0,1,4,14,[mms_issue]airplane_mode_on|bad_network_preference|bad_wifi_calling|break_apn_mms_setting|break_app_storage_permission|unseat_sim_card[PERSONA:Easy]
risky_ps_linear,96,9,target_post_switch,target_favoring,True,repair_subset,repair_subset,False,False,False,False,12.0,3.0,3.99839,1.5,0.0614,16.05979,12.0,subset_mismatch_base_plus_linear;local_clear_failure_floor_10;local_clear_and_aux_failure_floor_12,False,True,True,fast/fast/deep/deep/deep,fast/deep/deep/deep/deep,mostly_deep_vs_mostly_deep_required,fast_on_deep_required,False,1,0,4,11,[mms_issue]airplane_mode_on|bad_network_preference|bad_wifi_calling|break_apn_mms_setting|break_app_both_permissions|data_mode_off|data_usage_exceeded|unseat_sim_card|user_abroad_roaming_disabled_on[PERSONA:Hard]
risky_ps_linear,97,9,target_post_switch,target_favoring,True,repair_subset,transfer,False,False,False,False,22.5,18.5,4.09521,0.0,0.0629,26.65811,18.0,subset_mismatch_base_plus_linear;local_clear_failure_floor_10;local_clear_and_aux_failure_floor_12;invalid_local_transfer_floor_18,False,True,True,fast/deep/deep/deep/deep,fast/deep/deep/deep/deep,mostly_deep_vs_mostly_deep_required,all_stage_modes_match,True,0,0,5,13,[mms_issue]airplane_mode_on|bad_network_preference|bad_wifi_calling|break_apn_mms_setting|break_app_sms_permission|data_mode_off|data_usage_exceeded|unseat_sim_card|user_abroad_roaming_disabled_on[PERSONA:None]
risky_ps_linear,98,9,target_post_switch,target_favoring,True,repair_subset,repair_subset,False,False,False,False,17.0,13.0,5.25824,2.0,0.0679,22.326140000000002,12.0,subset_mismatch_base_plus_linear;local_clear_failure_floor_10;local_clear_and_aux_failure_floor_12,False,True,True,deep/fast/deep/deep/deep,fast/deep/deep/deep/deep,mostly_deep_vs_mostly_deep_required,both_mismatch_types,False,1,1,3,14,[mms_issue]airplane_mode_on|bad_network_preference|bad_wifi_calling|break_apn_mms_setting|break_app_both_permissions|data_mode_off|data_usage_exceeded|unseat_sim_card|user_abroad_roaming_enabled_off[PERSONA:Hard]
risky_ps_linear,99,9,target_post_switch,target_favoring,True,repair_all,repair_all,True,True,True,True,0.0,0.0,5.4833,3.5,0.063,5.5463,,,False,True,True,deep/fast/deep/deep/fast,fast/deep/deep/deep/deep,mostly_deep_vs_mostly_deep_required,both_mismatch_types,False,2,1,2,12,[mms_issue]airplane_mode_on|bad_network_preference|bad_wifi_calling|break_apn_mms_setting|break_app_sms_permission|data_mode_off|unseat_sim_card|user_abroad_roaming_enabled_off[PERSONA:None]
