method,episode_index,repeat_index,schedule_phase,task_bucket,is_specialist_task,oracle_action,final_action,exact_match,clear_success_proxy,auxiliary_success_proxy,strict_clean_success,raw_terminal_penalty,legacy_raw_terminal_penalty,raw_reasoning_cost_component,raw_mode_mismatch_cost_component,raw_path_cost_component,raw_total_cost,terminal_adjustment_floor,terminal_adjustment_reasons,actual_modes,required_modes,majority_pair,mismatch_bucket,exact_mode_match,fast_on_deep_count,deep_on_fast_count,match_count,llm_call_count,original_task_id
direct_multistage_exp3,0,0,trap_pre_switch,trap_favoring,False,repair_all,repair_all,True,True,True,True,0.0,0.0,5.68018,1.5,0.0709,5.75108,,,fast/deep/fast/deep/deep,fast/fast/fast/fast/fast,mostly_deep_vs_mostly_fast_required,deep_on_fast_required,False,0,3,2,11,[mms_issue]airplane_mode_on|bad_wifi_calling|break_app_storage_permission[PERSONA:Easy]
direct_multistage_exp3,1,0,trap_pre_switch,trap_favoring,False,repair_all,repair_all,True,True,True,True,0.0,0.0,6.563135,2.0,0.0669,6.630035,,,deep/fast/deep/deep/deep,fast/fast/fast/fast/fast,mostly_deep_vs_mostly_fast_required,deep_on_fast_required,False,0,4,1,12,[mms_issue]airplane_mode_on|bad_wifi_calling|break_app_sms_permission[PERSONA:None]
direct_multistage_exp3,2,0,trap_pre_switch,trap_favoring,False,repair_all,repair_all,True,True,True,True,0.0,0.0,9.947515,2.0,0.07020000000000001,10.017714999999999,,,fast/deep/deep/deep/deep,fast/fast/fast/fast/fast,mostly_deep_vs_mostly_fast_required,deep_on_fast_required,False,0,4,1,18,[mms_issue]bad_wifi_calling[PERSONA:Easy]
direct_multistage_exp3,3,0,trap_pre_switch,trap_favoring,False,repair_all,repair_all,True,True,True,True,0.0,0.0,6.840065,2.0,0.07840000000000001,6.918465,,,deep/fast/deep/deep/deep,fast/fast/fast/fast/fast,mostly_deep_vs_mostly_fast_required,deep_on_fast_required,False,0,4,1,13,[mms_issue]bad_wifi_calling|break_app_storage_permission[PERSONA:Easy]
direct_multistage_exp3,4,0,trap_pre_switch,trap_favoring,False,repair_all,repair_all,True,True,True,True,0.0,0.0,5.96373,1.5,0.066,6.02973,,,deep/fast/deep/fast/deep,fast/fast/fast/fast/fast,mostly_deep_vs_mostly_fast_required,deep_on_fast_required,False,0,3,2,13,[mms_issue]bad_wifi_calling|break_app_sms_permission[PERSONA:None]
direct_multistage_exp3,5,0,trap_pre_switch,trap_favoring,False,repair_all,repair_all,True,True,True,True,0.0,0.0,4.676395,1.0,0.074,4.750395,,,fast/fast/fast/deep/deep,fast/fast/fast/fast/fast,mostly_fast_vs_mostly_fast_required,deep_on_fast_required,False,0,2,3,10,[mms_issue]bad_network_preference|bad_wifi_calling|break_app_storage_permission[PERSONA:Hard]
direct_multistage_exp3,6,0,trap_pre_switch,trap_favoring,False,repair_all,repair_all,True,True,True,True,0.0,0.0,6.542725,2.0,0.0661,6.6088249999999995,,,deep/fast/deep/deep/deep,fast/fast/fast/fast/fast,mostly_deep_vs_mostly_fast_required,deep_on_fast_required,False,0,4,1,12,[mms_issue]bad_wifi_calling|break_app_sms_permission|data_mode_off[PERSONA:None]
direct_multistage_exp3,7,0,trap_pre_switch,trap_favoring,False,repair_all,repair_all,True,True,True,True,0.0,0.0,4.670875,1.0,0.0712,4.742075,,,fast/fast/fast/deep/deep,fast/fast/fast/fast/fast,mostly_fast_vs_mostly_fast_required,deep_on_fast_required,False,0,2,3,10,[mms_issue]bad_network_preference|bad_wifi_calling|break_app_sms_permission[PERSONA:Easy]
direct_multistage_exp3,8,0,trap_pre_switch,trap_favoring,False,repair_all,repair_all,True,True,True,True,0.0,0.0,5.428005,1.5,0.0716,5.499605,,,fast/fast/deep/deep/deep,fast/fast/fast/fast/fast,mostly_deep_vs_mostly_fast_required,deep_on_fast_required,False,0,3,2,10,[mms_issue]bad_wifi_calling|break_app_storage_permission|data_mode_off[PERSONA:Easy]
direct_multistage_exp3,9,0,trap_pre_switch,trap_favoring,False,repair_all,repair_all,True,True,True,True,0.0,0.0,4.497755,1.0,0.0678,4.565555,,,fast/fast/fast/deep/deep,fast/fast/fast/fast/fast,mostly_fast_vs_mostly_fast_required,deep_on_fast_required,False,0,2,3,10,[mms_issue]airplane_mode_on|bad_wifi_calling[PERSONA:Easy]
direct_multistage_exp3,10,1,trap_pre_switch,trap_favoring,False,repair_all,repair_all,True,True,True,True,0.0,0.0,5.483545,1.5,0.061700000000000005,5.545245,,,fast/fast/deep/deep/deep,fast/fast/fast/fast/fast,mostly_deep_vs_mostly_fast_required,deep_on_fast_required,False,0,3,2,10,[mms_issue]airplane_mode_on|bad_wifi_calling|break_app_storage_permission[PERSONA:Easy]
direct_multistage_exp3,11,1,trap_pre_switch,trap_favoring,False,repair_all,repair_all,True,True,True,True,0.0,0.0,3.87008,0.5,0.0641,3.93418,,,fast/fast/fast/deep/fast,fast/fast/fast/fast/fast,mostly_fast_vs_mostly_fast_required,deep_on_fast_required,False,0,1,4,10,[mms_issue]airplane_mode_on|bad_wifi_calling|break_app_sms_permission[PERSONA:None]
direct_multistage_exp3,12,1,trap_pre_switch,trap_favoring,False,repair_all,repair_all,True,True,True,True,0.0,0.0,2.946165,0.5,0.0581,3.004265,,,fast/fast/deep/fast/fast,fast/fast/fast/fast/fast,mostly_fast_vs_mostly_fast_required,deep_on_fast_required,False,0,1,4,9,[mms_issue]bad_wifi_calling[PERSONA:Easy]
direct_multistage_exp3,13,1,trap_pre_switch,trap_favoring,False,repair_all,repair_all,True,True,True,True,0.0,0.0,6.844665,2.0,0.0692,6.913865,,,deep/fast/deep/deep/deep,fast/fast/fast/fast/fast,mostly_deep_vs_mostly_fast_required,deep_on_fast_required,False,0,4,1,13,[mms_issue]bad_wifi_calling|break_app_storage_permission[PERSONA:Easy]
direct_multistage_exp3,14,1,trap_pre_switch,trap_favoring,False,repair_all,repair_all,True,True,True,True,0.0,0.0,14.757265,2.0,0.0752,14.832465000000001,,,fast/deep/deep/deep/deep,fast/fast/fast/fast/fast,mostly_deep_vs_mostly_fast_required,deep_on_fast_required,False,0,4,1,23,[mms_issue]bad_wifi_calling|break_app_sms_permission[PERSONA:None]
direct_multistage_exp3,15,1,trap_pre_switch,trap_favoring,False,repair_all,repair_all,True,True,True,True,0.0,0.0,6.004725,1.5,0.0746,6.079325,,,fast/fast/deep/deep/deep,fast/fast/fast/fast/fast,mostly_deep_vs_mostly_fast_required,deep_on_fast_required,False,0,3,2,11,[mms_issue]bad_network_preference|bad_wifi_calling|break_app_storage_permission[PERSONA:Hard]
direct_multistage_exp3,16,1,trap_pre_switch,trap_favoring,False,repair_all,repair_all,True,True,True,True,0.0,0.0,6.353055,2.0,0.07590000000000001,6.428955,,,fast/deep/deep/deep/deep,fast/fast/fast/fast/fast,mostly_deep_vs_mostly_fast_required,deep_on_fast_required,False,0,4,1,11,[mms_issue]bad_wifi_calling|break_app_sms_permission|data_mode_off[PERSONA:None]
direct_multistage_exp3,17,1,trap_pre_switch,trap_favoring,False,repair_all,repair_all,True,True,True,True,0.0,0.0,4.953845,1.0,0.066,5.019845,,,deep/fast/fast/deep/fast,fast/fast/fast/fast/fast,mostly_fast_vs_mostly_fast_required,deep_on_fast_required,False,0,2,3,12,[mms_issue]bad_network_preference|bad_wifi_calling|break_app_sms_permission[PERSONA:Easy]
direct_multistage_exp3,18,1,trap_pre_switch,trap_favoring,False,repair_all,repair_all,True,True,True,True,0.0,0.0,5.05296,1.0,0.06760000000000001,5.120559999999999,,,fast/deep/fast/fast/deep,fast/fast/fast/fast/fast,mostly_fast_vs_mostly_fast_required,deep_on_fast_required,False,0,2,3,12,[mms_issue]bad_wifi_calling|break_app_storage_permission|data_mode_off[PERSONA:Easy]
direct_multistage_exp3,19,1,trap_pre_switch,trap_favoring,False,repair_all,repair_all,True,True,True,True,0.0,0.0,6.43454,2.0,0.06999999999999999,6.50454,,,fast/deep/deep/deep/deep,fast/fast/fast/fast/fast,mostly_deep_vs_mostly_fast_required,deep_on_fast_required,False,0,4,1,12,[mms_issue]airplane_mode_on|bad_wifi_calling[PERSONA:Easy]
direct_multistage_exp3,20,2,trap_pre_switch,trap_favoring,False,repair_all,repair_all,True,True,True,True,0.0,0.0,6.69851,2.0,0.0651,6.76361,,,fast/deep/deep/deep/deep,fast/fast/fast/fast/fast,mostly_deep_vs_mostly_fast_required,deep_on_fast_required,False,0,4,1,12,[mms_issue]airplane_mode_on|bad_wifi_calling|break_app_storage_permission[PERSONA:Easy]
direct_multistage_exp3,21,2,trap_pre_switch,trap_favoring,False,repair_all,repair_all,True,True,True,True,0.0,0.0,6.575095,2.0,0.0721,6.647195,,,deep/fast/deep/deep/deep,fast/fast/fast/fast/fast,mostly_deep_vs_mostly_fast_required,deep_on_fast_required,False,0,4,1,12,[mms_issue]airplane_mode_on|bad_wifi_calling|break_app_sms_permission[PERSONA:None]
direct_multistage_exp3,22,2,trap_pre_switch,trap_favoring,False,repair_all,repair_all,True,True,True,True,0.0,0.0,12.270515,2.5,0.0772,12.347714999999999,,,deep/deep/deep/deep/deep,fast/fast/fast/fast/fast,mostly_deep_vs_mostly_fast_required,deep_on_fast_required,False,0,5,0,21,[mms_issue]bad_wifi_calling[PERSONA:Easy]
direct_multistage_exp3,23,2,trap_pre_switch,trap_favoring,False,repair_all,repair_all,True,True,True,True,0.0,0.0,6.854095,2.0,0.0758,6.929895,,,deep/fast/deep/deep/deep,fast/fast/fast/fast/fast,mostly_deep_vs_mostly_fast_required,deep_on_fast_required,False,0,4,1,13,[mms_issue]bad_wifi_calling|break_app_storage_permission[PERSONA:Easy]
direct_multistage_exp3,24,2,trap_pre_switch,trap_favoring,False,repair_all,repair_all,True,True,True,True,0.0,0.0,5.7475,1.5,0.0666,5.8141,,,fast/fast/deep/deep/deep,fast/fast/fast/fast/fast,mostly_deep_vs_mostly_fast_required,deep_on_fast_required,False,0,3,2,11,[mms_issue]bad_wifi_calling|break_app_sms_permission[PERSONA:None]
direct_multistage_exp3,25,2,target_post_switch,target_favoring,False,repair_all,repair_all,True,True,True,True,0.0,0.0,5.78047,1.5,0.0661,5.84657,,,fast/fast/deep/deep/deep,fast/deep/deep/deep/deep,mostly_deep_vs_mostly_deep_required,fast_on_deep_required,False,1,0,4,11,[mms_issue]airplane_mode_on|bad_network_preference|bad_wifi_calling|break_apn_mms_setting|break_app_storage_permission|unseat_sim_card[PERSONA:Easy]
direct_multistage_exp3,26,2,target_post_switch,target_favoring,True,repair_subset,repair_subset,True,True,False,False,6.0,2.0,4.98015,0.0,0.06930000000000001,11.04945,6.0,clear_but_aux_failure_floor_6,fast/deep/deep/deep/deep,fast/deep/deep/deep/deep,mostly_deep_vs_mostly_deep_required,all_stage_modes_match,True,0,0,5,13,[mms_issue]airplane_mode_on|bad_network_preference|bad_wifi_calling|break_apn_mms_setting|break_app_both_permissions|data_mode_off|data_usage_exceeded|unseat_sim_card|user_abroad_roaming_disabled_on[PERSONA:Hard]
direct_multistage_exp3,27,2,target_post_switch,target_favoring,True,repair_subset,transfer,False,False,False,False,22.5,18.5,6.055165,0.5,0.07750000000000001,28.632665,18.0,subset_mismatch_base_plus_linear;local_clear_failure_floor_10;local_clear_and_aux_failure_floor_12;invalid_local_transfer_floor_18,deep/deep/deep/deep/deep,fast/deep/deep/deep/deep,mostly_deep_vs_mostly_deep_required,deep_on_fast_required,False,0,1,4,15,[mms_issue]airplane_mode_on|bad_network_preference|bad_wifi_calling|break_apn_mms_setting|break_app_sms_permission|data_mode_off|data_usage_exceeded|unseat_sim_card|user_abroad_roaming_disabled_on[PERSONA:None]
direct_multistage_exp3,28,2,target_post_switch,target_favoring,True,repair_subset,transfer,False,False,False,False,24.5,20.5,6.12468,0.5,0.07650000000000001,30.70118,18.0,subset_mismatch_base_plus_linear;local_clear_failure_floor_10;local_clear_and_aux_failure_floor_12;invalid_local_transfer_floor_18,deep/deep/deep/deep/deep,fast/deep/deep/deep/deep,mostly_deep_vs_mostly_deep_required,deep_on_fast_required,False,0,1,4,15,[mms_issue]airplane_mode_on|bad_network_preference|bad_wifi_calling|break_apn_mms_setting|break_app_both_permissions|data_mode_off|data_usage_exceeded|unseat_sim_card|user_abroad_roaming_enabled_off[PERSONA:Hard]
direct_multistage_exp3,29,2,target_post_switch,target_favoring,True,repair_all,repair_subset,False,False,True,False,15.0,11.0,7.83276,2.0,0.0758,22.90856,10.0,subset_mismatch_base_plus_linear;local_clear_failure_floor_10,deep/fast/deep/deep/deep,fast/deep/deep/deep/deep,mostly_deep_vs_mostly_deep_required,both_mismatch_types,False,1,1,3,14,[mms_issue]airplane_mode_on|bad_network_preference|bad_wifi_calling|break_apn_mms_setting|break_app_sms_permission|data_mode_off|unseat_sim_card|user_abroad_roaming_enabled_off[PERSONA:None]
direct_multistage_exp3,30,3,target_post_switch,target_favoring,False,repair_all,repair_all,True,True,True,True,0.0,0.0,7.57823,3.0,0.06470000000000001,7.64293,,,fast/deep/fast/fast/deep,fast/deep/deep/deep/deep,mostly_fast_vs_mostly_deep_required,fast_on_deep_required,False,2,0,3,12,[mms_issue]bad_wifi_calling|break_apn_mms_setting|break_app_storage_permission|unseat_sim_card[PERSONA:Easy]
direct_multistage_exp3,31,3,target_post_switch,target_favoring,False,repair_all,repair_all,True,True,True,True,0.0,0.0,4.60414,0.5,0.0748,4.67894,,,deep/deep/deep/deep/deep,fast/deep/deep/deep/deep,mostly_deep_vs_mostly_deep_required,deep_on_fast_required,False,0,1,4,13,[mms_issue]bad_wifi_calling|break_apn_mms_setting|break_app_sms_permission|unseat_sim_card[PERSONA:None]
direct_multistage_exp3,32,3,target_post_switch,target_favoring,False,repair_all,repair_all,True,True,True,True,0.0,0.0,4.006475,0.0,0.0741,4.080575,,,fast/deep/deep/deep/deep,fast/deep/deep/deep/deep,mostly_deep_vs_mostly_deep_required,all_stage_modes_match,True,0,0,5,12,[mms_issue]bad_wifi_calling|break_apn_mms_setting|break_app_sms_permission|user_abroad_roaming_enabled_off[PERSONA:Easy]
direct_multistage_exp3,33,3,target_post_switch,target_favoring,False,repair_all,repair_subset,False,False,False,False,14.0,5.0,10.0096,5.0,0.0621,24.0717,14.0,subset_mismatch_base_plus_linear;local_clear_failure_floor_10;local_clear_and_aux_failure_floor_12;fast_path_on_deep_required_clear_failure_floor_14,deep/fast/fast/fast/deep,fast/deep/deep/deep/deep,mostly_fast_vs_mostly_deep_required,both_mismatch_types,False,3,1,1,12,[mms_issue]airplane_mode_on|bad_wifi_calling|break_apn_mms_setting|break_app_storage_permission|user_abroad_roaming_enabled_off[PERSONA:None]
direct_multistage_exp3,34,3,target_post_switch,target_favoring,False,repair_all,repair_all,True,True,True,True,0.0,0.0,3.69172,0.0,0.0735,3.7652200000000002,,,fast/deep/deep/deep/deep,fast/deep/deep/deep/deep,mostly_deep_vs_mostly_deep_required,all_stage_modes_match,True,0,0,5,11,[mms_issue]bad_wifi_calling|break_apn_mms_setting|break_app_storage_permission|data_mode_off|unseat_sim_card[PERSONA:None]
direct_multistage_exp3,35,3,target_post_switch,target_favoring,False,repair_all,repair_all,True,True,True,True,0.0,0.0,5.78013,1.5,0.0711,5.85123,,,fast/fast/deep/deep/deep,fast/deep/deep/deep/deep,mostly_deep_vs_mostly_deep_required,fast_on_deep_required,False,1,0,4,11,[mms_issue]airplane_mode_on|bad_network_preference|bad_wifi_calling|break_apn_mms_setting|break_app_storage_permission|unseat_sim_card[PERSONA:Easy]
direct_multistage_exp3,36,3,target_post_switch,target_favoring,True,repair_subset,repair_subset,False,False,False,False,12.0,3.0,6.962365,1.5,0.0705,19.032865,12.0,subset_mismatch_base_plus_linear;local_clear_failure_floor_10;local_clear_and_aux_failure_floor_12,fast/fast/deep/deep/deep,fast/deep/deep/deep/deep,mostly_deep_vs_mostly_deep_required,fast_on_deep_required,False,1,0,4,12,[mms_issue]airplane_mode_on|bad_network_preference|bad_wifi_calling|break_apn_mms_setting|break_app_both_permissions|data_mode_off|data_usage_exceeded|unseat_sim_card|user_abroad_roaming_disabled_on[PERSONA:Hard]
direct_multistage_exp3,37,3,target_post_switch,target_favoring,True,repair_subset,transfer,False,False,False,False,22.5,18.5,4.958135,0.0,0.0735,27.531635,18.0,subset_mismatch_base_plus_linear;local_clear_failure_floor_10;local_clear_and_aux_failure_floor_12;invalid_local_transfer_floor_18,fast/deep/deep/deep/deep,fast/deep/deep/deep/deep,mostly_deep_vs_mostly_deep_required,all_stage_modes_match,True,0,0,5,13,[mms_issue]airplane_mode_on|bad_network_preference|bad_wifi_calling|break_apn_mms_setting|break_app_sms_permission|data_mode_off|data_usage_exceeded|unseat_sim_card|user_abroad_roaming_disabled_on[PERSONA:None]
direct_multistage_exp3,38,3,target_post_switch,target_favoring,True,repair_subset,repair_subset,False,False,False,False,17.0,13.0,6.817015,1.5,0.0676,23.884614999999997,12.0,subset_mismatch_base_plus_linear;local_clear_failure_floor_10;local_clear_and_aux_failure_floor_12,fast/fast/deep/deep/deep,fast/deep/deep/deep/deep,mostly_deep_vs_mostly_deep_required,fast_on_deep_required,False,1,0,4,12,[mms_issue]airplane_mode_on|bad_network_preference|bad_wifi_calling|break_apn_mms_setting|break_app_both_permissions|data_mode_off|data_usage_exceeded|unseat_sim_card|user_abroad_roaming_enabled_off[PERSONA:Hard]
direct_multistage_exp3,39,3,target_post_switch,target_favoring,True,repair_all,transfer,False,False,True,False,22.5,18.5,6.695275,1.5,0.0742,29.269475,18.0,subset_mismatch_base_plus_linear;local_clear_failure_floor_10;invalid_local_transfer_floor_18,fast/fast/deep/deep/deep,fast/deep/deep/deep/deep,mostly_deep_vs_mostly_deep_required,fast_on_deep_required,False,1,0,4,12,[mms_issue]airplane_mode_on|bad_network_preference|bad_wifi_calling|break_apn_mms_setting|break_app_sms_permission|data_mode_off|unseat_sim_card|user_abroad_roaming_enabled_off[PERSONA:None]
direct_multistage_exp3,40,4,target_post_switch,target_favoring,False,repair_all,repair_all,True,True,True,True,0.0,0.0,5.40292,0.5,0.07600000000000001,5.47892,,,deep/deep/deep/deep/deep,fast/deep/deep/deep/deep,mostly_deep_vs_mostly_deep_required,deep_on_fast_required,False,0,1,4,15,[mms_issue]bad_wifi_calling|break_apn_mms_setting|break_app_storage_permission|unseat_sim_card[PERSONA:Easy]
direct_multistage_exp3,41,4,target_post_switch,target_favoring,False,repair_all,repair_all,True,True,True,True,0.0,0.0,3.50659,0.0,0.06880000000000001,3.57539,,,fast/deep/deep/deep/deep,fast/deep/deep/deep/deep,mostly_deep_vs_mostly_deep_required,all_stage_modes_match,True,0,0,5,11,[mms_issue]bad_wifi_calling|break_apn_mms_setting|break_app_sms_permission|unseat_sim_card[PERSONA:None]
direct_multistage_exp3,42,4,target_post_switch,target_favoring,False,repair_all,repair_all,True,True,True,True,0.0,0.0,7.863695,3.5,0.0684,7.9320949999999995,,,deep/fast/fast/deep/deep,fast/deep/deep/deep/deep,mostly_deep_vs_mostly_deep_required,both_mismatch_types,False,2,1,2,12,[mms_issue]bad_wifi_calling|break_apn_mms_setting|break_app_sms_permission|user_abroad_roaming_enabled_off[PERSONA:Easy]
direct_multistage_exp3,43,4,target_post_switch,target_favoring,False,repair_all,repair_all,True,True,True,True,0.0,0.0,6.03402,1.5,0.0717,6.10572,,,fast/deep/deep/deep/fast,fast/deep/deep/deep/deep,mostly_deep_vs_mostly_deep_required,fast_on_deep_required,False,1,0,4,12,[mms_issue]airplane_mode_on|bad_wifi_calling|break_apn_mms_setting|break_app_storage_permission|user_abroad_roaming_enabled_off[PERSONA:None]
direct_multistage_exp3,44,4,target_post_switch,target_favoring,False,repair_all,repair_all,True,True,True,True,0.0,0.0,5.855055,0.5,0.0753,5.9303550000000005,,,deep/deep/deep/deep/deep,fast/deep/deep/deep/deep,mostly_deep_vs_mostly_deep_required,deep_on_fast_required,False,0,1,4,15,[mms_issue]bad_wifi_calling|break_apn_mms_setting|break_app_storage_permission|data_mode_off|unseat_sim_card[PERSONA:None]
direct_multistage_exp3,45,4,target_post_switch,target_favoring,False,repair_all,repair_subset,False,False,True,False,14.0,5.0,7.61856,3.0,0.06480000000000001,21.68336,14.0,subset_mismatch_base_plus_linear;local_clear_failure_floor_10;fast_path_on_deep_required_clear_failure_floor_14,fast/fast/fast/deep/deep,fast/deep/deep/deep/deep,mostly_fast_vs_mostly_deep_required,fast_on_deep_required,False,2,0,3,11,[mms_issue]airplane_mode_on|bad_network_preference|bad_wifi_calling|break_apn_mms_setting|break_app_storage_permission|unseat_sim_card[PERSONA:Easy]
direct_multistage_exp3,46,4,target_post_switch,target_favoring,True,repair_subset,repair_subset,True,True,False,False,6.0,2.0,5.109095,0.0,0.07780000000000001,11.186895,6.0,clear_but_aux_failure_floor_6,fast/deep/deep/deep/deep,fast/deep/deep/deep/deep,mostly_deep_vs_mostly_deep_required,all_stage_modes_match,True,0,0,5,13,[mms_issue]airplane_mode_on|bad_network_preference|bad_wifi_calling|break_apn_mms_setting|break_app_both_permissions|data_mode_off|data_usage_exceeded|unseat_sim_card|user_abroad_roaming_disabled_on[PERSONA:Hard]
direct_multistage_exp3,47,4,target_post_switch,target_favoring,True,repair_subset,transfer,False,False,False,False,23.5,19.5,6.0434,1.5,0.0725,29.615900000000003,18.0,subset_mismatch_base_plus_linear;local_clear_failure_floor_10;local_clear_and_aux_failure_floor_12;invalid_local_transfer_floor_18,fast/fast/deep/deep/deep,fast/deep/deep/deep/deep,mostly_deep_vs_mostly_deep_required,fast_on_deep_required,False,1,0,4,11,[mms_issue]airplane_mode_on|bad_network_preference|bad_wifi_calling|break_apn_mms_setting|break_app_sms_permission|data_mode_off|data_usage_exceeded|unseat_sim_card|user_abroad_roaming_disabled_on[PERSONA:None]
direct_multistage_exp3,48,4,target_post_switch,target_favoring,True,repair_subset,repair_subset,False,False,False,False,14.0,4.0,10.799745,4.5,0.05610000000000001,24.855845000000002,14.0,subset_mismatch_base_plus_linear;local_clear_failure_floor_10;local_clear_and_aux_failure_floor_12;fast_path_on_deep_required_clear_failure_floor_14,fast/deep/fast/fast/fast,fast/deep/deep/deep/deep,mostly_fast_vs_mostly_deep_required,fast_on_deep_required,False,3,0,2,12,[mms_issue]airplane_mode_on|bad_network_preference|bad_wifi_calling|break_apn_mms_setting|break_app_both_permissions|data_mode_off|data_usage_exceeded|unseat_sim_card|user_abroad_roaming_enabled_off[PERSONA:Hard]
direct_multistage_exp3,49,4,target_post_switch,target_favoring,True,repair_all,transfer,False,False,True,False,22.5,18.5,6.71236,1.5,0.06970000000000001,29.28206,18.0,subset_mismatch_base_plus_linear;local_clear_failure_floor_10;invalid_local_transfer_floor_18,fast/fast/deep/deep/deep,fast/deep/deep/deep/deep,mostly_deep_vs_mostly_deep_required,fast_on_deep_required,False,1,0,4,12,[mms_issue]airplane_mode_on|bad_network_preference|bad_wifi_calling|break_apn_mms_setting|break_app_sms_permission|data_mode_off|unseat_sim_card|user_abroad_roaming_enabled_off[PERSONA:None]
direct_multistage_exp3,50,5,target_post_switch,target_favoring,False,repair_all,repair_all,True,True,True,True,0.0,0.0,7.32275,3.0,0.0701,7.39285,,,fast/fast/fast/deep/deep,fast/deep/deep/deep/deep,mostly_fast_vs_mostly_deep_required,fast_on_deep_required,False,2,0,3,11,[mms_issue]bad_wifi_calling|break_apn_mms_setting|break_app_storage_permission|unseat_sim_card[PERSONA:Easy]
direct_multistage_exp3,51,5,target_post_switch,target_favoring,False,repair_all,repair_all,True,True,True,True,0.0,0.0,4.058665,0.0,0.07900000000000001,4.137665,,,fast/deep/deep/deep/deep,fast/deep/deep/deep/deep,mostly_deep_vs_mostly_deep_required,all_stage_modes_match,True,0,0,5,12,[mms_issue]bad_wifi_calling|break_apn_mms_setting|break_app_sms_permission|unseat_sim_card[PERSONA:None]
direct_multistage_exp3,52,5,target_post_switch,target_favoring,False,repair_all,repair_all,True,True,True,True,0.0,0.0,6.30369,1.5,0.0729,6.376589999999999,,,fast/deep/deep/fast/deep,fast/deep/deep/deep/deep,mostly_deep_vs_mostly_deep_required,fast_on_deep_required,False,1,0,4,13,[mms_issue]bad_wifi_calling|break_apn_mms_setting|break_app_sms_permission|user_abroad_roaming_enabled_off[PERSONA:Easy]
direct_multistage_exp3,53,5,target_post_switch,target_favoring,False,repair_all,repair_all,True,True,True,True,0.0,0.0,5.254735,0.5,0.0753,5.3300350000000005,,,deep/deep/deep/deep/deep,fast/deep/deep/deep/deep,mostly_deep_vs_mostly_deep_required,deep_on_fast_required,False,0,1,4,14,[mms_issue]airplane_mode_on|bad_wifi_calling|break_apn_mms_setting|break_app_storage_permission|user_abroad_roaming_enabled_off[PERSONA:None]
direct_multistage_exp3,54,5,target_post_switch,target_favoring,False,repair_all,repair_all,True,True,True,True,0.0,0.0,3.904475,0.0,0.0741,3.978575,,,fast/deep/deep/deep/deep,fast/deep/deep/deep/deep,mostly_deep_vs_mostly_deep_required,all_stage_modes_match,True,0,0,5,12,[mms_issue]bad_wifi_calling|break_apn_mms_setting|break_app_storage_permission|data_mode_off|unseat_sim_card[PERSONA:None]
direct_multistage_exp3,55,5,target_post_switch,target_favoring,False,repair_all,repair_subset,False,False,False,False,14.0,5.0,7.8248,3.0,0.06910000000000001,21.893900000000002,14.0,subset_mismatch_base_plus_linear;local_clear_failure_floor_10;local_clear_and_aux_failure_floor_12;fast_path_on_deep_required_clear_failure_floor_14,fast/fast/deep/fast/deep,fast/deep/deep/deep/deep,mostly_fast_vs_mostly_deep_required,fast_on_deep_required,False,2,0,3,11,[mms_issue]airplane_mode_on|bad_network_preference|bad_wifi_calling|break_apn_mms_setting|break_app_storage_permission|unseat_sim_card[PERSONA:Easy]
direct_multistage_exp3,56,5,target_post_switch,target_favoring,True,repair_subset,repair_subset,True,True,False,False,6.0,2.0,6.186985,0.5,0.07600000000000001,12.262985,6.0,clear_but_aux_failure_floor_6,deep/deep/deep/deep/deep,fast/deep/deep/deep/deep,mostly_deep_vs_mostly_deep_required,deep_on_fast_required,False,0,1,4,15,[mms_issue]airplane_mode_on|bad_network_preference|bad_wifi_calling|break_apn_mms_setting|break_app_both_permissions|data_mode_off|data_usage_exceeded|unseat_sim_card|user_abroad_roaming_disabled_on[PERSONA:Hard]
direct_multistage_exp3,57,5,target_post_switch,target_favoring,True,repair_subset,transfer,False,False,False,False,22.5,18.5,4.954395,0.0,0.07750000000000001,27.531895,18.0,subset_mismatch_base_plus_linear;local_clear_failure_floor_10;local_clear_and_aux_failure_floor_12;invalid_local_transfer_floor_18,fast/deep/deep/deep/deep,fast/deep/deep/deep/deep,mostly_deep_vs_mostly_deep_required,all_stage_modes_match,True,0,0,5,13,[mms_issue]airplane_mode_on|bad_network_preference|bad_wifi_calling|break_apn_mms_setting|break_app_sms_permission|data_mode_off|data_usage_exceeded|unseat_sim_card|user_abroad_roaming_disabled_on[PERSONA:None]
direct_multistage_exp3,58,5,target_post_switch,target_favoring,True,repair_subset,repair_subset,True,True,False,False,6.0,2.0,6.75816,1.5,0.0723,12.83046,6.0,clear_but_aux_failure_floor_6,fast/deep/deep/deep/fast,fast/deep/deep/deep/deep,mostly_deep_vs_mostly_deep_required,fast_on_deep_required,False,1,0,4,12,[mms_issue]airplane_mode_on|bad_network_preference|bad_wifi_calling|break_apn_mms_setting|break_app_both_permissions|data_mode_off|data_usage_exceeded|unseat_sim_card|user_abroad_roaming_enabled_off[PERSONA:Hard]
direct_multistage_exp3,59,5,target_post_switch,target_favoring,True,repair_all,transfer,False,False,True,False,22.5,18.5,7.793235,2.0,0.0695,30.362735,18.0,subset_mismatch_base_plus_linear;local_clear_failure_floor_10;invalid_local_transfer_floor_18,deep/fast/deep/deep/deep,fast/deep/deep/deep/deep,mostly_deep_vs_mostly_deep_required,both_mismatch_types,False,1,1,3,14,[mms_issue]airplane_mode_on|bad_network_preference|bad_wifi_calling|break_apn_mms_setting|break_app_sms_permission|data_mode_off|unseat_sim_card|user_abroad_roaming_enabled_off[PERSONA:None]
direct_multistage_exp3,60,6,target_post_switch,target_favoring,False,repair_all,repair_all,True,True,True,True,0.0,0.0,7.59165,3.0,0.0742,7.66585,,,fast/deep/fast/fast/deep,fast/deep/deep/deep/deep,mostly_fast_vs_mostly_deep_required,fast_on_deep_required,False,2,0,3,12,[mms_issue]bad_wifi_calling|break_apn_mms_setting|break_app_storage_permission|unseat_sim_card[PERSONA:Easy]
direct_multistage_exp3,61,6,target_post_switch,target_favoring,False,repair_all,repair_all,True,True,True,True,0.0,0.0,3.51645,0.0,0.0724,3.58885,,,fast/deep/deep/deep/deep,fast/deep/deep/deep/deep,mostly_deep_vs_mostly_deep_required,all_stage_modes_match,True,0,0,5,11,[mms_issue]bad_wifi_calling|break_apn_mms_setting|break_app_sms_permission|unseat_sim_card[PERSONA:None]
direct_multistage_exp3,62,6,target_post_switch,target_favoring,False,repair_all,repair_all,True,True,True,True,0.0,0.0,3.559885,0.0,0.07900000000000001,3.638885,,,fast/deep/deep/deep/deep,fast/deep/deep/deep/deep,mostly_deep_vs_mostly_deep_required,all_stage_modes_match,True,0,0,5,11,[mms_issue]bad_wifi_calling|break_apn_mms_setting|break_app_sms_permission|user_abroad_roaming_enabled_off[PERSONA:Easy]
direct_multistage_exp3,63,6,target_post_switch,target_favoring,False,repair_all,repair_all,True,True,True,True,0.0,0.0,5.54671,0.5,0.0753,5.62201,,,deep/deep/deep/deep/deep,fast/deep/deep/deep/deep,mostly_deep_vs_mostly_deep_required,deep_on_fast_required,False,0,1,4,15,[mms_issue]airplane_mode_on|bad_wifi_calling|break_apn_mms_setting|break_app_storage_permission|user_abroad_roaming_enabled_off[PERSONA:None]
direct_multistage_exp3,64,6,target_post_switch,target_favoring,False,repair_all,repair_all,True,True,True,True,0.0,0.0,3.934395,0.0,0.07750000000000001,4.011895,,,fast/deep/deep/deep/deep,fast/deep/deep/deep/deep,mostly_deep_vs_mostly_deep_required,all_stage_modes_match,True,0,0,5,12,[mms_issue]bad_wifi_calling|break_apn_mms_setting|break_app_storage_permission|data_mode_off|unseat_sim_card[PERSONA:None]
direct_multistage_exp3,65,6,target_post_switch,target_favoring,False,repair_all,repair_subset,False,False,False,False,14.0,5.0,8.26424,3.0,0.0599,22.32414,14.0,subset_mismatch_base_plus_linear;local_clear_failure_floor_10;local_clear_and_aux_failure_floor_12;fast_path_on_deep_required_clear_failure_floor_14,fast/deep/deep/fast/fast,fast/deep/deep/deep/deep,mostly_fast_vs_mostly_deep_required,fast_on_deep_required,False,2,0,3,12,[mms_issue]airplane_mode_on|bad_network_preference|bad_wifi_calling|break_apn_mms_setting|break_app_storage_permission|unseat_sim_card[PERSONA:Easy]
direct_multistage_exp3,66,6,target_post_switch,target_favoring,True,repair_subset,repair_subset,True,True,False,False,6.0,2.0,5.109435,0.0,0.07900000000000001,11.188435,6.0,clear_but_aux_failure_floor_6,fast/deep/deep/deep/deep,fast/deep/deep/deep/deep,mostly_deep_vs_mostly_deep_required,all_stage_modes_match,True,0,0,5,13,[mms_issue]airplane_mode_on|bad_network_preference|bad_wifi_calling|break_apn_mms_setting|break_app_both_permissions|data_mode_off|data_usage_exceeded|unseat_sim_card|user_abroad_roaming_disabled_on[PERSONA:Hard]
direct_multistage_exp3,67,6,target_post_switch,target_favoring,True,repair_subset,transfer,False,False,False,False,22.5,18.5,4.945895,0.0,0.07900000000000001,27.524895,18.0,subset_mismatch_base_plus_linear;local_clear_failure_floor_10;local_clear_and_aux_failure_floor_12;invalid_local_transfer_floor_18,fast/deep/deep/deep/deep,fast/deep/deep/deep/deep,mostly_deep_vs_mostly_deep_required,all_stage_modes_match,True,0,0,5,13,[mms_issue]airplane_mode_on|bad_network_preference|bad_wifi_calling|break_apn_mms_setting|break_app_sms_permission|data_mode_off|data_usage_exceeded|unseat_sim_card|user_abroad_roaming_disabled_on[PERSONA:None]
direct_multistage_exp3,68,6,target_post_switch,target_favoring,True,repair_subset,repair_subset,False,False,False,False,17.0,13.0,6.793895,1.5,0.071,23.864895,12.0,subset_mismatch_base_plus_linear;local_clear_failure_floor_10;local_clear_and_aux_failure_floor_12,fast/fast/deep/deep/deep,fast/deep/deep/deep/deep,mostly_deep_vs_mostly_deep_required,fast_on_deep_required,False,1,0,4,12,[mms_issue]airplane_mode_on|bad_network_preference|bad_wifi_calling|break_apn_mms_setting|break_app_both_permissions|data_mode_off|data_usage_exceeded|unseat_sim_card|user_abroad_roaming_enabled_off[PERSONA:Hard]
direct_multistage_exp3,69,6,target_post_switch,target_favoring,True,repair_all,repair_all,True,True,True,True,0.0,0.0,5.63652,0.0,0.06470000000000001,5.70122,,,fast/deep/deep/deep/deep,fast/deep/deep/deep/deep,mostly_deep_vs_mostly_deep_required,all_stage_modes_match,True,0,0,5,14,[mms_issue]airplane_mode_on|bad_network_preference|bad_wifi_calling|break_apn_mms_setting|break_app_sms_permission|data_mode_off|unseat_sim_card|user_abroad_roaming_enabled_off[PERSONA:None]
direct_multistage_exp3,70,7,target_post_switch,target_favoring,False,repair_all,repair_all,True,True,True,True,0.0,0.0,8.42739,3.5,0.06530000000000001,8.492690000000001,,,deep/fast/fast/deep/deep,fast/deep/deep/deep/deep,mostly_deep_vs_mostly_deep_required,both_mismatch_types,False,2,1,2,13,[mms_issue]bad_wifi_calling|break_apn_mms_setting|break_app_storage_permission|unseat_sim_card[PERSONA:Easy]
direct_multistage_exp3,71,7,target_post_switch,target_favoring,False,repair_all,repair_all,True,True,True,True,0.0,0.0,5.397105,0.5,0.0753,5.472405,,,deep/deep/deep/deep/deep,fast/deep/deep/deep/deep,mostly_deep_vs_mostly_deep_required,deep_on_fast_required,False,0,1,4,15,[mms_issue]bad_wifi_calling|break_apn_mms_setting|break_app_sms_permission|unseat_sim_card[PERSONA:None]
direct_multistage_exp3,72,7,target_post_switch,target_favoring,False,repair_all,repair_all,True,True,True,True,0.0,0.0,4.007835,0.0,0.07900000000000001,4.086835,,,fast/deep/deep/deep/deep,fast/deep/deep/deep/deep,mostly_deep_vs_mostly_deep_required,all_stage_modes_match,True,0,0,5,12,[mms_issue]bad_wifi_calling|break_apn_mms_setting|break_app_sms_permission|user_abroad_roaming_enabled_off[PERSONA:Easy]
direct_multistage_exp3,73,7,target_post_switch,target_favoring,False,repair_all,repair_all,True,True,True,True,0.0,0.0,5.155885,1.5,0.06480000000000001,5.220685,,,fast/fast/deep/deep/deep,fast/deep/deep/deep/deep,mostly_deep_vs_mostly_deep_required,fast_on_deep_required,False,1,0,4,10,[mms_issue]airplane_mode_on|bad_wifi_calling|break_apn_mms_setting|break_app_storage_permission|user_abroad_roaming_enabled_off[PERSONA:None]
direct_multistage_exp3,74,7,target_post_switch,target_favoring,False,repair_all,repair_all,True,True,True,True,0.0,0.0,5.736505,1.5,0.0722,5.808705,,,fast/fast/deep/deep/deep,fast/deep/deep/deep/deep,mostly_deep_vs_mostly_deep_required,fast_on_deep_required,False,1,0,4,11,[mms_issue]bad_wifi_calling|break_apn_mms_setting|break_app_storage_permission|data_mode_off|unseat_sim_card[PERSONA:None]
direct_multistage_exp3,75,7,target_post_switch,target_favoring,False,repair_all,repair_subset,False,False,True,False,10.0,5.0,6.388355,1.5,0.0704,16.458755,10.0,subset_mismatch_base_plus_linear;local_clear_failure_floor_10,fast/deep/fast/deep/deep,fast/deep/deep/deep/deep,mostly_deep_vs_mostly_deep_required,fast_on_deep_required,False,1,0,4,13,[mms_issue]airplane_mode_on|bad_network_preference|bad_wifi_calling|break_apn_mms_setting|break_app_storage_permission|unseat_sim_card[PERSONA:Easy]
direct_multistage_exp3,76,7,target_post_switch,target_favoring,True,repair_subset,repair_subset,False,False,False,False,14.0,9.0,8.814675,3.0,0.0716,22.886274999999998,14.0,subset_mismatch_base_plus_linear;local_clear_failure_floor_10;local_clear_and_aux_failure_floor_12;fast_path_on_deep_required_clear_failure_floor_14,fast/deep/deep/fast/fast,fast/deep/deep/deep/deep,mostly_fast_vs_mostly_deep_required,fast_on_deep_required,False,2,0,3,12,[mms_issue]airplane_mode_on|bad_network_preference|bad_wifi_calling|break_apn_mms_setting|break_app_both_permissions|data_mode_off|data_usage_exceeded|unseat_sim_card|user_abroad_roaming_disabled_on[PERSONA:Hard]
direct_multistage_exp3,77,7,target_post_switch,target_favoring,True,repair_subset,transfer,False,False,False,False,23.5,19.5,6.038725,1.5,0.07050000000000001,29.609225,18.0,subset_mismatch_base_plus_linear;local_clear_failure_floor_10;local_clear_and_aux_failure_floor_12;invalid_local_transfer_floor_18,fast/fast/deep/deep/deep,fast/deep/deep/deep/deep,mostly_deep_vs_mostly_deep_required,fast_on_deep_required,False,1,0,4,11,[mms_issue]airplane_mode_on|bad_network_preference|bad_wifi_calling|break_apn_mms_setting|break_app_sms_permission|data_mode_off|data_usage_exceeded|unseat_sim_card|user_abroad_roaming_disabled_on[PERSONA:None]
direct_multistage_exp3,78,7,target_post_switch,target_favoring,True,repair_subset,repair_subset,True,True,False,False,6.0,2.0,4.56909,0.0,0.0752,10.64429,6.0,clear_but_aux_failure_floor_6,fast/deep/deep/deep/deep,fast/deep/deep/deep/deep,mostly_deep_vs_mostly_deep_required,all_stage_modes_match,True,0,0,5,12,[mms_issue]airplane_mode_on|bad_network_preference|bad_wifi_calling|break_apn_mms_setting|break_app_both_permissions|data_mode_off|data_usage_exceeded|unseat_sim_card|user_abroad_roaming_enabled_off[PERSONA:Hard]
direct_multistage_exp3,79,7,target_post_switch,target_favoring,True,repair_all,repair_subset,False,False,True,False,15.0,11.0,11.164905,5.0,0.0598,26.224705,14.0,subset_mismatch_base_plus_linear;local_clear_failure_floor_10;fast_path_on_deep_required_clear_failure_floor_14,deep/fast/fast/deep/fast,fast/deep/deep/deep/deep,mostly_fast_vs_mostly_deep_required,both_mismatch_types,False,3,1,1,13,[mms_issue]airplane_mode_on|bad_network_preference|bad_wifi_calling|break_apn_mms_setting|break_app_sms_permission|data_mode_off|unseat_sim_card|user_abroad_roaming_enabled_off[PERSONA:None]
direct_multistage_exp3,80,8,target_post_switch,target_favoring,False,repair_all,repair_all,True,True,True,True,0.0,0.0,6.632,2.0,0.0691,6.701099999999999,,,deep/fast/deep/deep/deep,fast/deep/deep/deep/deep,mostly_deep_vs_mostly_deep_required,both_mismatch_types,False,1,1,3,13,[mms_issue]bad_wifi_calling|break_apn_mms_setting|break_app_storage_permission|unseat_sim_card[PERSONA:Easy]
direct_multistage_exp3,81,8,target_post_switch,target_favoring,False,repair_all,repair_all,True,True,True,True,0.0,0.0,4.842395,0.5,0.0748,4.9171949999999995,,,deep/deep/deep/deep/deep,fast/deep/deep/deep/deep,mostly_deep_vs_mostly_deep_required,deep_on_fast_required,False,0,1,4,14,[mms_issue]bad_wifi_calling|break_apn_mms_setting|break_app_sms_permission|unseat_sim_card[PERSONA:None]
direct_multistage_exp3,82,8,target_post_switch,target_favoring,False,repair_all,repair_all,True,True,True,True,0.0,0.0,6.11282,2.0,0.06820000000000001,6.18102,,,deep/fast/deep/deep/deep,fast/deep/deep/deep/deep,mostly_deep_vs_mostly_deep_required,both_mismatch_types,False,1,1,3,12,[mms_issue]bad_wifi_calling|break_apn_mms_setting|break_app_sms_permission|user_abroad_roaming_enabled_off[PERSONA:Easy]
direct_multistage_exp3,83,8,target_post_switch,target_favoring,False,repair_all,repair_subset,False,False,True,False,10.0,5.0,7.20527,2.0,0.0714,17.27667,10.0,subset_mismatch_base_plus_linear;local_clear_failure_floor_10,deep/fast/deep/deep/deep,fast/deep/deep/deep/deep,mostly_deep_vs_mostly_deep_required,both_mismatch_types,False,1,1,3,14,[mms_issue]airplane_mode_on|bad_wifi_calling|break_apn_mms_setting|break_app_storage_permission|user_abroad_roaming_enabled_off[PERSONA:None]
direct_multistage_exp3,84,8,target_post_switch,target_favoring,False,repair_all,transfer,False,False,False,False,18.5,14.5,10.482275,5.0,0.0632,29.045474999999996,18.0,subset_mismatch_base_plus_linear;local_clear_failure_floor_10;local_clear_and_aux_failure_floor_12;fast_path_on_deep_required_clear_failure_floor_14;invalid_local_transfer_floor_18,deep/fast/fast/fast/deep,fast/deep/deep/deep/deep,mostly_fast_vs_mostly_deep_required,both_mismatch_types,False,3,1,1,13,[mms_issue]bad_wifi_calling|break_apn_mms_setting|break_app_storage_permission|data_mode_off|unseat_sim_card[PERSONA:None]
direct_multistage_exp3,85,8,target_post_switch,target_favoring,False,repair_all,repair_subset,False,False,True,False,10.0,5.0,6.318095,1.5,0.07500000000000001,16.393095,10.0,subset_mismatch_base_plus_linear;local_clear_failure_floor_10,fast/fast/deep/deep/deep,fast/deep/deep/deep/deep,mostly_deep_vs_mostly_deep_required,fast_on_deep_required,False,1,0,4,12,[mms_issue]airplane_mode_on|bad_network_preference|bad_wifi_calling|break_apn_mms_setting|break_app_storage_permission|unseat_sim_card[PERSONA:Easy]
direct_multistage_exp3,86,8,target_post_switch,target_favoring,True,repair_subset,repair_subset,True,True,False,False,6.0,2.0,6.1036,0.5,0.0748,12.1784,6.0,clear_but_aux_failure_floor_6,deep/deep/deep/deep/deep,fast/deep/deep/deep/deep,mostly_deep_vs_mostly_deep_required,deep_on_fast_required,False,0,1,4,15,[mms_issue]airplane_mode_on|bad_network_preference|bad_wifi_calling|break_apn_mms_setting|break_app_both_permissions|data_mode_off|data_usage_exceeded|unseat_sim_card|user_abroad_roaming_disabled_on[PERSONA:Hard]
direct_multistage_exp3,87,8,target_post_switch,target_favoring,True,repair_subset,repair_subset,True,True,False,False,6.0,2.0,5.773285,0.0,0.0758,11.849084999999999,6.0,clear_but_aux_failure_floor_6,fast/deep/deep/deep/deep,fast/deep/deep/deep/deep,mostly_deep_vs_mostly_deep_required,all_stage_modes_match,True,0,0,5,14,[mms_issue]airplane_mode_on|bad_network_preference|bad_wifi_calling|break_apn_mms_setting|break_app_sms_permission|data_mode_off|data_usage_exceeded|unseat_sim_card|user_abroad_roaming_disabled_on[PERSONA:None]
direct_multistage_exp3,88,8,target_post_switch,target_favoring,True,repair_subset,repair_subset,True,True,False,False,6.0,2.0,5.67639,0.5,0.0748,11.75119,6.0,clear_but_aux_failure_floor_6,deep/deep/deep/deep/deep,fast/deep/deep/deep/deep,mostly_deep_vs_mostly_deep_required,deep_on_fast_required,False,0,1,4,14,[mms_issue]airplane_mode_on|bad_network_preference|bad_wifi_calling|break_apn_mms_setting|break_app_both_permissions|data_mode_off|data_usage_exceeded|unseat_sim_card|user_abroad_roaming_enabled_off[PERSONA:Hard]
direct_multistage_exp3,89,8,target_post_switch,target_favoring,True,repair_all,repair_all,True,True,True,True,0.0,0.0,6.73006,0.5,0.0753,6.80536,,,deep/deep/deep/deep/deep,fast/deep/deep/deep/deep,mostly_deep_vs_mostly_deep_required,deep_on_fast_required,False,0,1,4,16,[mms_issue]airplane_mode_on|bad_network_preference|bad_wifi_calling|break_apn_mms_setting|break_app_sms_permission|data_mode_off|unseat_sim_card|user_abroad_roaming_enabled_off[PERSONA:None]
direct_multistage_exp3,90,9,target_post_switch,target_favoring,False,repair_all,repair_all,True,True,True,True,0.0,0.0,5.49234,1.5,0.07640000000000001,5.56874,,,fast/fast/deep/deep/deep,fast/deep/deep/deep/deep,mostly_deep_vs_mostly_deep_required,fast_on_deep_required,False,1,0,4,11,[mms_issue]bad_wifi_calling|break_apn_mms_setting|break_app_storage_permission|unseat_sim_card[PERSONA:Easy]
direct_multistage_exp3,91,9,target_post_switch,target_favoring,False,repair_all,repair_all,True,True,True,True,0.0,0.0,7.335555,3.0,0.0646,7.400155000000001,,,fast/fast/fast/deep/deep,fast/deep/deep/deep/deep,mostly_fast_vs_mostly_deep_required,fast_on_deep_required,False,2,0,3,11,[mms_issue]bad_wifi_calling|break_apn_mms_setting|break_app_sms_permission|unseat_sim_card[PERSONA:None]
direct_multistage_exp3,92,9,target_post_switch,target_favoring,False,repair_all,repair_all,True,True,True,True,0.0,0.0,4.02526,0.0,0.0752,4.10046,,,fast/deep/deep/deep/deep,fast/deep/deep/deep/deep,mostly_deep_vs_mostly_deep_required,all_stage_modes_match,True,0,0,5,12,[mms_issue]bad_wifi_calling|break_apn_mms_setting|break_app_sms_permission|user_abroad_roaming_enabled_off[PERSONA:Easy]
direct_multistage_exp3,93,9,target_post_switch,target_favoring,False,repair_all,repair_all,True,True,True,True,0.0,0.0,5.062345,0.0,0.0758,5.138145,,,fast/deep/deep/deep/deep,fast/deep/deep/deep/deep,mostly_deep_vs_mostly_deep_required,all_stage_modes_match,True,0,0,5,14,[mms_issue]airplane_mode_on|bad_wifi_calling|break_apn_mms_setting|break_app_storage_permission|user_abroad_roaming_enabled_off[PERSONA:None]
direct_multistage_exp3,94,9,target_post_switch,target_favoring,False,repair_all,repair_all,True,True,True,True,0.0,0.0,7.48015,3.0,0.06480000000000001,7.54495,,,fast/fast/fast/deep/deep,fast/deep/deep/deep/deep,mostly_fast_vs_mostly_deep_required,fast_on_deep_required,False,2,0,3,11,[mms_issue]bad_wifi_calling|break_apn_mms_setting|break_app_storage_permission|data_mode_off|unseat_sim_card[PERSONA:None]
direct_multistage_exp3,95,9,target_post_switch,target_favoring,False,repair_all,repair_subset,False,False,False,False,12.0,7.0,6.31313,1.5,0.06780000000000001,18.38093,12.0,subset_mismatch_base_plus_linear;local_clear_failure_floor_10;local_clear_and_aux_failure_floor_12,fast/deep/deep/fast/deep,fast/deep/deep/deep/deep,mostly_deep_vs_mostly_deep_required,fast_on_deep_required,False,1,0,4,12,[mms_issue]airplane_mode_on|bad_network_preference|bad_wifi_calling|break_apn_mms_setting|break_app_storage_permission|unseat_sim_card[PERSONA:Easy]
direct_multistage_exp3,96,9,target_post_switch,target_favoring,True,repair_subset,transfer,False,False,False,False,22.5,18.5,5.024265,0.0,0.0758,27.600065,18.0,subset_mismatch_base_plus_linear;local_clear_failure_floor_10;local_clear_and_aux_failure_floor_12;invalid_local_transfer_floor_18,fast/deep/deep/deep/deep,fast/deep/deep/deep/deep,mostly_deep_vs_mostly_deep_required,all_stage_modes_match,True,0,0,5,13,[mms_issue]airplane_mode_on|bad_network_preference|bad_wifi_calling|break_apn_mms_setting|break_app_both_permissions|data_mode_off|data_usage_exceeded|unseat_sim_card|user_abroad_roaming_disabled_on[PERSONA:Hard]
direct_multistage_exp3,97,9,target_post_switch,target_favoring,True,repair_subset,transfer,False,False,False,False,22.5,18.5,4.971395,0.0,0.0752,27.546595,18.0,subset_mismatch_base_plus_linear;local_clear_failure_floor_10;local_clear_and_aux_failure_floor_12;invalid_local_transfer_floor_18,fast/deep/deep/deep/deep,fast/deep/deep/deep/deep,mostly_deep_vs_mostly_deep_required,all_stage_modes_match,True,0,0,5,13,[mms_issue]airplane_mode_on|bad_network_preference|bad_wifi_calling|break_apn_mms_setting|break_app_sms_permission|data_mode_off|data_usage_exceeded|unseat_sim_card|user_abroad_roaming_disabled_on[PERSONA:None]
direct_multistage_exp3,98,9,target_post_switch,target_favoring,True,repair_subset,repair_all,False,False,True,False,10.0,3.5,5.245605,0.0,0.0758,15.321404999999999,10.0,subset_mismatch_base_plus_linear;local_clear_failure_floor_10,fast/deep/deep/deep/deep,fast/deep/deep/deep/deep,mostly_deep_vs_mostly_deep_required,all_stage_modes_match,True,0,0,5,12,[mms_issue]airplane_mode_on|bad_network_preference|bad_wifi_calling|break_apn_mms_setting|break_app_both_permissions|data_mode_off|data_usage_exceeded|unseat_sim_card|user_abroad_roaming_enabled_off[PERSONA:Hard]
direct_multistage_exp3,99,9,target_post_switch,target_favoring,True,repair_all,transfer,False,False,True,False,22.5,18.5,6.032105,1.5,0.07010000000000001,28.602204999999998,18.0,subset_mismatch_base_plus_linear;local_clear_failure_floor_10;invalid_local_transfer_floor_18,fast/fast/deep/deep/deep,fast/deep/deep/deep/deep,mostly_deep_vs_mostly_deep_required,fast_on_deep_required,False,1,0,4,11,[mms_issue]airplane_mode_on|bad_network_preference|bad_wifi_calling|break_apn_mms_setting|break_app_sms_permission|data_mode_off|unseat_sim_card|user_abroad_roaming_enabled_off[PERSONA:None]
epsilon_exp3,0,0,trap_pre_switch,trap_favoring,False,repair_all,repair_all,True,True,True,True,0.0,0.0,5.483085,1.5,0.0655,5.548585,,,fast/fast/deep/deep/deep,fast/fast/fast/fast/fast,mostly_deep_vs_mostly_fast_required,deep_on_fast_required,False,0,3,2,10,[mms_issue]airplane_mode_on|bad_wifi_calling|break_app_storage_permission[PERSONA:Easy]
epsilon_exp3,1,0,trap_pre_switch,trap_favoring,False,repair_all,repair_all,True,True,True,True,0.0,0.0,5.727825,1.5,0.063,5.790825,,,deep/fast/deep/deep/fast,fast/fast/fast/fast/fast,mostly_deep_vs_mostly_fast_required,deep_on_fast_required,False,0,3,2,12,[mms_issue]airplane_mode_on|bad_wifi_calling|break_app_sms_permission[PERSONA:None]
epsilon_exp3,2,0,trap_pre_switch,trap_favoring,False,repair_all,repair_all,True,True,True,True,0.0,0.0,9.118355,1.5,0.0591,9.177455,,,fast/deep/deep/deep/fast,fast/fast/fast/fast/fast,mostly_deep_vs_mostly_fast_required,deep_on_fast_required,False,0,3,2,18,[mms_issue]bad_wifi_calling[PERSONA:Easy]
epsilon_exp3,3,0,trap_pre_switch,trap_favoring,False,repair_all,repair_all,True,True,True,True,0.0,0.0,6.951465,2.0,0.0777,7.029165,,,fast/deep/deep/deep/deep,fast/fast/fast/fast/fast,mostly_deep_vs_mostly_fast_required,deep_on_fast_required,False,0,4,1,13,[mms_issue]bad_wifi_calling|break_app_storage_permission[PERSONA:Easy]
epsilon_exp3,4,0,trap_pre_switch,trap_favoring,False,repair_all,repair_all,True,True,True,True,0.0,0.0,15.847705,2.5,0.07600000000000001,15.923705,,,deep/deep/deep/deep/deep,fast/fast/fast/fast/fast,mostly_deep_vs_mostly_fast_required,deep_on_fast_required,False,0,5,0,25,[mms_issue]bad_wifi_calling|break_app_sms_permission[PERSONA:None]
epsilon_exp3,5,0,trap_pre_switch,trap_favoring,False,repair_all,repair_all,True,True,True,True,0.0,0.0,7.4542,2.5,0.0753,7.5295000000000005,,,deep/deep/deep/deep/deep,fast/fast/fast/fast/fast,mostly_deep_vs_mostly_fast_required,deep_on_fast_required,False,0,5,0,13,[mms_issue]bad_network_preference|bad_wifi_calling|break_app_storage_permission[PERSONA:Hard]
epsilon_exp3,6,0,trap_pre_switch,trap_favoring,False,repair_all,repair_all,True,True,True,True,0.0,0.0,6.536285,2.0,0.0702,6.606485,,,deep/fast/deep/deep/deep,fast/fast/fast/fast/fast,mostly_deep_vs_mostly_fast_required,deep_on_fast_required,False,0,4,1,12,[mms_issue]bad_wifi_calling|break_app_sms_permission|data_mode_off[PERSONA:None]
epsilon_exp3,7,0,trap_pre_switch,trap_favoring,False,repair_all,repair_all,True,True,True,True,0.0,0.0,5.4326,1.5,0.0736,5.5062,,,fast/fast/deep/deep/deep,fast/fast/fast/fast/fast,mostly_deep_vs_mostly_fast_required,deep_on_fast_required,False,0,3,2,10,[mms_issue]bad_network_preference|bad_wifi_calling|break_app_sms_permission[PERSONA:Easy]
epsilon_exp3,8,0,trap_pre_switch,trap_favoring,False,repair_all,repair_all,True,True,True,True,0.0,0.0,5.439045,1.5,0.0703,5.509345,,,fast/fast/deep/deep/deep,fast/fast/fast/fast/fast,mostly_deep_vs_mostly_fast_required,deep_on_fast_required,False,0,3,2,10,[mms_issue]bad_wifi_calling|break_app_storage_permission|data_mode_off[PERSONA:Easy]
epsilon_exp3,9,0,trap_pre_switch,trap_favoring,False,repair_all,repair_all,True,True,True,True,0.0,0.0,6.303935,2.0,0.07020000000000001,6.374135,,,deep/fast/deep/deep/deep,fast/fast/fast/fast/fast,mostly_deep_vs_mostly_fast_required,deep_on_fast_required,False,0,4,1,12,[mms_issue]airplane_mode_on|bad_wifi_calling[PERSONA:Easy]
epsilon_exp3,10,1,trap_pre_switch,trap_favoring,False,repair_all,repair_all,True,True,True,True,0.0,0.0,7.05708,2.0,0.0732,7.13028,,,fast/deep/deep/deep/deep,fast/fast/fast/fast/fast,mostly_deep_vs_mostly_fast_required,deep_on_fast_required,False,0,4,1,13,[mms_issue]airplane_mode_on|bad_wifi_calling|break_app_storage_permission[PERSONA:Easy]
epsilon_exp3,11,1,trap_pre_switch,trap_favoring,False,repair_all,repair_all,True,True,True,True,0.0,0.0,4.70949,1.0,0.0586,4.76809,,,fast/fast/fast/deep/deep,fast/fast/fast/fast/fast,mostly_fast_vs_mostly_fast_required,deep_on_fast_required,False,0,2,3,10,[mms_issue]airplane_mode_on|bad_wifi_calling|break_app_sms_permission[PERSONA:None]
epsilon_exp3,12,1,trap_pre_switch,trap_favoring,False,repair_all,repair_all,True,True,True,True,0.0,0.0,10.45171,2.0,0.06570000000000001,10.51741,,,deep/fast/deep/deep/deep,fast/fast/fast/fast/fast,mostly_deep_vs_mostly_fast_required,deep_on_fast_required,False,0,4,1,19,[mms_issue]bad_wifi_calling[PERSONA:Easy]
epsilon_exp3,13,1,trap_pre_switch,trap_favoring,False,repair_all,repair_all,True,True,True,True,0.0,0.0,5.34887,1.0,0.0659,5.41477,,,fast/deep/fast/fast/deep,fast/fast/fast/fast/fast,mostly_fast_vs_mostly_fast_required,deep_on_fast_required,False,0,2,3,13,[mms_issue]bad_wifi_calling|break_app_storage_permission[PERSONA:Easy]
epsilon_exp3,14,1,trap_pre_switch,trap_favoring,False,repair_all,repair_all,True,True,True,True,0.0,0.0,4.988775,1.0,0.06760000000000001,5.056375,,,fast/fast/fast/deep/deep,fast/fast/fast/fast/fast,mostly_fast_vs_mostly_fast_required,deep_on_fast_required,False,0,2,3,11,[mms_issue]bad_wifi_calling|break_app_sms_permission[PERSONA:None]
epsilon_exp3,15,1,trap_pre_switch,trap_favoring,False,repair_all,repair_all,True,True,True,True,0.0,0.0,4.688995,1.0,0.06949999999999999,4.758495,,,fast/deep/fast/fast/deep,fast/fast/fast/fast/fast,mostly_fast_vs_mostly_fast_required,deep_on_fast_required,False,0,2,3,11,[mms_issue]bad_network_preference|bad_wifi_calling|break_app_storage_permission[PERSONA:Hard]
epsilon_exp3,16,1,trap_pre_switch,trap_favoring,False,repair_all,repair_all,True,True,True,True,0.0,0.0,6.528465,2.0,0.0695,6.597964999999999,,,deep/fast/deep/deep/deep,fast/fast/fast/fast/fast,mostly_deep_vs_mostly_fast_required,deep_on_fast_required,False,0,4,1,12,[mms_issue]bad_wifi_calling|break_app_sms_permission|data_mode_off[PERSONA:None]
epsilon_exp3,17,1,trap_pre_switch,trap_favoring,False,repair_all,repair_all,True,True,True,True,0.0,0.0,6.36915,2.0,0.0758,6.44495,,,fast/deep/deep/deep/deep,fast/fast/fast/fast/fast,mostly_deep_vs_mostly_fast_required,deep_on_fast_required,False,0,4,1,11,[mms_issue]bad_network_preference|bad_wifi_calling|break_app_sms_permission[PERSONA:Easy]
epsilon_exp3,18,1,trap_pre_switch,trap_favoring,False,repair_all,repair_all,True,True,True,True,0.0,0.0,5.854495,1.5,0.06899999999999999,5.923495,,,deep/fast/fast/deep/deep,fast/fast/fast/fast/fast,mostly_deep_vs_mostly_fast_required,deep_on_fast_required,False,0,3,2,12,[mms_issue]bad_wifi_calling|break_app_storage_permission|data_mode_off[PERSONA:Easy]
epsilon_exp3,19,1,trap_pre_switch,trap_favoring,False,repair_all,repair_all,True,True,True,True,0.0,0.0,10.33603,1.5,0.0671,10.403129999999999,,,deep/fast/fast/deep/deep,fast/fast/fast/fast/fast,mostly_deep_vs_mostly_fast_required,deep_on_fast_required,False,0,3,2,19,[mms_issue]airplane_mode_on|bad_wifi_calling[PERSONA:Easy]
epsilon_exp3,20,2,trap_pre_switch,trap_favoring,False,repair_all,repair_all,True,True,True,True,0.0,0.0,4.71828,1.0,0.0731,4.79138,,,fast/fast/fast/deep/deep,fast/fast/fast/fast/fast,mostly_fast_vs_mostly_fast_required,deep_on_fast_required,False,0,2,3,10,[mms_issue]airplane_mode_on|bad_wifi_calling|break_app_storage_permission[PERSONA:Easy]
epsilon_exp3,21,2,trap_pre_switch,trap_favoring,False,repair_all,repair_all,True,True,True,True,0.0,0.0,6.68477,2.0,0.07590000000000001,6.76067,,,fast/deep/deep/deep/deep,fast/fast/fast/fast/fast,mostly_deep_vs_mostly_fast_required,deep_on_fast_required,False,0,4,1,12,[mms_issue]airplane_mode_on|bad_wifi_calling|break_app_sms_permission[PERSONA:None]
epsilon_exp3,22,2,trap_pre_switch,trap_favoring,False,repair_all,repair_all,True,True,True,True,0.0,0.0,10.90282,2.0,0.0735,10.97632,,,fast/deep/deep/deep/deep,fast/fast/fast/fast/fast,mostly_deep_vs_mostly_fast_required,deep_on_fast_required,False,0,4,1,18,[mms_issue]bad_wifi_calling[PERSONA:Easy]
epsilon_exp3,23,2,trap_pre_switch,trap_favoring,False,repair_all,repair_all,True,True,True,True,0.0,0.0,6.74527,2.0,0.0799,6.82517,,,fast/deep/deep/deep/deep,fast/fast/fast/fast/fast,mostly_deep_vs_mostly_fast_required,deep_on_fast_required,False,0,4,1,12,[mms_issue]bad_wifi_calling|break_app_storage_permission[PERSONA:Easy]
epsilon_exp3,24,2,trap_pre_switch,trap_favoring,False,repair_all,repair_all,True,True,True,True,0.0,0.0,5.006025,1.0,0.0661,5.072125,,,fast/fast/fast/deep/deep,fast/fast/fast/fast/fast,mostly_fast_vs_mostly_fast_required,deep_on_fast_required,False,0,2,3,11,[mms_issue]bad_wifi_calling|break_app_sms_permission[PERSONA:None]
epsilon_exp3,25,2,target_post_switch,target_favoring,False,repair_all,repair_all,True,True,True,True,0.0,0.0,7.072545,2.0,0.0651,7.137645,,,deep/fast/deep/deep/deep,fast/deep/deep/deep/deep,mostly_deep_vs_mostly_deep_required,both_mismatch_types,False,1,1,3,13,[mms_issue]airplane_mode_on|bad_network_preference|bad_wifi_calling|break_apn_mms_setting|break_app_storage_permission|unseat_sim_card[PERSONA:Easy]
epsilon_exp3,26,2,target_post_switch,target_favoring,True,repair_subset,repair_subset,False,False,False,False,12.0,3.0,8.06652,2.0,0.0708,20.137320000000003,12.0,subset_mismatch_base_plus_linear;local_clear_failure_floor_10;local_clear_and_aux_failure_floor_12,deep/fast/deep/deep/deep,fast/deep/deep/deep/deep,mostly_deep_vs_mostly_deep_required,both_mismatch_types,False,1,1,3,14,[mms_issue]airplane_mode_on|bad_network_preference|bad_wifi_calling|break_apn_mms_setting|break_app_both_permissions|data_mode_off|data_usage_exceeded|unseat_sim_card|user_abroad_roaming_disabled_on[PERSONA:Hard]
epsilon_exp3,27,2,target_post_switch,target_favoring,True,repair_subset,repair_subset,True,True,False,False,6.0,2.0,5.01194,0.0,0.0752,11.08714,6.0,clear_but_aux_failure_floor_6,fast/deep/deep/deep/deep,fast/deep/deep/deep/deep,mostly_deep_vs_mostly_deep_required,all_stage_modes_match,True,0,0,5,13,[mms_issue]airplane_mode_on|bad_network_preference|bad_wifi_calling|break_apn_mms_setting|break_app_sms_permission|data_mode_off|data_usage_exceeded|unseat_sim_card|user_abroad_roaming_disabled_on[PERSONA:None]
epsilon_exp3,28,2,target_post_switch,target_favoring,True,repair_subset,repair_all,False,False,True,False,10.0,3.5,5.3839,0.0,0.07750000000000001,15.461400000000001,10.0,subset_mismatch_base_plus_linear;local_clear_failure_floor_10,fast/deep/deep/deep/deep,fast/deep/deep/deep/deep,mostly_deep_vs_mostly_deep_required,all_stage_modes_match,True,0,0,5,13,[mms_issue]airplane_mode_on|bad_network_preference|bad_wifi_calling|break_apn_mms_setting|break_app_both_permissions|data_mode_off|data_usage_exceeded|unseat_sim_card|user_abroad_roaming_enabled_off[PERSONA:Hard]
epsilon_exp3,29,2,target_post_switch,target_favoring,True,repair_all,repair_all,True,True,True,True,0.0,0.0,9.253615,3.5,0.0613,9.314915,,,deep/fast/fast/deep/deep,fast/deep/deep/deep/deep,mostly_deep_vs_mostly_deep_required,both_mismatch_types,False,2,1,2,13,[mms_issue]airplane_mode_on|bad_network_preference|bad_wifi_calling|break_apn_mms_setting|break_app_sms_permission|data_mode_off|unseat_sim_card|user_abroad_roaming_enabled_off[PERSONA:None]
epsilon_exp3,30,3,target_post_switch,target_favoring,False,repair_all,repair_all,True,True,True,True,0.0,0.0,5.53382,1.5,0.0722,5.60602,,,fast/fast/deep/deep/deep,fast/deep/deep/deep/deep,mostly_deep_vs_mostly_deep_required,fast_on_deep_required,False,1,0,4,11,[mms_issue]bad_wifi_calling|break_apn_mms_setting|break_app_storage_permission|unseat_sim_card[PERSONA:Easy]
epsilon_exp3,31,3,target_post_switch,target_favoring,False,repair_all,repair_all,True,True,True,True,0.0,0.0,5.353925,0.5,0.0772,5.431125000000001,,,deep/deep/deep/deep/deep,fast/deep/deep/deep/deep,mostly_deep_vs_mostly_deep_required,deep_on_fast_required,False,0,1,4,15,[mms_issue]bad_wifi_calling|break_apn_mms_setting|break_app_sms_permission|unseat_sim_card[PERSONA:None]
epsilon_exp3,32,3,target_post_switch,target_favoring,False,repair_all,repair_all,True,True,True,True,0.0,0.0,5.46327,1.5,0.07840000000000001,5.54167,,,fast/fast/deep/deep/deep,fast/deep/deep/deep/deep,mostly_deep_vs_mostly_deep_required,fast_on_deep_required,False,1,0,4,11,[mms_issue]bad_wifi_calling|break_apn_mms_setting|break_app_sms_permission|user_abroad_roaming_enabled_off[PERSONA:Easy]
epsilon_exp3,33,3,target_post_switch,target_favoring,False,repair_all,repair_all,True,True,True,True,0.0,0.0,4.26377,0.0,0.07900000000000001,4.34277,,,fast/deep/deep/deep/deep,fast/deep/deep/deep/deep,mostly_deep_vs_mostly_deep_required,all_stage_modes_match,True,0,0,5,12,[mms_issue]airplane_mode_on|bad_wifi_calling|break_apn_mms_setting|break_app_storage_permission|user_abroad_roaming_enabled_off[PERSONA:None]
epsilon_exp3,34,3,target_post_switch,target_favoring,False,repair_all,repair_all,True,True,True,True,0.0,0.0,7.74514,3.0,0.06910000000000001,7.81424,,,fast/fast/deep/fast/deep,fast/deep/deep/deep/deep,mostly_fast_vs_mostly_deep_required,fast_on_deep_required,False,2,0,3,11,[mms_issue]bad_wifi_calling|break_apn_mms_setting|break_app_storage_permission|data_mode_off|unseat_sim_card[PERSONA:None]
epsilon_exp3,35,3,target_post_switch,target_favoring,False,repair_all,repair_all,True,True,True,True,0.0,0.0,6.90335,0.5,0.0772,6.98055,,,deep/deep/deep/deep/deep,fast/deep/deep/deep/deep,mostly_deep_vs_mostly_deep_required,deep_on_fast_required,False,0,1,4,17,[mms_issue]airplane_mode_on|bad_network_preference|bad_wifi_calling|break_apn_mms_setting|break_app_storage_permission|unseat_sim_card[PERSONA:Easy]
epsilon_exp3,36,3,target_post_switch,target_favoring,True,repair_subset,repair_subset,False,False,False,False,14.0,5.0,10.136315,4.5,0.0641,24.200415,14.0,subset_mismatch_base_plus_linear;local_clear_failure_floor_10;local_clear_and_aux_failure_floor_12;fast_path_on_deep_required_clear_failure_floor_14,fast/fast/fast/fast/deep,fast/deep/deep/deep/deep,mostly_fast_vs_mostly_deep_required,fast_on_deep_required,False,3,0,2,11,[mms_issue]airplane_mode_on|bad_network_preference|bad_wifi_calling|break_apn_mms_setting|break_app_both_permissions|data_mode_off|data_usage_exceeded|unseat_sim_card|user_abroad_roaming_disabled_on[PERSONA:Hard]
epsilon_exp3,37,3,target_post_switch,target_favoring,True,repair_subset,transfer,False,False,False,False,22.5,18.5,4.962895,0.0,0.0758,27.538695,18.0,subset_mismatch_base_plus_linear;local_clear_failure_floor_10;local_clear_and_aux_failure_floor_12;invalid_local_transfer_floor_18,fast/deep/deep/deep/deep,fast/deep/deep/deep/deep,mostly_deep_vs_mostly_deep_required,all_stage_modes_match,True,0,0,5,13,[mms_issue]airplane_mode_on|bad_network_preference|bad_wifi_calling|break_apn_mms_setting|break_app_sms_permission|data_mode_off|data_usage_exceeded|unseat_sim_card|user_abroad_roaming_disabled_on[PERSONA:None]
epsilon_exp3,38,3,target_post_switch,target_favoring,True,repair_subset,repair_subset,False,False,False,False,17.0,13.0,6.800355,1.5,0.0725,23.872855,12.0,subset_mismatch_base_plus_linear;local_clear_failure_floor_10;local_clear_and_aux_failure_floor_12,fast/fast/deep/deep/deep,fast/deep/deep/deep/deep,mostly_deep_vs_mostly_deep_required,fast_on_deep_required,False,1,0,4,12,[mms_issue]airplane_mode_on|bad_network_preference|bad_wifi_calling|break_apn_mms_setting|break_app_both_permissions|data_mode_off|data_usage_exceeded|unseat_sim_card|user_abroad_roaming_enabled_off[PERSONA:Hard]
epsilon_exp3,39,3,target_post_switch,target_favoring,True,repair_all,repair_all,True,True,True,True,0.0,0.0,6.89018,1.5,0.0661,6.95628,,,fast/fast/deep/deep/deep,fast/deep/deep/deep/deep,mostly_deep_vs_mostly_deep_required,fast_on_deep_required,False,1,0,4,12,[mms_issue]airplane_mode_on|bad_network_preference|bad_wifi_calling|break_apn_mms_setting|break_app_sms_permission|data_mode_off|unseat_sim_card|user_abroad_roaming_enabled_off[PERSONA:None]
epsilon_exp3,40,4,target_post_switch,target_favoring,False,repair_all,repair_all,True,True,True,True,0.0,0.0,4.28604,0.0,0.0741,4.3601399999999995,,,fast/deep/deep/deep/deep,fast/deep/deep/deep/deep,mostly_deep_vs_mostly_deep_required,all_stage_modes_match,True,0,0,5,13,[mms_issue]bad_wifi_calling|break_apn_mms_setting|break_app_storage_permission|unseat_sim_card[PERSONA:Easy]
epsilon_exp3,41,4,target_post_switch,target_favoring,False,repair_all,repair_all,True,True,True,True,0.0,0.0,5.50652,1.5,0.07010000000000001,5.57662,,,fast/deep/fast/deep/deep,fast/deep/deep/deep/deep,mostly_deep_vs_mostly_deep_required,fast_on_deep_required,False,1,0,4,12,[mms_issue]bad_wifi_calling|break_apn_mms_setting|break_app_sms_permission|unseat_sim_card[PERSONA:None]
epsilon_exp3,42,4,target_post_switch,target_favoring,False,repair_all,repair_all,True,True,True,True,0.0,0.0,6.080775,1.5,0.0729,6.153675,,,fast/deep/deep/fast/deep,fast/deep/deep/deep/deep,mostly_deep_vs_mostly_deep_required,fast_on_deep_required,False,1,0,4,12,[mms_issue]bad_wifi_calling|break_apn_mms_setting|break_app_sms_permission|user_abroad_roaming_enabled_off[PERSONA:Easy]
epsilon_exp3,43,4,target_post_switch,target_favoring,False,repair_all,repair_all,True,True,True,True,0.0,0.0,5.155885,1.5,0.0684,5.224284999999999,,,fast/fast/deep/deep/deep,fast/deep/deep/deep/deep,mostly_deep_vs_mostly_deep_required,fast_on_deep_required,False,1,0,4,10,[mms_issue]airplane_mode_on|bad_wifi_calling|break_apn_mms_setting|break_app_storage_permission|user_abroad_roaming_enabled_off[PERSONA:None]
epsilon_exp3,44,4,target_post_switch,target_favoring,False,repair_all,repair_all,True,True,True,True,0.0,0.0,4.97777,0.0,0.08080000000000001,5.05857,,,fast/deep/deep/deep/deep,fast/deep/deep/deep/deep,mostly_deep_vs_mostly_deep_required,all_stage_modes_match,True,0,0,5,14,[mms_issue]bad_wifi_calling|break_apn_mms_setting|break_app_storage_permission|data_mode_off|unseat_sim_card[PERSONA:None]
epsilon_exp3,45,4,target_post_switch,target_favoring,False,repair_all,repair_subset,False,False,False,False,12.0,5.0,6.571985,1.5,0.07780000000000001,18.649785,12.0,subset_mismatch_base_plus_linear;local_clear_failure_floor_10;local_clear_and_aux_failure_floor_12,fast/deep/deep/fast/deep,fast/deep/deep/deep/deep,mostly_deep_vs_mostly_deep_required,fast_on_deep_required,False,1,0,4,13,[mms_issue]airplane_mode_on|bad_network_preference|bad_wifi_calling|break_apn_mms_setting|break_app_storage_permission|unseat_sim_card[PERSONA:Easy]
epsilon_exp3,46,4,target_post_switch,target_favoring,True,repair_subset,repair_subset,False,False,False,False,12.0,3.0,7.576495,2.0,0.0758,19.652295,12.0,subset_mismatch_base_plus_linear;local_clear_failure_floor_10;local_clear_and_aux_failure_floor_12,deep/fast/deep/deep/deep,fast/deep/deep/deep/deep,mostly_deep_vs_mostly_deep_required,both_mismatch_types,False,1,1,3,13,[mms_issue]airplane_mode_on|bad_network_preference|bad_wifi_calling|break_apn_mms_setting|break_app_both_permissions|data_mode_off|data_usage_exceeded|unseat_sim_card|user_abroad_roaming_disabled_on[PERSONA:Hard]
epsilon_exp3,47,4,target_post_switch,target_favoring,True,repair_subset,transfer,False,False,False,False,23.5,19.5,9.31247,4.5,0.061900000000000004,32.87437,18.0,subset_mismatch_base_plus_linear;local_clear_failure_floor_10;local_clear_and_aux_failure_floor_12;fast_path_on_deep_required_clear_failure_floor_14;invalid_local_transfer_floor_18,fast/fast/fast/deep/fast,fast/deep/deep/deep/deep,mostly_fast_vs_mostly_deep_required,fast_on_deep_required,False,3,0,2,10,[mms_issue]airplane_mode_on|bad_network_preference|bad_wifi_calling|break_apn_mms_setting|break_app_sms_permission|data_mode_off|data_usage_exceeded|unseat_sim_card|user_abroad_roaming_disabled_on[PERSONA:None]
epsilon_exp3,48,4,target_post_switch,target_favoring,True,repair_subset,repair_subset,False,False,False,False,17.0,13.0,6.795935,1.5,0.07310000000000001,23.869035,12.0,subset_mismatch_base_plus_linear;local_clear_failure_floor_10;local_clear_and_aux_failure_floor_12,fast/fast/deep/deep/deep,fast/deep/deep/deep/deep,mostly_deep_vs_mostly_deep_required,fast_on_deep_required,False,1,0,4,12,[mms_issue]airplane_mode_on|bad_network_preference|bad_wifi_calling|break_apn_mms_setting|break_app_both_permissions|data_mode_off|data_usage_exceeded|unseat_sim_card|user_abroad_roaming_enabled_off[PERSONA:Hard]
epsilon_exp3,49,4,target_post_switch,target_favoring,True,repair_all,repair_all,True,True,True,True,0.0,0.0,6.19286,0.5,0.07750000000000001,6.270359999999999,,,deep/deep/deep/deep/deep,fast/deep/deep/deep/deep,mostly_deep_vs_mostly_deep_required,deep_on_fast_required,False,0,1,4,15,[mms_issue]airplane_mode_on|bad_network_preference|bad_wifi_calling|break_apn_mms_setting|break_app_sms_permission|data_mode_off|unseat_sim_card|user_abroad_roaming_enabled_off[PERSONA:None]
epsilon_exp3,50,5,target_post_switch,target_favoring,False,repair_all,repair_all,True,True,True,True,0.0,0.0,6.63098,2.0,0.0736,6.70458,,,deep/fast/deep/deep/deep,fast/deep/deep/deep/deep,mostly_deep_vs_mostly_deep_required,both_mismatch_types,False,1,1,3,13,[mms_issue]bad_wifi_calling|break_apn_mms_setting|break_app_storage_permission|unseat_sim_card[PERSONA:Easy]
epsilon_exp3,51,5,target_post_switch,target_favoring,False,repair_all,repair_all,True,True,True,True,0.0,0.0,7.321615,3.0,0.06920000000000001,7.390815000000001,,,fast/fast/fast/deep/deep,fast/deep/deep/deep/deep,mostly_fast_vs_mostly_deep_required,fast_on_deep_required,False,2,0,3,11,[mms_issue]bad_wifi_calling|break_apn_mms_setting|break_app_sms_permission|unseat_sim_card[PERSONA:None]
epsilon_exp3,52,5,target_post_switch,target_favoring,False,repair_all,repair_all,True,True,True,True,0.0,0.0,9.466815,3.0,0.0661,9.532915000000001,,,fast/fast/fast/deep/deep,fast/deep/deep/deep/deep,mostly_fast_vs_mostly_deep_required,fast_on_deep_required,False,2,0,3,15,[mms_issue]bad_wifi_calling|break_apn_mms_setting|break_app_sms_permission|user_abroad_roaming_enabled_off[PERSONA:Easy]
epsilon_exp3,53,5,target_post_switch,target_favoring,False,repair_all,repair_subset,False,False,True,False,14.0,5.0,7.522145,3.0,0.06870000000000001,21.590845,14.0,subset_mismatch_base_plus_linear;local_clear_failure_floor_10;fast_path_on_deep_required_clear_failure_floor_14,fast/fast/deep/deep/fast,fast/deep/deep/deep/deep,mostly_fast_vs_mostly_deep_required,fast_on_deep_required,False,2,0,3,11,[mms_issue]airplane_mode_on|bad_wifi_calling|break_apn_mms_setting|break_app_storage_permission|user_abroad_roaming_enabled_off[PERSONA:None]
epsilon_exp3,54,5,target_post_switch,target_favoring,False,repair_all,repair_all,True,True,True,True,0.0,0.0,5.491425,0.5,0.07790000000000001,5.569324999999999,,,deep/deep/deep/deep/deep,fast/deep/deep/deep/deep,mostly_deep_vs_mostly_deep_required,deep_on_fast_required,False,0,1,4,15,[mms_issue]bad_wifi_calling|break_apn_mms_setting|break_app_storage_permission|data_mode_off|unseat_sim_card[PERSONA:None]
epsilon_exp3,55,5,target_post_switch,target_favoring,False,repair_all,transfer,False,False,True,False,18.5,14.5,6.20924,0.5,0.07650000000000001,24.78574,18.0,subset_mismatch_base_plus_linear;local_clear_failure_floor_10;invalid_local_transfer_floor_18,deep/deep/deep/deep/deep,fast/deep/deep/deep/deep,mostly_deep_vs_mostly_deep_required,deep_on_fast_required,False,0,1,4,16,[mms_issue]airplane_mode_on|bad_network_preference|bad_wifi_calling|break_apn_mms_setting|break_app_storage_permission|unseat_sim_card[PERSONA:Easy]
epsilon_exp3,56,5,target_post_switch,target_favoring,True,repair_subset,repair_subset,False,False,False,False,12.0,3.0,9.1076,3.5,0.06420000000000001,21.171799999999998,12.0,subset_mismatch_base_plus_linear;local_clear_failure_floor_10;local_clear_and_aux_failure_floor_12,deep/fast/fast/deep/deep,fast/deep/deep/deep/deep,mostly_deep_vs_mostly_deep_required,both_mismatch_types,False,2,1,2,13,[mms_issue]airplane_mode_on|bad_network_preference|bad_wifi_calling|break_apn_mms_setting|break_app_both_permissions|data_mode_off|data_usage_exceeded|unseat_sim_card|user_abroad_roaming_disabled_on[PERSONA:Hard]
epsilon_exp3,57,5,target_post_switch,target_favoring,True,repair_subset,transfer,False,False,False,False,22.5,18.5,4.974795,0.0,0.06999999999999999,27.544795,18.0,subset_mismatch_base_plus_linear;local_clear_failure_floor_10;local_clear_and_aux_failure_floor_12;invalid_local_transfer_floor_18,fast/deep/deep/deep/deep,fast/deep/deep/deep/deep,mostly_deep_vs_mostly_deep_required,all_stage_modes_match,True,0,0,5,13,[mms_issue]airplane_mode_on|bad_network_preference|bad_wifi_calling|break_apn_mms_setting|break_app_sms_permission|data_mode_off|data_usage_exceeded|unseat_sim_card|user_abroad_roaming_disabled_on[PERSONA:None]
epsilon_exp3,58,5,target_post_switch,target_favoring,True,repair_subset,repair_subset,False,False,False,False,18.0,14.0,4.55379,0.0,0.0752,22.628989999999998,12.0,subset_mismatch_base_plus_linear;local_clear_failure_floor_10;local_clear_and_aux_failure_floor_12,fast/deep/deep/deep/deep,fast/deep/deep/deep/deep,mostly_deep_vs_mostly_deep_required,all_stage_modes_match,True,0,0,5,12,[mms_issue]airplane_mode_on|bad_network_preference|bad_wifi_calling|break_apn_mms_setting|break_app_both_permissions|data_mode_off|data_usage_exceeded|unseat_sim_card|user_abroad_roaming_enabled_off[PERSONA:Hard]
epsilon_exp3,59,5,target_post_switch,target_favoring,True,repair_all,transfer,False,False,True,False,22.5,18.5,6.695275,1.5,0.0746,29.269875,18.0,subset_mismatch_base_plus_linear;local_clear_failure_floor_10;invalid_local_transfer_floor_18,fast/fast/deep/deep/deep,fast/deep/deep/deep/deep,mostly_deep_vs_mostly_deep_required,fast_on_deep_required,False,1,0,4,12,[mms_issue]airplane_mode_on|bad_network_preference|bad_wifi_calling|break_apn_mms_setting|break_app_sms_permission|data_mode_off|unseat_sim_card|user_abroad_roaming_enabled_off[PERSONA:None]
epsilon_exp3,60,6,target_post_switch,target_favoring,False,repair_all,repair_all,True,True,True,True,0.0,0.0,7.33227,3.0,0.0685,7.4007700000000005,,,fast/fast/fast/deep/deep,fast/deep/deep/deep/deep,mostly_fast_vs_mostly_deep_required,fast_on_deep_required,False,2,0,3,11,[mms_issue]bad_wifi_calling|break_apn_mms_setting|break_app_storage_permission|unseat_sim_card[PERSONA:Easy]
epsilon_exp3,61,6,target_post_switch,target_favoring,False,repair_all,repair_all,True,True,True,True,0.0,0.0,5.508305,1.5,0.0711,5.579405,,,fast/fast/deep/deep/deep,fast/deep/deep/deep/deep,mostly_deep_vs_mostly_deep_required,fast_on_deep_required,False,1,0,4,11,[mms_issue]bad_wifi_calling|break_apn_mms_setting|break_app_sms_permission|unseat_sim_card[PERSONA:None]
epsilon_exp3,62,6,target_post_switch,target_favoring,False,repair_all,repair_all,True,True,True,True,0.0,0.0,3.780545,0.0,0.06880000000000001,3.849345,,,fast/deep/deep/deep/deep,fast/deep/deep/deep/deep,mostly_deep_vs_mostly_deep_required,all_stage_modes_match,True,0,0,5,12,[mms_issue]bad_wifi_calling|break_apn_mms_setting|break_app_sms_permission|user_abroad_roaming_enabled_off[PERSONA:Easy]
epsilon_exp3,63,6,target_post_switch,target_favoring,False,repair_all,repair_all,True,True,True,True,0.0,0.0,5.65101,1.5,0.072,5.72301,,,fast/fast/deep/deep/deep,fast/deep/deep/deep/deep,mostly_deep_vs_mostly_deep_required,fast_on_deep_required,False,1,0,4,11,[mms_issue]airplane_mode_on|bad_wifi_calling|break_apn_mms_setting|break_app_storage_permission|user_abroad_roaming_enabled_off[PERSONA:None]
epsilon_exp3,64,6,target_post_switch,target_favoring,False,repair_all,repair_all,True,True,True,True,0.0,0.0,5.46992,0.5,0.0748,5.54472,,,deep/deep/deep/deep/deep,fast/deep/deep/deep/deep,mostly_deep_vs_mostly_deep_required,deep_on_fast_required,False,0,1,4,15,[mms_issue]bad_wifi_calling|break_apn_mms_setting|break_app_storage_permission|data_mode_off|unseat_sim_card[PERSONA:None]
epsilon_exp3,65,6,target_post_switch,target_favoring,False,repair_all,repair_all,True,True,True,True,0.0,0.0,7.429585,3.0,0.0646,7.494185000000001,,,fast/fast/deep/deep/fast,fast/deep/deep/deep/deep,mostly_fast_vs_mostly_deep_required,fast_on_deep_required,False,2,0,3,10,[mms_issue]airplane_mode_on|bad_network_preference|bad_wifi_calling|break_apn_mms_setting|break_app_storage_permission|unseat_sim_card[PERSONA:Easy]
epsilon_exp3,66,6,target_post_switch,target_favoring,True,repair_subset,repair_subset,False,False,False,False,14.0,3.0,7.99384,3.0,0.0735,22.067339999999998,14.0,subset_mismatch_base_plus_linear;local_clear_failure_floor_10;local_clear_and_aux_failure_floor_12;fast_path_on_deep_required_clear_failure_floor_14,fast/fast/fast/deep/deep,fast/deep/deep/deep/deep,mostly_fast_vs_mostly_deep_required,fast_on_deep_required,False,2,0,3,11,[mms_issue]airplane_mode_on|bad_network_preference|bad_wifi_calling|break_apn_mms_setting|break_app_both_permissions|data_mode_off|data_usage_exceeded|unseat_sim_card|user_abroad_roaming_disabled_on[PERSONA:Hard]
epsilon_exp3,67,6,target_post_switch,target_favoring,True,repair_subset,repair_subset,False,False,False,False,14.0,5.0,10.091225,4.5,0.0637,24.154925,14.0,subset_mismatch_base_plus_linear;local_clear_failure_floor_10;local_clear_and_aux_failure_floor_12;fast_path_on_deep_required_clear_failure_floor_14,fast/fast/fast/fast/deep,fast/deep/deep/deep/deep,mostly_fast_vs_mostly_deep_required,fast_on_deep_required,False,3,0,2,11,[mms_issue]airplane_mode_on|bad_network_preference|bad_wifi_calling|break_apn_mms_setting|break_app_sms_permission|data_mode_off|data_usage_exceeded|unseat_sim_card|user_abroad_roaming_disabled_on[PERSONA:None]
epsilon_exp3,68,6,target_post_switch,target_favoring,True,repair_subset,repair_subset,False,False,False,False,17.0,13.0,6.775195,1.5,0.0637,23.838895,12.0,subset_mismatch_base_plus_linear;local_clear_failure_floor_10;local_clear_and_aux_failure_floor_12,fast/fast/deep/deep/deep,fast/deep/deep/deep/deep,mostly_deep_vs_mostly_deep_required,fast_on_deep_required,False,1,0,4,12,[mms_issue]airplane_mode_on|bad_network_preference|bad_wifi_calling|break_apn_mms_setting|break_app_both_permissions|data_mode_off|data_usage_exceeded|unseat_sim_card|user_abroad_roaming_enabled_off[PERSONA:Hard]
epsilon_exp3,69,6,target_post_switch,target_favoring,True,repair_all,transfer,False,False,True,False,22.5,18.5,6.430095,0.5,0.07600000000000001,29.006095000000002,18.0,subset_mismatch_base_plus_linear;local_clear_failure_floor_10;invalid_local_transfer_floor_18,deep/deep/deep/deep/deep,fast/deep/deep/deep/deep,mostly_deep_vs_mostly_deep_required,deep_on_fast_required,False,0,1,4,16,[mms_issue]airplane_mode_on|bad_network_preference|bad_wifi_calling|break_apn_mms_setting|break_app_sms_permission|data_mode_off|unseat_sim_card|user_abroad_roaming_enabled_off[PERSONA:None]
epsilon_exp3,70,7,target_post_switch,target_favoring,False,repair_all,repair_all,True,True,True,True,0.0,0.0,5.17189,0.5,0.0748,5.24669,,,deep/deep/deep/deep/deep,fast/deep/deep/deep/deep,mostly_deep_vs_mostly_deep_required,deep_on_fast_required,False,0,1,4,14,[mms_issue]bad_wifi_calling|break_apn_mms_setting|break_app_storage_permission|unseat_sim_card[PERSONA:Easy]
epsilon_exp3,71,7,target_post_switch,target_favoring,False,repair_all,repair_all,True,True,True,True,0.0,0.0,5.816275,1.5,0.0694,5.885675,,,fast/deep/deep/fast/deep,fast/deep/deep/deep/deep,mostly_deep_vs_mostly_deep_required,fast_on_deep_required,False,1,0,4,12,[mms_issue]bad_wifi_calling|break_apn_mms_setting|break_app_sms_permission|unseat_sim_card[PERSONA:None]
epsilon_exp3,72,7,target_post_switch,target_favoring,False,repair_all,repair_all,True,True,True,True,0.0,0.0,5.44593,1.5,0.0742,5.52013,,,fast/fast/deep/deep/deep,fast/deep/deep/deep/deep,mostly_deep_vs_mostly_deep_required,fast_on_deep_required,False,1,0,4,11,[mms_issue]bad_wifi_calling|break_apn_mms_setting|break_app_sms_permission|user_abroad_roaming_enabled_off[PERSONA:Easy]
epsilon_exp3,73,7,target_post_switch,target_favoring,False,repair_all,repair_all,True,True,True,True,0.0,0.0,5.068415,0.5,0.07650000000000001,5.144915,,,deep/deep/deep/deep/deep,fast/deep/deep/deep/deep,mostly_deep_vs_mostly_deep_required,deep_on_fast_required,False,0,1,4,14,[mms_issue]airplane_mode_on|bad_wifi_calling|break_apn_mms_setting|break_app_storage_permission|user_abroad_roaming_enabled_off[PERSONA:None]
epsilon_exp3,74,7,target_post_switch,target_favoring,False,repair_all,repair_all,True,True,True,True,0.0,0.0,6.08702,0.5,0.07600000000000001,6.1630199999999995,,,deep/deep/deep/deep/deep,fast/deep/deep/deep/deep,mostly_deep_vs_mostly_deep_required,deep_on_fast_required,False,0,1,4,16,[mms_issue]bad_wifi_calling|break_apn_mms_setting|break_app_storage_permission|data_mode_off|unseat_sim_card[PERSONA:None]
epsilon_exp3,75,7,target_post_switch,target_favoring,False,repair_all,transfer,False,False,True,False,18.5,14.5,5.58772,0.5,0.07600000000000001,24.16372,18.0,subset_mismatch_base_plus_linear;local_clear_failure_floor_10;invalid_local_transfer_floor_18,deep/deep/deep/deep/deep,fast/deep/deep/deep/deep,mostly_deep_vs_mostly_deep_required,deep_on_fast_required,False,0,1,4,15,[mms_issue]airplane_mode_on|bad_network_preference|bad_wifi_calling|break_apn_mms_setting|break_app_storage_permission|unseat_sim_card[PERSONA:Easy]
epsilon_exp3,76,7,target_post_switch,target_favoring,True,repair_subset,repair_all,False,False,True,False,10.0,6.0,5.38458,0.0,0.0721,15.45668,10.0,subset_mismatch_base_plus_linear;local_clear_failure_floor_10,fast/deep/deep/deep/deep,fast/deep/deep/deep/deep,mostly_deep_vs_mostly_deep_required,all_stage_modes_match,True,0,0,5,13,[mms_issue]airplane_mode_on|bad_network_preference|bad_wifi_calling|break_apn_mms_setting|break_app_both_permissions|data_mode_off|data_usage_exceeded|unseat_sim_card|user_abroad_roaming_disabled_on[PERSONA:Hard]
epsilon_exp3,77,7,target_post_switch,target_favoring,True,repair_subset,transfer,False,False,False,False,22.5,18.5,4.963915,0.0,0.0748,27.538715,18.0,subset_mismatch_base_plus_linear;local_clear_failure_floor_10;local_clear_and_aux_failure_floor_12;invalid_local_transfer_floor_18,fast/deep/deep/deep/deep,fast/deep/deep/deep/deep,mostly_deep_vs_mostly_deep_required,all_stage_modes_match,True,0,0,5,13,[mms_issue]airplane_mode_on|bad_network_preference|bad_wifi_calling|break_apn_mms_setting|break_app_sms_permission|data_mode_off|data_usage_exceeded|unseat_sim_card|user_abroad_roaming_disabled_on[PERSONA:None]
epsilon_exp3,78,7,target_post_switch,target_favoring,True,repair_subset,repair_subset,False,False,False,False,14.0,4.0,8.551095,3.0,0.061200000000000004,22.612295,14.0,subset_mismatch_base_plus_linear;local_clear_failure_floor_10;local_clear_and_aux_failure_floor_12;fast_path_on_deep_required_clear_failure_floor_14,fast/deep/fast/fast/deep,fast/deep/deep/deep/deep,mostly_fast_vs_mostly_deep_required,fast_on_deep_required,False,2,0,3,12,[mms_issue]airplane_mode_on|bad_network_preference|bad_wifi_calling|break_apn_mms_setting|break_app_both_permissions|data_mode_off|data_usage_exceeded|unseat_sim_card|user_abroad_roaming_enabled_off[PERSONA:Hard]
epsilon_exp3,79,7,target_post_switch,target_favoring,True,repair_all,transfer,False,False,True,False,22.5,18.5,6.730635,1.5,0.0644,29.295035,18.0,subset_mismatch_base_plus_linear;local_clear_failure_floor_10;invalid_local_transfer_floor_18,fast/fast/deep/deep/deep,fast/deep/deep/deep/deep,mostly_deep_vs_mostly_deep_required,fast_on_deep_required,False,1,0,4,12,[mms_issue]airplane_mode_on|bad_network_preference|bad_wifi_calling|break_apn_mms_setting|break_app_sms_permission|data_mode_off|unseat_sim_card|user_abroad_roaming_enabled_off[PERSONA:None]
epsilon_exp3,80,8,target_post_switch,target_favoring,False,repair_all,repair_all,True,True,True,True,0.0,0.0,4.05331,0.0,0.0742,4.12751,,,fast/deep/deep/deep/deep,fast/deep/deep/deep/deep,mostly_deep_vs_mostly_deep_required,all_stage_modes_match,True,0,0,5,12,[mms_issue]bad_wifi_calling|break_apn_mms_setting|break_app_storage_permission|unseat_sim_card[PERSONA:Easy]
epsilon_exp3,81,8,target_post_switch,target_favoring,False,repair_all,repair_all,True,True,True,True,0.0,0.0,6.0579,1.5,0.06780000000000001,6.1257,,,fast/deep/deep/deep/fast,fast/deep/deep/deep/deep,mostly_deep_vs_mostly_deep_required,fast_on_deep_required,False,1,0,4,12,[mms_issue]bad_wifi_calling|break_apn_mms_setting|break_app_sms_permission|unseat_sim_card[PERSONA:None]
epsilon_exp3,82,8,target_post_switch,target_favoring,False,repair_all,repair_all,True,True,True,True,0.0,0.0,5.12752,0.5,0.0748,5.202319999999999,,,deep/deep/deep/deep/deep,fast/deep/deep/deep/deep,mostly_deep_vs_mostly_deep_required,deep_on_fast_required,False,0,1,4,14,[mms_issue]bad_wifi_calling|break_apn_mms_setting|break_app_sms_permission|user_abroad_roaming_enabled_off[PERSONA:Easy]
epsilon_exp3,83,8,target_post_switch,target_favoring,False,repair_all,repair_all,True,True,True,True,0.0,0.0,7.90183,3.0,0.0656,7.96743,,,fast/deep/deep/fast/fast,fast/deep/deep/deep/deep,mostly_fast_vs_mostly_deep_required,fast_on_deep_required,False,2,0,3,11,[mms_issue]airplane_mode_on|bad_wifi_calling|break_apn_mms_setting|break_app_storage_permission|user_abroad_roaming_enabled_off[PERSONA:None]
epsilon_exp3,84,8,target_post_switch,target_favoring,False,repair_all,repair_all,True,True,True,True,0.0,0.0,3.903795,0.0,0.07410000000000001,3.977895,,,fast/deep/deep/deep/deep,fast/deep/deep/deep/deep,mostly_deep_vs_mostly_deep_required,all_stage_modes_match,True,0,0,5,12,[mms_issue]bad_wifi_calling|break_apn_mms_setting|break_app_storage_permission|data_mode_off|unseat_sim_card[PERSONA:None]
epsilon_exp3,85,8,target_post_switch,target_favoring,False,repair_all,repair_subset,False,False,False,False,12.0,7.0,8.867755,3.5,0.0715,20.939255000000003,12.0,subset_mismatch_base_plus_linear;local_clear_failure_floor_10;local_clear_and_aux_failure_floor_12,deep/fast/deep/fast/deep,fast/deep/deep/deep/deep,mostly_deep_vs_mostly_deep_required,both_mismatch_types,False,2,1,2,13,[mms_issue]airplane_mode_on|bad_network_preference|bad_wifi_calling|break_apn_mms_setting|break_app_storage_permission|unseat_sim_card[PERSONA:Easy]
epsilon_exp3,86,8,target_post_switch,target_favoring,True,repair_subset,transfer,False,False,False,False,22.5,18.5,6.133775,0.5,0.0748,28.708575,18.0,subset_mismatch_base_plus_linear;local_clear_failure_floor_10;local_clear_and_aux_failure_floor_12;invalid_local_transfer_floor_18,deep/deep/deep/deep/deep,fast/deep/deep/deep/deep,mostly_deep_vs_mostly_deep_required,deep_on_fast_required,False,0,1,4,15,[mms_issue]airplane_mode_on|bad_network_preference|bad_wifi_calling|break_apn_mms_setting|break_app_both_permissions|data_mode_off|data_usage_exceeded|unseat_sim_card|user_abroad_roaming_disabled_on[PERSONA:Hard]
epsilon_exp3,87,8,target_post_switch,target_favoring,True,repair_subset,transfer,False,False,False,False,22.5,18.5,6.773595,1.5,0.0699,29.343495,18.0,subset_mismatch_base_plus_linear;local_clear_failure_floor_10;local_clear_and_aux_failure_floor_12;invalid_local_transfer_floor_18,fast/deep/fast/deep/deep,fast/deep/deep/deep/deep,mostly_deep_vs_mostly_deep_required,fast_on_deep_required,False,1,0,4,13,[mms_issue]airplane_mode_on|bad_network_preference|bad_wifi_calling|break_apn_mms_setting|break_app_sms_permission|data_mode_off|data_usage_exceeded|unseat_sim_card|user_abroad_roaming_disabled_on[PERSONA:None]
epsilon_exp3,88,8,target_post_switch,target_favoring,True,repair_subset,repair_subset,False,False,False,False,17.0,13.0,6.490435,0.5,0.0753,23.565734999999997,12.0,subset_mismatch_base_plus_linear;local_clear_failure_floor_10;local_clear_and_aux_failure_floor_12,deep/deep/deep/deep/deep,fast/deep/deep/deep/deep,mostly_deep_vs_mostly_deep_required,deep_on_fast_required,False,0,1,4,15,[mms_issue]airplane_mode_on|bad_network_preference|bad_wifi_calling|break_apn_mms_setting|break_app_both_permissions|data_mode_off|data_usage_exceeded|unseat_sim_card|user_abroad_roaming_enabled_off[PERSONA:Hard]
epsilon_exp3,89,8,target_post_switch,target_favoring,True,repair_all,repair_subset,False,False,True,False,15.0,11.0,6.622005,1.5,0.0718,21.693804999999998,10.0,subset_mismatch_base_plus_linear;local_clear_failure_floor_10,fast/fast/deep/deep/deep,fast/deep/deep/deep/deep,mostly_deep_vs_mostly_deep_required,fast_on_deep_required,False,1,0,4,12,[mms_issue]airplane_mode_on|bad_network_preference|bad_wifi_calling|break_apn_mms_setting|break_app_sms_permission|data_mode_off|unseat_sim_card|user_abroad_roaming_enabled_off[PERSONA:None]
epsilon_exp3,90,9,target_post_switch,target_favoring,False,repair_all,repair_all,True,True,True,True,0.0,0.0,5.54028,1.5,0.0675,5.60778,,,fast/deep/fast/deep/deep,fast/deep/deep/deep/deep,mostly_deep_vs_mostly_deep_required,fast_on_deep_required,False,1,0,4,12,[mms_issue]bad_wifi_calling|break_apn_mms_setting|break_app_storage_permission|unseat_sim_card[PERSONA:Easy]
epsilon_exp3,91,9,target_post_switch,target_favoring,False,repair_all,transfer,False,False,True,False,18.0,10.5,5.97269,2.0,0.07840000000000001,24.05109,18.0,subset_mismatch_base_plus_linear;local_clear_failure_floor_10;invalid_local_transfer_floor_18,deep/fast/deep/deep/deep,fast/deep/deep/deep/deep,mostly_deep_vs_mostly_deep_required,both_mismatch_types,False,1,1,3,12,[mms_issue]bad_wifi_calling|break_apn_mms_setting|break_app_sms_permission|unseat_sim_card[PERSONA:None]
epsilon_exp3,92,9,target_post_switch,target_favoring,False,repair_all,repair_all,True,True,True,True,0.0,0.0,6.11452,2.0,0.0725,6.1870199999999995,,,deep/fast/deep/deep/deep,fast/deep/deep/deep/deep,mostly_deep_vs_mostly_deep_required,both_mismatch_types,False,1,1,3,12,[mms_issue]bad_wifi_calling|break_apn_mms_setting|break_app_sms_permission|user_abroad_roaming_enabled_off[PERSONA:Easy]
epsilon_exp3,93,9,target_post_switch,target_favoring,False,repair_all,repair_all,True,True,True,True,0.0,0.0,4.170695,0.0,0.0757,4.246395000000001,,,fast/deep/deep/deep/deep,fast/deep/deep/deep/deep,mostly_deep_vs_mostly_deep_required,all_stage_modes_match,True,0,0,5,12,[mms_issue]airplane_mode_on|bad_wifi_calling|break_apn_mms_setting|break_app_storage_permission|user_abroad_roaming_enabled_off[PERSONA:None]
epsilon_exp3,94,9,target_post_switch,target_favoring,False,repair_all,repair_all,True,True,True,True,0.0,0.0,8.28403,3.0,0.06480000000000001,8.34883,,,fast/deep/fast/fast/deep,fast/deep/deep/deep/deep,mostly_fast_vs_mostly_deep_required,fast_on_deep_required,False,2,0,3,13,[mms_issue]bad_wifi_calling|break_apn_mms_setting|break_app_storage_permission|data_mode_off|unseat_sim_card[PERSONA:None]
epsilon_exp3,95,9,target_post_switch,target_favoring,False,repair_all,repair_subset,False,False,True,False,10.0,5.0,6.930085,2.0,0.0682,16.998285,10.0,subset_mismatch_base_plus_linear;local_clear_failure_floor_10,deep/fast/deep/deep/deep,fast/deep/deep/deep/deep,mostly_deep_vs_mostly_deep_required,both_mismatch_types,False,1,1,3,13,[mms_issue]airplane_mode_on|bad_network_preference|bad_wifi_calling|break_apn_mms_setting|break_app_storage_permission|unseat_sim_card[PERSONA:Easy]
epsilon_exp3,96,9,target_post_switch,target_favoring,True,repair_subset,repair_subset,True,True,False,False,6.0,2.0,8.6178,3.0,0.0593,14.677100000000001,6.0,clear_but_aux_failure_floor_6,fast/deep/fast/deep/fast,fast/deep/deep/deep/deep,mostly_fast_vs_mostly_deep_required,fast_on_deep_required,False,2,0,3,12,[mms_issue]airplane_mode_on|bad_network_preference|bad_wifi_calling|break_apn_mms_setting|break_app_both_permissions|data_mode_off|data_usage_exceeded|unseat_sim_card|user_abroad_roaming_disabled_on[PERSONA:Hard]
epsilon_exp3,97,9,target_post_switch,target_favoring,True,repair_subset,repair_subset,False,False,True,False,15.0,11.0,9.2465,1.5,0.08000000000000002,24.3265,10.0,subset_mismatch_base_plus_linear;local_clear_failure_floor_10,fast/deep/fast/deep/deep,fast/deep/deep/deep/deep,mostly_deep_vs_mostly_deep_required,fast_on_deep_required,False,1,0,4,17,[mms_issue]airplane_mode_on|bad_network_preference|bad_wifi_calling|break_apn_mms_setting|break_app_sms_permission|data_mode_off|data_usage_exceeded|unseat_sim_card|user_abroad_roaming_disabled_on[PERSONA:None]
epsilon_exp3,98,9,target_post_switch,target_favoring,True,repair_subset,transfer,False,False,False,False,25.5,21.5,7.90434,2.0,0.0721,33.47644,18.0,subset_mismatch_base_plus_linear;local_clear_failure_floor_10;local_clear_and_aux_failure_floor_12;invalid_local_transfer_floor_18,deep/fast/deep/deep/deep,fast/deep/deep/deep/deep,mostly_deep_vs_mostly_deep_required,both_mismatch_types,False,1,1,3,14,[mms_issue]airplane_mode_on|bad_network_preference|bad_wifi_calling|break_apn_mms_setting|break_app_both_permissions|data_mode_off|data_usage_exceeded|unseat_sim_card|user_abroad_roaming_enabled_off[PERSONA:Hard]
epsilon_exp3,99,9,target_post_switch,target_favoring,True,repair_all,repair_all,True,True,True,True,0.0,0.0,5.619775,0.0,0.0724,5.692175,,,fast/deep/deep/deep/deep,fast/deep/deep/deep/deep,mostly_deep_vs_mostly_deep_required,all_stage_modes_match,True,0,0,5,14,[mms_issue]airplane_mode_on|bad_network_preference|bad_wifi_calling|break_apn_mms_setting|break_app_sms_permission|data_mode_off|unseat_sim_card|user_abroad_roaming_enabled_off[PERSONA:None]
risky_ps_linear,0,0,trap_pre_switch,trap_favoring,False,repair_all,repair_all,True,True,True,True,0.0,0.0,5.446745,1.5,0.06670000000000001,5.513445,,,fast/fast/deep/deep/deep,fast/fast/fast/fast/fast,mostly_deep_vs_mostly_fast_required,deep_on_fast_required,False,0,3,2,10,[mms_issue]airplane_mode_on|bad_wifi_calling|break_app_storage_permission[PERSONA:Easy]
risky_ps_linear,1,0,trap_pre_switch,trap_favoring,False,repair_all,repair_all,True,True,True,True,0.0,0.0,5.727825,1.5,0.06530000000000001,5.793125,,,deep/fast/deep/deep/fast,fast/fast/fast/fast/fast,mostly_deep_vs_mostly_fast_required,deep_on_fast_required,False,0,3,2,12,[mms_issue]airplane_mode_on|bad_wifi_calling|break_app_sms_permission[PERSONA:None]
risky_ps_linear,2,0,trap_pre_switch,trap_favoring,False,repair_all,repair_all,True,True,True,True,0.0,0.0,8.7251,1.5,0.07500000000000001,8.800099999999999,,,fast/fast/deep/deep/deep,fast/fast/fast/fast/fast,mostly_deep_vs_mostly_fast_required,deep_on_fast_required,False,0,3,2,16,[mms_issue]bad_wifi_calling[PERSONA:Easy]
risky_ps_linear,3,0,trap_pre_switch,trap_favoring,False,repair_all,repair_all,True,True,True,True,0.0,0.0,6.840525,2.0,0.0758,6.9163250000000005,,,deep/fast/deep/deep/deep,fast/fast/fast/fast/fast,mostly_deep_vs_mostly_fast_required,deep_on_fast_required,False,0,4,1,13,[mms_issue]bad_wifi_calling|break_app_storage_permission[PERSONA:Easy]
risky_ps_linear,4,0,trap_pre_switch,trap_favoring,False,repair_all,repair_all,True,True,True,True,0.0,0.0,13.87472,1.5,0.06420000000000001,13.93892,,,deep/fast/fast/deep/deep,fast/fast/fast/fast/fast,mostly_deep_vs_mostly_fast_required,deep_on_fast_required,False,0,3,2,23,[mms_issue]bad_wifi_calling|break_app_sms_permission[PERSONA:None]
risky_ps_linear,5,0,trap_pre_switch,trap_favoring,False,repair_all,repair_all,True,True,True,True,0.0,0.0,6.940355,2.0,0.0752,7.015555,,,fast/deep/deep/deep/deep,fast/fast/fast/fast/fast,mostly_deep_vs_mostly_fast_required,deep_on_fast_required,False,0,4,1,12,[mms_issue]bad_network_preference|bad_wifi_calling|break_app_storage_permission[PERSONA:Hard]
risky_ps_linear,6,0,trap_pre_switch,trap_favoring,False,repair_all,repair_all,True,True,True,True,0.0,0.0,4.799325,1.0,0.0632,4.862525,,,deep/fast/deep/fast/fast,fast/fast/fast/fast/fast,mostly_fast_vs_mostly_fast_required,deep_on_fast_required,False,0,2,3,12,[mms_issue]bad_wifi_calling|break_app_sms_permission|data_mode_off[PERSONA:None]
risky_ps_linear,7,0,trap_pre_switch,trap_favoring,False,repair_all,repair_all,True,True,True,True,0.0,0.0,4.684675,1.0,0.0601,4.744775000000001,,,fast/fast/fast/deep/deep,fast/fast/fast/fast/fast,mostly_fast_vs_mostly_fast_required,deep_on_fast_required,False,0,2,3,10,[mms_issue]bad_network_preference|bad_wifi_calling|break_app_sms_permission[PERSONA:Easy]
risky_ps_linear,8,0,trap_pre_switch,trap_favoring,False,repair_all,repair_all,True,True,True,True,0.0,0.0,6.66016,2.0,0.0726,6.732760000000001,,,fast/deep/deep/deep/deep,fast/fast/fast/fast/fast,mostly_deep_vs_mostly_fast_required,deep_on_fast_required,False,0,4,1,12,[mms_issue]bad_wifi_calling|break_app_storage_permission|data_mode_off[PERSONA:Easy]
risky_ps_linear,9,0,trap_pre_switch,trap_favoring,False,repair_all,repair_all,True,True,True,True,0.0,0.0,13.59674,1.5,0.0731,13.66984,,,deep/fast/fast/deep/deep,fast/fast/fast/fast/fast,mostly_deep_vs_mostly_fast_required,deep_on_fast_required,False,0,3,2,23,[mms_issue]airplane_mode_on|bad_wifi_calling[PERSONA:Easy]
risky_ps_linear,10,1,trap_pre_switch,trap_favoring,False,repair_all,repair_all,True,True,True,True,0.0,0.0,6.573655,2.0,0.0669,6.640555,,,deep/fast/deep/deep/deep,fast/fast/fast/fast/fast,mostly_deep_vs_mostly_fast_required,deep_on_fast_required,False,0,4,1,12,[mms_issue]airplane_mode_on|bad_wifi_calling|break_app_storage_permission[PERSONA:Easy]
risky_ps_linear,11,1,trap_pre_switch,trap_favoring,False,repair_all,repair_all,True,True,True,True,0.0,0.0,6.39773,2.0,0.0741,6.47183,,,fast/deep/deep/deep/deep,fast/fast/fast/fast/fast,mostly_deep_vs_mostly_fast_required,deep_on_fast_required,False,0,4,1,11,[mms_issue]airplane_mode_on|bad_wifi_calling|break_app_sms_permission[PERSONA:None]
risky_ps_linear,12,1,trap_pre_switch,trap_favoring,False,repair_all,repair_all,True,True,True,True,0.0,0.0,12.09721,2.5,0.07600000000000001,12.173210000000001,,,deep/deep/deep/deep/deep,fast/fast/fast/fast/fast,mostly_deep_vs_mostly_fast_required,deep_on_fast_required,False,0,5,0,22,[mms_issue]bad_wifi_calling[PERSONA:Easy]
risky_ps_linear,13,1,trap_pre_switch,trap_favoring,False,repair_all,repair_all,True,True,True,True,0.0,0.0,5.3261,1.0,0.06830000000000001,5.3944,,,fast/deep/fast/fast/deep,fast/fast/fast/fast/fast,mostly_fast_vs_mostly_fast_required,deep_on_fast_required,False,0,2,3,13,[mms_issue]bad_wifi_calling|break_app_storage_permission[PERSONA:Easy]
risky_ps_linear,14,1,trap_pre_switch,trap_favoring,False,repair_all,repair_all,True,True,True,True,0.0,0.0,5.74888,1.5,0.0661,5.814979999999999,,,fast/fast/deep/deep/deep,fast/fast/fast/fast/fast,mostly_deep_vs_mostly_fast_required,deep_on_fast_required,False,0,3,2,11,[mms_issue]bad_wifi_calling|break_app_sms_permission[PERSONA:None]
risky_ps_linear,15,1,trap_pre_switch,trap_favoring,False,repair_all,repair_all,True,True,True,True,0.0,0.0,7.277995,2.0,0.07900000000000001,7.3569949999999995,,,fast/deep/deep/deep/deep,fast/fast/fast/fast/fast,mostly_deep_vs_mostly_fast_required,deep_on_fast_required,False,0,4,1,13,[mms_issue]bad_network_preference|bad_wifi_calling|break_app_storage_permission[PERSONA:Hard]
risky_ps_linear,16,1,trap_pre_switch,trap_favoring,False,repair_all,repair_all,True,True,True,True,0.0,0.0,6.66482,2.0,0.07750000000000001,6.742319999999999,,,fast/deep/deep/deep/deep,fast/fast/fast/fast/fast,mostly_deep_vs_mostly_fast_required,deep_on_fast_required,False,0,4,1,12,[mms_issue]bad_wifi_calling|break_app_sms_permission|data_mode_off[PERSONA:None]
risky_ps_linear,17,1,trap_pre_switch,trap_favoring,False,repair_all,repair_all,True,True,True,True,0.0,0.0,7.240275,2.0,0.0795,7.319775,,,fast/deep/deep/deep/deep,fast/fast/fast/fast/fast,mostly_deep_vs_mostly_fast_required,deep_on_fast_required,False,0,4,1,13,[mms_issue]bad_network_preference|bad_wifi_calling|break_app_sms_permission[PERSONA:Easy]
risky_ps_linear,18,1,trap_pre_switch,trap_favoring,False,repair_all,repair_all,True,True,True,True,0.0,0.0,6.542665,2.0,0.0721,6.614765,,,deep/fast/deep/deep/deep,fast/fast/fast/fast/fast,mostly_deep_vs_mostly_fast_required,deep_on_fast_required,False,0,4,1,12,[mms_issue]bad_wifi_calling|break_app_storage_permission|data_mode_off[PERSONA:Easy]
risky_ps_linear,19,1,trap_pre_switch,trap_favoring,False,repair_all,repair_all,True,True,True,True,0.0,0.0,5.205615,1.5,0.0621,5.267715,,,fast/fast/deep/deep/deep,fast/fast/fast/fast/fast,mostly_deep_vs_mostly_fast_required,deep_on_fast_required,False,0,3,2,10,[mms_issue]airplane_mode_on|bad_wifi_calling[PERSONA:Easy]
risky_ps_linear,20,2,trap_pre_switch,trap_favoring,False,repair_all,repair_all,True,True,True,True,0.0,0.0,7.78954,2.5,0.07650000000000001,7.86604,,,deep/deep/deep/deep/deep,fast/fast/fast/fast/fast,mostly_deep_vs_mostly_fast_required,deep_on_fast_required,False,0,5,0,14,[mms_issue]airplane_mode_on|bad_wifi_calling|break_app_storage_permission[PERSONA:Easy]
risky_ps_linear,21,2,trap_pre_switch,trap_favoring,False,repair_all,repair_all,True,True,True,True,0.0,0.0,5.80805,1.5,0.06420000000000001,5.872249999999999,,,deep/fast/fast/deep/deep,fast/fast/fast/fast/fast,mostly_deep_vs_mostly_fast_required,deep_on_fast_required,False,0,3,2,12,[mms_issue]airplane_mode_on|bad_wifi_calling|break_app_sms_permission[PERSONA:None]
risky_ps_linear,22,2,trap_pre_switch,trap_favoring,False,repair_all,repair_all,True,True,True,True,0.0,0.0,10.704595,1.5,0.0671,10.771695,,,fast/fast/deep/deep/deep,fast/fast/fast/fast/fast,mostly_deep_vs_mostly_fast_required,deep_on_fast_required,False,0,3,2,18,[mms_issue]bad_wifi_calling[PERSONA:Easy]
risky_ps_linear,23,2,trap_pre_switch,trap_favoring,False,repair_all,repair_all,True,True,True,True,0.0,0.0,7.76792,2.5,0.07750000000000001,7.84542,,,deep/deep/deep/deep/deep,fast/fast/fast/fast/fast,mostly_deep_vs_mostly_fast_required,deep_on_fast_required,False,0,5,0,14,[mms_issue]bad_wifi_calling|break_app_storage_permission[PERSONA:Easy]
risky_ps_linear,24,2,trap_pre_switch,trap_favoring,False,repair_all,repair_all,True,True,True,True,0.0,0.0,5.74474,1.5,0.0706,5.81534,,,fast/fast/deep/deep/deep,fast/fast/fast/fast/fast,mostly_deep_vs_mostly_fast_required,deep_on_fast_required,False,0,3,2,11,[mms_issue]bad_wifi_calling|break_app_sms_permission[PERSONA:None]
risky_ps_linear,25,2,target_post_switch,target_favoring,False,repair_all,repair_subset,False,False,True,False,10.0,5.0,4.86625,0.0,0.07590000000000001,14.942150000000002,10.0,subset_mismatch_base_plus_linear;local_clear_failure_floor_10,fast/deep/deep/deep/deep,fast/deep/deep/deep/deep,mostly_deep_vs_mostly_deep_required,all_stage_modes_match,True,0,0,5,13,[mms_issue]airplane_mode_on|bad_network_preference|bad_wifi_calling|break_apn_mms_setting|break_app_storage_permission|unseat_sim_card[PERSONA:Easy]
risky_ps_linear,26,2,target_post_switch,target_favoring,True,repair_subset,repair_subset,False,False,False,False,12.0,3.0,6.188525,1.5,0.0747,18.263225,12.0,subset_mismatch_base_plus_linear;local_clear_failure_floor_10;local_clear_and_aux_failure_floor_12,fast/fast/deep/deep/deep,fast/deep/deep/deep/deep,mostly_deep_vs_mostly_deep_required,fast_on_deep_required,False,1,0,4,11,[mms_issue]airplane_mode_on|bad_network_preference|bad_wifi_calling|break_apn_mms_setting|break_app_both_permissions|data_mode_off|data_usage_exceeded|unseat_sim_card|user_abroad_roaming_disabled_on[PERSONA:Hard]
risky_ps_linear,27,2,target_post_switch,target_favoring,True,repair_subset,transfer,False,False,False,False,22.5,18.5,4.962895,0.0,0.072,27.534895,18.0,subset_mismatch_base_plus_linear;local_clear_failure_floor_10;local_clear_and_aux_failure_floor_12;invalid_local_transfer_floor_18,fast/deep/deep/deep/deep,fast/deep/deep/deep/deep,mostly_deep_vs_mostly_deep_required,all_stage_modes_match,True,0,0,5,13,[mms_issue]airplane_mode_on|bad_network_preference|bad_wifi_calling|break_apn_mms_setting|break_app_sms_permission|data_mode_off|data_usage_exceeded|unseat_sim_card|user_abroad_roaming_disabled_on[PERSONA:None]
risky_ps_linear,28,2,target_post_switch,target_favoring,True,repair_subset,repair_subset,False,False,False,False,17.0,13.0,6.819055,1.5,0.0644,23.883454999999998,12.0,subset_mismatch_base_plus_linear;local_clear_failure_floor_10;local_clear_and_aux_failure_floor_12,fast/fast/deep/deep/deep,fast/deep/deep/deep/deep,mostly_deep_vs_mostly_deep_required,fast_on_deep_required,False,1,0,4,12,[mms_issue]airplane_mode_on|bad_network_preference|bad_wifi_calling|break_apn_mms_setting|break_app_both_permissions|data_mode_off|data_usage_exceeded|unseat_sim_card|user_abroad_roaming_enabled_off[PERSONA:Hard]
risky_ps_linear,29,2,target_post_switch,target_favoring,True,repair_all,transfer,False,False,True,False,22.5,18.5,8.528295,3.0,0.0735,31.101795,18.0,subset_mismatch_base_plus_linear;local_clear_failure_floor_10;fast_path_on_deep_required_clear_failure_floor_14;invalid_local_transfer_floor_18,fast/fast/fast/deep/deep,fast/deep/deep/deep/deep,mostly_fast_vs_mostly_deep_required,fast_on_deep_required,False,2,0,3,12,[mms_issue]airplane_mode_on|bad_network_preference|bad_wifi_calling|break_apn_mms_setting|break_app_sms_permission|data_mode_off|unseat_sim_card|user_abroad_roaming_enabled_off[PERSONA:None]
risky_ps_linear,30,3,target_post_switch,target_favoring,False,repair_all,repair_all,True,True,True,True,0.0,0.0,4.29352,0.0,0.0706,4.36412,,,fast/deep/deep/deep/deep,fast/deep/deep/deep/deep,mostly_deep_vs_mostly_deep_required,all_stage_modes_match,True,0,0,5,13,[mms_issue]bad_wifi_calling|break_apn_mms_setting|break_app_storage_permission|unseat_sim_card[PERSONA:Easy]
risky_ps_linear,31,3,target_post_switch,target_favoring,False,repair_all,repair_all,True,True,True,True,0.0,0.0,3.53039,0.0,0.0724,3.60279,,,fast/deep/deep/deep/deep,fast/deep/deep/deep/deep,mostly_deep_vs_mostly_deep_required,all_stage_modes_match,True,0,0,5,11,[mms_issue]bad_wifi_calling|break_apn_mms_setting|break_app_sms_permission|unseat_sim_card[PERSONA:None]
risky_ps_linear,32,3,target_post_switch,target_favoring,False,repair_all,repair_all,True,True,True,True,0.0,0.0,7.0869,3.0,0.0594,7.1463,,,fast/fast/deep/fast/deep,fast/deep/deep/deep/deep,mostly_fast_vs_mostly_deep_required,fast_on_deep_required,False,2,0,3,10,[mms_issue]bad_wifi_calling|break_apn_mms_setting|break_app_sms_permission|user_abroad_roaming_enabled_off[PERSONA:Easy]
risky_ps_linear,33,3,target_post_switch,target_favoring,False,repair_all,repair_all,True,True,True,True,0.0,0.0,7.95873,3.0,0.067,8.02573,,,fast/fast/fast/deep/deep,fast/deep/deep/deep/deep,mostly_fast_vs_mostly_deep_required,fast_on_deep_required,False,2,0,3,12,[mms_issue]airplane_mode_on|bad_wifi_calling|break_apn_mms_setting|break_app_storage_permission|user_abroad_roaming_enabled_off[PERSONA:None]
risky_ps_linear,34,3,target_post_switch,target_favoring,False,repair_all,repair_all,True,True,True,True,0.0,0.0,6.24115,2.0,0.0679,6.30905,,,deep/fast/deep/deep/deep,fast/deep/deep/deep/deep,mostly_deep_vs_mostly_deep_required,both_mismatch_types,False,1,1,3,12,[mms_issue]bad_wifi_calling|break_apn_mms_setting|break_app_storage_permission|data_mode_off|unseat_sim_card[PERSONA:None]
risky_ps_linear,35,3,target_post_switch,target_favoring,False,repair_all,transfer,False,False,True,False,18.5,14.5,5.066,0.0,0.0675,23.633499999999998,18.0,subset_mismatch_base_plus_linear;local_clear_failure_floor_10;invalid_local_transfer_floor_18,fast/deep/deep/deep/deep,fast/deep/deep/deep/deep,mostly_deep_vs_mostly_deep_required,all_stage_modes_match,True,0,0,5,14,[mms_issue]airplane_mode_on|bad_network_preference|bad_wifi_calling|break_apn_mms_setting|break_app_storage_permission|unseat_sim_card[PERSONA:Easy]
risky_ps_linear,36,3,target_post_switch,target_favoring,True,repair_subset,transfer,False,False,False,False,22.5,18.5,5.026305,0.0,0.07900000000000001,27.605305,18.0,subset_mismatch_base_plus_linear;local_clear_failure_floor_10;local_clear_and_aux_failure_floor_12;invalid_local_transfer_floor_18,fast/deep/deep/deep/deep,fast/deep/deep/deep/deep,mostly_deep_vs_mostly_deep_required,all_stage_modes_match,True,0,0,5,13,[mms_issue]airplane_mode_on|bad_network_preference|bad_wifi_calling|break_apn_mms_setting|break_app_both_permissions|data_mode_off|data_usage_exceeded|unseat_sim_card|user_abroad_roaming_disabled_on[PERSONA:Hard]
risky_ps_linear,37,3,target_post_switch,target_favoring,True,repair_subset,transfer,False,False,False,False,23.5,19.5,7.115355,2.0,0.0741,30.689455000000002,18.0,subset_mismatch_base_plus_linear;local_clear_failure_floor_10;local_clear_and_aux_failure_floor_12;invalid_local_transfer_floor_18,deep/fast/deep/deep/deep,fast/deep/deep/deep/deep,mostly_deep_vs_mostly_deep_required,both_mismatch_types,False,1,1,3,13,[mms_issue]airplane_mode_on|bad_network_preference|bad_wifi_calling|break_apn_mms_setting|break_app_sms_permission|data_mode_off|data_usage_exceeded|unseat_sim_card|user_abroad_roaming_disabled_on[PERSONA:None]
risky_ps_linear,38,3,target_post_switch,target_favoring,True,repair_subset,repair_all,False,False,True,False,10.0,3.5,6.55835,0.5,0.0753,16.63365,10.0,subset_mismatch_base_plus_linear;local_clear_failure_floor_10,deep/deep/deep/deep/deep,fast/deep/deep/deep/deep,mostly_deep_vs_mostly_deep_required,deep_on_fast_required,False,0,1,4,15,[mms_issue]airplane_mode_on|bad_network_preference|bad_wifi_calling|break_apn_mms_setting|break_app_both_permissions|data_mode_off|data_usage_exceeded|unseat_sim_card|user_abroad_roaming_enabled_off[PERSONA:Hard]
risky_ps_linear,39,3,target_post_switch,target_favoring,True,repair_all,transfer,False,False,True,False,22.5,18.5,4.797825,0.0,0.0651,27.362925,18.0,subset_mismatch_base_plus_linear;local_clear_failure_floor_10;invalid_local_transfer_floor_18,fast/deep/deep/deep/deep,fast/deep/deep/deep/deep,mostly_deep_vs_mostly_deep_required,all_stage_modes_match,True,0,0,5,13,[mms_issue]airplane_mode_on|bad_network_preference|bad_wifi_calling|break_apn_mms_setting|break_app_sms_permission|data_mode_off|unseat_sim_card|user_abroad_roaming_enabled_off[PERSONA:None]
risky_ps_linear,40,4,target_post_switch,target_favoring,False,repair_all,repair_all,True,True,True,True,0.0,0.0,6.61092,2.0,0.0713,6.68222,,,deep/fast/deep/deep/deep,fast/deep/deep/deep/deep,mostly_deep_vs_mostly_deep_required,both_mismatch_types,False,1,1,3,13,[mms_issue]bad_wifi_calling|break_apn_mms_setting|break_app_storage_permission|unseat_sim_card[PERSONA:Easy]
risky_ps_linear,41,4,target_post_switch,target_favoring,False,repair_all,repair_all,True,True,True,True,0.0,0.0,4.280855,0.0,0.0751,4.355955,,,fast/deep/deep/deep/deep,fast/deep/deep/deep/deep,mostly_deep_vs_mostly_deep_required,all_stage_modes_match,True,0,0,5,13,[mms_issue]bad_wifi_calling|break_apn_mms_setting|break_app_sms_permission|unseat_sim_card[PERSONA:None]
risky_ps_linear,42,4,target_post_switch,target_favoring,False,repair_all,repair_all,True,True,True,True,0.0,0.0,3.775105,0.0,0.0752,3.850305,,,fast/deep/deep/deep/deep,fast/deep/deep/deep/deep,mostly_deep_vs_mostly_deep_required,all_stage_modes_match,True,0,0,5,12,[mms_issue]bad_wifi_calling|break_apn_mms_setting|break_app_sms_permission|user_abroad_roaming_enabled_off[PERSONA:Easy]
risky_ps_linear,43,4,target_post_switch,target_favoring,False,repair_all,repair_subset,False,False,True,False,14.0,5.0,7.86676,3.0,0.06760000000000001,21.93436,14.0,subset_mismatch_base_plus_linear;local_clear_failure_floor_10;fast_path_on_deep_required_clear_failure_floor_14,fast/fast/fast/deep/deep,fast/deep/deep/deep/deep,mostly_fast_vs_mostly_deep_required,fast_on_deep_required,False,2,0,3,12,[mms_issue]airplane_mode_on|bad_wifi_calling|break_apn_mms_setting|break_app_storage_permission|user_abroad_roaming_enabled_off[PERSONA:None]
risky_ps_linear,44,4,target_post_switch,target_favoring,False,repair_all,repair_all,True,True,True,True,0.0,0.0,5.1387,1.5,0.0716,5.2103,,,fast/fast/deep/deep/deep,fast/deep/deep/deep/deep,mostly_deep_vs_mostly_deep_required,fast_on_deep_required,False,1,0,4,10,[mms_issue]bad_wifi_calling|break_apn_mms_setting|break_app_storage_permission|data_mode_off|unseat_sim_card[PERSONA:None]
risky_ps_linear,45,4,target_post_switch,target_favoring,False,repair_all,transfer,False,False,True,False,18.5,14.5,6.394515,1.5,0.0717,24.966215,18.0,subset_mismatch_base_plus_linear;local_clear_failure_floor_10;invalid_local_transfer_floor_18,fast/deep/deep/deep/fast,fast/deep/deep/deep/deep,mostly_deep_vs_mostly_deep_required,fast_on_deep_required,False,1,0,4,12,[mms_issue]airplane_mode_on|bad_network_preference|bad_wifi_calling|break_apn_mms_setting|break_app_storage_permission|unseat_sim_card[PERSONA:Easy]
risky_ps_linear,46,4,target_post_switch,target_favoring,True,repair_subset,repair_subset,True,True,False,False,6.0,2.0,5.11105,0.0,0.08080000000000001,11.191849999999999,6.0,clear_but_aux_failure_floor_6,fast/deep/deep/deep/deep,fast/deep/deep/deep/deep,mostly_deep_vs_mostly_deep_required,all_stage_modes_match,True,0,0,5,13,[mms_issue]airplane_mode_on|bad_network_preference|bad_wifi_calling|break_apn_mms_setting|break_app_both_permissions|data_mode_off|data_usage_exceeded|unseat_sim_card|user_abroad_roaming_disabled_on[PERSONA:Hard]
risky_ps_linear,47,4,target_post_switch,target_favoring,True,repair_subset,transfer,False,False,False,False,23.5,19.5,7.157855,2.0,0.0691,30.726954999999997,18.0,subset_mismatch_base_plus_linear;local_clear_failure_floor_10;local_clear_and_aux_failure_floor_12;invalid_local_transfer_floor_18,deep/fast/deep/deep/deep,fast/deep/deep/deep/deep,mostly_deep_vs_mostly_deep_required,both_mismatch_types,False,1,1,3,13,[mms_issue]airplane_mode_on|bad_network_preference|bad_wifi_calling|break_apn_mms_setting|break_app_sms_permission|data_mode_off|data_usage_exceeded|unseat_sim_card|user_abroad_roaming_disabled_on[PERSONA:None]
risky_ps_linear,48,4,target_post_switch,target_favoring,True,repair_subset,repair_subset,False,False,False,False,17.0,13.0,6.14186,1.5,0.0742,23.216060000000002,12.0,subset_mismatch_base_plus_linear;local_clear_failure_floor_10;local_clear_and_aux_failure_floor_12,fast/fast/deep/deep/deep,fast/deep/deep/deep/deep,mostly_deep_vs_mostly_deep_required,fast_on_deep_required,False,1,0,4,11,[mms_issue]airplane_mode_on|bad_network_preference|bad_wifi_calling|break_apn_mms_setting|break_app_both_permissions|data_mode_off|data_usage_exceeded|unseat_sim_card|user_abroad_roaming_enabled_off[PERSONA:Hard]
risky_ps_linear,49,4,target_post_switch,target_favoring,True,repair_all,repair_all,True,True,True,True,0.0,0.0,7.97216,2.0,0.0684,8.04056,,,deep/fast/deep/deep/deep,fast/deep/deep/deep/deep,mostly_deep_vs_mostly_deep_required,both_mismatch_types,False,1,1,3,14,[mms_issue]airplane_mode_on|bad_network_preference|bad_wifi_calling|break_apn_mms_setting|break_app_sms_permission|data_mode_off|unseat_sim_card|user_abroad_roaming_enabled_off[PERSONA:None]
risky_ps_linear,50,5,target_post_switch,target_favoring,False,repair_all,repair_all,True,True,True,True,0.0,0.0,5.52566,1.5,0.0699,5.59556,,,fast/deep/fast/deep/deep,fast/deep/deep/deep/deep,mostly_deep_vs_mostly_deep_required,fast_on_deep_required,False,1,0,4,12,[mms_issue]bad_wifi_calling|break_apn_mms_setting|break_app_storage_permission|unseat_sim_card[PERSONA:Easy]
risky_ps_linear,51,5,target_post_switch,target_favoring,False,repair_all,repair_all,True,True,True,True,0.0,0.0,6.07316,2.0,0.0684,6.141559999999999,,,deep/fast/deep/deep/deep,fast/deep/deep/deep/deep,mostly_deep_vs_mostly_deep_required,both_mismatch_types,False,1,1,3,12,[mms_issue]bad_wifi_calling|break_apn_mms_setting|break_app_sms_permission|unseat_sim_card[PERSONA:None]
risky_ps_linear,52,5,target_post_switch,target_favoring,False,repair_all,repair_all,True,True,True,True,0.0,0.0,5.50214,1.5,0.07020000000000001,5.57234,,,fast/deep/fast/deep/deep,fast/deep/deep/deep/deep,mostly_deep_vs_mostly_deep_required,fast_on_deep_required,False,1,0,4,12,[mms_issue]bad_wifi_calling|break_apn_mms_setting|break_app_sms_permission|user_abroad_roaming_enabled_off[PERSONA:Easy]
risky_ps_linear,53,5,target_post_switch,target_favoring,False,repair_all,repair_all,True,True,True,True,0.0,0.0,3.96559,0.0,0.0752,4.04079,,,fast/deep/deep/deep/deep,fast/deep/deep/deep/deep,mostly_deep_vs_mostly_deep_required,all_stage_modes_match,True,0,0,5,12,[mms_issue]airplane_mode_on|bad_wifi_calling|break_apn_mms_setting|break_app_storage_permission|user_abroad_roaming_enabled_off[PERSONA:None]
risky_ps_linear,54,5,target_post_switch,target_favoring,False,repair_all,repair_all,True,True,True,True,0.0,0.0,7.70449,3.0,0.0616,7.76609,,,fast/deep/fast/deep/fast,fast/deep/deep/deep/deep,mostly_fast_vs_mostly_deep_required,fast_on_deep_required,False,2,0,3,12,[mms_issue]bad_wifi_calling|break_apn_mms_setting|break_app_storage_permission|data_mode_off|unseat_sim_card[PERSONA:None]
risky_ps_linear,55,5,target_post_switch,target_favoring,False,repair_all,repair_subset,False,False,True,False,14.0,5.0,7.925105,3.0,0.06699999999999999,21.992105000000002,14.0,subset_mismatch_base_plus_linear;local_clear_failure_floor_10;fast_path_on_deep_required_clear_failure_floor_14,fast/fast/deep/deep/fast,fast/deep/deep/deep/deep,mostly_fast_vs_mostly_deep_required,fast_on_deep_required,False,2,0,3,11,[mms_issue]airplane_mode_on|bad_network_preference|bad_wifi_calling|break_apn_mms_setting|break_app_storage_permission|unseat_sim_card[PERSONA:Easy]
risky_ps_linear,56,5,target_post_switch,target_favoring,True,repair_subset,repair_subset,True,True,False,False,6.0,2.0,5.64341,0.5,0.0753,11.718710000000002,6.0,clear_but_aux_failure_floor_6,deep/deep/deep/deep/deep,fast/deep/deep/deep/deep,mostly_deep_vs_mostly_deep_required,deep_on_fast_required,False,0,1,4,14,[mms_issue]airplane_mode_on|bad_network_preference|bad_wifi_calling|break_apn_mms_setting|break_app_both_permissions|data_mode_off|data_usage_exceeded|unseat_sim_card|user_abroad_roaming_disabled_on[PERSONA:Hard]
risky_ps_linear,57,5,target_post_switch,target_favoring,True,repair_subset,transfer,False,False,False,False,23.5,19.5,8.966215,3.5,0.06949999999999999,32.535715,18.0,subset_mismatch_base_plus_linear;local_clear_failure_floor_10;local_clear_and_aux_failure_floor_12;invalid_local_transfer_floor_18,deep/fast/fast/deep/deep,fast/deep/deep/deep/deep,mostly_deep_vs_mostly_deep_required,both_mismatch_types,False,2,1,2,13,[mms_issue]airplane_mode_on|bad_network_preference|bad_wifi_calling|break_apn_mms_setting|break_app_sms_permission|data_mode_off|data_usage_exceeded|unseat_sim_card|user_abroad_roaming_disabled_on[PERSONA:None]
risky_ps_linear,58,5,target_post_switch,target_favoring,True,repair_subset,repair_subset,True,True,False,False,6.0,2.0,6.79596,1.5,0.06780000000000001,12.86376,6.0,clear_but_aux_failure_floor_6,fast/deep/deep/deep/fast,fast/deep/deep/deep/deep,mostly_deep_vs_mostly_deep_required,fast_on_deep_required,False,1,0,4,12,[mms_issue]airplane_mode_on|bad_network_preference|bad_wifi_calling|break_apn_mms_setting|break_app_both_permissions|data_mode_off|data_usage_exceeded|unseat_sim_card|user_abroad_roaming_enabled_off[PERSONA:Hard]
risky_ps_linear,59,5,target_post_switch,target_favoring,True,repair_all,transfer,False,False,True,False,22.5,18.5,7.845255,2.0,0.0695,30.414755,18.0,subset_mismatch_base_plus_linear;local_clear_failure_floor_10;invalid_local_transfer_floor_18,deep/fast/deep/deep/deep,fast/deep/deep/deep/deep,mostly_deep_vs_mostly_deep_required,both_mismatch_types,False,1,1,3,14,[mms_issue]airplane_mode_on|bad_network_preference|bad_wifi_calling|break_apn_mms_setting|break_app_sms_permission|data_mode_off|unseat_sim_card|user_abroad_roaming_enabled_off[PERSONA:None]
risky_ps_linear,60,6,target_post_switch,target_favoring,False,repair_all,repair_all,True,True,True,True,0.0,0.0,5.169085,0.5,0.0772,5.246285,,,deep/deep/deep/deep/deep,fast/deep/deep/deep/deep,mostly_deep_vs_mostly_deep_required,deep_on_fast_required,False,0,1,4,14,[mms_issue]bad_wifi_calling|break_apn_mms_setting|break_app_storage_permission|unseat_sim_card[PERSONA:Easy]
risky_ps_linear,61,6,target_post_switch,target_favoring,False,repair_all,repair_all,True,True,True,True,0.0,0.0,5.520885,1.5,0.0718,5.5926849999999995,,,fast/fast/deep/deep/deep,fast/deep/deep/deep/deep,mostly_deep_vs_mostly_deep_required,fast_on_deep_required,False,1,0,4,11,[mms_issue]bad_wifi_calling|break_apn_mms_setting|break_app_sms_permission|unseat_sim_card[PERSONA:None]
risky_ps_linear,62,6,target_post_switch,target_favoring,False,repair_all,repair_all,True,True,True,True,0.0,0.0,10.34379,5.0,0.0634,10.40719,,,deep/fast/fast/fast/deep,fast/deep/deep/deep/deep,mostly_fast_vs_mostly_deep_required,both_mismatch_types,False,3,1,1,13,[mms_issue]bad_wifi_calling|break_apn_mms_setting|break_app_sms_permission|user_abroad_roaming_enabled_off[PERSONA:Easy]
risky_ps_linear,63,6,target_post_switch,target_favoring,False,repair_all,repair_all,True,True,True,True,0.0,0.0,9.48289,0.5,0.0748,9.55769,,,deep/deep/deep/deep/deep,fast/deep/deep/deep/deep,mostly_deep_vs_mostly_deep_required,deep_on_fast_required,False,0,1,4,20,[mms_issue]airplane_mode_on|bad_wifi_calling|break_apn_mms_setting|break_app_storage_permission|user_abroad_roaming_enabled_off[PERSONA:None]
risky_ps_linear,64,6,target_post_switch,target_favoring,False,repair_all,repair_all,True,True,True,True,0.0,0.0,7.345215,2.0,0.0721,7.417314999999999,,,deep/fast/deep/deep/deep,fast/deep/deep/deep/deep,mostly_deep_vs_mostly_deep_required,both_mismatch_types,False,1,1,3,14,[mms_issue]bad_wifi_calling|break_apn_mms_setting|break_app_storage_permission|data_mode_off|unseat_sim_card[PERSONA:None]
risky_ps_linear,65,6,target_post_switch,target_favoring,False,repair_all,repair_all,True,True,True,True,0.0,0.0,8.688785,3.5,0.0671,8.755885,,,deep/fast/fast/deep/deep,fast/deep/deep/deep/deep,mostly_deep_vs_mostly_deep_required,both_mismatch_types,False,2,1,2,13,[mms_issue]airplane_mode_on|bad_network_preference|bad_wifi_calling|break_apn_mms_setting|break_app_storage_permission|unseat_sim_card[PERSONA:Easy]
risky_ps_linear,66,6,target_post_switch,target_favoring,True,repair_subset,repair_subset,True,True,False,False,6.0,2.0,6.1036,0.5,0.07790000000000001,12.1815,6.0,clear_but_aux_failure_floor_6,deep/deep/deep/deep/deep,fast/deep/deep/deep/deep,mostly_deep_vs_mostly_deep_required,deep_on_fast_required,False,0,1,4,15,[mms_issue]airplane_mode_on|bad_network_preference|bad_wifi_calling|break_apn_mms_setting|break_app_both_permissions|data_mode_off|data_usage_exceeded|unseat_sim_card|user_abroad_roaming_disabled_on[PERSONA:Hard]
risky_ps_linear,67,6,target_post_switch,target_favoring,True,repair_subset,repair_subset,False,False,False,False,12.0,5.0,9.35975,3.5,0.06920000000000001,21.42895,12.0,subset_mismatch_base_plus_linear;local_clear_failure_floor_10;local_clear_and_aux_failure_floor_12,deep/fast/deep/fast/deep,fast/deep/deep/deep/deep,mostly_deep_vs_mostly_deep_required,both_mismatch_types,False,2,1,2,13,[mms_issue]airplane_mode_on|bad_network_preference|bad_wifi_calling|break_apn_mms_setting|break_app_sms_permission|data_mode_off|data_usage_exceeded|unseat_sim_card|user_abroad_roaming_disabled_on[PERSONA:None]
risky_ps_linear,68,6,target_post_switch,target_favoring,True,repair_subset,repair_subset,False,False,False,False,17.0,13.0,8.604735,3.0,0.0578,25.662535,14.0,subset_mismatch_base_plus_linear;local_clear_failure_floor_10;local_clear_and_aux_failure_floor_12;fast_path_on_deep_required_clear_failure_floor_14,fast/fast/fast/deep/deep,fast/deep/deep/deep/deep,mostly_fast_vs_mostly_deep_required,fast_on_deep_required,False,2,0,3,12,[mms_issue]airplane_mode_on|bad_network_preference|bad_wifi_calling|break_apn_mms_setting|break_app_both_permissions|data_mode_off|data_usage_exceeded|unseat_sim_card|user_abroad_roaming_enabled_off[PERSONA:Hard]
risky_ps_linear,69,6,target_post_switch,target_favoring,True,repair_all,repair_all,True,True,True,True,0.0,0.0,8.421335,3.0,0.0685,8.489835,,,fast/fast/deep/deep/fast,fast/deep/deep/deep/deep,mostly_fast_vs_mostly_deep_required,fast_on_deep_required,False,2,0,3,11,[mms_issue]airplane_mode_on|bad_network_preference|bad_wifi_calling|break_apn_mms_setting|break_app_sms_permission|data_mode_off|unseat_sim_card|user_abroad_roaming_enabled_off[PERSONA:None]
risky_ps_linear,70,7,target_post_switch,target_favoring,False,repair_all,repair_all,True,True,True,True,0.0,0.0,4.069885,0.0,0.0742,4.1440850000000005,,,fast/deep/deep/deep/deep,fast/deep/deep/deep/deep,mostly_deep_vs_mostly_deep_required,all_stage_modes_match,True,0,0,5,12,[mms_issue]bad_wifi_calling|break_apn_mms_setting|break_app_storage_permission|unseat_sim_card[PERSONA:Easy]
risky_ps_linear,71,7,target_post_switch,target_favoring,False,repair_all,repair_all,True,True,True,True,0.0,0.0,7.399515,3.0,0.0659,7.465415,,,fast/deep/fast/fast/deep,fast/deep/deep/deep/deep,mostly_fast_vs_mostly_deep_required,fast_on_deep_required,False,2,0,3,11,[mms_issue]bad_wifi_calling|break_apn_mms_setting|break_app_sms_permission|unseat_sim_card[PERSONA:None]
risky_ps_linear,72,7,target_post_switch,target_favoring,False,repair_all,repair_all,True,True,True,True,0.0,0.0,5.33203,0.5,0.07600000000000001,5.408029999999999,,,deep/deep/deep/deep/deep,fast/deep/deep/deep/deep,mostly_deep_vs_mostly_deep_required,deep_on_fast_required,False,0,1,4,15,[mms_issue]bad_wifi_calling|break_apn_mms_setting|break_app_sms_permission|user_abroad_roaming_enabled_off[PERSONA:Easy]
risky_ps_linear,73,7,target_post_switch,target_favoring,False,repair_all,repair_all,True,True,True,True,0.0,0.0,4.58473,0.0,0.0741,4.65883,,,fast/deep/deep/deep/deep,fast/deep/deep/deep/deep,mostly_deep_vs_mostly_deep_required,all_stage_modes_match,True,0,0,5,13,[mms_issue]airplane_mode_on|bad_wifi_calling|break_apn_mms_setting|break_app_storage_permission|user_abroad_roaming_enabled_off[PERSONA:None]
risky_ps_linear,74,7,target_post_switch,target_favoring,False,repair_all,repair_all,True,True,True,True,0.0,0.0,7.78103,3.0,0.06480000000000001,7.84583,,,fast/deep/fast/deep/fast,fast/deep/deep/deep/deep,mostly_fast_vs_mostly_deep_required,fast_on_deep_required,False,2,0,3,12,[mms_issue]bad_wifi_calling|break_apn_mms_setting|break_app_storage_permission|data_mode_off|unseat_sim_card[PERSONA:None]
risky_ps_linear,75,7,target_post_switch,target_favoring,False,repair_all,transfer,False,False,True,False,18.5,14.5,5.74072,0.5,0.07650000000000001,24.31722,18.0,subset_mismatch_base_plus_linear;local_clear_failure_floor_10;invalid_local_transfer_floor_18,deep/deep/deep/deep/deep,fast/deep/deep/deep/deep,mostly_deep_vs_mostly_deep_required,deep_on_fast_required,False,0,1,4,15,[mms_issue]airplane_mode_on|bad_network_preference|bad_wifi_calling|break_apn_mms_setting|break_app_storage_permission|unseat_sim_card[PERSONA:Easy]
risky_ps_linear,76,7,target_post_switch,target_favoring,True,repair_subset,repair_subset,False,False,False,False,12.0,3.0,9.034245,3.5,0.0671,21.101345000000002,12.0,subset_mismatch_base_plus_linear;local_clear_failure_floor_10;local_clear_and_aux_failure_floor_12,deep/fast/fast/deep/deep,fast/deep/deep/deep/deep,mostly_deep_vs_mostly_deep_required,both_mismatch_types,False,2,1,2,13,[mms_issue]airplane_mode_on|bad_network_preference|bad_wifi_calling|break_apn_mms_setting|break_app_both_permissions|data_mode_off|data_usage_exceeded|unseat_sim_card|user_abroad_roaming_disabled_on[PERSONA:Hard]
risky_ps_linear,77,7,target_post_switch,target_favoring,True,repair_subset,transfer,False,False,False,False,23.5,19.5,8.66407,3.5,0.06520000000000001,32.22927,18.0,subset_mismatch_base_plus_linear;local_clear_failure_floor_10;local_clear_and_aux_failure_floor_12;invalid_local_transfer_floor_18,deep/fast/deep/deep/fast,fast/deep/deep/deep/deep,mostly_deep_vs_mostly_deep_required,both_mismatch_types,False,2,1,2,12,[mms_issue]airplane_mode_on|bad_network_preference|bad_wifi_calling|break_apn_mms_setting|break_app_sms_permission|data_mode_off|data_usage_exceeded|unseat_sim_card|user_abroad_roaming_disabled_on[PERSONA:None]
risky_ps_linear,78,7,target_post_switch,target_favoring,True,repair_subset,repair_subset,True,True,False,False,6.0,2.0,4.52999,0.0,0.0742,10.60419,6.0,clear_but_aux_failure_floor_6,fast/deep/deep/deep/deep,fast/deep/deep/deep/deep,mostly_deep_vs_mostly_deep_required,all_stage_modes_match,True,0,0,5,12,[mms_issue]airplane_mode_on|bad_network_preference|bad_wifi_calling|break_apn_mms_setting|break_app_both_permissions|data_mode_off|data_usage_exceeded|unseat_sim_card|user_abroad_roaming_enabled_off[PERSONA:Hard]
risky_ps_linear,79,7,target_post_switch,target_favoring,True,repair_all,repair_all,True,True,True,True,0.0,0.0,7.402475,1.5,0.07010000000000001,7.472575,,,fast/deep/fast/deep/deep,fast/deep/deep/deep/deep,mostly_deep_vs_mostly_deep_required,fast_on_deep_required,False,1,0,4,13,[mms_issue]airplane_mode_on|bad_network_preference|bad_wifi_calling|break_apn_mms_setting|break_app_sms_permission|data_mode_off|unseat_sim_card|user_abroad_roaming_enabled_off[PERSONA:None]
risky_ps_linear,80,8,target_post_switch,target_favoring,False,repair_all,repair_all,False,False,True,False,14.0,1.5,7.70914,3.0,0.0608,21.76994,14.0,subset_mismatch_base_plus_linear;local_clear_failure_floor_10;fast_path_on_deep_required_clear_failure_floor_14,fast/deep/fast/fast/deep,fast/deep/deep/deep/deep,mostly_fast_vs_mostly_deep_required,fast_on_deep_required,False,2,0,3,11,[mms_issue]bad_wifi_calling|break_apn_mms_setting|break_app_storage_permission|unseat_sim_card[PERSONA:Easy]
risky_ps_linear,81,8,target_post_switch,target_favoring,False,repair_all,repair_all,True,True,True,True,0.0,0.0,5.865175,1.5,0.0704,5.935575,,,fast/deep/fast/deep/deep,fast/deep/deep/deep/deep,mostly_deep_vs_mostly_deep_required,fast_on_deep_required,False,1,0,4,12,[mms_issue]bad_wifi_calling|break_apn_mms_setting|break_app_sms_permission|unseat_sim_card[PERSONA:None]
risky_ps_linear,82,8,target_post_switch,target_favoring,False,repair_all,repair_all,True,True,True,True,0.0,0.0,5.1282,0.5,0.07790000000000001,5.206099999999999,,,deep/deep/deep/deep/deep,fast/deep/deep/deep/deep,mostly_deep_vs_mostly_deep_required,deep_on_fast_required,False,0,1,4,14,[mms_issue]bad_wifi_calling|break_apn_mms_setting|break_app_sms_permission|user_abroad_roaming_enabled_off[PERSONA:Easy]
risky_ps_linear,83,8,target_post_switch,target_favoring,False,repair_all,repair_subset,False,False,True,False,10.0,5.0,6.20211,1.5,0.0736,16.27571,10.0,subset_mismatch_base_plus_linear;local_clear_failure_floor_10,fast/deep/deep/deep/fast,fast/deep/deep/deep/deep,mostly_deep_vs_mostly_deep_required,fast_on_deep_required,False,1,0,4,12,[mms_issue]airplane_mode_on|bad_wifi_calling|break_apn_mms_setting|break_app_storage_permission|user_abroad_roaming_enabled_off[PERSONA:None]
risky_ps_linear,84,8,target_post_switch,target_favoring,False,repair_all,repair_all,True,True,True,True,0.0,0.0,4.523275,0.0,0.0714,4.594675,,,fast/deep/deep/deep/deep,fast/deep/deep/deep/deep,mostly_deep_vs_mostly_deep_required,all_stage_modes_match,True,0,0,5,13,[mms_issue]bad_wifi_calling|break_apn_mms_setting|break_app_storage_permission|data_mode_off|unseat_sim_card[PERSONA:None]
risky_ps_linear,85,8,target_post_switch,target_favoring,False,repair_all,transfer,False,False,True,False,18.5,14.5,4.8807,0.0,0.0735,23.4542,18.0,subset_mismatch_base_plus_linear;local_clear_failure_floor_10;invalid_local_transfer_floor_18,fast/deep/deep/deep/deep,fast/deep/deep/deep/deep,mostly_deep_vs_mostly_deep_required,all_stage_modes_match,True,0,0,5,13,[mms_issue]airplane_mode_on|bad_network_preference|bad_wifi_calling|break_apn_mms_setting|break_app_storage_permission|unseat_sim_card[PERSONA:Easy]
risky_ps_linear,86,8,target_post_switch,target_favoring,True,repair_subset,repair_subset,False,False,True,False,23.0,19.0,4.31715,0.0,0.0742,27.391350000000003,10.0,subset_mismatch_base_plus_linear;local_clear_failure_floor_10,fast/deep/deep/deep/deep,fast/deep/deep/deep/deep,mostly_deep_vs_mostly_deep_required,all_stage_modes_match,True,0,0,5,12,[mms_issue]airplane_mode_on|bad_network_preference|bad_wifi_calling|break_apn_mms_setting|break_app_both_permissions|data_mode_off|data_usage_exceeded|unseat_sim_card|user_abroad_roaming_disabled_on[PERSONA:Hard]
risky_ps_linear,87,8,target_post_switch,target_favoring,True,repair_subset,transfer,False,False,False,False,22.5,18.5,9.130265,3.0,0.06330000000000001,31.693565,18.0,subset_mismatch_base_plus_linear;local_clear_failure_floor_10;local_clear_and_aux_failure_floor_12;fast_path_on_deep_required_clear_failure_floor_14;invalid_local_transfer_floor_18,fast/deep/fast/fast/deep,fast/deep/deep/deep/deep,mostly_fast_vs_mostly_deep_required,fast_on_deep_required,False,2,0,3,13,[mms_issue]airplane_mode_on|bad_network_preference|bad_wifi_calling|break_apn_mms_setting|break_app_sms_permission|data_mode_off|data_usage_exceeded|unseat_sim_card|user_abroad_roaming_disabled_on[PERSONA:None]
risky_ps_linear,88,8,target_post_switch,target_favoring,True,repair_subset,transfer,False,False,False,False,24.5,20.5,6.8054,1.5,0.07500000000000001,31.380399999999998,18.0,subset_mismatch_base_plus_linear;local_clear_failure_floor_10;local_clear_and_aux_failure_floor_12;invalid_local_transfer_floor_18,fast/deep/fast/deep/deep,fast/deep/deep/deep/deep,mostly_deep_vs_mostly_deep_required,fast_on_deep_required,False,1,0,4,13,[mms_issue]airplane_mode_on|bad_network_preference|bad_wifi_calling|break_apn_mms_setting|break_app_both_permissions|data_mode_off|data_usage_exceeded|unseat_sim_card|user_abroad_roaming_enabled_off[PERSONA:Hard]
risky_ps_linear,89,8,target_post_switch,target_favoring,True,repair_all,repair_all,True,True,True,True,0.0,0.0,5.636095,0.0,0.074,5.710095,,,fast/deep/deep/deep/deep,fast/deep/deep/deep/deep,mostly_deep_vs_mostly_deep_required,all_stage_modes_match,True,0,0,5,14,[mms_issue]airplane_mode_on|bad_network_preference|bad_wifi_calling|break_apn_mms_setting|break_app_sms_permission|data_mode_off|unseat_sim_card|user_abroad_roaming_enabled_off[PERSONA:None]
risky_ps_linear,90,9,target_post_switch,target_favoring,False,repair_all,repair_all,True,True,True,True,0.0,0.0,5.52056,1.5,0.0727,5.59326,,,fast/deep/fast/deep/deep,fast/deep/deep/deep/deep,mostly_deep_vs_mostly_deep_required,fast_on_deep_required,False,1,0,4,12,[mms_issue]bad_wifi_calling|break_apn_mms_setting|break_app_storage_permission|unseat_sim_card[PERSONA:Easy]
risky_ps_linear,91,9,target_post_switch,target_favoring,False,repair_all,repair_all,True,True,True,True,0.0,0.0,7.813095,3.0,0.0656,7.878695,,,fast/deep/deep/fast/fast,fast/deep/deep/deep/deep,mostly_fast_vs_mostly_deep_required,fast_on_deep_required,False,2,0,3,12,[mms_issue]bad_wifi_calling|break_apn_mms_setting|break_app_sms_permission|unseat_sim_card[PERSONA:None]
risky_ps_linear,92,9,target_post_switch,target_favoring,False,repair_all,repair_all,True,True,True,True,0.0,0.0,5.749915,1.5,0.0675,5.817415,,,fast/deep/fast/deep/deep,fast/deep/deep/deep/deep,mostly_deep_vs_mostly_deep_required,fast_on_deep_required,False,1,0,4,12,[mms_issue]bad_wifi_calling|break_apn_mms_setting|break_app_sms_permission|user_abroad_roaming_enabled_off[PERSONA:Easy]
risky_ps_linear,93,9,target_post_switch,target_favoring,False,repair_all,repair_all,True,True,True,True,0.0,0.0,6.255115,1.5,0.0729,6.328015,,,fast/deep/deep/fast/deep,fast/deep/deep/deep/deep,mostly_deep_vs_mostly_deep_required,fast_on_deep_required,False,1,0,4,12,[mms_issue]airplane_mode_on|bad_wifi_calling|break_apn_mms_setting|break_app_storage_permission|user_abroad_roaming_enabled_off[PERSONA:None]
risky_ps_linear,94,9,target_post_switch,target_favoring,False,repair_all,repair_all,True,True,True,True,0.0,0.0,5.626065,0.5,0.07600000000000001,5.702064999999999,,,deep/deep/deep/deep/deep,fast/deep/deep/deep/deep,mostly_deep_vs_mostly_deep_required,deep_on_fast_required,False,0,1,4,15,[mms_issue]bad_wifi_calling|break_apn_mms_setting|break_app_storage_permission|data_mode_off|unseat_sim_card[PERSONA:None]
risky_ps_linear,95,9,target_post_switch,target_favoring,False,repair_all,transfer,False,False,True,False,18.5,14.5,6.616685,1.5,0.07010000000000001,25.186785,18.0,subset_mismatch_base_plus_linear;local_clear_failure_floor_10;invalid_local_transfer_floor_18,fast/deep/fast/deep/deep,fast/deep/deep/deep/deep,mostly_deep_vs_mostly_deep_required,fast_on_deep_required,False,1,0,4,13,[mms_issue]airplane_mode_on|bad_network_preference|bad_wifi_calling|break_apn_mms_setting|break_app_storage_permission|unseat_sim_card[PERSONA:Easy]
risky_ps_linear,96,9,target_post_switch,target_favoring,True,repair_subset,repair_subset,True,True,False,False,6.0,2.0,5.07705,0.0,0.0776,11.15465,6.0,clear_but_aux_failure_floor_6,fast/deep/deep/deep/deep,fast/deep/deep/deep/deep,mostly_deep_vs_mostly_deep_required,all_stage_modes_match,True,0,0,5,13,[mms_issue]airplane_mode_on|bad_network_preference|bad_wifi_calling|break_apn_mms_setting|break_app_both_permissions|data_mode_off|data_usage_exceeded|unseat_sim_card|user_abroad_roaming_disabled_on[PERSONA:Hard]
risky_ps_linear,97,9,target_post_switch,target_favoring,True,repair_subset,repair_subset,False,False,False,False,18.0,14.0,5.51005,1.5,0.06920000000000001,23.57925,12.0,subset_mismatch_base_plus_linear;local_clear_failure_floor_10;local_clear_and_aux_failure_floor_12,fast/deep/deep/fast/deep,fast/deep/deep/deep/deep,mostly_deep_vs_mostly_deep_required,fast_on_deep_required,False,1,0,4,11,[mms_issue]airplane_mode_on|bad_network_preference|bad_wifi_calling|break_apn_mms_setting|break_app_sms_permission|data_mode_off|data_usage_exceeded|unseat_sim_card|user_abroad_roaming_disabled_on[PERSONA:None]
risky_ps_linear,98,9,target_post_switch,target_favoring,True,repair_subset,repair_subset,False,False,False,False,17.0,13.0,5.358825,0.0,0.074,22.432825,12.0,subset_mismatch_base_plus_linear;local_clear_failure_floor_10;local_clear_and_aux_failure_floor_12,fast/deep/deep/deep/deep,fast/deep/deep/deep/deep,mostly_deep_vs_mostly_deep_required,all_stage_modes_match,True,0,0,5,13,[mms_issue]airplane_mode_on|bad_network_preference|bad_wifi_calling|break_apn_mms_setting|break_app_both_permissions|data_mode_off|data_usage_exceeded|unseat_sim_card|user_abroad_roaming_enabled_off[PERSONA:Hard]
risky_ps_linear,99,9,target_post_switch,target_favoring,True,repair_all,repair_subset,False,False,False,False,21.0,17.0,5.34532,1.5,0.0733,26.41862,12.0,subset_mismatch_base_plus_linear;local_clear_failure_floor_10;local_clear_and_aux_failure_floor_12,fast/deep/deep/fast/deep,fast/deep/deep/deep/deep,mostly_deep_vs_mostly_deep_required,fast_on_deep_required,False,1,0,4,11,[mms_issue]airplane_mode_on|bad_network_preference|bad_wifi_calling|break_apn_mms_setting|break_app_sms_permission|data_mode_off|unseat_sim_card|user_abroad_roaming_enabled_off[PERSONA:None]
