method,snapshot_episode_index,snapshot_episode_1based,prefix_depth,prefix,parent_id,rank,child_id,child_prefix,prob,child_count,distribution_kind,freeze_mode
direct_multistage_exp3,25,26,0,[],ROOT,1,stage1_n1__from__root__c01,['stage1_n1__from__root__c01'],0.15457160512357912,5,stagewise_marginal_mixture,full_tree_child_marginal_at_switch
direct_multistage_exp3,25,26,0,[],ROOT,2,stage1_n2__from__root__c02,['stage1_n2__from__root__c02'],0.09414103443519249,5,stagewise_marginal_mixture,full_tree_child_marginal_at_switch
direct_multistage_exp3,25,26,0,[],ROOT,3,stage1_n3__from__root__c03,['stage1_n3__from__root__c03'],0.3462579958576717,5,stagewise_marginal_mixture,full_tree_child_marginal_at_switch
direct_multistage_exp3,25,26,0,[],ROOT,4,stage1_n4__from__root__c04,['stage1_n4__from__root__c04'],0.35587765400761295,5,stagewise_marginal_mixture,full_tree_child_marginal_at_switch
direct_multistage_exp3,25,26,0,[],ROOT,5,stage1_n5__from__root__c05,['stage1_n5__from__root__c05'],0.04915171057594379,5,stagewise_marginal_mixture,full_tree_child_marginal_at_switch
direct_multistage_exp3,25,26,1,['stage1_n1__from__root__c01'],stage1_n1__from__root__c01,1,stage2_n1__from__n0001__c01,"['stage1_n1__from__root__c01', 'stage2_n1__from__n0001__c01']",0.7212845408813963,3,stagewise_marginal_mixture,full_tree_child_marginal_at_switch
direct_multistage_exp3,25,26,1,['stage1_n1__from__root__c01'],stage1_n1__from__root__c01,2,stage2_n2__from__n0001__c02,"['stage1_n1__from__root__c01', 'stage2_n2__from__n0001__c02']",0.07991329870571434,3,stagewise_marginal_mixture,full_tree_child_marginal_at_switch
direct_multistage_exp3,25,26,1,['stage1_n1__from__root__c01'],stage1_n1__from__root__c01,3,stage2_n3__from__n0001__c03,"['stage1_n1__from__root__c01', 'stage2_n3__from__n0001__c03']",0.19880216041288942,3,stagewise_marginal_mixture,full_tree_child_marginal_at_switch
direct_multistage_exp3,25,26,1,['stage1_n2__from__root__c02'],stage1_n2__from__root__c02,1,stage2_n1__from__n0002__c01,"['stage1_n2__from__root__c02', 'stage2_n1__from__n0002__c01']",0.6894960392015423,3,stagewise_marginal_mixture,full_tree_child_marginal_at_switch
direct_multistage_exp3,25,26,1,['stage1_n2__from__root__c02'],stage1_n2__from__root__c02,2,stage2_n2__from__n0002__c02,"['stage1_n2__from__root__c02', 'stage2_n2__from__n0002__c02']",0.2485303343339946,3,stagewise_marginal_mixture,full_tree_child_marginal_at_switch
direct_multistage_exp3,25,26,1,['stage1_n2__from__root__c02'],stage1_n2__from__root__c02,3,stage2_n3__from__n0002__c03,"['stage1_n2__from__root__c02', 'stage2_n3__from__n0002__c03']",0.06197362646446314,3,stagewise_marginal_mixture,full_tree_child_marginal_at_switch
direct_multistage_exp3,25,26,1,['stage1_n3__from__root__c03'],stage1_n3__from__root__c03,1,stage2_n1__from__n0003__c01,"['stage1_n3__from__root__c03', 'stage2_n1__from__n0003__c01']",0.6033046890463413,3,stagewise_marginal_mixture,full_tree_child_marginal_at_switch
direct_multistage_exp3,25,26,1,['stage1_n3__from__root__c03'],stage1_n3__from__root__c03,2,stage2_n2__from__n0003__c02,"['stage1_n3__from__root__c03', 'stage2_n2__from__n0003__c02']",0.26790725843809554,3,stagewise_marginal_mixture,full_tree_child_marginal_at_switch
direct_multistage_exp3,25,26,1,['stage1_n3__from__root__c03'],stage1_n3__from__root__c03,3,stage2_n3__from__n0003__c03,"['stage1_n3__from__root__c03', 'stage2_n3__from__n0003__c03']",0.1287880525155633,3,stagewise_marginal_mixture,full_tree_child_marginal_at_switch
direct_multistage_exp3,25,26,1,['stage1_n4__from__root__c04'],stage1_n4__from__root__c04,1,stage2_n1__from__n0004__c01,"['stage1_n4__from__root__c04', 'stage2_n1__from__n0004__c01']",0.3536564413607955,5,stagewise_marginal_mixture,full_tree_child_marginal_at_switch
direct_multistage_exp3,25,26,1,['stage1_n4__from__root__c04'],stage1_n4__from__root__c04,2,stage2_n2__from__n0004__c02,"['stage1_n4__from__root__c04', 'stage2_n2__from__n0004__c02']",0.23472766706531184,5,stagewise_marginal_mixture,full_tree_child_marginal_at_switch
direct_multistage_exp3,25,26,1,['stage1_n4__from__root__c04'],stage1_n4__from__root__c04,3,stage2_n3__from__n0004__c03,"['stage1_n4__from__root__c04', 'stage2_n3__from__n0004__c03']",0.05647510162453603,5,stagewise_marginal_mixture,full_tree_child_marginal_at_switch
direct_multistage_exp3,25,26,1,['stage1_n4__from__root__c04'],stage1_n4__from__root__c04,4,stage2_n4__from__n0004__c04,"['stage1_n4__from__root__c04', 'stage2_n4__from__n0004__c04']",0.16403455114586907,5,stagewise_marginal_mixture,full_tree_child_marginal_at_switch
direct_multistage_exp3,25,26,1,['stage1_n4__from__root__c04'],stage1_n4__from__root__c04,5,stage2_n5__from__n0004__c05,"['stage1_n4__from__root__c04', 'stage2_n5__from__n0004__c05']",0.19110623880348754,5,stagewise_marginal_mixture,full_tree_child_marginal_at_switch
direct_multistage_exp3,25,26,1,['stage1_n5__from__root__c05'],stage1_n5__from__root__c05,1,stage2_n3__from__n0005__c01,"['stage1_n5__from__root__c05', 'stage2_n3__from__n0005__c01']",0.7079968159262425,3,stagewise_marginal_mixture,full_tree_child_marginal_at_switch
direct_multistage_exp3,25,26,1,['stage1_n5__from__root__c05'],stage1_n5__from__root__c05,2,stage2_n4__from__n0005__c02,"['stage1_n5__from__root__c05', 'stage2_n4__from__n0005__c02']",0.0423910875156789,3,stagewise_marginal_mixture,full_tree_child_marginal_at_switch
direct_multistage_exp3,25,26,1,['stage1_n5__from__root__c05'],stage1_n5__from__root__c05,3,stage2_n5__from__n0005__c03,"['stage1_n5__from__root__c05', 'stage2_n5__from__n0005__c03']",0.24961209655807856,3,stagewise_marginal_mixture,full_tree_child_marginal_at_switch
direct_multistage_exp3,25,26,2,"['stage1_n1__from__root__c01', 'stage2_n1__from__n0001__c01']",stage2_n1__from__n0001__c01,1,stage3_n1__from__n0006__c01,"['stage1_n1__from__root__c01', 'stage2_n1__from__n0001__c01', 'stage3_n1__from__n0006__c01']",0.3330826451284217,2,stagewise_marginal_mixture,full_tree_child_marginal_at_switch
direct_multistage_exp3,25,26,2,"['stage1_n1__from__root__c01', 'stage2_n1__from__n0001__c01']",stage2_n1__from__n0001__c01,2,stage3_n2__from__n0006__c02,"['stage1_n1__from__root__c01', 'stage2_n1__from__n0001__c01', 'stage3_n2__from__n0006__c02']",0.6669173548715783,2,stagewise_marginal_mixture,full_tree_child_marginal_at_switch
direct_multistage_exp3,25,26,2,"['stage1_n1__from__root__c01', 'stage2_n2__from__n0001__c02']",stage2_n2__from__n0001__c02,1,stage3_n2__from__n0007__c01,"['stage1_n1__from__root__c01', 'stage2_n2__from__n0001__c02', 'stage3_n2__from__n0007__c01']",0.4712974435883947,4,stagewise_marginal_mixture,full_tree_child_marginal_at_switch
direct_multistage_exp3,25,26,2,"['stage1_n1__from__root__c01', 'stage2_n2__from__n0001__c02']",stage2_n2__from__n0001__c02,2,stage3_n3__from__n0007__c02,"['stage1_n1__from__root__c01', 'stage2_n2__from__n0001__c02', 'stage3_n3__from__n0007__c02']",0.4712974435883947,4,stagewise_marginal_mixture,full_tree_child_marginal_at_switch
direct_multistage_exp3,25,26,2,"['stage1_n1__from__root__c01', 'stage2_n2__from__n0001__c02']",stage2_n2__from__n0001__c02,3,stage3_n4__from__n0007__c03,"['stage1_n1__from__root__c01', 'stage2_n2__from__n0001__c02', 'stage3_n4__from__n0007__c03']",0.056533720438819636,4,stagewise_marginal_mixture,full_tree_child_marginal_at_switch
direct_multistage_exp3,25,26,2,"['stage1_n1__from__root__c01', 'stage2_n2__from__n0001__c02']",stage2_n2__from__n0001__c02,4,stage3_n5__from__n0007__c04,"['stage1_n1__from__root__c01', 'stage2_n2__from__n0001__c02', 'stage3_n5__from__n0007__c04']",0.0008713923843910019,4,stagewise_marginal_mixture,full_tree_child_marginal_at_switch
direct_multistage_exp3,25,26,2,"['stage1_n1__from__root__c01', 'stage2_n3__from__n0001__c03']",stage2_n3__from__n0001__c03,1,stage3_n3__from__n0008__c01,"['stage1_n1__from__root__c01', 'stage2_n3__from__n0001__c03', 'stage3_n3__from__n0008__c01']",0.7938375004184585,3,stagewise_marginal_mixture,full_tree_child_marginal_at_switch
direct_multistage_exp3,25,26,2,"['stage1_n1__from__root__c01', 'stage2_n3__from__n0001__c03']",stage2_n3__from__n0001__c03,2,stage3_n4__from__n0008__c02,"['stage1_n1__from__root__c01', 'stage2_n3__from__n0001__c03', 'stage3_n4__from__n0008__c02']",0.09767752244355116,3,stagewise_marginal_mixture,full_tree_child_marginal_at_switch
direct_multistage_exp3,25,26,2,"['stage1_n1__from__root__c01', 'stage2_n3__from__n0001__c03']",stage2_n3__from__n0001__c03,3,stage3_n5__from__n0008__c03,"['stage1_n1__from__root__c01', 'stage2_n3__from__n0001__c03', 'stage3_n5__from__n0008__c03']",0.10848497713799041,3,stagewise_marginal_mixture,full_tree_child_marginal_at_switch
direct_multistage_exp3,25,26,2,"['stage1_n2__from__root__c02', 'stage2_n1__from__n0002__c01']",stage2_n1__from__n0002__c01,1,stage3_n1__from__n0009__c01,"['stage1_n2__from__root__c02', 'stage2_n1__from__n0002__c01', 'stage3_n1__from__n0009__c01']",0.8148103832716663,2,stagewise_marginal_mixture,full_tree_child_marginal_at_switch
direct_multistage_exp3,25,26,2,"['stage1_n2__from__root__c02', 'stage2_n1__from__n0002__c01']",stage2_n1__from__n0002__c01,2,stage3_n2__from__n0009__c02,"['stage1_n2__from__root__c02', 'stage2_n1__from__n0002__c01', 'stage3_n2__from__n0009__c02']",0.18518961672833364,2,stagewise_marginal_mixture,full_tree_child_marginal_at_switch
direct_multistage_exp3,25,26,2,"['stage1_n2__from__root__c02', 'stage2_n2__from__n0002__c02']",stage2_n2__from__n0002__c02,1,stage3_n2__from__n0010__c01,"['stage1_n2__from__root__c02', 'stage2_n2__from__n0002__c02', 'stage3_n2__from__n0010__c01']",0.4759133673941997,4,stagewise_marginal_mixture,full_tree_child_marginal_at_switch
direct_multistage_exp3,25,26,2,"['stage1_n2__from__root__c02', 'stage2_n2__from__n0002__c02']",stage2_n2__from__n0002__c02,2,stage3_n3__from__n0010__c02,"['stage1_n2__from__root__c02', 'stage2_n2__from__n0002__c02', 'stage3_n3__from__n0010__c02']",0.035233370324094425,4,stagewise_marginal_mixture,full_tree_child_marginal_at_switch
direct_multistage_exp3,25,26,2,"['stage1_n2__from__root__c02', 'stage2_n2__from__n0002__c02']",stage2_n2__from__n0002__c02,3,stage3_n4__from__n0010__c03,"['stage1_n2__from__root__c02', 'stage2_n2__from__n0002__c02', 'stage3_n4__from__n0010__c03']",0.4759133673941997,4,stagewise_marginal_mixture,full_tree_child_marginal_at_switch
direct_multistage_exp3,25,26,2,"['stage1_n2__from__root__c02', 'stage2_n2__from__n0002__c02']",stage2_n2__from__n0002__c02,4,stage3_n5__from__n0010__c04,"['stage1_n2__from__root__c02', 'stage2_n2__from__n0002__c02', 'stage3_n5__from__n0010__c04']",0.012939894887506178,4,stagewise_marginal_mixture,full_tree_child_marginal_at_switch
direct_multistage_exp3,25,26,2,"['stage1_n2__from__root__c02', 'stage2_n3__from__n0002__c03']",stage2_n3__from__n0002__c03,1,stage3_n3__from__n0011__c01,"['stage1_n2__from__root__c02', 'stage2_n3__from__n0002__c03', 'stage3_n3__from__n0011__c01']",0.14291563407110563,3,stagewise_marginal_mixture,full_tree_child_marginal_at_switch
direct_multistage_exp3,25,26,2,"['stage1_n2__from__root__c02', 'stage2_n3__from__n0002__c03']",stage2_n3__from__n0002__c03,2,stage3_n4__from__n0011__c02,"['stage1_n2__from__root__c02', 'stage2_n3__from__n0002__c03', 'stage3_n4__from__n0011__c02']",0.853719135501614,3,stagewise_marginal_mixture,full_tree_child_marginal_at_switch
direct_multistage_exp3,25,26,2,"['stage1_n2__from__root__c02', 'stage2_n3__from__n0002__c03']",stage2_n3__from__n0002__c03,3,stage3_n5__from__n0011__c03,"['stage1_n2__from__root__c02', 'stage2_n3__from__n0002__c03', 'stage3_n5__from__n0011__c03']",0.0033652304272803477,3,stagewise_marginal_mixture,full_tree_child_marginal_at_switch
direct_multistage_exp3,25,26,2,"['stage1_n3__from__root__c03', 'stage2_n1__from__n0003__c01']",stage2_n1__from__n0003__c01,1,stage3_n1__from__n0012__c01,"['stage1_n3__from__root__c03', 'stage2_n1__from__n0003__c01', 'stage3_n1__from__n0012__c01']",0.5,2,stagewise_marginal_mixture,full_tree_child_marginal_at_switch
direct_multistage_exp3,25,26,2,"['stage1_n3__from__root__c03', 'stage2_n1__from__n0003__c01']",stage2_n1__from__n0003__c01,2,stage3_n2__from__n0012__c02,"['stage1_n3__from__root__c03', 'stage2_n1__from__n0003__c01', 'stage3_n2__from__n0012__c02']",0.5,2,stagewise_marginal_mixture,full_tree_child_marginal_at_switch
direct_multistage_exp3,25,26,2,"['stage1_n3__from__root__c03', 'stage2_n2__from__n0003__c02']",stage2_n2__from__n0003__c02,1,stage3_n2__from__n0013__c01,"['stage1_n3__from__root__c03', 'stage2_n2__from__n0003__c02', 'stage3_n2__from__n0013__c01']",0.3290679753950734,4,stagewise_marginal_mixture,full_tree_child_marginal_at_switch
direct_multistage_exp3,25,26,2,"['stage1_n3__from__root__c03', 'stage2_n2__from__n0003__c02']",stage2_n2__from__n0003__c02,2,stage3_n3__from__n0013__c02,"['stage1_n3__from__root__c03', 'stage2_n2__from__n0003__c02', 'stage3_n3__from__n0013__c02']",0.012796073814779896,4,stagewise_marginal_mixture,full_tree_child_marginal_at_switch
direct_multistage_exp3,25,26,2,"['stage1_n3__from__root__c03', 'stage2_n2__from__n0003__c02']",stage2_n2__from__n0003__c02,3,stage3_n4__from__n0013__c03,"['stage1_n3__from__root__c03', 'stage2_n2__from__n0003__c02', 'stage3_n4__from__n0013__c03']",0.3290679753950734,4,stagewise_marginal_mixture,full_tree_child_marginal_at_switch
direct_multistage_exp3,25,26,2,"['stage1_n3__from__root__c03', 'stage2_n2__from__n0003__c02']",stage2_n2__from__n0003__c02,4,stage3_n5__from__n0013__c04,"['stage1_n3__from__root__c03', 'stage2_n2__from__n0003__c02', 'stage3_n5__from__n0013__c04']",0.3290679753950734,4,stagewise_marginal_mixture,full_tree_child_marginal_at_switch
direct_multistage_exp3,25,26,2,"['stage1_n3__from__root__c03', 'stage2_n3__from__n0003__c03']",stage2_n3__from__n0003__c03,1,stage3_n3__from__n0014__c01,"['stage1_n3__from__root__c03', 'stage2_n3__from__n0003__c03', 'stage3_n3__from__n0014__c01']",0.1224941999751664,3,stagewise_marginal_mixture,full_tree_child_marginal_at_switch
direct_multistage_exp3,25,26,2,"['stage1_n3__from__root__c03', 'stage2_n3__from__n0003__c03']",stage2_n3__from__n0003__c03,2,stage3_n4__from__n0014__c02,"['stage1_n3__from__root__c03', 'stage2_n3__from__n0003__c03', 'stage3_n4__from__n0014__c02']",0.7735604959307147,3,stagewise_marginal_mixture,full_tree_child_marginal_at_switch
direct_multistage_exp3,25,26,2,"['stage1_n3__from__root__c03', 'stage2_n3__from__n0003__c03']",stage2_n3__from__n0003__c03,3,stage3_n5__from__n0014__c03,"['stage1_n3__from__root__c03', 'stage2_n3__from__n0003__c03', 'stage3_n5__from__n0014__c03']",0.10394530409411891,3,stagewise_marginal_mixture,full_tree_child_marginal_at_switch
direct_multistage_exp3,25,26,2,"['stage1_n4__from__root__c04', 'stage2_n1__from__n0004__c01']",stage2_n1__from__n0004__c01,1,stage3_n1__from__n0015__c01,"['stage1_n4__from__root__c04', 'stage2_n1__from__n0004__c01', 'stage3_n1__from__n0015__c01']",0.5,2,stagewise_marginal_mixture,full_tree_child_marginal_at_switch
direct_multistage_exp3,25,26,2,"['stage1_n4__from__root__c04', 'stage2_n1__from__n0004__c01']",stage2_n1__from__n0004__c01,2,stage3_n2__from__n0015__c02,"['stage1_n4__from__root__c04', 'stage2_n1__from__n0004__c01', 'stage3_n2__from__n0015__c02']",0.5,2,stagewise_marginal_mixture,full_tree_child_marginal_at_switch
direct_multistage_exp3,25,26,2,"['stage1_n4__from__root__c04', 'stage2_n2__from__n0004__c02']",stage2_n2__from__n0004__c02,1,stage3_n2__from__n0016__c01,"['stage1_n4__from__root__c04', 'stage2_n2__from__n0004__c02', 'stage3_n2__from__n0016__c01']",0.3130813841162578,4,stagewise_marginal_mixture,full_tree_child_marginal_at_switch
direct_multistage_exp3,25,26,2,"['stage1_n4__from__root__c04', 'stage2_n2__from__n0004__c02']",stage2_n2__from__n0004__c02,2,stage3_n3__from__n0016__c02,"['stage1_n4__from__root__c04', 'stage2_n2__from__n0004__c02', 'stage3_n3__from__n0016__c02']",0.06075584765122658,4,stagewise_marginal_mixture,full_tree_child_marginal_at_switch
direct_multistage_exp3,25,26,2,"['stage1_n4__from__root__c04', 'stage2_n2__from__n0004__c02']",stage2_n2__from__n0004__c02,3,stage3_n4__from__n0016__c03,"['stage1_n4__from__root__c04', 'stage2_n2__from__n0004__c02', 'stage3_n4__from__n0016__c03']",0.3130813841162578,4,stagewise_marginal_mixture,full_tree_child_marginal_at_switch
direct_multistage_exp3,25,26,2,"['stage1_n4__from__root__c04', 'stage2_n2__from__n0004__c02']",stage2_n2__from__n0004__c02,4,stage3_n5__from__n0016__c04,"['stage1_n4__from__root__c04', 'stage2_n2__from__n0004__c02', 'stage3_n5__from__n0016__c04']",0.3130813841162578,4,stagewise_marginal_mixture,full_tree_child_marginal_at_switch
direct_multistage_exp3,25,26,2,"['stage1_n4__from__root__c04', 'stage2_n3__from__n0004__c03']",stage2_n3__from__n0004__c03,1,stage3_n3__from__n0017__c01,"['stage1_n4__from__root__c04', 'stage2_n3__from__n0004__c03', 'stage3_n3__from__n0017__c01']",0.0637332713371506,3,stagewise_marginal_mixture,full_tree_child_marginal_at_switch
direct_multistage_exp3,25,26,2,"['stage1_n4__from__root__c04', 'stage2_n3__from__n0004__c03']",stage2_n3__from__n0004__c03,2,stage3_n4__from__n0017__c02,"['stage1_n4__from__root__c04', 'stage2_n3__from__n0004__c03', 'stage3_n4__from__n0017__c02']",0.8280451668138609,3,stagewise_marginal_mixture,full_tree_child_marginal_at_switch
direct_multistage_exp3,25,26,2,"['stage1_n4__from__root__c04', 'stage2_n3__from__n0004__c03']",stage2_n3__from__n0004__c03,3,stage3_n5__from__n0017__c03,"['stage1_n4__from__root__c04', 'stage2_n3__from__n0004__c03', 'stage3_n5__from__n0017__c03']",0.10822156184898861,3,stagewise_marginal_mixture,full_tree_child_marginal_at_switch
direct_multistage_exp3,25,26,2,"['stage1_n4__from__root__c04', 'stage2_n4__from__n0004__c04']",stage2_n4__from__n0004__c04,1,stage3_n3__from__n0018__c01,"['stage1_n4__from__root__c04', 'stage2_n4__from__n0004__c04', 'stage3_n3__from__n0018__c01']",0.04752111762147354,3,stagewise_marginal_mixture,full_tree_child_marginal_at_switch
direct_multistage_exp3,25,26,2,"['stage1_n4__from__root__c04', 'stage2_n4__from__n0004__c04']",stage2_n4__from__n0004__c04,2,stage3_n4__from__n0018__c02,"['stage1_n4__from__root__c04', 'stage2_n4__from__n0004__c04', 'stage3_n4__from__n0018__c02']",0.4762394411892632,3,stagewise_marginal_mixture,full_tree_child_marginal_at_switch
direct_multistage_exp3,25,26,2,"['stage1_n4__from__root__c04', 'stage2_n4__from__n0004__c04']",stage2_n4__from__n0004__c04,3,stage3_n5__from__n0018__c03,"['stage1_n4__from__root__c04', 'stage2_n4__from__n0004__c04', 'stage3_n5__from__n0018__c03']",0.4762394411892632,3,stagewise_marginal_mixture,full_tree_child_marginal_at_switch
direct_multistage_exp3,25,26,2,"['stage1_n4__from__root__c04', 'stage2_n5__from__n0004__c05']",stage2_n5__from__n0004__c05,1,stage3_n3__from__n0019__c01,"['stage1_n4__from__root__c04', 'stage2_n5__from__n0004__c05', 'stage3_n3__from__n0019__c01']",0.07312580707047064,3,stagewise_marginal_mixture,full_tree_child_marginal_at_switch
direct_multistage_exp3,25,26,2,"['stage1_n4__from__root__c04', 'stage2_n5__from__n0004__c05']",stage2_n5__from__n0004__c05,2,stage3_n4__from__n0019__c02,"['stage1_n4__from__root__c04', 'stage2_n5__from__n0004__c05', 'stage3_n4__from__n0019__c02']",0.46343709646476466,3,stagewise_marginal_mixture,full_tree_child_marginal_at_switch
direct_multistage_exp3,25,26,2,"['stage1_n4__from__root__c04', 'stage2_n5__from__n0004__c05']",stage2_n5__from__n0004__c05,3,stage3_n5__from__n0019__c03,"['stage1_n4__from__root__c04', 'stage2_n5__from__n0004__c05', 'stage3_n5__from__n0019__c03']",0.46343709646476466,3,stagewise_marginal_mixture,full_tree_child_marginal_at_switch
direct_multistage_exp3,25,26,2,"['stage1_n5__from__root__c05', 'stage2_n3__from__n0005__c01']",stage2_n3__from__n0005__c01,1,stage3_n3__from__n0020__c01,"['stage1_n5__from__root__c05', 'stage2_n3__from__n0005__c01', 'stage3_n3__from__n0020__c01']",0.6527894964185672,3,stagewise_marginal_mixture,full_tree_child_marginal_at_switch
direct_multistage_exp3,25,26,2,"['stage1_n5__from__root__c05', 'stage2_n3__from__n0005__c01']",stage2_n3__from__n0005__c01,2,stage3_n4__from__n0020__c02,"['stage1_n5__from__root__c05', 'stage2_n3__from__n0005__c01', 'stage3_n4__from__n0020__c02']",0.12849022138885854,3,stagewise_marginal_mixture,full_tree_child_marginal_at_switch
direct_multistage_exp3,25,26,2,"['stage1_n5__from__root__c05', 'stage2_n3__from__n0005__c01']",stage2_n3__from__n0005__c01,3,stage3_n5__from__n0020__c03,"['stage1_n5__from__root__c05', 'stage2_n3__from__n0005__c01', 'stage3_n5__from__n0020__c03']",0.21872028219257425,3,stagewise_marginal_mixture,full_tree_child_marginal_at_switch
direct_multistage_exp3,25,26,2,"['stage1_n5__from__root__c05', 'stage2_n4__from__n0005__c02']",stage2_n4__from__n0005__c02,1,stage3_n3__from__n0021__c01,"['stage1_n5__from__root__c05', 'stage2_n4__from__n0005__c02', 'stage3_n3__from__n0021__c01']",4.385958129654981e-13,3,stagewise_marginal_mixture,full_tree_child_marginal_at_switch
direct_multistage_exp3,25,26,2,"['stage1_n5__from__root__c05', 'stage2_n4__from__n0005__c02']",stage2_n4__from__n0005__c02,2,stage3_n4__from__n0021__c02,"['stage1_n5__from__root__c05', 'stage2_n4__from__n0005__c02', 'stage3_n4__from__n0021__c02']",0.23203088831688443,3,stagewise_marginal_mixture,full_tree_child_marginal_at_switch
direct_multistage_exp3,25,26,2,"['stage1_n5__from__root__c05', 'stage2_n4__from__n0005__c02']",stage2_n4__from__n0005__c02,3,stage3_n5__from__n0021__c03,"['stage1_n5__from__root__c05', 'stage2_n4__from__n0005__c02', 'stage3_n5__from__n0021__c03']",0.767969111682677,3,stagewise_marginal_mixture,full_tree_child_marginal_at_switch
direct_multistage_exp3,25,26,2,"['stage1_n5__from__root__c05', 'stage2_n5__from__n0005__c03']",stage2_n5__from__n0005__c03,1,stage3_n3__from__n0022__c01,"['stage1_n5__from__root__c05', 'stage2_n5__from__n0005__c03', 'stage3_n3__from__n0022__c01']",0.8664504092028521,3,stagewise_marginal_mixture,full_tree_child_marginal_at_switch
direct_multistage_exp3,25,26,2,"['stage1_n5__from__root__c05', 'stage2_n5__from__n0005__c03']",stage2_n5__from__n0005__c03,2,stage3_n4__from__n0022__c02,"['stage1_n5__from__root__c05', 'stage2_n5__from__n0005__c03', 'stage3_n4__from__n0022__c02']",0.055761058108008306,3,stagewise_marginal_mixture,full_tree_child_marginal_at_switch
direct_multistage_exp3,25,26,2,"['stage1_n5__from__root__c05', 'stage2_n5__from__n0005__c03']",stage2_n5__from__n0005__c03,3,stage3_n5__from__n0022__c03,"['stage1_n5__from__root__c05', 'stage2_n5__from__n0005__c03', 'stage3_n5__from__n0022__c03']",0.07778853268913954,3,stagewise_marginal_mixture,full_tree_child_marginal_at_switch
direct_multistage_exp3,25,26,3,"['stage1_n1__from__root__c01', 'stage2_n1__from__n0001__c01', 'stage3_n1__from__n0006__c01']",stage3_n1__from__n0006__c01,1,stage4_n1__from__n0023__c01,"['stage1_n1__from__root__c01', 'stage2_n1__from__n0001__c01', 'stage3_n1__from__n0006__c01', 'stage4_n1__from__n0023__c01']",1.0,1,stagewise_marginal_mixture,full_tree_child_marginal_at_switch
direct_multistage_exp3,25,26,3,"['stage1_n1__from__root__c01', 'stage2_n1__from__n0001__c01', 'stage3_n2__from__n0006__c02']",stage3_n2__from__n0006__c02,1,stage4_n1__from__n0024__c01,"['stage1_n1__from__root__c01', 'stage2_n1__from__n0001__c01', 'stage3_n2__from__n0006__c02', 'stage4_n1__from__n0024__c01']",1.0,1,stagewise_marginal_mixture,full_tree_child_marginal_at_switch
direct_multistage_exp3,25,26,3,"['stage1_n1__from__root__c01', 'stage2_n2__from__n0001__c02', 'stage3_n2__from__n0007__c01']",stage3_n2__from__n0007__c01,1,stage4_n1__from__n0025__c01,"['stage1_n1__from__root__c01', 'stage2_n2__from__n0001__c02', 'stage3_n2__from__n0007__c01', 'stage4_n1__from__n0025__c01']",1.0,1,stagewise_marginal_mixture,full_tree_child_marginal_at_switch
direct_multistage_exp3,25,26,3,"['stage1_n1__from__root__c01', 'stage2_n2__from__n0001__c02', 'stage3_n3__from__n0007__c02']",stage3_n3__from__n0007__c02,1,stage4_n2__from__n0026__c01,"['stage1_n1__from__root__c01', 'stage2_n2__from__n0001__c02', 'stage3_n3__from__n0007__c02', 'stage4_n2__from__n0026__c01']",0.5,2,stagewise_marginal_mixture,full_tree_child_marginal_at_switch
direct_multistage_exp3,25,26,3,"['stage1_n1__from__root__c01', 'stage2_n2__from__n0001__c02', 'stage3_n3__from__n0007__c02']",stage3_n3__from__n0007__c02,2,stage4_n3__from__n0026__c02,"['stage1_n1__from__root__c01', 'stage2_n2__from__n0001__c02', 'stage3_n3__from__n0007__c02', 'stage4_n3__from__n0026__c02']",0.5,2,stagewise_marginal_mixture,full_tree_child_marginal_at_switch
direct_multistage_exp3,25,26,3,"['stage1_n1__from__root__c01', 'stage2_n2__from__n0001__c02', 'stage3_n4__from__n0007__c03']",stage3_n4__from__n0007__c03,1,stage4_n2__from__n0027__c01,"['stage1_n1__from__root__c01', 'stage2_n2__from__n0001__c02', 'stage3_n4__from__n0007__c03', 'stage4_n2__from__n0027__c01']",0.333310330705579,4,stagewise_marginal_mixture,full_tree_child_marginal_at_switch
direct_multistage_exp3,25,26,3,"['stage1_n1__from__root__c01', 'stage2_n2__from__n0001__c02', 'stage3_n4__from__n0007__c03']",stage3_n4__from__n0007__c03,2,stage4_n3__from__n0027__c02,"['stage1_n1__from__root__c01', 'stage2_n2__from__n0001__c02', 'stage3_n4__from__n0007__c03', 'stage4_n3__from__n0027__c02']",0.333310330705579,4,stagewise_marginal_mixture,full_tree_child_marginal_at_switch
direct_multistage_exp3,25,26,3,"['stage1_n1__from__root__c01', 'stage2_n2__from__n0001__c02', 'stage3_n4__from__n0007__c03']",stage3_n4__from__n0007__c03,3,stage4_n4__from__n0027__c03,"['stage1_n1__from__root__c01', 'stage2_n2__from__n0001__c02', 'stage3_n4__from__n0007__c03', 'stage4_n4__from__n0027__c03']",0.333310330705579,4,stagewise_marginal_mixture,full_tree_child_marginal_at_switch
direct_multistage_exp3,25,26,3,"['stage1_n1__from__root__c01', 'stage2_n2__from__n0001__c02', 'stage3_n4__from__n0007__c03']",stage3_n4__from__n0007__c03,4,stage4_n5__from__n0027__c04,"['stage1_n1__from__root__c01', 'stage2_n2__from__n0001__c02', 'stage3_n4__from__n0007__c03', 'stage4_n5__from__n0027__c04']",6.900788326291567e-05,4,stagewise_marginal_mixture,full_tree_child_marginal_at_switch
direct_multistage_exp3,25,26,3,"['stage1_n1__from__root__c01', 'stage2_n2__from__n0001__c02', 'stage3_n5__from__n0007__c04']",stage3_n5__from__n0007__c04,1,stage4_n2__from__n0028__c01,"['stage1_n1__from__root__c01', 'stage2_n2__from__n0001__c02', 'stage3_n5__from__n0007__c04', 'stage4_n2__from__n0028__c01']",3.895412461706539e-12,4,stagewise_marginal_mixture,full_tree_child_marginal_at_switch
direct_multistage_exp3,25,26,3,"['stage1_n1__from__root__c01', 'stage2_n2__from__n0001__c02', 'stage3_n5__from__n0007__c04']",stage3_n5__from__n0007__c04,2,stage4_n3__from__n0028__c02,"['stage1_n1__from__root__c01', 'stage2_n2__from__n0001__c02', 'stage3_n5__from__n0007__c04', 'stage4_n3__from__n0028__c02']",0.33333333333203485,4,stagewise_marginal_mixture,full_tree_child_marginal_at_switch
direct_multistage_exp3,25,26,3,"['stage1_n1__from__root__c01', 'stage2_n2__from__n0001__c02', 'stage3_n5__from__n0007__c04']",stage3_n5__from__n0007__c04,3,stage4_n4__from__n0028__c03,"['stage1_n1__from__root__c01', 'stage2_n2__from__n0001__c02', 'stage3_n5__from__n0007__c04', 'stage4_n4__from__n0028__c03']",0.33333333333203485,4,stagewise_marginal_mixture,full_tree_child_marginal_at_switch
direct_multistage_exp3,25,26,3,"['stage1_n1__from__root__c01', 'stage2_n2__from__n0001__c02', 'stage3_n5__from__n0007__c04']",stage3_n5__from__n0007__c04,4,stage4_n5__from__n0028__c04,"['stage1_n1__from__root__c01', 'stage2_n2__from__n0001__c02', 'stage3_n5__from__n0007__c04', 'stage4_n5__from__n0028__c04']",0.33333333333203485,4,stagewise_marginal_mixture,full_tree_child_marginal_at_switch
direct_multistage_exp3,25,26,3,"['stage1_n1__from__root__c01', 'stage2_n3__from__n0001__c03', 'stage3_n3__from__n0008__c01']",stage3_n3__from__n0008__c01,1,stage4_n2__from__n0029__c01,"['stage1_n1__from__root__c01', 'stage2_n3__from__n0001__c03', 'stage3_n3__from__n0008__c01', 'stage4_n2__from__n0029__c01']",0.5,2,stagewise_marginal_mixture,full_tree_child_marginal_at_switch
direct_multistage_exp3,25,26,3,"['stage1_n1__from__root__c01', 'stage2_n3__from__n0001__c03', 'stage3_n3__from__n0008__c01']",stage3_n3__from__n0008__c01,2,stage4_n3__from__n0029__c02,"['stage1_n1__from__root__c01', 'stage2_n3__from__n0001__c03', 'stage3_n3__from__n0008__c01', 'stage4_n3__from__n0029__c02']",0.5,2,stagewise_marginal_mixture,full_tree_child_marginal_at_switch
direct_multistage_exp3,25,26,3,"['stage1_n1__from__root__c01', 'stage2_n3__from__n0001__c03', 'stage3_n4__from__n0008__c02']",stage3_n4__from__n0008__c02,1,stage4_n2__from__n0030__c01,"['stage1_n1__from__root__c01', 'stage2_n3__from__n0001__c03', 'stage3_n4__from__n0008__c02', 'stage4_n2__from__n0030__c01']",0.33330786641434634,4,stagewise_marginal_mixture,full_tree_child_marginal_at_switch
direct_multistage_exp3,25,26,3,"['stage1_n1__from__root__c01', 'stage2_n3__from__n0001__c03', 'stage3_n4__from__n0008__c02']",stage3_n4__from__n0008__c02,2,stage4_n3__from__n0030__c02,"['stage1_n1__from__root__c01', 'stage2_n3__from__n0001__c03', 'stage3_n4__from__n0008__c02', 'stage4_n3__from__n0030__c02']",0.33330786641434634,4,stagewise_marginal_mixture,full_tree_child_marginal_at_switch
direct_multistage_exp3,25,26,3,"['stage1_n1__from__root__c01', 'stage2_n3__from__n0001__c03', 'stage3_n4__from__n0008__c02']",stage3_n4__from__n0008__c02,3,stage4_n4__from__n0030__c03,"['stage1_n1__from__root__c01', 'stage2_n3__from__n0001__c03', 'stage3_n4__from__n0008__c02', 'stage4_n4__from__n0030__c03']",0.33330786641434634,4,stagewise_marginal_mixture,full_tree_child_marginal_at_switch
direct_multistage_exp3,25,26,3,"['stage1_n1__from__root__c01', 'stage2_n3__from__n0001__c03', 'stage3_n4__from__n0008__c02']",stage3_n4__from__n0008__c02,4,stage4_n5__from__n0030__c04,"['stage1_n1__from__root__c01', 'stage2_n3__from__n0001__c03', 'stage3_n4__from__n0008__c02', 'stage4_n5__from__n0030__c04']",7.640075696099528e-05,4,stagewise_marginal_mixture,full_tree_child_marginal_at_switch
direct_multistage_exp3,25,26,3,"['stage1_n1__from__root__c01', 'stage2_n3__from__n0001__c03', 'stage3_n5__from__n0008__c03']",stage3_n5__from__n0008__c03,1,stage4_n2__from__n0031__c01,"['stage1_n1__from__root__c01', 'stage2_n3__from__n0001__c03', 'stage3_n5__from__n0008__c03', 'stage4_n2__from__n0031__c01']",0.33329458447011334,4,stagewise_marginal_mixture,full_tree_child_marginal_at_switch
direct_multistage_exp3,25,26,3,"['stage1_n1__from__root__c01', 'stage2_n3__from__n0001__c03', 'stage3_n5__from__n0008__c03']",stage3_n5__from__n0008__c03,2,stage4_n3__from__n0031__c02,"['stage1_n1__from__root__c01', 'stage2_n3__from__n0001__c03', 'stage3_n5__from__n0008__c03', 'stage4_n3__from__n0031__c02']",0.33329458447011334,4,stagewise_marginal_mixture,full_tree_child_marginal_at_switch
direct_multistage_exp3,25,26,3,"['stage1_n1__from__root__c01', 'stage2_n3__from__n0001__c03', 'stage3_n5__from__n0008__c03']",stage3_n5__from__n0008__c03,3,stage4_n4__from__n0031__c03,"['stage1_n1__from__root__c01', 'stage2_n3__from__n0001__c03', 'stage3_n5__from__n0008__c03', 'stage4_n4__from__n0031__c03']",0.33329458447011334,4,stagewise_marginal_mixture,full_tree_child_marginal_at_switch
direct_multistage_exp3,25,26,3,"['stage1_n1__from__root__c01', 'stage2_n3__from__n0001__c03', 'stage3_n5__from__n0008__c03']",stage3_n5__from__n0008__c03,4,stage4_n5__from__n0031__c04,"['stage1_n1__from__root__c01', 'stage2_n3__from__n0001__c03', 'stage3_n5__from__n0008__c03', 'stage4_n5__from__n0031__c04']",0.00011624658966001686,4,stagewise_marginal_mixture,full_tree_child_marginal_at_switch
direct_multistage_exp3,25,26,3,"['stage1_n2__from__root__c02', 'stage2_n1__from__n0002__c01', 'stage3_n1__from__n0009__c01']",stage3_n1__from__n0009__c01,1,stage4_n1__from__n0032__c01,"['stage1_n2__from__root__c02', 'stage2_n1__from__n0002__c01', 'stage3_n1__from__n0009__c01', 'stage4_n1__from__n0032__c01']",1.0,1,stagewise_marginal_mixture,full_tree_child_marginal_at_switch
direct_multistage_exp3,25,26,3,"['stage1_n2__from__root__c02', 'stage2_n1__from__n0002__c01', 'stage3_n2__from__n0009__c02']",stage3_n2__from__n0009__c02,1,stage4_n1__from__n0033__c01,"['stage1_n2__from__root__c02', 'stage2_n1__from__n0002__c01', 'stage3_n2__from__n0009__c02', 'stage4_n1__from__n0033__c01']",1.0,1,stagewise_marginal_mixture,full_tree_child_marginal_at_switch
direct_multistage_exp3,25,26,3,"['stage1_n2__from__root__c02', 'stage2_n2__from__n0002__c02', 'stage3_n2__from__n0010__c01']",stage3_n2__from__n0010__c01,1,stage4_n1__from__n0034__c01,"['stage1_n2__from__root__c02', 'stage2_n2__from__n0002__c02', 'stage3_n2__from__n0010__c01', 'stage4_n1__from__n0034__c01']",1.0,1,stagewise_marginal_mixture,full_tree_child_marginal_at_switch
direct_multistage_exp3,25,26,3,"['stage1_n2__from__root__c02', 'stage2_n2__from__n0002__c02', 'stage3_n3__from__n0010__c02']",stage3_n3__from__n0010__c02,1,stage4_n2__from__n0035__c01,"['stage1_n2__from__root__c02', 'stage2_n2__from__n0002__c02', 'stage3_n3__from__n0010__c02', 'stage4_n2__from__n0035__c01']",0.9945489678767551,2,stagewise_marginal_mixture,full_tree_child_marginal_at_switch
direct_multistage_exp3,25,26,3,"['stage1_n2__from__root__c02', 'stage2_n2__from__n0002__c02', 'stage3_n3__from__n0010__c02']",stage3_n3__from__n0010__c02,2,stage4_n3__from__n0035__c02,"['stage1_n2__from__root__c02', 'stage2_n2__from__n0002__c02', 'stage3_n3__from__n0010__c02', 'stage4_n3__from__n0035__c02']",0.0054510321232449045,2,stagewise_marginal_mixture,full_tree_child_marginal_at_switch
direct_multistage_exp3,25,26,3,"['stage1_n2__from__root__c02', 'stage2_n2__from__n0002__c02', 'stage3_n4__from__n0010__c03']",stage3_n4__from__n0010__c03,1,stage4_n2__from__n0036__c01,"['stage1_n2__from__root__c02', 'stage2_n2__from__n0002__c02', 'stage3_n4__from__n0010__c03', 'stage4_n2__from__n0036__c01']",0.25,4,stagewise_marginal_mixture,full_tree_child_marginal_at_switch
direct_multistage_exp3,25,26,3,"['stage1_n2__from__root__c02', 'stage2_n2__from__n0002__c02', 'stage3_n4__from__n0010__c03']",stage3_n4__from__n0010__c03,2,stage4_n3__from__n0036__c02,"['stage1_n2__from__root__c02', 'stage2_n2__from__n0002__c02', 'stage3_n4__from__n0010__c03', 'stage4_n3__from__n0036__c02']",0.25,4,stagewise_marginal_mixture,full_tree_child_marginal_at_switch
direct_multistage_exp3,25,26,3,"['stage1_n2__from__root__c02', 'stage2_n2__from__n0002__c02', 'stage3_n4__from__n0010__c03']",stage3_n4__from__n0010__c03,3,stage4_n4__from__n0036__c03,"['stage1_n2__from__root__c02', 'stage2_n2__from__n0002__c02', 'stage3_n4__from__n0010__c03', 'stage4_n4__from__n0036__c03']",0.25,4,stagewise_marginal_mixture,full_tree_child_marginal_at_switch
direct_multistage_exp3,25,26,3,"['stage1_n2__from__root__c02', 'stage2_n2__from__n0002__c02', 'stage3_n4__from__n0010__c03']",stage3_n4__from__n0010__c03,4,stage4_n5__from__n0036__c04,"['stage1_n2__from__root__c02', 'stage2_n2__from__n0002__c02', 'stage3_n4__from__n0010__c03', 'stage4_n5__from__n0036__c04']",0.25,4,stagewise_marginal_mixture,full_tree_child_marginal_at_switch
direct_multistage_exp3,25,26,3,"['stage1_n2__from__root__c02', 'stage2_n2__from__n0002__c02', 'stage3_n5__from__n0010__c04']",stage3_n5__from__n0010__c04,1,stage4_n2__from__n0037__c01,"['stage1_n2__from__root__c02', 'stage2_n2__from__n0002__c02', 'stage3_n5__from__n0010__c04', 'stage4_n2__from__n0037__c01']",0.333333272608156,4,stagewise_marginal_mixture,full_tree_child_marginal_at_switch
direct_multistage_exp3,25,26,3,"['stage1_n2__from__root__c02', 'stage2_n2__from__n0002__c02', 'stage3_n5__from__n0010__c04']",stage3_n5__from__n0010__c04,2,stage4_n3__from__n0037__c02,"['stage1_n2__from__root__c02', 'stage2_n2__from__n0002__c02', 'stage3_n5__from__n0010__c04', 'stage4_n3__from__n0037__c02']",0.333333272608156,4,stagewise_marginal_mixture,full_tree_child_marginal_at_switch
direct_multistage_exp3,25,26,3,"['stage1_n2__from__root__c02', 'stage2_n2__from__n0002__c02', 'stage3_n5__from__n0010__c04']",stage3_n5__from__n0010__c04,3,stage4_n4__from__n0037__c03,"['stage1_n2__from__root__c02', 'stage2_n2__from__n0002__c02', 'stage3_n5__from__n0010__c04', 'stage4_n4__from__n0037__c03']",1.821755321079713e-07,4,stagewise_marginal_mixture,full_tree_child_marginal_at_switch
direct_multistage_exp3,25,26,3,"['stage1_n2__from__root__c02', 'stage2_n2__from__n0002__c02', 'stage3_n5__from__n0010__c04']",stage3_n5__from__n0010__c04,4,stage4_n5__from__n0037__c04,"['stage1_n2__from__root__c02', 'stage2_n2__from__n0002__c02', 'stage3_n5__from__n0010__c04', 'stage4_n5__from__n0037__c04']",0.333333272608156,4,stagewise_marginal_mixture,full_tree_child_marginal_at_switch
direct_multistage_exp3,25,26,3,"['stage1_n2__from__root__c02', 'stage2_n3__from__n0002__c03', 'stage3_n3__from__n0011__c01']",stage3_n3__from__n0011__c01,1,stage4_n2__from__n0038__c01,"['stage1_n2__from__root__c02', 'stage2_n3__from__n0002__c03', 'stage3_n3__from__n0011__c01', 'stage4_n2__from__n0038__c01']",0.027260022739980592,2,stagewise_marginal_mixture,full_tree_child_marginal_at_switch
direct_multistage_exp3,25,26,3,"['stage1_n2__from__root__c02', 'stage2_n3__from__n0002__c03', 'stage3_n3__from__n0011__c01']",stage3_n3__from__n0011__c01,2,stage4_n3__from__n0038__c02,"['stage1_n2__from__root__c02', 'stage2_n3__from__n0002__c03', 'stage3_n3__from__n0011__c01', 'stage4_n3__from__n0038__c02']",0.9727399772600195,2,stagewise_marginal_mixture,full_tree_child_marginal_at_switch
direct_multistage_exp3,25,26,3,"['stage1_n2__from__root__c02', 'stage2_n3__from__n0002__c03', 'stage3_n4__from__n0011__c02']",stage3_n4__from__n0011__c02,1,stage4_n2__from__n0039__c01,"['stage1_n2__from__root__c02', 'stage2_n3__from__n0002__c03', 'stage3_n4__from__n0011__c02', 'stage4_n2__from__n0039__c01']",0.25,4,stagewise_marginal_mixture,full_tree_child_marginal_at_switch
direct_multistage_exp3,25,26,3,"['stage1_n2__from__root__c02', 'stage2_n3__from__n0002__c03', 'stage3_n4__from__n0011__c02']",stage3_n4__from__n0011__c02,2,stage4_n3__from__n0039__c02,"['stage1_n2__from__root__c02', 'stage2_n3__from__n0002__c03', 'stage3_n4__from__n0011__c02', 'stage4_n3__from__n0039__c02']",0.25,4,stagewise_marginal_mixture,full_tree_child_marginal_at_switch
direct_multistage_exp3,25,26,3,"['stage1_n2__from__root__c02', 'stage2_n3__from__n0002__c03', 'stage3_n4__from__n0011__c02']",stage3_n4__from__n0011__c02,3,stage4_n4__from__n0039__c03,"['stage1_n2__from__root__c02', 'stage2_n3__from__n0002__c03', 'stage3_n4__from__n0011__c02', 'stage4_n4__from__n0039__c03']",0.25,4,stagewise_marginal_mixture,full_tree_child_marginal_at_switch
direct_multistage_exp3,25,26,3,"['stage1_n2__from__root__c02', 'stage2_n3__from__n0002__c03', 'stage3_n4__from__n0011__c02']",stage3_n4__from__n0011__c02,4,stage4_n5__from__n0039__c04,"['stage1_n2__from__root__c02', 'stage2_n3__from__n0002__c03', 'stage3_n4__from__n0011__c02', 'stage4_n5__from__n0039__c04']",0.25,4,stagewise_marginal_mixture,full_tree_child_marginal_at_switch
direct_multistage_exp3,25,26,3,"['stage1_n2__from__root__c02', 'stage2_n3__from__n0002__c03', 'stage3_n5__from__n0011__c03']",stage3_n5__from__n0011__c03,1,stage4_n2__from__n0040__c01,"['stage1_n2__from__root__c02', 'stage2_n3__from__n0002__c03', 'stage3_n5__from__n0011__c03', 'stage4_n2__from__n0040__c01']",0.3333333333065073,4,stagewise_marginal_mixture,full_tree_child_marginal_at_switch
direct_multistage_exp3,25,26,3,"['stage1_n2__from__root__c02', 'stage2_n3__from__n0002__c03', 'stage3_n5__from__n0011__c03']",stage3_n5__from__n0011__c03,2,stage4_n3__from__n0040__c02,"['stage1_n2__from__root__c02', 'stage2_n3__from__n0002__c03', 'stage3_n5__from__n0011__c03', 'stage4_n3__from__n0040__c02']",0.3333333333065073,4,stagewise_marginal_mixture,full_tree_child_marginal_at_switch
direct_multistage_exp3,25,26,3,"['stage1_n2__from__root__c02', 'stage2_n3__from__n0002__c03', 'stage3_n5__from__n0011__c03']",stage3_n5__from__n0011__c03,3,stage4_n4__from__n0040__c03,"['stage1_n2__from__root__c02', 'stage2_n3__from__n0002__c03', 'stage3_n5__from__n0011__c03', 'stage4_n4__from__n0040__c03']",0.3333333333065073,4,stagewise_marginal_mixture,full_tree_child_marginal_at_switch
direct_multistage_exp3,25,26,3,"['stage1_n2__from__root__c02', 'stage2_n3__from__n0002__c03', 'stage3_n5__from__n0011__c03']",stage3_n5__from__n0011__c03,4,stage4_n5__from__n0040__c04,"['stage1_n2__from__root__c02', 'stage2_n3__from__n0002__c03', 'stage3_n5__from__n0011__c03', 'stage4_n5__from__n0040__c04']",8.047813612285798e-11,4,stagewise_marginal_mixture,full_tree_child_marginal_at_switch
direct_multistage_exp3,25,26,3,"['stage1_n3__from__root__c03', 'stage2_n1__from__n0003__c01', 'stage3_n1__from__n0012__c01']",stage3_n1__from__n0012__c01,1,stage4_n1__from__n0041__c01,"['stage1_n3__from__root__c03', 'stage2_n1__from__n0003__c01', 'stage3_n1__from__n0012__c01', 'stage4_n1__from__n0041__c01']",1.0,1,stagewise_marginal_mixture,full_tree_child_marginal_at_switch
direct_multistage_exp3,25,26,3,"['stage1_n3__from__root__c03', 'stage2_n1__from__n0003__c01', 'stage3_n2__from__n0012__c02']",stage3_n2__from__n0012__c02,1,stage4_n1__from__n0042__c01,"['stage1_n3__from__root__c03', 'stage2_n1__from__n0003__c01', 'stage3_n2__from__n0012__c02', 'stage4_n1__from__n0042__c01']",1.0,1,stagewise_marginal_mixture,full_tree_child_marginal_at_switch
direct_multistage_exp3,25,26,3,"['stage1_n3__from__root__c03', 'stage2_n2__from__n0003__c02', 'stage3_n2__from__n0013__c01']",stage3_n2__from__n0013__c01,1,stage4_n1__from__n0043__c01,"['stage1_n3__from__root__c03', 'stage2_n2__from__n0003__c02', 'stage3_n2__from__n0013__c01', 'stage4_n1__from__n0043__c01']",1.0,1,stagewise_marginal_mixture,full_tree_child_marginal_at_switch
direct_multistage_exp3,25,26,3,"['stage1_n3__from__root__c03', 'stage2_n2__from__n0003__c02', 'stage3_n3__from__n0013__c02']",stage3_n3__from__n0013__c02,1,stage4_n2__from__n0044__c01,"['stage1_n3__from__root__c03', 'stage2_n2__from__n0003__c02', 'stage3_n3__from__n0013__c02', 'stage4_n2__from__n0044__c01']",0.9984901770183777,2,stagewise_marginal_mixture,full_tree_child_marginal_at_switch
direct_multistage_exp3,25,26,3,"['stage1_n3__from__root__c03', 'stage2_n2__from__n0003__c02', 'stage3_n3__from__n0013__c02']",stage3_n3__from__n0013__c02,2,stage4_n3__from__n0044__c02,"['stage1_n3__from__root__c03', 'stage2_n2__from__n0003__c02', 'stage3_n3__from__n0013__c02', 'stage4_n3__from__n0044__c02']",0.0015098229816222495,2,stagewise_marginal_mixture,full_tree_child_marginal_at_switch
direct_multistage_exp3,25,26,3,"['stage1_n3__from__root__c03', 'stage2_n2__from__n0003__c02', 'stage3_n4__from__n0013__c03']",stage3_n4__from__n0013__c03,1,stage4_n2__from__n0045__c01,"['stage1_n3__from__root__c03', 'stage2_n2__from__n0003__c02', 'stage3_n4__from__n0013__c03', 'stage4_n2__from__n0045__c01']",0.25,4,stagewise_marginal_mixture,full_tree_child_marginal_at_switch
direct_multistage_exp3,25,26,3,"['stage1_n3__from__root__c03', 'stage2_n2__from__n0003__c02', 'stage3_n4__from__n0013__c03']",stage3_n4__from__n0013__c03,2,stage4_n3__from__n0045__c02,"['stage1_n3__from__root__c03', 'stage2_n2__from__n0003__c02', 'stage3_n4__from__n0013__c03', 'stage4_n3__from__n0045__c02']",0.25,4,stagewise_marginal_mixture,full_tree_child_marginal_at_switch
direct_multistage_exp3,25,26,3,"['stage1_n3__from__root__c03', 'stage2_n2__from__n0003__c02', 'stage3_n4__from__n0013__c03']",stage3_n4__from__n0013__c03,3,stage4_n4__from__n0045__c03,"['stage1_n3__from__root__c03', 'stage2_n2__from__n0003__c02', 'stage3_n4__from__n0013__c03', 'stage4_n4__from__n0045__c03']",0.25,4,stagewise_marginal_mixture,full_tree_child_marginal_at_switch
direct_multistage_exp3,25,26,3,"['stage1_n3__from__root__c03', 'stage2_n2__from__n0003__c02', 'stage3_n4__from__n0013__c03']",stage3_n4__from__n0013__c03,4,stage4_n5__from__n0045__c04,"['stage1_n3__from__root__c03', 'stage2_n2__from__n0003__c02', 'stage3_n4__from__n0013__c03', 'stage4_n5__from__n0045__c04']",0.25,4,stagewise_marginal_mixture,full_tree_child_marginal_at_switch
direct_multistage_exp3,25,26,3,"['stage1_n3__from__root__c03', 'stage2_n2__from__n0003__c02', 'stage3_n5__from__n0013__c04']",stage3_n5__from__n0013__c04,1,stage4_n2__from__n0046__c01,"['stage1_n3__from__root__c03', 'stage2_n2__from__n0003__c02', 'stage3_n5__from__n0013__c04', 'stage4_n2__from__n0046__c01']",0.25,4,stagewise_marginal_mixture,full_tree_child_marginal_at_switch
direct_multistage_exp3,25,26,3,"['stage1_n3__from__root__c03', 'stage2_n2__from__n0003__c02', 'stage3_n5__from__n0013__c04']",stage3_n5__from__n0013__c04,2,stage4_n3__from__n0046__c02,"['stage1_n3__from__root__c03', 'stage2_n2__from__n0003__c02', 'stage3_n5__from__n0013__c04', 'stage4_n3__from__n0046__c02']",0.25,4,stagewise_marginal_mixture,full_tree_child_marginal_at_switch
direct_multistage_exp3,25,26,3,"['stage1_n3__from__root__c03', 'stage2_n2__from__n0003__c02', 'stage3_n5__from__n0013__c04']",stage3_n5__from__n0013__c04,3,stage4_n4__from__n0046__c03,"['stage1_n3__from__root__c03', 'stage2_n2__from__n0003__c02', 'stage3_n5__from__n0013__c04', 'stage4_n4__from__n0046__c03']",0.25,4,stagewise_marginal_mixture,full_tree_child_marginal_at_switch
direct_multistage_exp3,25,26,3,"['stage1_n3__from__root__c03', 'stage2_n2__from__n0003__c02', 'stage3_n5__from__n0013__c04']",stage3_n5__from__n0013__c04,4,stage4_n5__from__n0046__c04,"['stage1_n3__from__root__c03', 'stage2_n2__from__n0003__c02', 'stage3_n5__from__n0013__c04', 'stage4_n5__from__n0046__c04']",0.25,4,stagewise_marginal_mixture,full_tree_child_marginal_at_switch
direct_multistage_exp3,25,26,3,"['stage1_n3__from__root__c03', 'stage2_n3__from__n0003__c03', 'stage3_n3__from__n0014__c01']",stage3_n3__from__n0014__c01,1,stage4_n2__from__n0047__c01,"['stage1_n3__from__root__c03', 'stage2_n3__from__n0003__c03', 'stage3_n3__from__n0014__c01', 'stage4_n2__from__n0047__c01']",0.9755382904453059,2,stagewise_marginal_mixture,full_tree_child_marginal_at_switch
direct_multistage_exp3,25,26,3,"['stage1_n3__from__root__c03', 'stage2_n3__from__n0003__c03', 'stage3_n3__from__n0014__c01']",stage3_n3__from__n0014__c01,2,stage4_n3__from__n0047__c02,"['stage1_n3__from__root__c03', 'stage2_n3__from__n0003__c03', 'stage3_n3__from__n0014__c01', 'stage4_n3__from__n0047__c02']",0.024461709554694084,2,stagewise_marginal_mixture,full_tree_child_marginal_at_switch
direct_multistage_exp3,25,26,3,"['stage1_n3__from__root__c03', 'stage2_n3__from__n0003__c03', 'stage3_n4__from__n0014__c02']",stage3_n4__from__n0014__c02,1,stage4_n2__from__n0048__c01,"['stage1_n3__from__root__c03', 'stage2_n3__from__n0003__c03', 'stage3_n4__from__n0014__c02', 'stage4_n2__from__n0048__c01']",0.25,4,stagewise_marginal_mixture,full_tree_child_marginal_at_switch
direct_multistage_exp3,25,26,3,"['stage1_n3__from__root__c03', 'stage2_n3__from__n0003__c03', 'stage3_n4__from__n0014__c02']",stage3_n4__from__n0014__c02,2,stage4_n3__from__n0048__c02,"['stage1_n3__from__root__c03', 'stage2_n3__from__n0003__c03', 'stage3_n4__from__n0014__c02', 'stage4_n3__from__n0048__c02']",0.25,4,stagewise_marginal_mixture,full_tree_child_marginal_at_switch
direct_multistage_exp3,25,26,3,"['stage1_n3__from__root__c03', 'stage2_n3__from__n0003__c03', 'stage3_n4__from__n0014__c02']",stage3_n4__from__n0014__c02,3,stage4_n4__from__n0048__c03,"['stage1_n3__from__root__c03', 'stage2_n3__from__n0003__c03', 'stage3_n4__from__n0014__c02', 'stage4_n4__from__n0048__c03']",0.25,4,stagewise_marginal_mixture,full_tree_child_marginal_at_switch
direct_multistage_exp3,25,26,3,"['stage1_n3__from__root__c03', 'stage2_n3__from__n0003__c03', 'stage3_n4__from__n0014__c02']",stage3_n4__from__n0014__c02,4,stage4_n5__from__n0048__c04,"['stage1_n3__from__root__c03', 'stage2_n3__from__n0003__c03', 'stage3_n4__from__n0014__c02', 'stage4_n5__from__n0048__c04']",0.25,4,stagewise_marginal_mixture,full_tree_child_marginal_at_switch
direct_multistage_exp3,25,26,3,"['stage1_n3__from__root__c03', 'stage2_n3__from__n0003__c03', 'stage3_n5__from__n0014__c03']",stage3_n5__from__n0014__c03,1,stage4_n2__from__n0049__c01,"['stage1_n3__from__root__c03', 'stage2_n3__from__n0003__c03', 'stage3_n5__from__n0014__c03', 'stage4_n2__from__n0049__c01']",0.3332971129818047,4,stagewise_marginal_mixture,full_tree_child_marginal_at_switch
direct_multistage_exp3,25,26,3,"['stage1_n3__from__root__c03', 'stage2_n3__from__n0003__c03', 'stage3_n5__from__n0014__c03']",stage3_n5__from__n0014__c03,2,stage4_n3__from__n0049__c02,"['stage1_n3__from__root__c03', 'stage2_n3__from__n0003__c03', 'stage3_n5__from__n0014__c03', 'stage4_n3__from__n0049__c02']",0.3332971129818047,4,stagewise_marginal_mixture,full_tree_child_marginal_at_switch
direct_multistage_exp3,25,26,3,"['stage1_n3__from__root__c03', 'stage2_n3__from__n0003__c03', 'stage3_n5__from__n0014__c03']",stage3_n5__from__n0014__c03,3,stage4_n4__from__n0049__c03,"['stage1_n3__from__root__c03', 'stage2_n3__from__n0003__c03', 'stage3_n5__from__n0014__c03', 'stage4_n4__from__n0049__c03']",0.3332971129818047,4,stagewise_marginal_mixture,full_tree_child_marginal_at_switch
direct_multistage_exp3,25,26,3,"['stage1_n3__from__root__c03', 'stage2_n3__from__n0003__c03', 'stage3_n5__from__n0014__c03']",stage3_n5__from__n0014__c03,4,stage4_n5__from__n0049__c04,"['stage1_n3__from__root__c03', 'stage2_n3__from__n0003__c03', 'stage3_n5__from__n0014__c03', 'stage4_n5__from__n0049__c04']",0.00010866105458592991,4,stagewise_marginal_mixture,full_tree_child_marginal_at_switch
direct_multistage_exp3,25,26,3,"['stage1_n4__from__root__c04', 'stage2_n1__from__n0004__c01', 'stage3_n1__from__n0015__c01']",stage3_n1__from__n0015__c01,1,stage4_n1__from__n0050__c01,"['stage1_n4__from__root__c04', 'stage2_n1__from__n0004__c01', 'stage3_n1__from__n0015__c01', 'stage4_n1__from__n0050__c01']",1.0,1,stagewise_marginal_mixture,full_tree_child_marginal_at_switch
direct_multistage_exp3,25,26,3,"['stage1_n4__from__root__c04', 'stage2_n1__from__n0004__c01', 'stage3_n2__from__n0015__c02']",stage3_n2__from__n0015__c02,1,stage4_n1__from__n0051__c01,"['stage1_n4__from__root__c04', 'stage2_n1__from__n0004__c01', 'stage3_n2__from__n0015__c02', 'stage4_n1__from__n0051__c01']",1.0,1,stagewise_marginal_mixture,full_tree_child_marginal_at_switch
direct_multistage_exp3,25,26,3,"['stage1_n4__from__root__c04', 'stage2_n2__from__n0004__c02', 'stage3_n2__from__n0016__c01']",stage3_n2__from__n0016__c01,1,stage4_n1__from__n0052__c01,"['stage1_n4__from__root__c04', 'stage2_n2__from__n0004__c02', 'stage3_n2__from__n0016__c01', 'stage4_n1__from__n0052__c01']",1.0,1,stagewise_marginal_mixture,full_tree_child_marginal_at_switch
direct_multistage_exp3,25,26,3,"['stage1_n4__from__root__c04', 'stage2_n2__from__n0004__c02', 'stage3_n3__from__n0016__c02']",stage3_n3__from__n0016__c02,1,stage4_n2__from__n0053__c01,"['stage1_n4__from__root__c04', 'stage2_n2__from__n0004__c02', 'stage3_n3__from__n0016__c02', 'stage4_n2__from__n0053__c01']",0.9637083027585788,2,stagewise_marginal_mixture,full_tree_child_marginal_at_switch
direct_multistage_exp3,25,26,3,"['stage1_n4__from__root__c04', 'stage2_n2__from__n0004__c02', 'stage3_n3__from__n0016__c02']",stage3_n3__from__n0016__c02,2,stage4_n3__from__n0053__c02,"['stage1_n4__from__root__c04', 'stage2_n2__from__n0004__c02', 'stage3_n3__from__n0016__c02', 'stage4_n3__from__n0053__c02']",0.036291697241421284,2,stagewise_marginal_mixture,full_tree_child_marginal_at_switch
direct_multistage_exp3,25,26,3,"['stage1_n4__from__root__c04', 'stage2_n2__from__n0004__c02', 'stage3_n4__from__n0016__c03']",stage3_n4__from__n0016__c03,1,stage4_n2__from__n0054__c01,"['stage1_n4__from__root__c04', 'stage2_n2__from__n0004__c02', 'stage3_n4__from__n0016__c03', 'stage4_n2__from__n0054__c01']",0.25,4,stagewise_marginal_mixture,full_tree_child_marginal_at_switch
direct_multistage_exp3,25,26,3,"['stage1_n4__from__root__c04', 'stage2_n2__from__n0004__c02', 'stage3_n4__from__n0016__c03']",stage3_n4__from__n0016__c03,2,stage4_n3__from__n0054__c02,"['stage1_n4__from__root__c04', 'stage2_n2__from__n0004__c02', 'stage3_n4__from__n0016__c03', 'stage4_n3__from__n0054__c02']",0.25,4,stagewise_marginal_mixture,full_tree_child_marginal_at_switch
direct_multistage_exp3,25,26,3,"['stage1_n4__from__root__c04', 'stage2_n2__from__n0004__c02', 'stage3_n4__from__n0016__c03']",stage3_n4__from__n0016__c03,3,stage4_n4__from__n0054__c03,"['stage1_n4__from__root__c04', 'stage2_n2__from__n0004__c02', 'stage3_n4__from__n0016__c03', 'stage4_n4__from__n0054__c03']",0.25,4,stagewise_marginal_mixture,full_tree_child_marginal_at_switch
direct_multistage_exp3,25,26,3,"['stage1_n4__from__root__c04', 'stage2_n2__from__n0004__c02', 'stage3_n4__from__n0016__c03']",stage3_n4__from__n0016__c03,4,stage4_n5__from__n0054__c04,"['stage1_n4__from__root__c04', 'stage2_n2__from__n0004__c02', 'stage3_n4__from__n0016__c03', 'stage4_n5__from__n0054__c04']",0.25,4,stagewise_marginal_mixture,full_tree_child_marginal_at_switch
direct_multistage_exp3,25,26,3,"['stage1_n4__from__root__c04', 'stage2_n2__from__n0004__c02', 'stage3_n5__from__n0016__c04']",stage3_n5__from__n0016__c04,1,stage4_n2__from__n0055__c01,"['stage1_n4__from__root__c04', 'stage2_n2__from__n0004__c02', 'stage3_n5__from__n0016__c04', 'stage4_n2__from__n0055__c01']",0.25,4,stagewise_marginal_mixture,full_tree_child_marginal_at_switch
direct_multistage_exp3,25,26,3,"['stage1_n4__from__root__c04', 'stage2_n2__from__n0004__c02', 'stage3_n5__from__n0016__c04']",stage3_n5__from__n0016__c04,2,stage4_n3__from__n0055__c02,"['stage1_n4__from__root__c04', 'stage2_n2__from__n0004__c02', 'stage3_n5__from__n0016__c04', 'stage4_n3__from__n0055__c02']",0.25,4,stagewise_marginal_mixture,full_tree_child_marginal_at_switch
direct_multistage_exp3,25,26,3,"['stage1_n4__from__root__c04', 'stage2_n2__from__n0004__c02', 'stage3_n5__from__n0016__c04']",stage3_n5__from__n0016__c04,3,stage4_n4__from__n0055__c03,"['stage1_n4__from__root__c04', 'stage2_n2__from__n0004__c02', 'stage3_n5__from__n0016__c04', 'stage4_n4__from__n0055__c03']",0.25,4,stagewise_marginal_mixture,full_tree_child_marginal_at_switch
direct_multistage_exp3,25,26,3,"['stage1_n4__from__root__c04', 'stage2_n2__from__n0004__c02', 'stage3_n5__from__n0016__c04']",stage3_n5__from__n0016__c04,4,stage4_n5__from__n0055__c04,"['stage1_n4__from__root__c04', 'stage2_n2__from__n0004__c02', 'stage3_n5__from__n0016__c04', 'stage4_n5__from__n0055__c04']",0.25,4,stagewise_marginal_mixture,full_tree_child_marginal_at_switch
direct_multistage_exp3,25,26,3,"['stage1_n4__from__root__c04', 'stage2_n3__from__n0004__c03', 'stage3_n3__from__n0017__c01']",stage3_n3__from__n0017__c01,1,stage4_n2__from__n0056__c01,"['stage1_n4__from__root__c04', 'stage2_n3__from__n0004__c03', 'stage3_n3__from__n0017__c01', 'stage4_n2__from__n0056__c01']",0.005889238512776302,2,stagewise_marginal_mixture,full_tree_child_marginal_at_switch
direct_multistage_exp3,25,26,3,"['stage1_n4__from__root__c04', 'stage2_n3__from__n0004__c03', 'stage3_n3__from__n0017__c01']",stage3_n3__from__n0017__c01,2,stage4_n3__from__n0056__c02,"['stage1_n4__from__root__c04', 'stage2_n3__from__n0004__c03', 'stage3_n3__from__n0017__c01', 'stage4_n3__from__n0056__c02']",0.9941107614872237,2,stagewise_marginal_mixture,full_tree_child_marginal_at_switch
direct_multistage_exp3,25,26,3,"['stage1_n4__from__root__c04', 'stage2_n3__from__n0004__c03', 'stage3_n4__from__n0017__c02']",stage3_n4__from__n0017__c02,1,stage4_n2__from__n0057__c01,"['stage1_n4__from__root__c04', 'stage2_n3__from__n0004__c03', 'stage3_n4__from__n0017__c02', 'stage4_n2__from__n0057__c01']",0.25,4,stagewise_marginal_mixture,full_tree_child_marginal_at_switch
direct_multistage_exp3,25,26,3,"['stage1_n4__from__root__c04', 'stage2_n3__from__n0004__c03', 'stage3_n4__from__n0017__c02']",stage3_n4__from__n0017__c02,2,stage4_n3__from__n0057__c02,"['stage1_n4__from__root__c04', 'stage2_n3__from__n0004__c03', 'stage3_n4__from__n0017__c02', 'stage4_n3__from__n0057__c02']",0.25,4,stagewise_marginal_mixture,full_tree_child_marginal_at_switch
direct_multistage_exp3,25,26,3,"['stage1_n4__from__root__c04', 'stage2_n3__from__n0004__c03', 'stage3_n4__from__n0017__c02']",stage3_n4__from__n0017__c02,3,stage4_n4__from__n0057__c03,"['stage1_n4__from__root__c04', 'stage2_n3__from__n0004__c03', 'stage3_n4__from__n0017__c02', 'stage4_n4__from__n0057__c03']",0.25,4,stagewise_marginal_mixture,full_tree_child_marginal_at_switch
direct_multistage_exp3,25,26,3,"['stage1_n4__from__root__c04', 'stage2_n3__from__n0004__c03', 'stage3_n4__from__n0017__c02']",stage3_n4__from__n0017__c02,4,stage4_n5__from__n0057__c04,"['stage1_n4__from__root__c04', 'stage2_n3__from__n0004__c03', 'stage3_n4__from__n0017__c02', 'stage4_n5__from__n0057__c04']",0.25,4,stagewise_marginal_mixture,full_tree_child_marginal_at_switch
direct_multistage_exp3,25,26,3,"['stage1_n4__from__root__c04', 'stage2_n3__from__n0004__c03', 'stage3_n5__from__n0017__c03']",stage3_n5__from__n0017__c03,1,stage4_n2__from__n0058__c01,"['stage1_n4__from__root__c04', 'stage2_n3__from__n0004__c03', 'stage3_n5__from__n0017__c03', 'stage4_n2__from__n0058__c01']",0.33330091771294457,4,stagewise_marginal_mixture,full_tree_child_marginal_at_switch
direct_multistage_exp3,25,26,3,"['stage1_n4__from__root__c04', 'stage2_n3__from__n0004__c03', 'stage3_n5__from__n0017__c03']",stage3_n5__from__n0017__c03,2,stage4_n3__from__n0058__c02,"['stage1_n4__from__root__c04', 'stage2_n3__from__n0004__c03', 'stage3_n5__from__n0017__c03', 'stage4_n3__from__n0058__c02']",0.33330091771294457,4,stagewise_marginal_mixture,full_tree_child_marginal_at_switch
direct_multistage_exp3,25,26,3,"['stage1_n4__from__root__c04', 'stage2_n3__from__n0004__c03', 'stage3_n5__from__n0017__c03']",stage3_n5__from__n0017__c03,3,stage4_n4__from__n0058__c03,"['stage1_n4__from__root__c04', 'stage2_n3__from__n0004__c03', 'stage3_n5__from__n0017__c03', 'stage4_n4__from__n0058__c03']",9.724686116632508e-05,4,stagewise_marginal_mixture,full_tree_child_marginal_at_switch
direct_multistage_exp3,25,26,3,"['stage1_n4__from__root__c04', 'stage2_n3__from__n0004__c03', 'stage3_n5__from__n0017__c03']",stage3_n5__from__n0017__c03,4,stage4_n5__from__n0058__c04,"['stage1_n4__from__root__c04', 'stage2_n3__from__n0004__c03', 'stage3_n5__from__n0017__c03', 'stage4_n5__from__n0058__c04']",0.33330091771294457,4,stagewise_marginal_mixture,full_tree_child_marginal_at_switch
direct_multistage_exp3,25,26,3,"['stage1_n4__from__root__c04', 'stage2_n4__from__n0004__c04', 'stage3_n3__from__n0018__c01']",stage3_n3__from__n0018__c01,1,stage4_n2__from__n0059__c01,"['stage1_n4__from__root__c04', 'stage2_n4__from__n0004__c04', 'stage3_n3__from__n0018__c01', 'stage4_n2__from__n0059__c01']",0.9901412978260631,2,stagewise_marginal_mixture,full_tree_child_marginal_at_switch
direct_multistage_exp3,25,26,3,"['stage1_n4__from__root__c04', 'stage2_n4__from__n0004__c04', 'stage3_n3__from__n0018__c01']",stage3_n3__from__n0018__c01,2,stage4_n3__from__n0059__c02,"['stage1_n4__from__root__c04', 'stage2_n4__from__n0004__c04', 'stage3_n3__from__n0018__c01', 'stage4_n3__from__n0059__c02']",0.009858702173936959,2,stagewise_marginal_mixture,full_tree_child_marginal_at_switch
direct_multistage_exp3,25,26,3,"['stage1_n4__from__root__c04', 'stage2_n4__from__n0004__c04', 'stage3_n4__from__n0018__c02']",stage3_n4__from__n0018__c02,1,stage4_n2__from__n0060__c01,"['stage1_n4__from__root__c04', 'stage2_n4__from__n0004__c04', 'stage3_n4__from__n0018__c02', 'stage4_n2__from__n0060__c01']",0.25,4,stagewise_marginal_mixture,full_tree_child_marginal_at_switch
direct_multistage_exp3,25,26,3,"['stage1_n4__from__root__c04', 'stage2_n4__from__n0004__c04', 'stage3_n4__from__n0018__c02']",stage3_n4__from__n0018__c02,2,stage4_n3__from__n0060__c02,"['stage1_n4__from__root__c04', 'stage2_n4__from__n0004__c04', 'stage3_n4__from__n0018__c02', 'stage4_n3__from__n0060__c02']",0.25,4,stagewise_marginal_mixture,full_tree_child_marginal_at_switch
direct_multistage_exp3,25,26,3,"['stage1_n4__from__root__c04', 'stage2_n4__from__n0004__c04', 'stage3_n4__from__n0018__c02']",stage3_n4__from__n0018__c02,3,stage4_n4__from__n0060__c03,"['stage1_n4__from__root__c04', 'stage2_n4__from__n0004__c04', 'stage3_n4__from__n0018__c02', 'stage4_n4__from__n0060__c03']",0.25,4,stagewise_marginal_mixture,full_tree_child_marginal_at_switch
direct_multistage_exp3,25,26,3,"['stage1_n4__from__root__c04', 'stage2_n4__from__n0004__c04', 'stage3_n4__from__n0018__c02']",stage3_n4__from__n0018__c02,4,stage4_n5__from__n0060__c04,"['stage1_n4__from__root__c04', 'stage2_n4__from__n0004__c04', 'stage3_n4__from__n0018__c02', 'stage4_n5__from__n0060__c04']",0.25,4,stagewise_marginal_mixture,full_tree_child_marginal_at_switch
direct_multistage_exp3,25,26,3,"['stage1_n4__from__root__c04', 'stage2_n4__from__n0004__c04', 'stage3_n5__from__n0018__c03']",stage3_n5__from__n0018__c03,1,stage4_n2__from__n0061__c01,"['stage1_n4__from__root__c04', 'stage2_n4__from__n0004__c04', 'stage3_n5__from__n0018__c03', 'stage4_n2__from__n0061__c01']",0.25,4,stagewise_marginal_mixture,full_tree_child_marginal_at_switch
direct_multistage_exp3,25,26,3,"['stage1_n4__from__root__c04', 'stage2_n4__from__n0004__c04', 'stage3_n5__from__n0018__c03']",stage3_n5__from__n0018__c03,2,stage4_n3__from__n0061__c02,"['stage1_n4__from__root__c04', 'stage2_n4__from__n0004__c04', 'stage3_n5__from__n0018__c03', 'stage4_n3__from__n0061__c02']",0.25,4,stagewise_marginal_mixture,full_tree_child_marginal_at_switch
direct_multistage_exp3,25,26,3,"['stage1_n4__from__root__c04', 'stage2_n4__from__n0004__c04', 'stage3_n5__from__n0018__c03']",stage3_n5__from__n0018__c03,3,stage4_n4__from__n0061__c03,"['stage1_n4__from__root__c04', 'stage2_n4__from__n0004__c04', 'stage3_n5__from__n0018__c03', 'stage4_n4__from__n0061__c03']",0.25,4,stagewise_marginal_mixture,full_tree_child_marginal_at_switch
direct_multistage_exp3,25,26,3,"['stage1_n4__from__root__c04', 'stage2_n4__from__n0004__c04', 'stage3_n5__from__n0018__c03']",stage3_n5__from__n0018__c03,4,stage4_n5__from__n0061__c04,"['stage1_n4__from__root__c04', 'stage2_n4__from__n0004__c04', 'stage3_n5__from__n0018__c03', 'stage4_n5__from__n0061__c04']",0.25,4,stagewise_marginal_mixture,full_tree_child_marginal_at_switch
direct_multistage_exp3,25,26,3,"['stage1_n4__from__root__c04', 'stage2_n5__from__n0004__c05', 'stage3_n3__from__n0019__c01']",stage3_n3__from__n0019__c01,1,stage4_n2__from__n0062__c01,"['stage1_n4__from__root__c04', 'stage2_n5__from__n0004__c05', 'stage3_n3__from__n0019__c01', 'stage4_n2__from__n0062__c01']",0.9757071077304406,2,stagewise_marginal_mixture,full_tree_child_marginal_at_switch
direct_multistage_exp3,25,26,3,"['stage1_n4__from__root__c04', 'stage2_n5__from__n0004__c05', 'stage3_n3__from__n0019__c01']",stage3_n3__from__n0019__c01,2,stage4_n3__from__n0062__c02,"['stage1_n4__from__root__c04', 'stage2_n5__from__n0004__c05', 'stage3_n3__from__n0019__c01', 'stage4_n3__from__n0062__c02']",0.024292892269559437,2,stagewise_marginal_mixture,full_tree_child_marginal_at_switch
direct_multistage_exp3,25,26,3,"['stage1_n4__from__root__c04', 'stage2_n5__from__n0004__c05', 'stage3_n4__from__n0019__c02']",stage3_n4__from__n0019__c02,1,stage4_n2__from__n0063__c01,"['stage1_n4__from__root__c04', 'stage2_n5__from__n0004__c05', 'stage3_n4__from__n0019__c02', 'stage4_n2__from__n0063__c01']",0.25,4,stagewise_marginal_mixture,full_tree_child_marginal_at_switch
direct_multistage_exp3,25,26,3,"['stage1_n4__from__root__c04', 'stage2_n5__from__n0004__c05', 'stage3_n4__from__n0019__c02']",stage3_n4__from__n0019__c02,2,stage4_n3__from__n0063__c02,"['stage1_n4__from__root__c04', 'stage2_n5__from__n0004__c05', 'stage3_n4__from__n0019__c02', 'stage4_n3__from__n0063__c02']",0.25,4,stagewise_marginal_mixture,full_tree_child_marginal_at_switch
direct_multistage_exp3,25,26,3,"['stage1_n4__from__root__c04', 'stage2_n5__from__n0004__c05', 'stage3_n4__from__n0019__c02']",stage3_n4__from__n0019__c02,3,stage4_n4__from__n0063__c03,"['stage1_n4__from__root__c04', 'stage2_n5__from__n0004__c05', 'stage3_n4__from__n0019__c02', 'stage4_n4__from__n0063__c03']",0.25,4,stagewise_marginal_mixture,full_tree_child_marginal_at_switch
direct_multistage_exp3,25,26,3,"['stage1_n4__from__root__c04', 'stage2_n5__from__n0004__c05', 'stage3_n4__from__n0019__c02']",stage3_n4__from__n0019__c02,4,stage4_n5__from__n0063__c04,"['stage1_n4__from__root__c04', 'stage2_n5__from__n0004__c05', 'stage3_n4__from__n0019__c02', 'stage4_n5__from__n0063__c04']",0.25,4,stagewise_marginal_mixture,full_tree_child_marginal_at_switch
direct_multistage_exp3,25,26,3,"['stage1_n4__from__root__c04', 'stage2_n5__from__n0004__c05', 'stage3_n5__from__n0019__c03']",stage3_n5__from__n0019__c03,1,stage4_n2__from__n0064__c01,"['stage1_n4__from__root__c04', 'stage2_n5__from__n0004__c05', 'stage3_n5__from__n0019__c03', 'stage4_n2__from__n0064__c01']",0.25,4,stagewise_marginal_mixture,full_tree_child_marginal_at_switch
direct_multistage_exp3,25,26,3,"['stage1_n4__from__root__c04', 'stage2_n5__from__n0004__c05', 'stage3_n5__from__n0019__c03']",stage3_n5__from__n0019__c03,2,stage4_n3__from__n0064__c02,"['stage1_n4__from__root__c04', 'stage2_n5__from__n0004__c05', 'stage3_n5__from__n0019__c03', 'stage4_n3__from__n0064__c02']",0.25,4,stagewise_marginal_mixture,full_tree_child_marginal_at_switch
direct_multistage_exp3,25,26,3,"['stage1_n4__from__root__c04', 'stage2_n5__from__n0004__c05', 'stage3_n5__from__n0019__c03']",stage3_n5__from__n0019__c03,3,stage4_n4__from__n0064__c03,"['stage1_n4__from__root__c04', 'stage2_n5__from__n0004__c05', 'stage3_n5__from__n0019__c03', 'stage4_n4__from__n0064__c03']",0.25,4,stagewise_marginal_mixture,full_tree_child_marginal_at_switch
direct_multistage_exp3,25,26,3,"['stage1_n4__from__root__c04', 'stage2_n5__from__n0004__c05', 'stage3_n5__from__n0019__c03']",stage3_n5__from__n0019__c03,4,stage4_n5__from__n0064__c04,"['stage1_n4__from__root__c04', 'stage2_n5__from__n0004__c05', 'stage3_n5__from__n0019__c03', 'stage4_n5__from__n0064__c04']",0.25,4,stagewise_marginal_mixture,full_tree_child_marginal_at_switch
direct_multistage_exp3,25,26,3,"['stage1_n5__from__root__c05', 'stage2_n3__from__n0005__c01', 'stage3_n3__from__n0020__c01']",stage3_n3__from__n0020__c01,1,stage4_n2__from__n0065__c01,"['stage1_n5__from__root__c05', 'stage2_n3__from__n0005__c01', 'stage3_n3__from__n0020__c01', 'stage4_n2__from__n0065__c01']",0.5,2,stagewise_marginal_mixture,full_tree_child_marginal_at_switch
direct_multistage_exp3,25,26,3,"['stage1_n5__from__root__c05', 'stage2_n3__from__n0005__c01', 'stage3_n3__from__n0020__c01']",stage3_n3__from__n0020__c01,2,stage4_n3__from__n0065__c02,"['stage1_n5__from__root__c05', 'stage2_n3__from__n0005__c01', 'stage3_n3__from__n0020__c01', 'stage4_n3__from__n0065__c02']",0.5,2,stagewise_marginal_mixture,full_tree_child_marginal_at_switch
direct_multistage_exp3,25,26,3,"['stage1_n5__from__root__c05', 'stage2_n3__from__n0005__c01', 'stage3_n4__from__n0020__c02']",stage3_n4__from__n0020__c02,1,stage4_n2__from__n0066__c01,"['stage1_n5__from__root__c05', 'stage2_n3__from__n0005__c01', 'stage3_n4__from__n0020__c02', 'stage4_n2__from__n0066__c01']",0.000500091165267045,4,stagewise_marginal_mixture,full_tree_child_marginal_at_switch
direct_multistage_exp3,25,26,3,"['stage1_n5__from__root__c05', 'stage2_n3__from__n0005__c01', 'stage3_n4__from__n0020__c02']",stage3_n4__from__n0020__c02,2,stage4_n3__from__n0066__c02,"['stage1_n5__from__root__c05', 'stage2_n3__from__n0005__c01', 'stage3_n4__from__n0020__c02', 'stage4_n3__from__n0066__c02']",0.33316663627824433,4,stagewise_marginal_mixture,full_tree_child_marginal_at_switch
direct_multistage_exp3,25,26,3,"['stage1_n5__from__root__c05', 'stage2_n3__from__n0005__c01', 'stage3_n4__from__n0020__c02']",stage3_n4__from__n0020__c02,3,stage4_n4__from__n0066__c03,"['stage1_n5__from__root__c05', 'stage2_n3__from__n0005__c01', 'stage3_n4__from__n0020__c02', 'stage4_n4__from__n0066__c03']",0.33316663627824433,4,stagewise_marginal_mixture,full_tree_child_marginal_at_switch
direct_multistage_exp3,25,26,3,"['stage1_n5__from__root__c05', 'stage2_n3__from__n0005__c01', 'stage3_n4__from__n0020__c02']",stage3_n4__from__n0020__c02,4,stage4_n5__from__n0066__c04,"['stage1_n5__from__root__c05', 'stage2_n3__from__n0005__c01', 'stage3_n4__from__n0020__c02', 'stage4_n5__from__n0066__c04']",0.33316663627824433,4,stagewise_marginal_mixture,full_tree_child_marginal_at_switch
direct_multistage_exp3,25,26,3,"['stage1_n5__from__root__c05', 'stage2_n3__from__n0005__c01', 'stage3_n5__from__n0020__c03']",stage3_n5__from__n0020__c03,1,stage4_n2__from__n0067__c01,"['stage1_n5__from__root__c05', 'stage2_n3__from__n0005__c01', 'stage3_n5__from__n0020__c03', 'stage4_n2__from__n0067__c01']",0.3319388912436234,4,stagewise_marginal_mixture,full_tree_child_marginal_at_switch
direct_multistage_exp3,25,26,3,"['stage1_n5__from__root__c05', 'stage2_n3__from__n0005__c01', 'stage3_n5__from__n0020__c03']",stage3_n5__from__n0020__c03,2,stage4_n3__from__n0067__c02,"['stage1_n5__from__root__c05', 'stage2_n3__from__n0005__c01', 'stage3_n5__from__n0020__c03', 'stage4_n3__from__n0067__c02']",0.3319388912436234,4,stagewise_marginal_mixture,full_tree_child_marginal_at_switch
direct_multistage_exp3,25,26,3,"['stage1_n5__from__root__c05', 'stage2_n3__from__n0005__c01', 'stage3_n5__from__n0020__c03']",stage3_n5__from__n0020__c03,3,stage4_n4__from__n0067__c03,"['stage1_n5__from__root__c05', 'stage2_n3__from__n0005__c01', 'stage3_n5__from__n0020__c03', 'stage4_n4__from__n0067__c03']",0.004183326269129785,4,stagewise_marginal_mixture,full_tree_child_marginal_at_switch
direct_multistage_exp3,25,26,3,"['stage1_n5__from__root__c05', 'stage2_n3__from__n0005__c01', 'stage3_n5__from__n0020__c03']",stage3_n5__from__n0020__c03,4,stage4_n5__from__n0067__c04,"['stage1_n5__from__root__c05', 'stage2_n3__from__n0005__c01', 'stage3_n5__from__n0020__c03', 'stage4_n5__from__n0067__c04']",0.3319388912436234,4,stagewise_marginal_mixture,full_tree_child_marginal_at_switch
direct_multistage_exp3,25,26,3,"['stage1_n5__from__root__c05', 'stage2_n4__from__n0005__c02', 'stage3_n3__from__n0021__c01']",stage3_n3__from__n0021__c01,1,stage4_n2__from__n0068__c01,"['stage1_n5__from__root__c05', 'stage2_n4__from__n0005__c02', 'stage3_n3__from__n0021__c01', 'stage4_n2__from__n0068__c01']",1.0325941305968472e-10,2,stagewise_marginal_mixture,full_tree_child_marginal_at_switch
direct_multistage_exp3,25,26,3,"['stage1_n5__from__root__c05', 'stage2_n4__from__n0005__c02', 'stage3_n3__from__n0021__c01']",stage3_n3__from__n0021__c01,2,stage4_n3__from__n0068__c02,"['stage1_n5__from__root__c05', 'stage2_n4__from__n0005__c02', 'stage3_n3__from__n0021__c01', 'stage4_n3__from__n0068__c02']",0.9999999998967406,2,stagewise_marginal_mixture,full_tree_child_marginal_at_switch
direct_multistage_exp3,25,26,3,"['stage1_n5__from__root__c05', 'stage2_n4__from__n0005__c02', 'stage3_n4__from__n0021__c02']",stage3_n4__from__n0021__c02,1,stage4_n2__from__n0069__c01,"['stage1_n5__from__root__c05', 'stage2_n4__from__n0005__c02', 'stage3_n4__from__n0021__c02', 'stage4_n2__from__n0069__c01']",0.33240999467581417,4,stagewise_marginal_mixture,full_tree_child_marginal_at_switch
direct_multistage_exp3,25,26,3,"['stage1_n5__from__root__c05', 'stage2_n4__from__n0005__c02', 'stage3_n4__from__n0021__c02']",stage3_n4__from__n0021__c02,2,stage4_n3__from__n0069__c02,"['stage1_n5__from__root__c05', 'stage2_n4__from__n0005__c02', 'stage3_n4__from__n0021__c02', 'stage4_n3__from__n0069__c02']",0.33240999467581417,4,stagewise_marginal_mixture,full_tree_child_marginal_at_switch
direct_multistage_exp3,25,26,3,"['stage1_n5__from__root__c05', 'stage2_n4__from__n0005__c02', 'stage3_n4__from__n0021__c02']",stage3_n4__from__n0021__c02,3,stage4_n4__from__n0069__c03,"['stage1_n5__from__root__c05', 'stage2_n4__from__n0005__c02', 'stage3_n4__from__n0021__c02', 'stage4_n4__from__n0069__c03']",0.0027700159725575772,4,stagewise_marginal_mixture,full_tree_child_marginal_at_switch
direct_multistage_exp3,25,26,3,"['stage1_n5__from__root__c05', 'stage2_n4__from__n0005__c02', 'stage3_n4__from__n0021__c02']",stage3_n4__from__n0021__c02,4,stage4_n5__from__n0069__c04,"['stage1_n5__from__root__c05', 'stage2_n4__from__n0005__c02', 'stage3_n4__from__n0021__c02', 'stage4_n5__from__n0069__c04']",0.33240999467581417,4,stagewise_marginal_mixture,full_tree_child_marginal_at_switch
direct_multistage_exp3,25,26,3,"['stage1_n5__from__root__c05', 'stage2_n4__from__n0005__c02', 'stage3_n5__from__n0021__c03']",stage3_n5__from__n0021__c03,1,stage4_n2__from__n0070__c01,"['stage1_n5__from__root__c05', 'stage2_n4__from__n0005__c02', 'stage3_n5__from__n0021__c03', 'stage4_n2__from__n0070__c01']",0.25,4,stagewise_marginal_mixture,full_tree_child_marginal_at_switch
direct_multistage_exp3,25,26,3,"['stage1_n5__from__root__c05', 'stage2_n4__from__n0005__c02', 'stage3_n5__from__n0021__c03']",stage3_n5__from__n0021__c03,2,stage4_n3__from__n0070__c02,"['stage1_n5__from__root__c05', 'stage2_n4__from__n0005__c02', 'stage3_n5__from__n0021__c03', 'stage4_n3__from__n0070__c02']",0.25,4,stagewise_marginal_mixture,full_tree_child_marginal_at_switch
direct_multistage_exp3,25,26,3,"['stage1_n5__from__root__c05', 'stage2_n4__from__n0005__c02', 'stage3_n5__from__n0021__c03']",stage3_n5__from__n0021__c03,3,stage4_n4__from__n0070__c03,"['stage1_n5__from__root__c05', 'stage2_n4__from__n0005__c02', 'stage3_n5__from__n0021__c03', 'stage4_n4__from__n0070__c03']",0.25,4,stagewise_marginal_mixture,full_tree_child_marginal_at_switch
direct_multistage_exp3,25,26,3,"['stage1_n5__from__root__c05', 'stage2_n4__from__n0005__c02', 'stage3_n5__from__n0021__c03']",stage3_n5__from__n0021__c03,4,stage4_n5__from__n0070__c04,"['stage1_n5__from__root__c05', 'stage2_n4__from__n0005__c02', 'stage3_n5__from__n0021__c03', 'stage4_n5__from__n0070__c04']",0.25,4,stagewise_marginal_mixture,full_tree_child_marginal_at_switch
direct_multistage_exp3,25,26,3,"['stage1_n5__from__root__c05', 'stage2_n5__from__n0005__c03', 'stage3_n3__from__n0022__c01']",stage3_n3__from__n0022__c01,1,stage4_n2__from__n0071__c01,"['stage1_n5__from__root__c05', 'stage2_n5__from__n0005__c03', 'stage3_n3__from__n0022__c01', 'stage4_n2__from__n0071__c01']",0.5,2,stagewise_marginal_mixture,full_tree_child_marginal_at_switch
direct_multistage_exp3,25,26,3,"['stage1_n5__from__root__c05', 'stage2_n5__from__n0005__c03', 'stage3_n3__from__n0022__c01']",stage3_n3__from__n0022__c01,2,stage4_n3__from__n0071__c02,"['stage1_n5__from__root__c05', 'stage2_n5__from__n0005__c03', 'stage3_n3__from__n0022__c01', 'stage4_n3__from__n0071__c02']",0.5,2,stagewise_marginal_mixture,full_tree_child_marginal_at_switch
direct_multistage_exp3,25,26,3,"['stage1_n5__from__root__c05', 'stage2_n5__from__n0005__c03', 'stage3_n4__from__n0022__c02']",stage3_n4__from__n0022__c02,1,stage4_n2__from__n0072__c01,"['stage1_n5__from__root__c05', 'stage2_n5__from__n0005__c03', 'stage3_n4__from__n0022__c02', 'stage4_n2__from__n0072__c01']",0.33333142741543875,4,stagewise_marginal_mixture,full_tree_child_marginal_at_switch
direct_multistage_exp3,25,26,3,"['stage1_n5__from__root__c05', 'stage2_n5__from__n0005__c03', 'stage3_n4__from__n0022__c02']",stage3_n4__from__n0022__c02,2,stage4_n3__from__n0072__c02,"['stage1_n5__from__root__c05', 'stage2_n5__from__n0005__c03', 'stage3_n4__from__n0022__c02', 'stage4_n3__from__n0072__c02']",5.717753683687544e-06,4,stagewise_marginal_mixture,full_tree_child_marginal_at_switch
direct_multistage_exp3,25,26,3,"['stage1_n5__from__root__c05', 'stage2_n5__from__n0005__c03', 'stage3_n4__from__n0022__c02']",stage3_n4__from__n0022__c02,3,stage4_n4__from__n0072__c03,"['stage1_n5__from__root__c05', 'stage2_n5__from__n0005__c03', 'stage3_n4__from__n0022__c02', 'stage4_n4__from__n0072__c03']",0.33333142741543875,4,stagewise_marginal_mixture,full_tree_child_marginal_at_switch
direct_multistage_exp3,25,26,3,"['stage1_n5__from__root__c05', 'stage2_n5__from__n0005__c03', 'stage3_n4__from__n0022__c02']",stage3_n4__from__n0022__c02,4,stage4_n5__from__n0072__c04,"['stage1_n5__from__root__c05', 'stage2_n5__from__n0005__c03', 'stage3_n4__from__n0022__c02', 'stage4_n5__from__n0072__c04']",0.33333142741543875,4,stagewise_marginal_mixture,full_tree_child_marginal_at_switch
direct_multistage_exp3,25,26,3,"['stage1_n5__from__root__c05', 'stage2_n5__from__n0005__c03', 'stage3_n5__from__n0022__c03']",stage3_n5__from__n0022__c03,1,stage4_n2__from__n0073__c01,"['stage1_n5__from__root__c05', 'stage2_n5__from__n0005__c03', 'stage3_n5__from__n0022__c03', 'stage4_n2__from__n0073__c01']",0.3333261150228364,4,stagewise_marginal_mixture,full_tree_child_marginal_at_switch
direct_multistage_exp3,25,26,3,"['stage1_n5__from__root__c05', 'stage2_n5__from__n0005__c03', 'stage3_n5__from__n0022__c03']",stage3_n5__from__n0022__c03,2,stage4_n3__from__n0073__c02,"['stage1_n5__from__root__c05', 'stage2_n5__from__n0005__c03', 'stage3_n5__from__n0022__c03', 'stage4_n3__from__n0073__c02']",2.165493149097231e-05,4,stagewise_marginal_mixture,full_tree_child_marginal_at_switch
direct_multistage_exp3,25,26,3,"['stage1_n5__from__root__c05', 'stage2_n5__from__n0005__c03', 'stage3_n5__from__n0022__c03']",stage3_n5__from__n0022__c03,3,stage4_n4__from__n0073__c03,"['stage1_n5__from__root__c05', 'stage2_n5__from__n0005__c03', 'stage3_n5__from__n0022__c03', 'stage4_n4__from__n0073__c03']",0.3333261150228364,4,stagewise_marginal_mixture,full_tree_child_marginal_at_switch
direct_multistage_exp3,25,26,3,"['stage1_n5__from__root__c05', 'stage2_n5__from__n0005__c03', 'stage3_n5__from__n0022__c03']",stage3_n5__from__n0022__c03,4,stage4_n5__from__n0073__c04,"['stage1_n5__from__root__c05', 'stage2_n5__from__n0005__c03', 'stage3_n5__from__n0022__c03', 'stage4_n5__from__n0073__c04']",0.3333261150228364,4,stagewise_marginal_mixture,full_tree_child_marginal_at_switch
direct_multistage_exp3,25,26,4,"['stage1_n1__from__root__c01', 'stage2_n1__from__n0001__c01', 'stage3_n1__from__n0006__c01', 'stage4_n1__from__n0023__c01']",stage4_n1__from__n0023__c01,1,stage5_n1__from__n0074__c01,"['stage1_n1__from__root__c01', 'stage2_n1__from__n0001__c01', 'stage3_n1__from__n0006__c01', 'stage4_n1__from__n0023__c01', 'stage5_n1__from__n0074__c01']",0.8003608145189669,2,stagewise_marginal_mixture,full_tree_child_marginal_at_switch
direct_multistage_exp3,25,26,4,"['stage1_n1__from__root__c01', 'stage2_n1__from__n0001__c01', 'stage3_n1__from__n0006__c01', 'stage4_n1__from__n0023__c01']",stage4_n1__from__n0023__c01,2,stage5_n2__from__n0074__c02,"['stage1_n1__from__root__c01', 'stage2_n1__from__n0001__c01', 'stage3_n1__from__n0006__c01', 'stage4_n1__from__n0023__c01', 'stage5_n2__from__n0074__c02']",0.1996391854810331,2,stagewise_marginal_mixture,full_tree_child_marginal_at_switch
direct_multistage_exp3,25,26,4,"['stage1_n1__from__root__c01', 'stage2_n1__from__n0001__c01', 'stage3_n2__from__n0006__c02', 'stage4_n1__from__n0024__c01']",stage4_n1__from__n0024__c01,1,stage5_n1__from__n0075__c01,"['stage1_n1__from__root__c01', 'stage2_n1__from__n0001__c01', 'stage3_n2__from__n0006__c02', 'stage4_n1__from__n0024__c01', 'stage5_n1__from__n0075__c01']",0.5,2,stagewise_marginal_mixture,full_tree_child_marginal_at_switch
direct_multistage_exp3,25,26,4,"['stage1_n1__from__root__c01', 'stage2_n1__from__n0001__c01', 'stage3_n2__from__n0006__c02', 'stage4_n1__from__n0024__c01']",stage4_n1__from__n0024__c01,2,stage5_n2__from__n0075__c02,"['stage1_n1__from__root__c01', 'stage2_n1__from__n0001__c01', 'stage3_n2__from__n0006__c02', 'stage4_n1__from__n0024__c01', 'stage5_n2__from__n0075__c02']",0.5,2,stagewise_marginal_mixture,full_tree_child_marginal_at_switch
direct_multistage_exp3,25,26,4,"['stage1_n1__from__root__c01', 'stage2_n2__from__n0001__c02', 'stage3_n2__from__n0007__c01', 'stage4_n1__from__n0025__c01']",stage4_n1__from__n0025__c01,1,stage5_n1__from__n0076__c01,"['stage1_n1__from__root__c01', 'stage2_n2__from__n0001__c02', 'stage3_n2__from__n0007__c01', 'stage4_n1__from__n0025__c01', 'stage5_n1__from__n0076__c01']",0.5,2,stagewise_marginal_mixture,full_tree_child_marginal_at_switch
direct_multistage_exp3,25,26,4,"['stage1_n1__from__root__c01', 'stage2_n2__from__n0001__c02', 'stage3_n2__from__n0007__c01', 'stage4_n1__from__n0025__c01']",stage4_n1__from__n0025__c01,2,stage5_n2__from__n0076__c02,"['stage1_n1__from__root__c01', 'stage2_n2__from__n0001__c02', 'stage3_n2__from__n0007__c01', 'stage4_n1__from__n0025__c01', 'stage5_n2__from__n0076__c02']",0.5,2,stagewise_marginal_mixture,full_tree_child_marginal_at_switch
direct_multistage_exp3,25,26,4,"['stage1_n1__from__root__c01', 'stage2_n2__from__n0001__c02', 'stage3_n3__from__n0007__c02', 'stage4_n2__from__n0026__c01']",stage4_n2__from__n0026__c01,1,stage5_n1__from__n0077__c01,"['stage1_n1__from__root__c01', 'stage2_n2__from__n0001__c02', 'stage3_n3__from__n0007__c02', 'stage4_n2__from__n0026__c01', 'stage5_n1__from__n0077__c01']",0.5,2,stagewise_marginal_mixture,full_tree_child_marginal_at_switch
direct_multistage_exp3,25,26,4,"['stage1_n1__from__root__c01', 'stage2_n2__from__n0001__c02', 'stage3_n3__from__n0007__c02', 'stage4_n2__from__n0026__c01']",stage4_n2__from__n0026__c01,2,stage5_n2__from__n0077__c02,"['stage1_n1__from__root__c01', 'stage2_n2__from__n0001__c02', 'stage3_n3__from__n0007__c02', 'stage4_n2__from__n0026__c01', 'stage5_n2__from__n0077__c02']",0.5,2,stagewise_marginal_mixture,full_tree_child_marginal_at_switch
direct_multistage_exp3,25,26,4,"['stage1_n1__from__root__c01', 'stage2_n2__from__n0001__c02', 'stage3_n3__from__n0007__c02', 'stage4_n3__from__n0026__c02']",stage4_n3__from__n0026__c02,1,stage5_n1__from__n0078__c01,"['stage1_n1__from__root__c01', 'stage2_n2__from__n0001__c02', 'stage3_n3__from__n0007__c02', 'stage4_n3__from__n0026__c02', 'stage5_n1__from__n0078__c01']",0.25,4,stagewise_marginal_mixture,full_tree_child_marginal_at_switch
direct_multistage_exp3,25,26,4,"['stage1_n1__from__root__c01', 'stage2_n2__from__n0001__c02', 'stage3_n3__from__n0007__c02', 'stage4_n3__from__n0026__c02']",stage4_n3__from__n0026__c02,2,stage5_n2__from__n0078__c02,"['stage1_n1__from__root__c01', 'stage2_n2__from__n0001__c02', 'stage3_n3__from__n0007__c02', 'stage4_n3__from__n0026__c02', 'stage5_n2__from__n0078__c02']",0.25,4,stagewise_marginal_mixture,full_tree_child_marginal_at_switch
direct_multistage_exp3,25,26,4,"['stage1_n1__from__root__c01', 'stage2_n2__from__n0001__c02', 'stage3_n3__from__n0007__c02', 'stage4_n3__from__n0026__c02']",stage4_n3__from__n0026__c02,3,stage5_n3__from__n0078__c03,"['stage1_n1__from__root__c01', 'stage2_n2__from__n0001__c02', 'stage3_n3__from__n0007__c02', 'stage4_n3__from__n0026__c02', 'stage5_n3__from__n0078__c03']",0.25,4,stagewise_marginal_mixture,full_tree_child_marginal_at_switch
direct_multistage_exp3,25,26,4,"['stage1_n1__from__root__c01', 'stage2_n2__from__n0001__c02', 'stage3_n3__from__n0007__c02', 'stage4_n3__from__n0026__c02']",stage4_n3__from__n0026__c02,4,stage5_n4__from__n0078__c04,"['stage1_n1__from__root__c01', 'stage2_n2__from__n0001__c02', 'stage3_n3__from__n0007__c02', 'stage4_n3__from__n0026__c02', 'stage5_n4__from__n0078__c04']",0.25,4,stagewise_marginal_mixture,full_tree_child_marginal_at_switch
direct_multistage_exp3,25,26,4,"['stage1_n1__from__root__c01', 'stage2_n2__from__n0001__c02', 'stage3_n4__from__n0007__c03', 'stage4_n2__from__n0027__c01']",stage4_n2__from__n0027__c01,1,stage5_n1__from__n0079__c01,"['stage1_n1__from__root__c01', 'stage2_n2__from__n0001__c02', 'stage3_n4__from__n0007__c03', 'stage4_n2__from__n0027__c01', 'stage5_n1__from__n0079__c01']",0.5,2,stagewise_marginal_mixture,full_tree_child_marginal_at_switch
direct_multistage_exp3,25,26,4,"['stage1_n1__from__root__c01', 'stage2_n2__from__n0001__c02', 'stage3_n4__from__n0007__c03', 'stage4_n2__from__n0027__c01']",stage4_n2__from__n0027__c01,2,stage5_n2__from__n0079__c02,"['stage1_n1__from__root__c01', 'stage2_n2__from__n0001__c02', 'stage3_n4__from__n0007__c03', 'stage4_n2__from__n0027__c01', 'stage5_n2__from__n0079__c02']",0.5,2,stagewise_marginal_mixture,full_tree_child_marginal_at_switch
direct_multistage_exp3,25,26,4,"['stage1_n1__from__root__c01', 'stage2_n2__from__n0001__c02', 'stage3_n4__from__n0007__c03', 'stage4_n3__from__n0027__c02']",stage4_n3__from__n0027__c02,1,stage5_n1__from__n0080__c01,"['stage1_n1__from__root__c01', 'stage2_n2__from__n0001__c02', 'stage3_n4__from__n0007__c03', 'stage4_n3__from__n0027__c02', 'stage5_n1__from__n0080__c01']",0.25,4,stagewise_marginal_mixture,full_tree_child_marginal_at_switch
direct_multistage_exp3,25,26,4,"['stage1_n1__from__root__c01', 'stage2_n2__from__n0001__c02', 'stage3_n4__from__n0007__c03', 'stage4_n3__from__n0027__c02']",stage4_n3__from__n0027__c02,2,stage5_n2__from__n0080__c02,"['stage1_n1__from__root__c01', 'stage2_n2__from__n0001__c02', 'stage3_n4__from__n0007__c03', 'stage4_n3__from__n0027__c02', 'stage5_n2__from__n0080__c02']",0.25,4,stagewise_marginal_mixture,full_tree_child_marginal_at_switch
direct_multistage_exp3,25,26,4,"['stage1_n1__from__root__c01', 'stage2_n2__from__n0001__c02', 'stage3_n4__from__n0007__c03', 'stage4_n3__from__n0027__c02']",stage4_n3__from__n0027__c02,3,stage5_n3__from__n0080__c03,"['stage1_n1__from__root__c01', 'stage2_n2__from__n0001__c02', 'stage3_n4__from__n0007__c03', 'stage4_n3__from__n0027__c02', 'stage5_n3__from__n0080__c03']",0.25,4,stagewise_marginal_mixture,full_tree_child_marginal_at_switch
direct_multistage_exp3,25,26,4,"['stage1_n1__from__root__c01', 'stage2_n2__from__n0001__c02', 'stage3_n4__from__n0007__c03', 'stage4_n3__from__n0027__c02']",stage4_n3__from__n0027__c02,4,stage5_n4__from__n0080__c04,"['stage1_n1__from__root__c01', 'stage2_n2__from__n0001__c02', 'stage3_n4__from__n0007__c03', 'stage4_n3__from__n0027__c02', 'stage5_n4__from__n0080__c04']",0.25,4,stagewise_marginal_mixture,full_tree_child_marginal_at_switch
direct_multistage_exp3,25,26,4,"['stage1_n1__from__root__c01', 'stage2_n2__from__n0001__c02', 'stage3_n4__from__n0007__c03', 'stage4_n4__from__n0027__c03']",stage4_n4__from__n0027__c03,1,stage5_n1__from__n0081__c01,"['stage1_n1__from__root__c01', 'stage2_n2__from__n0001__c02', 'stage3_n4__from__n0007__c03', 'stage4_n4__from__n0027__c03', 'stage5_n1__from__n0081__c01']",0.25,4,stagewise_marginal_mixture,full_tree_child_marginal_at_switch
direct_multistage_exp3,25,26,4,"['stage1_n1__from__root__c01', 'stage2_n2__from__n0001__c02', 'stage3_n4__from__n0007__c03', 'stage4_n4__from__n0027__c03']",stage4_n4__from__n0027__c03,2,stage5_n3__from__n0081__c02,"['stage1_n1__from__root__c01', 'stage2_n2__from__n0001__c02', 'stage3_n4__from__n0007__c03', 'stage4_n4__from__n0027__c03', 'stage5_n3__from__n0081__c02']",0.25,4,stagewise_marginal_mixture,full_tree_child_marginal_at_switch
direct_multistage_exp3,25,26,4,"['stage1_n1__from__root__c01', 'stage2_n2__from__n0001__c02', 'stage3_n4__from__n0007__c03', 'stage4_n4__from__n0027__c03']",stage4_n4__from__n0027__c03,3,stage5_n4__from__n0081__c03,"['stage1_n1__from__root__c01', 'stage2_n2__from__n0001__c02', 'stage3_n4__from__n0007__c03', 'stage4_n4__from__n0027__c03', 'stage5_n4__from__n0081__c03']",0.25,4,stagewise_marginal_mixture,full_tree_child_marginal_at_switch
direct_multistage_exp3,25,26,4,"['stage1_n1__from__root__c01', 'stage2_n2__from__n0001__c02', 'stage3_n4__from__n0007__c03', 'stage4_n4__from__n0027__c03']",stage4_n4__from__n0027__c03,4,stage5_n5__from__n0081__c04,"['stage1_n1__from__root__c01', 'stage2_n2__from__n0001__c02', 'stage3_n4__from__n0007__c03', 'stage4_n4__from__n0027__c03', 'stage5_n5__from__n0081__c04']",0.25,4,stagewise_marginal_mixture,full_tree_child_marginal_at_switch
direct_multistage_exp3,25,26,4,"['stage1_n1__from__root__c01', 'stage2_n2__from__n0001__c02', 'stage3_n4__from__n0007__c03', 'stage4_n5__from__n0027__c04']",stage4_n5__from__n0027__c04,1,stage5_n2__from__n0082__c01,"['stage1_n1__from__root__c01', 'stage2_n2__from__n0001__c02', 'stage3_n4__from__n0007__c03', 'stage4_n5__from__n0027__c04', 'stage5_n2__from__n0082__c01']",0.49999999999778133,3,stagewise_marginal_mixture,full_tree_child_marginal_at_switch
direct_multistage_exp3,25,26,4,"['stage1_n1__from__root__c01', 'stage2_n2__from__n0001__c02', 'stage3_n4__from__n0007__c03', 'stage4_n5__from__n0027__c04']",stage4_n5__from__n0027__c04,2,stage5_n4__from__n0082__c02,"['stage1_n1__from__root__c01', 'stage2_n2__from__n0001__c02', 'stage3_n4__from__n0007__c03', 'stage4_n5__from__n0027__c04', 'stage5_n4__from__n0082__c02']",0.49999999999778133,3,stagewise_marginal_mixture,full_tree_child_marginal_at_switch
direct_multistage_exp3,25,26,4,"['stage1_n1__from__root__c01', 'stage2_n2__from__n0001__c02', 'stage3_n4__from__n0007__c03', 'stage4_n5__from__n0027__c04']",stage4_n5__from__n0027__c04,3,stage5_n5__from__n0082__c03,"['stage1_n1__from__root__c01', 'stage2_n2__from__n0001__c02', 'stage3_n4__from__n0007__c03', 'stage4_n5__from__n0027__c04', 'stage5_n5__from__n0082__c03']",4.437310293131496e-12,3,stagewise_marginal_mixture,full_tree_child_marginal_at_switch
direct_multistage_exp3,25,26,4,"['stage1_n1__from__root__c01', 'stage2_n2__from__n0001__c02', 'stage3_n5__from__n0007__c04', 'stage4_n2__from__n0028__c01']",stage4_n2__from__n0028__c01,1,stage5_n1__from__n0083__c01,"['stage1_n1__from__root__c01', 'stage2_n2__from__n0001__c02', 'stage3_n5__from__n0007__c04', 'stage4_n2__from__n0028__c01', 'stage5_n1__from__n0083__c01']",1.3656814422243136e-22,2,stagewise_marginal_mixture,full_tree_child_marginal_at_switch
direct_multistage_exp3,25,26,4,"['stage1_n1__from__root__c01', 'stage2_n2__from__n0001__c02', 'stage3_n5__from__n0007__c04', 'stage4_n2__from__n0028__c01']",stage4_n2__from__n0028__c01,2,stage5_n2__from__n0083__c02,"['stage1_n1__from__root__c01', 'stage2_n2__from__n0001__c02', 'stage3_n5__from__n0007__c04', 'stage4_n2__from__n0028__c01', 'stage5_n2__from__n0083__c02']",1.0,2,stagewise_marginal_mixture,full_tree_child_marginal_at_switch
direct_multistage_exp3,25,26,4,"['stage1_n1__from__root__c01', 'stage2_n2__from__n0001__c02', 'stage3_n5__from__n0007__c04', 'stage4_n3__from__n0028__c02']",stage4_n3__from__n0028__c02,1,stage5_n1__from__n0084__c01,"['stage1_n1__from__root__c01', 'stage2_n2__from__n0001__c02', 'stage3_n5__from__n0007__c04', 'stage4_n3__from__n0028__c02', 'stage5_n1__from__n0084__c01']",0.25,4,stagewise_marginal_mixture,full_tree_child_marginal_at_switch
direct_multistage_exp3,25,26,4,"['stage1_n1__from__root__c01', 'stage2_n2__from__n0001__c02', 'stage3_n5__from__n0007__c04', 'stage4_n3__from__n0028__c02']",stage4_n3__from__n0028__c02,2,stage5_n2__from__n0084__c02,"['stage1_n1__from__root__c01', 'stage2_n2__from__n0001__c02', 'stage3_n5__from__n0007__c04', 'stage4_n3__from__n0028__c02', 'stage5_n2__from__n0084__c02']",0.25,4,stagewise_marginal_mixture,full_tree_child_marginal_at_switch
direct_multistage_exp3,25,26,4,"['stage1_n1__from__root__c01', 'stage2_n2__from__n0001__c02', 'stage3_n5__from__n0007__c04', 'stage4_n3__from__n0028__c02']",stage4_n3__from__n0028__c02,3,stage5_n3__from__n0084__c03,"['stage1_n1__from__root__c01', 'stage2_n2__from__n0001__c02', 'stage3_n5__from__n0007__c04', 'stage4_n3__from__n0028__c02', 'stage5_n3__from__n0084__c03']",0.25,4,stagewise_marginal_mixture,full_tree_child_marginal_at_switch
direct_multistage_exp3,25,26,4,"['stage1_n1__from__root__c01', 'stage2_n2__from__n0001__c02', 'stage3_n5__from__n0007__c04', 'stage4_n3__from__n0028__c02']",stage4_n3__from__n0028__c02,4,stage5_n4__from__n0084__c04,"['stage1_n1__from__root__c01', 'stage2_n2__from__n0001__c02', 'stage3_n5__from__n0007__c04', 'stage4_n3__from__n0028__c02', 'stage5_n4__from__n0084__c04']",0.25,4,stagewise_marginal_mixture,full_tree_child_marginal_at_switch
direct_multistage_exp3,25,26,4,"['stage1_n1__from__root__c01', 'stage2_n2__from__n0001__c02', 'stage3_n5__from__n0007__c04', 'stage4_n4__from__n0028__c03']",stage4_n4__from__n0028__c03,1,stage5_n1__from__n0085__c01,"['stage1_n1__from__root__c01', 'stage2_n2__from__n0001__c02', 'stage3_n5__from__n0007__c04', 'stage4_n4__from__n0028__c03', 'stage5_n1__from__n0085__c01']",0.25,4,stagewise_marginal_mixture,full_tree_child_marginal_at_switch
direct_multistage_exp3,25,26,4,"['stage1_n1__from__root__c01', 'stage2_n2__from__n0001__c02', 'stage3_n5__from__n0007__c04', 'stage4_n4__from__n0028__c03']",stage4_n4__from__n0028__c03,2,stage5_n3__from__n0085__c02,"['stage1_n1__from__root__c01', 'stage2_n2__from__n0001__c02', 'stage3_n5__from__n0007__c04', 'stage4_n4__from__n0028__c03', 'stage5_n3__from__n0085__c02']",0.25,4,stagewise_marginal_mixture,full_tree_child_marginal_at_switch
direct_multistage_exp3,25,26,4,"['stage1_n1__from__root__c01', 'stage2_n2__from__n0001__c02', 'stage3_n5__from__n0007__c04', 'stage4_n4__from__n0028__c03']",stage4_n4__from__n0028__c03,3,stage5_n4__from__n0085__c03,"['stage1_n1__from__root__c01', 'stage2_n2__from__n0001__c02', 'stage3_n5__from__n0007__c04', 'stage4_n4__from__n0028__c03', 'stage5_n4__from__n0085__c03']",0.25,4,stagewise_marginal_mixture,full_tree_child_marginal_at_switch
direct_multistage_exp3,25,26,4,"['stage1_n1__from__root__c01', 'stage2_n2__from__n0001__c02', 'stage3_n5__from__n0007__c04', 'stage4_n4__from__n0028__c03']",stage4_n4__from__n0028__c03,4,stage5_n5__from__n0085__c04,"['stage1_n1__from__root__c01', 'stage2_n2__from__n0001__c02', 'stage3_n5__from__n0007__c04', 'stage4_n4__from__n0028__c03', 'stage5_n5__from__n0085__c04']",0.25,4,stagewise_marginal_mixture,full_tree_child_marginal_at_switch
direct_multistage_exp3,25,26,4,"['stage1_n1__from__root__c01', 'stage2_n2__from__n0001__c02', 'stage3_n5__from__n0007__c04', 'stage4_n5__from__n0028__c04']",stage4_n5__from__n0028__c04,1,stage5_n2__from__n0086__c01,"['stage1_n1__from__root__c01', 'stage2_n2__from__n0001__c02', 'stage3_n5__from__n0007__c04', 'stage4_n5__from__n0028__c04', 'stage5_n2__from__n0086__c01']",0.3333333333333333,3,stagewise_marginal_mixture,full_tree_child_marginal_at_switch
direct_multistage_exp3,25,26,4,"['stage1_n1__from__root__c01', 'stage2_n2__from__n0001__c02', 'stage3_n5__from__n0007__c04', 'stage4_n5__from__n0028__c04']",stage4_n5__from__n0028__c04,2,stage5_n4__from__n0086__c02,"['stage1_n1__from__root__c01', 'stage2_n2__from__n0001__c02', 'stage3_n5__from__n0007__c04', 'stage4_n5__from__n0028__c04', 'stage5_n4__from__n0086__c02']",0.3333333333333333,3,stagewise_marginal_mixture,full_tree_child_marginal_at_switch
direct_multistage_exp3,25,26,4,"['stage1_n1__from__root__c01', 'stage2_n2__from__n0001__c02', 'stage3_n5__from__n0007__c04', 'stage4_n5__from__n0028__c04']",stage4_n5__from__n0028__c04,3,stage5_n5__from__n0086__c03,"['stage1_n1__from__root__c01', 'stage2_n2__from__n0001__c02', 'stage3_n5__from__n0007__c04', 'stage4_n5__from__n0028__c04', 'stage5_n5__from__n0086__c03']",0.3333333333333333,3,stagewise_marginal_mixture,full_tree_child_marginal_at_switch
direct_multistage_exp3,25,26,4,"['stage1_n1__from__root__c01', 'stage2_n3__from__n0001__c03', 'stage3_n3__from__n0008__c01', 'stage4_n2__from__n0029__c01']",stage4_n2__from__n0029__c01,1,stage5_n1__from__n0087__c01,"['stage1_n1__from__root__c01', 'stage2_n3__from__n0001__c03', 'stage3_n3__from__n0008__c01', 'stage4_n2__from__n0029__c01', 'stage5_n1__from__n0087__c01']",0.5,2,stagewise_marginal_mixture,full_tree_child_marginal_at_switch
direct_multistage_exp3,25,26,4,"['stage1_n1__from__root__c01', 'stage2_n3__from__n0001__c03', 'stage3_n3__from__n0008__c01', 'stage4_n2__from__n0029__c01']",stage4_n2__from__n0029__c01,2,stage5_n2__from__n0087__c02,"['stage1_n1__from__root__c01', 'stage2_n3__from__n0001__c03', 'stage3_n3__from__n0008__c01', 'stage4_n2__from__n0029__c01', 'stage5_n2__from__n0087__c02']",0.5,2,stagewise_marginal_mixture,full_tree_child_marginal_at_switch
direct_multistage_exp3,25,26,4,"['stage1_n1__from__root__c01', 'stage2_n3__from__n0001__c03', 'stage3_n3__from__n0008__c01', 'stage4_n3__from__n0029__c02']",stage4_n3__from__n0029__c02,1,stage5_n1__from__n0088__c01,"['stage1_n1__from__root__c01', 'stage2_n3__from__n0001__c03', 'stage3_n3__from__n0008__c01', 'stage4_n3__from__n0029__c02', 'stage5_n1__from__n0088__c01']",0.25,4,stagewise_marginal_mixture,full_tree_child_marginal_at_switch
direct_multistage_exp3,25,26,4,"['stage1_n1__from__root__c01', 'stage2_n3__from__n0001__c03', 'stage3_n3__from__n0008__c01', 'stage4_n3__from__n0029__c02']",stage4_n3__from__n0029__c02,2,stage5_n2__from__n0088__c02,"['stage1_n1__from__root__c01', 'stage2_n3__from__n0001__c03', 'stage3_n3__from__n0008__c01', 'stage4_n3__from__n0029__c02', 'stage5_n2__from__n0088__c02']",0.25,4,stagewise_marginal_mixture,full_tree_child_marginal_at_switch
direct_multistage_exp3,25,26,4,"['stage1_n1__from__root__c01', 'stage2_n3__from__n0001__c03', 'stage3_n3__from__n0008__c01', 'stage4_n3__from__n0029__c02']",stage4_n3__from__n0029__c02,3,stage5_n3__from__n0088__c03,"['stage1_n1__from__root__c01', 'stage2_n3__from__n0001__c03', 'stage3_n3__from__n0008__c01', 'stage4_n3__from__n0029__c02', 'stage5_n3__from__n0088__c03']",0.25,4,stagewise_marginal_mixture,full_tree_child_marginal_at_switch
direct_multistage_exp3,25,26,4,"['stage1_n1__from__root__c01', 'stage2_n3__from__n0001__c03', 'stage3_n3__from__n0008__c01', 'stage4_n3__from__n0029__c02']",stage4_n3__from__n0029__c02,4,stage5_n4__from__n0088__c04,"['stage1_n1__from__root__c01', 'stage2_n3__from__n0001__c03', 'stage3_n3__from__n0008__c01', 'stage4_n3__from__n0029__c02', 'stage5_n4__from__n0088__c04']",0.25,4,stagewise_marginal_mixture,full_tree_child_marginal_at_switch
direct_multistage_exp3,25,26,4,"['stage1_n1__from__root__c01', 'stage2_n3__from__n0001__c03', 'stage3_n4__from__n0008__c02', 'stage4_n2__from__n0030__c01']",stage4_n2__from__n0030__c01,1,stage5_n1__from__n0089__c01,"['stage1_n1__from__root__c01', 'stage2_n3__from__n0001__c03', 'stage3_n4__from__n0008__c02', 'stage4_n2__from__n0030__c01', 'stage5_n1__from__n0089__c01']",0.5,2,stagewise_marginal_mixture,full_tree_child_marginal_at_switch
direct_multistage_exp3,25,26,4,"['stage1_n1__from__root__c01', 'stage2_n3__from__n0001__c03', 'stage3_n4__from__n0008__c02', 'stage4_n2__from__n0030__c01']",stage4_n2__from__n0030__c01,2,stage5_n2__from__n0089__c02,"['stage1_n1__from__root__c01', 'stage2_n3__from__n0001__c03', 'stage3_n4__from__n0008__c02', 'stage4_n2__from__n0030__c01', 'stage5_n2__from__n0089__c02']",0.5,2,stagewise_marginal_mixture,full_tree_child_marginal_at_switch
direct_multistage_exp3,25,26,4,"['stage1_n1__from__root__c01', 'stage2_n3__from__n0001__c03', 'stage3_n4__from__n0008__c02', 'stage4_n3__from__n0030__c02']",stage4_n3__from__n0030__c02,1,stage5_n1__from__n0090__c01,"['stage1_n1__from__root__c01', 'stage2_n3__from__n0001__c03', 'stage3_n4__from__n0008__c02', 'stage4_n3__from__n0030__c02', 'stage5_n1__from__n0090__c01']",0.25,4,stagewise_marginal_mixture,full_tree_child_marginal_at_switch
direct_multistage_exp3,25,26,4,"['stage1_n1__from__root__c01', 'stage2_n3__from__n0001__c03', 'stage3_n4__from__n0008__c02', 'stage4_n3__from__n0030__c02']",stage4_n3__from__n0030__c02,2,stage5_n2__from__n0090__c02,"['stage1_n1__from__root__c01', 'stage2_n3__from__n0001__c03', 'stage3_n4__from__n0008__c02', 'stage4_n3__from__n0030__c02', 'stage5_n2__from__n0090__c02']",0.25,4,stagewise_marginal_mixture,full_tree_child_marginal_at_switch
direct_multistage_exp3,25,26,4,"['stage1_n1__from__root__c01', 'stage2_n3__from__n0001__c03', 'stage3_n4__from__n0008__c02', 'stage4_n3__from__n0030__c02']",stage4_n3__from__n0030__c02,3,stage5_n3__from__n0090__c03,"['stage1_n1__from__root__c01', 'stage2_n3__from__n0001__c03', 'stage3_n4__from__n0008__c02', 'stage4_n3__from__n0030__c02', 'stage5_n3__from__n0090__c03']",0.25,4,stagewise_marginal_mixture,full_tree_child_marginal_at_switch
direct_multistage_exp3,25,26,4,"['stage1_n1__from__root__c01', 'stage2_n3__from__n0001__c03', 'stage3_n4__from__n0008__c02', 'stage4_n3__from__n0030__c02']",stage4_n3__from__n0030__c02,4,stage5_n4__from__n0090__c04,"['stage1_n1__from__root__c01', 'stage2_n3__from__n0001__c03', 'stage3_n4__from__n0008__c02', 'stage4_n3__from__n0030__c02', 'stage5_n4__from__n0090__c04']",0.25,4,stagewise_marginal_mixture,full_tree_child_marginal_at_switch
direct_multistage_exp3,25,26,4,"['stage1_n1__from__root__c01', 'stage2_n3__from__n0001__c03', 'stage3_n4__from__n0008__c02', 'stage4_n4__from__n0030__c03']",stage4_n4__from__n0030__c03,1,stage5_n1__from__n0091__c01,"['stage1_n1__from__root__c01', 'stage2_n3__from__n0001__c03', 'stage3_n4__from__n0008__c02', 'stage4_n4__from__n0030__c03', 'stage5_n1__from__n0091__c01']",0.25,4,stagewise_marginal_mixture,full_tree_child_marginal_at_switch
direct_multistage_exp3,25,26,4,"['stage1_n1__from__root__c01', 'stage2_n3__from__n0001__c03', 'stage3_n4__from__n0008__c02', 'stage4_n4__from__n0030__c03']",stage4_n4__from__n0030__c03,2,stage5_n3__from__n0091__c02,"['stage1_n1__from__root__c01', 'stage2_n3__from__n0001__c03', 'stage3_n4__from__n0008__c02', 'stage4_n4__from__n0030__c03', 'stage5_n3__from__n0091__c02']",0.25,4,stagewise_marginal_mixture,full_tree_child_marginal_at_switch
direct_multistage_exp3,25,26,4,"['stage1_n1__from__root__c01', 'stage2_n3__from__n0001__c03', 'stage3_n4__from__n0008__c02', 'stage4_n4__from__n0030__c03']",stage4_n4__from__n0030__c03,3,stage5_n4__from__n0091__c03,"['stage1_n1__from__root__c01', 'stage2_n3__from__n0001__c03', 'stage3_n4__from__n0008__c02', 'stage4_n4__from__n0030__c03', 'stage5_n4__from__n0091__c03']",0.25,4,stagewise_marginal_mixture,full_tree_child_marginal_at_switch
direct_multistage_exp3,25,26,4,"['stage1_n1__from__root__c01', 'stage2_n3__from__n0001__c03', 'stage3_n4__from__n0008__c02', 'stage4_n4__from__n0030__c03']",stage4_n4__from__n0030__c03,4,stage5_n5__from__n0091__c04,"['stage1_n1__from__root__c01', 'stage2_n3__from__n0001__c03', 'stage3_n4__from__n0008__c02', 'stage4_n4__from__n0030__c03', 'stage5_n5__from__n0091__c04']",0.25,4,stagewise_marginal_mixture,full_tree_child_marginal_at_switch
direct_multistage_exp3,25,26,4,"['stage1_n1__from__root__c01', 'stage2_n3__from__n0001__c03', 'stage3_n4__from__n0008__c02', 'stage4_n5__from__n0030__c04']",stage4_n5__from__n0030__c04,1,stage5_n2__from__n0092__c01,"['stage1_n1__from__root__c01', 'stage2_n3__from__n0001__c03', 'stage3_n4__from__n0008__c02', 'stage4_n5__from__n0030__c04', 'stage5_n2__from__n0092__c01']",0.4999999999969891,3,stagewise_marginal_mixture,full_tree_child_marginal_at_switch
direct_multistage_exp3,25,26,4,"['stage1_n1__from__root__c01', 'stage2_n3__from__n0001__c03', 'stage3_n4__from__n0008__c02', 'stage4_n5__from__n0030__c04']",stage4_n5__from__n0030__c04,2,stage5_n4__from__n0092__c02,"['stage1_n1__from__root__c01', 'stage2_n3__from__n0001__c03', 'stage3_n4__from__n0008__c02', 'stage4_n5__from__n0030__c04', 'stage5_n4__from__n0092__c02']",0.4999999999969891,3,stagewise_marginal_mixture,full_tree_child_marginal_at_switch
direct_multistage_exp3,25,26,4,"['stage1_n1__from__root__c01', 'stage2_n3__from__n0001__c03', 'stage3_n4__from__n0008__c02', 'stage4_n5__from__n0030__c04']",stage4_n5__from__n0030__c04,3,stage5_n5__from__n0092__c03,"['stage1_n1__from__root__c01', 'stage2_n3__from__n0001__c03', 'stage3_n4__from__n0008__c02', 'stage4_n5__from__n0030__c04', 'stage5_n5__from__n0092__c03']",6.021799593649516e-12,3,stagewise_marginal_mixture,full_tree_child_marginal_at_switch
direct_multistage_exp3,25,26,4,"['stage1_n1__from__root__c01', 'stage2_n3__from__n0001__c03', 'stage3_n5__from__n0008__c03', 'stage4_n2__from__n0031__c01']",stage4_n2__from__n0031__c01,1,stage5_n1__from__n0093__c01,"['stage1_n1__from__root__c01', 'stage2_n3__from__n0001__c03', 'stage3_n5__from__n0008__c03', 'stage4_n2__from__n0031__c01', 'stage5_n1__from__n0093__c01']",0.5,2,stagewise_marginal_mixture,full_tree_child_marginal_at_switch
direct_multistage_exp3,25,26,4,"['stage1_n1__from__root__c01', 'stage2_n3__from__n0001__c03', 'stage3_n5__from__n0008__c03', 'stage4_n2__from__n0031__c01']",stage4_n2__from__n0031__c01,2,stage5_n2__from__n0093__c02,"['stage1_n1__from__root__c01', 'stage2_n3__from__n0001__c03', 'stage3_n5__from__n0008__c03', 'stage4_n2__from__n0031__c01', 'stage5_n2__from__n0093__c02']",0.5,2,stagewise_marginal_mixture,full_tree_child_marginal_at_switch
direct_multistage_exp3,25,26,4,"['stage1_n1__from__root__c01', 'stage2_n3__from__n0001__c03', 'stage3_n5__from__n0008__c03', 'stage4_n3__from__n0031__c02']",stage4_n3__from__n0031__c02,1,stage5_n1__from__n0094__c01,"['stage1_n1__from__root__c01', 'stage2_n3__from__n0001__c03', 'stage3_n5__from__n0008__c03', 'stage4_n3__from__n0031__c02', 'stage5_n1__from__n0094__c01']",0.25,4,stagewise_marginal_mixture,full_tree_child_marginal_at_switch
direct_multistage_exp3,25,26,4,"['stage1_n1__from__root__c01', 'stage2_n3__from__n0001__c03', 'stage3_n5__from__n0008__c03', 'stage4_n3__from__n0031__c02']",stage4_n3__from__n0031__c02,2,stage5_n2__from__n0094__c02,"['stage1_n1__from__root__c01', 'stage2_n3__from__n0001__c03', 'stage3_n5__from__n0008__c03', 'stage4_n3__from__n0031__c02', 'stage5_n2__from__n0094__c02']",0.25,4,stagewise_marginal_mixture,full_tree_child_marginal_at_switch
direct_multistage_exp3,25,26,4,"['stage1_n1__from__root__c01', 'stage2_n3__from__n0001__c03', 'stage3_n5__from__n0008__c03', 'stage4_n3__from__n0031__c02']",stage4_n3__from__n0031__c02,3,stage5_n3__from__n0094__c03,"['stage1_n1__from__root__c01', 'stage2_n3__from__n0001__c03', 'stage3_n5__from__n0008__c03', 'stage4_n3__from__n0031__c02', 'stage5_n3__from__n0094__c03']",0.25,4,stagewise_marginal_mixture,full_tree_child_marginal_at_switch
direct_multistage_exp3,25,26,4,"['stage1_n1__from__root__c01', 'stage2_n3__from__n0001__c03', 'stage3_n5__from__n0008__c03', 'stage4_n3__from__n0031__c02']",stage4_n3__from__n0031__c02,4,stage5_n4__from__n0094__c04,"['stage1_n1__from__root__c01', 'stage2_n3__from__n0001__c03', 'stage3_n5__from__n0008__c03', 'stage4_n3__from__n0031__c02', 'stage5_n4__from__n0094__c04']",0.25,4,stagewise_marginal_mixture,full_tree_child_marginal_at_switch
direct_multistage_exp3,25,26,4,"['stage1_n1__from__root__c01', 'stage2_n3__from__n0001__c03', 'stage3_n5__from__n0008__c03', 'stage4_n4__from__n0031__c03']",stage4_n4__from__n0031__c03,1,stage5_n1__from__n0095__c01,"['stage1_n1__from__root__c01', 'stage2_n3__from__n0001__c03', 'stage3_n5__from__n0008__c03', 'stage4_n4__from__n0031__c03', 'stage5_n1__from__n0095__c01']",0.25,4,stagewise_marginal_mixture,full_tree_child_marginal_at_switch
direct_multistage_exp3,25,26,4,"['stage1_n1__from__root__c01', 'stage2_n3__from__n0001__c03', 'stage3_n5__from__n0008__c03', 'stage4_n4__from__n0031__c03']",stage4_n4__from__n0031__c03,2,stage5_n3__from__n0095__c02,"['stage1_n1__from__root__c01', 'stage2_n3__from__n0001__c03', 'stage3_n5__from__n0008__c03', 'stage4_n4__from__n0031__c03', 'stage5_n3__from__n0095__c02']",0.25,4,stagewise_marginal_mixture,full_tree_child_marginal_at_switch
direct_multistage_exp3,25,26,4,"['stage1_n1__from__root__c01', 'stage2_n3__from__n0001__c03', 'stage3_n5__from__n0008__c03', 'stage4_n4__from__n0031__c03']",stage4_n4__from__n0031__c03,3,stage5_n4__from__n0095__c03,"['stage1_n1__from__root__c01', 'stage2_n3__from__n0001__c03', 'stage3_n5__from__n0008__c03', 'stage4_n4__from__n0031__c03', 'stage5_n4__from__n0095__c03']",0.25,4,stagewise_marginal_mixture,full_tree_child_marginal_at_switch
direct_multistage_exp3,25,26,4,"['stage1_n1__from__root__c01', 'stage2_n3__from__n0001__c03', 'stage3_n5__from__n0008__c03', 'stage4_n4__from__n0031__c03']",stage4_n4__from__n0031__c03,4,stage5_n5__from__n0095__c04,"['stage1_n1__from__root__c01', 'stage2_n3__from__n0001__c03', 'stage3_n5__from__n0008__c03', 'stage4_n4__from__n0031__c03', 'stage5_n5__from__n0095__c04']",0.25,4,stagewise_marginal_mixture,full_tree_child_marginal_at_switch
direct_multistage_exp3,25,26,4,"['stage1_n1__from__root__c01', 'stage2_n3__from__n0001__c03', 'stage3_n5__from__n0008__c03', 'stage4_n5__from__n0031__c04']",stage4_n5__from__n0031__c04,1,stage5_n2__from__n0096__c01,"['stage1_n1__from__root__c01', 'stage2_n3__from__n0001__c03', 'stage3_n5__from__n0008__c03', 'stage4_n5__from__n0031__c04', 'stage5_n2__from__n0096__c01']",0.49999999998939293,3,stagewise_marginal_mixture,full_tree_child_marginal_at_switch
direct_multistage_exp3,25,26,4,"['stage1_n1__from__root__c01', 'stage2_n3__from__n0001__c03', 'stage3_n5__from__n0008__c03', 'stage4_n5__from__n0031__c04']",stage4_n5__from__n0031__c04,2,stage5_n4__from__n0096__c02,"['stage1_n1__from__root__c01', 'stage2_n3__from__n0001__c03', 'stage3_n5__from__n0008__c03', 'stage4_n5__from__n0031__c04', 'stage5_n4__from__n0096__c02']",0.49999999998939293,3,stagewise_marginal_mixture,full_tree_child_marginal_at_switch
direct_multistage_exp3,25,26,4,"['stage1_n1__from__root__c01', 'stage2_n3__from__n0001__c03', 'stage3_n5__from__n0008__c03', 'stage4_n5__from__n0031__c04']",stage4_n5__from__n0031__c04,3,stage5_n5__from__n0096__c03,"['stage1_n1__from__root__c01', 'stage2_n3__from__n0001__c03', 'stage3_n5__from__n0008__c03', 'stage4_n5__from__n0031__c04', 'stage5_n5__from__n0096__c03']",2.121416270678034e-11,3,stagewise_marginal_mixture,full_tree_child_marginal_at_switch
direct_multistage_exp3,25,26,4,"['stage1_n2__from__root__c02', 'stage2_n1__from__n0002__c01', 'stage3_n1__from__n0009__c01', 'stage4_n1__from__n0032__c01']",stage4_n1__from__n0032__c01,1,stage5_n1__from__n0097__c01,"['stage1_n2__from__root__c02', 'stage2_n1__from__n0002__c01', 'stage3_n1__from__n0009__c01', 'stage4_n1__from__n0032__c01', 'stage5_n1__from__n0097__c01']",0.5,2,stagewise_marginal_mixture,full_tree_child_marginal_at_switch
direct_multistage_exp3,25,26,4,"['stage1_n2__from__root__c02', 'stage2_n1__from__n0002__c01', 'stage3_n1__from__n0009__c01', 'stage4_n1__from__n0032__c01']",stage4_n1__from__n0032__c01,2,stage5_n2__from__n0097__c02,"['stage1_n2__from__root__c02', 'stage2_n1__from__n0002__c01', 'stage3_n1__from__n0009__c01', 'stage4_n1__from__n0032__c01', 'stage5_n2__from__n0097__c02']",0.5,2,stagewise_marginal_mixture,full_tree_child_marginal_at_switch
direct_multistage_exp3,25,26,4,"['stage1_n2__from__root__c02', 'stage2_n1__from__n0002__c01', 'stage3_n2__from__n0009__c02', 'stage4_n1__from__n0033__c01']",stage4_n1__from__n0033__c01,1,stage5_n1__from__n0098__c01,"['stage1_n2__from__root__c02', 'stage2_n1__from__n0002__c01', 'stage3_n2__from__n0009__c02', 'stage4_n1__from__n0033__c01', 'stage5_n1__from__n0098__c01']",0.049118656880056705,2,stagewise_marginal_mixture,full_tree_child_marginal_at_switch
direct_multistage_exp3,25,26,4,"['stage1_n2__from__root__c02', 'stage2_n1__from__n0002__c01', 'stage3_n2__from__n0009__c02', 'stage4_n1__from__n0033__c01']",stage4_n1__from__n0033__c01,2,stage5_n2__from__n0098__c02,"['stage1_n2__from__root__c02', 'stage2_n1__from__n0002__c01', 'stage3_n2__from__n0009__c02', 'stage4_n1__from__n0033__c01', 'stage5_n2__from__n0098__c02']",0.9508813431199433,2,stagewise_marginal_mixture,full_tree_child_marginal_at_switch
direct_multistage_exp3,25,26,4,"['stage1_n2__from__root__c02', 'stage2_n2__from__n0002__c02', 'stage3_n2__from__n0010__c01', 'stage4_n1__from__n0034__c01']",stage4_n1__from__n0034__c01,1,stage5_n1__from__n0099__c01,"['stage1_n2__from__root__c02', 'stage2_n2__from__n0002__c02', 'stage3_n2__from__n0010__c01', 'stage4_n1__from__n0034__c01', 'stage5_n1__from__n0099__c01']",0.5,2,stagewise_marginal_mixture,full_tree_child_marginal_at_switch
direct_multistage_exp3,25,26,4,"['stage1_n2__from__root__c02', 'stage2_n2__from__n0002__c02', 'stage3_n2__from__n0010__c01', 'stage4_n1__from__n0034__c01']",stage4_n1__from__n0034__c01,2,stage5_n2__from__n0099__c02,"['stage1_n2__from__root__c02', 'stage2_n2__from__n0002__c02', 'stage3_n2__from__n0010__c01', 'stage4_n1__from__n0034__c01', 'stage5_n2__from__n0099__c02']",0.5,2,stagewise_marginal_mixture,full_tree_child_marginal_at_switch
direct_multistage_exp3,25,26,4,"['stage1_n2__from__root__c02', 'stage2_n2__from__n0002__c02', 'stage3_n3__from__n0010__c02', 'stage4_n2__from__n0035__c01']",stage4_n2__from__n0035__c01,1,stage5_n1__from__n0100__c01,"['stage1_n2__from__root__c02', 'stage2_n2__from__n0002__c02', 'stage3_n3__from__n0010__c02', 'stage4_n2__from__n0035__c01', 'stage5_n1__from__n0100__c01']",0.5,2,stagewise_marginal_mixture,full_tree_child_marginal_at_switch
direct_multistage_exp3,25,26,4,"['stage1_n2__from__root__c02', 'stage2_n2__from__n0002__c02', 'stage3_n3__from__n0010__c02', 'stage4_n2__from__n0035__c01']",stage4_n2__from__n0035__c01,2,stage5_n2__from__n0100__c02,"['stage1_n2__from__root__c02', 'stage2_n2__from__n0002__c02', 'stage3_n3__from__n0010__c02', 'stage4_n2__from__n0035__c01', 'stage5_n2__from__n0100__c02']",0.5,2,stagewise_marginal_mixture,full_tree_child_marginal_at_switch
direct_multistage_exp3,25,26,4,"['stage1_n2__from__root__c02', 'stage2_n2__from__n0002__c02', 'stage3_n3__from__n0010__c02', 'stage4_n3__from__n0035__c02']",stage4_n3__from__n0035__c02,1,stage5_n1__from__n0101__c01,"['stage1_n2__from__root__c02', 'stage2_n2__from__n0002__c02', 'stage3_n3__from__n0010__c02', 'stage4_n3__from__n0035__c02', 'stage5_n1__from__n0101__c01']",3.008077536488131e-10,4,stagewise_marginal_mixture,full_tree_child_marginal_at_switch
direct_multistage_exp3,25,26,4,"['stage1_n2__from__root__c02', 'stage2_n2__from__n0002__c02', 'stage3_n3__from__n0010__c02', 'stage4_n3__from__n0035__c02']",stage4_n3__from__n0035__c02,2,stage5_n2__from__n0101__c02,"['stage1_n2__from__root__c02', 'stage2_n2__from__n0002__c02', 'stage3_n3__from__n0010__c02', 'stage4_n3__from__n0035__c02', 'stage5_n2__from__n0101__c02']",0.3333333332330641,4,stagewise_marginal_mixture,full_tree_child_marginal_at_switch
direct_multistage_exp3,25,26,4,"['stage1_n2__from__root__c02', 'stage2_n2__from__n0002__c02', 'stage3_n3__from__n0010__c02', 'stage4_n3__from__n0035__c02']",stage4_n3__from__n0035__c02,3,stage5_n3__from__n0101__c03,"['stage1_n2__from__root__c02', 'stage2_n2__from__n0002__c02', 'stage3_n3__from__n0010__c02', 'stage4_n3__from__n0035__c02', 'stage5_n3__from__n0101__c03']",0.3333333332330641,4,stagewise_marginal_mixture,full_tree_child_marginal_at_switch
direct_multistage_exp3,25,26,4,"['stage1_n2__from__root__c02', 'stage2_n2__from__n0002__c02', 'stage3_n3__from__n0010__c02', 'stage4_n3__from__n0035__c02']",stage4_n3__from__n0035__c02,4,stage5_n4__from__n0101__c04,"['stage1_n2__from__root__c02', 'stage2_n2__from__n0002__c02', 'stage3_n3__from__n0010__c02', 'stage4_n3__from__n0035__c02', 'stage5_n4__from__n0101__c04']",0.3333333332330641,4,stagewise_marginal_mixture,full_tree_child_marginal_at_switch
direct_multistage_exp3,25,26,4,"['stage1_n2__from__root__c02', 'stage2_n2__from__n0002__c02', 'stage3_n4__from__n0010__c03', 'stage4_n2__from__n0036__c01']",stage4_n2__from__n0036__c01,1,stage5_n1__from__n0102__c01,"['stage1_n2__from__root__c02', 'stage2_n2__from__n0002__c02', 'stage3_n4__from__n0010__c03', 'stage4_n2__from__n0036__c01', 'stage5_n1__from__n0102__c01']",0.5,2,stagewise_marginal_mixture,full_tree_child_marginal_at_switch
direct_multistage_exp3,25,26,4,"['stage1_n2__from__root__c02', 'stage2_n2__from__n0002__c02', 'stage3_n4__from__n0010__c03', 'stage4_n2__from__n0036__c01']",stage4_n2__from__n0036__c01,2,stage5_n2__from__n0102__c02,"['stage1_n2__from__root__c02', 'stage2_n2__from__n0002__c02', 'stage3_n4__from__n0010__c03', 'stage4_n2__from__n0036__c01', 'stage5_n2__from__n0102__c02']",0.5,2,stagewise_marginal_mixture,full_tree_child_marginal_at_switch
direct_multistage_exp3,25,26,4,"['stage1_n2__from__root__c02', 'stage2_n2__from__n0002__c02', 'stage3_n4__from__n0010__c03', 'stage4_n3__from__n0036__c02']",stage4_n3__from__n0036__c02,1,stage5_n1__from__n0103__c01,"['stage1_n2__from__root__c02', 'stage2_n2__from__n0002__c02', 'stage3_n4__from__n0010__c03', 'stage4_n3__from__n0036__c02', 'stage5_n1__from__n0103__c01']",0.25,4,stagewise_marginal_mixture,full_tree_child_marginal_at_switch
direct_multistage_exp3,25,26,4,"['stage1_n2__from__root__c02', 'stage2_n2__from__n0002__c02', 'stage3_n4__from__n0010__c03', 'stage4_n3__from__n0036__c02']",stage4_n3__from__n0036__c02,2,stage5_n2__from__n0103__c02,"['stage1_n2__from__root__c02', 'stage2_n2__from__n0002__c02', 'stage3_n4__from__n0010__c03', 'stage4_n3__from__n0036__c02', 'stage5_n2__from__n0103__c02']",0.25,4,stagewise_marginal_mixture,full_tree_child_marginal_at_switch
direct_multistage_exp3,25,26,4,"['stage1_n2__from__root__c02', 'stage2_n2__from__n0002__c02', 'stage3_n4__from__n0010__c03', 'stage4_n3__from__n0036__c02']",stage4_n3__from__n0036__c02,3,stage5_n3__from__n0103__c03,"['stage1_n2__from__root__c02', 'stage2_n2__from__n0002__c02', 'stage3_n4__from__n0010__c03', 'stage4_n3__from__n0036__c02', 'stage5_n3__from__n0103__c03']",0.25,4,stagewise_marginal_mixture,full_tree_child_marginal_at_switch
direct_multistage_exp3,25,26,4,"['stage1_n2__from__root__c02', 'stage2_n2__from__n0002__c02', 'stage3_n4__from__n0010__c03', 'stage4_n3__from__n0036__c02']",stage4_n3__from__n0036__c02,4,stage5_n4__from__n0103__c04,"['stage1_n2__from__root__c02', 'stage2_n2__from__n0002__c02', 'stage3_n4__from__n0010__c03', 'stage4_n3__from__n0036__c02', 'stage5_n4__from__n0103__c04']",0.25,4,stagewise_marginal_mixture,full_tree_child_marginal_at_switch
direct_multistage_exp3,25,26,4,"['stage1_n2__from__root__c02', 'stage2_n2__from__n0002__c02', 'stage3_n4__from__n0010__c03', 'stage4_n4__from__n0036__c03']",stage4_n4__from__n0036__c03,1,stage5_n1__from__n0104__c01,"['stage1_n2__from__root__c02', 'stage2_n2__from__n0002__c02', 'stage3_n4__from__n0010__c03', 'stage4_n4__from__n0036__c03', 'stage5_n1__from__n0104__c01']",0.25,4,stagewise_marginal_mixture,full_tree_child_marginal_at_switch
direct_multistage_exp3,25,26,4,"['stage1_n2__from__root__c02', 'stage2_n2__from__n0002__c02', 'stage3_n4__from__n0010__c03', 'stage4_n4__from__n0036__c03']",stage4_n4__from__n0036__c03,2,stage5_n3__from__n0104__c02,"['stage1_n2__from__root__c02', 'stage2_n2__from__n0002__c02', 'stage3_n4__from__n0010__c03', 'stage4_n4__from__n0036__c03', 'stage5_n3__from__n0104__c02']",0.25,4,stagewise_marginal_mixture,full_tree_child_marginal_at_switch
direct_multistage_exp3,25,26,4,"['stage1_n2__from__root__c02', 'stage2_n2__from__n0002__c02', 'stage3_n4__from__n0010__c03', 'stage4_n4__from__n0036__c03']",stage4_n4__from__n0036__c03,3,stage5_n4__from__n0104__c03,"['stage1_n2__from__root__c02', 'stage2_n2__from__n0002__c02', 'stage3_n4__from__n0010__c03', 'stage4_n4__from__n0036__c03', 'stage5_n4__from__n0104__c03']",0.25,4,stagewise_marginal_mixture,full_tree_child_marginal_at_switch
direct_multistage_exp3,25,26,4,"['stage1_n2__from__root__c02', 'stage2_n2__from__n0002__c02', 'stage3_n4__from__n0010__c03', 'stage4_n4__from__n0036__c03']",stage4_n4__from__n0036__c03,4,stage5_n5__from__n0104__c04,"['stage1_n2__from__root__c02', 'stage2_n2__from__n0002__c02', 'stage3_n4__from__n0010__c03', 'stage4_n4__from__n0036__c03', 'stage5_n5__from__n0104__c04']",0.25,4,stagewise_marginal_mixture,full_tree_child_marginal_at_switch
direct_multistage_exp3,25,26,4,"['stage1_n2__from__root__c02', 'stage2_n2__from__n0002__c02', 'stage3_n4__from__n0010__c03', 'stage4_n5__from__n0036__c04']",stage4_n5__from__n0036__c04,1,stage5_n2__from__n0105__c01,"['stage1_n2__from__root__c02', 'stage2_n2__from__n0002__c02', 'stage3_n4__from__n0010__c03', 'stage4_n5__from__n0036__c04', 'stage5_n2__from__n0105__c01']",0.3333333333333333,3,stagewise_marginal_mixture,full_tree_child_marginal_at_switch
direct_multistage_exp3,25,26,4,"['stage1_n2__from__root__c02', 'stage2_n2__from__n0002__c02', 'stage3_n4__from__n0010__c03', 'stage4_n5__from__n0036__c04']",stage4_n5__from__n0036__c04,2,stage5_n4__from__n0105__c02,"['stage1_n2__from__root__c02', 'stage2_n2__from__n0002__c02', 'stage3_n4__from__n0010__c03', 'stage4_n5__from__n0036__c04', 'stage5_n4__from__n0105__c02']",0.3333333333333333,3,stagewise_marginal_mixture,full_tree_child_marginal_at_switch
direct_multistage_exp3,25,26,4,"['stage1_n2__from__root__c02', 'stage2_n2__from__n0002__c02', 'stage3_n4__from__n0010__c03', 'stage4_n5__from__n0036__c04']",stage4_n5__from__n0036__c04,3,stage5_n5__from__n0105__c03,"['stage1_n2__from__root__c02', 'stage2_n2__from__n0002__c02', 'stage3_n4__from__n0010__c03', 'stage4_n5__from__n0036__c04', 'stage5_n5__from__n0105__c03']",0.3333333333333333,3,stagewise_marginal_mixture,full_tree_child_marginal_at_switch
direct_multistage_exp3,25,26,4,"['stage1_n2__from__root__c02', 'stage2_n2__from__n0002__c02', 'stage3_n5__from__n0010__c04', 'stage4_n2__from__n0037__c01']",stage4_n2__from__n0037__c01,1,stage5_n1__from__n0106__c01,"['stage1_n2__from__root__c02', 'stage2_n2__from__n0002__c02', 'stage3_n5__from__n0010__c04', 'stage4_n2__from__n0037__c01', 'stage5_n1__from__n0106__c01']",0.5,2,stagewise_marginal_mixture,full_tree_child_marginal_at_switch
direct_multistage_exp3,25,26,4,"['stage1_n2__from__root__c02', 'stage2_n2__from__n0002__c02', 'stage3_n5__from__n0010__c04', 'stage4_n2__from__n0037__c01']",stage4_n2__from__n0037__c01,2,stage5_n2__from__n0106__c02,"['stage1_n2__from__root__c02', 'stage2_n2__from__n0002__c02', 'stage3_n5__from__n0010__c04', 'stage4_n2__from__n0037__c01', 'stage5_n2__from__n0106__c02']",0.5,2,stagewise_marginal_mixture,full_tree_child_marginal_at_switch
direct_multistage_exp3,25,26,4,"['stage1_n2__from__root__c02', 'stage2_n2__from__n0002__c02', 'stage3_n5__from__n0010__c04', 'stage4_n3__from__n0037__c02']",stage4_n3__from__n0037__c02,1,stage5_n1__from__n0107__c01,"['stage1_n2__from__root__c02', 'stage2_n2__from__n0002__c02', 'stage3_n5__from__n0010__c04', 'stage4_n3__from__n0037__c02', 'stage5_n1__from__n0107__c01']",0.25,4,stagewise_marginal_mixture,full_tree_child_marginal_at_switch
direct_multistage_exp3,25,26,4,"['stage1_n2__from__root__c02', 'stage2_n2__from__n0002__c02', 'stage3_n5__from__n0010__c04', 'stage4_n3__from__n0037__c02']",stage4_n3__from__n0037__c02,2,stage5_n2__from__n0107__c02,"['stage1_n2__from__root__c02', 'stage2_n2__from__n0002__c02', 'stage3_n5__from__n0010__c04', 'stage4_n3__from__n0037__c02', 'stage5_n2__from__n0107__c02']",0.25,4,stagewise_marginal_mixture,full_tree_child_marginal_at_switch
direct_multistage_exp3,25,26,4,"['stage1_n2__from__root__c02', 'stage2_n2__from__n0002__c02', 'stage3_n5__from__n0010__c04', 'stage4_n3__from__n0037__c02']",stage4_n3__from__n0037__c02,3,stage5_n3__from__n0107__c03,"['stage1_n2__from__root__c02', 'stage2_n2__from__n0002__c02', 'stage3_n5__from__n0010__c04', 'stage4_n3__from__n0037__c02', 'stage5_n3__from__n0107__c03']",0.25,4,stagewise_marginal_mixture,full_tree_child_marginal_at_switch
direct_multistage_exp3,25,26,4,"['stage1_n2__from__root__c02', 'stage2_n2__from__n0002__c02', 'stage3_n5__from__n0010__c04', 'stage4_n3__from__n0037__c02']",stage4_n3__from__n0037__c02,4,stage5_n4__from__n0107__c04,"['stage1_n2__from__root__c02', 'stage2_n2__from__n0002__c02', 'stage3_n5__from__n0010__c04', 'stage4_n3__from__n0037__c02', 'stage5_n4__from__n0107__c04']",0.25,4,stagewise_marginal_mixture,full_tree_child_marginal_at_switch
direct_multistage_exp3,25,26,4,"['stage1_n2__from__root__c02', 'stage2_n2__from__n0002__c02', 'stage3_n5__from__n0010__c04', 'stage4_n4__from__n0037__c03']",stage4_n4__from__n0037__c03,1,stage5_n1__from__n0108__c01,"['stage1_n2__from__root__c02', 'stage2_n2__from__n0002__c02', 'stage3_n5__from__n0010__c04', 'stage4_n4__from__n0037__c03', 'stage5_n1__from__n0108__c01']",0.3333333333333333,4,stagewise_marginal_mixture,full_tree_child_marginal_at_switch
direct_multistage_exp3,25,26,4,"['stage1_n2__from__root__c02', 'stage2_n2__from__n0002__c02', 'stage3_n5__from__n0010__c04', 'stage4_n4__from__n0037__c03']",stage4_n4__from__n0037__c03,2,stage5_n3__from__n0108__c02,"['stage1_n2__from__root__c02', 'stage2_n2__from__n0002__c02', 'stage3_n5__from__n0010__c04', 'stage4_n4__from__n0037__c03', 'stage5_n3__from__n0108__c02']",2.973885664932982e-26,4,stagewise_marginal_mixture,full_tree_child_marginal_at_switch
direct_multistage_exp3,25,26,4,"['stage1_n2__from__root__c02', 'stage2_n2__from__n0002__c02', 'stage3_n5__from__n0010__c04', 'stage4_n4__from__n0037__c03']",stage4_n4__from__n0037__c03,3,stage5_n4__from__n0108__c03,"['stage1_n2__from__root__c02', 'stage2_n2__from__n0002__c02', 'stage3_n5__from__n0010__c04', 'stage4_n4__from__n0037__c03', 'stage5_n4__from__n0108__c03']",0.3333333333333333,4,stagewise_marginal_mixture,full_tree_child_marginal_at_switch
direct_multistage_exp3,25,26,4,"['stage1_n2__from__root__c02', 'stage2_n2__from__n0002__c02', 'stage3_n5__from__n0010__c04', 'stage4_n4__from__n0037__c03']",stage4_n4__from__n0037__c03,4,stage5_n5__from__n0108__c04,"['stage1_n2__from__root__c02', 'stage2_n2__from__n0002__c02', 'stage3_n5__from__n0010__c04', 'stage4_n4__from__n0037__c03', 'stage5_n5__from__n0108__c04']",0.3333333333333333,4,stagewise_marginal_mixture,full_tree_child_marginal_at_switch
direct_multistage_exp3,25,26,4,"['stage1_n2__from__root__c02', 'stage2_n2__from__n0002__c02', 'stage3_n5__from__n0010__c04', 'stage4_n5__from__n0037__c04']",stage4_n5__from__n0037__c04,1,stage5_n2__from__n0109__c01,"['stage1_n2__from__root__c02', 'stage2_n2__from__n0002__c02', 'stage3_n5__from__n0010__c04', 'stage4_n5__from__n0037__c04', 'stage5_n2__from__n0109__c01']",0.3333333333333333,3,stagewise_marginal_mixture,full_tree_child_marginal_at_switch
direct_multistage_exp3,25,26,4,"['stage1_n2__from__root__c02', 'stage2_n2__from__n0002__c02', 'stage3_n5__from__n0010__c04', 'stage4_n5__from__n0037__c04']",stage4_n5__from__n0037__c04,2,stage5_n4__from__n0109__c02,"['stage1_n2__from__root__c02', 'stage2_n2__from__n0002__c02', 'stage3_n5__from__n0010__c04', 'stage4_n5__from__n0037__c04', 'stage5_n4__from__n0109__c02']",0.3333333333333333,3,stagewise_marginal_mixture,full_tree_child_marginal_at_switch
direct_multistage_exp3,25,26,4,"['stage1_n2__from__root__c02', 'stage2_n2__from__n0002__c02', 'stage3_n5__from__n0010__c04', 'stage4_n5__from__n0037__c04']",stage4_n5__from__n0037__c04,3,stage5_n5__from__n0109__c03,"['stage1_n2__from__root__c02', 'stage2_n2__from__n0002__c02', 'stage3_n5__from__n0010__c04', 'stage4_n5__from__n0037__c04', 'stage5_n5__from__n0109__c03']",0.3333333333333333,3,stagewise_marginal_mixture,full_tree_child_marginal_at_switch
direct_multistage_exp3,25,26,4,"['stage1_n2__from__root__c02', 'stage2_n3__from__n0002__c03', 'stage3_n3__from__n0011__c01', 'stage4_n2__from__n0038__c01']",stage4_n2__from__n0038__c01,1,stage5_n1__from__n0110__c01,"['stage1_n2__from__root__c02', 'stage2_n3__from__n0002__c03', 'stage3_n3__from__n0011__c01', 'stage4_n2__from__n0038__c01', 'stage5_n1__from__n0110__c01']",0.9992152741443149,2,stagewise_marginal_mixture,full_tree_child_marginal_at_switch
direct_multistage_exp3,25,26,4,"['stage1_n2__from__root__c02', 'stage2_n3__from__n0002__c03', 'stage3_n3__from__n0011__c01', 'stage4_n2__from__n0038__c01']",stage4_n2__from__n0038__c01,2,stage5_n2__from__n0110__c02,"['stage1_n2__from__root__c02', 'stage2_n3__from__n0002__c03', 'stage3_n3__from__n0011__c01', 'stage4_n2__from__n0038__c01', 'stage5_n2__from__n0110__c02']",0.0007847258556851828,2,stagewise_marginal_mixture,full_tree_child_marginal_at_switch
direct_multistage_exp3,25,26,4,"['stage1_n2__from__root__c02', 'stage2_n3__from__n0002__c03', 'stage3_n3__from__n0011__c01', 'stage4_n3__from__n0038__c02']",stage4_n3__from__n0038__c02,1,stage5_n1__from__n0111__c01,"['stage1_n2__from__root__c02', 'stage2_n3__from__n0002__c03', 'stage3_n3__from__n0011__c01', 'stage4_n3__from__n0038__c02', 'stage5_n1__from__n0111__c01']",0.25,4,stagewise_marginal_mixture,full_tree_child_marginal_at_switch
direct_multistage_exp3,25,26,4,"['stage1_n2__from__root__c02', 'stage2_n3__from__n0002__c03', 'stage3_n3__from__n0011__c01', 'stage4_n3__from__n0038__c02']",stage4_n3__from__n0038__c02,2,stage5_n2__from__n0111__c02,"['stage1_n2__from__root__c02', 'stage2_n3__from__n0002__c03', 'stage3_n3__from__n0011__c01', 'stage4_n3__from__n0038__c02', 'stage5_n2__from__n0111__c02']",0.25,4,stagewise_marginal_mixture,full_tree_child_marginal_at_switch
direct_multistage_exp3,25,26,4,"['stage1_n2__from__root__c02', 'stage2_n3__from__n0002__c03', 'stage3_n3__from__n0011__c01', 'stage4_n3__from__n0038__c02']",stage4_n3__from__n0038__c02,3,stage5_n3__from__n0111__c03,"['stage1_n2__from__root__c02', 'stage2_n3__from__n0002__c03', 'stage3_n3__from__n0011__c01', 'stage4_n3__from__n0038__c02', 'stage5_n3__from__n0111__c03']",0.25,4,stagewise_marginal_mixture,full_tree_child_marginal_at_switch
direct_multistage_exp3,25,26,4,"['stage1_n2__from__root__c02', 'stage2_n3__from__n0002__c03', 'stage3_n3__from__n0011__c01', 'stage4_n3__from__n0038__c02']",stage4_n3__from__n0038__c02,4,stage5_n4__from__n0111__c04,"['stage1_n2__from__root__c02', 'stage2_n3__from__n0002__c03', 'stage3_n3__from__n0011__c01', 'stage4_n3__from__n0038__c02', 'stage5_n4__from__n0111__c04']",0.25,4,stagewise_marginal_mixture,full_tree_child_marginal_at_switch
direct_multistage_exp3,25,26,4,"['stage1_n2__from__root__c02', 'stage2_n3__from__n0002__c03', 'stage3_n4__from__n0011__c02', 'stage4_n2__from__n0039__c01']",stage4_n2__from__n0039__c01,1,stage5_n1__from__n0112__c01,"['stage1_n2__from__root__c02', 'stage2_n3__from__n0002__c03', 'stage3_n4__from__n0011__c02', 'stage4_n2__from__n0039__c01', 'stage5_n1__from__n0112__c01']",0.5,2,stagewise_marginal_mixture,full_tree_child_marginal_at_switch
direct_multistage_exp3,25,26,4,"['stage1_n2__from__root__c02', 'stage2_n3__from__n0002__c03', 'stage3_n4__from__n0011__c02', 'stage4_n2__from__n0039__c01']",stage4_n2__from__n0039__c01,2,stage5_n2__from__n0112__c02,"['stage1_n2__from__root__c02', 'stage2_n3__from__n0002__c03', 'stage3_n4__from__n0011__c02', 'stage4_n2__from__n0039__c01', 'stage5_n2__from__n0112__c02']",0.5,2,stagewise_marginal_mixture,full_tree_child_marginal_at_switch
direct_multistage_exp3,25,26,4,"['stage1_n2__from__root__c02', 'stage2_n3__from__n0002__c03', 'stage3_n4__from__n0011__c02', 'stage4_n3__from__n0039__c02']",stage4_n3__from__n0039__c02,1,stage5_n1__from__n0113__c01,"['stage1_n2__from__root__c02', 'stage2_n3__from__n0002__c03', 'stage3_n4__from__n0011__c02', 'stage4_n3__from__n0039__c02', 'stage5_n1__from__n0113__c01']",0.25,4,stagewise_marginal_mixture,full_tree_child_marginal_at_switch
direct_multistage_exp3,25,26,4,"['stage1_n2__from__root__c02', 'stage2_n3__from__n0002__c03', 'stage3_n4__from__n0011__c02', 'stage4_n3__from__n0039__c02']",stage4_n3__from__n0039__c02,2,stage5_n2__from__n0113__c02,"['stage1_n2__from__root__c02', 'stage2_n3__from__n0002__c03', 'stage3_n4__from__n0011__c02', 'stage4_n3__from__n0039__c02', 'stage5_n2__from__n0113__c02']",0.25,4,stagewise_marginal_mixture,full_tree_child_marginal_at_switch
direct_multistage_exp3,25,26,4,"['stage1_n2__from__root__c02', 'stage2_n3__from__n0002__c03', 'stage3_n4__from__n0011__c02', 'stage4_n3__from__n0039__c02']",stage4_n3__from__n0039__c02,3,stage5_n3__from__n0113__c03,"['stage1_n2__from__root__c02', 'stage2_n3__from__n0002__c03', 'stage3_n4__from__n0011__c02', 'stage4_n3__from__n0039__c02', 'stage5_n3__from__n0113__c03']",0.25,4,stagewise_marginal_mixture,full_tree_child_marginal_at_switch
direct_multistage_exp3,25,26,4,"['stage1_n2__from__root__c02', 'stage2_n3__from__n0002__c03', 'stage3_n4__from__n0011__c02', 'stage4_n3__from__n0039__c02']",stage4_n3__from__n0039__c02,4,stage5_n4__from__n0113__c04,"['stage1_n2__from__root__c02', 'stage2_n3__from__n0002__c03', 'stage3_n4__from__n0011__c02', 'stage4_n3__from__n0039__c02', 'stage5_n4__from__n0113__c04']",0.25,4,stagewise_marginal_mixture,full_tree_child_marginal_at_switch
direct_multistage_exp3,25,26,4,"['stage1_n2__from__root__c02', 'stage2_n3__from__n0002__c03', 'stage3_n4__from__n0011__c02', 'stage4_n4__from__n0039__c03']",stage4_n4__from__n0039__c03,1,stage5_n1__from__n0114__c01,"['stage1_n2__from__root__c02', 'stage2_n3__from__n0002__c03', 'stage3_n4__from__n0011__c02', 'stage4_n4__from__n0039__c03', 'stage5_n1__from__n0114__c01']",0.25,4,stagewise_marginal_mixture,full_tree_child_marginal_at_switch
direct_multistage_exp3,25,26,4,"['stage1_n2__from__root__c02', 'stage2_n3__from__n0002__c03', 'stage3_n4__from__n0011__c02', 'stage4_n4__from__n0039__c03']",stage4_n4__from__n0039__c03,2,stage5_n3__from__n0114__c02,"['stage1_n2__from__root__c02', 'stage2_n3__from__n0002__c03', 'stage3_n4__from__n0011__c02', 'stage4_n4__from__n0039__c03', 'stage5_n3__from__n0114__c02']",0.25,4,stagewise_marginal_mixture,full_tree_child_marginal_at_switch
direct_multistage_exp3,25,26,4,"['stage1_n2__from__root__c02', 'stage2_n3__from__n0002__c03', 'stage3_n4__from__n0011__c02', 'stage4_n4__from__n0039__c03']",stage4_n4__from__n0039__c03,3,stage5_n4__from__n0114__c03,"['stage1_n2__from__root__c02', 'stage2_n3__from__n0002__c03', 'stage3_n4__from__n0011__c02', 'stage4_n4__from__n0039__c03', 'stage5_n4__from__n0114__c03']",0.25,4,stagewise_marginal_mixture,full_tree_child_marginal_at_switch
direct_multistage_exp3,25,26,4,"['stage1_n2__from__root__c02', 'stage2_n3__from__n0002__c03', 'stage3_n4__from__n0011__c02', 'stage4_n4__from__n0039__c03']",stage4_n4__from__n0039__c03,4,stage5_n5__from__n0114__c04,"['stage1_n2__from__root__c02', 'stage2_n3__from__n0002__c03', 'stage3_n4__from__n0011__c02', 'stage4_n4__from__n0039__c03', 'stage5_n5__from__n0114__c04']",0.25,4,stagewise_marginal_mixture,full_tree_child_marginal_at_switch
direct_multistage_exp3,25,26,4,"['stage1_n2__from__root__c02', 'stage2_n3__from__n0002__c03', 'stage3_n4__from__n0011__c02', 'stage4_n5__from__n0039__c04']",stage4_n5__from__n0039__c04,1,stage5_n2__from__n0115__c01,"['stage1_n2__from__root__c02', 'stage2_n3__from__n0002__c03', 'stage3_n4__from__n0011__c02', 'stage4_n5__from__n0039__c04', 'stage5_n2__from__n0115__c01']",0.3333333333333333,3,stagewise_marginal_mixture,full_tree_child_marginal_at_switch
direct_multistage_exp3,25,26,4,"['stage1_n2__from__root__c02', 'stage2_n3__from__n0002__c03', 'stage3_n4__from__n0011__c02', 'stage4_n5__from__n0039__c04']",stage4_n5__from__n0039__c04,2,stage5_n4__from__n0115__c02,"['stage1_n2__from__root__c02', 'stage2_n3__from__n0002__c03', 'stage3_n4__from__n0011__c02', 'stage4_n5__from__n0039__c04', 'stage5_n4__from__n0115__c02']",0.3333333333333333,3,stagewise_marginal_mixture,full_tree_child_marginal_at_switch
direct_multistage_exp3,25,26,4,"['stage1_n2__from__root__c02', 'stage2_n3__from__n0002__c03', 'stage3_n4__from__n0011__c02', 'stage4_n5__from__n0039__c04']",stage4_n5__from__n0039__c04,3,stage5_n5__from__n0115__c03,"['stage1_n2__from__root__c02', 'stage2_n3__from__n0002__c03', 'stage3_n4__from__n0011__c02', 'stage4_n5__from__n0039__c04', 'stage5_n5__from__n0115__c03']",0.3333333333333333,3,stagewise_marginal_mixture,full_tree_child_marginal_at_switch
direct_multistage_exp3,25,26,4,"['stage1_n2__from__root__c02', 'stage2_n3__from__n0002__c03', 'stage3_n5__from__n0011__c03', 'stage4_n2__from__n0040__c01']",stage4_n2__from__n0040__c01,1,stage5_n1__from__n0116__c01,"['stage1_n2__from__root__c02', 'stage2_n3__from__n0002__c03', 'stage3_n5__from__n0011__c03', 'stage4_n2__from__n0040__c01', 'stage5_n1__from__n0116__c01']",0.5,2,stagewise_marginal_mixture,full_tree_child_marginal_at_switch
direct_multistage_exp3,25,26,4,"['stage1_n2__from__root__c02', 'stage2_n3__from__n0002__c03', 'stage3_n5__from__n0011__c03', 'stage4_n2__from__n0040__c01']",stage4_n2__from__n0040__c01,2,stage5_n2__from__n0116__c02,"['stage1_n2__from__root__c02', 'stage2_n3__from__n0002__c03', 'stage3_n5__from__n0011__c03', 'stage4_n2__from__n0040__c01', 'stage5_n2__from__n0116__c02']",0.5,2,stagewise_marginal_mixture,full_tree_child_marginal_at_switch
direct_multistage_exp3,25,26,4,"['stage1_n2__from__root__c02', 'stage2_n3__from__n0002__c03', 'stage3_n5__from__n0011__c03', 'stage4_n3__from__n0040__c02']",stage4_n3__from__n0040__c02,1,stage5_n1__from__n0117__c01,"['stage1_n2__from__root__c02', 'stage2_n3__from__n0002__c03', 'stage3_n5__from__n0011__c03', 'stage4_n3__from__n0040__c02', 'stage5_n1__from__n0117__c01']",0.25,4,stagewise_marginal_mixture,full_tree_child_marginal_at_switch
direct_multistage_exp3,25,26,4,"['stage1_n2__from__root__c02', 'stage2_n3__from__n0002__c03', 'stage3_n5__from__n0011__c03', 'stage4_n3__from__n0040__c02']",stage4_n3__from__n0040__c02,2,stage5_n2__from__n0117__c02,"['stage1_n2__from__root__c02', 'stage2_n3__from__n0002__c03', 'stage3_n5__from__n0011__c03', 'stage4_n3__from__n0040__c02', 'stage5_n2__from__n0117__c02']",0.25,4,stagewise_marginal_mixture,full_tree_child_marginal_at_switch
direct_multistage_exp3,25,26,4,"['stage1_n2__from__root__c02', 'stage2_n3__from__n0002__c03', 'stage3_n5__from__n0011__c03', 'stage4_n3__from__n0040__c02']",stage4_n3__from__n0040__c02,3,stage5_n3__from__n0117__c03,"['stage1_n2__from__root__c02', 'stage2_n3__from__n0002__c03', 'stage3_n5__from__n0011__c03', 'stage4_n3__from__n0040__c02', 'stage5_n3__from__n0117__c03']",0.25,4,stagewise_marginal_mixture,full_tree_child_marginal_at_switch
direct_multistage_exp3,25,26,4,"['stage1_n2__from__root__c02', 'stage2_n3__from__n0002__c03', 'stage3_n5__from__n0011__c03', 'stage4_n3__from__n0040__c02']",stage4_n3__from__n0040__c02,4,stage5_n4__from__n0117__c04,"['stage1_n2__from__root__c02', 'stage2_n3__from__n0002__c03', 'stage3_n5__from__n0011__c03', 'stage4_n3__from__n0040__c02', 'stage5_n4__from__n0117__c04']",0.25,4,stagewise_marginal_mixture,full_tree_child_marginal_at_switch
direct_multistage_exp3,25,26,4,"['stage1_n2__from__root__c02', 'stage2_n3__from__n0002__c03', 'stage3_n5__from__n0011__c03', 'stage4_n4__from__n0040__c03']",stage4_n4__from__n0040__c03,1,stage5_n1__from__n0118__c01,"['stage1_n2__from__root__c02', 'stage2_n3__from__n0002__c03', 'stage3_n5__from__n0011__c03', 'stage4_n4__from__n0040__c03', 'stage5_n1__from__n0118__c01']",0.25,4,stagewise_marginal_mixture,full_tree_child_marginal_at_switch
direct_multistage_exp3,25,26,4,"['stage1_n2__from__root__c02', 'stage2_n3__from__n0002__c03', 'stage3_n5__from__n0011__c03', 'stage4_n4__from__n0040__c03']",stage4_n4__from__n0040__c03,2,stage5_n3__from__n0118__c02,"['stage1_n2__from__root__c02', 'stage2_n3__from__n0002__c03', 'stage3_n5__from__n0011__c03', 'stage4_n4__from__n0040__c03', 'stage5_n3__from__n0118__c02']",0.25,4,stagewise_marginal_mixture,full_tree_child_marginal_at_switch
direct_multistage_exp3,25,26,4,"['stage1_n2__from__root__c02', 'stage2_n3__from__n0002__c03', 'stage3_n5__from__n0011__c03', 'stage4_n4__from__n0040__c03']",stage4_n4__from__n0040__c03,3,stage5_n4__from__n0118__c03,"['stage1_n2__from__root__c02', 'stage2_n3__from__n0002__c03', 'stage3_n5__from__n0011__c03', 'stage4_n4__from__n0040__c03', 'stage5_n4__from__n0118__c03']",0.25,4,stagewise_marginal_mixture,full_tree_child_marginal_at_switch
direct_multistage_exp3,25,26,4,"['stage1_n2__from__root__c02', 'stage2_n3__from__n0002__c03', 'stage3_n5__from__n0011__c03', 'stage4_n4__from__n0040__c03']",stage4_n4__from__n0040__c03,4,stage5_n5__from__n0118__c04,"['stage1_n2__from__root__c02', 'stage2_n3__from__n0002__c03', 'stage3_n5__from__n0011__c03', 'stage4_n4__from__n0040__c03', 'stage5_n5__from__n0118__c04']",0.25,4,stagewise_marginal_mixture,full_tree_child_marginal_at_switch
direct_multistage_exp3,25,26,4,"['stage1_n2__from__root__c02', 'stage2_n3__from__n0002__c03', 'stage3_n5__from__n0011__c03', 'stage4_n5__from__n0040__c04']",stage4_n5__from__n0040__c04,1,stage5_n2__from__n0119__c01,"['stage1_n2__from__root__c02', 'stage2_n3__from__n0002__c03', 'stage3_n5__from__n0011__c03', 'stage4_n5__from__n0040__c04', 'stage5_n2__from__n0119__c01']",0.5,3,stagewise_marginal_mixture,full_tree_child_marginal_at_switch
direct_multistage_exp3,25,26,4,"['stage1_n2__from__root__c02', 'stage2_n3__from__n0002__c03', 'stage3_n5__from__n0011__c03', 'stage4_n5__from__n0040__c04']",stage4_n5__from__n0040__c04,2,stage5_n4__from__n0119__c02,"['stage1_n2__from__root__c02', 'stage2_n3__from__n0002__c03', 'stage3_n5__from__n0011__c03', 'stage4_n5__from__n0040__c04', 'stage5_n4__from__n0119__c02']",0.5,3,stagewise_marginal_mixture,full_tree_child_marginal_at_switch
direct_multistage_exp3,25,26,4,"['stage1_n2__from__root__c02', 'stage2_n3__from__n0002__c03', 'stage3_n5__from__n0011__c03', 'stage4_n5__from__n0040__c04']",stage4_n5__from__n0040__c04,3,stage5_n5__from__n0119__c03,"['stage1_n2__from__root__c02', 'stage2_n3__from__n0002__c03', 'stage3_n5__from__n0011__c03', 'stage4_n5__from__n0040__c04', 'stage5_n5__from__n0119__c03']",4.37825538134826e-27,3,stagewise_marginal_mixture,full_tree_child_marginal_at_switch
direct_multistage_exp3,25,26,4,"['stage1_n3__from__root__c03', 'stage2_n1__from__n0003__c01', 'stage3_n1__from__n0012__c01', 'stage4_n1__from__n0041__c01']",stage4_n1__from__n0041__c01,1,stage5_n1__from__n0120__c01,"['stage1_n3__from__root__c03', 'stage2_n1__from__n0003__c01', 'stage3_n1__from__n0012__c01', 'stage4_n1__from__n0041__c01', 'stage5_n1__from__n0120__c01']",0.5,2,stagewise_marginal_mixture,full_tree_child_marginal_at_switch
direct_multistage_exp3,25,26,4,"['stage1_n3__from__root__c03', 'stage2_n1__from__n0003__c01', 'stage3_n1__from__n0012__c01', 'stage4_n1__from__n0041__c01']",stage4_n1__from__n0041__c01,2,stage5_n2__from__n0120__c02,"['stage1_n3__from__root__c03', 'stage2_n1__from__n0003__c01', 'stage3_n1__from__n0012__c01', 'stage4_n1__from__n0041__c01', 'stage5_n2__from__n0120__c02']",0.5,2,stagewise_marginal_mixture,full_tree_child_marginal_at_switch
direct_multistage_exp3,25,26,4,"['stage1_n3__from__root__c03', 'stage2_n1__from__n0003__c01', 'stage3_n2__from__n0012__c02', 'stage4_n1__from__n0042__c01']",stage4_n1__from__n0042__c01,1,stage5_n1__from__n0121__c01,"['stage1_n3__from__root__c03', 'stage2_n1__from__n0003__c01', 'stage3_n2__from__n0012__c02', 'stage4_n1__from__n0042__c01', 'stage5_n1__from__n0121__c01']",0.5,2,stagewise_marginal_mixture,full_tree_child_marginal_at_switch
direct_multistage_exp3,25,26,4,"['stage1_n3__from__root__c03', 'stage2_n1__from__n0003__c01', 'stage3_n2__from__n0012__c02', 'stage4_n1__from__n0042__c01']",stage4_n1__from__n0042__c01,2,stage5_n2__from__n0121__c02,"['stage1_n3__from__root__c03', 'stage2_n1__from__n0003__c01', 'stage3_n2__from__n0012__c02', 'stage4_n1__from__n0042__c01', 'stage5_n2__from__n0121__c02']",0.5,2,stagewise_marginal_mixture,full_tree_child_marginal_at_switch
direct_multistage_exp3,25,26,4,"['stage1_n3__from__root__c03', 'stage2_n2__from__n0003__c02', 'stage3_n2__from__n0013__c01', 'stage4_n1__from__n0043__c01']",stage4_n1__from__n0043__c01,1,stage5_n1__from__n0122__c01,"['stage1_n3__from__root__c03', 'stage2_n2__from__n0003__c02', 'stage3_n2__from__n0013__c01', 'stage4_n1__from__n0043__c01', 'stage5_n1__from__n0122__c01']",0.5,2,stagewise_marginal_mixture,full_tree_child_marginal_at_switch
direct_multistage_exp3,25,26,4,"['stage1_n3__from__root__c03', 'stage2_n2__from__n0003__c02', 'stage3_n2__from__n0013__c01', 'stage4_n1__from__n0043__c01']",stage4_n1__from__n0043__c01,2,stage5_n2__from__n0122__c02,"['stage1_n3__from__root__c03', 'stage2_n2__from__n0003__c02', 'stage3_n2__from__n0013__c01', 'stage4_n1__from__n0043__c01', 'stage5_n2__from__n0122__c02']",0.5,2,stagewise_marginal_mixture,full_tree_child_marginal_at_switch
direct_multistage_exp3,25,26,4,"['stage1_n3__from__root__c03', 'stage2_n2__from__n0003__c02', 'stage3_n3__from__n0013__c02', 'stage4_n2__from__n0044__c01']",stage4_n2__from__n0044__c01,1,stage5_n1__from__n0123__c01,"['stage1_n3__from__root__c03', 'stage2_n2__from__n0003__c02', 'stage3_n3__from__n0013__c02', 'stage4_n2__from__n0044__c01', 'stage5_n1__from__n0123__c01']",0.5,2,stagewise_marginal_mixture,full_tree_child_marginal_at_switch
direct_multistage_exp3,25,26,4,"['stage1_n3__from__root__c03', 'stage2_n2__from__n0003__c02', 'stage3_n3__from__n0013__c02', 'stage4_n2__from__n0044__c01']",stage4_n2__from__n0044__c01,2,stage5_n2__from__n0123__c02,"['stage1_n3__from__root__c03', 'stage2_n2__from__n0003__c02', 'stage3_n3__from__n0013__c02', 'stage4_n2__from__n0044__c01', 'stage5_n2__from__n0123__c02']",0.5,2,stagewise_marginal_mixture,full_tree_child_marginal_at_switch
direct_multistage_exp3,25,26,4,"['stage1_n3__from__root__c03', 'stage2_n2__from__n0003__c02', 'stage3_n3__from__n0013__c02', 'stage4_n3__from__n0044__c02']",stage4_n3__from__n0044__c02,1,stage5_n1__from__n0124__c01,"['stage1_n3__from__root__c03', 'stage2_n2__from__n0003__c02', 'stage3_n3__from__n0013__c02', 'stage4_n3__from__n0044__c02', 'stage5_n1__from__n0124__c01']",0.33333333333275245,4,stagewise_marginal_mixture,full_tree_child_marginal_at_switch
direct_multistage_exp3,25,26,4,"['stage1_n3__from__root__c03', 'stage2_n2__from__n0003__c02', 'stage3_n3__from__n0013__c02', 'stage4_n3__from__n0044__c02']",stage4_n3__from__n0044__c02,2,stage5_n2__from__n0124__c02,"['stage1_n3__from__root__c03', 'stage2_n2__from__n0003__c02', 'stage3_n3__from__n0013__c02', 'stage4_n3__from__n0044__c02', 'stage5_n2__from__n0124__c02']",1.7426400264669872e-12,4,stagewise_marginal_mixture,full_tree_child_marginal_at_switch
direct_multistage_exp3,25,26,4,"['stage1_n3__from__root__c03', 'stage2_n2__from__n0003__c02', 'stage3_n3__from__n0013__c02', 'stage4_n3__from__n0044__c02']",stage4_n3__from__n0044__c02,3,stage5_n3__from__n0124__c03,"['stage1_n3__from__root__c03', 'stage2_n2__from__n0003__c02', 'stage3_n3__from__n0013__c02', 'stage4_n3__from__n0044__c02', 'stage5_n3__from__n0124__c03']",0.33333333333275245,4,stagewise_marginal_mixture,full_tree_child_marginal_at_switch
direct_multistage_exp3,25,26,4,"['stage1_n3__from__root__c03', 'stage2_n2__from__n0003__c02', 'stage3_n3__from__n0013__c02', 'stage4_n3__from__n0044__c02']",stage4_n3__from__n0044__c02,4,stage5_n4__from__n0124__c04,"['stage1_n3__from__root__c03', 'stage2_n2__from__n0003__c02', 'stage3_n3__from__n0013__c02', 'stage4_n3__from__n0044__c02', 'stage5_n4__from__n0124__c04']",0.33333333333275245,4,stagewise_marginal_mixture,full_tree_child_marginal_at_switch
direct_multistage_exp3,25,26,4,"['stage1_n3__from__root__c03', 'stage2_n2__from__n0003__c02', 'stage3_n4__from__n0013__c03', 'stage4_n2__from__n0045__c01']",stage4_n2__from__n0045__c01,1,stage5_n1__from__n0125__c01,"['stage1_n3__from__root__c03', 'stage2_n2__from__n0003__c02', 'stage3_n4__from__n0013__c03', 'stage4_n2__from__n0045__c01', 'stage5_n1__from__n0125__c01']",0.5,2,stagewise_marginal_mixture,full_tree_child_marginal_at_switch
direct_multistage_exp3,25,26,4,"['stage1_n3__from__root__c03', 'stage2_n2__from__n0003__c02', 'stage3_n4__from__n0013__c03', 'stage4_n2__from__n0045__c01']",stage4_n2__from__n0045__c01,2,stage5_n2__from__n0125__c02,"['stage1_n3__from__root__c03', 'stage2_n2__from__n0003__c02', 'stage3_n4__from__n0013__c03', 'stage4_n2__from__n0045__c01', 'stage5_n2__from__n0125__c02']",0.5,2,stagewise_marginal_mixture,full_tree_child_marginal_at_switch
direct_multistage_exp3,25,26,4,"['stage1_n3__from__root__c03', 'stage2_n2__from__n0003__c02', 'stage3_n4__from__n0013__c03', 'stage4_n3__from__n0045__c02']",stage4_n3__from__n0045__c02,1,stage5_n1__from__n0126__c01,"['stage1_n3__from__root__c03', 'stage2_n2__from__n0003__c02', 'stage3_n4__from__n0013__c03', 'stage4_n3__from__n0045__c02', 'stage5_n1__from__n0126__c01']",0.25,4,stagewise_marginal_mixture,full_tree_child_marginal_at_switch
direct_multistage_exp3,25,26,4,"['stage1_n3__from__root__c03', 'stage2_n2__from__n0003__c02', 'stage3_n4__from__n0013__c03', 'stage4_n3__from__n0045__c02']",stage4_n3__from__n0045__c02,2,stage5_n2__from__n0126__c02,"['stage1_n3__from__root__c03', 'stage2_n2__from__n0003__c02', 'stage3_n4__from__n0013__c03', 'stage4_n3__from__n0045__c02', 'stage5_n2__from__n0126__c02']",0.25,4,stagewise_marginal_mixture,full_tree_child_marginal_at_switch
direct_multistage_exp3,25,26,4,"['stage1_n3__from__root__c03', 'stage2_n2__from__n0003__c02', 'stage3_n4__from__n0013__c03', 'stage4_n3__from__n0045__c02']",stage4_n3__from__n0045__c02,3,stage5_n3__from__n0126__c03,"['stage1_n3__from__root__c03', 'stage2_n2__from__n0003__c02', 'stage3_n4__from__n0013__c03', 'stage4_n3__from__n0045__c02', 'stage5_n3__from__n0126__c03']",0.25,4,stagewise_marginal_mixture,full_tree_child_marginal_at_switch
direct_multistage_exp3,25,26,4,"['stage1_n3__from__root__c03', 'stage2_n2__from__n0003__c02', 'stage3_n4__from__n0013__c03', 'stage4_n3__from__n0045__c02']",stage4_n3__from__n0045__c02,4,stage5_n4__from__n0126__c04,"['stage1_n3__from__root__c03', 'stage2_n2__from__n0003__c02', 'stage3_n4__from__n0013__c03', 'stage4_n3__from__n0045__c02', 'stage5_n4__from__n0126__c04']",0.25,4,stagewise_marginal_mixture,full_tree_child_marginal_at_switch
direct_multistage_exp3,25,26,4,"['stage1_n3__from__root__c03', 'stage2_n2__from__n0003__c02', 'stage3_n4__from__n0013__c03', 'stage4_n4__from__n0045__c03']",stage4_n4__from__n0045__c03,1,stage5_n1__from__n0127__c01,"['stage1_n3__from__root__c03', 'stage2_n2__from__n0003__c02', 'stage3_n4__from__n0013__c03', 'stage4_n4__from__n0045__c03', 'stage5_n1__from__n0127__c01']",0.25,4,stagewise_marginal_mixture,full_tree_child_marginal_at_switch
direct_multistage_exp3,25,26,4,"['stage1_n3__from__root__c03', 'stage2_n2__from__n0003__c02', 'stage3_n4__from__n0013__c03', 'stage4_n4__from__n0045__c03']",stage4_n4__from__n0045__c03,2,stage5_n3__from__n0127__c02,"['stage1_n3__from__root__c03', 'stage2_n2__from__n0003__c02', 'stage3_n4__from__n0013__c03', 'stage4_n4__from__n0045__c03', 'stage5_n3__from__n0127__c02']",0.25,4,stagewise_marginal_mixture,full_tree_child_marginal_at_switch
direct_multistage_exp3,25,26,4,"['stage1_n3__from__root__c03', 'stage2_n2__from__n0003__c02', 'stage3_n4__from__n0013__c03', 'stage4_n4__from__n0045__c03']",stage4_n4__from__n0045__c03,3,stage5_n4__from__n0127__c03,"['stage1_n3__from__root__c03', 'stage2_n2__from__n0003__c02', 'stage3_n4__from__n0013__c03', 'stage4_n4__from__n0045__c03', 'stage5_n4__from__n0127__c03']",0.25,4,stagewise_marginal_mixture,full_tree_child_marginal_at_switch
direct_multistage_exp3,25,26,4,"['stage1_n3__from__root__c03', 'stage2_n2__from__n0003__c02', 'stage3_n4__from__n0013__c03', 'stage4_n4__from__n0045__c03']",stage4_n4__from__n0045__c03,4,stage5_n5__from__n0127__c04,"['stage1_n3__from__root__c03', 'stage2_n2__from__n0003__c02', 'stage3_n4__from__n0013__c03', 'stage4_n4__from__n0045__c03', 'stage5_n5__from__n0127__c04']",0.25,4,stagewise_marginal_mixture,full_tree_child_marginal_at_switch
direct_multistage_exp3,25,26,4,"['stage1_n3__from__root__c03', 'stage2_n2__from__n0003__c02', 'stage3_n4__from__n0013__c03', 'stage4_n5__from__n0045__c04']",stage4_n5__from__n0045__c04,1,stage5_n2__from__n0128__c01,"['stage1_n3__from__root__c03', 'stage2_n2__from__n0003__c02', 'stage3_n4__from__n0013__c03', 'stage4_n5__from__n0045__c04', 'stage5_n2__from__n0128__c01']",0.3333333333333333,3,stagewise_marginal_mixture,full_tree_child_marginal_at_switch
direct_multistage_exp3,25,26,4,"['stage1_n3__from__root__c03', 'stage2_n2__from__n0003__c02', 'stage3_n4__from__n0013__c03', 'stage4_n5__from__n0045__c04']",stage4_n5__from__n0045__c04,2,stage5_n4__from__n0128__c02,"['stage1_n3__from__root__c03', 'stage2_n2__from__n0003__c02', 'stage3_n4__from__n0013__c03', 'stage4_n5__from__n0045__c04', 'stage5_n4__from__n0128__c02']",0.3333333333333333,3,stagewise_marginal_mixture,full_tree_child_marginal_at_switch
direct_multistage_exp3,25,26,4,"['stage1_n3__from__root__c03', 'stage2_n2__from__n0003__c02', 'stage3_n4__from__n0013__c03', 'stage4_n5__from__n0045__c04']",stage4_n5__from__n0045__c04,3,stage5_n5__from__n0128__c03,"['stage1_n3__from__root__c03', 'stage2_n2__from__n0003__c02', 'stage3_n4__from__n0013__c03', 'stage4_n5__from__n0045__c04', 'stage5_n5__from__n0128__c03']",0.3333333333333333,3,stagewise_marginal_mixture,full_tree_child_marginal_at_switch
direct_multistage_exp3,25,26,4,"['stage1_n3__from__root__c03', 'stage2_n2__from__n0003__c02', 'stage3_n5__from__n0013__c04', 'stage4_n2__from__n0046__c01']",stage4_n2__from__n0046__c01,1,stage5_n1__from__n0129__c01,"['stage1_n3__from__root__c03', 'stage2_n2__from__n0003__c02', 'stage3_n5__from__n0013__c04', 'stage4_n2__from__n0046__c01', 'stage5_n1__from__n0129__c01']",0.5,2,stagewise_marginal_mixture,full_tree_child_marginal_at_switch
direct_multistage_exp3,25,26,4,"['stage1_n3__from__root__c03', 'stage2_n2__from__n0003__c02', 'stage3_n5__from__n0013__c04', 'stage4_n2__from__n0046__c01']",stage4_n2__from__n0046__c01,2,stage5_n2__from__n0129__c02,"['stage1_n3__from__root__c03', 'stage2_n2__from__n0003__c02', 'stage3_n5__from__n0013__c04', 'stage4_n2__from__n0046__c01', 'stage5_n2__from__n0129__c02']",0.5,2,stagewise_marginal_mixture,full_tree_child_marginal_at_switch
direct_multistage_exp3,25,26,4,"['stage1_n3__from__root__c03', 'stage2_n2__from__n0003__c02', 'stage3_n5__from__n0013__c04', 'stage4_n3__from__n0046__c02']",stage4_n3__from__n0046__c02,1,stage5_n1__from__n0130__c01,"['stage1_n3__from__root__c03', 'stage2_n2__from__n0003__c02', 'stage3_n5__from__n0013__c04', 'stage4_n3__from__n0046__c02', 'stage5_n1__from__n0130__c01']",0.25,4,stagewise_marginal_mixture,full_tree_child_marginal_at_switch
direct_multistage_exp3,25,26,4,"['stage1_n3__from__root__c03', 'stage2_n2__from__n0003__c02', 'stage3_n5__from__n0013__c04', 'stage4_n3__from__n0046__c02']",stage4_n3__from__n0046__c02,2,stage5_n2__from__n0130__c02,"['stage1_n3__from__root__c03', 'stage2_n2__from__n0003__c02', 'stage3_n5__from__n0013__c04', 'stage4_n3__from__n0046__c02', 'stage5_n2__from__n0130__c02']",0.25,4,stagewise_marginal_mixture,full_tree_child_marginal_at_switch
direct_multistage_exp3,25,26,4,"['stage1_n3__from__root__c03', 'stage2_n2__from__n0003__c02', 'stage3_n5__from__n0013__c04', 'stage4_n3__from__n0046__c02']",stage4_n3__from__n0046__c02,3,stage5_n3__from__n0130__c03,"['stage1_n3__from__root__c03', 'stage2_n2__from__n0003__c02', 'stage3_n5__from__n0013__c04', 'stage4_n3__from__n0046__c02', 'stage5_n3__from__n0130__c03']",0.25,4,stagewise_marginal_mixture,full_tree_child_marginal_at_switch
direct_multistage_exp3,25,26,4,"['stage1_n3__from__root__c03', 'stage2_n2__from__n0003__c02', 'stage3_n5__from__n0013__c04', 'stage4_n3__from__n0046__c02']",stage4_n3__from__n0046__c02,4,stage5_n4__from__n0130__c04,"['stage1_n3__from__root__c03', 'stage2_n2__from__n0003__c02', 'stage3_n5__from__n0013__c04', 'stage4_n3__from__n0046__c02', 'stage5_n4__from__n0130__c04']",0.25,4,stagewise_marginal_mixture,full_tree_child_marginal_at_switch
direct_multistage_exp3,25,26,4,"['stage1_n3__from__root__c03', 'stage2_n2__from__n0003__c02', 'stage3_n5__from__n0013__c04', 'stage4_n4__from__n0046__c03']",stage4_n4__from__n0046__c03,1,stage5_n1__from__n0131__c01,"['stage1_n3__from__root__c03', 'stage2_n2__from__n0003__c02', 'stage3_n5__from__n0013__c04', 'stage4_n4__from__n0046__c03', 'stage5_n1__from__n0131__c01']",0.25,4,stagewise_marginal_mixture,full_tree_child_marginal_at_switch
direct_multistage_exp3,25,26,4,"['stage1_n3__from__root__c03', 'stage2_n2__from__n0003__c02', 'stage3_n5__from__n0013__c04', 'stage4_n4__from__n0046__c03']",stage4_n4__from__n0046__c03,2,stage5_n3__from__n0131__c02,"['stage1_n3__from__root__c03', 'stage2_n2__from__n0003__c02', 'stage3_n5__from__n0013__c04', 'stage4_n4__from__n0046__c03', 'stage5_n3__from__n0131__c02']",0.25,4,stagewise_marginal_mixture,full_tree_child_marginal_at_switch
direct_multistage_exp3,25,26,4,"['stage1_n3__from__root__c03', 'stage2_n2__from__n0003__c02', 'stage3_n5__from__n0013__c04', 'stage4_n4__from__n0046__c03']",stage4_n4__from__n0046__c03,3,stage5_n4__from__n0131__c03,"['stage1_n3__from__root__c03', 'stage2_n2__from__n0003__c02', 'stage3_n5__from__n0013__c04', 'stage4_n4__from__n0046__c03', 'stage5_n4__from__n0131__c03']",0.25,4,stagewise_marginal_mixture,full_tree_child_marginal_at_switch
direct_multistage_exp3,25,26,4,"['stage1_n3__from__root__c03', 'stage2_n2__from__n0003__c02', 'stage3_n5__from__n0013__c04', 'stage4_n4__from__n0046__c03']",stage4_n4__from__n0046__c03,4,stage5_n5__from__n0131__c04,"['stage1_n3__from__root__c03', 'stage2_n2__from__n0003__c02', 'stage3_n5__from__n0013__c04', 'stage4_n4__from__n0046__c03', 'stage5_n5__from__n0131__c04']",0.25,4,stagewise_marginal_mixture,full_tree_child_marginal_at_switch
direct_multistage_exp3,25,26,4,"['stage1_n3__from__root__c03', 'stage2_n2__from__n0003__c02', 'stage3_n5__from__n0013__c04', 'stage4_n5__from__n0046__c04']",stage4_n5__from__n0046__c04,1,stage5_n2__from__n0132__c01,"['stage1_n3__from__root__c03', 'stage2_n2__from__n0003__c02', 'stage3_n5__from__n0013__c04', 'stage4_n5__from__n0046__c04', 'stage5_n2__from__n0132__c01']",0.3333333333333333,3,stagewise_marginal_mixture,full_tree_child_marginal_at_switch
direct_multistage_exp3,25,26,4,"['stage1_n3__from__root__c03', 'stage2_n2__from__n0003__c02', 'stage3_n5__from__n0013__c04', 'stage4_n5__from__n0046__c04']",stage4_n5__from__n0046__c04,2,stage5_n4__from__n0132__c02,"['stage1_n3__from__root__c03', 'stage2_n2__from__n0003__c02', 'stage3_n5__from__n0013__c04', 'stage4_n5__from__n0046__c04', 'stage5_n4__from__n0132__c02']",0.3333333333333333,3,stagewise_marginal_mixture,full_tree_child_marginal_at_switch
direct_multistage_exp3,25,26,4,"['stage1_n3__from__root__c03', 'stage2_n2__from__n0003__c02', 'stage3_n5__from__n0013__c04', 'stage4_n5__from__n0046__c04']",stage4_n5__from__n0046__c04,3,stage5_n5__from__n0132__c03,"['stage1_n3__from__root__c03', 'stage2_n2__from__n0003__c02', 'stage3_n5__from__n0013__c04', 'stage4_n5__from__n0046__c04', 'stage5_n5__from__n0132__c03']",0.3333333333333333,3,stagewise_marginal_mixture,full_tree_child_marginal_at_switch
direct_multistage_exp3,25,26,4,"['stage1_n3__from__root__c03', 'stage2_n3__from__n0003__c03', 'stage3_n3__from__n0014__c01', 'stage4_n2__from__n0047__c01']",stage4_n2__from__n0047__c01,1,stage5_n1__from__n0133__c01,"['stage1_n3__from__root__c03', 'stage2_n3__from__n0003__c03', 'stage3_n3__from__n0014__c01', 'stage4_n2__from__n0047__c01', 'stage5_n1__from__n0133__c01']",0.5,2,stagewise_marginal_mixture,full_tree_child_marginal_at_switch
direct_multistage_exp3,25,26,4,"['stage1_n3__from__root__c03', 'stage2_n3__from__n0003__c03', 'stage3_n3__from__n0014__c01', 'stage4_n2__from__n0047__c01']",stage4_n2__from__n0047__c01,2,stage5_n2__from__n0133__c02,"['stage1_n3__from__root__c03', 'stage2_n3__from__n0003__c03', 'stage3_n3__from__n0014__c01', 'stage4_n2__from__n0047__c01', 'stage5_n2__from__n0133__c02']",0.5,2,stagewise_marginal_mixture,full_tree_child_marginal_at_switch
direct_multistage_exp3,25,26,4,"['stage1_n3__from__root__c03', 'stage2_n3__from__n0003__c03', 'stage3_n3__from__n0014__c01', 'stage4_n3__from__n0047__c02']",stage4_n3__from__n0047__c02,1,stage5_n1__from__n0134__c01,"['stage1_n3__from__root__c03', 'stage2_n3__from__n0003__c03', 'stage3_n3__from__n0014__c01', 'stage4_n3__from__n0047__c02', 'stage5_n1__from__n0134__c01']",0.3333332894067552,4,stagewise_marginal_mixture,full_tree_child_marginal_at_switch
direct_multistage_exp3,25,26,4,"['stage1_n3__from__root__c03', 'stage2_n3__from__n0003__c03', 'stage3_n3__from__n0014__c01', 'stage4_n3__from__n0047__c02']",stage4_n3__from__n0047__c02,2,stage5_n2__from__n0134__c02,"['stage1_n3__from__root__c03', 'stage2_n3__from__n0003__c03', 'stage3_n3__from__n0014__c01', 'stage4_n3__from__n0047__c02', 'stage5_n2__from__n0134__c02']",0.3333332894067552,4,stagewise_marginal_mixture,full_tree_child_marginal_at_switch
direct_multistage_exp3,25,26,4,"['stage1_n3__from__root__c03', 'stage2_n3__from__n0003__c03', 'stage3_n3__from__n0014__c01', 'stage4_n3__from__n0047__c02']",stage4_n3__from__n0047__c02,3,stage5_n3__from__n0134__c03,"['stage1_n3__from__root__c03', 'stage2_n3__from__n0003__c03', 'stage3_n3__from__n0014__c01', 'stage4_n3__from__n0047__c02', 'stage5_n3__from__n0134__c03']",1.3177973433524746e-07,4,stagewise_marginal_mixture,full_tree_child_marginal_at_switch
direct_multistage_exp3,25,26,4,"['stage1_n3__from__root__c03', 'stage2_n3__from__n0003__c03', 'stage3_n3__from__n0014__c01', 'stage4_n3__from__n0047__c02']",stage4_n3__from__n0047__c02,4,stage5_n4__from__n0134__c04,"['stage1_n3__from__root__c03', 'stage2_n3__from__n0003__c03', 'stage3_n3__from__n0014__c01', 'stage4_n3__from__n0047__c02', 'stage5_n4__from__n0134__c04']",0.3333332894067552,4,stagewise_marginal_mixture,full_tree_child_marginal_at_switch
direct_multistage_exp3,25,26,4,"['stage1_n3__from__root__c03', 'stage2_n3__from__n0003__c03', 'stage3_n4__from__n0014__c02', 'stage4_n2__from__n0048__c01']",stage4_n2__from__n0048__c01,1,stage5_n1__from__n0135__c01,"['stage1_n3__from__root__c03', 'stage2_n3__from__n0003__c03', 'stage3_n4__from__n0014__c02', 'stage4_n2__from__n0048__c01', 'stage5_n1__from__n0135__c01']",0.5,2,stagewise_marginal_mixture,full_tree_child_marginal_at_switch
direct_multistage_exp3,25,26,4,"['stage1_n3__from__root__c03', 'stage2_n3__from__n0003__c03', 'stage3_n4__from__n0014__c02', 'stage4_n2__from__n0048__c01']",stage4_n2__from__n0048__c01,2,stage5_n2__from__n0135__c02,"['stage1_n3__from__root__c03', 'stage2_n3__from__n0003__c03', 'stage3_n4__from__n0014__c02', 'stage4_n2__from__n0048__c01', 'stage5_n2__from__n0135__c02']",0.5,2,stagewise_marginal_mixture,full_tree_child_marginal_at_switch
direct_multistage_exp3,25,26,4,"['stage1_n3__from__root__c03', 'stage2_n3__from__n0003__c03', 'stage3_n4__from__n0014__c02', 'stage4_n3__from__n0048__c02']",stage4_n3__from__n0048__c02,1,stage5_n1__from__n0136__c01,"['stage1_n3__from__root__c03', 'stage2_n3__from__n0003__c03', 'stage3_n4__from__n0014__c02', 'stage4_n3__from__n0048__c02', 'stage5_n1__from__n0136__c01']",0.25,4,stagewise_marginal_mixture,full_tree_child_marginal_at_switch
direct_multistage_exp3,25,26,4,"['stage1_n3__from__root__c03', 'stage2_n3__from__n0003__c03', 'stage3_n4__from__n0014__c02', 'stage4_n3__from__n0048__c02']",stage4_n3__from__n0048__c02,2,stage5_n2__from__n0136__c02,"['stage1_n3__from__root__c03', 'stage2_n3__from__n0003__c03', 'stage3_n4__from__n0014__c02', 'stage4_n3__from__n0048__c02', 'stage5_n2__from__n0136__c02']",0.25,4,stagewise_marginal_mixture,full_tree_child_marginal_at_switch
direct_multistage_exp3,25,26,4,"['stage1_n3__from__root__c03', 'stage2_n3__from__n0003__c03', 'stage3_n4__from__n0014__c02', 'stage4_n3__from__n0048__c02']",stage4_n3__from__n0048__c02,3,stage5_n3__from__n0136__c03,"['stage1_n3__from__root__c03', 'stage2_n3__from__n0003__c03', 'stage3_n4__from__n0014__c02', 'stage4_n3__from__n0048__c02', 'stage5_n3__from__n0136__c03']",0.25,4,stagewise_marginal_mixture,full_tree_child_marginal_at_switch
direct_multistage_exp3,25,26,4,"['stage1_n3__from__root__c03', 'stage2_n3__from__n0003__c03', 'stage3_n4__from__n0014__c02', 'stage4_n3__from__n0048__c02']",stage4_n3__from__n0048__c02,4,stage5_n4__from__n0136__c04,"['stage1_n3__from__root__c03', 'stage2_n3__from__n0003__c03', 'stage3_n4__from__n0014__c02', 'stage4_n3__from__n0048__c02', 'stage5_n4__from__n0136__c04']",0.25,4,stagewise_marginal_mixture,full_tree_child_marginal_at_switch
direct_multistage_exp3,25,26,4,"['stage1_n3__from__root__c03', 'stage2_n3__from__n0003__c03', 'stage3_n4__from__n0014__c02', 'stage4_n4__from__n0048__c03']",stage4_n4__from__n0048__c03,1,stage5_n1__from__n0137__c01,"['stage1_n3__from__root__c03', 'stage2_n3__from__n0003__c03', 'stage3_n4__from__n0014__c02', 'stage4_n4__from__n0048__c03', 'stage5_n1__from__n0137__c01']",0.25,4,stagewise_marginal_mixture,full_tree_child_marginal_at_switch
direct_multistage_exp3,25,26,4,"['stage1_n3__from__root__c03', 'stage2_n3__from__n0003__c03', 'stage3_n4__from__n0014__c02', 'stage4_n4__from__n0048__c03']",stage4_n4__from__n0048__c03,2,stage5_n3__from__n0137__c02,"['stage1_n3__from__root__c03', 'stage2_n3__from__n0003__c03', 'stage3_n4__from__n0014__c02', 'stage4_n4__from__n0048__c03', 'stage5_n3__from__n0137__c02']",0.25,4,stagewise_marginal_mixture,full_tree_child_marginal_at_switch
direct_multistage_exp3,25,26,4,"['stage1_n3__from__root__c03', 'stage2_n3__from__n0003__c03', 'stage3_n4__from__n0014__c02', 'stage4_n4__from__n0048__c03']",stage4_n4__from__n0048__c03,3,stage5_n4__from__n0137__c03,"['stage1_n3__from__root__c03', 'stage2_n3__from__n0003__c03', 'stage3_n4__from__n0014__c02', 'stage4_n4__from__n0048__c03', 'stage5_n4__from__n0137__c03']",0.25,4,stagewise_marginal_mixture,full_tree_child_marginal_at_switch
direct_multistage_exp3,25,26,4,"['stage1_n3__from__root__c03', 'stage2_n3__from__n0003__c03', 'stage3_n4__from__n0014__c02', 'stage4_n4__from__n0048__c03']",stage4_n4__from__n0048__c03,4,stage5_n5__from__n0137__c04,"['stage1_n3__from__root__c03', 'stage2_n3__from__n0003__c03', 'stage3_n4__from__n0014__c02', 'stage4_n4__from__n0048__c03', 'stage5_n5__from__n0137__c04']",0.25,4,stagewise_marginal_mixture,full_tree_child_marginal_at_switch
direct_multistage_exp3,25,26,4,"['stage1_n3__from__root__c03', 'stage2_n3__from__n0003__c03', 'stage3_n4__from__n0014__c02', 'stage4_n5__from__n0048__c04']",stage4_n5__from__n0048__c04,1,stage5_n2__from__n0138__c01,"['stage1_n3__from__root__c03', 'stage2_n3__from__n0003__c03', 'stage3_n4__from__n0014__c02', 'stage4_n5__from__n0048__c04', 'stage5_n2__from__n0138__c01']",0.3333333333333333,3,stagewise_marginal_mixture,full_tree_child_marginal_at_switch
direct_multistage_exp3,25,26,4,"['stage1_n3__from__root__c03', 'stage2_n3__from__n0003__c03', 'stage3_n4__from__n0014__c02', 'stage4_n5__from__n0048__c04']",stage4_n5__from__n0048__c04,2,stage5_n4__from__n0138__c02,"['stage1_n3__from__root__c03', 'stage2_n3__from__n0003__c03', 'stage3_n4__from__n0014__c02', 'stage4_n5__from__n0048__c04', 'stage5_n4__from__n0138__c02']",0.3333333333333333,3,stagewise_marginal_mixture,full_tree_child_marginal_at_switch
direct_multistage_exp3,25,26,4,"['stage1_n3__from__root__c03', 'stage2_n3__from__n0003__c03', 'stage3_n4__from__n0014__c02', 'stage4_n5__from__n0048__c04']",stage4_n5__from__n0048__c04,3,stage5_n5__from__n0138__c03,"['stage1_n3__from__root__c03', 'stage2_n3__from__n0003__c03', 'stage3_n4__from__n0014__c02', 'stage4_n5__from__n0048__c04', 'stage5_n5__from__n0138__c03']",0.3333333333333333,3,stagewise_marginal_mixture,full_tree_child_marginal_at_switch
direct_multistage_exp3,25,26,4,"['stage1_n3__from__root__c03', 'stage2_n3__from__n0003__c03', 'stage3_n5__from__n0014__c03', 'stage4_n2__from__n0049__c01']",stage4_n2__from__n0049__c01,1,stage5_n1__from__n0139__c01,"['stage1_n3__from__root__c03', 'stage2_n3__from__n0003__c03', 'stage3_n5__from__n0014__c03', 'stage4_n2__from__n0049__c01', 'stage5_n1__from__n0139__c01']",0.5,2,stagewise_marginal_mixture,full_tree_child_marginal_at_switch
direct_multistage_exp3,25,26,4,"['stage1_n3__from__root__c03', 'stage2_n3__from__n0003__c03', 'stage3_n5__from__n0014__c03', 'stage4_n2__from__n0049__c01']",stage4_n2__from__n0049__c01,2,stage5_n2__from__n0139__c02,"['stage1_n3__from__root__c03', 'stage2_n3__from__n0003__c03', 'stage3_n5__from__n0014__c03', 'stage4_n2__from__n0049__c01', 'stage5_n2__from__n0139__c02']",0.5,2,stagewise_marginal_mixture,full_tree_child_marginal_at_switch
direct_multistage_exp3,25,26,4,"['stage1_n3__from__root__c03', 'stage2_n3__from__n0003__c03', 'stage3_n5__from__n0014__c03', 'stage4_n3__from__n0049__c02']",stage4_n3__from__n0049__c02,1,stage5_n1__from__n0140__c01,"['stage1_n3__from__root__c03', 'stage2_n3__from__n0003__c03', 'stage3_n5__from__n0014__c03', 'stage4_n3__from__n0049__c02', 'stage5_n1__from__n0140__c01']",0.25,4,stagewise_marginal_mixture,full_tree_child_marginal_at_switch
direct_multistage_exp3,25,26,4,"['stage1_n3__from__root__c03', 'stage2_n3__from__n0003__c03', 'stage3_n5__from__n0014__c03', 'stage4_n3__from__n0049__c02']",stage4_n3__from__n0049__c02,2,stage5_n2__from__n0140__c02,"['stage1_n3__from__root__c03', 'stage2_n3__from__n0003__c03', 'stage3_n5__from__n0014__c03', 'stage4_n3__from__n0049__c02', 'stage5_n2__from__n0140__c02']",0.25,4,stagewise_marginal_mixture,full_tree_child_marginal_at_switch
direct_multistage_exp3,25,26,4,"['stage1_n3__from__root__c03', 'stage2_n3__from__n0003__c03', 'stage3_n5__from__n0014__c03', 'stage4_n3__from__n0049__c02']",stage4_n3__from__n0049__c02,3,stage5_n3__from__n0140__c03,"['stage1_n3__from__root__c03', 'stage2_n3__from__n0003__c03', 'stage3_n5__from__n0014__c03', 'stage4_n3__from__n0049__c02', 'stage5_n3__from__n0140__c03']",0.25,4,stagewise_marginal_mixture,full_tree_child_marginal_at_switch
direct_multistage_exp3,25,26,4,"['stage1_n3__from__root__c03', 'stage2_n3__from__n0003__c03', 'stage3_n5__from__n0014__c03', 'stage4_n3__from__n0049__c02']",stage4_n3__from__n0049__c02,4,stage5_n4__from__n0140__c04,"['stage1_n3__from__root__c03', 'stage2_n3__from__n0003__c03', 'stage3_n5__from__n0014__c03', 'stage4_n3__from__n0049__c02', 'stage5_n4__from__n0140__c04']",0.25,4,stagewise_marginal_mixture,full_tree_child_marginal_at_switch
direct_multistage_exp3,25,26,4,"['stage1_n3__from__root__c03', 'stage2_n3__from__n0003__c03', 'stage3_n5__from__n0014__c03', 'stage4_n4__from__n0049__c03']",stage4_n4__from__n0049__c03,1,stage5_n1__from__n0141__c01,"['stage1_n3__from__root__c03', 'stage2_n3__from__n0003__c03', 'stage3_n5__from__n0014__c03', 'stage4_n4__from__n0049__c03', 'stage5_n1__from__n0141__c01']",0.25,4,stagewise_marginal_mixture,full_tree_child_marginal_at_switch
direct_multistage_exp3,25,26,4,"['stage1_n3__from__root__c03', 'stage2_n3__from__n0003__c03', 'stage3_n5__from__n0014__c03', 'stage4_n4__from__n0049__c03']",stage4_n4__from__n0049__c03,2,stage5_n3__from__n0141__c02,"['stage1_n3__from__root__c03', 'stage2_n3__from__n0003__c03', 'stage3_n5__from__n0014__c03', 'stage4_n4__from__n0049__c03', 'stage5_n3__from__n0141__c02']",0.25,4,stagewise_marginal_mixture,full_tree_child_marginal_at_switch
direct_multistage_exp3,25,26,4,"['stage1_n3__from__root__c03', 'stage2_n3__from__n0003__c03', 'stage3_n5__from__n0014__c03', 'stage4_n4__from__n0049__c03']",stage4_n4__from__n0049__c03,3,stage5_n4__from__n0141__c03,"['stage1_n3__from__root__c03', 'stage2_n3__from__n0003__c03', 'stage3_n5__from__n0014__c03', 'stage4_n4__from__n0049__c03', 'stage5_n4__from__n0141__c03']",0.25,4,stagewise_marginal_mixture,full_tree_child_marginal_at_switch
direct_multistage_exp3,25,26,4,"['stage1_n3__from__root__c03', 'stage2_n3__from__n0003__c03', 'stage3_n5__from__n0014__c03', 'stage4_n4__from__n0049__c03']",stage4_n4__from__n0049__c03,4,stage5_n5__from__n0141__c04,"['stage1_n3__from__root__c03', 'stage2_n3__from__n0003__c03', 'stage3_n5__from__n0014__c03', 'stage4_n4__from__n0049__c03', 'stage5_n5__from__n0141__c04']",0.25,4,stagewise_marginal_mixture,full_tree_child_marginal_at_switch
direct_multistage_exp3,25,26,4,"['stage1_n3__from__root__c03', 'stage2_n3__from__n0003__c03', 'stage3_n5__from__n0014__c03', 'stage4_n5__from__n0049__c04']",stage4_n5__from__n0049__c04,1,stage5_n2__from__n0142__c01,"['stage1_n3__from__root__c03', 'stage2_n3__from__n0003__c03', 'stage3_n5__from__n0014__c03', 'stage4_n5__from__n0049__c04', 'stage5_n2__from__n0142__c01']",0.49999999999133704,3,stagewise_marginal_mixture,full_tree_child_marginal_at_switch
direct_multistage_exp3,25,26,4,"['stage1_n3__from__root__c03', 'stage2_n3__from__n0003__c03', 'stage3_n5__from__n0014__c03', 'stage4_n5__from__n0049__c04']",stage4_n5__from__n0049__c04,2,stage5_n4__from__n0142__c02,"['stage1_n3__from__root__c03', 'stage2_n3__from__n0003__c03', 'stage3_n5__from__n0014__c03', 'stage4_n5__from__n0049__c04', 'stage5_n4__from__n0142__c02']",1.732595156040608e-11,3,stagewise_marginal_mixture,full_tree_child_marginal_at_switch
direct_multistage_exp3,25,26,4,"['stage1_n3__from__root__c03', 'stage2_n3__from__n0003__c03', 'stage3_n5__from__n0014__c03', 'stage4_n5__from__n0049__c04']",stage4_n5__from__n0049__c04,3,stage5_n5__from__n0142__c03,"['stage1_n3__from__root__c03', 'stage2_n3__from__n0003__c03', 'stage3_n5__from__n0014__c03', 'stage4_n5__from__n0049__c04', 'stage5_n5__from__n0142__c03']",0.49999999999133704,3,stagewise_marginal_mixture,full_tree_child_marginal_at_switch
direct_multistage_exp3,25,26,4,"['stage1_n4__from__root__c04', 'stage2_n1__from__n0004__c01', 'stage3_n1__from__n0015__c01', 'stage4_n1__from__n0050__c01']",stage4_n1__from__n0050__c01,1,stage5_n1__from__n0143__c01,"['stage1_n4__from__root__c04', 'stage2_n1__from__n0004__c01', 'stage3_n1__from__n0015__c01', 'stage4_n1__from__n0050__c01', 'stage5_n1__from__n0143__c01']",0.5,2,stagewise_marginal_mixture,full_tree_child_marginal_at_switch
direct_multistage_exp3,25,26,4,"['stage1_n4__from__root__c04', 'stage2_n1__from__n0004__c01', 'stage3_n1__from__n0015__c01', 'stage4_n1__from__n0050__c01']",stage4_n1__from__n0050__c01,2,stage5_n2__from__n0143__c02,"['stage1_n4__from__root__c04', 'stage2_n1__from__n0004__c01', 'stage3_n1__from__n0015__c01', 'stage4_n1__from__n0050__c01', 'stage5_n2__from__n0143__c02']",0.5,2,stagewise_marginal_mixture,full_tree_child_marginal_at_switch
direct_multistage_exp3,25,26,4,"['stage1_n4__from__root__c04', 'stage2_n1__from__n0004__c01', 'stage3_n2__from__n0015__c02', 'stage4_n1__from__n0051__c01']",stage4_n1__from__n0051__c01,1,stage5_n1__from__n0144__c01,"['stage1_n4__from__root__c04', 'stage2_n1__from__n0004__c01', 'stage3_n2__from__n0015__c02', 'stage4_n1__from__n0051__c01', 'stage5_n1__from__n0144__c01']",0.5,2,stagewise_marginal_mixture,full_tree_child_marginal_at_switch
direct_multistage_exp3,25,26,4,"['stage1_n4__from__root__c04', 'stage2_n1__from__n0004__c01', 'stage3_n2__from__n0015__c02', 'stage4_n1__from__n0051__c01']",stage4_n1__from__n0051__c01,2,stage5_n2__from__n0144__c02,"['stage1_n4__from__root__c04', 'stage2_n1__from__n0004__c01', 'stage3_n2__from__n0015__c02', 'stage4_n1__from__n0051__c01', 'stage5_n2__from__n0144__c02']",0.5,2,stagewise_marginal_mixture,full_tree_child_marginal_at_switch
direct_multistage_exp3,25,26,4,"['stage1_n4__from__root__c04', 'stage2_n2__from__n0004__c02', 'stage3_n2__from__n0016__c01', 'stage4_n1__from__n0052__c01']",stage4_n1__from__n0052__c01,1,stage5_n1__from__n0145__c01,"['stage1_n4__from__root__c04', 'stage2_n2__from__n0004__c02', 'stage3_n2__from__n0016__c01', 'stage4_n1__from__n0052__c01', 'stage5_n1__from__n0145__c01']",0.5,2,stagewise_marginal_mixture,full_tree_child_marginal_at_switch
direct_multistage_exp3,25,26,4,"['stage1_n4__from__root__c04', 'stage2_n2__from__n0004__c02', 'stage3_n2__from__n0016__c01', 'stage4_n1__from__n0052__c01']",stage4_n1__from__n0052__c01,2,stage5_n2__from__n0145__c02,"['stage1_n4__from__root__c04', 'stage2_n2__from__n0004__c02', 'stage3_n2__from__n0016__c01', 'stage4_n1__from__n0052__c01', 'stage5_n2__from__n0145__c02']",0.5,2,stagewise_marginal_mixture,full_tree_child_marginal_at_switch
direct_multistage_exp3,25,26,4,"['stage1_n4__from__root__c04', 'stage2_n2__from__n0004__c02', 'stage3_n3__from__n0016__c02', 'stage4_n2__from__n0053__c01']",stage4_n2__from__n0053__c01,1,stage5_n1__from__n0146__c01,"['stage1_n4__from__root__c04', 'stage2_n2__from__n0004__c02', 'stage3_n3__from__n0016__c02', 'stage4_n2__from__n0053__c01', 'stage5_n1__from__n0146__c01']",0.5,2,stagewise_marginal_mixture,full_tree_child_marginal_at_switch
direct_multistage_exp3,25,26,4,"['stage1_n4__from__root__c04', 'stage2_n2__from__n0004__c02', 'stage3_n3__from__n0016__c02', 'stage4_n2__from__n0053__c01']",stage4_n2__from__n0053__c01,2,stage5_n2__from__n0146__c02,"['stage1_n4__from__root__c04', 'stage2_n2__from__n0004__c02', 'stage3_n3__from__n0016__c02', 'stage4_n2__from__n0053__c01', 'stage5_n2__from__n0146__c02']",0.5,2,stagewise_marginal_mixture,full_tree_child_marginal_at_switch
direct_multistage_exp3,25,26,4,"['stage1_n4__from__root__c04', 'stage2_n2__from__n0004__c02', 'stage3_n3__from__n0016__c02', 'stage4_n3__from__n0053__c02']",stage4_n3__from__n0053__c02,1,stage5_n1__from__n0147__c01,"['stage1_n4__from__root__c04', 'stage2_n2__from__n0004__c02', 'stage3_n3__from__n0016__c02', 'stage4_n3__from__n0053__c02', 'stage5_n1__from__n0147__c01']",6.703863584022436e-07,4,stagewise_marginal_mixture,full_tree_child_marginal_at_switch
direct_multistage_exp3,25,26,4,"['stage1_n4__from__root__c04', 'stage2_n2__from__n0004__c02', 'stage3_n3__from__n0016__c02', 'stage4_n3__from__n0053__c02']",stage4_n3__from__n0053__c02,2,stage5_n2__from__n0147__c02,"['stage1_n4__from__root__c04', 'stage2_n2__from__n0004__c02', 'stage3_n3__from__n0016__c02', 'stage4_n3__from__n0053__c02', 'stage5_n2__from__n0147__c02']",0.3333331098712139,4,stagewise_marginal_mixture,full_tree_child_marginal_at_switch
direct_multistage_exp3,25,26,4,"['stage1_n4__from__root__c04', 'stage2_n2__from__n0004__c02', 'stage3_n3__from__n0016__c02', 'stage4_n3__from__n0053__c02']",stage4_n3__from__n0053__c02,3,stage5_n3__from__n0147__c03,"['stage1_n4__from__root__c04', 'stage2_n2__from__n0004__c02', 'stage3_n3__from__n0016__c02', 'stage4_n3__from__n0053__c02', 'stage5_n3__from__n0147__c03']",0.3333331098712139,4,stagewise_marginal_mixture,full_tree_child_marginal_at_switch
direct_multistage_exp3,25,26,4,"['stage1_n4__from__root__c04', 'stage2_n2__from__n0004__c02', 'stage3_n3__from__n0016__c02', 'stage4_n3__from__n0053__c02']",stage4_n3__from__n0053__c02,4,stage5_n4__from__n0147__c04,"['stage1_n4__from__root__c04', 'stage2_n2__from__n0004__c02', 'stage3_n3__from__n0016__c02', 'stage4_n3__from__n0053__c02', 'stage5_n4__from__n0147__c04']",0.3333331098712139,4,stagewise_marginal_mixture,full_tree_child_marginal_at_switch
direct_multistage_exp3,25,26,4,"['stage1_n4__from__root__c04', 'stage2_n2__from__n0004__c02', 'stage3_n4__from__n0016__c03', 'stage4_n2__from__n0054__c01']",stage4_n2__from__n0054__c01,1,stage5_n1__from__n0148__c01,"['stage1_n4__from__root__c04', 'stage2_n2__from__n0004__c02', 'stage3_n4__from__n0016__c03', 'stage4_n2__from__n0054__c01', 'stage5_n1__from__n0148__c01']",0.5,2,stagewise_marginal_mixture,full_tree_child_marginal_at_switch
direct_multistage_exp3,25,26,4,"['stage1_n4__from__root__c04', 'stage2_n2__from__n0004__c02', 'stage3_n4__from__n0016__c03', 'stage4_n2__from__n0054__c01']",stage4_n2__from__n0054__c01,2,stage5_n2__from__n0148__c02,"['stage1_n4__from__root__c04', 'stage2_n2__from__n0004__c02', 'stage3_n4__from__n0016__c03', 'stage4_n2__from__n0054__c01', 'stage5_n2__from__n0148__c02']",0.5,2,stagewise_marginal_mixture,full_tree_child_marginal_at_switch
direct_multistage_exp3,25,26,4,"['stage1_n4__from__root__c04', 'stage2_n2__from__n0004__c02', 'stage3_n4__from__n0016__c03', 'stage4_n3__from__n0054__c02']",stage4_n3__from__n0054__c02,1,stage5_n1__from__n0149__c01,"['stage1_n4__from__root__c04', 'stage2_n2__from__n0004__c02', 'stage3_n4__from__n0016__c03', 'stage4_n3__from__n0054__c02', 'stage5_n1__from__n0149__c01']",0.25,4,stagewise_marginal_mixture,full_tree_child_marginal_at_switch
direct_multistage_exp3,25,26,4,"['stage1_n4__from__root__c04', 'stage2_n2__from__n0004__c02', 'stage3_n4__from__n0016__c03', 'stage4_n3__from__n0054__c02']",stage4_n3__from__n0054__c02,2,stage5_n2__from__n0149__c02,"['stage1_n4__from__root__c04', 'stage2_n2__from__n0004__c02', 'stage3_n4__from__n0016__c03', 'stage4_n3__from__n0054__c02', 'stage5_n2__from__n0149__c02']",0.25,4,stagewise_marginal_mixture,full_tree_child_marginal_at_switch
direct_multistage_exp3,25,26,4,"['stage1_n4__from__root__c04', 'stage2_n2__from__n0004__c02', 'stage3_n4__from__n0016__c03', 'stage4_n3__from__n0054__c02']",stage4_n3__from__n0054__c02,3,stage5_n3__from__n0149__c03,"['stage1_n4__from__root__c04', 'stage2_n2__from__n0004__c02', 'stage3_n4__from__n0016__c03', 'stage4_n3__from__n0054__c02', 'stage5_n3__from__n0149__c03']",0.25,4,stagewise_marginal_mixture,full_tree_child_marginal_at_switch
direct_multistage_exp3,25,26,4,"['stage1_n4__from__root__c04', 'stage2_n2__from__n0004__c02', 'stage3_n4__from__n0016__c03', 'stage4_n3__from__n0054__c02']",stage4_n3__from__n0054__c02,4,stage5_n4__from__n0149__c04,"['stage1_n4__from__root__c04', 'stage2_n2__from__n0004__c02', 'stage3_n4__from__n0016__c03', 'stage4_n3__from__n0054__c02', 'stage5_n4__from__n0149__c04']",0.25,4,stagewise_marginal_mixture,full_tree_child_marginal_at_switch
direct_multistage_exp3,25,26,4,"['stage1_n4__from__root__c04', 'stage2_n2__from__n0004__c02', 'stage3_n4__from__n0016__c03', 'stage4_n4__from__n0054__c03']",stage4_n4__from__n0054__c03,1,stage5_n1__from__n0150__c01,"['stage1_n4__from__root__c04', 'stage2_n2__from__n0004__c02', 'stage3_n4__from__n0016__c03', 'stage4_n4__from__n0054__c03', 'stage5_n1__from__n0150__c01']",0.25,4,stagewise_marginal_mixture,full_tree_child_marginal_at_switch
direct_multistage_exp3,25,26,4,"['stage1_n4__from__root__c04', 'stage2_n2__from__n0004__c02', 'stage3_n4__from__n0016__c03', 'stage4_n4__from__n0054__c03']",stage4_n4__from__n0054__c03,2,stage5_n3__from__n0150__c02,"['stage1_n4__from__root__c04', 'stage2_n2__from__n0004__c02', 'stage3_n4__from__n0016__c03', 'stage4_n4__from__n0054__c03', 'stage5_n3__from__n0150__c02']",0.25,4,stagewise_marginal_mixture,full_tree_child_marginal_at_switch
direct_multistage_exp3,25,26,4,"['stage1_n4__from__root__c04', 'stage2_n2__from__n0004__c02', 'stage3_n4__from__n0016__c03', 'stage4_n4__from__n0054__c03']",stage4_n4__from__n0054__c03,3,stage5_n4__from__n0150__c03,"['stage1_n4__from__root__c04', 'stage2_n2__from__n0004__c02', 'stage3_n4__from__n0016__c03', 'stage4_n4__from__n0054__c03', 'stage5_n4__from__n0150__c03']",0.25,4,stagewise_marginal_mixture,full_tree_child_marginal_at_switch
direct_multistage_exp3,25,26,4,"['stage1_n4__from__root__c04', 'stage2_n2__from__n0004__c02', 'stage3_n4__from__n0016__c03', 'stage4_n4__from__n0054__c03']",stage4_n4__from__n0054__c03,4,stage5_n5__from__n0150__c04,"['stage1_n4__from__root__c04', 'stage2_n2__from__n0004__c02', 'stage3_n4__from__n0016__c03', 'stage4_n4__from__n0054__c03', 'stage5_n5__from__n0150__c04']",0.25,4,stagewise_marginal_mixture,full_tree_child_marginal_at_switch
direct_multistage_exp3,25,26,4,"['stage1_n4__from__root__c04', 'stage2_n2__from__n0004__c02', 'stage3_n4__from__n0016__c03', 'stage4_n5__from__n0054__c04']",stage4_n5__from__n0054__c04,1,stage5_n2__from__n0151__c01,"['stage1_n4__from__root__c04', 'stage2_n2__from__n0004__c02', 'stage3_n4__from__n0016__c03', 'stage4_n5__from__n0054__c04', 'stage5_n2__from__n0151__c01']",0.3333333333333333,3,stagewise_marginal_mixture,full_tree_child_marginal_at_switch
direct_multistage_exp3,25,26,4,"['stage1_n4__from__root__c04', 'stage2_n2__from__n0004__c02', 'stage3_n4__from__n0016__c03', 'stage4_n5__from__n0054__c04']",stage4_n5__from__n0054__c04,2,stage5_n4__from__n0151__c02,"['stage1_n4__from__root__c04', 'stage2_n2__from__n0004__c02', 'stage3_n4__from__n0016__c03', 'stage4_n5__from__n0054__c04', 'stage5_n4__from__n0151__c02']",0.3333333333333333,3,stagewise_marginal_mixture,full_tree_child_marginal_at_switch
direct_multistage_exp3,25,26,4,"['stage1_n4__from__root__c04', 'stage2_n2__from__n0004__c02', 'stage3_n4__from__n0016__c03', 'stage4_n5__from__n0054__c04']",stage4_n5__from__n0054__c04,3,stage5_n5__from__n0151__c03,"['stage1_n4__from__root__c04', 'stage2_n2__from__n0004__c02', 'stage3_n4__from__n0016__c03', 'stage4_n5__from__n0054__c04', 'stage5_n5__from__n0151__c03']",0.3333333333333333,3,stagewise_marginal_mixture,full_tree_child_marginal_at_switch
direct_multistage_exp3,25,26,4,"['stage1_n4__from__root__c04', 'stage2_n2__from__n0004__c02', 'stage3_n5__from__n0016__c04', 'stage4_n2__from__n0055__c01']",stage4_n2__from__n0055__c01,1,stage5_n1__from__n0152__c01,"['stage1_n4__from__root__c04', 'stage2_n2__from__n0004__c02', 'stage3_n5__from__n0016__c04', 'stage4_n2__from__n0055__c01', 'stage5_n1__from__n0152__c01']",0.5,2,stagewise_marginal_mixture,full_tree_child_marginal_at_switch
direct_multistage_exp3,25,26,4,"['stage1_n4__from__root__c04', 'stage2_n2__from__n0004__c02', 'stage3_n5__from__n0016__c04', 'stage4_n2__from__n0055__c01']",stage4_n2__from__n0055__c01,2,stage5_n2__from__n0152__c02,"['stage1_n4__from__root__c04', 'stage2_n2__from__n0004__c02', 'stage3_n5__from__n0016__c04', 'stage4_n2__from__n0055__c01', 'stage5_n2__from__n0152__c02']",0.5,2,stagewise_marginal_mixture,full_tree_child_marginal_at_switch
direct_multistage_exp3,25,26,4,"['stage1_n4__from__root__c04', 'stage2_n2__from__n0004__c02', 'stage3_n5__from__n0016__c04', 'stage4_n3__from__n0055__c02']",stage4_n3__from__n0055__c02,1,stage5_n1__from__n0153__c01,"['stage1_n4__from__root__c04', 'stage2_n2__from__n0004__c02', 'stage3_n5__from__n0016__c04', 'stage4_n3__from__n0055__c02', 'stage5_n1__from__n0153__c01']",0.25,4,stagewise_marginal_mixture,full_tree_child_marginal_at_switch
direct_multistage_exp3,25,26,4,"['stage1_n4__from__root__c04', 'stage2_n2__from__n0004__c02', 'stage3_n5__from__n0016__c04', 'stage4_n3__from__n0055__c02']",stage4_n3__from__n0055__c02,2,stage5_n2__from__n0153__c02,"['stage1_n4__from__root__c04', 'stage2_n2__from__n0004__c02', 'stage3_n5__from__n0016__c04', 'stage4_n3__from__n0055__c02', 'stage5_n2__from__n0153__c02']",0.25,4,stagewise_marginal_mixture,full_tree_child_marginal_at_switch
direct_multistage_exp3,25,26,4,"['stage1_n4__from__root__c04', 'stage2_n2__from__n0004__c02', 'stage3_n5__from__n0016__c04', 'stage4_n3__from__n0055__c02']",stage4_n3__from__n0055__c02,3,stage5_n3__from__n0153__c03,"['stage1_n4__from__root__c04', 'stage2_n2__from__n0004__c02', 'stage3_n5__from__n0016__c04', 'stage4_n3__from__n0055__c02', 'stage5_n3__from__n0153__c03']",0.25,4,stagewise_marginal_mixture,full_tree_child_marginal_at_switch
direct_multistage_exp3,25,26,4,"['stage1_n4__from__root__c04', 'stage2_n2__from__n0004__c02', 'stage3_n5__from__n0016__c04', 'stage4_n3__from__n0055__c02']",stage4_n3__from__n0055__c02,4,stage5_n4__from__n0153__c04,"['stage1_n4__from__root__c04', 'stage2_n2__from__n0004__c02', 'stage3_n5__from__n0016__c04', 'stage4_n3__from__n0055__c02', 'stage5_n4__from__n0153__c04']",0.25,4,stagewise_marginal_mixture,full_tree_child_marginal_at_switch
direct_multistage_exp3,25,26,4,"['stage1_n4__from__root__c04', 'stage2_n2__from__n0004__c02', 'stage3_n5__from__n0016__c04', 'stage4_n4__from__n0055__c03']",stage4_n4__from__n0055__c03,1,stage5_n1__from__n0154__c01,"['stage1_n4__from__root__c04', 'stage2_n2__from__n0004__c02', 'stage3_n5__from__n0016__c04', 'stage4_n4__from__n0055__c03', 'stage5_n1__from__n0154__c01']",0.25,4,stagewise_marginal_mixture,full_tree_child_marginal_at_switch
direct_multistage_exp3,25,26,4,"['stage1_n4__from__root__c04', 'stage2_n2__from__n0004__c02', 'stage3_n5__from__n0016__c04', 'stage4_n4__from__n0055__c03']",stage4_n4__from__n0055__c03,2,stage5_n3__from__n0154__c02,"['stage1_n4__from__root__c04', 'stage2_n2__from__n0004__c02', 'stage3_n5__from__n0016__c04', 'stage4_n4__from__n0055__c03', 'stage5_n3__from__n0154__c02']",0.25,4,stagewise_marginal_mixture,full_tree_child_marginal_at_switch
direct_multistage_exp3,25,26,4,"['stage1_n4__from__root__c04', 'stage2_n2__from__n0004__c02', 'stage3_n5__from__n0016__c04', 'stage4_n4__from__n0055__c03']",stage4_n4__from__n0055__c03,3,stage5_n4__from__n0154__c03,"['stage1_n4__from__root__c04', 'stage2_n2__from__n0004__c02', 'stage3_n5__from__n0016__c04', 'stage4_n4__from__n0055__c03', 'stage5_n4__from__n0154__c03']",0.25,4,stagewise_marginal_mixture,full_tree_child_marginal_at_switch
direct_multistage_exp3,25,26,4,"['stage1_n4__from__root__c04', 'stage2_n2__from__n0004__c02', 'stage3_n5__from__n0016__c04', 'stage4_n4__from__n0055__c03']",stage4_n4__from__n0055__c03,4,stage5_n5__from__n0154__c04,"['stage1_n4__from__root__c04', 'stage2_n2__from__n0004__c02', 'stage3_n5__from__n0016__c04', 'stage4_n4__from__n0055__c03', 'stage5_n5__from__n0154__c04']",0.25,4,stagewise_marginal_mixture,full_tree_child_marginal_at_switch
direct_multistage_exp3,25,26,4,"['stage1_n4__from__root__c04', 'stage2_n2__from__n0004__c02', 'stage3_n5__from__n0016__c04', 'stage4_n5__from__n0055__c04']",stage4_n5__from__n0055__c04,1,stage5_n2__from__n0155__c01,"['stage1_n4__from__root__c04', 'stage2_n2__from__n0004__c02', 'stage3_n5__from__n0016__c04', 'stage4_n5__from__n0055__c04', 'stage5_n2__from__n0155__c01']",0.3333333333333333,3,stagewise_marginal_mixture,full_tree_child_marginal_at_switch
direct_multistage_exp3,25,26,4,"['stage1_n4__from__root__c04', 'stage2_n2__from__n0004__c02', 'stage3_n5__from__n0016__c04', 'stage4_n5__from__n0055__c04']",stage4_n5__from__n0055__c04,2,stage5_n4__from__n0155__c02,"['stage1_n4__from__root__c04', 'stage2_n2__from__n0004__c02', 'stage3_n5__from__n0016__c04', 'stage4_n5__from__n0055__c04', 'stage5_n4__from__n0155__c02']",0.3333333333333333,3,stagewise_marginal_mixture,full_tree_child_marginal_at_switch
direct_multistage_exp3,25,26,4,"['stage1_n4__from__root__c04', 'stage2_n2__from__n0004__c02', 'stage3_n5__from__n0016__c04', 'stage4_n5__from__n0055__c04']",stage4_n5__from__n0055__c04,3,stage5_n5__from__n0155__c03,"['stage1_n4__from__root__c04', 'stage2_n2__from__n0004__c02', 'stage3_n5__from__n0016__c04', 'stage4_n5__from__n0055__c04', 'stage5_n5__from__n0155__c03']",0.3333333333333333,3,stagewise_marginal_mixture,full_tree_child_marginal_at_switch
direct_multistage_exp3,25,26,4,"['stage1_n4__from__root__c04', 'stage2_n3__from__n0004__c03', 'stage3_n3__from__n0017__c01', 'stage4_n2__from__n0056__c01']",stage4_n2__from__n0056__c01,1,stage5_n1__from__n0156__c01,"['stage1_n4__from__root__c04', 'stage2_n3__from__n0004__c03', 'stage3_n3__from__n0017__c01', 'stage4_n2__from__n0056__c01', 'stage5_n1__from__n0156__c01']",0.9999649059496165,2,stagewise_marginal_mixture,full_tree_child_marginal_at_switch
direct_multistage_exp3,25,26,4,"['stage1_n4__from__root__c04', 'stage2_n3__from__n0004__c03', 'stage3_n3__from__n0017__c01', 'stage4_n2__from__n0056__c01']",stage4_n2__from__n0056__c01,2,stage5_n2__from__n0156__c02,"['stage1_n4__from__root__c04', 'stage2_n3__from__n0004__c03', 'stage3_n3__from__n0017__c01', 'stage4_n2__from__n0056__c01', 'stage5_n2__from__n0156__c02']",3.509405038350167e-05,2,stagewise_marginal_mixture,full_tree_child_marginal_at_switch
direct_multistage_exp3,25,26,4,"['stage1_n4__from__root__c04', 'stage2_n3__from__n0004__c03', 'stage3_n3__from__n0017__c01', 'stage4_n3__from__n0056__c02']",stage4_n3__from__n0056__c02,1,stage5_n1__from__n0157__c01,"['stage1_n4__from__root__c04', 'stage2_n3__from__n0004__c03', 'stage3_n3__from__n0017__c01', 'stage4_n3__from__n0056__c02', 'stage5_n1__from__n0157__c01']",0.25,4,stagewise_marginal_mixture,full_tree_child_marginal_at_switch
direct_multistage_exp3,25,26,4,"['stage1_n4__from__root__c04', 'stage2_n3__from__n0004__c03', 'stage3_n3__from__n0017__c01', 'stage4_n3__from__n0056__c02']",stage4_n3__from__n0056__c02,2,stage5_n2__from__n0157__c02,"['stage1_n4__from__root__c04', 'stage2_n3__from__n0004__c03', 'stage3_n3__from__n0017__c01', 'stage4_n3__from__n0056__c02', 'stage5_n2__from__n0157__c02']",0.25,4,stagewise_marginal_mixture,full_tree_child_marginal_at_switch
direct_multistage_exp3,25,26,4,"['stage1_n4__from__root__c04', 'stage2_n3__from__n0004__c03', 'stage3_n3__from__n0017__c01', 'stage4_n3__from__n0056__c02']",stage4_n3__from__n0056__c02,3,stage5_n3__from__n0157__c03,"['stage1_n4__from__root__c04', 'stage2_n3__from__n0004__c03', 'stage3_n3__from__n0017__c01', 'stage4_n3__from__n0056__c02', 'stage5_n3__from__n0157__c03']",0.25,4,stagewise_marginal_mixture,full_tree_child_marginal_at_switch
direct_multistage_exp3,25,26,4,"['stage1_n4__from__root__c04', 'stage2_n3__from__n0004__c03', 'stage3_n3__from__n0017__c01', 'stage4_n3__from__n0056__c02']",stage4_n3__from__n0056__c02,4,stage5_n4__from__n0157__c04,"['stage1_n4__from__root__c04', 'stage2_n3__from__n0004__c03', 'stage3_n3__from__n0017__c01', 'stage4_n3__from__n0056__c02', 'stage5_n4__from__n0157__c04']",0.25,4,stagewise_marginal_mixture,full_tree_child_marginal_at_switch
direct_multistage_exp3,25,26,4,"['stage1_n4__from__root__c04', 'stage2_n3__from__n0004__c03', 'stage3_n4__from__n0017__c02', 'stage4_n2__from__n0057__c01']",stage4_n2__from__n0057__c01,1,stage5_n1__from__n0158__c01,"['stage1_n4__from__root__c04', 'stage2_n3__from__n0004__c03', 'stage3_n4__from__n0017__c02', 'stage4_n2__from__n0057__c01', 'stage5_n1__from__n0158__c01']",0.5,2,stagewise_marginal_mixture,full_tree_child_marginal_at_switch
direct_multistage_exp3,25,26,4,"['stage1_n4__from__root__c04', 'stage2_n3__from__n0004__c03', 'stage3_n4__from__n0017__c02', 'stage4_n2__from__n0057__c01']",stage4_n2__from__n0057__c01,2,stage5_n2__from__n0158__c02,"['stage1_n4__from__root__c04', 'stage2_n3__from__n0004__c03', 'stage3_n4__from__n0017__c02', 'stage4_n2__from__n0057__c01', 'stage5_n2__from__n0158__c02']",0.5,2,stagewise_marginal_mixture,full_tree_child_marginal_at_switch
direct_multistage_exp3,25,26,4,"['stage1_n4__from__root__c04', 'stage2_n3__from__n0004__c03', 'stage3_n4__from__n0017__c02', 'stage4_n3__from__n0057__c02']",stage4_n3__from__n0057__c02,1,stage5_n1__from__n0159__c01,"['stage1_n4__from__root__c04', 'stage2_n3__from__n0004__c03', 'stage3_n4__from__n0017__c02', 'stage4_n3__from__n0057__c02', 'stage5_n1__from__n0159__c01']",0.25,4,stagewise_marginal_mixture,full_tree_child_marginal_at_switch
direct_multistage_exp3,25,26,4,"['stage1_n4__from__root__c04', 'stage2_n3__from__n0004__c03', 'stage3_n4__from__n0017__c02', 'stage4_n3__from__n0057__c02']",stage4_n3__from__n0057__c02,2,stage5_n2__from__n0159__c02,"['stage1_n4__from__root__c04', 'stage2_n3__from__n0004__c03', 'stage3_n4__from__n0017__c02', 'stage4_n3__from__n0057__c02', 'stage5_n2__from__n0159__c02']",0.25,4,stagewise_marginal_mixture,full_tree_child_marginal_at_switch
direct_multistage_exp3,25,26,4,"['stage1_n4__from__root__c04', 'stage2_n3__from__n0004__c03', 'stage3_n4__from__n0017__c02', 'stage4_n3__from__n0057__c02']",stage4_n3__from__n0057__c02,3,stage5_n3__from__n0159__c03,"['stage1_n4__from__root__c04', 'stage2_n3__from__n0004__c03', 'stage3_n4__from__n0017__c02', 'stage4_n3__from__n0057__c02', 'stage5_n3__from__n0159__c03']",0.25,4,stagewise_marginal_mixture,full_tree_child_marginal_at_switch
direct_multistage_exp3,25,26,4,"['stage1_n4__from__root__c04', 'stage2_n3__from__n0004__c03', 'stage3_n4__from__n0017__c02', 'stage4_n3__from__n0057__c02']",stage4_n3__from__n0057__c02,4,stage5_n4__from__n0159__c04,"['stage1_n4__from__root__c04', 'stage2_n3__from__n0004__c03', 'stage3_n4__from__n0017__c02', 'stage4_n3__from__n0057__c02', 'stage5_n4__from__n0159__c04']",0.25,4,stagewise_marginal_mixture,full_tree_child_marginal_at_switch
direct_multistage_exp3,25,26,4,"['stage1_n4__from__root__c04', 'stage2_n3__from__n0004__c03', 'stage3_n4__from__n0017__c02', 'stage4_n4__from__n0057__c03']",stage4_n4__from__n0057__c03,1,stage5_n1__from__n0160__c01,"['stage1_n4__from__root__c04', 'stage2_n3__from__n0004__c03', 'stage3_n4__from__n0017__c02', 'stage4_n4__from__n0057__c03', 'stage5_n1__from__n0160__c01']",0.25,4,stagewise_marginal_mixture,full_tree_child_marginal_at_switch
direct_multistage_exp3,25,26,4,"['stage1_n4__from__root__c04', 'stage2_n3__from__n0004__c03', 'stage3_n4__from__n0017__c02', 'stage4_n4__from__n0057__c03']",stage4_n4__from__n0057__c03,2,stage5_n3__from__n0160__c02,"['stage1_n4__from__root__c04', 'stage2_n3__from__n0004__c03', 'stage3_n4__from__n0017__c02', 'stage4_n4__from__n0057__c03', 'stage5_n3__from__n0160__c02']",0.25,4,stagewise_marginal_mixture,full_tree_child_marginal_at_switch
direct_multistage_exp3,25,26,4,"['stage1_n4__from__root__c04', 'stage2_n3__from__n0004__c03', 'stage3_n4__from__n0017__c02', 'stage4_n4__from__n0057__c03']",stage4_n4__from__n0057__c03,3,stage5_n4__from__n0160__c03,"['stage1_n4__from__root__c04', 'stage2_n3__from__n0004__c03', 'stage3_n4__from__n0017__c02', 'stage4_n4__from__n0057__c03', 'stage5_n4__from__n0160__c03']",0.25,4,stagewise_marginal_mixture,full_tree_child_marginal_at_switch
direct_multistage_exp3,25,26,4,"['stage1_n4__from__root__c04', 'stage2_n3__from__n0004__c03', 'stage3_n4__from__n0017__c02', 'stage4_n4__from__n0057__c03']",stage4_n4__from__n0057__c03,4,stage5_n5__from__n0160__c04,"['stage1_n4__from__root__c04', 'stage2_n3__from__n0004__c03', 'stage3_n4__from__n0017__c02', 'stage4_n4__from__n0057__c03', 'stage5_n5__from__n0160__c04']",0.25,4,stagewise_marginal_mixture,full_tree_child_marginal_at_switch
direct_multistage_exp3,25,26,4,"['stage1_n4__from__root__c04', 'stage2_n3__from__n0004__c03', 'stage3_n4__from__n0017__c02', 'stage4_n5__from__n0057__c04']",stage4_n5__from__n0057__c04,1,stage5_n2__from__n0161__c01,"['stage1_n4__from__root__c04', 'stage2_n3__from__n0004__c03', 'stage3_n4__from__n0017__c02', 'stage4_n5__from__n0057__c04', 'stage5_n2__from__n0161__c01']",0.3333333333333333,3,stagewise_marginal_mixture,full_tree_child_marginal_at_switch
direct_multistage_exp3,25,26,4,"['stage1_n4__from__root__c04', 'stage2_n3__from__n0004__c03', 'stage3_n4__from__n0017__c02', 'stage4_n5__from__n0057__c04']",stage4_n5__from__n0057__c04,2,stage5_n4__from__n0161__c02,"['stage1_n4__from__root__c04', 'stage2_n3__from__n0004__c03', 'stage3_n4__from__n0017__c02', 'stage4_n5__from__n0057__c04', 'stage5_n4__from__n0161__c02']",0.3333333333333333,3,stagewise_marginal_mixture,full_tree_child_marginal_at_switch
direct_multistage_exp3,25,26,4,"['stage1_n4__from__root__c04', 'stage2_n3__from__n0004__c03', 'stage3_n4__from__n0017__c02', 'stage4_n5__from__n0057__c04']",stage4_n5__from__n0057__c04,3,stage5_n5__from__n0161__c03,"['stage1_n4__from__root__c04', 'stage2_n3__from__n0004__c03', 'stage3_n4__from__n0017__c02', 'stage4_n5__from__n0057__c04', 'stage5_n5__from__n0161__c03']",0.3333333333333333,3,stagewise_marginal_mixture,full_tree_child_marginal_at_switch
direct_multistage_exp3,25,26,4,"['stage1_n4__from__root__c04', 'stage2_n3__from__n0004__c03', 'stage3_n5__from__n0017__c03', 'stage4_n2__from__n0058__c01']",stage4_n2__from__n0058__c01,1,stage5_n1__from__n0162__c01,"['stage1_n4__from__root__c04', 'stage2_n3__from__n0004__c03', 'stage3_n5__from__n0017__c03', 'stage4_n2__from__n0058__c01', 'stage5_n1__from__n0162__c01']",0.5,2,stagewise_marginal_mixture,full_tree_child_marginal_at_switch
direct_multistage_exp3,25,26,4,"['stage1_n4__from__root__c04', 'stage2_n3__from__n0004__c03', 'stage3_n5__from__n0017__c03', 'stage4_n2__from__n0058__c01']",stage4_n2__from__n0058__c01,2,stage5_n2__from__n0162__c02,"['stage1_n4__from__root__c04', 'stage2_n3__from__n0004__c03', 'stage3_n5__from__n0017__c03', 'stage4_n2__from__n0058__c01', 'stage5_n2__from__n0162__c02']",0.5,2,stagewise_marginal_mixture,full_tree_child_marginal_at_switch
direct_multistage_exp3,25,26,4,"['stage1_n4__from__root__c04', 'stage2_n3__from__n0004__c03', 'stage3_n5__from__n0017__c03', 'stage4_n3__from__n0058__c02']",stage4_n3__from__n0058__c02,1,stage5_n1__from__n0163__c01,"['stage1_n4__from__root__c04', 'stage2_n3__from__n0004__c03', 'stage3_n5__from__n0017__c03', 'stage4_n3__from__n0058__c02', 'stage5_n1__from__n0163__c01']",0.25,4,stagewise_marginal_mixture,full_tree_child_marginal_at_switch
direct_multistage_exp3,25,26,4,"['stage1_n4__from__root__c04', 'stage2_n3__from__n0004__c03', 'stage3_n5__from__n0017__c03', 'stage4_n3__from__n0058__c02']",stage4_n3__from__n0058__c02,2,stage5_n2__from__n0163__c02,"['stage1_n4__from__root__c04', 'stage2_n3__from__n0004__c03', 'stage3_n5__from__n0017__c03', 'stage4_n3__from__n0058__c02', 'stage5_n2__from__n0163__c02']",0.25,4,stagewise_marginal_mixture,full_tree_child_marginal_at_switch
direct_multistage_exp3,25,26,4,"['stage1_n4__from__root__c04', 'stage2_n3__from__n0004__c03', 'stage3_n5__from__n0017__c03', 'stage4_n3__from__n0058__c02']",stage4_n3__from__n0058__c02,3,stage5_n3__from__n0163__c03,"['stage1_n4__from__root__c04', 'stage2_n3__from__n0004__c03', 'stage3_n5__from__n0017__c03', 'stage4_n3__from__n0058__c02', 'stage5_n3__from__n0163__c03']",0.25,4,stagewise_marginal_mixture,full_tree_child_marginal_at_switch
direct_multistage_exp3,25,26,4,"['stage1_n4__from__root__c04', 'stage2_n3__from__n0004__c03', 'stage3_n5__from__n0017__c03', 'stage4_n3__from__n0058__c02']",stage4_n3__from__n0058__c02,4,stage5_n4__from__n0163__c04,"['stage1_n4__from__root__c04', 'stage2_n3__from__n0004__c03', 'stage3_n5__from__n0017__c03', 'stage4_n3__from__n0058__c02', 'stage5_n4__from__n0163__c04']",0.25,4,stagewise_marginal_mixture,full_tree_child_marginal_at_switch
direct_multistage_exp3,25,26,4,"['stage1_n4__from__root__c04', 'stage2_n3__from__n0004__c03', 'stage3_n5__from__n0017__c03', 'stage4_n4__from__n0058__c03']",stage4_n4__from__n0058__c03,1,stage5_n1__from__n0164__c01,"['stage1_n4__from__root__c04', 'stage2_n3__from__n0004__c03', 'stage3_n5__from__n0017__c03', 'stage4_n4__from__n0058__c03', 'stage5_n1__from__n0164__c01']",0.33333333333333254,4,stagewise_marginal_mixture,full_tree_child_marginal_at_switch
direct_multistage_exp3,25,26,4,"['stage1_n4__from__root__c04', 'stage2_n3__from__n0004__c03', 'stage3_n5__from__n0017__c03', 'stage4_n4__from__n0058__c03']",stage4_n4__from__n0058__c03,2,stage5_n3__from__n0164__c02,"['stage1_n4__from__root__c04', 'stage2_n3__from__n0004__c03', 'stage3_n5__from__n0017__c03', 'stage4_n4__from__n0058__c03', 'stage5_n3__from__n0164__c02']",0.33333333333333254,4,stagewise_marginal_mixture,full_tree_child_marginal_at_switch
direct_multistage_exp3,25,26,4,"['stage1_n4__from__root__c04', 'stage2_n3__from__n0004__c03', 'stage3_n5__from__n0017__c03', 'stage4_n4__from__n0058__c03']",stage4_n4__from__n0058__c03,3,stage5_n4__from__n0164__c03,"['stage1_n4__from__root__c04', 'stage2_n3__from__n0004__c03', 'stage3_n5__from__n0017__c03', 'stage4_n4__from__n0058__c03', 'stage5_n4__from__n0164__c03']",2.415655936711451e-15,4,stagewise_marginal_mixture,full_tree_child_marginal_at_switch
direct_multistage_exp3,25,26,4,"['stage1_n4__from__root__c04', 'stage2_n3__from__n0004__c03', 'stage3_n5__from__n0017__c03', 'stage4_n4__from__n0058__c03']",stage4_n4__from__n0058__c03,4,stage5_n5__from__n0164__c04,"['stage1_n4__from__root__c04', 'stage2_n3__from__n0004__c03', 'stage3_n5__from__n0017__c03', 'stage4_n4__from__n0058__c03', 'stage5_n5__from__n0164__c04']",0.33333333333333254,4,stagewise_marginal_mixture,full_tree_child_marginal_at_switch
direct_multistage_exp3,25,26,4,"['stage1_n4__from__root__c04', 'stage2_n3__from__n0004__c03', 'stage3_n5__from__n0017__c03', 'stage4_n5__from__n0058__c04']",stage4_n5__from__n0058__c04,1,stage5_n2__from__n0165__c01,"['stage1_n4__from__root__c04', 'stage2_n3__from__n0004__c03', 'stage3_n5__from__n0017__c03', 'stage4_n5__from__n0058__c04', 'stage5_n2__from__n0165__c01']",0.3333333333333333,3,stagewise_marginal_mixture,full_tree_child_marginal_at_switch
direct_multistage_exp3,25,26,4,"['stage1_n4__from__root__c04', 'stage2_n3__from__n0004__c03', 'stage3_n5__from__n0017__c03', 'stage4_n5__from__n0058__c04']",stage4_n5__from__n0058__c04,2,stage5_n4__from__n0165__c02,"['stage1_n4__from__root__c04', 'stage2_n3__from__n0004__c03', 'stage3_n5__from__n0017__c03', 'stage4_n5__from__n0058__c04', 'stage5_n4__from__n0165__c02']",0.3333333333333333,3,stagewise_marginal_mixture,full_tree_child_marginal_at_switch
direct_multistage_exp3,25,26,4,"['stage1_n4__from__root__c04', 'stage2_n3__from__n0004__c03', 'stage3_n5__from__n0017__c03', 'stage4_n5__from__n0058__c04']",stage4_n5__from__n0058__c04,3,stage5_n5__from__n0165__c03,"['stage1_n4__from__root__c04', 'stage2_n3__from__n0004__c03', 'stage3_n5__from__n0017__c03', 'stage4_n5__from__n0058__c04', 'stage5_n5__from__n0165__c03']",0.3333333333333333,3,stagewise_marginal_mixture,full_tree_child_marginal_at_switch
direct_multistage_exp3,25,26,4,"['stage1_n4__from__root__c04', 'stage2_n4__from__n0004__c04', 'stage3_n3__from__n0018__c01', 'stage4_n2__from__n0059__c01']",stage4_n2__from__n0059__c01,1,stage5_n1__from__n0166__c01,"['stage1_n4__from__root__c04', 'stage2_n4__from__n0004__c04', 'stage3_n3__from__n0018__c01', 'stage4_n2__from__n0059__c01', 'stage5_n1__from__n0166__c01']",0.5,2,stagewise_marginal_mixture,full_tree_child_marginal_at_switch
direct_multistage_exp3,25,26,4,"['stage1_n4__from__root__c04', 'stage2_n4__from__n0004__c04', 'stage3_n3__from__n0018__c01', 'stage4_n2__from__n0059__c01']",stage4_n2__from__n0059__c01,2,stage5_n2__from__n0166__c02,"['stage1_n4__from__root__c04', 'stage2_n4__from__n0004__c04', 'stage3_n3__from__n0018__c01', 'stage4_n2__from__n0059__c01', 'stage5_n2__from__n0166__c02']",0.5,2,stagewise_marginal_mixture,full_tree_child_marginal_at_switch
direct_multistage_exp3,25,26,4,"['stage1_n4__from__root__c04', 'stage2_n4__from__n0004__c04', 'stage3_n3__from__n0018__c01', 'stage4_n3__from__n0059__c02']",stage4_n3__from__n0059__c02,1,stage5_n1__from__n0167__c01,"['stage1_n4__from__root__c04', 'stage2_n4__from__n0004__c04', 'stage3_n3__from__n0018__c01', 'stage4_n3__from__n0059__c02', 'stage5_n1__from__n0167__c01']",0.33333333224127015,4,stagewise_marginal_mixture,full_tree_child_marginal_at_switch
direct_multistage_exp3,25,26,4,"['stage1_n4__from__root__c04', 'stage2_n4__from__n0004__c04', 'stage3_n3__from__n0018__c01', 'stage4_n3__from__n0059__c02']",stage4_n3__from__n0059__c02,2,stage5_n2__from__n0167__c02,"['stage1_n4__from__root__c04', 'stage2_n4__from__n0004__c04', 'stage3_n3__from__n0018__c01', 'stage4_n3__from__n0059__c02', 'stage5_n2__from__n0167__c02']",0.33333333224127015,4,stagewise_marginal_mixture,full_tree_child_marginal_at_switch
direct_multistage_exp3,25,26,4,"['stage1_n4__from__root__c04', 'stage2_n4__from__n0004__c04', 'stage3_n3__from__n0018__c01', 'stage4_n3__from__n0059__c02']",stage4_n3__from__n0059__c02,3,stage5_n3__from__n0167__c03,"['stage1_n4__from__root__c04', 'stage2_n4__from__n0004__c04', 'stage3_n3__from__n0018__c01', 'stage4_n3__from__n0059__c02', 'stage5_n3__from__n0167__c03']",3.2761896376843543e-09,4,stagewise_marginal_mixture,full_tree_child_marginal_at_switch
direct_multistage_exp3,25,26,4,"['stage1_n4__from__root__c04', 'stage2_n4__from__n0004__c04', 'stage3_n3__from__n0018__c01', 'stage4_n3__from__n0059__c02']",stage4_n3__from__n0059__c02,4,stage5_n4__from__n0167__c04,"['stage1_n4__from__root__c04', 'stage2_n4__from__n0004__c04', 'stage3_n3__from__n0018__c01', 'stage4_n3__from__n0059__c02', 'stage5_n4__from__n0167__c04']",0.33333333224127015,4,stagewise_marginal_mixture,full_tree_child_marginal_at_switch
direct_multistage_exp3,25,26,4,"['stage1_n4__from__root__c04', 'stage2_n4__from__n0004__c04', 'stage3_n4__from__n0018__c02', 'stage4_n2__from__n0060__c01']",stage4_n2__from__n0060__c01,1,stage5_n1__from__n0168__c01,"['stage1_n4__from__root__c04', 'stage2_n4__from__n0004__c04', 'stage3_n4__from__n0018__c02', 'stage4_n2__from__n0060__c01', 'stage5_n1__from__n0168__c01']",0.5,2,stagewise_marginal_mixture,full_tree_child_marginal_at_switch
direct_multistage_exp3,25,26,4,"['stage1_n4__from__root__c04', 'stage2_n4__from__n0004__c04', 'stage3_n4__from__n0018__c02', 'stage4_n2__from__n0060__c01']",stage4_n2__from__n0060__c01,2,stage5_n2__from__n0168__c02,"['stage1_n4__from__root__c04', 'stage2_n4__from__n0004__c04', 'stage3_n4__from__n0018__c02', 'stage4_n2__from__n0060__c01', 'stage5_n2__from__n0168__c02']",0.5,2,stagewise_marginal_mixture,full_tree_child_marginal_at_switch
direct_multistage_exp3,25,26,4,"['stage1_n4__from__root__c04', 'stage2_n4__from__n0004__c04', 'stage3_n4__from__n0018__c02', 'stage4_n3__from__n0060__c02']",stage4_n3__from__n0060__c02,1,stage5_n1__from__n0169__c01,"['stage1_n4__from__root__c04', 'stage2_n4__from__n0004__c04', 'stage3_n4__from__n0018__c02', 'stage4_n3__from__n0060__c02', 'stage5_n1__from__n0169__c01']",0.25,4,stagewise_marginal_mixture,full_tree_child_marginal_at_switch
direct_multistage_exp3,25,26,4,"['stage1_n4__from__root__c04', 'stage2_n4__from__n0004__c04', 'stage3_n4__from__n0018__c02', 'stage4_n3__from__n0060__c02']",stage4_n3__from__n0060__c02,2,stage5_n2__from__n0169__c02,"['stage1_n4__from__root__c04', 'stage2_n4__from__n0004__c04', 'stage3_n4__from__n0018__c02', 'stage4_n3__from__n0060__c02', 'stage5_n2__from__n0169__c02']",0.25,4,stagewise_marginal_mixture,full_tree_child_marginal_at_switch
direct_multistage_exp3,25,26,4,"['stage1_n4__from__root__c04', 'stage2_n4__from__n0004__c04', 'stage3_n4__from__n0018__c02', 'stage4_n3__from__n0060__c02']",stage4_n3__from__n0060__c02,3,stage5_n3__from__n0169__c03,"['stage1_n4__from__root__c04', 'stage2_n4__from__n0004__c04', 'stage3_n4__from__n0018__c02', 'stage4_n3__from__n0060__c02', 'stage5_n3__from__n0169__c03']",0.25,4,stagewise_marginal_mixture,full_tree_child_marginal_at_switch
direct_multistage_exp3,25,26,4,"['stage1_n4__from__root__c04', 'stage2_n4__from__n0004__c04', 'stage3_n4__from__n0018__c02', 'stage4_n3__from__n0060__c02']",stage4_n3__from__n0060__c02,4,stage5_n4__from__n0169__c04,"['stage1_n4__from__root__c04', 'stage2_n4__from__n0004__c04', 'stage3_n4__from__n0018__c02', 'stage4_n3__from__n0060__c02', 'stage5_n4__from__n0169__c04']",0.25,4,stagewise_marginal_mixture,full_tree_child_marginal_at_switch
direct_multistage_exp3,25,26,4,"['stage1_n4__from__root__c04', 'stage2_n4__from__n0004__c04', 'stage3_n4__from__n0018__c02', 'stage4_n4__from__n0060__c03']",stage4_n4__from__n0060__c03,1,stage5_n1__from__n0170__c01,"['stage1_n4__from__root__c04', 'stage2_n4__from__n0004__c04', 'stage3_n4__from__n0018__c02', 'stage4_n4__from__n0060__c03', 'stage5_n1__from__n0170__c01']",0.25,4,stagewise_marginal_mixture,full_tree_child_marginal_at_switch
direct_multistage_exp3,25,26,4,"['stage1_n4__from__root__c04', 'stage2_n4__from__n0004__c04', 'stage3_n4__from__n0018__c02', 'stage4_n4__from__n0060__c03']",stage4_n4__from__n0060__c03,2,stage5_n3__from__n0170__c02,"['stage1_n4__from__root__c04', 'stage2_n4__from__n0004__c04', 'stage3_n4__from__n0018__c02', 'stage4_n4__from__n0060__c03', 'stage5_n3__from__n0170__c02']",0.25,4,stagewise_marginal_mixture,full_tree_child_marginal_at_switch
direct_multistage_exp3,25,26,4,"['stage1_n4__from__root__c04', 'stage2_n4__from__n0004__c04', 'stage3_n4__from__n0018__c02', 'stage4_n4__from__n0060__c03']",stage4_n4__from__n0060__c03,3,stage5_n4__from__n0170__c03,"['stage1_n4__from__root__c04', 'stage2_n4__from__n0004__c04', 'stage3_n4__from__n0018__c02', 'stage4_n4__from__n0060__c03', 'stage5_n4__from__n0170__c03']",0.25,4,stagewise_marginal_mixture,full_tree_child_marginal_at_switch
direct_multistage_exp3,25,26,4,"['stage1_n4__from__root__c04', 'stage2_n4__from__n0004__c04', 'stage3_n4__from__n0018__c02', 'stage4_n4__from__n0060__c03']",stage4_n4__from__n0060__c03,4,stage5_n5__from__n0170__c04,"['stage1_n4__from__root__c04', 'stage2_n4__from__n0004__c04', 'stage3_n4__from__n0018__c02', 'stage4_n4__from__n0060__c03', 'stage5_n5__from__n0170__c04']",0.25,4,stagewise_marginal_mixture,full_tree_child_marginal_at_switch
direct_multistage_exp3,25,26,4,"['stage1_n4__from__root__c04', 'stage2_n4__from__n0004__c04', 'stage3_n4__from__n0018__c02', 'stage4_n5__from__n0060__c04']",stage4_n5__from__n0060__c04,1,stage5_n2__from__n0171__c01,"['stage1_n4__from__root__c04', 'stage2_n4__from__n0004__c04', 'stage3_n4__from__n0018__c02', 'stage4_n5__from__n0060__c04', 'stage5_n2__from__n0171__c01']",0.3333333333333333,3,stagewise_marginal_mixture,full_tree_child_marginal_at_switch
direct_multistage_exp3,25,26,4,"['stage1_n4__from__root__c04', 'stage2_n4__from__n0004__c04', 'stage3_n4__from__n0018__c02', 'stage4_n5__from__n0060__c04']",stage4_n5__from__n0060__c04,2,stage5_n4__from__n0171__c02,"['stage1_n4__from__root__c04', 'stage2_n4__from__n0004__c04', 'stage3_n4__from__n0018__c02', 'stage4_n5__from__n0060__c04', 'stage5_n4__from__n0171__c02']",0.3333333333333333,3,stagewise_marginal_mixture,full_tree_child_marginal_at_switch
direct_multistage_exp3,25,26,4,"['stage1_n4__from__root__c04', 'stage2_n4__from__n0004__c04', 'stage3_n4__from__n0018__c02', 'stage4_n5__from__n0060__c04']",stage4_n5__from__n0060__c04,3,stage5_n5__from__n0171__c03,"['stage1_n4__from__root__c04', 'stage2_n4__from__n0004__c04', 'stage3_n4__from__n0018__c02', 'stage4_n5__from__n0060__c04', 'stage5_n5__from__n0171__c03']",0.3333333333333333,3,stagewise_marginal_mixture,full_tree_child_marginal_at_switch
direct_multistage_exp3,25,26,4,"['stage1_n4__from__root__c04', 'stage2_n4__from__n0004__c04', 'stage3_n5__from__n0018__c03', 'stage4_n2__from__n0061__c01']",stage4_n2__from__n0061__c01,1,stage5_n1__from__n0172__c01,"['stage1_n4__from__root__c04', 'stage2_n4__from__n0004__c04', 'stage3_n5__from__n0018__c03', 'stage4_n2__from__n0061__c01', 'stage5_n1__from__n0172__c01']",0.5,2,stagewise_marginal_mixture,full_tree_child_marginal_at_switch
direct_multistage_exp3,25,26,4,"['stage1_n4__from__root__c04', 'stage2_n4__from__n0004__c04', 'stage3_n5__from__n0018__c03', 'stage4_n2__from__n0061__c01']",stage4_n2__from__n0061__c01,2,stage5_n2__from__n0172__c02,"['stage1_n4__from__root__c04', 'stage2_n4__from__n0004__c04', 'stage3_n5__from__n0018__c03', 'stage4_n2__from__n0061__c01', 'stage5_n2__from__n0172__c02']",0.5,2,stagewise_marginal_mixture,full_tree_child_marginal_at_switch
direct_multistage_exp3,25,26,4,"['stage1_n4__from__root__c04', 'stage2_n4__from__n0004__c04', 'stage3_n5__from__n0018__c03', 'stage4_n3__from__n0061__c02']",stage4_n3__from__n0061__c02,1,stage5_n1__from__n0173__c01,"['stage1_n4__from__root__c04', 'stage2_n4__from__n0004__c04', 'stage3_n5__from__n0018__c03', 'stage4_n3__from__n0061__c02', 'stage5_n1__from__n0173__c01']",0.25,4,stagewise_marginal_mixture,full_tree_child_marginal_at_switch
direct_multistage_exp3,25,26,4,"['stage1_n4__from__root__c04', 'stage2_n4__from__n0004__c04', 'stage3_n5__from__n0018__c03', 'stage4_n3__from__n0061__c02']",stage4_n3__from__n0061__c02,2,stage5_n2__from__n0173__c02,"['stage1_n4__from__root__c04', 'stage2_n4__from__n0004__c04', 'stage3_n5__from__n0018__c03', 'stage4_n3__from__n0061__c02', 'stage5_n2__from__n0173__c02']",0.25,4,stagewise_marginal_mixture,full_tree_child_marginal_at_switch
direct_multistage_exp3,25,26,4,"['stage1_n4__from__root__c04', 'stage2_n4__from__n0004__c04', 'stage3_n5__from__n0018__c03', 'stage4_n3__from__n0061__c02']",stage4_n3__from__n0061__c02,3,stage5_n3__from__n0173__c03,"['stage1_n4__from__root__c04', 'stage2_n4__from__n0004__c04', 'stage3_n5__from__n0018__c03', 'stage4_n3__from__n0061__c02', 'stage5_n3__from__n0173__c03']",0.25,4,stagewise_marginal_mixture,full_tree_child_marginal_at_switch
direct_multistage_exp3,25,26,4,"['stage1_n4__from__root__c04', 'stage2_n4__from__n0004__c04', 'stage3_n5__from__n0018__c03', 'stage4_n3__from__n0061__c02']",stage4_n3__from__n0061__c02,4,stage5_n4__from__n0173__c04,"['stage1_n4__from__root__c04', 'stage2_n4__from__n0004__c04', 'stage3_n5__from__n0018__c03', 'stage4_n3__from__n0061__c02', 'stage5_n4__from__n0173__c04']",0.25,4,stagewise_marginal_mixture,full_tree_child_marginal_at_switch
direct_multistage_exp3,25,26,4,"['stage1_n4__from__root__c04', 'stage2_n4__from__n0004__c04', 'stage3_n5__from__n0018__c03', 'stage4_n4__from__n0061__c03']",stage4_n4__from__n0061__c03,1,stage5_n1__from__n0174__c01,"['stage1_n4__from__root__c04', 'stage2_n4__from__n0004__c04', 'stage3_n5__from__n0018__c03', 'stage4_n4__from__n0061__c03', 'stage5_n1__from__n0174__c01']",0.25,4,stagewise_marginal_mixture,full_tree_child_marginal_at_switch
direct_multistage_exp3,25,26,4,"['stage1_n4__from__root__c04', 'stage2_n4__from__n0004__c04', 'stage3_n5__from__n0018__c03', 'stage4_n4__from__n0061__c03']",stage4_n4__from__n0061__c03,2,stage5_n3__from__n0174__c02,"['stage1_n4__from__root__c04', 'stage2_n4__from__n0004__c04', 'stage3_n5__from__n0018__c03', 'stage4_n4__from__n0061__c03', 'stage5_n3__from__n0174__c02']",0.25,4,stagewise_marginal_mixture,full_tree_child_marginal_at_switch
direct_multistage_exp3,25,26,4,"['stage1_n4__from__root__c04', 'stage2_n4__from__n0004__c04', 'stage3_n5__from__n0018__c03', 'stage4_n4__from__n0061__c03']",stage4_n4__from__n0061__c03,3,stage5_n4__from__n0174__c03,"['stage1_n4__from__root__c04', 'stage2_n4__from__n0004__c04', 'stage3_n5__from__n0018__c03', 'stage4_n4__from__n0061__c03', 'stage5_n4__from__n0174__c03']",0.25,4,stagewise_marginal_mixture,full_tree_child_marginal_at_switch
direct_multistage_exp3,25,26,4,"['stage1_n4__from__root__c04', 'stage2_n4__from__n0004__c04', 'stage3_n5__from__n0018__c03', 'stage4_n4__from__n0061__c03']",stage4_n4__from__n0061__c03,4,stage5_n5__from__n0174__c04,"['stage1_n4__from__root__c04', 'stage2_n4__from__n0004__c04', 'stage3_n5__from__n0018__c03', 'stage4_n4__from__n0061__c03', 'stage5_n5__from__n0174__c04']",0.25,4,stagewise_marginal_mixture,full_tree_child_marginal_at_switch
direct_multistage_exp3,25,26,4,"['stage1_n4__from__root__c04', 'stage2_n4__from__n0004__c04', 'stage3_n5__from__n0018__c03', 'stage4_n5__from__n0061__c04']",stage4_n5__from__n0061__c04,1,stage5_n2__from__n0175__c01,"['stage1_n4__from__root__c04', 'stage2_n4__from__n0004__c04', 'stage3_n5__from__n0018__c03', 'stage4_n5__from__n0061__c04', 'stage5_n2__from__n0175__c01']",0.3333333333333333,3,stagewise_marginal_mixture,full_tree_child_marginal_at_switch
direct_multistage_exp3,25,26,4,"['stage1_n4__from__root__c04', 'stage2_n4__from__n0004__c04', 'stage3_n5__from__n0018__c03', 'stage4_n5__from__n0061__c04']",stage4_n5__from__n0061__c04,2,stage5_n4__from__n0175__c02,"['stage1_n4__from__root__c04', 'stage2_n4__from__n0004__c04', 'stage3_n5__from__n0018__c03', 'stage4_n5__from__n0061__c04', 'stage5_n4__from__n0175__c02']",0.3333333333333333,3,stagewise_marginal_mixture,full_tree_child_marginal_at_switch
direct_multistage_exp3,25,26,4,"['stage1_n4__from__root__c04', 'stage2_n4__from__n0004__c04', 'stage3_n5__from__n0018__c03', 'stage4_n5__from__n0061__c04']",stage4_n5__from__n0061__c04,3,stage5_n5__from__n0175__c03,"['stage1_n4__from__root__c04', 'stage2_n4__from__n0004__c04', 'stage3_n5__from__n0018__c03', 'stage4_n5__from__n0061__c04', 'stage5_n5__from__n0175__c03']",0.3333333333333333,3,stagewise_marginal_mixture,full_tree_child_marginal_at_switch
direct_multistage_exp3,25,26,4,"['stage1_n4__from__root__c04', 'stage2_n5__from__n0004__c05', 'stage3_n3__from__n0019__c01', 'stage4_n2__from__n0062__c01']",stage4_n2__from__n0062__c01,1,stage5_n1__from__n0176__c01,"['stage1_n4__from__root__c04', 'stage2_n5__from__n0004__c05', 'stage3_n3__from__n0019__c01', 'stage4_n2__from__n0062__c01', 'stage5_n1__from__n0176__c01']",0.5,2,stagewise_marginal_mixture,full_tree_child_marginal_at_switch
direct_multistage_exp3,25,26,4,"['stage1_n4__from__root__c04', 'stage2_n5__from__n0004__c05', 'stage3_n3__from__n0019__c01', 'stage4_n2__from__n0062__c01']",stage4_n2__from__n0062__c01,2,stage5_n2__from__n0176__c02,"['stage1_n4__from__root__c04', 'stage2_n5__from__n0004__c05', 'stage3_n3__from__n0019__c01', 'stage4_n2__from__n0062__c01', 'stage5_n2__from__n0176__c02']",0.5,2,stagewise_marginal_mixture,full_tree_child_marginal_at_switch
direct_multistage_exp3,25,26,4,"['stage1_n4__from__root__c04', 'stage2_n5__from__n0004__c05', 'stage3_n3__from__n0019__c01', 'stage4_n3__from__n0062__c02']",stage4_n3__from__n0062__c02,1,stage5_n1__from__n0177__c01,"['stage1_n4__from__root__c04', 'stage2_n5__from__n0004__c05', 'stage3_n3__from__n0019__c01', 'stage4_n3__from__n0062__c02', 'stage5_n1__from__n0177__c01']",1.2809073324770906e-07,4,stagewise_marginal_mixture,full_tree_child_marginal_at_switch
direct_multistage_exp3,25,26,4,"['stage1_n4__from__root__c04', 'stage2_n5__from__n0004__c05', 'stage3_n3__from__n0019__c01', 'stage4_n3__from__n0062__c02']",stage4_n3__from__n0062__c02,2,stage5_n2__from__n0177__c02,"['stage1_n4__from__root__c04', 'stage2_n5__from__n0004__c05', 'stage3_n3__from__n0019__c01', 'stage4_n3__from__n0062__c02', 'stage5_n2__from__n0177__c02']",0.33333329063642225,4,stagewise_marginal_mixture,full_tree_child_marginal_at_switch
direct_multistage_exp3,25,26,4,"['stage1_n4__from__root__c04', 'stage2_n5__from__n0004__c05', 'stage3_n3__from__n0019__c01', 'stage4_n3__from__n0062__c02']",stage4_n3__from__n0062__c02,3,stage5_n3__from__n0177__c03,"['stage1_n4__from__root__c04', 'stage2_n5__from__n0004__c05', 'stage3_n3__from__n0019__c01', 'stage4_n3__from__n0062__c02', 'stage5_n3__from__n0177__c03']",0.33333329063642225,4,stagewise_marginal_mixture,full_tree_child_marginal_at_switch
direct_multistage_exp3,25,26,4,"['stage1_n4__from__root__c04', 'stage2_n5__from__n0004__c05', 'stage3_n3__from__n0019__c01', 'stage4_n3__from__n0062__c02']",stage4_n3__from__n0062__c02,4,stage5_n4__from__n0177__c04,"['stage1_n4__from__root__c04', 'stage2_n5__from__n0004__c05', 'stage3_n3__from__n0019__c01', 'stage4_n3__from__n0062__c02', 'stage5_n4__from__n0177__c04']",0.33333329063642225,4,stagewise_marginal_mixture,full_tree_child_marginal_at_switch
direct_multistage_exp3,25,26,4,"['stage1_n4__from__root__c04', 'stage2_n5__from__n0004__c05', 'stage3_n4__from__n0019__c02', 'stage4_n2__from__n0063__c01']",stage4_n2__from__n0063__c01,1,stage5_n1__from__n0178__c01,"['stage1_n4__from__root__c04', 'stage2_n5__from__n0004__c05', 'stage3_n4__from__n0019__c02', 'stage4_n2__from__n0063__c01', 'stage5_n1__from__n0178__c01']",0.5,2,stagewise_marginal_mixture,full_tree_child_marginal_at_switch
direct_multistage_exp3,25,26,4,"['stage1_n4__from__root__c04', 'stage2_n5__from__n0004__c05', 'stage3_n4__from__n0019__c02', 'stage4_n2__from__n0063__c01']",stage4_n2__from__n0063__c01,2,stage5_n2__from__n0178__c02,"['stage1_n4__from__root__c04', 'stage2_n5__from__n0004__c05', 'stage3_n4__from__n0019__c02', 'stage4_n2__from__n0063__c01', 'stage5_n2__from__n0178__c02']",0.5,2,stagewise_marginal_mixture,full_tree_child_marginal_at_switch
direct_multistage_exp3,25,26,4,"['stage1_n4__from__root__c04', 'stage2_n5__from__n0004__c05', 'stage3_n4__from__n0019__c02', 'stage4_n3__from__n0063__c02']",stage4_n3__from__n0063__c02,1,stage5_n1__from__n0179__c01,"['stage1_n4__from__root__c04', 'stage2_n5__from__n0004__c05', 'stage3_n4__from__n0019__c02', 'stage4_n3__from__n0063__c02', 'stage5_n1__from__n0179__c01']",0.25,4,stagewise_marginal_mixture,full_tree_child_marginal_at_switch
direct_multistage_exp3,25,26,4,"['stage1_n4__from__root__c04', 'stage2_n5__from__n0004__c05', 'stage3_n4__from__n0019__c02', 'stage4_n3__from__n0063__c02']",stage4_n3__from__n0063__c02,2,stage5_n2__from__n0179__c02,"['stage1_n4__from__root__c04', 'stage2_n5__from__n0004__c05', 'stage3_n4__from__n0019__c02', 'stage4_n3__from__n0063__c02', 'stage5_n2__from__n0179__c02']",0.25,4,stagewise_marginal_mixture,full_tree_child_marginal_at_switch
direct_multistage_exp3,25,26,4,"['stage1_n4__from__root__c04', 'stage2_n5__from__n0004__c05', 'stage3_n4__from__n0019__c02', 'stage4_n3__from__n0063__c02']",stage4_n3__from__n0063__c02,3,stage5_n3__from__n0179__c03,"['stage1_n4__from__root__c04', 'stage2_n5__from__n0004__c05', 'stage3_n4__from__n0019__c02', 'stage4_n3__from__n0063__c02', 'stage5_n3__from__n0179__c03']",0.25,4,stagewise_marginal_mixture,full_tree_child_marginal_at_switch
direct_multistage_exp3,25,26,4,"['stage1_n4__from__root__c04', 'stage2_n5__from__n0004__c05', 'stage3_n4__from__n0019__c02', 'stage4_n3__from__n0063__c02']",stage4_n3__from__n0063__c02,4,stage5_n4__from__n0179__c04,"['stage1_n4__from__root__c04', 'stage2_n5__from__n0004__c05', 'stage3_n4__from__n0019__c02', 'stage4_n3__from__n0063__c02', 'stage5_n4__from__n0179__c04']",0.25,4,stagewise_marginal_mixture,full_tree_child_marginal_at_switch
direct_multistage_exp3,25,26,4,"['stage1_n4__from__root__c04', 'stage2_n5__from__n0004__c05', 'stage3_n4__from__n0019__c02', 'stage4_n4__from__n0063__c03']",stage4_n4__from__n0063__c03,1,stage5_n1__from__n0180__c01,"['stage1_n4__from__root__c04', 'stage2_n5__from__n0004__c05', 'stage3_n4__from__n0019__c02', 'stage4_n4__from__n0063__c03', 'stage5_n1__from__n0180__c01']",0.25,4,stagewise_marginal_mixture,full_tree_child_marginal_at_switch
direct_multistage_exp3,25,26,4,"['stage1_n4__from__root__c04', 'stage2_n5__from__n0004__c05', 'stage3_n4__from__n0019__c02', 'stage4_n4__from__n0063__c03']",stage4_n4__from__n0063__c03,2,stage5_n3__from__n0180__c02,"['stage1_n4__from__root__c04', 'stage2_n5__from__n0004__c05', 'stage3_n4__from__n0019__c02', 'stage4_n4__from__n0063__c03', 'stage5_n3__from__n0180__c02']",0.25,4,stagewise_marginal_mixture,full_tree_child_marginal_at_switch
direct_multistage_exp3,25,26,4,"['stage1_n4__from__root__c04', 'stage2_n5__from__n0004__c05', 'stage3_n4__from__n0019__c02', 'stage4_n4__from__n0063__c03']",stage4_n4__from__n0063__c03,3,stage5_n4__from__n0180__c03,"['stage1_n4__from__root__c04', 'stage2_n5__from__n0004__c05', 'stage3_n4__from__n0019__c02', 'stage4_n4__from__n0063__c03', 'stage5_n4__from__n0180__c03']",0.25,4,stagewise_marginal_mixture,full_tree_child_marginal_at_switch
direct_multistage_exp3,25,26,4,"['stage1_n4__from__root__c04', 'stage2_n5__from__n0004__c05', 'stage3_n4__from__n0019__c02', 'stage4_n4__from__n0063__c03']",stage4_n4__from__n0063__c03,4,stage5_n5__from__n0180__c04,"['stage1_n4__from__root__c04', 'stage2_n5__from__n0004__c05', 'stage3_n4__from__n0019__c02', 'stage4_n4__from__n0063__c03', 'stage5_n5__from__n0180__c04']",0.25,4,stagewise_marginal_mixture,full_tree_child_marginal_at_switch
direct_multistage_exp3,25,26,4,"['stage1_n4__from__root__c04', 'stage2_n5__from__n0004__c05', 'stage3_n4__from__n0019__c02', 'stage4_n5__from__n0063__c04']",stage4_n5__from__n0063__c04,1,stage5_n2__from__n0181__c01,"['stage1_n4__from__root__c04', 'stage2_n5__from__n0004__c05', 'stage3_n4__from__n0019__c02', 'stage4_n5__from__n0063__c04', 'stage5_n2__from__n0181__c01']",0.3333333333333333,3,stagewise_marginal_mixture,full_tree_child_marginal_at_switch
direct_multistage_exp3,25,26,4,"['stage1_n4__from__root__c04', 'stage2_n5__from__n0004__c05', 'stage3_n4__from__n0019__c02', 'stage4_n5__from__n0063__c04']",stage4_n5__from__n0063__c04,2,stage5_n4__from__n0181__c02,"['stage1_n4__from__root__c04', 'stage2_n5__from__n0004__c05', 'stage3_n4__from__n0019__c02', 'stage4_n5__from__n0063__c04', 'stage5_n4__from__n0181__c02']",0.3333333333333333,3,stagewise_marginal_mixture,full_tree_child_marginal_at_switch
direct_multistage_exp3,25,26,4,"['stage1_n4__from__root__c04', 'stage2_n5__from__n0004__c05', 'stage3_n4__from__n0019__c02', 'stage4_n5__from__n0063__c04']",stage4_n5__from__n0063__c04,3,stage5_n5__from__n0181__c03,"['stage1_n4__from__root__c04', 'stage2_n5__from__n0004__c05', 'stage3_n4__from__n0019__c02', 'stage4_n5__from__n0063__c04', 'stage5_n5__from__n0181__c03']",0.3333333333333333,3,stagewise_marginal_mixture,full_tree_child_marginal_at_switch
direct_multistage_exp3,25,26,4,"['stage1_n4__from__root__c04', 'stage2_n5__from__n0004__c05', 'stage3_n5__from__n0019__c03', 'stage4_n2__from__n0064__c01']",stage4_n2__from__n0064__c01,1,stage5_n1__from__n0182__c01,"['stage1_n4__from__root__c04', 'stage2_n5__from__n0004__c05', 'stage3_n5__from__n0019__c03', 'stage4_n2__from__n0064__c01', 'stage5_n1__from__n0182__c01']",0.5,2,stagewise_marginal_mixture,full_tree_child_marginal_at_switch
direct_multistage_exp3,25,26,4,"['stage1_n4__from__root__c04', 'stage2_n5__from__n0004__c05', 'stage3_n5__from__n0019__c03', 'stage4_n2__from__n0064__c01']",stage4_n2__from__n0064__c01,2,stage5_n2__from__n0182__c02,"['stage1_n4__from__root__c04', 'stage2_n5__from__n0004__c05', 'stage3_n5__from__n0019__c03', 'stage4_n2__from__n0064__c01', 'stage5_n2__from__n0182__c02']",0.5,2,stagewise_marginal_mixture,full_tree_child_marginal_at_switch
direct_multistage_exp3,25,26,4,"['stage1_n4__from__root__c04', 'stage2_n5__from__n0004__c05', 'stage3_n5__from__n0019__c03', 'stage4_n3__from__n0064__c02']",stage4_n3__from__n0064__c02,1,stage5_n1__from__n0183__c01,"['stage1_n4__from__root__c04', 'stage2_n5__from__n0004__c05', 'stage3_n5__from__n0019__c03', 'stage4_n3__from__n0064__c02', 'stage5_n1__from__n0183__c01']",0.25,4,stagewise_marginal_mixture,full_tree_child_marginal_at_switch
direct_multistage_exp3,25,26,4,"['stage1_n4__from__root__c04', 'stage2_n5__from__n0004__c05', 'stage3_n5__from__n0019__c03', 'stage4_n3__from__n0064__c02']",stage4_n3__from__n0064__c02,2,stage5_n2__from__n0183__c02,"['stage1_n4__from__root__c04', 'stage2_n5__from__n0004__c05', 'stage3_n5__from__n0019__c03', 'stage4_n3__from__n0064__c02', 'stage5_n2__from__n0183__c02']",0.25,4,stagewise_marginal_mixture,full_tree_child_marginal_at_switch
direct_multistage_exp3,25,26,4,"['stage1_n4__from__root__c04', 'stage2_n5__from__n0004__c05', 'stage3_n5__from__n0019__c03', 'stage4_n3__from__n0064__c02']",stage4_n3__from__n0064__c02,3,stage5_n3__from__n0183__c03,"['stage1_n4__from__root__c04', 'stage2_n5__from__n0004__c05', 'stage3_n5__from__n0019__c03', 'stage4_n3__from__n0064__c02', 'stage5_n3__from__n0183__c03']",0.25,4,stagewise_marginal_mixture,full_tree_child_marginal_at_switch
direct_multistage_exp3,25,26,4,"['stage1_n4__from__root__c04', 'stage2_n5__from__n0004__c05', 'stage3_n5__from__n0019__c03', 'stage4_n3__from__n0064__c02']",stage4_n3__from__n0064__c02,4,stage5_n4__from__n0183__c04,"['stage1_n4__from__root__c04', 'stage2_n5__from__n0004__c05', 'stage3_n5__from__n0019__c03', 'stage4_n3__from__n0064__c02', 'stage5_n4__from__n0183__c04']",0.25,4,stagewise_marginal_mixture,full_tree_child_marginal_at_switch
direct_multistage_exp3,25,26,4,"['stage1_n4__from__root__c04', 'stage2_n5__from__n0004__c05', 'stage3_n5__from__n0019__c03', 'stage4_n4__from__n0064__c03']",stage4_n4__from__n0064__c03,1,stage5_n1__from__n0184__c01,"['stage1_n4__from__root__c04', 'stage2_n5__from__n0004__c05', 'stage3_n5__from__n0019__c03', 'stage4_n4__from__n0064__c03', 'stage5_n1__from__n0184__c01']",0.25,4,stagewise_marginal_mixture,full_tree_child_marginal_at_switch
direct_multistage_exp3,25,26,4,"['stage1_n4__from__root__c04', 'stage2_n5__from__n0004__c05', 'stage3_n5__from__n0019__c03', 'stage4_n4__from__n0064__c03']",stage4_n4__from__n0064__c03,2,stage5_n3__from__n0184__c02,"['stage1_n4__from__root__c04', 'stage2_n5__from__n0004__c05', 'stage3_n5__from__n0019__c03', 'stage4_n4__from__n0064__c03', 'stage5_n3__from__n0184__c02']",0.25,4,stagewise_marginal_mixture,full_tree_child_marginal_at_switch
direct_multistage_exp3,25,26,4,"['stage1_n4__from__root__c04', 'stage2_n5__from__n0004__c05', 'stage3_n5__from__n0019__c03', 'stage4_n4__from__n0064__c03']",stage4_n4__from__n0064__c03,3,stage5_n4__from__n0184__c03,"['stage1_n4__from__root__c04', 'stage2_n5__from__n0004__c05', 'stage3_n5__from__n0019__c03', 'stage4_n4__from__n0064__c03', 'stage5_n4__from__n0184__c03']",0.25,4,stagewise_marginal_mixture,full_tree_child_marginal_at_switch
direct_multistage_exp3,25,26,4,"['stage1_n4__from__root__c04', 'stage2_n5__from__n0004__c05', 'stage3_n5__from__n0019__c03', 'stage4_n4__from__n0064__c03']",stage4_n4__from__n0064__c03,4,stage5_n5__from__n0184__c04,"['stage1_n4__from__root__c04', 'stage2_n5__from__n0004__c05', 'stage3_n5__from__n0019__c03', 'stage4_n4__from__n0064__c03', 'stage5_n5__from__n0184__c04']",0.25,4,stagewise_marginal_mixture,full_tree_child_marginal_at_switch
direct_multistage_exp3,25,26,4,"['stage1_n4__from__root__c04', 'stage2_n5__from__n0004__c05', 'stage3_n5__from__n0019__c03', 'stage4_n5__from__n0064__c04']",stage4_n5__from__n0064__c04,1,stage5_n2__from__n0185__c01,"['stage1_n4__from__root__c04', 'stage2_n5__from__n0004__c05', 'stage3_n5__from__n0019__c03', 'stage4_n5__from__n0064__c04', 'stage5_n2__from__n0185__c01']",0.3333333333333333,3,stagewise_marginal_mixture,full_tree_child_marginal_at_switch
direct_multistage_exp3,25,26,4,"['stage1_n4__from__root__c04', 'stage2_n5__from__n0004__c05', 'stage3_n5__from__n0019__c03', 'stage4_n5__from__n0064__c04']",stage4_n5__from__n0064__c04,2,stage5_n4__from__n0185__c02,"['stage1_n4__from__root__c04', 'stage2_n5__from__n0004__c05', 'stage3_n5__from__n0019__c03', 'stage4_n5__from__n0064__c04', 'stage5_n4__from__n0185__c02']",0.3333333333333333,3,stagewise_marginal_mixture,full_tree_child_marginal_at_switch
direct_multistage_exp3,25,26,4,"['stage1_n4__from__root__c04', 'stage2_n5__from__n0004__c05', 'stage3_n5__from__n0019__c03', 'stage4_n5__from__n0064__c04']",stage4_n5__from__n0064__c04,3,stage5_n5__from__n0185__c03,"['stage1_n4__from__root__c04', 'stage2_n5__from__n0004__c05', 'stage3_n5__from__n0019__c03', 'stage4_n5__from__n0064__c04', 'stage5_n5__from__n0185__c03']",0.3333333333333333,3,stagewise_marginal_mixture,full_tree_child_marginal_at_switch
direct_multistage_exp3,25,26,4,"['stage1_n5__from__root__c05', 'stage2_n3__from__n0005__c01', 'stage3_n3__from__n0020__c01', 'stage4_n2__from__n0065__c01']",stage4_n2__from__n0065__c01,1,stage5_n1__from__n0186__c01,"['stage1_n5__from__root__c05', 'stage2_n3__from__n0005__c01', 'stage3_n3__from__n0020__c01', 'stage4_n2__from__n0065__c01', 'stage5_n1__from__n0186__c01']",0.5,2,stagewise_marginal_mixture,full_tree_child_marginal_at_switch
direct_multistage_exp3,25,26,4,"['stage1_n5__from__root__c05', 'stage2_n3__from__n0005__c01', 'stage3_n3__from__n0020__c01', 'stage4_n2__from__n0065__c01']",stage4_n2__from__n0065__c01,2,stage5_n2__from__n0186__c02,"['stage1_n5__from__root__c05', 'stage2_n3__from__n0005__c01', 'stage3_n3__from__n0020__c01', 'stage4_n2__from__n0065__c01', 'stage5_n2__from__n0186__c02']",0.5,2,stagewise_marginal_mixture,full_tree_child_marginal_at_switch
direct_multistage_exp3,25,26,4,"['stage1_n5__from__root__c05', 'stage2_n3__from__n0005__c01', 'stage3_n3__from__n0020__c01', 'stage4_n3__from__n0065__c02']",stage4_n3__from__n0065__c02,1,stage5_n1__from__n0187__c01,"['stage1_n5__from__root__c05', 'stage2_n3__from__n0005__c01', 'stage3_n3__from__n0020__c01', 'stage4_n3__from__n0065__c02', 'stage5_n1__from__n0187__c01']",0.25,4,stagewise_marginal_mixture,full_tree_child_marginal_at_switch
direct_multistage_exp3,25,26,4,"['stage1_n5__from__root__c05', 'stage2_n3__from__n0005__c01', 'stage3_n3__from__n0020__c01', 'stage4_n3__from__n0065__c02']",stage4_n3__from__n0065__c02,2,stage5_n2__from__n0187__c02,"['stage1_n5__from__root__c05', 'stage2_n3__from__n0005__c01', 'stage3_n3__from__n0020__c01', 'stage4_n3__from__n0065__c02', 'stage5_n2__from__n0187__c02']",0.25,4,stagewise_marginal_mixture,full_tree_child_marginal_at_switch
direct_multistage_exp3,25,26,4,"['stage1_n5__from__root__c05', 'stage2_n3__from__n0005__c01', 'stage3_n3__from__n0020__c01', 'stage4_n3__from__n0065__c02']",stage4_n3__from__n0065__c02,3,stage5_n3__from__n0187__c03,"['stage1_n5__from__root__c05', 'stage2_n3__from__n0005__c01', 'stage3_n3__from__n0020__c01', 'stage4_n3__from__n0065__c02', 'stage5_n3__from__n0187__c03']",0.25,4,stagewise_marginal_mixture,full_tree_child_marginal_at_switch
direct_multistage_exp3,25,26,4,"['stage1_n5__from__root__c05', 'stage2_n3__from__n0005__c01', 'stage3_n3__from__n0020__c01', 'stage4_n3__from__n0065__c02']",stage4_n3__from__n0065__c02,4,stage5_n4__from__n0187__c04,"['stage1_n5__from__root__c05', 'stage2_n3__from__n0005__c01', 'stage3_n3__from__n0020__c01', 'stage4_n3__from__n0065__c02', 'stage5_n4__from__n0187__c04']",0.25,4,stagewise_marginal_mixture,full_tree_child_marginal_at_switch
direct_multistage_exp3,25,26,4,"['stage1_n5__from__root__c05', 'stage2_n3__from__n0005__c01', 'stage3_n4__from__n0020__c02', 'stage4_n2__from__n0066__c01']",stage4_n2__from__n0066__c01,1,stage5_n1__from__n0188__c01,"['stage1_n5__from__root__c05', 'stage2_n3__from__n0005__c01', 'stage3_n4__from__n0020__c02', 'stage4_n2__from__n0066__c01', 'stage5_n1__from__n0188__c01']",0.9999977469315933,2,stagewise_marginal_mixture,full_tree_child_marginal_at_switch
direct_multistage_exp3,25,26,4,"['stage1_n5__from__root__c05', 'stage2_n3__from__n0005__c01', 'stage3_n4__from__n0020__c02', 'stage4_n2__from__n0066__c01']",stage4_n2__from__n0066__c01,2,stage5_n2__from__n0188__c02,"['stage1_n5__from__root__c05', 'stage2_n3__from__n0005__c01', 'stage3_n4__from__n0020__c02', 'stage4_n2__from__n0066__c01', 'stage5_n2__from__n0188__c02']",2.253068406687992e-06,2,stagewise_marginal_mixture,full_tree_child_marginal_at_switch
direct_multistage_exp3,25,26,4,"['stage1_n5__from__root__c05', 'stage2_n3__from__n0005__c01', 'stage3_n4__from__n0020__c02', 'stage4_n3__from__n0066__c02']",stage4_n3__from__n0066__c02,1,stage5_n1__from__n0189__c01,"['stage1_n5__from__root__c05', 'stage2_n3__from__n0005__c01', 'stage3_n4__from__n0020__c02', 'stage4_n3__from__n0066__c02', 'stage5_n1__from__n0189__c01']",0.25,4,stagewise_marginal_mixture,full_tree_child_marginal_at_switch
direct_multistage_exp3,25,26,4,"['stage1_n5__from__root__c05', 'stage2_n3__from__n0005__c01', 'stage3_n4__from__n0020__c02', 'stage4_n3__from__n0066__c02']",stage4_n3__from__n0066__c02,2,stage5_n2__from__n0189__c02,"['stage1_n5__from__root__c05', 'stage2_n3__from__n0005__c01', 'stage3_n4__from__n0020__c02', 'stage4_n3__from__n0066__c02', 'stage5_n2__from__n0189__c02']",0.25,4,stagewise_marginal_mixture,full_tree_child_marginal_at_switch
direct_multistage_exp3,25,26,4,"['stage1_n5__from__root__c05', 'stage2_n3__from__n0005__c01', 'stage3_n4__from__n0020__c02', 'stage4_n3__from__n0066__c02']",stage4_n3__from__n0066__c02,3,stage5_n3__from__n0189__c03,"['stage1_n5__from__root__c05', 'stage2_n3__from__n0005__c01', 'stage3_n4__from__n0020__c02', 'stage4_n3__from__n0066__c02', 'stage5_n3__from__n0189__c03']",0.25,4,stagewise_marginal_mixture,full_tree_child_marginal_at_switch
direct_multistage_exp3,25,26,4,"['stage1_n5__from__root__c05', 'stage2_n3__from__n0005__c01', 'stage3_n4__from__n0020__c02', 'stage4_n3__from__n0066__c02']",stage4_n3__from__n0066__c02,4,stage5_n4__from__n0189__c04,"['stage1_n5__from__root__c05', 'stage2_n3__from__n0005__c01', 'stage3_n4__from__n0020__c02', 'stage4_n3__from__n0066__c02', 'stage5_n4__from__n0189__c04']",0.25,4,stagewise_marginal_mixture,full_tree_child_marginal_at_switch
direct_multistage_exp3,25,26,4,"['stage1_n5__from__root__c05', 'stage2_n3__from__n0005__c01', 'stage3_n4__from__n0020__c02', 'stage4_n4__from__n0066__c03']",stage4_n4__from__n0066__c03,1,stage5_n1__from__n0190__c01,"['stage1_n5__from__root__c05', 'stage2_n3__from__n0005__c01', 'stage3_n4__from__n0020__c02', 'stage4_n4__from__n0066__c03', 'stage5_n1__from__n0190__c01']",0.25,4,stagewise_marginal_mixture,full_tree_child_marginal_at_switch
direct_multistage_exp3,25,26,4,"['stage1_n5__from__root__c05', 'stage2_n3__from__n0005__c01', 'stage3_n4__from__n0020__c02', 'stage4_n4__from__n0066__c03']",stage4_n4__from__n0066__c03,2,stage5_n3__from__n0190__c02,"['stage1_n5__from__root__c05', 'stage2_n3__from__n0005__c01', 'stage3_n4__from__n0020__c02', 'stage4_n4__from__n0066__c03', 'stage5_n3__from__n0190__c02']",0.25,4,stagewise_marginal_mixture,full_tree_child_marginal_at_switch
direct_multistage_exp3,25,26,4,"['stage1_n5__from__root__c05', 'stage2_n3__from__n0005__c01', 'stage3_n4__from__n0020__c02', 'stage4_n4__from__n0066__c03']",stage4_n4__from__n0066__c03,3,stage5_n4__from__n0190__c03,"['stage1_n5__from__root__c05', 'stage2_n3__from__n0005__c01', 'stage3_n4__from__n0020__c02', 'stage4_n4__from__n0066__c03', 'stage5_n4__from__n0190__c03']",0.25,4,stagewise_marginal_mixture,full_tree_child_marginal_at_switch
direct_multistage_exp3,25,26,4,"['stage1_n5__from__root__c05', 'stage2_n3__from__n0005__c01', 'stage3_n4__from__n0020__c02', 'stage4_n4__from__n0066__c03']",stage4_n4__from__n0066__c03,4,stage5_n5__from__n0190__c04,"['stage1_n5__from__root__c05', 'stage2_n3__from__n0005__c01', 'stage3_n4__from__n0020__c02', 'stage4_n4__from__n0066__c03', 'stage5_n5__from__n0190__c04']",0.25,4,stagewise_marginal_mixture,full_tree_child_marginal_at_switch
direct_multistage_exp3,25,26,4,"['stage1_n5__from__root__c05', 'stage2_n3__from__n0005__c01', 'stage3_n4__from__n0020__c02', 'stage4_n5__from__n0066__c04']",stage4_n5__from__n0066__c04,1,stage5_n2__from__n0191__c01,"['stage1_n5__from__root__c05', 'stage2_n3__from__n0005__c01', 'stage3_n4__from__n0020__c02', 'stage4_n5__from__n0066__c04', 'stage5_n2__from__n0191__c01']",0.3333333333333333,3,stagewise_marginal_mixture,full_tree_child_marginal_at_switch
direct_multistage_exp3,25,26,4,"['stage1_n5__from__root__c05', 'stage2_n3__from__n0005__c01', 'stage3_n4__from__n0020__c02', 'stage4_n5__from__n0066__c04']",stage4_n5__from__n0066__c04,2,stage5_n4__from__n0191__c02,"['stage1_n5__from__root__c05', 'stage2_n3__from__n0005__c01', 'stage3_n4__from__n0020__c02', 'stage4_n5__from__n0066__c04', 'stage5_n4__from__n0191__c02']",0.3333333333333333,3,stagewise_marginal_mixture,full_tree_child_marginal_at_switch
direct_multistage_exp3,25,26,4,"['stage1_n5__from__root__c05', 'stage2_n3__from__n0005__c01', 'stage3_n4__from__n0020__c02', 'stage4_n5__from__n0066__c04']",stage4_n5__from__n0066__c04,3,stage5_n5__from__n0191__c03,"['stage1_n5__from__root__c05', 'stage2_n3__from__n0005__c01', 'stage3_n4__from__n0020__c02', 'stage4_n5__from__n0066__c04', 'stage5_n5__from__n0191__c03']",0.3333333333333333,3,stagewise_marginal_mixture,full_tree_child_marginal_at_switch
direct_multistage_exp3,25,26,4,"['stage1_n5__from__root__c05', 'stage2_n3__from__n0005__c01', 'stage3_n5__from__n0020__c03', 'stage4_n2__from__n0067__c01']",stage4_n2__from__n0067__c01,1,stage5_n1__from__n0192__c01,"['stage1_n5__from__root__c05', 'stage2_n3__from__n0005__c01', 'stage3_n5__from__n0020__c03', 'stage4_n2__from__n0067__c01', 'stage5_n1__from__n0192__c01']",0.5,2,stagewise_marginal_mixture,full_tree_child_marginal_at_switch
direct_multistage_exp3,25,26,4,"['stage1_n5__from__root__c05', 'stage2_n3__from__n0005__c01', 'stage3_n5__from__n0020__c03', 'stage4_n2__from__n0067__c01']",stage4_n2__from__n0067__c01,2,stage5_n2__from__n0192__c02,"['stage1_n5__from__root__c05', 'stage2_n3__from__n0005__c01', 'stage3_n5__from__n0020__c03', 'stage4_n2__from__n0067__c01', 'stage5_n2__from__n0192__c02']",0.5,2,stagewise_marginal_mixture,full_tree_child_marginal_at_switch
direct_multistage_exp3,25,26,4,"['stage1_n5__from__root__c05', 'stage2_n3__from__n0005__c01', 'stage3_n5__from__n0020__c03', 'stage4_n3__from__n0067__c02']",stage4_n3__from__n0067__c02,1,stage5_n1__from__n0193__c01,"['stage1_n5__from__root__c05', 'stage2_n3__from__n0005__c01', 'stage3_n5__from__n0020__c03', 'stage4_n3__from__n0067__c02', 'stage5_n1__from__n0193__c01']",0.25,4,stagewise_marginal_mixture,full_tree_child_marginal_at_switch
direct_multistage_exp3,25,26,4,"['stage1_n5__from__root__c05', 'stage2_n3__from__n0005__c01', 'stage3_n5__from__n0020__c03', 'stage4_n3__from__n0067__c02']",stage4_n3__from__n0067__c02,2,stage5_n2__from__n0193__c02,"['stage1_n5__from__root__c05', 'stage2_n3__from__n0005__c01', 'stage3_n5__from__n0020__c03', 'stage4_n3__from__n0067__c02', 'stage5_n2__from__n0193__c02']",0.25,4,stagewise_marginal_mixture,full_tree_child_marginal_at_switch
direct_multistage_exp3,25,26,4,"['stage1_n5__from__root__c05', 'stage2_n3__from__n0005__c01', 'stage3_n5__from__n0020__c03', 'stage4_n3__from__n0067__c02']",stage4_n3__from__n0067__c02,3,stage5_n3__from__n0193__c03,"['stage1_n5__from__root__c05', 'stage2_n3__from__n0005__c01', 'stage3_n5__from__n0020__c03', 'stage4_n3__from__n0067__c02', 'stage5_n3__from__n0193__c03']",0.25,4,stagewise_marginal_mixture,full_tree_child_marginal_at_switch
direct_multistage_exp3,25,26,4,"['stage1_n5__from__root__c05', 'stage2_n3__from__n0005__c01', 'stage3_n5__from__n0020__c03', 'stage4_n3__from__n0067__c02']",stage4_n3__from__n0067__c02,4,stage5_n4__from__n0193__c04,"['stage1_n5__from__root__c05', 'stage2_n3__from__n0005__c01', 'stage3_n5__from__n0020__c03', 'stage4_n3__from__n0067__c02', 'stage5_n4__from__n0193__c04']",0.25,4,stagewise_marginal_mixture,full_tree_child_marginal_at_switch
direct_multistage_exp3,25,26,4,"['stage1_n5__from__root__c05', 'stage2_n3__from__n0005__c01', 'stage3_n5__from__n0020__c03', 'stage4_n4__from__n0067__c03']",stage4_n4__from__n0067__c03,1,stage5_n1__from__n0194__c01,"['stage1_n5__from__root__c05', 'stage2_n3__from__n0005__c01', 'stage3_n5__from__n0020__c03', 'stage4_n4__from__n0067__c03', 'stage5_n1__from__n0194__c01']",0.33333333053040576,4,stagewise_marginal_mixture,full_tree_child_marginal_at_switch
direct_multistage_exp3,25,26,4,"['stage1_n5__from__root__c05', 'stage2_n3__from__n0005__c01', 'stage3_n5__from__n0020__c03', 'stage4_n4__from__n0067__c03']",stage4_n4__from__n0067__c03,2,stage5_n3__from__n0194__c02,"['stage1_n5__from__root__c05', 'stage2_n3__from__n0005__c01', 'stage3_n5__from__n0020__c03', 'stage4_n4__from__n0067__c03', 'stage5_n3__from__n0194__c02']",0.33333333053040576,4,stagewise_marginal_mixture,full_tree_child_marginal_at_switch
direct_multistage_exp3,25,26,4,"['stage1_n5__from__root__c05', 'stage2_n3__from__n0005__c01', 'stage3_n5__from__n0020__c03', 'stage4_n4__from__n0067__c03']",stage4_n4__from__n0067__c03,3,stage5_n4__from__n0194__c03,"['stage1_n5__from__root__c05', 'stage2_n3__from__n0005__c01', 'stage3_n5__from__n0020__c03', 'stage4_n4__from__n0067__c03', 'stage5_n4__from__n0194__c03']",8.408782833753452e-09,4,stagewise_marginal_mixture,full_tree_child_marginal_at_switch
direct_multistage_exp3,25,26,4,"['stage1_n5__from__root__c05', 'stage2_n3__from__n0005__c01', 'stage3_n5__from__n0020__c03', 'stage4_n4__from__n0067__c03']",stage4_n4__from__n0067__c03,4,stage5_n5__from__n0194__c04,"['stage1_n5__from__root__c05', 'stage2_n3__from__n0005__c01', 'stage3_n5__from__n0020__c03', 'stage4_n4__from__n0067__c03', 'stage5_n5__from__n0194__c04']",0.33333333053040576,4,stagewise_marginal_mixture,full_tree_child_marginal_at_switch
direct_multistage_exp3,25,26,4,"['stage1_n5__from__root__c05', 'stage2_n3__from__n0005__c01', 'stage3_n5__from__n0020__c03', 'stage4_n5__from__n0067__c04']",stage4_n5__from__n0067__c04,1,stage5_n2__from__n0195__c01,"['stage1_n5__from__root__c05', 'stage2_n3__from__n0005__c01', 'stage3_n5__from__n0020__c03', 'stage4_n5__from__n0067__c04', 'stage5_n2__from__n0195__c01']",0.3333333333333333,3,stagewise_marginal_mixture,full_tree_child_marginal_at_switch
direct_multistage_exp3,25,26,4,"['stage1_n5__from__root__c05', 'stage2_n3__from__n0005__c01', 'stage3_n5__from__n0020__c03', 'stage4_n5__from__n0067__c04']",stage4_n5__from__n0067__c04,2,stage5_n4__from__n0195__c02,"['stage1_n5__from__root__c05', 'stage2_n3__from__n0005__c01', 'stage3_n5__from__n0020__c03', 'stage4_n5__from__n0067__c04', 'stage5_n4__from__n0195__c02']",0.3333333333333333,3,stagewise_marginal_mixture,full_tree_child_marginal_at_switch
direct_multistage_exp3,25,26,4,"['stage1_n5__from__root__c05', 'stage2_n3__from__n0005__c01', 'stage3_n5__from__n0020__c03', 'stage4_n5__from__n0067__c04']",stage4_n5__from__n0067__c04,3,stage5_n5__from__n0195__c03,"['stage1_n5__from__root__c05', 'stage2_n3__from__n0005__c01', 'stage3_n5__from__n0020__c03', 'stage4_n5__from__n0067__c04', 'stage5_n5__from__n0195__c03']",0.3333333333333333,3,stagewise_marginal_mixture,full_tree_child_marginal_at_switch
direct_multistage_exp3,25,26,4,"['stage1_n5__from__root__c05', 'stage2_n4__from__n0005__c02', 'stage3_n3__from__n0021__c01', 'stage4_n2__from__n0068__c01']",stage4_n2__from__n0068__c01,1,stage5_n1__from__n0196__c01,"['stage1_n5__from__root__c05', 'stage2_n4__from__n0005__c02', 'stage3_n3__from__n0021__c01', 'stage4_n2__from__n0068__c01', 'stage5_n1__from__n0196__c01']",4.9159541390016336e-24,2,stagewise_marginal_mixture,full_tree_child_marginal_at_switch
direct_multistage_exp3,25,26,4,"['stage1_n5__from__root__c05', 'stage2_n4__from__n0005__c02', 'stage3_n3__from__n0021__c01', 'stage4_n2__from__n0068__c01']",stage4_n2__from__n0068__c01,2,stage5_n2__from__n0196__c02,"['stage1_n5__from__root__c05', 'stage2_n4__from__n0005__c02', 'stage3_n3__from__n0021__c01', 'stage4_n2__from__n0068__c01', 'stage5_n2__from__n0196__c02']",1.0,2,stagewise_marginal_mixture,full_tree_child_marginal_at_switch
direct_multistage_exp3,25,26,4,"['stage1_n5__from__root__c05', 'stage2_n4__from__n0005__c02', 'stage3_n3__from__n0021__c01', 'stage4_n3__from__n0068__c02']",stage4_n3__from__n0068__c02,1,stage5_n1__from__n0197__c01,"['stage1_n5__from__root__c05', 'stage2_n4__from__n0005__c02', 'stage3_n3__from__n0021__c01', 'stage4_n3__from__n0068__c02', 'stage5_n1__from__n0197__c01']",0.33333330971471453,4,stagewise_marginal_mixture,full_tree_child_marginal_at_switch
direct_multistage_exp3,25,26,4,"['stage1_n5__from__root__c05', 'stage2_n4__from__n0005__c02', 'stage3_n3__from__n0021__c01', 'stage4_n3__from__n0068__c02']",stage4_n3__from__n0068__c02,2,stage5_n2__from__n0197__c02,"['stage1_n5__from__root__c05', 'stage2_n4__from__n0005__c02', 'stage3_n3__from__n0021__c01', 'stage4_n3__from__n0068__c02', 'stage5_n2__from__n0197__c02']",0.33333330971471453,4,stagewise_marginal_mixture,full_tree_child_marginal_at_switch
direct_multistage_exp3,25,26,4,"['stage1_n5__from__root__c05', 'stage2_n4__from__n0005__c02', 'stage3_n3__from__n0021__c01', 'stage4_n3__from__n0068__c02']",stage4_n3__from__n0068__c02,3,stage5_n3__from__n0197__c03,"['stage1_n5__from__root__c05', 'stage2_n4__from__n0005__c02', 'stage3_n3__from__n0021__c01', 'stage4_n3__from__n0068__c02', 'stage5_n3__from__n0197__c03']",7.085585634922897e-08,4,stagewise_marginal_mixture,full_tree_child_marginal_at_switch
direct_multistage_exp3,25,26,4,"['stage1_n5__from__root__c05', 'stage2_n4__from__n0005__c02', 'stage3_n3__from__n0021__c01', 'stage4_n3__from__n0068__c02']",stage4_n3__from__n0068__c02,4,stage5_n4__from__n0197__c04,"['stage1_n5__from__root__c05', 'stage2_n4__from__n0005__c02', 'stage3_n3__from__n0021__c01', 'stage4_n3__from__n0068__c02', 'stage5_n4__from__n0197__c04']",0.33333330971471453,4,stagewise_marginal_mixture,full_tree_child_marginal_at_switch
direct_multistage_exp3,25,26,4,"['stage1_n5__from__root__c05', 'stage2_n4__from__n0005__c02', 'stage3_n4__from__n0021__c02', 'stage4_n2__from__n0069__c01']",stage4_n2__from__n0069__c01,1,stage5_n1__from__n0198__c01,"['stage1_n5__from__root__c05', 'stage2_n4__from__n0005__c02', 'stage3_n4__from__n0021__c02', 'stage4_n2__from__n0069__c01', 'stage5_n1__from__n0198__c01']",0.5,2,stagewise_marginal_mixture,full_tree_child_marginal_at_switch
direct_multistage_exp3,25,26,4,"['stage1_n5__from__root__c05', 'stage2_n4__from__n0005__c02', 'stage3_n4__from__n0021__c02', 'stage4_n2__from__n0069__c01']",stage4_n2__from__n0069__c01,2,stage5_n2__from__n0198__c02,"['stage1_n5__from__root__c05', 'stage2_n4__from__n0005__c02', 'stage3_n4__from__n0021__c02', 'stage4_n2__from__n0069__c01', 'stage5_n2__from__n0198__c02']",0.5,2,stagewise_marginal_mixture,full_tree_child_marginal_at_switch
direct_multistage_exp3,25,26,4,"['stage1_n5__from__root__c05', 'stage2_n4__from__n0005__c02', 'stage3_n4__from__n0021__c02', 'stage4_n3__from__n0069__c02']",stage4_n3__from__n0069__c02,1,stage5_n1__from__n0199__c01,"['stage1_n5__from__root__c05', 'stage2_n4__from__n0005__c02', 'stage3_n4__from__n0021__c02', 'stage4_n3__from__n0069__c02', 'stage5_n1__from__n0199__c01']",0.25,4,stagewise_marginal_mixture,full_tree_child_marginal_at_switch
direct_multistage_exp3,25,26,4,"['stage1_n5__from__root__c05', 'stage2_n4__from__n0005__c02', 'stage3_n4__from__n0021__c02', 'stage4_n3__from__n0069__c02']",stage4_n3__from__n0069__c02,2,stage5_n2__from__n0199__c02,"['stage1_n5__from__root__c05', 'stage2_n4__from__n0005__c02', 'stage3_n4__from__n0021__c02', 'stage4_n3__from__n0069__c02', 'stage5_n2__from__n0199__c02']",0.25,4,stagewise_marginal_mixture,full_tree_child_marginal_at_switch
direct_multistage_exp3,25,26,4,"['stage1_n5__from__root__c05', 'stage2_n4__from__n0005__c02', 'stage3_n4__from__n0021__c02', 'stage4_n3__from__n0069__c02']",stage4_n3__from__n0069__c02,3,stage5_n3__from__n0199__c03,"['stage1_n5__from__root__c05', 'stage2_n4__from__n0005__c02', 'stage3_n4__from__n0021__c02', 'stage4_n3__from__n0069__c02', 'stage5_n3__from__n0199__c03']",0.25,4,stagewise_marginal_mixture,full_tree_child_marginal_at_switch
direct_multistage_exp3,25,26,4,"['stage1_n5__from__root__c05', 'stage2_n4__from__n0005__c02', 'stage3_n4__from__n0021__c02', 'stage4_n3__from__n0069__c02']",stage4_n3__from__n0069__c02,4,stage5_n4__from__n0199__c04,"['stage1_n5__from__root__c05', 'stage2_n4__from__n0005__c02', 'stage3_n4__from__n0021__c02', 'stage4_n3__from__n0069__c02', 'stage5_n4__from__n0199__c04']",0.25,4,stagewise_marginal_mixture,full_tree_child_marginal_at_switch
direct_multistage_exp3,25,26,4,"['stage1_n5__from__root__c05', 'stage2_n4__from__n0005__c02', 'stage3_n4__from__n0021__c02', 'stage4_n4__from__n0069__c03']",stage4_n4__from__n0069__c03,1,stage5_n1__from__n0200__c01,"['stage1_n5__from__root__c05', 'stage2_n4__from__n0005__c02', 'stage3_n4__from__n0021__c02', 'stage4_n4__from__n0069__c03', 'stage5_n1__from__n0200__c01']",0.3333333327975487,4,stagewise_marginal_mixture,full_tree_child_marginal_at_switch
direct_multistage_exp3,25,26,4,"['stage1_n5__from__root__c05', 'stage2_n4__from__n0005__c02', 'stage3_n4__from__n0021__c02', 'stage4_n4__from__n0069__c03']",stage4_n4__from__n0069__c03,2,stage5_n3__from__n0200__c02,"['stage1_n5__from__root__c05', 'stage2_n4__from__n0005__c02', 'stage3_n4__from__n0021__c02', 'stage4_n4__from__n0069__c03', 'stage5_n3__from__n0200__c02']",0.3333333327975487,4,stagewise_marginal_mixture,full_tree_child_marginal_at_switch
direct_multistage_exp3,25,26,4,"['stage1_n5__from__root__c05', 'stage2_n4__from__n0005__c02', 'stage3_n4__from__n0021__c02', 'stage4_n4__from__n0069__c03']",stage4_n4__from__n0069__c03,3,stage5_n4__from__n0200__c03,"['stage1_n5__from__root__c05', 'stage2_n4__from__n0005__c02', 'stage3_n4__from__n0021__c02', 'stage4_n4__from__n0069__c03', 'stage5_n4__from__n0200__c03']",0.3333333327975487,4,stagewise_marginal_mixture,full_tree_child_marginal_at_switch
direct_multistage_exp3,25,26,4,"['stage1_n5__from__root__c05', 'stage2_n4__from__n0005__c02', 'stage3_n4__from__n0021__c02', 'stage4_n4__from__n0069__c03']",stage4_n4__from__n0069__c03,4,stage5_n5__from__n0200__c04,"['stage1_n5__from__root__c05', 'stage2_n4__from__n0005__c02', 'stage3_n4__from__n0021__c02', 'stage4_n4__from__n0069__c03', 'stage5_n5__from__n0200__c04']",1.6073540333238419e-09,4,stagewise_marginal_mixture,full_tree_child_marginal_at_switch
direct_multistage_exp3,25,26,4,"['stage1_n5__from__root__c05', 'stage2_n4__from__n0005__c02', 'stage3_n4__from__n0021__c02', 'stage4_n5__from__n0069__c04']",stage4_n5__from__n0069__c04,1,stage5_n2__from__n0201__c01,"['stage1_n5__from__root__c05', 'stage2_n4__from__n0005__c02', 'stage3_n4__from__n0021__c02', 'stage4_n5__from__n0069__c04', 'stage5_n2__from__n0201__c01']",0.3333333333333333,3,stagewise_marginal_mixture,full_tree_child_marginal_at_switch
direct_multistage_exp3,25,26,4,"['stage1_n5__from__root__c05', 'stage2_n4__from__n0005__c02', 'stage3_n4__from__n0021__c02', 'stage4_n5__from__n0069__c04']",stage4_n5__from__n0069__c04,2,stage5_n4__from__n0201__c02,"['stage1_n5__from__root__c05', 'stage2_n4__from__n0005__c02', 'stage3_n4__from__n0021__c02', 'stage4_n5__from__n0069__c04', 'stage5_n4__from__n0201__c02']",0.3333333333333333,3,stagewise_marginal_mixture,full_tree_child_marginal_at_switch
direct_multistage_exp3,25,26,4,"['stage1_n5__from__root__c05', 'stage2_n4__from__n0005__c02', 'stage3_n4__from__n0021__c02', 'stage4_n5__from__n0069__c04']",stage4_n5__from__n0069__c04,3,stage5_n5__from__n0201__c03,"['stage1_n5__from__root__c05', 'stage2_n4__from__n0005__c02', 'stage3_n4__from__n0021__c02', 'stage4_n5__from__n0069__c04', 'stage5_n5__from__n0201__c03']",0.3333333333333333,3,stagewise_marginal_mixture,full_tree_child_marginal_at_switch
direct_multistage_exp3,25,26,4,"['stage1_n5__from__root__c05', 'stage2_n4__from__n0005__c02', 'stage3_n5__from__n0021__c03', 'stage4_n2__from__n0070__c01']",stage4_n2__from__n0070__c01,1,stage5_n1__from__n0202__c01,"['stage1_n5__from__root__c05', 'stage2_n4__from__n0005__c02', 'stage3_n5__from__n0021__c03', 'stage4_n2__from__n0070__c01', 'stage5_n1__from__n0202__c01']",0.5,2,stagewise_marginal_mixture,full_tree_child_marginal_at_switch
direct_multistage_exp3,25,26,4,"['stage1_n5__from__root__c05', 'stage2_n4__from__n0005__c02', 'stage3_n5__from__n0021__c03', 'stage4_n2__from__n0070__c01']",stage4_n2__from__n0070__c01,2,stage5_n2__from__n0202__c02,"['stage1_n5__from__root__c05', 'stage2_n4__from__n0005__c02', 'stage3_n5__from__n0021__c03', 'stage4_n2__from__n0070__c01', 'stage5_n2__from__n0202__c02']",0.5,2,stagewise_marginal_mixture,full_tree_child_marginal_at_switch
direct_multistage_exp3,25,26,4,"['stage1_n5__from__root__c05', 'stage2_n4__from__n0005__c02', 'stage3_n5__from__n0021__c03', 'stage4_n3__from__n0070__c02']",stage4_n3__from__n0070__c02,1,stage5_n1__from__n0203__c01,"['stage1_n5__from__root__c05', 'stage2_n4__from__n0005__c02', 'stage3_n5__from__n0021__c03', 'stage4_n3__from__n0070__c02', 'stage5_n1__from__n0203__c01']",0.25,4,stagewise_marginal_mixture,full_tree_child_marginal_at_switch
direct_multistage_exp3,25,26,4,"['stage1_n5__from__root__c05', 'stage2_n4__from__n0005__c02', 'stage3_n5__from__n0021__c03', 'stage4_n3__from__n0070__c02']",stage4_n3__from__n0070__c02,2,stage5_n2__from__n0203__c02,"['stage1_n5__from__root__c05', 'stage2_n4__from__n0005__c02', 'stage3_n5__from__n0021__c03', 'stage4_n3__from__n0070__c02', 'stage5_n2__from__n0203__c02']",0.25,4,stagewise_marginal_mixture,full_tree_child_marginal_at_switch
direct_multistage_exp3,25,26,4,"['stage1_n5__from__root__c05', 'stage2_n4__from__n0005__c02', 'stage3_n5__from__n0021__c03', 'stage4_n3__from__n0070__c02']",stage4_n3__from__n0070__c02,3,stage5_n3__from__n0203__c03,"['stage1_n5__from__root__c05', 'stage2_n4__from__n0005__c02', 'stage3_n5__from__n0021__c03', 'stage4_n3__from__n0070__c02', 'stage5_n3__from__n0203__c03']",0.25,4,stagewise_marginal_mixture,full_tree_child_marginal_at_switch
direct_multistage_exp3,25,26,4,"['stage1_n5__from__root__c05', 'stage2_n4__from__n0005__c02', 'stage3_n5__from__n0021__c03', 'stage4_n3__from__n0070__c02']",stage4_n3__from__n0070__c02,4,stage5_n4__from__n0203__c04,"['stage1_n5__from__root__c05', 'stage2_n4__from__n0005__c02', 'stage3_n5__from__n0021__c03', 'stage4_n3__from__n0070__c02', 'stage5_n4__from__n0203__c04']",0.25,4,stagewise_marginal_mixture,full_tree_child_marginal_at_switch
direct_multistage_exp3,25,26,4,"['stage1_n5__from__root__c05', 'stage2_n4__from__n0005__c02', 'stage3_n5__from__n0021__c03', 'stage4_n4__from__n0070__c03']",stage4_n4__from__n0070__c03,1,stage5_n1__from__n0204__c01,"['stage1_n5__from__root__c05', 'stage2_n4__from__n0005__c02', 'stage3_n5__from__n0021__c03', 'stage4_n4__from__n0070__c03', 'stage5_n1__from__n0204__c01']",0.25,4,stagewise_marginal_mixture,full_tree_child_marginal_at_switch
direct_multistage_exp3,25,26,4,"['stage1_n5__from__root__c05', 'stage2_n4__from__n0005__c02', 'stage3_n5__from__n0021__c03', 'stage4_n4__from__n0070__c03']",stage4_n4__from__n0070__c03,2,stage5_n3__from__n0204__c02,"['stage1_n5__from__root__c05', 'stage2_n4__from__n0005__c02', 'stage3_n5__from__n0021__c03', 'stage4_n4__from__n0070__c03', 'stage5_n3__from__n0204__c02']",0.25,4,stagewise_marginal_mixture,full_tree_child_marginal_at_switch
direct_multistage_exp3,25,26,4,"['stage1_n5__from__root__c05', 'stage2_n4__from__n0005__c02', 'stage3_n5__from__n0021__c03', 'stage4_n4__from__n0070__c03']",stage4_n4__from__n0070__c03,3,stage5_n4__from__n0204__c03,"['stage1_n5__from__root__c05', 'stage2_n4__from__n0005__c02', 'stage3_n5__from__n0021__c03', 'stage4_n4__from__n0070__c03', 'stage5_n4__from__n0204__c03']",0.25,4,stagewise_marginal_mixture,full_tree_child_marginal_at_switch
direct_multistage_exp3,25,26,4,"['stage1_n5__from__root__c05', 'stage2_n4__from__n0005__c02', 'stage3_n5__from__n0021__c03', 'stage4_n4__from__n0070__c03']",stage4_n4__from__n0070__c03,4,stage5_n5__from__n0204__c04,"['stage1_n5__from__root__c05', 'stage2_n4__from__n0005__c02', 'stage3_n5__from__n0021__c03', 'stage4_n4__from__n0070__c03', 'stage5_n5__from__n0204__c04']",0.25,4,stagewise_marginal_mixture,full_tree_child_marginal_at_switch
direct_multistage_exp3,25,26,4,"['stage1_n5__from__root__c05', 'stage2_n4__from__n0005__c02', 'stage3_n5__from__n0021__c03', 'stage4_n5__from__n0070__c04']",stage4_n5__from__n0070__c04,1,stage5_n2__from__n0205__c01,"['stage1_n5__from__root__c05', 'stage2_n4__from__n0005__c02', 'stage3_n5__from__n0021__c03', 'stage4_n5__from__n0070__c04', 'stage5_n2__from__n0205__c01']",0.3333333333333333,3,stagewise_marginal_mixture,full_tree_child_marginal_at_switch
direct_multistage_exp3,25,26,4,"['stage1_n5__from__root__c05', 'stage2_n4__from__n0005__c02', 'stage3_n5__from__n0021__c03', 'stage4_n5__from__n0070__c04']",stage4_n5__from__n0070__c04,2,stage5_n4__from__n0205__c02,"['stage1_n5__from__root__c05', 'stage2_n4__from__n0005__c02', 'stage3_n5__from__n0021__c03', 'stage4_n5__from__n0070__c04', 'stage5_n4__from__n0205__c02']",0.3333333333333333,3,stagewise_marginal_mixture,full_tree_child_marginal_at_switch
direct_multistage_exp3,25,26,4,"['stage1_n5__from__root__c05', 'stage2_n4__from__n0005__c02', 'stage3_n5__from__n0021__c03', 'stage4_n5__from__n0070__c04']",stage4_n5__from__n0070__c04,3,stage5_n5__from__n0205__c03,"['stage1_n5__from__root__c05', 'stage2_n4__from__n0005__c02', 'stage3_n5__from__n0021__c03', 'stage4_n5__from__n0070__c04', 'stage5_n5__from__n0205__c03']",0.3333333333333333,3,stagewise_marginal_mixture,full_tree_child_marginal_at_switch
direct_multistage_exp3,25,26,4,"['stage1_n5__from__root__c05', 'stage2_n5__from__n0005__c03', 'stage3_n3__from__n0022__c01', 'stage4_n2__from__n0071__c01']",stage4_n2__from__n0071__c01,1,stage5_n1__from__n0206__c01,"['stage1_n5__from__root__c05', 'stage2_n5__from__n0005__c03', 'stage3_n3__from__n0022__c01', 'stage4_n2__from__n0071__c01', 'stage5_n1__from__n0206__c01']",0.5,2,stagewise_marginal_mixture,full_tree_child_marginal_at_switch
direct_multistage_exp3,25,26,4,"['stage1_n5__from__root__c05', 'stage2_n5__from__n0005__c03', 'stage3_n3__from__n0022__c01', 'stage4_n2__from__n0071__c01']",stage4_n2__from__n0071__c01,2,stage5_n2__from__n0206__c02,"['stage1_n5__from__root__c05', 'stage2_n5__from__n0005__c03', 'stage3_n3__from__n0022__c01', 'stage4_n2__from__n0071__c01', 'stage5_n2__from__n0206__c02']",0.5,2,stagewise_marginal_mixture,full_tree_child_marginal_at_switch
direct_multistage_exp3,25,26,4,"['stage1_n5__from__root__c05', 'stage2_n5__from__n0005__c03', 'stage3_n3__from__n0022__c01', 'stage4_n3__from__n0071__c02']",stage4_n3__from__n0071__c02,1,stage5_n1__from__n0207__c01,"['stage1_n5__from__root__c05', 'stage2_n5__from__n0005__c03', 'stage3_n3__from__n0022__c01', 'stage4_n3__from__n0071__c02', 'stage5_n1__from__n0207__c01']",0.25,4,stagewise_marginal_mixture,full_tree_child_marginal_at_switch
direct_multistage_exp3,25,26,4,"['stage1_n5__from__root__c05', 'stage2_n5__from__n0005__c03', 'stage3_n3__from__n0022__c01', 'stage4_n3__from__n0071__c02']",stage4_n3__from__n0071__c02,2,stage5_n2__from__n0207__c02,"['stage1_n5__from__root__c05', 'stage2_n5__from__n0005__c03', 'stage3_n3__from__n0022__c01', 'stage4_n3__from__n0071__c02', 'stage5_n2__from__n0207__c02']",0.25,4,stagewise_marginal_mixture,full_tree_child_marginal_at_switch
direct_multistage_exp3,25,26,4,"['stage1_n5__from__root__c05', 'stage2_n5__from__n0005__c03', 'stage3_n3__from__n0022__c01', 'stage4_n3__from__n0071__c02']",stage4_n3__from__n0071__c02,3,stage5_n3__from__n0207__c03,"['stage1_n5__from__root__c05', 'stage2_n5__from__n0005__c03', 'stage3_n3__from__n0022__c01', 'stage4_n3__from__n0071__c02', 'stage5_n3__from__n0207__c03']",0.25,4,stagewise_marginal_mixture,full_tree_child_marginal_at_switch
direct_multistage_exp3,25,26,4,"['stage1_n5__from__root__c05', 'stage2_n5__from__n0005__c03', 'stage3_n3__from__n0022__c01', 'stage4_n3__from__n0071__c02']",stage4_n3__from__n0071__c02,4,stage5_n4__from__n0207__c04,"['stage1_n5__from__root__c05', 'stage2_n5__from__n0005__c03', 'stage3_n3__from__n0022__c01', 'stage4_n3__from__n0071__c02', 'stage5_n4__from__n0207__c04']",0.25,4,stagewise_marginal_mixture,full_tree_child_marginal_at_switch
direct_multistage_exp3,25,26,4,"['stage1_n5__from__root__c05', 'stage2_n5__from__n0005__c03', 'stage3_n4__from__n0022__c02', 'stage4_n2__from__n0072__c01']",stage4_n2__from__n0072__c01,1,stage5_n1__from__n0208__c01,"['stage1_n5__from__root__c05', 'stage2_n5__from__n0005__c03', 'stage3_n4__from__n0022__c02', 'stage4_n2__from__n0072__c01', 'stage5_n1__from__n0208__c01']",0.5,2,stagewise_marginal_mixture,full_tree_child_marginal_at_switch
direct_multistage_exp3,25,26,4,"['stage1_n5__from__root__c05', 'stage2_n5__from__n0005__c03', 'stage3_n4__from__n0022__c02', 'stage4_n2__from__n0072__c01']",stage4_n2__from__n0072__c01,2,stage5_n2__from__n0208__c02,"['stage1_n5__from__root__c05', 'stage2_n5__from__n0005__c03', 'stage3_n4__from__n0022__c02', 'stage4_n2__from__n0072__c01', 'stage5_n2__from__n0208__c02']",0.5,2,stagewise_marginal_mixture,full_tree_child_marginal_at_switch
direct_multistage_exp3,25,26,4,"['stage1_n5__from__root__c05', 'stage2_n5__from__n0005__c03', 'stage3_n4__from__n0022__c02', 'stage4_n3__from__n0072__c02']",stage4_n3__from__n0072__c02,1,stage5_n1__from__n0209__c01,"['stage1_n5__from__root__c05', 'stage2_n5__from__n0005__c03', 'stage3_n4__from__n0022__c02', 'stage4_n3__from__n0072__c02', 'stage5_n1__from__n0209__c01']",0.3333333333333333,4,stagewise_marginal_mixture,full_tree_child_marginal_at_switch
direct_multistage_exp3,25,26,4,"['stage1_n5__from__root__c05', 'stage2_n5__from__n0005__c03', 'stage3_n4__from__n0022__c02', 'stage4_n3__from__n0072__c02']",stage4_n3__from__n0072__c02,2,stage5_n2__from__n0209__c02,"['stage1_n5__from__root__c05', 'stage2_n5__from__n0005__c03', 'stage3_n4__from__n0022__c02', 'stage4_n3__from__n0072__c02', 'stage5_n2__from__n0209__c02']",0.3333333333333333,4,stagewise_marginal_mixture,full_tree_child_marginal_at_switch
direct_multistage_exp3,25,26,4,"['stage1_n5__from__root__c05', 'stage2_n5__from__n0005__c03', 'stage3_n4__from__n0022__c02', 'stage4_n3__from__n0072__c02']",stage4_n3__from__n0072__c02,3,stage5_n3__from__n0209__c03,"['stage1_n5__from__root__c05', 'stage2_n5__from__n0005__c03', 'stage3_n4__from__n0022__c02', 'stage4_n3__from__n0072__c02', 'stage5_n3__from__n0209__c03']",2.8858613807493045e-20,4,stagewise_marginal_mixture,full_tree_child_marginal_at_switch
direct_multistage_exp3,25,26,4,"['stage1_n5__from__root__c05', 'stage2_n5__from__n0005__c03', 'stage3_n4__from__n0022__c02', 'stage4_n3__from__n0072__c02']",stage4_n3__from__n0072__c02,4,stage5_n4__from__n0209__c04,"['stage1_n5__from__root__c05', 'stage2_n5__from__n0005__c03', 'stage3_n4__from__n0022__c02', 'stage4_n3__from__n0072__c02', 'stage5_n4__from__n0209__c04']",0.3333333333333333,4,stagewise_marginal_mixture,full_tree_child_marginal_at_switch
direct_multistage_exp3,25,26,4,"['stage1_n5__from__root__c05', 'stage2_n5__from__n0005__c03', 'stage3_n4__from__n0022__c02', 'stage4_n4__from__n0072__c03']",stage4_n4__from__n0072__c03,1,stage5_n1__from__n0210__c01,"['stage1_n5__from__root__c05', 'stage2_n5__from__n0005__c03', 'stage3_n4__from__n0022__c02', 'stage4_n4__from__n0072__c03', 'stage5_n1__from__n0210__c01']",0.25,4,stagewise_marginal_mixture,full_tree_child_marginal_at_switch
direct_multistage_exp3,25,26,4,"['stage1_n5__from__root__c05', 'stage2_n5__from__n0005__c03', 'stage3_n4__from__n0022__c02', 'stage4_n4__from__n0072__c03']",stage4_n4__from__n0072__c03,2,stage5_n3__from__n0210__c02,"['stage1_n5__from__root__c05', 'stage2_n5__from__n0005__c03', 'stage3_n4__from__n0022__c02', 'stage4_n4__from__n0072__c03', 'stage5_n3__from__n0210__c02']",0.25,4,stagewise_marginal_mixture,full_tree_child_marginal_at_switch
direct_multistage_exp3,25,26,4,"['stage1_n5__from__root__c05', 'stage2_n5__from__n0005__c03', 'stage3_n4__from__n0022__c02', 'stage4_n4__from__n0072__c03']",stage4_n4__from__n0072__c03,3,stage5_n4__from__n0210__c03,"['stage1_n5__from__root__c05', 'stage2_n5__from__n0005__c03', 'stage3_n4__from__n0022__c02', 'stage4_n4__from__n0072__c03', 'stage5_n4__from__n0210__c03']",0.25,4,stagewise_marginal_mixture,full_tree_child_marginal_at_switch
direct_multistage_exp3,25,26,4,"['stage1_n5__from__root__c05', 'stage2_n5__from__n0005__c03', 'stage3_n4__from__n0022__c02', 'stage4_n4__from__n0072__c03']",stage4_n4__from__n0072__c03,4,stage5_n5__from__n0210__c04,"['stage1_n5__from__root__c05', 'stage2_n5__from__n0005__c03', 'stage3_n4__from__n0022__c02', 'stage4_n4__from__n0072__c03', 'stage5_n5__from__n0210__c04']",0.25,4,stagewise_marginal_mixture,full_tree_child_marginal_at_switch
direct_multistage_exp3,25,26,4,"['stage1_n5__from__root__c05', 'stage2_n5__from__n0005__c03', 'stage3_n4__from__n0022__c02', 'stage4_n5__from__n0072__c04']",stage4_n5__from__n0072__c04,1,stage5_n2__from__n0211__c01,"['stage1_n5__from__root__c05', 'stage2_n5__from__n0005__c03', 'stage3_n4__from__n0022__c02', 'stage4_n5__from__n0072__c04', 'stage5_n2__from__n0211__c01']",0.3333333333333333,3,stagewise_marginal_mixture,full_tree_child_marginal_at_switch
direct_multistage_exp3,25,26,4,"['stage1_n5__from__root__c05', 'stage2_n5__from__n0005__c03', 'stage3_n4__from__n0022__c02', 'stage4_n5__from__n0072__c04']",stage4_n5__from__n0072__c04,2,stage5_n4__from__n0211__c02,"['stage1_n5__from__root__c05', 'stage2_n5__from__n0005__c03', 'stage3_n4__from__n0022__c02', 'stage4_n5__from__n0072__c04', 'stage5_n4__from__n0211__c02']",0.3333333333333333,3,stagewise_marginal_mixture,full_tree_child_marginal_at_switch
direct_multistage_exp3,25,26,4,"['stage1_n5__from__root__c05', 'stage2_n5__from__n0005__c03', 'stage3_n4__from__n0022__c02', 'stage4_n5__from__n0072__c04']",stage4_n5__from__n0072__c04,3,stage5_n5__from__n0211__c03,"['stage1_n5__from__root__c05', 'stage2_n5__from__n0005__c03', 'stage3_n4__from__n0022__c02', 'stage4_n5__from__n0072__c04', 'stage5_n5__from__n0211__c03']",0.3333333333333333,3,stagewise_marginal_mixture,full_tree_child_marginal_at_switch
direct_multistage_exp3,25,26,4,"['stage1_n5__from__root__c05', 'stage2_n5__from__n0005__c03', 'stage3_n5__from__n0022__c03', 'stage4_n2__from__n0073__c01']",stage4_n2__from__n0073__c01,1,stage5_n1__from__n0212__c01,"['stage1_n5__from__root__c05', 'stage2_n5__from__n0005__c03', 'stage3_n5__from__n0022__c03', 'stage4_n2__from__n0073__c01', 'stage5_n1__from__n0212__c01']",0.5,2,stagewise_marginal_mixture,full_tree_child_marginal_at_switch
direct_multistage_exp3,25,26,4,"['stage1_n5__from__root__c05', 'stage2_n5__from__n0005__c03', 'stage3_n5__from__n0022__c03', 'stage4_n2__from__n0073__c01']",stage4_n2__from__n0073__c01,2,stage5_n2__from__n0212__c02,"['stage1_n5__from__root__c05', 'stage2_n5__from__n0005__c03', 'stage3_n5__from__n0022__c03', 'stage4_n2__from__n0073__c01', 'stage5_n2__from__n0212__c02']",0.5,2,stagewise_marginal_mixture,full_tree_child_marginal_at_switch
direct_multistage_exp3,25,26,4,"['stage1_n5__from__root__c05', 'stage2_n5__from__n0005__c03', 'stage3_n5__from__n0022__c03', 'stage4_n3__from__n0073__c02']",stage4_n3__from__n0073__c02,1,stage5_n1__from__n0213__c01,"['stage1_n5__from__root__c05', 'stage2_n5__from__n0005__c03', 'stage3_n5__from__n0022__c03', 'stage4_n3__from__n0073__c02', 'stage5_n1__from__n0213__c01']",0.3333333333333333,4,stagewise_marginal_mixture,full_tree_child_marginal_at_switch
direct_multistage_exp3,25,26,4,"['stage1_n5__from__root__c05', 'stage2_n5__from__n0005__c03', 'stage3_n5__from__n0022__c03', 'stage4_n3__from__n0073__c02']",stage4_n3__from__n0073__c02,2,stage5_n2__from__n0213__c02,"['stage1_n5__from__root__c05', 'stage2_n5__from__n0005__c03', 'stage3_n5__from__n0022__c03', 'stage4_n3__from__n0073__c02', 'stage5_n2__from__n0213__c02']",0.3333333333333333,4,stagewise_marginal_mixture,full_tree_child_marginal_at_switch
direct_multistage_exp3,25,26,4,"['stage1_n5__from__root__c05', 'stage2_n5__from__n0005__c03', 'stage3_n5__from__n0022__c03', 'stage4_n3__from__n0073__c02']",stage4_n3__from__n0073__c02,3,stage5_n3__from__n0213__c03,"['stage1_n5__from__root__c05', 'stage2_n5__from__n0005__c03', 'stage3_n5__from__n0022__c03', 'stage4_n3__from__n0073__c02', 'stage5_n3__from__n0213__c03']",5.9378420297709916e-18,4,stagewise_marginal_mixture,full_tree_child_marginal_at_switch
direct_multistage_exp3,25,26,4,"['stage1_n5__from__root__c05', 'stage2_n5__from__n0005__c03', 'stage3_n5__from__n0022__c03', 'stage4_n3__from__n0073__c02']",stage4_n3__from__n0073__c02,4,stage5_n4__from__n0213__c04,"['stage1_n5__from__root__c05', 'stage2_n5__from__n0005__c03', 'stage3_n5__from__n0022__c03', 'stage4_n3__from__n0073__c02', 'stage5_n4__from__n0213__c04']",0.3333333333333333,4,stagewise_marginal_mixture,full_tree_child_marginal_at_switch
direct_multistage_exp3,25,26,4,"['stage1_n5__from__root__c05', 'stage2_n5__from__n0005__c03', 'stage3_n5__from__n0022__c03', 'stage4_n4__from__n0073__c03']",stage4_n4__from__n0073__c03,1,stage5_n1__from__n0214__c01,"['stage1_n5__from__root__c05', 'stage2_n5__from__n0005__c03', 'stage3_n5__from__n0022__c03', 'stage4_n4__from__n0073__c03', 'stage5_n1__from__n0214__c01']",0.25,4,stagewise_marginal_mixture,full_tree_child_marginal_at_switch
direct_multistage_exp3,25,26,4,"['stage1_n5__from__root__c05', 'stage2_n5__from__n0005__c03', 'stage3_n5__from__n0022__c03', 'stage4_n4__from__n0073__c03']",stage4_n4__from__n0073__c03,2,stage5_n3__from__n0214__c02,"['stage1_n5__from__root__c05', 'stage2_n5__from__n0005__c03', 'stage3_n5__from__n0022__c03', 'stage4_n4__from__n0073__c03', 'stage5_n3__from__n0214__c02']",0.25,4,stagewise_marginal_mixture,full_tree_child_marginal_at_switch
direct_multistage_exp3,25,26,4,"['stage1_n5__from__root__c05', 'stage2_n5__from__n0005__c03', 'stage3_n5__from__n0022__c03', 'stage4_n4__from__n0073__c03']",stage4_n4__from__n0073__c03,3,stage5_n4__from__n0214__c03,"['stage1_n5__from__root__c05', 'stage2_n5__from__n0005__c03', 'stage3_n5__from__n0022__c03', 'stage4_n4__from__n0073__c03', 'stage5_n4__from__n0214__c03']",0.25,4,stagewise_marginal_mixture,full_tree_child_marginal_at_switch
direct_multistage_exp3,25,26,4,"['stage1_n5__from__root__c05', 'stage2_n5__from__n0005__c03', 'stage3_n5__from__n0022__c03', 'stage4_n4__from__n0073__c03']",stage4_n4__from__n0073__c03,4,stage5_n5__from__n0214__c04,"['stage1_n5__from__root__c05', 'stage2_n5__from__n0005__c03', 'stage3_n5__from__n0022__c03', 'stage4_n4__from__n0073__c03', 'stage5_n5__from__n0214__c04']",0.25,4,stagewise_marginal_mixture,full_tree_child_marginal_at_switch
direct_multistage_exp3,25,26,4,"['stage1_n5__from__root__c05', 'stage2_n5__from__n0005__c03', 'stage3_n5__from__n0022__c03', 'stage4_n5__from__n0073__c04']",stage4_n5__from__n0073__c04,1,stage5_n2__from__n0215__c01,"['stage1_n5__from__root__c05', 'stage2_n5__from__n0005__c03', 'stage3_n5__from__n0022__c03', 'stage4_n5__from__n0073__c04', 'stage5_n2__from__n0215__c01']",0.3333333333333333,3,stagewise_marginal_mixture,full_tree_child_marginal_at_switch
direct_multistage_exp3,25,26,4,"['stage1_n5__from__root__c05', 'stage2_n5__from__n0005__c03', 'stage3_n5__from__n0022__c03', 'stage4_n5__from__n0073__c04']",stage4_n5__from__n0073__c04,2,stage5_n4__from__n0215__c02,"['stage1_n5__from__root__c05', 'stage2_n5__from__n0005__c03', 'stage3_n5__from__n0022__c03', 'stage4_n5__from__n0073__c04', 'stage5_n4__from__n0215__c02']",0.3333333333333333,3,stagewise_marginal_mixture,full_tree_child_marginal_at_switch
direct_multistage_exp3,25,26,4,"['stage1_n5__from__root__c05', 'stage2_n5__from__n0005__c03', 'stage3_n5__from__n0022__c03', 'stage4_n5__from__n0073__c04']",stage4_n5__from__n0073__c04,3,stage5_n5__from__n0215__c03,"['stage1_n5__from__root__c05', 'stage2_n5__from__n0005__c03', 'stage3_n5__from__n0022__c03', 'stage4_n5__from__n0073__c04', 'stage5_n5__from__n0215__c03']",0.3333333333333333,3,stagewise_marginal_mixture,full_tree_child_marginal_at_switch
