method,episode_index,repeat_index,schedule_phase,task_bucket,is_specialist_task,oracle_action,final_action,exact_match,clear_success_proxy,auxiliary_success_proxy,strict_clean_success,raw_terminal_penalty,legacy_raw_terminal_penalty,raw_reasoning_cost_component,raw_mode_mismatch_cost_component,raw_path_cost_component,raw_total_cost,terminal_adjustment_floor,terminal_adjustment_reasons,actual_modes,required_modes,majority_pair,mismatch_bucket,exact_mode_match,fast_on_deep_count,deep_on_fast_count,match_count,llm_call_count,original_task_id
direct_multistage_exp3,0,0,trap_pre_switch,trap_favoring,False,repair_all,repair_all,True,True,True,True,0.0,0.0,4.411445,0.0,0.0709,4.482345,,,fast/deep/fast/deep/deep,fast/fast/fast/fast/fast,mostly_deep_vs_mostly_fast_required,deep_on_fast_required,False,0,3,2,12,[mms_issue]airplane_mode_on|bad_wifi_calling|break_app_storage_permission[PERSONA:Easy]
direct_multistage_exp3,1,0,trap_pre_switch,trap_favoring,False,repair_all,repair_all,True,True,True,True,0.0,0.0,4.544735,0.0,0.0669,4.611635000000001,,,deep/fast/deep/deep/deep,fast/fast/fast/fast/fast,mostly_deep_vs_mostly_fast_required,deep_on_fast_required,False,0,4,1,12,[mms_issue]airplane_mode_on|bad_wifi_calling|break_app_sms_permission[PERSONA:None]
direct_multistage_exp3,2,0,trap_pre_switch,trap_favoring,False,repair_all,repair_all,True,True,True,True,0.0,0.0,8.96998,0.0,0.07020000000000001,9.04018,,,fast/deep/deep/deep/deep,fast/fast/fast/fast/fast,mostly_deep_vs_mostly_fast_required,deep_on_fast_required,False,0,4,1,18,[mms_issue]bad_wifi_calling[PERSONA:Easy]
direct_multistage_exp3,3,0,trap_pre_switch,trap_favoring,False,repair_all,repair_all,True,True,True,True,0.0,0.0,4.841965,0.0,0.07840000000000001,4.920365,,,deep/fast/deep/deep/deep,fast/fast/fast/fast/fast,mostly_deep_vs_mostly_fast_required,deep_on_fast_required,False,0,4,1,13,[mms_issue]bad_wifi_calling|break_app_storage_permission[PERSONA:Easy]
direct_multistage_exp3,4,0,trap_pre_switch,trap_favoring,False,repair_all,repair_all,True,True,True,True,0.0,0.0,4.47385,0.0,0.066,4.5398499999999995,,,deep/fast/deep/fast/deep,fast/fast/fast/fast/fast,mostly_deep_vs_mostly_fast_required,deep_on_fast_required,False,0,3,2,13,[mms_issue]bad_wifi_calling|break_app_sms_permission[PERSONA:None]
direct_multistage_exp3,5,0,trap_pre_switch,trap_favoring,False,repair_all,repair_all,True,True,True,True,0.0,0.0,3.678235,0.0,0.074,3.7522349999999998,,,fast/fast/fast/deep/deep,fast/fast/fast/fast/fast,mostly_fast_vs_mostly_fast_required,deep_on_fast_required,False,0,2,3,10,[mms_issue]bad_network_preference|bad_wifi_calling|break_app_storage_permission[PERSONA:Hard]
direct_multistage_exp3,6,0,trap_pre_switch,trap_favoring,False,repair_all,repair_all,True,True,True,True,0.0,0.0,4.545945,0.0,0.0661,4.612044999999999,,,deep/fast/deep/deep/deep,fast/fast/fast/fast/fast,mostly_deep_vs_mostly_fast_required,deep_on_fast_required,False,0,4,1,12,[mms_issue]bad_wifi_calling|break_app_sms_permission|data_mode_off[PERSONA:None]
direct_multistage_exp3,7,0,trap_pre_switch,trap_favoring,False,repair_all,repair_all,True,True,True,True,0.0,0.0,3.692955,0.0,0.0712,3.764155,,,fast/fast/fast/deep/deep,fast/fast/fast/fast/fast,mostly_fast_vs_mostly_fast_required,deep_on_fast_required,False,0,2,3,10,[mms_issue]bad_network_preference|bad_wifi_calling|break_app_sms_permission[PERSONA:Easy]
direct_multistage_exp3,8,0,trap_pre_switch,trap_favoring,False,repair_all,repair_all,True,True,True,True,0.0,0.0,3.939965,0.0,0.0716,4.011565,,,fast/fast/deep/deep/deep,fast/fast/fast/fast/fast,mostly_deep_vs_mostly_fast_required,deep_on_fast_required,False,0,3,2,10,[mms_issue]bad_wifi_calling|break_app_storage_permission|data_mode_off[PERSONA:Easy]
direct_multistage_exp3,9,0,trap_pre_switch,trap_favoring,False,repair_all,repair_all,True,True,True,True,0.0,0.0,3.487635,0.0,0.0678,3.555435,,,fast/fast/fast/deep/deep,fast/fast/fast/fast/fast,mostly_fast_vs_mostly_fast_required,deep_on_fast_required,False,0,2,3,10,[mms_issue]airplane_mode_on|bad_wifi_calling[PERSONA:Easy]
direct_multistage_exp3,10,1,trap_pre_switch,trap_favoring,False,repair_all,repair_all,True,True,True,True,0.0,0.0,3.973425,0.0,0.061700000000000005,4.035125,,,fast/fast/deep/deep/deep,fast/fast/fast/fast/fast,mostly_deep_vs_mostly_fast_required,deep_on_fast_required,False,0,3,2,10,[mms_issue]airplane_mode_on|bad_wifi_calling|break_app_storage_permission[PERSONA:Easy]
direct_multistage_exp3,11,1,trap_pre_switch,trap_favoring,False,repair_all,repair_all,True,True,True,True,0.0,0.0,3.36974,0.0,0.0641,3.43384,,,fast/fast/fast/deep/fast,fast/fast/fast/fast/fast,mostly_fast_vs_mostly_fast_required,deep_on_fast_required,False,0,1,4,10,[mms_issue]airplane_mode_on|bad_wifi_calling|break_app_sms_permission[PERSONA:None]
direct_multistage_exp3,12,1,trap_pre_switch,trap_favoring,False,repair_all,repair_all,True,True,True,True,0.0,0.0,2.919105,0.0,0.0581,2.977205,,,fast/fast/deep/fast/fast,fast/fast/fast/fast/fast,mostly_fast_vs_mostly_fast_required,deep_on_fast_required,False,0,1,4,10,[mms_issue]bad_wifi_calling[PERSONA:Easy]
direct_multistage_exp3,13,1,trap_pre_switch,trap_favoring,False,repair_all,repair_all,True,True,True,True,0.0,0.0,4.847425,0.0,0.0692,4.916625000000001,,,deep/fast/deep/deep/deep,fast/fast/fast/fast/fast,mostly_deep_vs_mostly_fast_required,deep_on_fast_required,False,0,4,1,13,[mms_issue]bad_wifi_calling|break_app_storage_permission[PERSONA:Easy]
direct_multistage_exp3,14,1,trap_pre_switch,trap_favoring,False,repair_all,repair_all,True,True,True,True,0.0,0.0,4.96613,0.0,0.0752,5.041329999999999,,,fast/deep/deep/deep/deep,fast/fast/fast/fast/fast,mostly_deep_vs_mostly_fast_required,deep_on_fast_required,False,0,4,1,13,[mms_issue]bad_wifi_calling|break_app_sms_permission[PERSONA:None]
direct_multistage_exp3,15,1,trap_pre_switch,trap_favoring,False,repair_all,repair_all,True,True,True,True,0.0,0.0,3.93122,0.0,0.0746,4.00582,,,fast/fast/deep/deep/deep,fast/fast/fast/fast/fast,mostly_deep_vs_mostly_fast_required,deep_on_fast_required,False,0,3,2,10,[mms_issue]bad_network_preference|bad_wifi_calling|break_app_storage_permission[PERSONA:Hard]
direct_multistage_exp3,16,1,trap_pre_switch,trap_favoring,False,repair_all,repair_all,True,True,True,True,0.0,0.0,3.663565,0.0,0.0651,3.7286650000000003,,,fast/deep/fast/fast/fast,fast/fast/fast/fast/fast,mostly_fast_vs_mostly_fast_required,deep_on_fast_required,False,0,1,4,12,[mms_issue]bad_wifi_calling|break_app_sms_permission|data_mode_off[PERSONA:None]
direct_multistage_exp3,17,1,trap_pre_switch,trap_favoring,False,repair_all,repair_all,True,True,True,True,0.0,0.0,3.954525,0.0,0.066,4.020525,,,deep/fast/fast/deep/fast,fast/fast/fast/fast/fast,mostly_fast_vs_mostly_fast_required,deep_on_fast_required,False,0,2,3,12,[mms_issue]bad_network_preference|bad_wifi_calling|break_app_sms_permission[PERSONA:Easy]
direct_multistage_exp3,18,1,trap_pre_switch,trap_favoring,False,repair_all,repair_all,True,True,True,True,0.0,0.0,3.77042,0.0,0.06760000000000001,3.83802,,,fast/deep/fast/fast/deep,fast/fast/fast/fast/fast,mostly_fast_vs_mostly_fast_required,deep_on_fast_required,False,0,2,3,11,[mms_issue]bad_wifi_calling|break_app_storage_permission|data_mode_off[PERSONA:Easy]
direct_multistage_exp3,19,1,trap_pre_switch,trap_favoring,False,repair_all,repair_all,True,True,True,True,0.0,0.0,8.970255,0.0,0.06999999999999999,9.040255,,,fast/deep/deep/deep/deep,fast/fast/fast/fast/fast,mostly_deep_vs_mostly_fast_required,deep_on_fast_required,False,0,4,1,18,[mms_issue]airplane_mode_on|bad_wifi_calling[PERSONA:Easy]
direct_multistage_exp3,20,2,trap_pre_switch,trap_favoring,False,repair_all,repair_all,True,True,True,True,0.0,0.0,3.90041,0.0,0.0611,3.96151,,,deep/fast/fast/fast/deep,fast/fast/fast/fast/fast,mostly_fast_vs_mostly_fast_required,deep_on_fast_required,False,0,2,3,12,[mms_issue]airplane_mode_on|bad_wifi_calling|break_app_storage_permission[PERSONA:Easy]
direct_multistage_exp3,21,2,trap_pre_switch,trap_favoring,False,repair_all,repair_all,True,True,True,True,0.0,0.0,4.548875,0.0,0.0721,4.620975,,,deep/fast/deep/deep/deep,fast/fast/fast/fast/fast,mostly_deep_vs_mostly_fast_required,deep_on_fast_required,False,0,4,1,12,[mms_issue]airplane_mode_on|bad_wifi_calling|break_app_sms_permission[PERSONA:None]
direct_multistage_exp3,22,2,trap_pre_switch,trap_favoring,False,repair_all,repair_all,True,True,True,True,0.0,0.0,11.10451,0.0,0.0736,11.17811,,,fast/fast/deep/deep/deep,fast/fast/fast/fast/fast,mostly_deep_vs_mostly_fast_required,deep_on_fast_required,False,0,3,2,21,[mms_issue]bad_wifi_calling[PERSONA:Easy]
direct_multistage_exp3,23,2,trap_pre_switch,trap_favoring,False,repair_all,repair_all,True,True,True,True,0.0,0.0,4.840985,0.0,0.0758,4.916785,,,deep/fast/deep/deep/deep,fast/fast/fast/fast/fast,mostly_deep_vs_mostly_fast_required,deep_on_fast_required,False,0,4,1,13,[mms_issue]bad_wifi_calling|break_app_storage_permission[PERSONA:Easy]
direct_multistage_exp3,24,2,trap_pre_switch,trap_favoring,False,repair_all,repair_all,True,True,True,True,0.0,0.0,5.56048,0.0,0.07650000000000001,5.63698,,,deep/deep/deep/deep/deep,fast/fast/fast/fast/fast,mostly_deep_vs_mostly_fast_required,deep_on_fast_required,False,0,5,0,15,[mms_issue]bad_wifi_calling|break_app_sms_permission[PERSONA:None]
direct_multistage_exp3,25,2,target_post_switch,target_favoring,False,repair_all,repair_subset,False,False,True,False,10.0,5.0,4.325265,0.0,0.0661,14.391365,10.0,subset_mismatch_base_plus_linear;local_clear_failure_floor_10,fast/fast/deep/deep/deep,fast/deep/deep/deep/deep,mostly_deep_vs_mostly_deep_required,fast_on_deep_required,False,1,0,4,11,[mms_issue]airplane_mode_on|bad_network_preference|bad_wifi_calling|break_apn_mms_setting|break_app_storage_permission|unseat_sim_card[PERSONA:Easy]
direct_multistage_exp3,26,2,target_post_switch,target_favoring,True,repair_subset,repair_all,False,False,True,False,10.0,6.0,5.69198,0.0,0.0664,15.758379999999999,10.0,subset_mismatch_base_plus_linear;local_clear_failure_floor_10,fast/deep/fast/deep/deep,fast/deep/deep/deep/deep,mostly_deep_vs_mostly_deep_required,fast_on_deep_required,False,1,0,4,13,[mms_issue]airplane_mode_on|bad_network_preference|bad_wifi_calling|break_apn_mms_setting|break_app_both_permissions|data_mode_off|data_usage_exceeded|unseat_sim_card|user_abroad_roaming_disabled_on[PERSONA:Hard]
direct_multistage_exp3,27,2,target_post_switch,target_favoring,True,repair_subset,transfer,False,False,False,False,22.5,18.5,5.575565,0.0,0.0748,28.150365,18.0,subset_mismatch_base_plus_linear;local_clear_failure_floor_10;local_clear_and_aux_failure_floor_12;invalid_local_transfer_floor_18,deep/deep/deep/deep/deep,fast/deep/deep/deep/deep,mostly_deep_vs_mostly_deep_required,deep_on_fast_required,False,0,1,4,15,[mms_issue]airplane_mode_on|bad_network_preference|bad_wifi_calling|break_apn_mms_setting|break_app_sms_permission|data_mode_off|data_usage_exceeded|unseat_sim_card|user_abroad_roaming_disabled_on[PERSONA:None]
direct_multistage_exp3,28,2,target_post_switch,target_favoring,True,repair_subset,repair_subset,False,False,False,False,17.0,13.0,5.971735,0.0,0.07650000000000001,23.048235,12.0,subset_mismatch_base_plus_linear;local_clear_failure_floor_10;local_clear_and_aux_failure_floor_12,deep/deep/deep/deep/deep,fast/deep/deep/deep/deep,mostly_deep_vs_mostly_deep_required,deep_on_fast_required,False,0,1,4,15,[mms_issue]airplane_mode_on|bad_network_preference|bad_wifi_calling|break_apn_mms_setting|break_app_both_permissions|data_mode_off|data_usage_exceeded|unseat_sim_card|user_abroad_roaming_enabled_off[PERSONA:Hard]
direct_multistage_exp3,29,2,target_post_switch,target_favoring,True,repair_all,transfer,False,False,True,False,22.5,18.5,5.841855,0.0,0.0758,28.417655,18.0,subset_mismatch_base_plus_linear;local_clear_failure_floor_10;invalid_local_transfer_floor_18,deep/fast/deep/deep/deep,fast/deep/deep/deep/deep,mostly_deep_vs_mostly_deep_required,both_mismatch_types,False,1,1,3,14,[mms_issue]airplane_mode_on|bad_network_preference|bad_wifi_calling|break_apn_mms_setting|break_app_sms_permission|data_mode_off|unseat_sim_card|user_abroad_roaming_enabled_off[PERSONA:None]
direct_multistage_exp3,30,3,target_post_switch,target_favoring,False,repair_all,repair_all,True,True,True,True,0.0,0.0,4.78263,0.0,0.0591,4.84173,,,fast/deep/deep/deep/fast,fast/deep/deep/deep/deep,mostly_deep_vs_mostly_deep_required,fast_on_deep_required,False,1,0,4,13,[mms_issue]bad_wifi_calling|break_apn_mms_setting|break_app_storage_permission|unseat_sim_card[PERSONA:Easy]
direct_multistage_exp3,31,3,target_post_switch,target_favoring,False,repair_all,repair_all,True,True,True,True,0.0,0.0,4.906625,0.0,0.07750000000000001,4.984125,,,deep/deep/deep/deep/deep,fast/deep/deep/deep/deep,mostly_deep_vs_mostly_deep_required,deep_on_fast_required,False,0,1,4,15,[mms_issue]bad_wifi_calling|break_apn_mms_setting|break_app_sms_permission|unseat_sim_card[PERSONA:None]
direct_multistage_exp3,32,3,target_post_switch,target_favoring,False,repair_all,repair_all,True,True,True,True,0.0,0.0,4.760225,0.0,0.059600000000000014,4.819825,,,fast/fast/fast/fast/deep,fast/deep/deep/deep/deep,mostly_fast_vs_mostly_deep_required,fast_on_deep_required,False,3,0,2,11,[mms_issue]bad_wifi_calling|break_apn_mms_setting|break_app_sms_permission|user_abroad_roaming_enabled_off[PERSONA:Easy]
direct_multistage_exp3,33,3,target_post_switch,target_favoring,False,repair_all,repair_subset,False,False,False,False,14.0,5.0,5.01096,0.0,0.0621,19.073059999999998,14.0,subset_mismatch_base_plus_linear;local_clear_failure_floor_10;local_clear_and_aux_failure_floor_12;fast_path_on_deep_required_clear_failure_floor_14,deep/fast/fast/fast/deep,fast/deep/deep/deep/deep,mostly_fast_vs_mostly_deep_required,both_mismatch_types,False,3,1,1,12,[mms_issue]airplane_mode_on|bad_wifi_calling|break_apn_mms_setting|break_app_storage_permission|user_abroad_roaming_enabled_off[PERSONA:None]
direct_multistage_exp3,34,3,target_post_switch,target_favoring,False,repair_all,repair_all,True,True,True,True,0.0,0.0,4.409715,0.0,0.0735,4.483215,,,fast/deep/deep/deep/deep,fast/deep/deep/deep/deep,mostly_deep_vs_mostly_deep_required,all_stage_modes_match,True,0,0,5,13,[mms_issue]bad_wifi_calling|break_apn_mms_setting|break_app_storage_permission|data_mode_off|unseat_sim_card[PERSONA:None]
direct_multistage_exp3,35,3,target_post_switch,target_favoring,False,repair_all,transfer,False,False,True,False,18.5,14.5,4.83688,0.0,0.0711,23.407980000000002,18.0,subset_mismatch_base_plus_linear;local_clear_failure_floor_10;invalid_local_transfer_floor_18,fast/fast/deep/deep/deep,fast/deep/deep/deep/deep,mostly_deep_vs_mostly_deep_required,fast_on_deep_required,False,1,0,4,12,[mms_issue]airplane_mode_on|bad_network_preference|bad_wifi_calling|break_apn_mms_setting|break_app_storage_permission|unseat_sim_card[PERSONA:Easy]
direct_multistage_exp3,36,3,target_post_switch,target_favoring,True,repair_subset,repair_subset,False,False,False,False,14.0,3.0,5.785955,0.0,0.0594,19.845355,14.0,subset_mismatch_base_plus_linear;local_clear_failure_floor_10;local_clear_and_aux_failure_floor_12;fast_path_on_deep_required_clear_failure_floor_14,fast/fast/fast/deep/deep,fast/deep/deep/deep/deep,mostly_fast_vs_mostly_deep_required,fast_on_deep_required,False,2,0,3,12,[mms_issue]airplane_mode_on|bad_network_preference|bad_wifi_calling|break_apn_mms_setting|break_app_both_permissions|data_mode_off|data_usage_exceeded|unseat_sim_card|user_abroad_roaming_disabled_on[PERSONA:Hard]
direct_multistage_exp3,37,3,target_post_switch,target_favoring,True,repair_subset,transfer,False,False,False,False,22.5,18.5,4.963235,0.0,0.0735,27.536735,18.0,subset_mismatch_base_plus_linear;local_clear_failure_floor_10;local_clear_and_aux_failure_floor_12;invalid_local_transfer_floor_18,fast/deep/deep/deep/deep,fast/deep/deep/deep/deep,mostly_deep_vs_mostly_deep_required,all_stage_modes_match,True,0,0,5,13,[mms_issue]airplane_mode_on|bad_network_preference|bad_wifi_calling|break_apn_mms_setting|break_app_sms_permission|data_mode_off|data_usage_exceeded|unseat_sim_card|user_abroad_roaming_disabled_on[PERSONA:None]
direct_multistage_exp3,38,3,target_post_switch,target_favoring,True,repair_subset,repair_subset,False,False,False,False,14.0,5.0,4.796915,0.0,0.0654,18.862315000000002,14.0,subset_mismatch_base_plus_linear;local_clear_failure_floor_10;local_clear_and_aux_failure_floor_12;fast_path_on_deep_required_clear_failure_floor_14,fast/fast/deep/fast/deep,fast/deep/deep/deep/deep,mostly_fast_vs_mostly_deep_required,fast_on_deep_required,False,2,0,3,10,[mms_issue]airplane_mode_on|bad_network_preference|bad_wifi_calling|break_apn_mms_setting|break_app_both_permissions|data_mode_off|data_usage_exceeded|unseat_sim_card|user_abroad_roaming_enabled_off[PERSONA:Hard]
direct_multistage_exp3,39,3,target_post_switch,target_favoring,True,repair_all,repair_subset,False,False,False,False,15.0,11.0,5.48389,0.0,0.0632,20.54709,14.0,subset_mismatch_base_plus_linear;local_clear_failure_floor_10;local_clear_and_aux_failure_floor_12;fast_path_on_deep_required_clear_failure_floor_14,deep/fast/fast/fast/deep,fast/deep/deep/deep/deep,mostly_fast_vs_mostly_deep_required,both_mismatch_types,False,3,1,1,12,[mms_issue]airplane_mode_on|bad_network_preference|bad_wifi_calling|break_apn_mms_setting|break_app_sms_permission|data_mode_off|unseat_sim_card|user_abroad_roaming_enabled_off[PERSONA:None]
direct_multistage_exp3,40,4,target_post_switch,target_favoring,False,repair_all,repair_all,True,True,True,True,0.0,0.0,4.8968,0.0,0.07600000000000001,4.972799999999999,,,deep/deep/deep/deep/deep,fast/deep/deep/deep/deep,mostly_deep_vs_mostly_deep_required,deep_on_fast_required,False,0,1,4,15,[mms_issue]bad_wifi_calling|break_apn_mms_setting|break_app_storage_permission|unseat_sim_card[PERSONA:Easy]
direct_multistage_exp3,41,4,target_post_switch,target_favoring,False,repair_all,repair_all,True,True,True,True,0.0,0.0,3.52359,0.0,0.06880000000000001,3.59239,,,fast/deep/deep/deep/deep,fast/deep/deep/deep/deep,mostly_deep_vs_mostly_deep_required,all_stage_modes_match,True,0,0,5,11,[mms_issue]bad_wifi_calling|break_apn_mms_setting|break_app_sms_permission|unseat_sim_card[PERSONA:None]
direct_multistage_exp3,42,4,target_post_switch,target_favoring,False,repair_all,repair_all,True,True,True,True,0.0,0.0,4.912495,0.0,0.0634,4.9758949999999995,,,deep/fast/fast/fast/deep,fast/deep/deep/deep/deep,mostly_fast_vs_mostly_deep_required,both_mismatch_types,False,3,1,1,12,[mms_issue]bad_wifi_calling|break_apn_mms_setting|break_app_sms_permission|user_abroad_roaming_enabled_off[PERSONA:Easy]
direct_multistage_exp3,43,4,target_post_switch,target_favoring,False,repair_all,repair_all,True,True,True,True,0.0,0.0,4.827315,0.0,0.0717,4.8990149999999995,,,fast/deep/deep/deep/fast,fast/deep/deep/deep/deep,mostly_deep_vs_mostly_deep_required,fast_on_deep_required,False,1,0,4,12,[mms_issue]airplane_mode_on|bad_wifi_calling|break_apn_mms_setting|break_app_storage_permission|user_abroad_roaming_enabled_off[PERSONA:None]
direct_multistage_exp3,44,4,target_post_switch,target_favoring,False,repair_all,repair_all,True,True,True,True,0.0,0.0,4.278635,0.0,0.0695,4.348135,,,deep/fast/deep/deep/deep,fast/deep/deep/deep/deep,mostly_deep_vs_mostly_deep_required,both_mismatch_types,False,1,1,3,12,[mms_issue]bad_wifi_calling|break_apn_mms_setting|break_app_storage_permission|data_mode_off|unseat_sim_card[PERSONA:None]
direct_multistage_exp3,45,4,target_post_switch,target_favoring,False,repair_all,transfer,False,False,True,False,18.5,14.5,4.81678,0.0,0.07750000000000001,23.394280000000002,18.0,subset_mismatch_base_plus_linear;local_clear_failure_floor_10;invalid_local_transfer_floor_18,fast/deep/deep/deep/deep,fast/deep/deep/deep/deep,mostly_deep_vs_mostly_deep_required,all_stage_modes_match,True,0,0,5,13,[mms_issue]airplane_mode_on|bad_network_preference|bad_wifi_calling|break_apn_mms_setting|break_app_storage_permission|unseat_sim_card[PERSONA:Easy]
direct_multistage_exp3,46,4,target_post_switch,target_favoring,True,repair_subset,transfer,False,False,False,False,22.5,18.5,5.335745,0.0,0.06870000000000001,27.904445,18.0,subset_mismatch_base_plus_linear;local_clear_failure_floor_10;local_clear_and_aux_failure_floor_12;invalid_local_transfer_floor_18,fast/deep/fast/deep/deep,fast/deep/deep/deep/deep,mostly_deep_vs_mostly_deep_required,fast_on_deep_required,False,1,0,4,13,[mms_issue]airplane_mode_on|bad_network_preference|bad_wifi_calling|break_apn_mms_setting|break_app_both_permissions|data_mode_off|data_usage_exceeded|unseat_sim_card|user_abroad_roaming_disabled_on[PERSONA:Hard]
direct_multistage_exp3,47,4,target_post_switch,target_favoring,True,repair_subset,transfer,False,False,False,False,22.5,18.5,6.02848,0.0,0.07010000000000001,28.59858,18.0,subset_mismatch_base_plus_linear;local_clear_failure_floor_10;local_clear_and_aux_failure_floor_12;invalid_local_transfer_floor_18,fast/deep/fast/deep/deep,fast/deep/deep/deep/deep,mostly_deep_vs_mostly_deep_required,fast_on_deep_required,False,1,0,4,14,[mms_issue]airplane_mode_on|bad_network_preference|bad_wifi_calling|break_apn_mms_setting|break_app_sms_permission|data_mode_off|data_usage_exceeded|unseat_sim_card|user_abroad_roaming_disabled_on[PERSONA:None]
direct_multistage_exp3,48,4,target_post_switch,target_favoring,True,repair_subset,transfer,False,False,False,False,24.5,20.5,5.00582,0.0,0.0777,29.58352,18.0,subset_mismatch_base_plus_linear;local_clear_failure_floor_10;local_clear_and_aux_failure_floor_12;invalid_local_transfer_floor_18,fast/deep/deep/deep/deep,fast/deep/deep/deep/deep,mostly_deep_vs_mostly_deep_required,all_stage_modes_match,True,0,0,5,13,[mms_issue]airplane_mode_on|bad_network_preference|bad_wifi_calling|break_apn_mms_setting|break_app_both_permissions|data_mode_off|data_usage_exceeded|unseat_sim_card|user_abroad_roaming_enabled_off[PERSONA:Hard]
direct_multistage_exp3,49,4,target_post_switch,target_favoring,True,repair_all,transfer,False,False,True,False,22.5,18.5,5.190515,0.0,0.06970000000000001,27.760215000000002,18.0,subset_mismatch_base_plus_linear;local_clear_failure_floor_10;invalid_local_transfer_floor_18,fast/fast/deep/deep/deep,fast/deep/deep/deep/deep,mostly_deep_vs_mostly_deep_required,fast_on_deep_required,False,1,0,4,12,[mms_issue]airplane_mode_on|bad_network_preference|bad_wifi_calling|break_apn_mms_setting|break_app_sms_permission|data_mode_off|unseat_sim_card|user_abroad_roaming_enabled_off[PERSONA:None]
direct_multistage_exp3,50,5,target_post_switch,target_favoring,False,repair_all,repair_all,True,True,True,True,0.0,0.0,4.63064,0.0,0.07590000000000001,4.7065399999999995,,,deep/fast/deep/deep/deep,fast/deep/deep/deep/deep,mostly_deep_vs_mostly_deep_required,both_mismatch_types,False,1,1,3,13,[mms_issue]bad_wifi_calling|break_apn_mms_setting|break_app_storage_permission|unseat_sim_card[PERSONA:Easy]
direct_multistage_exp3,51,5,target_post_switch,target_favoring,False,repair_all,repair_all,True,True,True,True,0.0,0.0,4.289015,0.0,0.0758,4.364815,,,fast/deep/deep/deep/deep,fast/deep/deep/deep/deep,mostly_deep_vs_mostly_deep_required,all_stage_modes_match,True,0,0,5,13,[mms_issue]bad_wifi_calling|break_apn_mms_setting|break_app_sms_permission|unseat_sim_card[PERSONA:None]
direct_multistage_exp3,52,5,target_post_switch,target_favoring,False,repair_all,repair_all,True,True,True,True,0.0,0.0,4.584855,0.0,0.07780000000000001,4.662655,,,fast/deep/deep/fast/deep,fast/deep/deep/deep/deep,mostly_deep_vs_mostly_deep_required,fast_on_deep_required,False,1,0,4,12,[mms_issue]bad_wifi_calling|break_apn_mms_setting|break_app_sms_permission|user_abroad_roaming_enabled_off[PERSONA:Easy]
direct_multistage_exp3,53,5,target_post_switch,target_favoring,False,repair_all,repair_all,True,True,True,True,0.0,0.0,4.30109,0.0,0.0772,4.378290000000001,,,deep/deep/deep/deep/deep,fast/deep/deep/deep/deep,mostly_deep_vs_mostly_deep_required,deep_on_fast_required,False,0,1,4,13,[mms_issue]airplane_mode_on|bad_wifi_calling|break_apn_mms_setting|break_app_storage_permission|user_abroad_roaming_enabled_off[PERSONA:None]
direct_multistage_exp3,54,5,target_post_switch,target_favoring,False,repair_all,repair_all,True,True,True,True,0.0,0.0,4.09124,0.0,0.06480000000000001,4.15604,,,fast/fast/deep/deep/deep,fast/deep/deep/deep/deep,mostly_deep_vs_mostly_deep_required,fast_on_deep_required,False,1,0,4,11,[mms_issue]bad_wifi_calling|break_apn_mms_setting|break_app_storage_permission|data_mode_off|unseat_sim_card[PERSONA:None]
direct_multistage_exp3,55,5,target_post_switch,target_favoring,False,repair_all,repair_subset,False,False,False,False,14.0,7.0,4.308525,0.0,0.06910000000000001,18.377625000000002,14.0,subset_mismatch_base_plus_linear;local_clear_failure_floor_10;local_clear_and_aux_failure_floor_12;fast_path_on_deep_required_clear_failure_floor_14,fast/fast/deep/fast/deep,fast/deep/deep/deep/deep,mostly_fast_vs_mostly_deep_required,fast_on_deep_required,False,2,0,3,10,[mms_issue]airplane_mode_on|bad_network_preference|bad_wifi_calling|break_apn_mms_setting|break_app_storage_permission|unseat_sim_card[PERSONA:Easy]
direct_multistage_exp3,56,5,target_post_switch,target_favoring,True,repair_subset,repair_subset,True,True,False,False,6.0,2.0,5.686985,0.0,0.0772,11.764185000000001,6.0,clear_but_aux_failure_floor_6,deep/deep/deep/deep/deep,fast/deep/deep/deep/deep,mostly_deep_vs_mostly_deep_required,deep_on_fast_required,False,0,1,4,15,[mms_issue]airplane_mode_on|bad_network_preference|bad_wifi_calling|break_apn_mms_setting|break_app_both_permissions|data_mode_off|data_usage_exceeded|unseat_sim_card|user_abroad_roaming_disabled_on[PERSONA:Hard]
direct_multistage_exp3,57,5,target_post_switch,target_favoring,True,repair_subset,transfer,False,False,False,False,22.5,18.5,4.970035,0.0,0.07750000000000001,27.547535,18.0,subset_mismatch_base_plus_linear;local_clear_failure_floor_10;local_clear_and_aux_failure_floor_12;invalid_local_transfer_floor_18,fast/deep/deep/deep/deep,fast/deep/deep/deep/deep,mostly_deep_vs_mostly_deep_required,all_stage_modes_match,True,0,0,5,13,[mms_issue]airplane_mode_on|bad_network_preference|bad_wifi_calling|break_apn_mms_setting|break_app_sms_permission|data_mode_off|data_usage_exceeded|unseat_sim_card|user_abroad_roaming_disabled_on[PERSONA:None]
direct_multistage_exp3,58,5,target_post_switch,target_favoring,True,repair_subset,repair_subset,False,False,False,False,17.0,13.0,5.49516,0.0,0.061900000000000004,22.55706,14.0,subset_mismatch_base_plus_linear;local_clear_failure_floor_10;local_clear_and_aux_failure_floor_12;fast_path_on_deep_required_clear_failure_floor_14,fast/fast/fast/deep/fast,fast/deep/deep/deep/deep,mostly_fast_vs_mostly_deep_required,fast_on_deep_required,False,3,0,2,11,[mms_issue]airplane_mode_on|bad_network_preference|bad_wifi_calling|break_apn_mms_setting|break_app_both_permissions|data_mode_off|data_usage_exceeded|unseat_sim_card|user_abroad_roaming_enabled_off[PERSONA:Hard]
direct_multistage_exp3,59,5,target_post_switch,target_favoring,True,repair_all,transfer,False,False,True,False,22.5,18.5,5.842535,0.0,0.06520000000000001,28.407735000000002,18.0,subset_mismatch_base_plus_linear;local_clear_failure_floor_10;invalid_local_transfer_floor_18,deep/fast/deep/deep/deep,fast/deep/deep/deep/deep,mostly_deep_vs_mostly_deep_required,both_mismatch_types,False,1,1,3,14,[mms_issue]airplane_mode_on|bad_network_preference|bad_wifi_calling|break_apn_mms_setting|break_app_sms_permission|data_mode_off|unseat_sim_card|user_abroad_roaming_enabled_off[PERSONA:None]
direct_multistage_exp3,60,6,target_post_switch,target_favoring,False,repair_all,transfer,False,False,True,False,18.0,10.5,4.294965,0.0,0.0671,22.362065,18.0,subset_mismatch_base_plus_linear;local_clear_failure_floor_10;invalid_local_transfer_floor_18,fast/deep/deep/fast/deep,fast/deep/deep/deep/deep,mostly_deep_vs_mostly_deep_required,fast_on_deep_required,False,1,0,4,12,[mms_issue]bad_wifi_calling|break_apn_mms_setting|break_app_storage_permission|unseat_sim_card[PERSONA:Easy]
direct_multistage_exp3,61,6,target_post_switch,target_favoring,False,repair_all,repair_all,True,True,True,True,0.0,0.0,4.897105,0.0,0.07600000000000001,4.973104999999999,,,deep/deep/deep/deep/deep,fast/deep/deep/deep/deep,mostly_deep_vs_mostly_deep_required,deep_on_fast_required,False,0,1,4,15,[mms_issue]bad_wifi_calling|break_apn_mms_setting|break_app_sms_permission|unseat_sim_card[PERSONA:None]
direct_multistage_exp3,62,6,target_post_switch,target_favoring,False,repair_all,repair_all,True,True,True,True,0.0,0.0,4.22909,0.0,0.0758,4.30489,,,fast/deep/deep/deep/deep,fast/deep/deep/deep/deep,mostly_deep_vs_mostly_deep_required,all_stage_modes_match,True,0,0,5,13,[mms_issue]bad_wifi_calling|break_apn_mms_setting|break_app_sms_permission|user_abroad_roaming_enabled_off[PERSONA:Easy]
direct_multistage_exp3,63,6,target_post_switch,target_favoring,False,repair_all,repair_all,True,True,True,True,0.0,0.0,4.819095,0.0,0.063,4.882095,,,deep/fast/deep/deep/fast,fast/deep/deep/deep/deep,mostly_deep_vs_mostly_deep_required,both_mismatch_types,False,2,1,2,12,[mms_issue]airplane_mode_on|bad_wifi_calling|break_apn_mms_setting|break_app_storage_permission|user_abroad_roaming_enabled_off[PERSONA:None]
direct_multistage_exp3,64,6,target_post_switch,target_favoring,False,repair_all,repair_all,True,True,True,True,0.0,0.0,4.421015,0.0,0.0661,4.487114999999999,,,fast/fast/fast/deep/deep,fast/deep/deep/deep/deep,mostly_fast_vs_mostly_deep_required,fast_on_deep_required,False,2,0,3,11,[mms_issue]bad_wifi_calling|break_apn_mms_setting|break_app_storage_permission|data_mode_off|unseat_sim_card[PERSONA:None]
direct_multistage_exp3,65,6,target_post_switch,target_favoring,False,repair_all,transfer,False,False,True,False,18.5,14.5,4.48732,0.0,0.0752,23.06252,18.0,subset_mismatch_base_plus_linear;local_clear_failure_floor_10;invalid_local_transfer_floor_18,fast/deep/deep/deep/deep,fast/deep/deep/deep/deep,mostly_deep_vs_mostly_deep_required,all_stage_modes_match,True,0,0,5,13,[mms_issue]airplane_mode_on|bad_network_preference|bad_wifi_calling|break_apn_mms_setting|break_app_storage_permission|unseat_sim_card[PERSONA:Easy]
direct_multistage_exp3,66,6,target_post_switch,target_favoring,True,repair_subset,repair_subset,True,True,False,False,6.0,2.0,4.57334,0.0,0.07900000000000001,10.652339999999999,6.0,clear_but_aux_failure_floor_6,fast/deep/deep/deep/deep,fast/deep/deep/deep/deep,mostly_deep_vs_mostly_deep_required,all_stage_modes_match,True,0,0,5,12,[mms_issue]airplane_mode_on|bad_network_preference|bad_wifi_calling|break_apn_mms_setting|break_app_both_permissions|data_mode_off|data_usage_exceeded|unseat_sim_card|user_abroad_roaming_disabled_on[PERSONA:Hard]
direct_multistage_exp3,67,6,target_post_switch,target_favoring,True,repair_subset,transfer,False,False,False,False,22.5,18.5,4.92473,0.0,0.0758,27.50053,18.0,subset_mismatch_base_plus_linear;local_clear_failure_floor_10;local_clear_and_aux_failure_floor_12;invalid_local_transfer_floor_18,fast/deep/deep/deep/deep,fast/deep/deep/deep/deep,mostly_deep_vs_mostly_deep_required,all_stage_modes_match,True,0,0,5,13,[mms_issue]airplane_mode_on|bad_network_preference|bad_wifi_calling|break_apn_mms_setting|break_app_sms_permission|data_mode_off|data_usage_exceeded|unseat_sim_card|user_abroad_roaming_disabled_on[PERSONA:None]
direct_multistage_exp3,68,6,target_post_switch,target_favoring,True,repair_subset,repair_subset,False,False,False,False,17.0,13.0,4.64186,0.0,0.071,21.712860000000003,12.0,subset_mismatch_base_plus_linear;local_clear_failure_floor_10;local_clear_and_aux_failure_floor_12,fast/fast/deep/deep/deep,fast/deep/deep/deep/deep,mostly_deep_vs_mostly_deep_required,fast_on_deep_required,False,1,0,4,11,[mms_issue]airplane_mode_on|bad_network_preference|bad_wifi_calling|break_apn_mms_setting|break_app_both_permissions|data_mode_off|data_usage_exceeded|unseat_sim_card|user_abroad_roaming_enabled_off[PERSONA:Hard]
direct_multistage_exp3,69,6,target_post_switch,target_favoring,True,repair_all,transfer,False,False,True,False,22.5,18.5,6.145295,0.0,0.0708,28.716095,18.0,subset_mismatch_base_plus_linear;local_clear_failure_floor_10;invalid_local_transfer_floor_18,deep/fast/fast/deep/deep,fast/deep/deep/deep/deep,mostly_deep_vs_mostly_deep_required,both_mismatch_types,False,2,1,2,14,[mms_issue]airplane_mode_on|bad_network_preference|bad_wifi_calling|break_apn_mms_setting|break_app_sms_permission|data_mode_off|unseat_sim_card|user_abroad_roaming_enabled_off[PERSONA:None]
direct_multistage_exp3,70,7,target_post_switch,target_favoring,False,repair_all,repair_all,True,True,True,True,0.0,0.0,4.692885,0.0,0.0772,4.770085000000001,,,deep/deep/deep/deep/deep,fast/deep/deep/deep/deep,mostly_deep_vs_mostly_deep_required,deep_on_fast_required,False,0,1,4,14,[mms_issue]bad_wifi_calling|break_apn_mms_setting|break_app_storage_permission|unseat_sim_card[PERSONA:Easy]
direct_multistage_exp3,71,7,target_post_switch,target_favoring,False,repair_all,repair_all,True,True,True,True,0.0,0.0,4.066145,0.0,0.0758,4.141945,,,fast/deep/deep/deep/deep,fast/deep/deep/deep/deep,mostly_deep_vs_mostly_deep_required,all_stage_modes_match,True,0,0,5,12,[mms_issue]bad_wifi_calling|break_apn_mms_setting|break_app_sms_permission|unseat_sim_card[PERSONA:None]
direct_multistage_exp3,72,7,target_post_switch,target_favoring,False,repair_all,repair_all,True,True,True,True,0.0,0.0,4.60173,0.0,0.07900000000000001,4.68073,,,fast/deep/deep/deep/deep,fast/deep/deep/deep/deep,mostly_deep_vs_mostly_deep_required,all_stage_modes_match,True,0,0,5,13,[mms_issue]bad_wifi_calling|break_apn_mms_setting|break_app_sms_permission|user_abroad_roaming_enabled_off[PERSONA:Easy]
direct_multistage_exp3,73,7,target_post_switch,target_favoring,False,repair_all,repair_all,True,True,True,True,0.0,0.0,4.76043,0.0,0.07750000000000001,4.83793,,,deep/deep/deep/deep/deep,fast/deep/deep/deep/deep,mostly_deep_vs_mostly_deep_required,deep_on_fast_required,False,0,1,4,14,[mms_issue]airplane_mode_on|bad_wifi_calling|break_apn_mms_setting|break_app_storage_permission|user_abroad_roaming_enabled_off[PERSONA:None]
direct_multistage_exp3,74,7,target_post_switch,target_favoring,False,repair_all,repair_all,True,True,True,True,0.0,0.0,3.862625,0.0,0.0661,3.928725,,,fast/fast/fast/deep/deep,fast/deep/deep/deep/deep,mostly_fast_vs_mostly_deep_required,fast_on_deep_required,False,2,0,3,10,[mms_issue]bad_wifi_calling|break_apn_mms_setting|break_app_storage_permission|data_mode_off|unseat_sim_card[PERSONA:None]
direct_multistage_exp3,75,7,target_post_switch,target_favoring,False,repair_all,transfer,False,False,True,False,18.5,14.5,4.439125,0.0,0.0742,23.013325000000002,18.0,subset_mismatch_base_plus_linear;local_clear_failure_floor_10;invalid_local_transfer_floor_18,fast/deep/deep/deep/deep,fast/deep/deep/deep/deep,mostly_deep_vs_mostly_deep_required,all_stage_modes_match,True,0,0,5,13,[mms_issue]airplane_mode_on|bad_network_preference|bad_wifi_calling|break_apn_mms_setting|break_app_storage_permission|unseat_sim_card[PERSONA:Easy]
direct_multistage_exp3,76,7,target_post_switch,target_favoring,True,repair_subset,repair_subset,True,True,False,False,6.0,2.0,5.109095,0.0,0.07590000000000001,11.184995,6.0,clear_but_aux_failure_floor_6,fast/deep/deep/deep/deep,fast/deep/deep/deep/deep,mostly_deep_vs_mostly_deep_required,all_stage_modes_match,True,0,0,5,13,[mms_issue]airplane_mode_on|bad_network_preference|bad_wifi_calling|break_apn_mms_setting|break_app_both_permissions|data_mode_off|data_usage_exceeded|unseat_sim_card|user_abroad_roaming_disabled_on[PERSONA:Hard]
direct_multistage_exp3,77,7,target_post_switch,target_favoring,True,repair_subset,repair_subset,False,False,False,False,14.0,5.0,6.016,0.0,0.0632,20.0792,14.0,subset_mismatch_base_plus_linear;local_clear_failure_floor_10;local_clear_and_aux_failure_floor_12;fast_path_on_deep_required_clear_failure_floor_14,deep/fast/deep/fast/fast,fast/deep/deep/deep/deep,mostly_fast_vs_mostly_deep_required,both_mismatch_types,False,3,1,1,12,[mms_issue]airplane_mode_on|bad_network_preference|bad_wifi_calling|break_apn_mms_setting|break_app_sms_permission|data_mode_off|data_usage_exceeded|unseat_sim_card|user_abroad_roaming_disabled_on[PERSONA:None]
direct_multistage_exp3,78,7,target_post_switch,target_favoring,True,repair_subset,repair_subset,False,False,False,False,18.0,14.0,5.19526,0.0,0.07600000000000001,23.27126,12.0,subset_mismatch_base_plus_linear;local_clear_failure_floor_10;local_clear_and_aux_failure_floor_12,deep/deep/deep/deep/deep,fast/deep/deep/deep/deep,mostly_deep_vs_mostly_deep_required,deep_on_fast_required,False,0,1,4,14,[mms_issue]airplane_mode_on|bad_network_preference|bad_wifi_calling|break_apn_mms_setting|break_app_both_permissions|data_mode_off|data_usage_exceeded|unseat_sim_card|user_abroad_roaming_enabled_off[PERSONA:Hard]
direct_multistage_exp3,79,7,target_post_switch,target_favoring,True,repair_all,transfer,False,False,True,False,22.5,18.5,5.387115,0.0,0.0772,27.964315,18.0,subset_mismatch_base_plus_linear;local_clear_failure_floor_10;invalid_local_transfer_floor_18,deep/deep/deep/deep/deep,fast/deep/deep/deep/deep,mostly_deep_vs_mostly_deep_required,deep_on_fast_required,False,0,1,4,14,[mms_issue]airplane_mode_on|bad_network_preference|bad_wifi_calling|break_apn_mms_setting|break_app_sms_permission|data_mode_off|unseat_sim_card|user_abroad_roaming_enabled_off[PERSONA:None]
direct_multistage_exp3,80,8,target_post_switch,target_favoring,False,repair_all,repair_all,True,True,True,True,0.0,0.0,4.59494,0.0,0.0741,4.66904,,,deep/fast/deep/deep/deep,fast/deep/deep/deep/deep,mostly_deep_vs_mostly_deep_required,both_mismatch_types,False,1,1,3,13,[mms_issue]bad_wifi_calling|break_apn_mms_setting|break_app_storage_permission|unseat_sim_card[PERSONA:Easy]
direct_multistage_exp3,81,8,target_post_switch,target_favoring,False,repair_all,repair_all,True,True,True,True,0.0,0.0,3.710505,0.0,0.0752,3.785705,,,fast/deep/deep/deep/deep,fast/deep/deep/deep/deep,mostly_deep_vs_mostly_deep_required,all_stage_modes_match,True,0,0,5,12,[mms_issue]bad_wifi_calling|break_apn_mms_setting|break_app_sms_permission|unseat_sim_card[PERSONA:None]
direct_multistage_exp3,82,8,target_post_switch,target_favoring,False,repair_all,repair_all,True,True,True,True,0.0,0.0,4.02458,0.0,0.07900000000000001,4.10358,,,fast/deep/deep/deep/deep,fast/deep/deep/deep/deep,mostly_deep_vs_mostly_deep_required,all_stage_modes_match,True,0,0,5,12,[mms_issue]bad_wifi_calling|break_apn_mms_setting|break_app_sms_permission|user_abroad_roaming_enabled_off[PERSONA:Easy]
direct_multistage_exp3,83,8,target_post_switch,target_favoring,False,repair_all,repair_all,True,True,True,True,0.0,0.0,4.35931,0.0,0.06920000000000001,4.42851,,,fast/fast/fast/deep/deep,fast/deep/deep/deep/deep,mostly_fast_vs_mostly_deep_required,fast_on_deep_required,False,2,0,3,11,[mms_issue]airplane_mode_on|bad_wifi_calling|break_apn_mms_setting|break_app_storage_permission|user_abroad_roaming_enabled_off[PERSONA:None]
direct_multistage_exp3,84,8,target_post_switch,target_favoring,False,repair_all,repair_all,True,True,True,True,0.0,0.0,5.54738,0.0,0.0684,5.61578,,,deep/fast/fast/deep/deep,fast/deep/deep/deep/deep,mostly_deep_vs_mostly_deep_required,both_mismatch_types,False,2,1,2,14,[mms_issue]bad_wifi_calling|break_apn_mms_setting|break_app_storage_permission|data_mode_off|unseat_sim_card[PERSONA:None]
direct_multistage_exp3,85,8,target_post_switch,target_favoring,False,repair_all,repair_subset,False,False,False,False,12.0,7.0,4.836505,0.0,0.0729,16.909405,12.0,subset_mismatch_base_plus_linear;local_clear_failure_floor_10;local_clear_and_aux_failure_floor_12,fast/deep/deep/fast/deep,fast/deep/deep/deep/deep,mostly_deep_vs_mostly_deep_required,fast_on_deep_required,False,1,0,4,12,[mms_issue]airplane_mode_on|bad_network_preference|bad_wifi_calling|break_apn_mms_setting|break_app_storage_permission|unseat_sim_card[PERSONA:Easy]
direct_multistage_exp3,86,8,target_post_switch,target_favoring,True,repair_subset,repair_subset,True,True,False,False,6.0,2.0,5.19135,0.0,0.07600000000000001,11.26735,6.0,clear_but_aux_failure_floor_6,deep/deep/deep/deep/deep,fast/deep/deep/deep/deep,mostly_deep_vs_mostly_deep_required,deep_on_fast_required,False,0,1,4,14,[mms_issue]airplane_mode_on|bad_network_preference|bad_wifi_calling|break_apn_mms_setting|break_app_both_permissions|data_mode_off|data_usage_exceeded|unseat_sim_card|user_abroad_roaming_disabled_on[PERSONA:Hard]
direct_multistage_exp3,87,8,target_post_switch,target_favoring,True,repair_subset,repair_subset,False,False,True,False,19.0,15.0,5.63397,0.0,0.0758,24.70977,10.0,subset_mismatch_base_plus_linear;local_clear_failure_floor_10,fast/deep/deep/deep/deep,fast/deep/deep/deep/deep,mostly_deep_vs_mostly_deep_required,all_stage_modes_match,True,0,0,5,14,[mms_issue]airplane_mode_on|bad_network_preference|bad_wifi_calling|break_apn_mms_setting|break_app_sms_permission|data_mode_off|data_usage_exceeded|unseat_sim_card|user_abroad_roaming_disabled_on[PERSONA:None]
direct_multistage_exp3,88,8,target_post_switch,target_favoring,True,repair_subset,transfer,False,False,False,False,25.5,21.5,6.201155,0.0,0.0627,31.763855,18.0,subset_mismatch_base_plus_linear;local_clear_failure_floor_10;local_clear_and_aux_failure_floor_12;invalid_local_transfer_floor_18,deep/fast/fast/deep/deep,fast/deep/deep/deep/deep,mostly_deep_vs_mostly_deep_required,both_mismatch_types,False,2,1,2,14,[mms_issue]airplane_mode_on|bad_network_preference|bad_wifi_calling|break_apn_mms_setting|break_app_both_permissions|data_mode_off|data_usage_exceeded|unseat_sim_card|user_abroad_roaming_enabled_off[PERSONA:Hard]
direct_multistage_exp3,89,8,target_post_switch,target_favoring,True,repair_all,repair_all,True,True,True,True,0.0,0.0,5.6202,0.0,0.0752,5.695399999999999,,,fast/deep/deep/deep/deep,fast/deep/deep/deep/deep,mostly_deep_vs_mostly_deep_required,all_stage_modes_match,True,0,0,5,14,[mms_issue]airplane_mode_on|bad_network_preference|bad_wifi_calling|break_apn_mms_setting|break_app_sms_permission|data_mode_off|unseat_sim_card|user_abroad_roaming_enabled_off[PERSONA:None]
direct_multistage_exp3,90,9,target_post_switch,target_favoring,False,repair_all,repair_all,True,True,True,True,0.0,0.0,4.246775,0.0,0.0639,4.310675000000001,,,fast/fast/fast/fast/deep,fast/deep/deep/deep/deep,mostly_fast_vs_mostly_deep_required,fast_on_deep_required,False,3,0,2,10,[mms_issue]bad_wifi_calling|break_apn_mms_setting|break_app_storage_permission|unseat_sim_card[PERSONA:Easy]
direct_multistage_exp3,91,9,target_post_switch,target_favoring,False,repair_all,repair_all,True,True,True,True,0.0,0.0,4.326415,0.0,0.0753,4.401715,,,deep/deep/deep/deep/deep,fast/deep/deep/deep/deep,mostly_deep_vs_mostly_deep_required,deep_on_fast_required,False,0,1,4,14,[mms_issue]bad_wifi_calling|break_apn_mms_setting|break_app_sms_permission|unseat_sim_card[PERSONA:None]
direct_multistage_exp3,92,9,target_post_switch,target_favoring,False,repair_all,repair_all,True,True,True,True,0.0,0.0,4.62888,0.0,0.07600000000000001,4.704879999999999,,,deep/deep/deep/deep/deep,fast/deep/deep/deep/deep,mostly_deep_vs_mostly_deep_required,deep_on_fast_required,False,0,1,4,14,[mms_issue]bad_wifi_calling|break_apn_mms_setting|break_app_sms_permission|user_abroad_roaming_enabled_off[PERSONA:Easy]
direct_multistage_exp3,93,9,target_post_switch,target_favoring,False,repair_all,repair_all,True,True,True,True,0.0,0.0,4.77819,0.0,0.0758,4.8539900000000005,,,fast/deep/deep/deep/deep,fast/deep/deep/deep/deep,mostly_deep_vs_mostly_deep_required,all_stage_modes_match,True,0,0,5,13,[mms_issue]airplane_mode_on|bad_wifi_calling|break_apn_mms_setting|break_app_storage_permission|user_abroad_roaming_enabled_off[PERSONA:None]
direct_multistage_exp3,94,9,target_post_switch,target_favoring,False,repair_all,repair_all,True,True,True,True,0.0,0.0,3.924535,0.0,0.0799,4.004435,,,fast/deep/deep/deep/deep,fast/deep/deep/deep/deep,mostly_deep_vs_mostly_deep_required,all_stage_modes_match,True,0,0,5,12,[mms_issue]bad_wifi_calling|break_apn_mms_setting|break_app_storage_permission|data_mode_off|unseat_sim_card[PERSONA:None]
direct_multistage_exp3,95,9,target_post_switch,target_favoring,False,repair_all,repair_subset,False,False,True,False,10.0,5.0,4.997065,0.0,0.0682,15.065265,10.0,subset_mismatch_base_plus_linear;local_clear_failure_floor_10,deep/fast/deep/deep/deep,fast/deep/deep/deep/deep,mostly_deep_vs_mostly_deep_required,both_mismatch_types,False,1,1,3,13,[mms_issue]airplane_mode_on|bad_network_preference|bad_wifi_calling|break_apn_mms_setting|break_app_storage_permission|unseat_sim_card[PERSONA:Easy]
direct_multistage_exp3,96,9,target_post_switch,target_favoring,True,repair_subset,transfer,False,False,False,False,22.5,18.5,5.026305,0.0,0.07900000000000001,27.605305,18.0,subset_mismatch_base_plus_linear;local_clear_failure_floor_10;local_clear_and_aux_failure_floor_12;invalid_local_transfer_floor_18,fast/deep/deep/deep/deep,fast/deep/deep/deep/deep,mostly_deep_vs_mostly_deep_required,all_stage_modes_match,True,0,0,5,13,[mms_issue]airplane_mode_on|bad_network_preference|bad_wifi_calling|break_apn_mms_setting|break_app_both_permissions|data_mode_off|data_usage_exceeded|unseat_sim_card|user_abroad_roaming_disabled_on[PERSONA:Hard]
direct_multistage_exp3,97,9,target_post_switch,target_favoring,True,repair_subset,transfer,False,False,False,False,23.5,19.5,4.541105,0.0,0.0703,28.111404999999998,18.0,subset_mismatch_base_plus_linear;local_clear_failure_floor_10;local_clear_and_aux_failure_floor_12;invalid_local_transfer_floor_18,fast/fast/deep/deep/deep,fast/deep/deep/deep/deep,mostly_deep_vs_mostly_deep_required,fast_on_deep_required,False,1,0,4,11,[mms_issue]airplane_mode_on|bad_network_preference|bad_wifi_calling|break_apn_mms_setting|break_app_sms_permission|data_mode_off|data_usage_exceeded|unseat_sim_card|user_abroad_roaming_disabled_on[PERSONA:None]
direct_multistage_exp3,98,9,target_post_switch,target_favoring,True,repair_subset,repair_subset,False,False,False,False,17.0,13.0,5.339105,0.0,0.0758,22.414905,12.0,subset_mismatch_base_plus_linear;local_clear_failure_floor_10;local_clear_and_aux_failure_floor_12,fast/deep/deep/deep/deep,fast/deep/deep/deep/deep,mostly_deep_vs_mostly_deep_required,all_stage_modes_match,True,0,0,5,13,[mms_issue]airplane_mode_on|bad_network_preference|bad_wifi_calling|break_apn_mms_setting|break_app_both_permissions|data_mode_off|data_usage_exceeded|unseat_sim_card|user_abroad_roaming_enabled_off[PERSONA:Hard]
direct_multistage_exp3,99,9,target_post_switch,target_favoring,True,repair_all,transfer,False,False,True,False,22.5,18.5,4.27261,0.0,0.06470000000000001,26.83731,18.0,subset_mismatch_base_plus_linear;local_clear_failure_floor_10;invalid_local_transfer_floor_18,fast/deep/deep/deep/deep,fast/deep/deep/deep/deep,mostly_deep_vs_mostly_deep_required,all_stage_modes_match,True,0,0,5,12,[mms_issue]airplane_mode_on|bad_network_preference|bad_wifi_calling|break_apn_mms_setting|break_app_sms_permission|data_mode_off|unseat_sim_card|user_abroad_roaming_enabled_off[PERSONA:None]
epsilon_exp3,0,0,trap_pre_switch,trap_favoring,False,repair_all,repair_all,True,True,True,True,0.0,0.0,3.944445,0.0,0.0655,4.009945,,,fast/fast/deep/deep/deep,fast/fast/fast/fast/fast,mostly_deep_vs_mostly_fast_required,deep_on_fast_required,False,0,3,2,10,[mms_issue]airplane_mode_on|bad_wifi_calling|break_app_storage_permission[PERSONA:Easy]
epsilon_exp3,1,0,trap_pre_switch,trap_favoring,False,repair_all,repair_all,True,True,True,True,0.0,0.0,4.231905,0.0,0.063,4.294905,,,deep/fast/deep/deep/fast,fast/fast/fast/fast/fast,mostly_deep_vs_mostly_fast_required,deep_on_fast_required,False,0,3,2,12,[mms_issue]airplane_mode_on|bad_wifi_calling|break_app_sms_permission[PERSONA:None]
epsilon_exp3,2,0,trap_pre_switch,trap_favoring,False,repair_all,repair_all,True,True,True,True,0.0,0.0,7.616145,0.0,0.0591,7.675245,,,fast/deep/deep/deep/fast,fast/fast/fast/fast/fast,mostly_deep_vs_mostly_fast_required,deep_on_fast_required,False,0,3,2,18,[mms_issue]bad_wifi_calling[PERSONA:Easy]
epsilon_exp3,3,0,trap_pre_switch,trap_favoring,False,repair_all,repair_all,True,True,True,True,0.0,0.0,9.902675,0.0,0.0777,9.980375,,,fast/deep/deep/deep/deep,fast/fast/fast/fast/fast,mostly_deep_vs_mostly_fast_required,deep_on_fast_required,False,0,4,1,19,[mms_issue]bad_wifi_calling|break_app_storage_permission[PERSONA:Easy]
epsilon_exp3,4,0,trap_pre_switch,trap_favoring,False,repair_all,repair_all,True,True,True,True,0.0,0.0,13.35656,0.0,0.07600000000000001,13.43256,,,deep/deep/deep/deep/deep,fast/fast/fast/fast/fast,mostly_deep_vs_mostly_fast_required,deep_on_fast_required,False,0,5,0,25,[mms_issue]bad_wifi_calling|break_app_sms_permission[PERSONA:None]
epsilon_exp3,5,0,trap_pre_switch,trap_favoring,False,repair_all,repair_all,True,True,True,True,0.0,0.0,5.802325,0.0,0.0753,5.877625,,,deep/deep/deep/deep/deep,fast/fast/fast/fast/fast,mostly_deep_vs_mostly_fast_required,deep_on_fast_required,False,0,5,0,15,[mms_issue]bad_network_preference|bad_wifi_calling|break_app_storage_permission[PERSONA:Hard]
epsilon_exp3,6,0,trap_pre_switch,trap_favoring,False,repair_all,repair_all,True,True,True,True,0.0,0.0,4.548705,0.0,0.0702,4.618905,,,deep/fast/deep/deep/deep,fast/fast/fast/fast/fast,mostly_deep_vs_mostly_fast_required,deep_on_fast_required,False,0,4,1,12,[mms_issue]bad_wifi_calling|break_app_sms_permission|data_mode_off[PERSONA:None]
epsilon_exp3,7,0,trap_pre_switch,trap_favoring,False,repair_all,repair_all,True,True,True,True,0.0,0.0,3.9326,0.0,0.0736,4.0062,,,fast/fast/deep/deep/deep,fast/fast/fast/fast/fast,mostly_deep_vs_mostly_fast_required,deep_on_fast_required,False,0,3,2,10,[mms_issue]bad_network_preference|bad_wifi_calling|break_app_sms_permission[PERSONA:Easy]
epsilon_exp3,8,0,trap_pre_switch,trap_favoring,False,repair_all,repair_all,True,True,True,True,0.0,0.0,3.942725,0.0,0.0703,4.013025,,,fast/fast/deep/deep/deep,fast/fast/fast/fast/fast,mostly_deep_vs_mostly_fast_required,deep_on_fast_required,False,0,3,2,10,[mms_issue]bad_wifi_calling|break_app_storage_permission|data_mode_off[PERSONA:Easy]
epsilon_exp3,9,0,trap_pre_switch,trap_favoring,False,repair_all,repair_all,True,True,True,True,0.0,0.0,4.298875,0.0,0.07020000000000001,4.369075,,,deep/fast/deep/deep/deep,fast/fast/fast/fast/fast,mostly_deep_vs_mostly_fast_required,deep_on_fast_required,False,0,4,1,12,[mms_issue]airplane_mode_on|bad_wifi_calling[PERSONA:Easy]
epsilon_exp3,10,1,trap_pre_switch,trap_favoring,False,repair_all,repair_all,True,True,True,True,0.0,0.0,4.65481,0.0,0.0732,4.72801,,,fast/deep/deep/deep/deep,fast/fast/fast/fast/fast,mostly_deep_vs_mostly_fast_required,deep_on_fast_required,False,0,4,1,12,[mms_issue]airplane_mode_on|bad_wifi_calling|break_app_storage_permission[PERSONA:Easy]
epsilon_exp3,11,1,trap_pre_switch,trap_favoring,False,repair_all,repair_all,True,True,True,True,0.0,0.0,3.72007,0.0,0.0586,3.7786700000000004,,,fast/fast/fast/deep/deep,fast/fast/fast/fast/fast,mostly_fast_vs_mostly_fast_required,deep_on_fast_required,False,0,2,3,10,[mms_issue]airplane_mode_on|bad_wifi_calling|break_app_sms_permission[PERSONA:None]
epsilon_exp3,12,1,trap_pre_switch,trap_favoring,False,repair_all,repair_all,True,True,True,True,0.0,0.0,9.740745,0.0,0.06570000000000001,9.806445,,,deep/fast/deep/deep/deep,fast/fast/fast/fast/fast,mostly_deep_vs_mostly_fast_required,deep_on_fast_required,False,0,4,1,20,[mms_issue]bad_wifi_calling[PERSONA:Easy]
epsilon_exp3,13,1,trap_pre_switch,trap_favoring,False,repair_all,repair_all,True,True,True,True,0.0,0.0,4.043905,0.0,0.0659,4.109805,,,fast/deep/fast/fast/deep,fast/fast/fast/fast/fast,mostly_fast_vs_mostly_fast_required,deep_on_fast_required,False,0,2,3,12,[mms_issue]bad_wifi_calling|break_app_storage_permission[PERSONA:Easy]
epsilon_exp3,14,1,trap_pre_switch,trap_favoring,False,repair_all,repair_all,True,True,True,True,0.0,0.0,3.992455,0.0,0.06760000000000001,4.060055,,,fast/fast/fast/deep/deep,fast/fast/fast/fast/fast,mostly_fast_vs_mostly_fast_required,deep_on_fast_required,False,0,2,3,11,[mms_issue]bad_wifi_calling|break_app_sms_permission[PERSONA:None]
epsilon_exp3,15,1,trap_pre_switch,trap_favoring,False,repair_all,repair_all,True,True,True,True,0.0,0.0,4.3783,0.0,0.0699,4.4482,,,fast/deep/fast/deep/deep,fast/fast/fast/fast/fast,mostly_deep_vs_mostly_fast_required,deep_on_fast_required,False,0,3,2,12,[mms_issue]bad_network_preference|bad_wifi_calling|break_app_storage_permission[PERSONA:Hard]
epsilon_exp3,16,1,trap_pre_switch,trap_favoring,False,repair_all,repair_all,True,True,True,True,0.0,0.0,4.540425,0.0,0.0695,4.609925,,,deep/fast/deep/deep/deep,fast/fast/fast/fast/fast,mostly_deep_vs_mostly_fast_required,deep_on_fast_required,False,0,4,1,12,[mms_issue]bad_wifi_calling|break_app_sms_permission|data_mode_off[PERSONA:None]
epsilon_exp3,17,1,trap_pre_switch,trap_favoring,False,repair_all,repair_all,True,True,True,True,0.0,0.0,5.255155,0.0,0.0753,5.330455000000001,,,deep/deep/deep/deep/deep,fast/fast/fast/fast/fast,mostly_deep_vs_mostly_fast_required,deep_on_fast_required,False,0,5,0,14,[mms_issue]bad_network_preference|bad_wifi_calling|break_app_sms_permission[PERSONA:Easy]
epsilon_exp3,18,1,trap_pre_switch,trap_favoring,False,repair_all,repair_all,True,True,True,True,0.0,0.0,4.28663,0.0,0.06899999999999999,4.35563,,,deep/fast/fast/deep/deep,fast/fast/fast/fast/fast,mostly_deep_vs_mostly_fast_required,deep_on_fast_required,False,0,3,2,12,[mms_issue]bad_wifi_calling|break_app_storage_permission|data_mode_off[PERSONA:Easy]
epsilon_exp3,19,1,trap_pre_switch,trap_favoring,False,repair_all,repair_all,True,True,True,True,0.0,0.0,4.098375,0.0,0.0671,4.165475,,,deep/fast/fast/deep/deep,fast/fast/fast/fast/fast,mostly_deep_vs_mostly_fast_required,deep_on_fast_required,False,0,3,2,12,[mms_issue]airplane_mode_on|bad_wifi_calling[PERSONA:Easy]
epsilon_exp3,20,2,trap_pre_switch,trap_favoring,False,repair_all,repair_all,True,True,True,True,0.0,0.0,3.71828,0.0,0.0731,3.79138,,,fast/fast/fast/deep/deep,fast/fast/fast/fast/fast,mostly_fast_vs_mostly_fast_required,deep_on_fast_required,False,0,2,3,10,[mms_issue]airplane_mode_on|bad_wifi_calling|break_app_storage_permission[PERSONA:Easy]
epsilon_exp3,21,2,trap_pre_switch,trap_favoring,False,repair_all,repair_all,True,True,True,True,0.0,0.0,4.68477,0.0,0.07590000000000001,4.76067,,,fast/deep/deep/deep/deep,fast/fast/fast/fast/fast,mostly_deep_vs_mostly_fast_required,deep_on_fast_required,False,0,4,1,12,[mms_issue]airplane_mode_on|bad_wifi_calling|break_app_sms_permission[PERSONA:None]
epsilon_exp3,22,2,trap_pre_switch,trap_favoring,False,repair_all,repair_all,True,True,True,True,0.0,0.0,9.163525,0.0,0.0735,9.237025,,,fast/deep/deep/deep/deep,fast/fast/fast/fast/fast,mostly_deep_vs_mostly_fast_required,deep_on_fast_required,False,0,4,1,19,[mms_issue]bad_wifi_calling[PERSONA:Easy]
epsilon_exp3,23,2,trap_pre_switch,trap_favoring,False,repair_all,repair_all,True,True,True,True,0.0,0.0,4.72641,0.0,0.0799,4.80631,,,fast/deep/deep/deep/deep,fast/fast/fast/fast/fast,mostly_deep_vs_mostly_fast_required,deep_on_fast_required,False,0,4,1,12,[mms_issue]bad_wifi_calling|break_app_storage_permission[PERSONA:Easy]
epsilon_exp3,24,2,trap_pre_switch,trap_favoring,False,repair_all,repair_all,True,True,True,True,0.0,0.0,4.24474,0.0,0.0637,4.30844,,,fast/fast/deep/deep/deep,fast/fast/fast/fast/fast,mostly_deep_vs_mostly_fast_required,deep_on_fast_required,False,0,3,2,11,[mms_issue]bad_wifi_calling|break_app_sms_permission[PERSONA:None]
epsilon_exp3,25,2,target_post_switch,target_favoring,False,repair_all,transfer,False,False,True,False,18.5,14.5,5.442465,0.0,0.0651,24.007565,18.0,subset_mismatch_base_plus_linear;local_clear_failure_floor_10;invalid_local_transfer_floor_18,deep/fast/deep/deep/deep,fast/deep/deep/deep/deep,mostly_deep_vs_mostly_deep_required,both_mismatch_types,False,1,1,3,14,[mms_issue]airplane_mode_on|bad_network_preference|bad_wifi_calling|break_apn_mms_setting|break_app_storage_permission|unseat_sim_card[PERSONA:Easy]
epsilon_exp3,26,2,target_post_switch,target_favoring,True,repair_subset,repair_subset,False,False,False,False,15.0,11.0,6.03949,0.0,0.0698,21.10929,12.0,subset_mismatch_base_plus_linear;local_clear_failure_floor_10;local_clear_and_aux_failure_floor_12,deep/fast/deep/deep/deep,fast/deep/deep/deep/deep,mostly_deep_vs_mostly_deep_required,both_mismatch_types,False,1,1,3,14,[mms_issue]airplane_mode_on|bad_network_preference|bad_wifi_calling|break_apn_mms_setting|break_app_both_permissions|data_mode_off|data_usage_exceeded|unseat_sim_card|user_abroad_roaming_disabled_on[PERSONA:Hard]
epsilon_exp3,27,2,target_post_switch,target_favoring,True,repair_subset,transfer,False,False,False,False,22.5,18.5,4.95669,0.0,0.0752,27.531889999999997,18.0,subset_mismatch_base_plus_linear;local_clear_failure_floor_10;local_clear_and_aux_failure_floor_12;invalid_local_transfer_floor_18,fast/deep/deep/deep/deep,fast/deep/deep/deep/deep,mostly_deep_vs_mostly_deep_required,all_stage_modes_match,True,0,0,5,13,[mms_issue]airplane_mode_on|bad_network_preference|bad_wifi_calling|break_apn_mms_setting|break_app_sms_permission|data_mode_off|data_usage_exceeded|unseat_sim_card|user_abroad_roaming_disabled_on[PERSONA:None]
epsilon_exp3,28,2,target_post_switch,target_favoring,True,repair_subset,transfer,False,False,False,False,24.5,20.5,5.01534,0.0,0.07750000000000001,29.592840000000002,18.0,subset_mismatch_base_plus_linear;local_clear_failure_floor_10;local_clear_and_aux_failure_floor_12;invalid_local_transfer_floor_18,fast/deep/deep/deep/deep,fast/deep/deep/deep/deep,mostly_deep_vs_mostly_deep_required,all_stage_modes_match,True,0,0,5,13,[mms_issue]airplane_mode_on|bad_network_preference|bad_wifi_calling|break_apn_mms_setting|break_app_both_permissions|data_mode_off|data_usage_exceeded|unseat_sim_card|user_abroad_roaming_enabled_off[PERSONA:Hard]
epsilon_exp3,29,2,target_post_switch,target_favoring,True,repair_all,repair_all,True,True,True,True,0.0,0.0,5.672,0.0,0.06420000000000001,5.736199999999999,,,deep/fast/fast/deep/deep,fast/deep/deep/deep/deep,mostly_deep_vs_mostly_deep_required,both_mismatch_types,False,2,1,2,13,[mms_issue]airplane_mode_on|bad_network_preference|bad_wifi_calling|break_apn_mms_setting|break_app_sms_permission|data_mode_off|unseat_sim_card|user_abroad_roaming_enabled_off[PERSONA:None]
epsilon_exp3,30,3,target_post_switch,target_favoring,False,repair_all,repair_all,True,True,True,True,0.0,0.0,4.03994,0.0,0.0722,4.112139999999999,,,fast/fast/deep/deep/deep,fast/deep/deep/deep/deep,mostly_deep_vs_mostly_deep_required,fast_on_deep_required,False,1,0,4,11,[mms_issue]bad_wifi_calling|break_apn_mms_setting|break_app_storage_permission|unseat_sim_card[PERSONA:Easy]
epsilon_exp3,31,3,target_post_switch,target_favoring,False,repair_all,repair_all,True,True,True,True,0.0,0.0,4.950445,0.0,0.0665,5.016945,,,deep/fast/fast/fast/deep,fast/deep/deep/deep/deep,mostly_fast_vs_mostly_deep_required,both_mismatch_types,False,3,1,1,12,[mms_issue]bad_wifi_calling|break_apn_mms_setting|break_app_sms_permission|unseat_sim_card[PERSONA:None]
epsilon_exp3,32,3,target_post_switch,target_favoring,False,repair_all,repair_all,True,True,True,True,0.0,0.0,3.516,0.0,0.08280000000000001,3.5988,,,fast/fast/deep/deep/deep,fast/deep/deep/deep/deep,mostly_deep_vs_mostly_deep_required,fast_on_deep_required,False,1,0,4,10,[mms_issue]bad_wifi_calling|break_apn_mms_setting|break_app_sms_permission|user_abroad_roaming_enabled_off[PERSONA:Easy]
epsilon_exp3,33,3,target_post_switch,target_favoring,False,repair_all,transfer,False,False,True,False,18.0,12.5,5.479785,0.0,0.0772,23.556985,18.0,subset_mismatch_base_plus_linear;local_clear_failure_floor_10;invalid_local_transfer_floor_18,deep/deep/deep/deep/deep,fast/deep/deep/deep/deep,mostly_deep_vs_mostly_deep_required,deep_on_fast_required,False,0,1,4,16,[mms_issue]airplane_mode_on|bad_wifi_calling|break_apn_mms_setting|break_app_storage_permission|user_abroad_roaming_enabled_off[PERSONA:None]
epsilon_exp3,34,3,target_post_switch,target_favoring,False,repair_all,repair_all,True,True,True,True,0.0,0.0,3.942635,0.0,0.0656,4.008235,,,fast/fast/fast/deep/deep,fast/deep/deep/deep/deep,mostly_fast_vs_mostly_deep_required,fast_on_deep_required,False,2,0,3,10,[mms_issue]bad_wifi_calling|break_apn_mms_setting|break_app_storage_permission|data_mode_off|unseat_sim_card[PERSONA:None]
epsilon_exp3,35,3,target_post_switch,target_favoring,False,repair_all,repair_subset,False,False,True,False,10.0,5.0,4.7342,0.0,0.07050000000000001,14.8047,10.0,subset_mismatch_base_plus_linear;local_clear_failure_floor_10,fast/fast/deep/deep/deep,fast/deep/deep/deep/deep,mostly_deep_vs_mostly_deep_required,fast_on_deep_required,False,1,0,4,12,[mms_issue]airplane_mode_on|bad_network_preference|bad_wifi_calling|break_apn_mms_setting|break_app_storage_permission|unseat_sim_card[PERSONA:Easy]
epsilon_exp3,36,3,target_post_switch,target_favoring,True,repair_subset,repair_subset,False,False,False,False,14.0,3.0,5.882875,0.0,0.0641,19.946975000000002,14.0,subset_mismatch_base_plus_linear;local_clear_failure_floor_10;local_clear_and_aux_failure_floor_12;fast_path_on_deep_required_clear_failure_floor_14,fast/fast/fast/fast/deep,fast/deep/deep/deep/deep,mostly_fast_vs_mostly_deep_required,fast_on_deep_required,False,3,0,2,11,[mms_issue]airplane_mode_on|bad_network_preference|bad_wifi_calling|break_apn_mms_setting|break_app_both_permissions|data_mode_off|data_usage_exceeded|unseat_sim_card|user_abroad_roaming_disabled_on[PERSONA:Hard]
epsilon_exp3,37,3,target_post_switch,target_favoring,True,repair_subset,transfer,False,False,False,False,23.5,19.5,4.548925,0.0,0.07310000000000001,28.122025,18.0,subset_mismatch_base_plus_linear;local_clear_failure_floor_10;local_clear_and_aux_failure_floor_12;invalid_local_transfer_floor_18,fast/fast/deep/deep/deep,fast/deep/deep/deep/deep,mostly_deep_vs_mostly_deep_required,fast_on_deep_required,False,1,0,4,11,[mms_issue]airplane_mode_on|bad_network_preference|bad_wifi_calling|break_apn_mms_setting|break_app_sms_permission|data_mode_off|data_usage_exceeded|unseat_sim_card|user_abroad_roaming_disabled_on[PERSONA:None]
epsilon_exp3,38,3,target_post_switch,target_favoring,True,repair_subset,repair_subset,True,True,False,False,6.0,2.0,4.56382,0.0,0.0726,10.63642,6.0,clear_but_aux_failure_floor_6,fast/deep/deep/deep/deep,fast/deep/deep/deep/deep,mostly_deep_vs_mostly_deep_required,all_stage_modes_match,True,0,0,5,12,[mms_issue]airplane_mode_on|bad_network_preference|bad_wifi_calling|break_apn_mms_setting|break_app_both_permissions|data_mode_off|data_usage_exceeded|unseat_sim_card|user_abroad_roaming_enabled_off[PERSONA:Hard]
epsilon_exp3,39,3,target_post_switch,target_favoring,True,repair_all,transfer,False,False,True,False,22.5,18.5,5.88882,0.0,0.06420000000000001,28.45302,18.0,subset_mismatch_base_plus_linear;local_clear_failure_floor_10;invalid_local_transfer_floor_18,deep/fast/deep/deep/fast,fast/deep/deep/deep/deep,mostly_deep_vs_mostly_deep_required,both_mismatch_types,False,2,1,2,13,[mms_issue]airplane_mode_on|bad_network_preference|bad_wifi_calling|break_apn_mms_setting|break_app_sms_permission|data_mode_off|unseat_sim_card|user_abroad_roaming_enabled_off[PERSONA:None]
epsilon_exp3,40,4,target_post_switch,target_favoring,False,repair_all,repair_all,True,True,True,True,0.0,0.0,4.32683,0.0,0.0684,4.39523,,,fast/fast/fast/deep/deep,fast/deep/deep/deep/deep,mostly_fast_vs_mostly_deep_required,fast_on_deep_required,False,2,0,3,11,[mms_issue]bad_wifi_calling|break_apn_mms_setting|break_app_storage_permission|unseat_sim_card[PERSONA:Easy]
epsilon_exp3,41,4,target_post_switch,target_favoring,False,repair_all,repair_all,True,True,True,True,0.0,0.0,4.295135,0.0,0.0742,4.369335,,,fast/deep/deep/deep/deep,fast/deep/deep/deep/deep,mostly_deep_vs_mostly_deep_required,all_stage_modes_match,True,0,0,5,13,[mms_issue]bad_wifi_calling|break_apn_mms_setting|break_app_sms_permission|unseat_sim_card[PERSONA:None]
epsilon_exp3,42,4,target_post_switch,target_favoring,False,repair_all,repair_all,True,True,True,True,0.0,0.0,4.160365,0.0,0.0729,4.233264999999999,,,fast/deep/deep/fast/deep,fast/deep/deep/deep/deep,mostly_deep_vs_mostly_deep_required,fast_on_deep_required,False,1,0,4,11,[mms_issue]bad_wifi_calling|break_apn_mms_setting|break_app_sms_permission|user_abroad_roaming_enabled_off[PERSONA:Easy]
epsilon_exp3,43,4,target_post_switch,target_favoring,False,repair_all,repair_all,True,True,True,True,0.0,0.0,3.607945,0.0,0.0661,3.674045,,,fast/fast/deep/deep/deep,fast/deep/deep/deep/deep,mostly_deep_vs_mostly_deep_required,fast_on_deep_required,False,1,0,4,10,[mms_issue]airplane_mode_on|bad_wifi_calling|break_apn_mms_setting|break_app_storage_permission|user_abroad_roaming_enabled_off[PERSONA:None]
epsilon_exp3,44,4,target_post_switch,target_favoring,False,repair_all,repair_all,True,True,True,True,0.0,0.0,4.507345,0.0,0.06520000000000001,4.572545,,,fast/fast/fast/fast/deep,fast/deep/deep/deep/deep,mostly_fast_vs_mostly_deep_required,fast_on_deep_required,False,3,0,2,10,[mms_issue]bad_wifi_calling|break_apn_mms_setting|break_app_storage_permission|data_mode_off|unseat_sim_card[PERSONA:None]
epsilon_exp3,45,4,target_post_switch,target_favoring,False,repair_all,repair_subset,False,False,False,False,14.0,5.0,7.59632,0.0,0.06949999999999999,21.66582,14.0,subset_mismatch_base_plus_linear;local_clear_failure_floor_10;local_clear_and_aux_failure_floor_12;fast_path_on_deep_required_clear_failure_floor_14,fast/deep/fast/fast/deep,fast/deep/deep/deep/deep,mostly_fast_vs_mostly_deep_required,fast_on_deep_required,False,2,0,3,17,[mms_issue]airplane_mode_on|bad_network_preference|bad_wifi_calling|break_apn_mms_setting|break_app_storage_permission|unseat_sim_card[PERSONA:Easy]
epsilon_exp3,46,4,target_post_switch,target_favoring,True,repair_subset,transfer,False,False,False,False,23.5,19.5,4.88306,0.0,0.05580000000000001,28.438860000000002,18.0,subset_mismatch_base_plus_linear;local_clear_failure_floor_10;local_clear_and_aux_failure_floor_12;fast_path_on_deep_required_clear_failure_floor_14;invalid_local_transfer_floor_18,fast/fast/deep/deep/fast,fast/deep/deep/deep/deep,mostly_fast_vs_mostly_deep_required,fast_on_deep_required,False,2,0,3,10,[mms_issue]airplane_mode_on|bad_network_preference|bad_wifi_calling|break_apn_mms_setting|break_app_both_permissions|data_mode_off|data_usage_exceeded|unseat_sim_card|user_abroad_roaming_disabled_on[PERSONA:Hard]
epsilon_exp3,47,4,target_post_switch,target_favoring,True,repair_subset,transfer,False,False,False,False,22.5,18.5,4.972925,0.0,0.0741,27.547025,18.0,subset_mismatch_base_plus_linear;local_clear_failure_floor_10;local_clear_and_aux_failure_floor_12;invalid_local_transfer_floor_18,fast/deep/deep/deep/deep,fast/deep/deep/deep/deep,mostly_deep_vs_mostly_deep_required,all_stage_modes_match,True,0,0,5,13,[mms_issue]airplane_mode_on|bad_network_preference|bad_wifi_calling|break_apn_mms_setting|break_app_sms_permission|data_mode_off|data_usage_exceeded|unseat_sim_card|user_abroad_roaming_disabled_on[PERSONA:None]
epsilon_exp3,48,4,target_post_switch,target_favoring,True,repair_subset,repair_subset,False,False,False,False,19.0,15.0,4.179375,0.0,0.0718,23.251175,12.0,subset_mismatch_base_plus_linear;local_clear_failure_floor_10;local_clear_and_aux_failure_floor_12,fast/fast/deep/deep/deep,fast/deep/deep/deep/deep,mostly_deep_vs_mostly_deep_required,fast_on_deep_required,False,1,0,4,10,[mms_issue]airplane_mode_on|bad_network_preference|bad_wifi_calling|break_apn_mms_setting|break_app_both_permissions|data_mode_off|data_usage_exceeded|unseat_sim_card|user_abroad_roaming_enabled_off[PERSONA:Hard]
epsilon_exp3,49,4,target_post_switch,target_favoring,True,repair_all,repair_all,True,True,True,True,0.0,0.0,5.1068,0.0,0.0752,5.1819999999999995,,,fast/deep/deep/deep/deep,fast/deep/deep/deep/deep,mostly_deep_vs_mostly_deep_required,all_stage_modes_match,True,0,0,5,13,[mms_issue]airplane_mode_on|bad_network_preference|bad_wifi_calling|break_apn_mms_setting|break_app_sms_permission|data_mode_off|unseat_sim_card|user_abroad_roaming_enabled_off[PERSONA:None]
epsilon_exp3,50,5,target_post_switch,target_favoring,False,repair_all,repair_all,True,True,True,True,0.0,0.0,4.62078,0.0,0.0691,4.68988,,,deep/fast/deep/deep/deep,fast/deep/deep/deep/deep,mostly_deep_vs_mostly_deep_required,both_mismatch_types,False,1,1,3,13,[mms_issue]bad_wifi_calling|break_apn_mms_setting|break_app_storage_permission|unseat_sim_card[PERSONA:Easy]
epsilon_exp3,51,5,target_post_switch,target_favoring,False,repair_all,repair_all,True,True,True,True,0.0,0.0,4.025985,0.0,0.06970000000000001,4.0956850000000005,,,fast/fast/deep/deep/deep,fast/deep/deep/deep/deep,mostly_deep_vs_mostly_deep_required,fast_on_deep_required,False,1,0,4,11,[mms_issue]bad_wifi_calling|break_apn_mms_setting|break_app_sms_permission|unseat_sim_card[PERSONA:None]
epsilon_exp3,52,5,target_post_switch,target_favoring,False,repair_all,repair_all,True,True,True,True,0.0,0.0,3.96633,0.0,0.0682,4.03453,,,fast/fast/deep/deep/deep,fast/deep/deep/deep/deep,mostly_deep_vs_mostly_deep_required,fast_on_deep_required,False,1,0,4,11,[mms_issue]bad_wifi_calling|break_apn_mms_setting|break_app_sms_permission|user_abroad_roaming_enabled_off[PERSONA:Easy]
epsilon_exp3,53,5,target_post_switch,target_favoring,False,repair_all,repair_all,True,True,True,True,0.0,0.0,4.48851,0.0,0.06780000000000001,4.55631,,,fast/fast/fast/deep/deep,fast/deep/deep/deep/deep,mostly_fast_vs_mostly_deep_required,fast_on_deep_required,False,2,0,3,11,[mms_issue]airplane_mode_on|bad_wifi_calling|break_apn_mms_setting|break_app_storage_permission|user_abroad_roaming_enabled_off[PERSONA:None]
epsilon_exp3,54,5,target_post_switch,target_favoring,False,repair_all,repair_all,True,True,True,True,0.0,0.0,3.909655,0.0,0.0621,3.971755,,,fast/fast/fast/deep/deep,fast/deep/deep/deep/deep,mostly_fast_vs_mostly_deep_required,fast_on_deep_required,False,2,0,3,10,[mms_issue]bad_wifi_calling|break_apn_mms_setting|break_app_storage_permission|data_mode_off|unseat_sim_card[PERSONA:None]
epsilon_exp3,55,5,target_post_switch,target_favoring,False,repair_all,repair_all,True,True,True,True,0.0,0.0,6.14542,0.0,0.0641,6.2095199999999995,,,fast/deep/fast/deep/deep,fast/deep/deep/deep/deep,mostly_deep_vs_mostly_deep_required,fast_on_deep_required,False,1,0,4,15,[mms_issue]airplane_mode_on|bad_network_preference|bad_wifi_calling|break_apn_mms_setting|break_app_storage_permission|unseat_sim_card[PERSONA:Easy]
epsilon_exp3,56,5,target_post_switch,target_favoring,True,repair_subset,transfer,False,False,False,False,22.5,18.5,5.634455,0.0,0.07750000000000001,28.211955,18.0,subset_mismatch_base_plus_linear;local_clear_failure_floor_10;local_clear_and_aux_failure_floor_12;invalid_local_transfer_floor_18,deep/deep/deep/deep/deep,fast/deep/deep/deep/deep,mostly_deep_vs_mostly_deep_required,deep_on_fast_required,False,0,1,4,15,[mms_issue]airplane_mode_on|bad_network_preference|bad_wifi_calling|break_apn_mms_setting|break_app_both_permissions|data_mode_off|data_usage_exceeded|unseat_sim_card|user_abroad_roaming_disabled_on[PERSONA:Hard]
epsilon_exp3,57,5,target_post_switch,target_favoring,True,repair_subset,transfer,False,False,False,False,22.5,18.5,4.961535,0.0,0.072,27.533535,18.0,subset_mismatch_base_plus_linear;local_clear_failure_floor_10;local_clear_and_aux_failure_floor_12;invalid_local_transfer_floor_18,fast/deep/deep/deep/deep,fast/deep/deep/deep/deep,mostly_deep_vs_mostly_deep_required,all_stage_modes_match,True,0,0,5,13,[mms_issue]airplane_mode_on|bad_network_preference|bad_wifi_calling|break_apn_mms_setting|break_app_sms_permission|data_mode_off|data_usage_exceeded|unseat_sim_card|user_abroad_roaming_disabled_on[PERSONA:None]
epsilon_exp3,58,5,target_post_switch,target_favoring,True,repair_subset,repair_subset,True,True,False,False,6.0,2.0,4.5764,0.0,0.0724,10.6488,6.0,clear_but_aux_failure_floor_6,fast/deep/deep/deep/deep,fast/deep/deep/deep/deep,mostly_deep_vs_mostly_deep_required,all_stage_modes_match,True,0,0,5,12,[mms_issue]airplane_mode_on|bad_network_preference|bad_wifi_calling|break_apn_mms_setting|break_app_both_permissions|data_mode_off|data_usage_exceeded|unseat_sim_card|user_abroad_roaming_enabled_off[PERSONA:Hard]
epsilon_exp3,59,5,target_post_switch,target_favoring,True,repair_all,transfer,False,False,True,False,22.5,18.5,5.219755,0.0,0.0746,27.794355,18.0,subset_mismatch_base_plus_linear;local_clear_failure_floor_10;invalid_local_transfer_floor_18,fast/fast/deep/deep/deep,fast/deep/deep/deep/deep,mostly_deep_vs_mostly_deep_required,fast_on_deep_required,False,1,0,4,12,[mms_issue]airplane_mode_on|bad_network_preference|bad_wifi_calling|break_apn_mms_setting|break_app_sms_permission|data_mode_off|unseat_sim_card|user_abroad_roaming_enabled_off[PERSONA:None]
epsilon_exp3,60,6,target_post_switch,target_favoring,False,repair_all,repair_all,True,True,True,True,0.0,0.0,4.29759,0.0,0.0685,4.36609,,,fast/fast/fast/deep/deep,fast/deep/deep/deep/deep,mostly_fast_vs_mostly_deep_required,fast_on_deep_required,False,2,0,3,11,[mms_issue]bad_wifi_calling|break_apn_mms_setting|break_app_storage_permission|unseat_sim_card[PERSONA:Easy]
epsilon_exp3,61,6,target_post_switch,target_favoring,False,repair_all,repair_all,True,True,True,True,0.0,0.0,4.022925,0.0,0.0711,4.094025,,,fast/fast/deep/deep/deep,fast/deep/deep/deep/deep,mostly_deep_vs_mostly_deep_required,fast_on_deep_required,False,1,0,4,11,[mms_issue]bad_wifi_calling|break_apn_mms_setting|break_app_sms_permission|unseat_sim_card[PERSONA:None]
epsilon_exp3,62,6,target_post_switch,target_favoring,False,repair_all,repair_all,True,True,True,True,0.0,0.0,4.437765,0.0,0.0655,4.503265,,,fast/deep/fast/deep/deep,fast/deep/deep/deep/deep,mostly_deep_vs_mostly_deep_required,fast_on_deep_required,False,1,0,4,13,[mms_issue]bad_wifi_calling|break_apn_mms_setting|break_app_sms_permission|user_abroad_roaming_enabled_off[PERSONA:Easy]
epsilon_exp3,63,6,target_post_switch,target_favoring,False,repair_all,repair_all,True,True,True,True,0.0,0.0,3.663025,0.0,0.072,3.7350250000000003,,,fast/fast/deep/deep/deep,fast/deep/deep/deep/deep,mostly_deep_vs_mostly_deep_required,fast_on_deep_required,False,1,0,4,10,[mms_issue]airplane_mode_on|bad_wifi_calling|break_apn_mms_setting|break_app_storage_permission|user_abroad_roaming_enabled_off[PERSONA:None]
epsilon_exp3,64,6,target_post_switch,target_favoring,False,repair_all,repair_all,True,True,True,True,0.0,0.0,4.87727,0.0,0.061200000000000004,4.938470000000001,,,fast/deep/fast/fast/deep,fast/deep/deep/deep/deep,mostly_fast_vs_mostly_deep_required,fast_on_deep_required,False,2,0,3,12,[mms_issue]bad_wifi_calling|break_apn_mms_setting|break_app_storage_permission|data_mode_off|unseat_sim_card[PERSONA:None]
epsilon_exp3,65,6,target_post_switch,target_favoring,False,repair_all,transfer,False,False,True,False,18.5,14.5,4.8807,0.0,0.0758,23.456500000000002,18.0,subset_mismatch_base_plus_linear;local_clear_failure_floor_10;invalid_local_transfer_floor_18,fast/deep/deep/deep/deep,fast/deep/deep/deep/deep,mostly_deep_vs_mostly_deep_required,all_stage_modes_match,True,0,0,5,13,[mms_issue]airplane_mode_on|bad_network_preference|bad_wifi_calling|break_apn_mms_setting|break_app_storage_permission|unseat_sim_card[PERSONA:Easy]
epsilon_exp3,66,6,target_post_switch,target_favoring,True,repair_subset,repair_subset,False,False,False,False,14.0,9.0,5.28986,0.0,0.06520000000000001,19.35506,14.0,subset_mismatch_base_plus_linear;local_clear_failure_floor_10;local_clear_and_aux_failure_floor_12;fast_path_on_deep_required_clear_failure_floor_14,fast/fast/deep/fast/fast,fast/deep/deep/deep/deep,mostly_fast_vs_mostly_deep_required,fast_on_deep_required,False,3,0,2,10,[mms_issue]airplane_mode_on|bad_network_preference|bad_wifi_calling|break_apn_mms_setting|break_app_both_permissions|data_mode_off|data_usage_exceeded|unseat_sim_card|user_abroad_roaming_disabled_on[PERSONA:Hard]
epsilon_exp3,67,6,target_post_switch,target_favoring,True,repair_subset,repair_subset,False,False,False,False,12.0,3.0,4.583775,0.0,0.072,16.655775,12.0,subset_mismatch_base_plus_linear;local_clear_failure_floor_10;local_clear_and_aux_failure_floor_12,fast/fast/deep/deep/deep,fast/deep/deep/deep/deep,mostly_deep_vs_mostly_deep_required,fast_on_deep_required,False,1,0,4,11,[mms_issue]airplane_mode_on|bad_network_preference|bad_wifi_calling|break_apn_mms_setting|break_app_sms_permission|data_mode_off|data_usage_exceeded|unseat_sim_card|user_abroad_roaming_disabled_on[PERSONA:None]
epsilon_exp3,68,6,target_post_switch,target_favoring,True,repair_subset,repair_subset,False,False,False,False,17.0,13.0,5.600995,0.0,0.0678,22.668795,14.0,subset_mismatch_base_plus_linear;local_clear_failure_floor_10;local_clear_and_aux_failure_floor_12;fast_path_on_deep_required_clear_failure_floor_14,fast/fast/fast/deep/deep,fast/deep/deep/deep/deep,mostly_fast_vs_mostly_deep_required,fast_on_deep_required,False,2,0,3,12,[mms_issue]airplane_mode_on|bad_network_preference|bad_wifi_calling|break_apn_mms_setting|break_app_both_permissions|data_mode_off|data_usage_exceeded|unseat_sim_card|user_abroad_roaming_enabled_off[PERSONA:Hard]
epsilon_exp3,69,6,target_post_switch,target_favoring,True,repair_all,repair_all,True,True,True,True,0.0,0.0,5.447455,0.0,0.0741,5.521554999999999,,,deep/fast/deep/deep/deep,fast/deep/deep/deep/deep,mostly_deep_vs_mostly_deep_required,both_mismatch_types,False,1,1,3,13,[mms_issue]airplane_mode_on|bad_network_preference|bad_wifi_calling|break_apn_mms_setting|break_app_sms_permission|data_mode_off|unseat_sim_card|user_abroad_roaming_enabled_off[PERSONA:None]
epsilon_exp3,70,7,target_post_switch,target_favoring,False,repair_all,repair_all,True,True,True,True,0.0,0.0,5.09785,0.0,0.06830000000000001,5.16615,,,deep/fast/deep/deep/fast,fast/deep/deep/deep/deep,mostly_deep_vs_mostly_deep_required,both_mismatch_types,False,2,1,2,13,[mms_issue]bad_wifi_calling|break_apn_mms_setting|break_app_storage_permission|unseat_sim_card[PERSONA:Easy]
epsilon_exp3,71,7,target_post_switch,target_favoring,False,repair_all,repair_all,True,True,True,True,0.0,0.0,4.0733,0.0,0.07780000000000001,4.1511,,,fast/deep/deep/fast/deep,fast/deep/deep/deep/deep,mostly_deep_vs_mostly_deep_required,fast_on_deep_required,False,1,0,4,11,[mms_issue]bad_wifi_calling|break_apn_mms_setting|break_app_sms_permission|unseat_sim_card[PERSONA:None]
epsilon_exp3,72,7,target_post_switch,target_favoring,False,repair_all,repair_all,True,True,True,True,0.0,0.0,3.991515,0.0,0.07900000000000001,4.070515,,,fast/deep/deep/deep/deep,fast/deep/deep/deep/deep,mostly_deep_vs_mostly_deep_required,all_stage_modes_match,True,0,0,5,12,[mms_issue]bad_wifi_calling|break_apn_mms_setting|break_app_sms_permission|user_abroad_roaming_enabled_off[PERSONA:Easy]
epsilon_exp3,73,7,target_post_switch,target_favoring,False,repair_all,repair_all,True,True,True,True,0.0,0.0,4.68192,0.0,0.0649,4.74682,,,fast/fast/deep/deep/deep,fast/deep/deep/deep/deep,mostly_deep_vs_mostly_deep_required,fast_on_deep_required,False,1,0,4,12,[mms_issue]airplane_mode_on|bad_wifi_calling|break_apn_mms_setting|break_app_storage_permission|user_abroad_roaming_enabled_off[PERSONA:None]
epsilon_exp3,74,7,target_post_switch,target_favoring,False,repair_all,repair_all,True,True,True,True,0.0,0.0,4.50016,0.0,0.06480000000000001,4.56496,,,fast/deep/deep/deep/fast,fast/deep/deep/deep/deep,mostly_deep_vs_mostly_deep_required,fast_on_deep_required,False,1,0,4,12,[mms_issue]bad_wifi_calling|break_apn_mms_setting|break_app_storage_permission|data_mode_off|unseat_sim_card[PERSONA:None]
epsilon_exp3,75,7,target_post_switch,target_favoring,False,repair_all,repair_subset,False,False,True,False,14.0,5.0,4.678315,0.0,0.0701,18.748415,14.0,subset_mismatch_base_plus_linear;local_clear_failure_floor_10;fast_path_on_deep_required_clear_failure_floor_14,fast/fast/fast/deep/deep,fast/deep/deep/deep/deep,mostly_fast_vs_mostly_deep_required,fast_on_deep_required,False,2,0,3,11,[mms_issue]airplane_mode_on|bad_network_preference|bad_wifi_calling|break_apn_mms_setting|break_app_storage_permission|unseat_sim_card[PERSONA:Easy]
epsilon_exp3,76,7,target_post_switch,target_favoring,True,repair_subset,repair_subset,False,False,False,False,12.0,3.0,4.655885,0.0,0.0801,16.735985,12.0,subset_mismatch_base_plus_linear;local_clear_failure_floor_10;local_clear_and_aux_failure_floor_12,fast/fast/deep/deep/deep,fast/deep/deep/deep/deep,mostly_deep_vs_mostly_deep_required,fast_on_deep_required,False,1,0,4,11,[mms_issue]airplane_mode_on|bad_network_preference|bad_wifi_calling|break_apn_mms_setting|break_app_both_permissions|data_mode_off|data_usage_exceeded|unseat_sim_card|user_abroad_roaming_disabled_on[PERSONA:Hard]
epsilon_exp3,77,7,target_post_switch,target_favoring,True,repair_subset,transfer,False,False,False,False,23.5,19.5,5.036965,0.0,0.0641,28.601065,18.0,subset_mismatch_base_plus_linear;local_clear_failure_floor_10;local_clear_and_aux_failure_floor_12;fast_path_on_deep_required_clear_failure_floor_14;invalid_local_transfer_floor_18,fast/fast/fast/deep/fast,fast/deep/deep/deep/deep,mostly_fast_vs_mostly_deep_required,fast_on_deep_required,False,3,0,2,10,[mms_issue]airplane_mode_on|bad_network_preference|bad_wifi_calling|break_apn_mms_setting|break_app_sms_permission|data_mode_off|data_usage_exceeded|unseat_sim_card|user_abroad_roaming_disabled_on[PERSONA:None]
epsilon_exp3,78,7,target_post_switch,target_favoring,True,repair_subset,transfer,False,False,False,False,24.5,20.5,5.02129,0.0,0.0776,29.59889,18.0,subset_mismatch_base_plus_linear;local_clear_failure_floor_10;local_clear_and_aux_failure_floor_12;invalid_local_transfer_floor_18,fast/deep/deep/deep/deep,fast/deep/deep/deep/deep,mostly_deep_vs_mostly_deep_required,all_stage_modes_match,True,0,0,5,13,[mms_issue]airplane_mode_on|bad_network_preference|bad_wifi_calling|break_apn_mms_setting|break_app_both_permissions|data_mode_off|data_usage_exceeded|unseat_sim_card|user_abroad_roaming_enabled_off[PERSONA:Hard]
epsilon_exp3,79,7,target_post_switch,target_favoring,True,repair_all,transfer,False,False,True,False,22.5,18.5,5.175555,0.0,0.0742,27.749755,18.0,subset_mismatch_base_plus_linear;local_clear_failure_floor_10;invalid_local_transfer_floor_18,fast/fast/deep/deep/deep,fast/deep/deep/deep/deep,mostly_deep_vs_mostly_deep_required,fast_on_deep_required,False,1,0,4,12,[mms_issue]airplane_mode_on|bad_network_preference|bad_wifi_calling|break_apn_mms_setting|break_app_sms_permission|data_mode_off|unseat_sim_card|user_abroad_roaming_enabled_off[PERSONA:None]
epsilon_exp3,80,8,target_post_switch,target_favoring,False,repair_all,repair_all,True,True,True,True,0.0,0.0,4.274335,0.0,0.07740000000000001,4.351735,,,fast/deep/deep/deep/fast,fast/deep/deep/deep/deep,mostly_deep_vs_mostly_deep_required,fast_on_deep_required,False,1,0,4,12,[mms_issue]bad_wifi_calling|break_apn_mms_setting|break_app_storage_permission|unseat_sim_card[PERSONA:Easy]
epsilon_exp3,81,8,target_post_switch,target_favoring,False,repair_all,repair_all,True,True,True,True,0.0,0.0,3.46473,0.0,0.0711,3.53583,,,fast/fast/deep/deep/deep,fast/deep/deep/deep/deep,mostly_deep_vs_mostly_deep_required,fast_on_deep_required,False,1,0,4,10,[mms_issue]bad_wifi_calling|break_apn_mms_setting|break_app_sms_permission|unseat_sim_card[PERSONA:None]
epsilon_exp3,82,8,target_post_switch,target_favoring,False,repair_all,repair_all,True,True,True,True,0.0,0.0,4.007495,0.0,0.0689,4.076395,,,fast/deep/deep/deep/deep,fast/deep/deep/deep/deep,mostly_deep_vs_mostly_deep_required,all_stage_modes_match,True,0,0,5,12,[mms_issue]bad_wifi_calling|break_apn_mms_setting|break_app_sms_permission|user_abroad_roaming_enabled_off[PERSONA:Easy]
epsilon_exp3,83,8,target_post_switch,target_favoring,False,repair_all,repair_all,True,True,True,True,0.0,0.0,5.091385,0.0,0.0706,5.161985,,,fast/deep/fast/deep/fast,fast/deep/deep/deep/deep,mostly_fast_vs_mostly_deep_required,fast_on_deep_required,False,2,0,3,12,[mms_issue]airplane_mode_on|bad_wifi_calling|break_apn_mms_setting|break_app_storage_permission|user_abroad_roaming_enabled_off[PERSONA:None]
epsilon_exp3,84,8,target_post_switch,target_favoring,False,repair_all,repair_all,True,True,True,True,0.0,0.0,4.22095,0.0,0.07390000000000001,4.29485,,,fast/deep/fast/deep/deep,fast/deep/deep/deep/deep,mostly_deep_vs_mostly_deep_required,fast_on_deep_required,False,1,0,4,12,[mms_issue]bad_wifi_calling|break_apn_mms_setting|break_app_storage_permission|data_mode_off|unseat_sim_card[PERSONA:None]
epsilon_exp3,85,8,target_post_switch,target_favoring,False,repair_all,repair_subset,False,False,False,False,12.0,7.0,4.32659,0.0,0.0734,16.39999,12.0,subset_mismatch_base_plus_linear;local_clear_failure_floor_10;local_clear_and_aux_failure_floor_12,fast/deep/deep/fast/deep,fast/deep/deep/deep/deep,mostly_deep_vs_mostly_deep_required,fast_on_deep_required,False,1,0,4,11,[mms_issue]airplane_mode_on|bad_network_preference|bad_wifi_calling|break_apn_mms_setting|break_app_storage_permission|unseat_sim_card[PERSONA:Easy]
epsilon_exp3,86,8,target_post_switch,target_favoring,True,repair_subset,repair_subset,True,True,False,False,6.0,2.0,5.41981,0.0,0.06420000000000001,11.48401,6.0,clear_but_aux_failure_floor_6,fast/deep/fast/deep/deep,fast/deep/deep/deep/deep,mostly_deep_vs_mostly_deep_required,fast_on_deep_required,False,1,0,4,13,[mms_issue]airplane_mode_on|bad_network_preference|bad_wifi_calling|break_apn_mms_setting|break_app_both_permissions|data_mode_off|data_usage_exceeded|unseat_sim_card|user_abroad_roaming_disabled_on[PERSONA:Hard]
epsilon_exp3,87,8,target_post_switch,target_favoring,True,repair_subset,repair_subset,False,False,False,False,12.0,3.0,4.614715,0.0,0.0722,16.686915,12.0,subset_mismatch_base_plus_linear;local_clear_failure_floor_10;local_clear_and_aux_failure_floor_12,fast/fast/deep/deep/deep,fast/deep/deep/deep/deep,mostly_deep_vs_mostly_deep_required,fast_on_deep_required,False,1,0,4,11,[mms_issue]airplane_mode_on|bad_network_preference|bad_wifi_calling|break_apn_mms_setting|break_app_sms_permission|data_mode_off|data_usage_exceeded|unseat_sim_card|user_abroad_roaming_disabled_on[PERSONA:None]
epsilon_exp3,88,8,target_post_switch,target_favoring,True,repair_subset,repair_subset,False,False,False,False,17.0,13.0,5.32614,0.0,0.0709,22.39704,14.0,subset_mismatch_base_plus_linear;local_clear_failure_floor_10;local_clear_and_aux_failure_floor_12;fast_path_on_deep_required_clear_failure_floor_14,fast/fast/deep/deep/fast,fast/deep/deep/deep/deep,mostly_fast_vs_mostly_deep_required,fast_on_deep_required,False,2,0,3,11,[mms_issue]airplane_mode_on|bad_network_preference|bad_wifi_calling|break_apn_mms_setting|break_app_both_permissions|data_mode_off|data_usage_exceeded|unseat_sim_card|user_abroad_roaming_enabled_off[PERSONA:Hard]
epsilon_exp3,89,8,target_post_switch,target_favoring,True,repair_all,transfer,False,False,True,False,22.5,18.5,5.403925,0.0,0.0613,27.965225,18.0,subset_mismatch_base_plus_linear;local_clear_failure_floor_10;invalid_local_transfer_floor_18,deep/fast/fast/deep/deep,fast/deep/deep/deep/deep,mostly_deep_vs_mostly_deep_required,both_mismatch_types,False,2,1,2,13,[mms_issue]airplane_mode_on|bad_network_preference|bad_wifi_calling|break_apn_mms_setting|break_app_sms_permission|data_mode_off|unseat_sim_card|user_abroad_roaming_enabled_off[PERSONA:None]
epsilon_exp3,90,9,target_post_switch,target_favoring,False,repair_all,repair_all,True,True,True,True,0.0,0.0,4.29352,0.0,0.06930000000000001,4.36282,,,fast/deep/deep/deep/deep,fast/deep/deep/deep/deep,mostly_deep_vs_mostly_deep_required,all_stage_modes_match,True,0,0,5,13,[mms_issue]bad_wifi_calling|break_apn_mms_setting|break_app_storage_permission|unseat_sim_card[PERSONA:Easy]
epsilon_exp3,91,9,target_post_switch,target_favoring,False,repair_all,repair_all,True,True,True,True,0.0,0.0,4.05718,0.0,0.0714,4.1285799999999995,,,deep/fast/deep/deep/deep,fast/deep/deep/deep/deep,mostly_deep_vs_mostly_deep_required,both_mismatch_types,False,1,1,3,12,[mms_issue]bad_wifi_calling|break_apn_mms_setting|break_app_sms_permission|unseat_sim_card[PERSONA:None]
epsilon_exp3,92,9,target_post_switch,target_favoring,False,repair_all,repair_all,True,True,True,True,0.0,0.0,4.63398,0.0,0.07650000000000001,4.7104800000000004,,,deep/deep/deep/deep/deep,fast/deep/deep/deep/deep,mostly_deep_vs_mostly_deep_required,deep_on_fast_required,False,0,1,4,14,[mms_issue]bad_wifi_calling|break_apn_mms_setting|break_app_sms_permission|user_abroad_roaming_enabled_off[PERSONA:Easy]
epsilon_exp3,93,9,target_post_switch,target_favoring,False,repair_all,repair_all,True,True,True,True,0.0,0.0,4.195855,0.0,0.0757,4.271555,,,fast/deep/deep/deep/deep,fast/deep/deep/deep/deep,mostly_deep_vs_mostly_deep_required,all_stage_modes_match,True,0,0,5,12,[mms_issue]airplane_mode_on|bad_wifi_calling|break_apn_mms_setting|break_app_storage_permission|user_abroad_roaming_enabled_off[PERSONA:None]
epsilon_exp3,94,9,target_post_switch,target_favoring,False,repair_all,repair_all,True,True,True,True,0.0,0.0,3.922835,0.0,0.0675,3.990335,,,fast/deep/deep/deep/deep,fast/deep/deep/deep/deep,mostly_deep_vs_mostly_deep_required,all_stage_modes_match,True,0,0,5,12,[mms_issue]bad_wifi_calling|break_apn_mms_setting|break_app_storage_permission|data_mode_off|unseat_sim_card[PERSONA:None]
epsilon_exp3,95,9,target_post_switch,target_favoring,False,repair_all,repair_all,True,True,True,True,0.0,0.0,3.8947,0.0,0.06930000000000001,3.964,,,fast/deep/deep/deep/deep,fast/deep/deep/deep/deep,mostly_deep_vs_mostly_deep_required,all_stage_modes_match,True,0,0,5,11,[mms_issue]airplane_mode_on|bad_network_preference|bad_wifi_calling|break_apn_mms_setting|break_app_storage_permission|unseat_sim_card[PERSONA:Easy]
epsilon_exp3,96,9,target_post_switch,target_favoring,True,repair_subset,transfer,False,False,False,False,22.5,18.5,5.027325,0.0,0.0689,27.596225,18.0,subset_mismatch_base_plus_linear;local_clear_failure_floor_10;local_clear_and_aux_failure_floor_12;invalid_local_transfer_floor_18,fast/deep/deep/deep/deep,fast/deep/deep/deep/deep,mostly_deep_vs_mostly_deep_required,all_stage_modes_match,True,0,0,5,13,[mms_issue]airplane_mode_on|bad_network_preference|bad_wifi_calling|break_apn_mms_setting|break_app_both_permissions|data_mode_off|data_usage_exceeded|unseat_sim_card|user_abroad_roaming_disabled_on[PERSONA:Hard]
epsilon_exp3,97,9,target_post_switch,target_favoring,True,repair_subset,transfer,False,False,False,False,22.5,18.5,5.934155,0.0,0.0737,28.507855,18.0,subset_mismatch_base_plus_linear;local_clear_failure_floor_10;local_clear_and_aux_failure_floor_12;invalid_local_transfer_floor_18,fast/deep/deep/deep/fast,fast/deep/deep/deep/deep,mostly_deep_vs_mostly_deep_required,fast_on_deep_required,False,1,0,4,13,[mms_issue]airplane_mode_on|bad_network_preference|bad_wifi_calling|break_apn_mms_setting|break_app_sms_permission|data_mode_off|data_usage_exceeded|unseat_sim_card|user_abroad_roaming_disabled_on[PERSONA:None]
epsilon_exp3,98,9,target_post_switch,target_favoring,True,repair_subset,repair_subset,False,False,False,False,17.0,13.0,5.359845,0.0,0.06880000000000001,22.428645,12.0,subset_mismatch_base_plus_linear;local_clear_failure_floor_10;local_clear_and_aux_failure_floor_12,fast/deep/deep/deep/deep,fast/deep/deep/deep/deep,mostly_deep_vs_mostly_deep_required,all_stage_modes_match,True,0,0,5,13,[mms_issue]airplane_mode_on|bad_network_preference|bad_wifi_calling|break_apn_mms_setting|break_app_both_permissions|data_mode_off|data_usage_exceeded|unseat_sim_card|user_abroad_roaming_enabled_off[PERSONA:Hard]
epsilon_exp3,99,9,target_post_switch,target_favoring,True,repair_all,transfer,False,False,True,False,22.5,18.5,4.532105,0.0,0.0725,27.104605,18.0,subset_mismatch_base_plus_linear;local_clear_failure_floor_10;invalid_local_transfer_floor_18,fast/fast/deep/deep/deep,fast/deep/deep/deep/deep,mostly_deep_vs_mostly_deep_required,fast_on_deep_required,False,1,0,4,11,[mms_issue]airplane_mode_on|bad_network_preference|bad_wifi_calling|break_apn_mms_setting|break_app_sms_permission|data_mode_off|unseat_sim_card|user_abroad_roaming_enabled_off[PERSONA:None]
risky_ps_linear,0,0,trap_pre_switch,trap_favoring,False,repair_all,repair_all,True,True,True,True,0.0,0.0,3.946745,0.0,0.06670000000000001,4.013445,,,fast/fast/deep/deep/deep,fast/fast/fast/fast/fast,mostly_deep_vs_mostly_fast_required,deep_on_fast_required,False,0,3,2,10,[mms_issue]airplane_mode_on|bad_wifi_calling|break_app_storage_permission[PERSONA:Easy]
risky_ps_linear,1,0,trap_pre_switch,trap_favoring,False,repair_all,repair_all,True,True,True,True,0.0,0.0,4.227825,0.0,0.06530000000000001,4.293125,,,deep/fast/deep/deep/fast,fast/fast/fast/fast/fast,mostly_deep_vs_mostly_fast_required,deep_on_fast_required,False,0,3,2,12,[mms_issue]airplane_mode_on|bad_wifi_calling|break_app_sms_permission[PERSONA:None]
risky_ps_linear,2,0,trap_pre_switch,trap_favoring,False,repair_all,repair_all,True,True,True,True,0.0,0.0,7.22487,0.0,0.07500000000000001,7.29987,,,fast/fast/deep/deep/deep,fast/fast/fast/fast/fast,mostly_deep_vs_mostly_fast_required,deep_on_fast_required,False,0,3,2,16,[mms_issue]bad_wifi_calling[PERSONA:Easy]
risky_ps_linear,3,0,trap_pre_switch,trap_favoring,False,repair_all,repair_all,True,True,True,True,0.0,0.0,5.179315,0.0,0.0758,5.255115,,,deep/fast/deep/deep/deep,fast/fast/fast/fast/fast,mostly_deep_vs_mostly_fast_required,deep_on_fast_required,False,0,4,1,14,[mms_issue]bad_wifi_calling|break_app_storage_permission[PERSONA:Easy]
risky_ps_linear,4,0,trap_pre_switch,trap_favoring,False,repair_all,repair_all,True,True,True,True,0.0,0.0,10.96781,0.0,0.06420000000000001,11.03201,,,deep/fast/fast/deep/deep,fast/fast/fast/fast/fast,mostly_deep_vs_mostly_fast_required,deep_on_fast_required,False,0,3,2,21,[mms_issue]bad_wifi_calling|break_app_sms_permission[PERSONA:None]
risky_ps_linear,5,0,trap_pre_switch,trap_favoring,False,repair_all,repair_all,True,True,True,True,0.0,0.0,4.35397,0.0,0.0752,4.42917,,,fast/deep/deep/deep/deep,fast/fast/fast/fast/fast,mostly_deep_vs_mostly_fast_required,deep_on_fast_required,False,0,4,1,11,[mms_issue]bad_network_preference|bad_wifi_calling|break_app_storage_permission[PERSONA:Hard]
risky_ps_linear,6,0,trap_pre_switch,trap_favoring,False,repair_all,repair_all,True,True,True,True,0.0,0.0,3.795925,0.0,0.0632,3.859125,,,deep/fast/deep/fast/fast,fast/fast/fast/fast/fast,mostly_fast_vs_mostly_fast_required,deep_on_fast_required,False,0,2,3,12,[mms_issue]bad_wifi_calling|break_app_sms_permission|data_mode_off[PERSONA:None]
risky_ps_linear,7,0,trap_pre_switch,trap_favoring,False,repair_all,repair_all,True,True,True,True,0.0,0.0,3.677315,0.0,0.0601,3.737415,,,fast/fast/fast/deep/deep,fast/fast/fast/fast/fast,mostly_fast_vs_mostly_fast_required,deep_on_fast_required,False,0,2,3,10,[mms_issue]bad_network_preference|bad_wifi_calling|break_app_sms_permission[PERSONA:Easy]
risky_ps_linear,8,0,trap_pre_switch,trap_favoring,False,repair_all,repair_all,True,True,True,True,0.0,0.0,3.939965,0.0,0.0725,4.012465,,,fast/fast/deep/deep/deep,fast/fast/fast/fast/fast,mostly_deep_vs_mostly_fast_required,deep_on_fast_required,False,0,3,2,10,[mms_issue]bad_wifi_calling|break_app_storage_permission|data_mode_off[PERSONA:Easy]
risky_ps_linear,9,0,trap_pre_switch,trap_favoring,False,repair_all,repair_all,True,True,True,True,0.0,0.0,4.096995,0.0,0.0731,4.170095,,,deep/fast/fast/deep/deep,fast/fast/fast/fast/fast,mostly_deep_vs_mostly_fast_required,deep_on_fast_required,False,0,3,2,12,[mms_issue]airplane_mode_on|bad_wifi_calling[PERSONA:Easy]
risky_ps_linear,10,1,trap_pre_switch,trap_favoring,False,repair_all,repair_all,True,True,True,True,0.0,0.0,3.555,0.0,0.0566,3.6116,,,deep/fast/fast/fast/fast,fast/fast/fast/fast/fast,mostly_fast_vs_mostly_fast_required,deep_on_fast_required,False,0,1,4,12,[mms_issue]airplane_mode_on|bad_wifi_calling|break_app_storage_permission[PERSONA:Easy]
risky_ps_linear,11,1,trap_pre_switch,trap_favoring,False,repair_all,repair_all,True,True,True,True,0.0,0.0,4.68477,0.0,0.07750000000000001,4.76227,,,fast/deep/deep/deep/deep,fast/fast/fast/fast/fast,mostly_deep_vs_mostly_fast_required,deep_on_fast_required,False,0,4,1,12,[mms_issue]airplane_mode_on|bad_wifi_calling|break_app_sms_permission[PERSONA:None]
risky_ps_linear,12,1,trap_pre_switch,trap_favoring,False,repair_all,repair_all,True,True,True,True,0.0,0.0,2.974455,0.0,0.0641,3.0385549999999997,,,fast/fast/fast/fast/deep,fast/fast/fast/fast/fast,mostly_fast_vs_mostly_fast_required,deep_on_fast_required,False,0,1,4,10,[mms_issue]bad_wifi_calling[PERSONA:Easy]
risky_ps_linear,13,1,trap_pre_switch,trap_favoring,False,repair_all,repair_all,True,True,True,True,0.0,0.0,4.292805,0.0,0.0704,4.363205000000001,,,fast/fast/deep/deep/deep,fast/fast/fast/fast/fast,mostly_deep_vs_mostly_fast_required,deep_on_fast_required,False,0,3,2,11,[mms_issue]bad_wifi_calling|break_app_storage_permission[PERSONA:Easy]
risky_ps_linear,14,1,trap_pre_switch,trap_favoring,False,repair_all,repair_all,True,True,True,True,0.0,0.0,4.29304,0.0,0.06830000000000001,4.36134,,,fast/fast/deep/deep/deep,fast/fast/fast/fast/fast,mostly_deep_vs_mostly_fast_required,deep_on_fast_required,False,0,3,2,11,[mms_issue]bad_wifi_calling|break_app_sms_permission[PERSONA:None]
risky_ps_linear,15,1,trap_pre_switch,trap_favoring,False,repair_all,repair_all,True,True,True,True,0.0,0.0,5.249635,0.0,0.07600000000000001,5.325634999999999,,,deep/deep/deep/deep/deep,fast/fast/fast/fast/fast,mostly_deep_vs_mostly_fast_required,deep_on_fast_required,False,0,5,0,14,[mms_issue]bad_network_preference|bad_wifi_calling|break_app_storage_permission[PERSONA:Hard]
risky_ps_linear,16,1,trap_pre_switch,trap_favoring,False,repair_all,repair_all,True,True,True,True,0.0,0.0,4.6547,0.0,0.0742,4.7289,,,fast/deep/deep/deep/deep,fast/fast/fast/fast/fast,mostly_deep_vs_mostly_fast_required,deep_on_fast_required,False,0,4,1,12,[mms_issue]bad_wifi_calling|break_app_sms_permission|data_mode_off[PERSONA:None]
risky_ps_linear,17,1,trap_pre_switch,trap_favoring,False,repair_all,repair_all,True,True,True,True,0.0,0.0,3.667655,0.0,0.0661,3.733755,,,fast/fast/fast/deep/deep,fast/fast/fast/fast/fast,mostly_fast_vs_mostly_fast_required,deep_on_fast_required,False,0,2,3,10,[mms_issue]bad_network_preference|bad_wifi_calling|break_app_sms_permission[PERSONA:Easy]
risky_ps_linear,18,1,trap_pre_switch,trap_favoring,False,repair_all,repair_all,True,True,True,True,0.0,0.0,5.23526,0.0,0.07790000000000001,5.31316,,,deep/deep/deep/deep/deep,fast/fast/fast/fast/fast,mostly_deep_vs_mostly_fast_required,deep_on_fast_required,False,0,5,0,14,[mms_issue]bad_wifi_calling|break_app_storage_permission|data_mode_off[PERSONA:Easy]
risky_ps_linear,19,1,trap_pre_switch,trap_favoring,False,repair_all,repair_all,False,False,True,False,10.0,1.5,5.010345,0.0,0.06930000000000001,15.079645,10.0,subset_mismatch_base_plus_linear;local_clear_failure_floor_10,fast/deep/deep/deep/deep,fast/fast/fast/fast/fast,mostly_deep_vs_mostly_fast_required,deep_on_fast_required,False,0,4,1,12,[mms_issue]airplane_mode_on|bad_wifi_calling[PERSONA:Easy]
risky_ps_linear,20,2,trap_pre_switch,trap_favoring,False,repair_all,repair_all,True,True,True,True,0.0,0.0,5.66697,0.0,0.0753,5.74227,,,deep/deep/deep/deep/deep,fast/fast/fast/fast/fast,mostly_deep_vs_mostly_fast_required,deep_on_fast_required,False,0,5,0,15,[mms_issue]airplane_mode_on|bad_wifi_calling|break_app_storage_permission[PERSONA:Easy]
risky_ps_linear,21,2,trap_pre_switch,trap_favoring,False,repair_all,repair_all,True,True,True,True,0.0,0.0,4.563135,0.0,0.0721,4.635235,,,deep/fast/deep/deep/deep,fast/fast/fast/fast/fast,mostly_deep_vs_mostly_fast_required,deep_on_fast_required,False,0,4,1,12,[mms_issue]airplane_mode_on|bad_wifi_calling|break_app_sms_permission[PERSONA:None]
risky_ps_linear,22,2,trap_pre_switch,trap_favoring,False,repair_all,repair_all,True,True,True,True,0.0,0.0,8.452745,0.0,0.0741,8.526845,,,deep/fast/deep/deep/deep,fast/fast/fast/fast/fast,mostly_deep_vs_mostly_fast_required,deep_on_fast_required,False,0,4,1,19,[mms_issue]bad_wifi_calling[PERSONA:Easy]
risky_ps_linear,23,2,trap_pre_switch,trap_favoring,False,repair_all,repair_all,True,True,True,True,0.0,0.0,3.61651,0.0,0.0671,3.68361,,,fast/fast/fast/fast/deep,fast/fast/fast/fast/fast,mostly_fast_vs_mostly_fast_required,deep_on_fast_required,False,0,1,4,11,[mms_issue]bad_wifi_calling|break_app_storage_permission[PERSONA:Easy]
risky_ps_linear,24,2,trap_pre_switch,trap_favoring,False,repair_all,repair_all,True,True,True,True,0.0,0.0,4.89245,0.0,0.0745,4.96695,,,deep/fast/deep/deep/deep,fast/fast/fast/fast/fast,mostly_deep_vs_mostly_fast_required,deep_on_fast_required,False,0,4,1,13,[mms_issue]bad_wifi_calling|break_app_sms_permission[PERSONA:None]
risky_ps_linear,25,2,target_post_switch,target_favoring,False,repair_all,repair_subset,False,False,True,False,10.0,5.0,4.643125,0.0,0.07780000000000001,14.720925000000001,10.0,subset_mismatch_base_plus_linear;local_clear_failure_floor_10,fast/deep/deep/deep/deep,fast/deep/deep/deep/deep,mostly_deep_vs_mostly_deep_required,all_stage_modes_match,True,0,0,5,13,[mms_issue]airplane_mode_on|bad_network_preference|bad_wifi_calling|break_apn_mms_setting|break_app_storage_permission|unseat_sim_card[PERSONA:Easy]
risky_ps_linear,26,2,target_post_switch,target_favoring,True,repair_subset,repair_subset,True,True,False,False,6.0,2.0,5.58966,0.0,0.07750000000000001,11.667159999999999,6.0,clear_but_aux_failure_floor_6,deep/deep/deep/deep/deep,fast/deep/deep/deep/deep,mostly_deep_vs_mostly_deep_required,deep_on_fast_required,False,0,1,4,15,[mms_issue]airplane_mode_on|bad_network_preference|bad_wifi_calling|break_apn_mms_setting|break_app_both_permissions|data_mode_off|data_usage_exceeded|unseat_sim_card|user_abroad_roaming_disabled_on[PERSONA:Hard]
risky_ps_linear,27,2,target_post_switch,target_favoring,True,repair_subset,repair_subset,False,False,False,False,12.0,3.0,4.58981,0.0,0.0736,16.66341,12.0,subset_mismatch_base_plus_linear;local_clear_failure_floor_10;local_clear_and_aux_failure_floor_12,fast/fast/deep/deep/deep,fast/deep/deep/deep/deep,mostly_deep_vs_mostly_deep_required,fast_on_deep_required,False,1,0,4,11,[mms_issue]airplane_mode_on|bad_network_preference|bad_wifi_calling|break_apn_mms_setting|break_app_sms_permission|data_mode_off|data_usage_exceeded|unseat_sim_card|user_abroad_roaming_disabled_on[PERSONA:None]
risky_ps_linear,28,2,target_post_switch,target_favoring,True,repair_subset,repair_subset,False,False,False,False,17.0,13.0,5.293895,0.0,0.0716,22.365495,12.0,subset_mismatch_base_plus_linear;local_clear_failure_floor_10;local_clear_and_aux_failure_floor_12,fast/fast/deep/deep/deep,fast/deep/deep/deep/deep,mostly_deep_vs_mostly_deep_required,fast_on_deep_required,False,1,0,4,12,[mms_issue]airplane_mode_on|bad_network_preference|bad_wifi_calling|break_apn_mms_setting|break_app_both_permissions|data_mode_off|data_usage_exceeded|unseat_sim_card|user_abroad_roaming_enabled_off[PERSONA:Hard]
risky_ps_linear,29,2,target_post_switch,target_favoring,True,repair_all,repair_subset,False,False,False,False,14.0,5.0,6.020505,0.0,0.0587,20.079205,14.0,subset_mismatch_base_plus_linear;local_clear_failure_floor_10;local_clear_and_aux_failure_floor_12;fast_path_on_deep_required_clear_failure_floor_14,fast/deep/fast/fast/fast,fast/deep/deep/deep/deep,mostly_fast_vs_mostly_deep_required,fast_on_deep_required,False,3,0,2,12,[mms_issue]airplane_mode_on|bad_network_preference|bad_wifi_calling|break_apn_mms_setting|break_app_sms_permission|data_mode_off|unseat_sim_card|user_abroad_roaming_enabled_off[PERSONA:None]
risky_ps_linear,30,3,target_post_switch,target_favoring,False,repair_all,repair_all,True,True,True,True,0.0,0.0,4.02396,0.0,0.07010000000000001,4.09406,,,fast/deep/fast/deep/deep,fast/deep/deep/deep/deep,mostly_deep_vs_mostly_deep_required,fast_on_deep_required,False,1,0,4,12,[mms_issue]bad_wifi_calling|break_apn_mms_setting|break_app_storage_permission|unseat_sim_card[PERSONA:Easy]
risky_ps_linear,31,3,target_post_switch,target_favoring,False,repair_all,repair_all,True,True,True,True,0.0,0.0,4.280515,0.0,0.072,4.352515,,,fast/deep/deep/deep/deep,fast/deep/deep/deep/deep,mostly_deep_vs_mostly_deep_required,all_stage_modes_match,True,0,0,5,13,[mms_issue]bad_wifi_calling|break_apn_mms_setting|break_app_sms_permission|unseat_sim_card[PERSONA:None]
risky_ps_linear,32,3,target_post_switch,target_favoring,False,repair_all,repair_all,True,True,True,True,0.0,0.0,4.138115,0.0,0.07050000000000001,4.208615,,,fast/fast/deep/deep/deep,fast/deep/deep/deep/deep,mostly_deep_vs_mostly_deep_required,fast_on_deep_required,False,1,0,4,11,[mms_issue]bad_wifi_calling|break_apn_mms_setting|break_app_sms_permission|user_abroad_roaming_enabled_off[PERSONA:Easy]
risky_ps_linear,33,3,target_post_switch,target_favoring,False,repair_all,repair_all,True,True,True,True,0.0,0.0,4.846095,0.0,0.06999999999999999,4.916095,,,deep/fast/deep/deep/fast,fast/deep/deep/deep/deep,mostly_deep_vs_mostly_deep_required,both_mismatch_types,False,2,1,2,12,[mms_issue]airplane_mode_on|bad_wifi_calling|break_apn_mms_setting|break_app_storage_permission|user_abroad_roaming_enabled_off[PERSONA:None]
risky_ps_linear,34,3,target_post_switch,target_favoring,False,repair_all,repair_all,True,True,True,True,0.0,0.0,5.002395,0.0,0.06520000000000001,5.067595,,,fast/fast/fast/fast/deep,fast/deep/deep/deep/deep,mostly_fast_vs_mostly_deep_required,fast_on_deep_required,False,3,0,2,11,[mms_issue]bad_wifi_calling|break_apn_mms_setting|break_app_storage_permission|data_mode_off|unseat_sim_card[PERSONA:None]
risky_ps_linear,35,3,target_post_switch,target_favoring,False,repair_all,repair_all,True,True,True,True,0.0,0.0,5.50532,0.0,0.0661,5.57142,,,fast/fast/deep/deep/deep,fast/deep/deep/deep/deep,mostly_deep_vs_mostly_deep_required,fast_on_deep_required,False,1,0,4,13,[mms_issue]airplane_mode_on|bad_network_preference|bad_wifi_calling|break_apn_mms_setting|break_app_storage_permission|unseat_sim_card[PERSONA:Easy]
risky_ps_linear,36,3,target_post_switch,target_favoring,True,repair_subset,repair_subset,False,False,True,False,15.0,11.0,5.56434,0.0,0.0593,20.62364,14.0,subset_mismatch_base_plus_linear;local_clear_failure_floor_10;fast_path_on_deep_required_clear_failure_floor_14,fast/deep/fast/deep/fast,fast/deep/deep/deep/deep,mostly_fast_vs_mostly_deep_required,fast_on_deep_required,False,2,0,3,12,[mms_issue]airplane_mode_on|bad_network_preference|bad_wifi_calling|break_apn_mms_setting|break_app_both_permissions|data_mode_off|data_usage_exceeded|unseat_sim_card|user_abroad_roaming_disabled_on[PERSONA:Hard]
risky_ps_linear,37,3,target_post_switch,target_favoring,True,repair_subset,repair_subset,False,False,False,False,12.0,5.0,5.36987,0.0,0.066,17.43587,12.0,subset_mismatch_base_plus_linear;local_clear_failure_floor_10;local_clear_and_aux_failure_floor_12,deep/fast/deep/fast/deep,fast/deep/deep/deep/deep,mostly_deep_vs_mostly_deep_required,both_mismatch_types,False,2,1,2,12,[mms_issue]airplane_mode_on|bad_network_preference|bad_wifi_calling|break_apn_mms_setting|break_app_sms_permission|data_mode_off|data_usage_exceeded|unseat_sim_card|user_abroad_roaming_disabled_on[PERSONA:None]
risky_ps_linear,38,3,target_post_switch,target_favoring,True,repair_subset,repair_subset,True,True,False,False,6.0,2.0,4.5764,0.0,0.07750000000000001,10.6539,6.0,clear_but_aux_failure_floor_6,fast/deep/deep/deep/deep,fast/deep/deep/deep/deep,mostly_deep_vs_mostly_deep_required,all_stage_modes_match,True,0,0,5,12,[mms_issue]airplane_mode_on|bad_network_preference|bad_wifi_calling|break_apn_mms_setting|break_app_both_permissions|data_mode_off|data_usage_exceeded|unseat_sim_card|user_abroad_roaming_enabled_off[PERSONA:Hard]
risky_ps_linear,39,3,target_post_switch,target_favoring,True,repair_all,transfer,False,False,True,False,22.5,18.5,5.87154,0.0,0.063,28.43454,18.0,subset_mismatch_base_plus_linear;local_clear_failure_floor_10;invalid_local_transfer_floor_18,deep/fast/deep/deep/fast,fast/deep/deep/deep/deep,mostly_deep_vs_mostly_deep_required,both_mismatch_types,False,2,1,2,13,[mms_issue]airplane_mode_on|bad_network_preference|bad_wifi_calling|break_apn_mms_setting|break_app_sms_permission|data_mode_off|unseat_sim_card|user_abroad_roaming_enabled_off[PERSONA:None]
risky_ps_linear,40,4,target_post_switch,target_favoring,False,repair_all,repair_all,True,True,True,True,0.0,0.0,4.58519,0.0,0.06330000000000001,4.64849,,,fast/deep/fast/fast/deep,fast/deep/deep/deep/deep,mostly_fast_vs_mostly_deep_required,fast_on_deep_required,False,2,0,3,12,[mms_issue]bad_wifi_calling|break_apn_mms_setting|break_app_storage_permission|unseat_sim_card[PERSONA:Easy]
risky_ps_linear,41,4,target_post_switch,target_favoring,False,repair_all,repair_all,True,True,True,True,0.0,0.0,3.95664,0.0,0.06699999999999999,4.02364,,,fast/fast/deep/deep/fast,fast/deep/deep/deep/deep,mostly_fast_vs_mostly_deep_required,fast_on_deep_required,False,2,0,3,10,[mms_issue]bad_wifi_calling|break_apn_mms_setting|break_app_sms_permission|unseat_sim_card[PERSONA:None]
risky_ps_linear,42,4,target_post_switch,target_favoring,False,repair_all,repair_all,True,True,True,True,0.0,0.0,4.72559,0.0,0.0685,4.794090000000001,,,fast/fast/fast/deep/deep,fast/deep/deep/deep/deep,mostly_fast_vs_mostly_deep_required,fast_on_deep_required,False,2,0,3,12,[mms_issue]bad_wifi_calling|break_apn_mms_setting|break_app_sms_permission|user_abroad_roaming_enabled_off[PERSONA:Easy]
risky_ps_linear,43,4,target_post_switch,target_favoring,False,repair_all,repair_all,True,True,True,True,0.0,0.0,3.635485,0.0,0.0725,3.707985,,,fast/fast/deep/deep/deep,fast/deep/deep/deep/deep,mostly_deep_vs_mostly_deep_required,fast_on_deep_required,False,1,0,4,10,[mms_issue]airplane_mode_on|bad_wifi_calling|break_apn_mms_setting|break_app_storage_permission|user_abroad_roaming_enabled_off[PERSONA:None]
risky_ps_linear,44,4,target_post_switch,target_favoring,False,repair_all,repair_all,True,True,True,True,0.0,0.0,5.03545,0.0,0.07780000000000001,5.11325,,,fast/deep/deep/fast/deep,fast/deep/deep/deep/deep,mostly_deep_vs_mostly_deep_required,fast_on_deep_required,False,1,0,4,13,[mms_issue]bad_wifi_calling|break_apn_mms_setting|break_app_storage_permission|data_mode_off|unseat_sim_card[PERSONA:None]
risky_ps_linear,45,4,target_post_switch,target_favoring,False,repair_all,repair_all,True,True,True,True,0.0,0.0,5.95337,0.0,0.06780000000000001,6.02117,,,fast/deep/deep/deep/fast,fast/deep/deep/deep/deep,mostly_deep_vs_mostly_deep_required,fast_on_deep_required,False,1,0,4,14,[mms_issue]airplane_mode_on|bad_network_preference|bad_wifi_calling|break_apn_mms_setting|break_app_storage_permission|unseat_sim_card[PERSONA:Easy]
risky_ps_linear,46,4,target_post_switch,target_favoring,True,repair_subset,repair_subset,False,False,False,False,12.0,3.0,5.36181,0.0,0.0711,17.43291,12.0,subset_mismatch_base_plus_linear;local_clear_failure_floor_10;local_clear_and_aux_failure_floor_12,fast/fast/deep/deep/deep,fast/deep/deep/deep/deep,mostly_deep_vs_mostly_deep_required,fast_on_deep_required,False,1,0,4,12,[mms_issue]airplane_mode_on|bad_network_preference|bad_wifi_calling|break_apn_mms_setting|break_app_both_permissions|data_mode_off|data_usage_exceeded|unseat_sim_card|user_abroad_roaming_disabled_on[PERSONA:Hard]
risky_ps_linear,47,4,target_post_switch,target_favoring,True,repair_subset,transfer,False,False,False,False,23.5,19.5,5.157855,0.0,0.0682,28.726055000000002,18.0,subset_mismatch_base_plus_linear;local_clear_failure_floor_10;local_clear_and_aux_failure_floor_12;invalid_local_transfer_floor_18,deep/fast/deep/deep/deep,fast/deep/deep/deep/deep,mostly_deep_vs_mostly_deep_required,both_mismatch_types,False,1,1,3,13,[mms_issue]airplane_mode_on|bad_network_preference|bad_wifi_calling|break_apn_mms_setting|break_app_sms_permission|data_mode_off|data_usage_exceeded|unseat_sim_card|user_abroad_roaming_disabled_on[PERSONA:None]
risky_ps_linear,48,4,target_post_switch,target_favoring,True,repair_subset,repair_subset,False,False,False,False,18.0,14.0,4.58031,0.0,0.0758,22.65611,12.0,subset_mismatch_base_plus_linear;local_clear_failure_floor_10;local_clear_and_aux_failure_floor_12,fast/deep/deep/deep/deep,fast/deep/deep/deep/deep,mostly_deep_vs_mostly_deep_required,all_stage_modes_match,True,0,0,5,12,[mms_issue]airplane_mode_on|bad_network_preference|bad_wifi_calling|break_apn_mms_setting|break_app_both_permissions|data_mode_off|data_usage_exceeded|unseat_sim_card|user_abroad_roaming_enabled_off[PERSONA:Hard]
risky_ps_linear,49,4,target_post_switch,target_favoring,True,repair_all,repair_all,True,True,True,True,0.0,0.0,5.509515,0.0,0.0748,5.584315,,,deep/deep/deep/deep/deep,fast/deep/deep/deep/deep,mostly_deep_vs_mostly_deep_required,deep_on_fast_required,False,0,1,4,14,[mms_issue]airplane_mode_on|bad_network_preference|bad_wifi_calling|break_apn_mms_setting|break_app_sms_permission|data_mode_off|unseat_sim_card|user_abroad_roaming_enabled_off[PERSONA:None]
risky_ps_linear,50,5,target_post_switch,target_favoring,False,repair_all,repair_all,True,True,True,True,0.0,0.0,4.89646,0.0,0.07600000000000001,4.97246,,,deep/deep/deep/deep/deep,fast/deep/deep/deep/deep,mostly_deep_vs_mostly_deep_required,deep_on_fast_required,False,0,1,4,15,[mms_issue]bad_wifi_calling|break_apn_mms_setting|break_app_storage_permission|unseat_sim_card[PERSONA:Easy]
risky_ps_linear,51,5,target_post_switch,target_favoring,False,repair_all,repair_all,True,True,True,True,0.0,0.0,4.07296,0.0,0.0735,4.14646,,,fast/deep/deep/fast/deep,fast/deep/deep/deep/deep,mostly_deep_vs_mostly_deep_required,fast_on_deep_required,False,1,0,4,11,[mms_issue]bad_wifi_calling|break_apn_mms_setting|break_app_sms_permission|unseat_sim_card[PERSONA:None]
risky_ps_linear,52,5,target_post_switch,target_favoring,False,repair_all,repair_all,True,True,True,True,0.0,0.0,3.760145,0.0,0.08080000000000001,3.840945,,,fast/deep/deep/deep/deep,fast/deep/deep/deep/deep,mostly_deep_vs_mostly_deep_required,all_stage_modes_match,True,0,0,5,12,[mms_issue]bad_wifi_calling|break_apn_mms_setting|break_app_sms_permission|user_abroad_roaming_enabled_off[PERSONA:Easy]
risky_ps_linear,53,5,target_post_switch,target_favoring,False,repair_all,repair_all,True,True,True,True,0.0,0.0,4.56569,0.0,0.08410000000000001,4.64979,,,fast/deep/deep/deep/deep,fast/deep/deep/deep/deep,mostly_deep_vs_mostly_deep_required,all_stage_modes_match,True,0,0,5,13,[mms_issue]airplane_mode_on|bad_wifi_calling|break_apn_mms_setting|break_app_storage_permission|user_abroad_roaming_enabled_off[PERSONA:None]
risky_ps_linear,54,5,target_post_switch,target_favoring,False,repair_all,repair_all,True,True,True,True,0.0,0.0,3.977635,0.0,0.07390000000000001,4.051534999999999,,,fast/deep/fast/deep/deep,fast/deep/deep/deep/deep,mostly_deep_vs_mostly_deep_required,fast_on_deep_required,False,1,0,4,11,[mms_issue]bad_wifi_calling|break_apn_mms_setting|break_app_storage_permission|data_mode_off|unseat_sim_card[PERSONA:None]
risky_ps_linear,55,5,target_post_switch,target_favoring,False,repair_all,repair_all,True,True,True,True,0.0,0.0,8.683005,0.0,0.07020000000000001,8.753205,,,fast/deep/deep/deep/deep,fast/deep/deep/deep/deep,mostly_deep_vs_mostly_deep_required,all_stage_modes_match,True,0,0,5,18,[mms_issue]airplane_mode_on|bad_network_preference|bad_wifi_calling|break_apn_mms_setting|break_app_storage_permission|unseat_sim_card[PERSONA:Easy]
risky_ps_linear,56,5,target_post_switch,target_favoring,True,repair_subset,repair_subset,False,False,False,False,14.0,3.0,5.787995,0.0,0.06380000000000001,19.851795,14.0,subset_mismatch_base_plus_linear;local_clear_failure_floor_10;local_clear_and_aux_failure_floor_12;fast_path_on_deep_required_clear_failure_floor_14,fast/fast/fast/deep/deep,fast/deep/deep/deep/deep,mostly_fast_vs_mostly_deep_required,fast_on_deep_required,False,2,0,3,12,[mms_issue]airplane_mode_on|bad_network_preference|bad_wifi_calling|break_apn_mms_setting|break_app_both_permissions|data_mode_off|data_usage_exceeded|unseat_sim_card|user_abroad_roaming_disabled_on[PERSONA:Hard]
risky_ps_linear,57,5,target_post_switch,target_favoring,True,repair_subset,transfer,False,False,False,False,22.5,18.5,4.974285,0.0,0.0786,27.552885000000003,18.0,subset_mismatch_base_plus_linear;local_clear_failure_floor_10;local_clear_and_aux_failure_floor_12;invalid_local_transfer_floor_18,fast/deep/deep/deep/deep,fast/deep/deep/deep/deep,mostly_deep_vs_mostly_deep_required,all_stage_modes_match,True,0,0,5,13,[mms_issue]airplane_mode_on|bad_network_preference|bad_wifi_calling|break_apn_mms_setting|break_app_sms_permission|data_mode_off|data_usage_exceeded|unseat_sim_card|user_abroad_roaming_disabled_on[PERSONA:None]
risky_ps_linear,58,5,target_post_switch,target_favoring,True,repair_subset,repair_subset,False,False,False,False,17.0,13.0,5.300355,0.0,0.0718,22.372155,12.0,subset_mismatch_base_plus_linear;local_clear_failure_floor_10;local_clear_and_aux_failure_floor_12,fast/fast/deep/deep/deep,fast/deep/deep/deep/deep,mostly_deep_vs_mostly_deep_required,fast_on_deep_required,False,1,0,4,12,[mms_issue]airplane_mode_on|bad_network_preference|bad_wifi_calling|break_apn_mms_setting|break_app_both_permissions|data_mode_off|data_usage_exceeded|unseat_sim_card|user_abroad_roaming_enabled_off[PERSONA:Hard]
risky_ps_linear,59,5,target_post_switch,target_favoring,True,repair_all,transfer,False,False,True,False,22.5,18.5,6.149715,0.0,0.0671,28.716815,18.0,subset_mismatch_base_plus_linear;local_clear_failure_floor_10;invalid_local_transfer_floor_18,deep/fast/fast/deep/deep,fast/deep/deep/deep/deep,mostly_deep_vs_mostly_deep_required,both_mismatch_types,False,2,1,2,14,[mms_issue]airplane_mode_on|bad_network_preference|bad_wifi_calling|break_apn_mms_setting|break_app_sms_permission|data_mode_off|unseat_sim_card|user_abroad_roaming_enabled_off[PERSONA:None]
risky_ps_linear,60,6,target_post_switch,target_favoring,False,repair_all,repair_all,True,True,True,True,0.0,0.0,5.09608,0.0,0.0706,5.1666799999999995,,,fast/deep/fast/deep/fast,fast/deep/deep/deep/deep,mostly_fast_vs_mostly_deep_required,fast_on_deep_required,False,2,0,3,13,[mms_issue]bad_wifi_calling|break_apn_mms_setting|break_app_storage_permission|unseat_sim_card[PERSONA:Easy]
risky_ps_linear,61,6,target_post_switch,target_favoring,False,repair_all,repair_all,True,True,True,True,0.0,0.0,4.320695,0.0,0.0729,4.3935949999999995,,,fast/deep/deep/fast/deep,fast/deep/deep/deep/deep,mostly_deep_vs_mostly_deep_required,fast_on_deep_required,False,1,0,4,12,[mms_issue]bad_wifi_calling|break_apn_mms_setting|break_app_sms_permission|unseat_sim_card[PERSONA:None]
risky_ps_linear,62,6,target_post_switch,target_favoring,False,repair_all,repair_all,True,True,True,True,0.0,0.0,4.82999,0.0,0.07650000000000001,4.90649,,,deep/deep/deep/deep/deep,fast/deep/deep/deep/deep,mostly_deep_vs_mostly_deep_required,deep_on_fast_required,False,0,1,4,15,[mms_issue]bad_wifi_calling|break_apn_mms_setting|break_app_sms_permission|user_abroad_roaming_enabled_off[PERSONA:Easy]
risky_ps_linear,63,6,target_post_switch,target_favoring,False,repair_all,repair_subset,False,False,True,False,10.0,5.0,4.730505,0.0,0.0724,14.802904999999999,10.0,subset_mismatch_base_plus_linear;local_clear_failure_floor_10,fast/deep/deep/deep/deep,fast/deep/deep/deep/deep,mostly_deep_vs_mostly_deep_required,all_stage_modes_match,True,0,0,5,13,[mms_issue]airplane_mode_on|bad_wifi_calling|break_apn_mms_setting|break_app_storage_permission|user_abroad_roaming_enabled_off[PERSONA:None]
risky_ps_linear,64,6,target_post_switch,target_favoring,False,repair_all,repair_all,True,True,True,True,0.0,0.0,4.97539,0.0,0.0629,5.03829,,,fast/deep/deep/deep/deep,fast/deep/deep/deep/deep,mostly_deep_vs_mostly_deep_required,all_stage_modes_match,True,0,0,5,14,[mms_issue]bad_wifi_calling|break_apn_mms_setting|break_app_storage_permission|data_mode_off|unseat_sim_card[PERSONA:None]
risky_ps_linear,65,6,target_post_switch,target_favoring,False,repair_all,transfer,False,False,True,False,18.5,14.5,5.1564,0.0,0.07750000000000001,23.7339,18.0,subset_mismatch_base_plus_linear;local_clear_failure_floor_10;invalid_local_transfer_floor_18,deep/deep/deep/deep/deep,fast/deep/deep/deep/deep,mostly_deep_vs_mostly_deep_required,deep_on_fast_required,False,0,1,4,15,[mms_issue]airplane_mode_on|bad_network_preference|bad_wifi_calling|break_apn_mms_setting|break_app_storage_permission|unseat_sim_card[PERSONA:Easy]
risky_ps_linear,66,6,target_post_switch,target_favoring,True,repair_subset,repair_subset,True,True,False,False,6.0,2.0,5.417855,0.0,0.07020000000000001,11.488055,6.0,clear_but_aux_failure_floor_6,fast/deep/fast/deep/deep,fast/deep/deep/deep/deep,mostly_deep_vs_mostly_deep_required,fast_on_deep_required,False,1,0,4,13,[mms_issue]airplane_mode_on|bad_network_preference|bad_wifi_calling|break_apn_mms_setting|break_app_both_permissions|data_mode_off|data_usage_exceeded|unseat_sim_card|user_abroad_roaming_disabled_on[PERSONA:Hard]
risky_ps_linear,67,6,target_post_switch,target_favoring,True,repair_subset,transfer,False,False,False,False,23.5,19.5,6.258405,0.0,0.0611,29.819505,18.0,subset_mismatch_base_plus_linear;local_clear_failure_floor_10;local_clear_and_aux_failure_floor_12;fast_path_on_deep_required_clear_failure_floor_14;invalid_local_transfer_floor_18,deep/fast/fast/fast/deep,fast/deep/deep/deep/deep,mostly_fast_vs_mostly_deep_required,both_mismatch_types,False,3,1,1,13,[mms_issue]airplane_mode_on|bad_network_preference|bad_wifi_calling|break_apn_mms_setting|break_app_sms_permission|data_mode_off|data_usage_exceeded|unseat_sim_card|user_abroad_roaming_disabled_on[PERSONA:None]
risky_ps_linear,68,6,target_post_switch,target_favoring,True,repair_subset,repair_subset,True,True,False,False,6.0,2.0,4.88057,0.0,0.0727,10.95327,6.0,clear_but_aux_failure_floor_6,fast/deep/fast/deep/deep,fast/deep/deep/deep/deep,mostly_deep_vs_mostly_deep_required,fast_on_deep_required,False,1,0,4,12,[mms_issue]airplane_mode_on|bad_network_preference|bad_wifi_calling|break_apn_mms_setting|break_app_both_permissions|data_mode_off|data_usage_exceeded|unseat_sim_card|user_abroad_roaming_enabled_off[PERSONA:Hard]
risky_ps_linear,69,6,target_post_switch,target_favoring,True,repair_all,repair_all,True,True,True,True,0.0,0.0,5.086995,0.0,0.0741,5.1610949999999995,,,fast/deep/deep/deep/deep,fast/deep/deep/deep/deep,mostly_deep_vs_mostly_deep_required,all_stage_modes_match,True,0,0,5,13,[mms_issue]airplane_mode_on|bad_network_preference|bad_wifi_calling|break_apn_mms_setting|break_app_sms_permission|data_mode_off|unseat_sim_card|user_abroad_roaming_enabled_off[PERSONA:None]
risky_ps_linear,70,7,target_post_switch,target_favoring,False,repair_all,repair_all,True,True,True,True,0.0,0.0,4.80369,0.0,0.06780000000000001,4.87149,,,fast/deep/deep/deep/fast,fast/deep/deep/deep/deep,mostly_deep_vs_mostly_deep_required,fast_on_deep_required,False,1,0,4,13,[mms_issue]bad_wifi_calling|break_apn_mms_setting|break_app_storage_permission|unseat_sim_card[PERSONA:Easy]
risky_ps_linear,71,7,target_post_switch,target_favoring,False,repair_all,repair_all,True,True,True,True,0.0,0.0,4.905945,0.0,0.07600000000000001,4.981945,,,deep/deep/deep/deep/deep,fast/deep/deep/deep/deep,mostly_deep_vs_mostly_deep_required,deep_on_fast_required,False,0,1,4,15,[mms_issue]bad_wifi_calling|break_apn_mms_setting|break_app_sms_permission|unseat_sim_card[PERSONA:None]
risky_ps_linear,72,7,target_post_switch,target_favoring,False,repair_all,repair_all,True,True,True,True,0.0,0.0,3.778845,0.0,0.0752,3.854045,,,fast/deep/deep/deep/deep,fast/deep/deep/deep/deep,mostly_deep_vs_mostly_deep_required,all_stage_modes_match,True,0,0,5,12,[mms_issue]bad_wifi_calling|break_apn_mms_setting|break_app_sms_permission|user_abroad_roaming_enabled_off[PERSONA:Easy]
risky_ps_linear,73,7,target_post_switch,target_favoring,False,repair_all,repair_all,True,True,True,True,0.0,0.0,4.42425,0.0,0.0714,4.4956499999999995,,,fast/deep/deep/deep/deep,fast/deep/deep/deep/deep,mostly_deep_vs_mostly_deep_required,all_stage_modes_match,True,0,0,5,13,[mms_issue]airplane_mode_on|bad_wifi_calling|break_apn_mms_setting|break_app_storage_permission|user_abroad_roaming_enabled_off[PERSONA:None]
risky_ps_linear,74,7,target_post_switch,target_favoring,False,repair_all,repair_all,True,True,True,True,0.0,0.0,4.97777,0.0,0.0792,5.05697,,,fast/deep/deep/deep/deep,fast/deep/deep/deep/deep,mostly_deep_vs_mostly_deep_required,all_stage_modes_match,True,0,0,5,14,[mms_issue]bad_wifi_calling|break_apn_mms_setting|break_app_storage_permission|data_mode_off|unseat_sim_card[PERSONA:None]
risky_ps_linear,75,7,target_post_switch,target_favoring,False,repair_all,repair_all,True,True,True,True,0.0,0.0,5.639755,0.0,0.07390000000000001,5.713655,,,fast/deep/fast/deep/deep,fast/deep/deep/deep/deep,mostly_deep_vs_mostly_deep_required,fast_on_deep_required,False,1,0,4,14,[mms_issue]airplane_mode_on|bad_network_preference|bad_wifi_calling|break_apn_mms_setting|break_app_storage_permission|unseat_sim_card[PERSONA:Easy]
risky_ps_linear,76,7,target_post_switch,target_favoring,True,repair_subset,repair_subset,False,False,False,False,12.0,3.0,4.177845,0.0,0.0703,16.248145,12.0,subset_mismatch_base_plus_linear;local_clear_failure_floor_10;local_clear_and_aux_failure_floor_12,fast/fast/deep/deep/deep,fast/deep/deep/deep/deep,mostly_deep_vs_mostly_deep_required,fast_on_deep_required,False,1,0,4,10,[mms_issue]airplane_mode_on|bad_network_preference|bad_wifi_calling|break_apn_mms_setting|break_app_both_permissions|data_mode_off|data_usage_exceeded|unseat_sim_card|user_abroad_roaming_disabled_on[PERSONA:Hard]
risky_ps_linear,77,7,target_post_switch,target_favoring,True,repair_subset,transfer,False,False,False,False,23.5,19.5,4.56006,0.0,0.0801,28.14016,18.0,subset_mismatch_base_plus_linear;local_clear_failure_floor_10;local_clear_and_aux_failure_floor_12;invalid_local_transfer_floor_18,fast/fast/deep/deep/deep,fast/deep/deep/deep/deep,mostly_deep_vs_mostly_deep_required,fast_on_deep_required,False,1,0,4,11,[mms_issue]airplane_mode_on|bad_network_preference|bad_wifi_calling|break_apn_mms_setting|break_app_sms_permission|data_mode_off|data_usage_exceeded|unseat_sim_card|user_abroad_roaming_disabled_on[PERSONA:None]
risky_ps_linear,78,7,target_post_switch,target_favoring,True,repair_subset,repair_subset,True,True,False,False,6.0,2.0,4.57946,0.0,0.0735,10.65296,6.0,clear_but_aux_failure_floor_6,fast/deep/deep/deep/deep,fast/deep/deep/deep/deep,mostly_deep_vs_mostly_deep_required,all_stage_modes_match,True,0,0,5,12,[mms_issue]airplane_mode_on|bad_network_preference|bad_wifi_calling|break_apn_mms_setting|break_app_both_permissions|data_mode_off|data_usage_exceeded|unseat_sim_card|user_abroad_roaming_enabled_off[PERSONA:Hard]
risky_ps_linear,79,7,target_post_switch,target_favoring,True,repair_all,repair_subset,False,False,True,False,15.0,11.0,5.22698,0.0,0.0614,20.28838,10.0,subset_mismatch_base_plus_linear;local_clear_failure_floor_10,fast/fast/deep/deep/deep,fast/deep/deep/deep/deep,mostly_deep_vs_mostly_deep_required,fast_on_deep_required,False,1,0,4,12,[mms_issue]airplane_mode_on|bad_network_preference|bad_wifi_calling|break_apn_mms_setting|break_app_sms_permission|data_mode_off|unseat_sim_card|user_abroad_roaming_enabled_off[PERSONA:None]
risky_ps_linear,80,8,target_post_switch,target_favoring,False,repair_all,repair_all,True,True,True,True,0.0,0.0,4.26258,0.0,0.0724,4.33498,,,fast/deep/deep/deep/deep,fast/deep/deep/deep/deep,mostly_deep_vs_mostly_deep_required,all_stage_modes_match,True,0,0,5,13,[mms_issue]bad_wifi_calling|break_apn_mms_setting|break_app_storage_permission|unseat_sim_card[PERSONA:Easy]
risky_ps_linear,81,8,target_post_switch,target_favoring,False,repair_all,repair_all,True,True,True,True,0.0,0.0,4.355995,0.0,0.07600000000000001,4.431995,,,deep/deep/deep/deep/deep,fast/deep/deep/deep/deep,mostly_deep_vs_mostly_deep_required,deep_on_fast_required,False,0,1,4,14,[mms_issue]bad_wifi_calling|break_apn_mms_setting|break_app_sms_permission|unseat_sim_card[PERSONA:None]
risky_ps_linear,82,8,target_post_switch,target_favoring,False,repair_all,repair_all,True,True,True,True,0.0,0.0,4.172855,0.0,0.0748,4.247655,,,deep/deep/deep/deep/deep,fast/deep/deep/deep/deep,mostly_deep_vs_mostly_deep_required,deep_on_fast_required,False,0,1,4,13,[mms_issue]bad_wifi_calling|break_apn_mms_setting|break_app_sms_permission|user_abroad_roaming_enabled_off[PERSONA:Easy]
risky_ps_linear,83,8,target_post_switch,target_favoring,False,repair_all,repair_all,True,True,True,True,0.0,0.0,4.20478,0.0,0.0752,4.27998,,,fast/deep/deep/deep/deep,fast/deep/deep/deep/deep,mostly_deep_vs_mostly_deep_required,all_stage_modes_match,True,0,0,5,12,[mms_issue]airplane_mode_on|bad_wifi_calling|break_apn_mms_setting|break_app_storage_permission|user_abroad_roaming_enabled_off[PERSONA:None]
risky_ps_linear,84,8,target_post_switch,target_favoring,False,repair_all,repair_all,True,True,True,True,0.0,0.0,4.42935,0.0,0.0732,4.50255,,,fast/deep/deep/deep/deep,fast/deep/deep/deep/deep,mostly_deep_vs_mostly_deep_required,all_stage_modes_match,True,0,0,5,13,[mms_issue]bad_wifi_calling|break_apn_mms_setting|break_app_storage_permission|data_mode_off|unseat_sim_card[PERSONA:None]
risky_ps_linear,85,8,target_post_switch,target_favoring,False,repair_all,repair_all,True,True,True,True,0.0,0.0,5.113645,0.0,0.0753,5.188945,,,deep/deep/deep/deep/deep,fast/deep/deep/deep/deep,mostly_deep_vs_mostly_deep_required,deep_on_fast_required,False,0,1,4,14,[mms_issue]airplane_mode_on|bad_network_preference|bad_wifi_calling|break_apn_mms_setting|break_app_storage_permission|unseat_sim_card[PERSONA:Easy]
risky_ps_linear,86,8,target_post_switch,target_favoring,True,repair_subset,transfer,False,False,False,False,22.5,18.5,5.023585,0.0,0.0748,27.598385,18.0,subset_mismatch_base_plus_linear;local_clear_failure_floor_10;local_clear_and_aux_failure_floor_12;invalid_local_transfer_floor_18,fast/deep/deep/deep/deep,fast/deep/deep/deep/deep,mostly_deep_vs_mostly_deep_required,all_stage_modes_match,True,0,0,5,13,[mms_issue]airplane_mode_on|bad_network_preference|bad_wifi_calling|break_apn_mms_setting|break_app_both_permissions|data_mode_off|data_usage_exceeded|unseat_sim_card|user_abroad_roaming_disabled_on[PERSONA:Hard]
risky_ps_linear,87,8,target_post_switch,target_favoring,True,repair_subset,repair_subset,True,True,False,False,6.0,2.0,6.378135,0.0,0.07600000000000001,12.454135,6.0,clear_but_aux_failure_floor_6,deep/deep/deep/deep/deep,fast/deep/deep/deep/deep,mostly_deep_vs_mostly_deep_required,deep_on_fast_required,False,0,1,4,16,[mms_issue]airplane_mode_on|bad_network_preference|bad_wifi_calling|break_apn_mms_setting|break_app_sms_permission|data_mode_off|data_usage_exceeded|unseat_sim_card|user_abroad_roaming_disabled_on[PERSONA:None]
risky_ps_linear,88,8,target_post_switch,target_favoring,True,repair_subset,repair_subset,True,True,False,False,6.0,2.0,4.55192,0.0,0.07410000000000001,10.62602,6.0,clear_but_aux_failure_floor_6,fast/deep/deep/deep/deep,fast/deep/deep/deep/deep,mostly_deep_vs_mostly_deep_required,all_stage_modes_match,True,0,0,5,12,[mms_issue]airplane_mode_on|bad_network_preference|bad_wifi_calling|break_apn_mms_setting|break_app_both_permissions|data_mode_off|data_usage_exceeded|unseat_sim_card|user_abroad_roaming_enabled_off[PERSONA:Hard]
risky_ps_linear,89,8,target_post_switch,target_favoring,True,repair_all,repair_all,True,True,True,True,0.0,0.0,5.886115,0.0,0.0763,5.962415,,,fast/deep/fast/deep/deep,fast/deep/deep/deep/deep,mostly_deep_vs_mostly_deep_required,fast_on_deep_required,False,1,0,4,14,[mms_issue]airplane_mode_on|bad_network_preference|bad_wifi_calling|break_apn_mms_setting|break_app_sms_permission|data_mode_off|unseat_sim_card|user_abroad_roaming_enabled_off[PERSONA:None]
risky_ps_linear,90,9,target_post_switch,target_favoring,False,repair_all,repair_all,True,True,True,True,0.0,0.0,4.86858,0.0,0.0748,4.943379999999999,,,deep/deep/deep/deep/deep,fast/deep/deep/deep/deep,mostly_deep_vs_mostly_deep_required,deep_on_fast_required,False,0,1,4,15,[mms_issue]bad_wifi_calling|break_apn_mms_setting|break_app_storage_permission|unseat_sim_card[PERSONA:Easy]
risky_ps_linear,91,9,target_post_switch,target_favoring,False,repair_all,repair_all,True,True,True,True,0.0,0.0,5.067235,0.0,0.06820000000000001,5.135435,,,fast/deep/fast/deep/fast,fast/deep/deep/deep/deep,mostly_fast_vs_mostly_deep_required,fast_on_deep_required,False,2,0,3,13,[mms_issue]bad_wifi_calling|break_apn_mms_setting|break_app_sms_permission|unseat_sim_card[PERSONA:None]
risky_ps_linear,92,9,target_post_switch,target_favoring,False,repair_all,repair_all,True,True,True,True,0.0,0.0,4.02458,0.0,0.0735,4.09808,,,fast/deep/deep/deep/deep,fast/deep/deep/deep/deep,mostly_deep_vs_mostly_deep_required,all_stage_modes_match,True,0,0,5,12,[mms_issue]bad_wifi_calling|break_apn_mms_setting|break_app_sms_permission|user_abroad_roaming_enabled_off[PERSONA:Easy]
risky_ps_linear,93,9,target_post_switch,target_favoring,False,repair_all,repair_all,True,True,True,True,0.0,0.0,4.29029,0.0,0.0735,4.36379,,,fast/deep/deep/deep/deep,fast/deep/deep/deep/deep,mostly_deep_vs_mostly_deep_required,all_stage_modes_match,True,0,0,5,12,[mms_issue]airplane_mode_on|bad_wifi_calling|break_apn_mms_setting|break_app_storage_permission|user_abroad_roaming_enabled_off[PERSONA:None]
risky_ps_linear,94,9,target_post_switch,target_favoring,False,repair_all,repair_all,True,True,True,True,0.0,0.0,4.36407,0.0,0.0741,4.4381699999999995,,,fast/deep/deep/deep/deep,fast/deep/deep/deep/deep,mostly_deep_vs_mostly_deep_required,all_stage_modes_match,True,0,0,5,13,[mms_issue]bad_wifi_calling|break_apn_mms_setting|break_app_storage_permission|data_mode_off|unseat_sim_card[PERSONA:None]
risky_ps_linear,95,9,target_post_switch,target_favoring,False,repair_all,repair_all,True,True,True,True,0.0,0.0,4.47572,0.0,0.07600000000000001,4.5517199999999995,,,deep/deep/deep/deep/deep,fast/deep/deep/deep/deep,mostly_deep_vs_mostly_deep_required,deep_on_fast_required,False,0,1,4,13,[mms_issue]airplane_mode_on|bad_network_preference|bad_wifi_calling|break_apn_mms_setting|break_app_storage_permission|unseat_sim_card[PERSONA:Easy]
risky_ps_linear,96,9,target_post_switch,target_favoring,True,repair_subset,transfer,False,False,False,False,22.5,18.5,5.334045,0.0,0.0709,27.904945,18.0,subset_mismatch_base_plus_linear;local_clear_failure_floor_10;local_clear_and_aux_failure_floor_12;invalid_local_transfer_floor_18,fast/deep/fast/deep/deep,fast/deep/deep/deep/deep,mostly_deep_vs_mostly_deep_required,fast_on_deep_required,False,1,0,4,13,[mms_issue]airplane_mode_on|bad_network_preference|bad_wifi_calling|break_apn_mms_setting|break_app_both_permissions|data_mode_off|data_usage_exceeded|unseat_sim_card|user_abroad_roaming_disabled_on[PERSONA:Hard]
risky_ps_linear,97,9,target_post_switch,target_favoring,True,repair_subset,transfer,False,False,False,False,22.5,18.5,5.581685,0.0,0.07650000000000001,28.158185,18.0,subset_mismatch_base_plus_linear;local_clear_failure_floor_10;local_clear_and_aux_failure_floor_12;invalid_local_transfer_floor_18,deep/deep/deep/deep/deep,fast/deep/deep/deep/deep,mostly_deep_vs_mostly_deep_required,deep_on_fast_required,False,0,1,4,15,[mms_issue]airplane_mode_on|bad_network_preference|bad_wifi_calling|break_apn_mms_setting|break_app_sms_permission|data_mode_off|data_usage_exceeded|unseat_sim_card|user_abroad_roaming_disabled_on[PERSONA:None]
risky_ps_linear,98,9,target_post_switch,target_favoring,True,repair_subset,repair_subset,False,False,False,False,17.0,13.0,5.381265,0.0,0.0724,22.453664999999997,12.0,subset_mismatch_base_plus_linear;local_clear_failure_floor_10;local_clear_and_aux_failure_floor_12,fast/deep/deep/deep/deep,fast/deep/deep/deep/deep,mostly_deep_vs_mostly_deep_required,all_stage_modes_match,True,0,0,5,13,[mms_issue]airplane_mode_on|bad_network_preference|bad_wifi_calling|break_apn_mms_setting|break_app_both_permissions|data_mode_off|data_usage_exceeded|unseat_sim_card|user_abroad_roaming_enabled_off[PERSONA:Hard]
risky_ps_linear,99,9,target_post_switch,target_favoring,True,repair_all,repair_all,True,True,True,True,0.0,0.0,4.93289,0.0,0.0752,5.00809,,,fast/deep/deep/deep/deep,fast/deep/deep/deep/deep,mostly_deep_vs_mostly_deep_required,all_stage_modes_match,True,0,0,5,13,[mms_issue]airplane_mode_on|bad_network_preference|bad_wifi_calling|break_apn_mms_setting|break_app_sms_permission|data_mode_off|unseat_sim_card|user_abroad_roaming_enabled_off[PERSONA:None]
