episode_index,repeat_index,dataset_index,schedule_phase,oracle_action,expected_terminal_action,repairability,original_task_id,oracle_selected_blockers,oracle_deferred_blockers,oracle_actions,stage5_success_condition,stage5_required_postchecks,old_final,old_terminal,old_total,old_reasoning,old_modecost_report,old_pair,old_pattern,old_actual_modes,old_required_modes,old_clear,old_aux,old_strict,old_shared,old_path_prob,old_stage_probs,old_route,old_path,old_suffix,old_replay_tools,old_executed_tools,old_missing_blockers,old_missing_tools,old_terminal_reasons,old_transition,old_cause,pf_final,pf_terminal,pf_total,pf_reasoning,pf_modecost_report,pf_pair,pf_pattern,pf_actual_modes,pf_required_modes,pf_clear,pf_aux,pf_strict,pf_shared,pf_path_prob,pf_stage_probs,pf_route,pf_path,pf_suffix,pf_replay_tools,pf_executed_tools,pf_missing_blockers,pf_missing_tools,pf_terminal_reasons,pf_transition,pf_cause,delta_terminal_pf_minus_old,delta_total_pf_minus_old,terminal_improved,terminal_worse,pair_change
0,0,1,trap_pre_switch,repair_all,repair_all,repairable,[mms_issue]airplane_mode_on|bad_wifi_calling|break_app_storage_permission[PERSONA:Easy],airplane_mode_on|bad_wifi_calling|break_app_storage_permission,,toggle_airplane_mode|toggle_wifi_calling|grant_app_permission,can_send_mms_true,can_send_mms,repair_all,0.0,3.81779,3.74779,1.0,mostly_fast_vs_mostly_fast_required,fffdd on fffff,fffdd,fffff,True,True,True,True,0.0018518518518518515,"{""stage1"": 0.2, ""stage2"": 0.3333333333333333, ""stage3"": 0.3333333333333333, ""stage4"": 0.25, ""stage5"": 0.3333333333333333}",barrier_stage1_gate > trap_stage2_router > trap_stage3_network > barrier_stage4_gate > target_stage5_decision,stage1_n5__from__root__c05 > stage2_n3__from__n0005__c01 > stage3_n4__from__n0020__c02 > stage4_n5__from__n0066__c04 > stage5_n2__from__n0191__c01,stage4_n5__from__n0066__c04 > stage5_n2__from__n0191__c01,toggle_airplane_mode|toggle_wifi_calling|grant_app_permission,check_network_status|check_wifi_calling_status|check_app_permissions|can_send_mms,,,,matched_terminal_action,no_terminal_failure_or_low_penalty,repair_all,0.0,3.81779,3.74779,1.0,mostly_fast_vs_mostly_fast_required,fffdd on fffff,fffdd,fffff,True,True,True,True,0.0018518518518518515,"{""stage1"": 0.2, ""stage2"": 0.3333333333333333, ""stage3"": 0.3333333333333333, ""stage4"": 0.25, ""stage5"": 0.3333333333333333}",barrier_stage1_gate > trap_stage2_router > trap_stage3_network > barrier_stage4_gate > target_stage5_decision,stage1_n5__from__root__c05 > stage2_n3__from__n0005__c01 > stage3_n4__from__n0020__c02 > stage4_n5__from__n0066__c04 > stage5_n2__from__n0191__c01,stage4_n5__from__n0066__c04 > stage5_n2__from__n0191__c01,toggle_airplane_mode|toggle_wifi_calling|grant_app_permission,check_network_status|check_wifi_calling_status|check_app_permissions|can_send_mms,,,,matched_terminal_action,no_terminal_failure_or_low_penalty,0.0,0.0,False,False,fffdd on fffff -> fffdd on fffff
1,0,3,trap_pre_switch,repair_all,repair_all,repairable,[mms_issue]airplane_mode_on|bad_wifi_calling|break_app_sms_permission[PERSONA:None],airplane_mode_on|bad_wifi_calling|break_app_sms_permission,,toggle_airplane_mode|toggle_wifi_calling|grant_app_permission,can_send_mms_true,can_send_mms,repair_all,0.0,5.50665,5.43225,2.5,mostly_deep_vs_mostly_fast_required,ddddd on fffff,ddddd,fffff,True,True,True,True,0.01715698736842547,"{""stage1"": 0.20588384842110563, ""stage2"": 0.3333333333333333, ""stage3"": 0.5, ""stage4"": 1.0, ""stage5"": 0.5}",target_stage1_handoff > target_stage2_router > target_stage3_apn > target_stage4_repair > target_stage5_verify,stage1_n3__from__root__c03 > stage2_n1__from__n0003__c01 > stage3_n1__from__n0012__c01 > stage4_n1__from__n0041__c01 > stage5_n1__from__n0120__c01,stage4_n1__from__n0041__c01 > stage5_n1__from__n0120__c01,toggle_airplane_mode|toggle_wifi_calling|grant_app_permission,check_network_status|check_wifi_calling_status|check_app_permissions|can_send_mms,,,,matched_terminal_action,no_terminal_failure_or_low_penalty,repair_all,0.0,5.50665,5.43225,2.5,mostly_deep_vs_mostly_fast_required,ddddd on fffff,ddddd,fffff,True,True,True,True,0.01715698736842547,"{""stage1"": 0.20588384842110563, ""stage2"": 0.3333333333333333, ""stage3"": 0.5, ""stage4"": 1.0, ""stage5"": 0.5}",target_stage1_handoff > target_stage2_router > target_stage3_apn > target_stage4_repair > target_stage5_verify,stage1_n3__from__root__c03 > stage2_n1__from__n0003__c01 > stage3_n1__from__n0012__c01 > stage4_n1__from__n0041__c01 > stage5_n1__from__n0120__c01,stage4_n1__from__n0041__c01 > stage5_n1__from__n0120__c01,toggle_airplane_mode|toggle_wifi_calling|grant_app_permission,check_network_status|check_wifi_calling_status|check_app_permissions|can_send_mms,,,,matched_terminal_action,no_terminal_failure_or_low_penalty,0.0,0.0,False,False,ddddd on fffff -> ddddd on fffff
2,0,6,trap_pre_switch,repair_all,repair_all,repairable,[mms_issue]bad_wifi_calling[PERSONA:Easy],bad_wifi_calling,,toggle_wifi_calling,can_send_mms_true,can_send_mms,repair_all,0.0,7.76563,7.68823,1.5,mostly_deep_vs_mostly_fast_required,ffddd on fffff,ffddd,fffff,True,True,True,True,0.0024456309993023,"{""stage1"": 0.18381795995757366, ""stage2"": 0.23944536038729014, ""stage3"": 0.44451513167889, ""stage4"": 0.25, ""stage5"": 0.5}",barrier_stage1_gate > trap_stage2_router > barrier_stage3_gate > general_stage4_repair > target_stage5_verify,stage1_n5__from__root__c05 > stage2_n3__from__n0005__c01 > stage3_n5__from__n0020__c03 > stage4_n2__from__n0067__c01 > stage5_n1__from__n0192__c01,stage4_n2__from__n0067__c01 > stage5_n1__from__n0192__c01,toggle_wifi_calling|toggle_wifi_calling|toggle_wifi_calling|toggle_wifi_calling|toggle_wifi_calling|toggle_wifi_calling|toggle_wifi_calling|toggle_wifi_calling|toggle_wifi_calling,check_wifi_calling_status|can_send_mms,,,,matched_terminal_action,no_terminal_failure_or_low_penalty,repair_all,0.0,9.167505,9.090105,1.5,mostly_deep_vs_mostly_fast_required,ffddd on fffff,ffddd,fffff,True,True,True,True,0.0024456309993023,"{""stage1"": 0.18381795995757366, ""stage2"": 0.23944536038729014, ""stage3"": 0.44451513167889, ""stage4"": 0.25, ""stage5"": 0.5}",barrier_stage1_gate > trap_stage2_router > barrier_stage3_gate > general_stage4_repair > target_stage5_verify,stage1_n5__from__root__c05 > stage2_n3__from__n0005__c01 > stage3_n5__from__n0020__c03 > stage4_n2__from__n0067__c01 > stage5_n1__from__n0192__c01,stage4_n2__from__n0067__c01 > stage5_n1__from__n0192__c01,toggle_wifi_calling|toggle_wifi_calling|toggle_wifi_calling|toggle_wifi_calling|toggle_wifi_calling|toggle_wifi_calling|toggle_wifi_calling|toggle_wifi_calling|toggle_wifi_calling|toggle_wifi_calling|toggle_wifi_calling|toggle_wifi_calling|toggle_wifi_calling|toggle_wifi_calling|toggle_wifi_calling|toggle_wifi_calling,check_wifi_calling_status|can_send_mms|check_network_status|check_apn_settings,,,,matched_terminal_action,no_terminal_failure_or_low_penalty,0.0,1.4018750000000004,False,False,ffddd on fffff -> ffddd on fffff
3,0,15,trap_pre_switch,repair_all,repair_all,repairable,[mms_issue]bad_wifi_calling|break_app_storage_permission[PERSONA:Easy],bad_wifi_calling|break_app_storage_permission,,toggle_wifi_calling|grant_app_permission,can_send_mms_true,can_send_mms,repair_all,0.0,4.521355,4.444255,1.5,mostly_deep_vs_mostly_fast_required,ffddd on fffff,ffddd,fffff,True,True,True,True,0.009437517770935844,"{""stage1"": 0.22650042650246027, ""stage2"": 0.3333333333333333, ""stage3"": 0.25, ""stage4"": 1.0, ""stage5"": 0.5}",general_stage1_intake > general_stage2_core > target_stage3_roaming > target_stage4_repair > target_stage5_verify,stage1_n1__from__root__c01 > stage2_n2__from__n0001__c02 > stage3_n2__from__n0007__c01 > stage4_n1__from__n0025__c01 > stage5_n1__from__n0076__c01,stage4_n1__from__n0025__c01 > stage5_n1__from__n0076__c01,toggle_wifi_calling|grant_app_permission,check_wifi_calling_status|check_app_permissions|can_send_mms|check_network_status|check_network_mode_preference,,,,matched_terminal_action,no_terminal_failure_or_low_penalty,repair_all,0.0,4.588105,4.511005,1.5,mostly_deep_vs_mostly_fast_required,ffddd on fffff,ffddd,fffff,True,True,True,True,0.009515977866065662,"{""stage1"": 0.22838346878557592, ""stage2"": 0.3333333333333333, ""stage3"": 0.25, ""stage4"": 1.0, ""stage5"": 0.5}",general_stage1_intake > general_stage2_core > target_stage3_roaming > target_stage4_repair > target_stage5_verify,stage1_n1__from__root__c01 > stage2_n2__from__n0001__c02 > stage3_n2__from__n0007__c01 > stage4_n1__from__n0025__c01 > stage5_n1__from__n0076__c01,stage4_n1__from__n0025__c01 > stage5_n1__from__n0076__c01,toggle_wifi_calling|grant_app_permission,check_wifi_calling_status|check_app_permissions|can_send_mms|check_network_status|check_apn_settings,,,,matched_terminal_action,no_terminal_failure_or_low_penalty,0.0,0.06674999999999986,False,False,ffddd on fffff -> ffddd on fffff
4,0,17,trap_pre_switch,repair_all,repair_all,repairable,[mms_issue]bad_wifi_calling|break_app_sms_permission[PERSONA:None],bad_wifi_calling|break_app_sms_permission,,toggle_wifi_calling|grant_app_permission,can_send_mms_true,can_send_mms,repair_all,0.0,3.398965,3.335065,1.0,mostly_fast_vs_mostly_fast_required,ffddf on fffff,ffddf,fffff,True,True,True,True,0.0024914471555965243,"{""stage1"": 0.19950027506282325, ""stage2"": 0.23561471944923443, ""stage3"": 0.31802188923260993, ""stage4"": 0.6666666666666666, ""stage5"": 0.25}",general_stage1_intake > general_stage2_core > general_stage3_network > general_stage4_verify > trap_stage5_terminal,stage1_n1__from__root__c01 > stage2_n2__from__n0001__c02 > stage3_n3__from__n0007__c02 > stage4_n3__from__n0026__c02 > stage5_n4__from__n0078__c04,stage4_n3__from__n0026__c02 > stage5_n4__from__n0078__c04,toggle_wifi_calling|grant_app_permission,check_wifi_calling_status|check_app_permissions|can_send_mms,,,,matched_terminal_action,no_terminal_failure_or_low_penalty,repair_all,0.0,3.4040049999999997,3.340105,1.0,mostly_fast_vs_mostly_fast_required,ffddf on fffff,ffddf,fffff,True,True,True,True,0.0025063023378516284,"{""stage1"": 0.20105151971497073, ""stage2"": 0.2350579196655229, ""stage3"": 0.3182016748288598, ""stage4"": 0.6666666666666666, ""stage5"": 0.25}",general_stage1_intake > general_stage2_core > general_stage3_network > general_stage4_verify > trap_stage5_terminal,stage1_n1__from__root__c01 > stage2_n2__from__n0001__c02 > stage3_n3__from__n0007__c02 > stage4_n3__from__n0026__c02 > stage5_n4__from__n0078__c04,stage4_n3__from__n0026__c02 > stage5_n4__from__n0078__c04,toggle_wifi_calling|grant_app_permission,check_wifi_calling_status|check_app_permissions|can_send_mms,,,,matched_terminal_action,no_terminal_failure_or_low_penalty,0.0,0.005039999999999711,False,False,ffddf on fffff -> ffddf on fffff
5,0,18,trap_pre_switch,repair_all,repair_all,repairable,[mms_issue]bad_network_preference|bad_wifi_calling|break_app_storage_permission[PERSONA:Hard],bad_network_preference|bad_wifi_calling|break_app_storage_permission,,set_network_mode_preference|toggle_wifi_calling|grant_app_permission,can_send_mms_true,can_send_mms,repair_all,0.0,3.13489,3.07939,0.5,mostly_fast_vs_mostly_fast_required,dffff on fffff,dffff,fffff,True,True,True,True,0.0016706773487812833,"{""stage1"": 0.24057753822450484, ""stage2"": 0.3333333333333333, ""stage3"": 0.3333333333333333, ""stage4"": 0.25, ""stage5"": 0.25}",general_stage1_verify > trap_stage2_router > trap_stage3_network > trap_stage4_execute > trap_stage5_terminal,stage1_n2__from__root__c02 > stage2_n3__from__n0002__c03 > stage3_n4__from__n0011__c02 > stage4_n4__from__n0039__c03 > stage5_n4__from__n0114__c03,stage4_n4__from__n0039__c03 > stage5_n4__from__n0114__c03,set_network_mode_preference|toggle_wifi_calling|grant_app_permission,check_network_mode_preference|check_wifi_calling_status|check_app_permissions|can_send_mms|check_network_status|check_sim_status,,,,matched_terminal_action,no_terminal_failure_or_low_penalty,repair_all,0.0,3.13489,3.07939,0.5,mostly_fast_vs_mostly_fast_required,dffff on fffff,dffff,fffff,True,True,True,True,0.00168548980409776,"{""stage1"": 0.24271053179007746, ""stage2"": 0.3333333333333333, ""stage3"": 0.3333333333333333, ""stage4"": 0.25, ""stage5"": 0.25}",general_stage1_verify > trap_stage2_router > trap_stage3_network > trap_stage4_execute > trap_stage5_terminal,stage1_n2__from__root__c02 > stage2_n3__from__n0002__c03 > stage3_n4__from__n0011__c02 > stage4_n4__from__n0039__c03 > stage5_n4__from__n0114__c03,stage4_n4__from__n0039__c03 > stage5_n4__from__n0114__c03,set_network_mode_preference|toggle_wifi_calling|grant_app_permission,check_network_mode_preference|check_wifi_calling_status|check_app_permissions|can_send_mms|check_network_status|check_sim_status,,,,matched_terminal_action,no_terminal_failure_or_low_penalty,0.0,0.0,False,False,dffff on fffff -> dffff on fffff
6,0,19,trap_pre_switch,repair_all,repair_all,repairable,[mms_issue]bad_wifi_calling|break_app_sms_permission|data_mode_off[PERSONA:None],data_mode_off|bad_wifi_calling|break_app_sms_permission,,toggle_data|toggle_wifi_calling|grant_app_permission,can_send_mms_true,can_send_mms,repair_all,0.0,4.187645000000001,4.121845,1.5,mostly_deep_vs_mostly_fast_required,ffddd on fffff,ffddd,fffff,True,True,True,True,0.0027389138493897373,"{""stage1"": 0.2465022464450764, ""stage2"": 0.2, ""stage3"": 0.3333333333333333, ""stage4"": 0.6666666666666666, ""stage5"": 0.25}",trap_stage1_intake > trap_stage2_router > general_stage3_network > general_stage4_verify > target_stage5_decision,stage1_n4__from__root__c04 > stage2_n3__from__n0004__c03 > stage3_n3__from__n0017__c01 > stage4_n3__from__n0056__c02 > stage5_n2__from__n0157__c02,stage4_n3__from__n0056__c02 > stage5_n2__from__n0157__c02,toggle_data|toggle_wifi_calling|grant_app_permission,check_network_status|check_wifi_calling_status|check_app_permissions|can_send_mms,,,,matched_terminal_action,no_terminal_failure_or_low_penalty,repair_all,0.0,4.194645,4.128845,1.5,mostly_deep_vs_mostly_fast_required,ffddd on fffff,ffddd,fffff,True,True,True,True,0.0027632283675530353,"{""stage1"": 0.2486905530797732, ""stage2"": 0.2, ""stage3"": 0.3333333333333333, ""stage4"": 0.6666666666666666, ""stage5"": 0.25}",trap_stage1_intake > trap_stage2_router > general_stage3_network > general_stage4_verify > target_stage5_decision,stage1_n4__from__root__c04 > stage2_n3__from__n0004__c03 > stage3_n3__from__n0017__c01 > stage4_n3__from__n0056__c02 > stage5_n2__from__n0157__c02,stage4_n3__from__n0056__c02 > stage5_n2__from__n0157__c02,toggle_data|toggle_wifi_calling|grant_app_permission,check_network_status|check_wifi_calling_status|check_app_permissions|can_send_mms,,,,matched_terminal_action,no_terminal_failure_or_low_penalty,0.0,0.006999999999999673,False,False,ffddd on fffff -> ffddd on fffff
7,0,20,trap_pre_switch,repair_all,repair_all,repairable,[mms_issue]bad_network_preference|bad_wifi_calling|break_app_sms_permission[PERSONA:Easy],bad_network_preference|bad_wifi_calling|break_app_sms_permission,,set_network_mode_preference|toggle_wifi_calling|grant_app_permission,can_send_mms_true,can_send_mms,repair_all,0.0,3.94881,3.88561,1.0,mostly_fast_vs_mostly_fast_required,dffdf on fffff,dffdf,fffff,True,True,True,True,0.0022579748872396123,"{""stage1"": 0.20508897218168062, ""stage2"": 0.3963503989313324, ""stage3"": 0.3333333333333333, ""stage4"": 0.25, ""stage5"": 0.3333333333333333}",target_stage1_handoff > trap_stage2_router > trap_stage3_network > barrier_stage4_gate > trap_stage5_terminal,stage1_n3__from__root__c03 > stage2_n3__from__n0003__c03 > stage3_n4__from__n0014__c02 > stage4_n5__from__n0048__c04 > stage5_n4__from__n0138__c02,stage4_n5__from__n0048__c04 > stage5_n4__from__n0138__c02,set_network_mode_preference|toggle_wifi_calling|grant_app_permission,check_network_mode_preference|check_wifi_calling_status|check_app_permissions|can_send_mms,,,,matched_terminal_action,no_terminal_failure_or_low_penalty,repair_all,0.0,3.92287,3.85967,1.0,mostly_fast_vs_mostly_fast_required,dffdf on fffff,dffdf,fffff,True,True,True,True,0.0022781798765453996,"{""stage1"": 0.20692416552819815, ""stage2"": 0.3963503989313324, ""stage3"": 0.3333333333333333, ""stage4"": 0.25, ""stage5"": 0.3333333333333333}",target_stage1_handoff > trap_stage2_router > trap_stage3_network > barrier_stage4_gate > trap_stage5_terminal,stage1_n3__from__root__c03 > stage2_n3__from__n0003__c03 > stage3_n4__from__n0014__c02 > stage4_n5__from__n0048__c04 > stage5_n4__from__n0138__c02,stage4_n5__from__n0048__c04 > stage5_n4__from__n0138__c02,set_network_mode_preference|toggle_wifi_calling|grant_app_permission,check_network_mode_preference|check_wifi_calling_status|check_app_permissions|can_send_mms,,,,matched_terminal_action,no_terminal_failure_or_low_penalty,0.0,-0.025939999999999852,False,False,dffdf on fffff -> dffdf on fffff
8,0,21,trap_pre_switch,repair_all,repair_all,repairable,[mms_issue]bad_wifi_calling|break_app_storage_permission|data_mode_off[PERSONA:Easy],data_mode_off|bad_wifi_calling|break_app_storage_permission,,toggle_data|toggle_wifi_calling|grant_app_permission,can_send_mms_true,can_send_mms,repair_all,0.0,3.8190950000000004,3.754195,1.0,mostly_fast_vs_mostly_fast_required,fffdd on fffff,fffdd,fffff,True,True,True,True,0.0034583864730471274,"{""stage1"": 0.19453490382083732, ""stage2"": 0.4266652087769995, ""stage3"": 0.3333333333333333, ""stage4"": 0.25, ""stage5"": 0.5}",general_stage1_intake > trap_stage2_router > trap_stage3_network > general_stage4_repair > target_stage5_decision,stage1_n1__from__root__c01 > stage2_n3__from__n0001__c03 > stage3_n4__from__n0008__c02 > stage4_n2__from__n0030__c01 > stage5_n2__from__n0089__c02,stage4_n2__from__n0030__c01 > stage5_n2__from__n0089__c02,toggle_data|toggle_wifi_calling|grant_app_permission,check_network_status|check_wifi_calling_status|check_app_permissions|can_send_mms,,,,matched_terminal_action,no_terminal_failure_or_low_penalty,repair_all,0.0,3.7749650000000003,3.710065,1.0,mostly_fast_vs_mostly_fast_required,fffdd on fffff,fffdd,fffff,True,True,True,True,0.0034885786704455008,"{""stage1"": 0.19620957650722665, ""stage2"": 0.42671662403597455, ""stage3"": 0.3333333333333333, ""stage4"": 0.25, ""stage5"": 0.5}",general_stage1_intake > trap_stage2_router > trap_stage3_network > general_stage4_repair > target_stage5_decision,stage1_n1__from__root__c01 > stage2_n3__from__n0001__c03 > stage3_n4__from__n0008__c02 > stage4_n2__from__n0030__c01 > stage5_n2__from__n0089__c02,stage4_n2__from__n0030__c01 > stage5_n2__from__n0089__c02,toggle_data|toggle_wifi_calling|grant_app_permission,check_network_status|check_wifi_calling_status|check_app_permissions|can_send_mms,,,,matched_terminal_action,no_terminal_failure_or_low_penalty,0.0,-0.04413,False,False,fffdd on fffff -> fffdd on fffff
9,0,22,trap_pre_switch,repair_all,repair_all,repairable,[mms_issue]airplane_mode_on|bad_wifi_calling[PERSONA:Easy],airplane_mode_on|bad_wifi_calling,,toggle_airplane_mode|toggle_wifi_calling,can_send_mms_true,can_send_mms,repair_all,0.0,3.764295,3.703695,1.0,mostly_fast_vs_mostly_fast_required,fdffd on fffff,fdffd,fffff,True,True,True,True,0.0010888595489931372,"{""stage1"": 0.2353780204885053, ""stage2"": 0.22204816848743514, ""stage3"": 0.3333333333333333, ""stage4"": 0.25, ""stage5"": 0.25}",trap_stage1_intake > barrier_stage2_gate > trap_stage3_network > trap_stage4_execute > general_stage5_verify,stage1_n4__from__root__c04 > stage2_n5__from__n0004__c05 > stage3_n4__from__n0019__c02 > stage4_n4__from__n0063__c03 > stage5_n3__from__n0180__c02,stage4_n4__from__n0063__c03 > stage5_n3__from__n0180__c02,toggle_airplane_mode|toggle_wifi_calling,check_network_status|check_wifi_calling_status|can_send_mms,,,,matched_terminal_action,no_terminal_failure_or_low_penalty,repair_all,0.0,3.424045,3.363445,1.0,mostly_fast_vs_mostly_fast_required,fdffd on fffff,fdffd,fffff,True,True,True,True,0.001098572075440097,"{""stage1"": 0.237608008134763, ""stage2"": 0.22192627275094706, ""stage3"": 0.3333333333333333, ""stage4"": 0.25, ""stage5"": 0.25}",trap_stage1_intake > barrier_stage2_gate > trap_stage3_network > trap_stage4_execute > general_stage5_verify,stage1_n4__from__root__c04 > stage2_n5__from__n0004__c05 > stage3_n4__from__n0019__c02 > stage4_n4__from__n0063__c03 > stage5_n3__from__n0180__c02,stage4_n4__from__n0063__c03 > stage5_n3__from__n0180__c02,toggle_airplane_mode|toggle_wifi_calling,check_network_status|check_wifi_calling_status|can_send_mms,,,,matched_terminal_action,no_terminal_failure_or_low_penalty,0.0,-0.34025000000000016,False,False,fdffd on fffff -> fdffd on fffff
10,1,1,trap_pre_switch,repair_all,repair_all,repairable,[mms_issue]airplane_mode_on|bad_wifi_calling|break_app_storage_permission[PERSONA:Easy],airplane_mode_on|bad_wifi_calling|break_app_storage_permission,,toggle_airplane_mode|toggle_wifi_calling|grant_app_permission,can_send_mms_true,can_send_mms,repair_all,0.0,4.460785,4.382485,1.5,mostly_deep_vs_mostly_fast_required,fdddf on fffff,fdddf,fffff,True,True,True,True,0.0015679761564031073,"{""stage1"": 0.1693414248915356, ""stage2"": 0.3333333333333333, ""stage3"": 0.3333333333333333, ""stage4"": 0.25, ""stage5"": 0.3333333333333333}",barrier_stage1_gate > barrier_stage2_gate > barrier_stage3_gate > barrier_stage4_gate > trap_stage5_terminal,stage1_n5__from__root__c05 > stage2_n5__from__n0005__c03 > stage3_n5__from__n0022__c03 > stage4_n5__from__n0073__c04 > stage5_n4__from__n0215__c02,stage4_n5__from__n0073__c04 > stage5_n4__from__n0215__c02,toggle_airplane_mode|toggle_wifi_calling|grant_app_permission,check_network_status|check_wifi_calling_status|check_app_permissions|can_send_mms,,,,matched_terminal_action,no_terminal_failure_or_low_penalty,repair_all,0.0,4.188409999999999,4.11011,1.5,mostly_deep_vs_mostly_fast_required,fdddf on fffff,fdddf,fffff,True,True,True,True,0.0014831215777677976,"{""stage1"": 0.16017713039892217, ""stage2"": 0.3333333333333333, ""stage3"": 0.3333333333333333, ""stage4"": 0.25, ""stage5"": 0.3333333333333333}",barrier_stage1_gate > barrier_stage2_gate > barrier_stage3_gate > barrier_stage4_gate > trap_stage5_terminal,stage1_n5__from__root__c05 > stage2_n5__from__n0005__c03 > stage3_n5__from__n0022__c03 > stage4_n5__from__n0073__c04 > stage5_n4__from__n0215__c02,stage4_n5__from__n0073__c04 > stage5_n4__from__n0215__c02,toggle_airplane_mode|toggle_wifi_calling|grant_app_permission,check_network_status|check_wifi_calling_status|check_app_permissions|can_send_mms,,,,matched_terminal_action,no_terminal_failure_or_low_penalty,0.0,-0.27237500000000026,False,False,fdddf on fffff -> fdddf on fffff
11,1,3,trap_pre_switch,repair_all,repair_all,repairable,[mms_issue]airplane_mode_on|bad_wifi_calling|break_app_sms_permission[PERSONA:None],airplane_mode_on|bad_wifi_calling|break_app_sms_permission,,toggle_airplane_mode|toggle_wifi_calling|grant_app_permission,can_send_mms_true,can_send_mms,repair_all,0.0,3.81557,3.74987,1.0,mostly_fast_vs_mostly_fast_required,fffdd on fffff,fffdd,fffff,True,True,True,True,0.0008338247103066377,"{""stage1"": 0.1818005171970435, ""stage2"": 0.1690606594834688, ""stage3"": 0.43406730078727396, ""stage4"": 0.25, ""stage5"": 0.25}",general_stage1_intake > general_stage2_core > trap_stage3_network > general_stage4_verify > target_stage5_decision,stage1_n1__from__root__c01 > stage2_n2__from__n0001__c02 > stage3_n4__from__n0007__c03 > stage4_n3__from__n0027__c02 > stage5_n2__from__n0080__c02,stage4_n3__from__n0027__c02 > stage5_n2__from__n0080__c02,toggle_airplane_mode|toggle_wifi_calling|grant_app_permission,check_network_status|check_wifi_calling_status|check_app_permissions|can_send_mms,,,,matched_terminal_action,no_terminal_failure_or_low_penalty,repair_all,0.0,3.80357,3.73787,1.0,mostly_fast_vs_mostly_fast_required,fffdd on fffff,fffdd,fffff,True,True,True,True,0.0008371002748337448,"{""stage1"": 0.1830669378613867, ""stage2"": 0.16851643037716418, ""stage3"": 0.4341554917626292, ""stage4"": 0.25, ""stage5"": 0.25}",general_stage1_intake > general_stage2_core > trap_stage3_network > general_stage4_verify > target_stage5_decision,stage1_n1__from__root__c01 > stage2_n2__from__n0001__c02 > stage3_n4__from__n0007__c03 > stage4_n3__from__n0027__c02 > stage5_n2__from__n0080__c02,stage4_n3__from__n0027__c02 > stage5_n2__from__n0080__c02,toggle_airplane_mode|toggle_wifi_calling|grant_app_permission,check_network_status|check_wifi_calling_status|check_app_permissions|can_send_mms,,,,matched_terminal_action,no_terminal_failure_or_low_penalty,0.0,-0.01200000000000001,False,False,fffdd on fffff -> fffdd on fffff
12,1,6,trap_pre_switch,repair_all,repair_all,repairable,[mms_issue]bad_wifi_calling[PERSONA:Easy],bad_wifi_calling,,toggle_wifi_calling,can_send_mms_true,can_send_mms,repair_all,0.0,8.35895,8.28545,2.0,mostly_deep_vs_mostly_fast_required,dfddd on fffff,dfddd,fffff,True,True,True,True,0.01159229879373776,"{""stage1"": 0.20388136229910164, ""stage2"": 0.4548644824819807, ""stage3"": 0.25, ""stage4"": 1.0, ""stage5"": 0.5}",target_stage1_handoff > general_stage2_core > target_stage3_roaming > target_stage4_repair > target_stage5_decision,stage1_n3__from__root__c03 > stage2_n2__from__n0003__c02 > stage3_n2__from__n0013__c01 > stage4_n1__from__n0043__c01 > stage5_n2__from__n0122__c02,stage4_n1__from__n0043__c01 > stage5_n2__from__n0122__c02,toggle_wifi_calling|toggle_wifi_calling|toggle_wifi_calling|toggle_wifi_calling|toggle_wifi_calling|toggle_wifi_calling|toggle_wifi_calling|toggle_wifi_calling|toggle_wifi_calling,check_wifi_calling_status|can_send_mms,,,,matched_terminal_action,no_terminal_failure_or_low_penalty,repair_all,0.0,9.179604999999999,9.106105,2.0,mostly_deep_vs_mostly_fast_required,dfddd on fffff,dfddd,fffff,True,True,True,True,0.011643532671661534,"{""stage1"": 0.20516328671192785, ""stage2"": 0.4540201264375474, ""stage3"": 0.25, ""stage4"": 1.0, ""stage5"": 0.5}",target_stage1_handoff > general_stage2_core > target_stage3_roaming > target_stage4_repair > target_stage5_decision,stage1_n3__from__root__c03 > stage2_n2__from__n0003__c02 > stage3_n2__from__n0013__c01 > stage4_n1__from__n0043__c01 > stage5_n2__from__n0122__c02,stage4_n1__from__n0043__c01 > stage5_n2__from__n0122__c02,toggle_wifi_calling|toggle_wifi_calling|toggle_wifi_calling|toggle_wifi_calling|toggle_wifi_calling|toggle_wifi_calling|toggle_wifi_calling|toggle_wifi_calling|toggle_wifi_calling,check_wifi_calling_status|can_send_mms|check_network_status|check_apn_settings,,,,matched_terminal_action,no_terminal_failure_or_low_penalty,0.0,0.8206549999999986,False,False,dfddd on fffff -> dfddd on fffff
13,1,15,trap_pre_switch,repair_all,repair_all,repairable,[mms_issue]bad_wifi_calling|break_app_storage_permission[PERSONA:Easy],bad_wifi_calling|break_app_storage_permission,,toggle_wifi_calling|grant_app_permission,can_send_mms_true,can_send_mms,repair_all,0.0,5.0727,4.9992,2.0,mostly_deep_vs_mostly_fast_required,fdddd on fffff,fdddd,fffff,True,True,True,True,0.00246468661352512,"{""stage1"": 0.2403031966387876, ""stage2"": 0.24615768559050044, ""stage3"": 0.3333333333333333, ""stage4"": 0.25, ""stage5"": 0.5}",trap_stage1_intake > general_stage2_roaming > barrier_stage3_gate > general_stage4_repair > target_stage5_verify,stage1_n4__from__root__c04 > stage2_n4__from__n0004__c04 > stage3_n5__from__n0018__c03 > stage4_n2__from__n0061__c01 > stage5_n1__from__n0172__c01,stage4_n2__from__n0061__c01 > stage5_n1__from__n0172__c01,toggle_wifi_calling|grant_app_permission,check_wifi_calling_status|check_app_permissions|can_send_mms|check_network_status|check_network_mode_preference,,,,matched_terminal_action,no_terminal_failure_or_low_penalty,repair_all,0.0,5.401325,5.327825,2.0,mostly_deep_vs_mostly_fast_required,fdddd on fffff,fdddd,fffff,True,True,True,True,0.0024994555542625263,"{""stage1"": 0.2458174341755607, ""stage2"": 0.24403042649716408, ""stage3"": 0.3333333333333333, ""stage4"": 0.25, ""stage5"": 0.5}",trap_stage1_intake > general_stage2_roaming > barrier_stage3_gate > general_stage4_repair > target_stage5_verify,stage1_n4__from__root__c04 > stage2_n4__from__n0004__c04 > stage3_n5__from__n0018__c03 > stage4_n2__from__n0061__c01 > stage5_n1__from__n0172__c01,stage4_n2__from__n0061__c01 > stage5_n1__from__n0172__c01,toggle_wifi_calling|grant_app_permission,check_wifi_calling_status|check_app_permissions|can_send_mms|check_network_status|check_apn_settings,,,,matched_terminal_action,no_terminal_failure_or_low_penalty,0.0,0.3286249999999997,False,False,fdddd on fffff -> fdddd on fffff
14,1,17,trap_pre_switch,repair_all,repair_all,repairable,[mms_issue]bad_wifi_calling|break_app_sms_permission[PERSONA:None],bad_wifi_calling|break_app_sms_permission,,toggle_wifi_calling|grant_app_permission,can_send_mms_true,can_send_mms,repair_all,0.0,5.104385,5.029685,2.0,mostly_deep_vs_mostly_fast_required,fdddd on fffff,fdddd,fffff,True,True,True,True,0.014775729280898556,"{""stage1"": 0.21056359621376933, ""stage2"": 0.2806891513364518, ""stage3"": 0.5, ""stage4"": 1.0, ""stage5"": 0.5}",trap_stage1_intake > target_stage2_router > target_stage3_roaming > target_stage4_repair > target_stage5_verify,stage1_n4__from__root__c04 > stage2_n1__from__n0004__c01 > stage3_n2__from__n0015__c02 > stage4_n1__from__n0051__c01 > stage5_n1__from__n0144__c01,stage4_n1__from__n0051__c01 > stage5_n1__from__n0144__c01,toggle_wifi_calling|grant_app_permission,check_wifi_calling_status|check_app_permissions|can_send_mms|check_network_status|check_apn_settings,,,,matched_terminal_action,no_terminal_failure_or_low_penalty,repair_all,0.0,5.06901,4.99431,2.0,mostly_deep_vs_mostly_fast_required,fdddd on fffff,fdddd,fffff,True,True,True,True,0.014968504944139613,"{""stage1"": 0.21441209447009643, ""stage2"": 0.2792473993807702, ""stage3"": 0.5, ""stage4"": 1.0, ""stage5"": 0.5}",trap_stage1_intake > target_stage2_router > target_stage3_roaming > target_stage4_repair > target_stage5_verify,stage1_n4__from__root__c04 > stage2_n1__from__n0004__c01 > stage3_n2__from__n0015__c02 > stage4_n1__from__n0051__c01 > stage5_n1__from__n0144__c01,stage4_n1__from__n0051__c01 > stage5_n1__from__n0144__c01,toggle_wifi_calling|grant_app_permission,check_wifi_calling_status|check_app_permissions|can_send_mms|check_network_status|check_network_mode_preference,,,,matched_terminal_action,no_terminal_failure_or_low_penalty,0.0,-0.035375000000000156,False,False,fdddd on fffff -> fdddd on fffff
15,1,18,trap_pre_switch,repair_all,repair_all,repairable,[mms_issue]bad_network_preference|bad_wifi_calling|break_app_storage_permission[PERSONA:Hard],bad_network_preference|bad_wifi_calling|break_app_storage_permission,,set_network_mode_preference|toggle_wifi_calling|grant_app_permission,can_send_mms_true,can_send_mms,repair_all,0.0,6.4544250000000005,6.380625,2.5,mostly_deep_vs_mostly_fast_required,ddddd on fffff,ddddd,fffff,True,True,True,True,0.014295290451688262,"{""stage1"": 0.1676915658085585, ""stage2"": 0.3110810577978687, ""stage3"": 0.5480727283138916, ""stage4"": 1.0, ""stage5"": 0.5}",target_stage1_handoff > target_stage2_router > target_stage3_roaming > target_stage4_repair > target_stage5_verify,stage1_n3__from__root__c03 > stage2_n1__from__n0003__c01 > stage3_n2__from__n0012__c02 > stage4_n1__from__n0042__c01 > stage5_n1__from__n0121__c01,stage4_n1__from__n0042__c01 > stage5_n1__from__n0121__c01,set_network_mode_preference|toggle_wifi_calling|grant_app_permission,check_network_mode_preference|check_wifi_calling_status|check_app_permissions|can_send_mms|check_network_status|check_sim_status,,,,matched_terminal_action,no_terminal_failure_or_low_penalty,repair_all,0.0,6.082175,6.008375,2.5,mostly_deep_vs_mostly_fast_required,ddddd on fffff,ddddd,fffff,True,True,True,True,0.014293462646250369,"{""stage1"": 0.16491411165339728, ""stage2"": 0.31627978476197033, ""stage3"": 0.5480727283138916, ""stage4"": 1.0, ""stage5"": 0.5}",target_stage1_handoff > target_stage2_router > target_stage3_roaming > target_stage4_repair > target_stage5_verify,stage1_n3__from__root__c03 > stage2_n1__from__n0003__c01 > stage3_n2__from__n0012__c02 > stage4_n1__from__n0042__c01 > stage5_n1__from__n0121__c01,stage4_n1__from__n0042__c01 > stage5_n1__from__n0121__c01,set_network_mode_preference|toggle_wifi_calling|grant_app_permission,check_network_mode_preference|check_wifi_calling_status|check_app_permissions|can_send_mms|check_network_status|check_sim_status,,,,matched_terminal_action,no_terminal_failure_or_low_penalty,0.0,-0.3722500000000002,False,False,ddddd on fffff -> ddddd on fffff
16,1,19,trap_pre_switch,repair_all,repair_all,repairable,[mms_issue]bad_wifi_calling|break_app_sms_permission|data_mode_off[PERSONA:None],data_mode_off|bad_wifi_calling|break_app_sms_permission,,toggle_data|toggle_wifi_calling|grant_app_permission,can_send_mms_true,can_send_mms,repair_all,0.0,4.749295,4.670495,2.0,mostly_deep_vs_mostly_fast_required,fdddd on fffff,fdddd,fffff,True,True,True,True,0.026075142920701486,"{""stage1"": 0.18937802363002193, ""stage2"": 0.5507533011674712, ""stage3"": 0.5, ""stage4"": 1.0, ""stage5"": 0.5}",general_stage1_intake > target_stage2_router > target_stage3_apn > target_stage4_repair > target_stage5_decision,stage1_n1__from__root__c01 > stage2_n1__from__n0001__c01 > stage3_n1__from__n0006__c01 > stage4_n1__from__n0023__c01 > stage5_n2__from__n0074__c02,stage4_n1__from__n0023__c01 > stage5_n2__from__n0074__c02,toggle_data|toggle_wifi_calling|grant_app_permission,check_network_status|check_wifi_calling_status|check_app_permissions|can_send_mms,,,,matched_terminal_action,no_terminal_failure_or_low_penalty,repair_all,0.0,4.7467950000000005,4.667995,2.0,mostly_deep_vs_mostly_fast_required,fdddd on fffff,fdddd,fffff,True,True,True,True,0.0263412606537195,"{""stage1"": 0.1919363821173527, ""stage2"": 0.5489581571380057, ""stage3"": 0.5, ""stage4"": 1.0, ""stage5"": 0.5}",general_stage1_intake > target_stage2_router > target_stage3_apn > target_stage4_repair > target_stage5_decision,stage1_n1__from__root__c01 > stage2_n1__from__n0001__c01 > stage3_n1__from__n0006__c01 > stage4_n1__from__n0023__c01 > stage5_n2__from__n0074__c02,stage4_n1__from__n0023__c01 > stage5_n2__from__n0074__c02,toggle_data|toggle_wifi_calling|grant_app_permission,check_network_status|check_wifi_calling_status|check_app_permissions|can_send_mms,,,,matched_terminal_action,no_terminal_failure_or_low_penalty,0.0,-0.0024999999999995026,False,False,fdddd on fffff -> fdddd on fffff
17,1,20,trap_pre_switch,repair_all,repair_all,repairable,[mms_issue]bad_network_preference|bad_wifi_calling|break_app_sms_permission[PERSONA:Easy],bad_network_preference|bad_wifi_calling|break_app_sms_permission,,set_network_mode_preference|toggle_wifi_calling|grant_app_permission,can_send_mms_true,can_send_mms,repair_all,0.0,4.92778,4.86038,2.0,mostly_deep_vs_mostly_fast_required,dfddd on fffff,dfddd,fffff,True,True,True,True,0.006165010078011912,"{""stage1"": 0.3305646965767434, ""stage2"": 0.2671922446811341, ""stage3"": 0.4187981191357225, ""stage4"": 0.3333333333333333, ""stage5"": 0.5}",general_stage1_verify > trap_stage2_router > general_stage3_network > general_stage4_repair > target_stage5_decision,stage1_n2__from__root__c02 > stage2_n3__from__n0002__c03 > stage3_n3__from__n0011__c01 > stage4_n2__from__n0038__c01 > stage5_n2__from__n0110__c02,stage4_n2__from__n0038__c01 > stage5_n2__from__n0110__c02,set_network_mode_preference|toggle_wifi_calling|grant_app_permission,check_network_mode_preference|check_wifi_calling_status|check_app_permissions|can_send_mms,,,,matched_terminal_action,no_terminal_failure_or_low_penalty,repair_all,0.0,5.532155,5.464755,2.0,mostly_deep_vs_mostly_fast_required,dfddd on fffff,dfddd,fffff,True,True,True,True,0.006229145016782415,"{""stage1"": 0.3337778483769448, ""stage2"": 0.2677359493428313, ""stage3"": 0.4182302992154759, ""stage4"": 0.3333333333333333, ""stage5"": 0.5}",general_stage1_verify > trap_stage2_router > general_stage3_network > general_stage4_repair > target_stage5_decision,stage1_n2__from__root__c02 > stage2_n3__from__n0002__c03 > stage3_n3__from__n0011__c01 > stage4_n2__from__n0038__c01 > stage5_n2__from__n0110__c02,stage4_n2__from__n0038__c01 > stage5_n2__from__n0110__c02,set_network_mode_preference|toggle_wifi_calling|grant_app_permission,check_network_mode_preference|check_wifi_calling_status|check_app_permissions|can_send_mms|check_network_status|check_sim_status,,,,matched_terminal_action,no_terminal_failure_or_low_penalty,0.0,0.6043750000000001,False,False,dfddd on fffff -> dfddd on fffff
18,1,21,trap_pre_switch,repair_all,repair_all,repairable,[mms_issue]bad_wifi_calling|break_app_storage_permission|data_mode_off[PERSONA:Easy],data_mode_off|bad_wifi_calling|break_app_storage_permission,,toggle_data|toggle_wifi_calling|grant_app_permission,can_send_mms_true,can_send_mms,repair_all,0.0,2.86295,2.80525,0.5,mostly_fast_vs_mostly_fast_required,ffdff on fffff,ffdff,fffff,True,True,True,True,0.0009794776639489118,"{""stage1"": 0.20266435077612938, ""stage2"": 0.16452816272840776, ""stage3"": 0.4699989737229156, ""stage4"": 0.25, ""stage5"": 0.25}",trap_stage1_intake > trap_stage2_router > barrier_stage3_gate > trap_stage4_execute > trap_stage5_terminal,stage1_n4__from__root__c04 > stage2_n3__from__n0004__c03 > stage3_n5__from__n0017__c03 > stage4_n4__from__n0058__c03 > stage5_n4__from__n0164__c03,stage4_n4__from__n0058__c03 > stage5_n4__from__n0164__c03,toggle_data|grant_app_permission|toggle_wifi_calling,check_network_status|check_wifi_calling_status|check_app_permissions|can_send_mms,,,,matched_terminal_action,no_terminal_failure_or_low_penalty,repair_all,0.0,2.86855,2.81085,0.5,mostly_fast_vs_mostly_fast_required,ffdff on fffff,ffdff,fffff,True,True,True,True,0.000999929909350927,"{""stage1"": 0.20777045552632334, ""stage2"": 0.16398140479010992, ""stage3"": 0.46958168196857647, ""stage4"": 0.25, ""stage5"": 0.25}",trap_stage1_intake > trap_stage2_router > barrier_stage3_gate > trap_stage4_execute > trap_stage5_terminal,stage1_n4__from__root__c04 > stage2_n3__from__n0004__c03 > stage3_n5__from__n0017__c03 > stage4_n4__from__n0058__c03 > stage5_n4__from__n0164__c03,stage4_n4__from__n0058__c03 > stage5_n4__from__n0164__c03,toggle_data|grant_app_permission|toggle_wifi_calling,check_network_status|check_wifi_calling_status|check_app_permissions|can_send_mms,,,,matched_terminal_action,no_terminal_failure_or_low_penalty,0.0,0.005599999999999827,False,False,ffdff on fffff -> ffdff on fffff
19,1,22,trap_pre_switch,repair_all,repair_all,repairable,[mms_issue]airplane_mode_on|bad_wifi_calling[PERSONA:Easy],airplane_mode_on|bad_wifi_calling,,toggle_airplane_mode|toggle_wifi_calling,can_send_mms_true,can_send_mms,repair_all,0.0,4.110765,4.049065,1.5,mostly_deep_vs_mostly_fast_required,dfddf on fffff,dfddf,fffff,True,True,True,True,0.005111220249306238,"{""stage1"": 0.14156109409129974, ""stage2"": 0.5000286998194448, ""stage3"": 0.43324843595676815, ""stage4"": 0.6666666666666666, ""stage5"": 0.25}",target_stage1_handoff > trap_stage2_router > general_stage3_network > general_stage4_verify > trap_stage5_terminal,stage1_n3__from__root__c03 > stage2_n3__from__n0003__c03 > stage3_n3__from__n0014__c01 > stage4_n3__from__n0047__c02 > stage5_n4__from__n0134__c04,stage4_n3__from__n0047__c02 > stage5_n4__from__n0134__c04,toggle_airplane_mode|toggle_wifi_calling,check_network_status|check_wifi_calling_status|can_send_mms,,,,matched_terminal_action,no_terminal_failure_or_low_penalty,repair_all,0.0,4.110765,4.049065,1.5,mostly_deep_vs_mostly_fast_required,dfddf on fffff,dfddf,fffff,True,True,True,True,0.00518411867450347,"{""stage1"": 0.14134459362995705, ""stage2"": 0.5091760420650028, ""stage3"": 0.4321942879253822, ""stage4"": 0.6666666666666666, ""stage5"": 0.25}",target_stage1_handoff > trap_stage2_router > general_stage3_network > general_stage4_verify > trap_stage5_terminal,stage1_n3__from__root__c03 > stage2_n3__from__n0003__c03 > stage3_n3__from__n0014__c01 > stage4_n3__from__n0047__c02 > stage5_n4__from__n0134__c04,stage4_n3__from__n0047__c02 > stage5_n4__from__n0134__c04,toggle_airplane_mode|toggle_wifi_calling,check_network_status|check_wifi_calling_status|can_send_mms,,,,matched_terminal_action,no_terminal_failure_or_low_penalty,0.0,0.0,False,False,dfddf on fffff -> dfddf on fffff
20,2,1,trap_pre_switch,repair_all,repair_all,repairable,[mms_issue]airplane_mode_on|bad_wifi_calling|break_app_storage_permission[PERSONA:Easy],airplane_mode_on|bad_wifi_calling|break_app_storage_permission,,toggle_airplane_mode|toggle_wifi_calling|grant_app_permission,can_send_mms_true,can_send_mms,repair_all,0.0,4.800825,4.724525,2.0,mostly_deep_vs_mostly_fast_required,fdddd on fffff,fdddd,fffff,True,True,True,True,0.004832355417306382,"{""stage1"": 0.19798800160431287, ""stage2"": 0.31446497318313626, ""stage3"": 0.465692205283765, ""stage4"": 0.3333333333333333, ""stage5"": 0.5}",barrier_stage1_gate > barrier_stage2_gate > general_stage3_network > general_stage4_repair > target_stage5_verify,stage1_n5__from__root__c05 > stage2_n5__from__n0005__c03 > stage3_n3__from__n0022__c01 > stage4_n2__from__n0071__c01 > stage5_n1__from__n0206__c01,stage4_n2__from__n0071__c01 > stage5_n1__from__n0206__c01,toggle_airplane_mode|toggle_wifi_calling|grant_app_permission,check_network_status|check_wifi_calling_status|check_app_permissions|can_send_mms,,,,matched_terminal_action,no_terminal_failure_or_low_penalty,repair_all,0.0,4.7898249999999996,4.713525,2.0,mostly_deep_vs_mostly_fast_required,fdddd on fffff,fdddd,fffff,True,True,True,True,0.0047184452780369285,"{""stage1"": 0.1889498878308015, ""stage2"": 0.3220521278423733, ""stage3"": 0.46524033707113943, ""stage4"": 0.3333333333333333, ""stage5"": 0.5}",barrier_stage1_gate > barrier_stage2_gate > general_stage3_network > general_stage4_repair > target_stage5_verify,stage1_n5__from__root__c05 > stage2_n5__from__n0005__c03 > stage3_n3__from__n0022__c01 > stage4_n2__from__n0071__c01 > stage5_n1__from__n0206__c01,stage4_n2__from__n0071__c01 > stage5_n1__from__n0206__c01,toggle_airplane_mode|toggle_wifi_calling|grant_app_permission,check_network_status|check_wifi_calling_status|check_app_permissions|can_send_mms,,,,matched_terminal_action,no_terminal_failure_or_low_penalty,0.0,-0.01100000000000012,False,False,fdddd on fffff -> fdddd on fffff
21,2,3,trap_pre_switch,repair_all,repair_all,repairable,[mms_issue]airplane_mode_on|bad_wifi_calling|break_app_sms_permission[PERSONA:None],airplane_mode_on|bad_wifi_calling|break_app_sms_permission,,toggle_airplane_mode|toggle_wifi_calling|grant_app_permission,can_send_mms_true,can_send_mms,repair_all,0.0,3.59797,3.53707,1.0,mostly_fast_vs_mostly_fast_required,ffddf on fffff,ffddf,fffff,True,True,True,True,0.00595116503118115,"{""stage1"": 0.18176862197203122, ""stage2"": 0.4573000767135461, ""stage3"": 0.42956912107406253, ""stage4"": 0.6666666666666666, ""stage5"": 0.25}",general_stage1_intake > trap_stage2_router > general_stage3_network > general_stage4_verify > trap_stage5_terminal,stage1_n1__from__root__c01 > stage2_n3__from__n0001__c03 > stage3_n3__from__n0008__c01 > stage4_n3__from__n0029__c02 > stage5_n4__from__n0088__c04,stage4_n3__from__n0029__c02 > stage5_n4__from__n0088__c04,toggle_airplane_mode|toggle_wifi_calling|grant_app_permission,check_network_status|check_wifi_calling_status|check_app_permissions|can_send_mms,,,,matched_terminal_action,no_terminal_failure_or_low_penalty,repair_all,0.0,3.59797,3.53707,1.0,mostly_fast_vs_mostly_fast_required,ffddf on fffff,ffddf,fffff,True,True,True,True,0.006066222013013483,"{""stage1"": 0.1855486125425611, ""stage2"": 0.4581036652690239, ""stage3"": 0.42820139053175493, ""stage4"": 0.6666666666666666, ""stage5"": 0.25}",general_stage1_intake > trap_stage2_router > general_stage3_network > general_stage4_verify > trap_stage5_terminal,stage1_n1__from__root__c01 > stage2_n3__from__n0001__c03 > stage3_n3__from__n0008__c01 > stage4_n3__from__n0029__c02 > stage5_n4__from__n0088__c04,stage4_n3__from__n0029__c02 > stage5_n4__from__n0088__c04,toggle_airplane_mode|toggle_wifi_calling|grant_app_permission,check_network_status|check_wifi_calling_status|check_app_permissions|can_send_mms,,,,matched_terminal_action,no_terminal_failure_or_low_penalty,0.0,0.0,False,False,ffddf on fffff -> ffddf on fffff
22,2,6,trap_pre_switch,repair_all,repair_all,repairable,[mms_issue]bad_wifi_calling[PERSONA:Easy],bad_wifi_calling,,toggle_wifi_calling,can_send_mms_true,can_send_mms,repair_all,0.0,4.407455,4.333855,2.0,mostly_deep_vs_mostly_fast_required,dfddd on fffff,dfddd,fffff,True,True,True,True,0.002211841690348997,"{""stage1"": 0.12289031598115438, ""stage2"": 0.4397901393688808, ""stage3"": 0.3274016607569896, ""stage4"": 0.25, ""stage5"": 0.5}",target_stage1_handoff > general_stage2_core > barrier_stage3_gate > general_stage4_repair > target_stage5_verify,stage1_n3__from__root__c03 > stage2_n2__from__n0003__c02 > stage3_n5__from__n0013__c04 > stage4_n2__from__n0046__c01 > stage5_n1__from__n0129__c01,stage4_n2__from__n0046__c01 > stage5_n1__from__n0129__c01,toggle_wifi_calling,check_wifi_calling_status|can_send_mms,,,,matched_terminal_action,no_terminal_failure_or_low_penalty,repair_all,0.0,9.17458,9.10098,2.0,mostly_deep_vs_mostly_fast_required,dfddd on fffff,dfddd,fffff,True,True,True,True,0.002098637132573721,"{""stage1"": 0.12263359561297871, ""stage2"": 0.4163835382802823, ""stage3"": 0.3287943352587304, ""stage4"": 0.25, ""stage5"": 0.5}",target_stage1_handoff > general_stage2_core > barrier_stage3_gate > general_stage4_repair > target_stage5_verify,stage1_n3__from__root__c03 > stage2_n2__from__n0003__c02 > stage3_n5__from__n0013__c04 > stage4_n2__from__n0046__c01 > stage5_n1__from__n0129__c01,stage4_n2__from__n0046__c01 > stage5_n1__from__n0129__c01,toggle_wifi_calling|toggle_wifi_calling|toggle_wifi_calling|toggle_wifi_calling|toggle_wifi_calling|toggle_wifi_calling|toggle_wifi_calling|toggle_wifi_calling|toggle_wifi_calling,check_wifi_calling_status|can_send_mms|check_network_status|check_apn_settings,,,,matched_terminal_action,no_terminal_failure_or_low_penalty,0.0,4.767125000000001,False,False,dfddd on fffff -> dfddd on fffff
23,2,15,trap_pre_switch,repair_all,repair_all,repairable,[mms_issue]bad_wifi_calling|break_app_storage_permission[PERSONA:Easy],bad_wifi_calling|break_app_storage_permission,,toggle_wifi_calling|grant_app_permission,can_send_mms_true,can_send_mms,repair_all,0.0,5.7982,5.7245,2.5,mostly_deep_vs_mostly_fast_required,ddddd on fffff,ddddd,fffff,True,True,True,True,0.03576165541755805,"{""stage1"": 0.35256262521128745, ""stage2"": 0.4057339361610032, ""stage3"": 0.5, ""stage4"": 1.0, ""stage5"": 0.5}",general_stage1_verify > target_stage2_router > target_stage3_roaming > target_stage4_repair > target_stage5_verify,stage1_n2__from__root__c02 > stage2_n1__from__n0002__c01 > stage3_n2__from__n0009__c02 > stage4_n1__from__n0033__c01 > stage5_n1__from__n0098__c01,stage4_n1__from__n0033__c01 > stage5_n1__from__n0098__c01,toggle_wifi_calling|grant_app_permission,check_wifi_calling_status|check_app_permissions|can_send_mms|check_network_status|check_network_mode_preference,,,,matched_terminal_action,no_terminal_failure_or_low_penalty,repair_all,0.0,6.125075,6.051375,2.5,mostly_deep_vs_mostly_fast_required,ddddd on fffff,ddddd,fffff,True,True,True,True,0.03703664618269883,"{""stage1"": 0.3619974443823255, ""stage2"": 0.4092475983734557, ""stage3"": 0.5, ""stage4"": 1.0, ""stage5"": 0.5}",general_stage1_verify > target_stage2_router > target_stage3_roaming > target_stage4_repair > target_stage5_verify,stage1_n2__from__root__c02 > stage2_n1__from__n0002__c01 > stage3_n2__from__n0009__c02 > stage4_n1__from__n0033__c01 > stage5_n1__from__n0098__c01,stage4_n1__from__n0033__c01 > stage5_n1__from__n0098__c01,toggle_wifi_calling|grant_app_permission,check_wifi_calling_status|check_app_permissions|can_send_mms|check_network_status|check_network_mode_preference,,,,matched_terminal_action,no_terminal_failure_or_low_penalty,0.0,0.32687500000000025,False,False,ddddd on fffff -> ddddd on fffff
24,2,17,trap_pre_switch,repair_all,repair_all,repairable,[mms_issue]bad_wifi_calling|break_app_sms_permission[PERSONA:None],bad_wifi_calling|break_app_sms_permission,,toggle_wifi_calling|grant_app_permission,can_send_mms_true,can_send_mms,repair_all,0.0,5.26399,5.19179,2.0,mostly_deep_vs_mostly_fast_required,dfddd on fffff,dfddd,fffff,True,True,True,True,0.018466688715685263,"{""stage1"": 0.32286506844302415, ""stage2"": 0.45757043472651976, ""stage3"": 0.25, ""stage4"": 1.0, ""stage5"": 0.5}",general_stage1_verify > general_stage2_core > target_stage3_roaming > target_stage4_repair > target_stage5_decision,stage1_n2__from__root__c02 > stage2_n2__from__n0002__c02 > stage3_n2__from__n0010__c01 > stage4_n1__from__n0034__c01 > stage5_n2__from__n0099__c02,stage4_n1__from__n0034__c01 > stage5_n2__from__n0099__c02,toggle_wifi_calling|grant_app_permission,check_wifi_calling_status|check_app_permissions|can_send_mms|check_network_status|check_apn_settings,,,,matched_terminal_action,no_terminal_failure_or_low_penalty,repair_all,0.0,5.26324,5.19104,2.0,mostly_deep_vs_mostly_fast_required,dfddd on fffff,dfddd,fffff,True,True,True,True,0.01916241900331359,"{""stage1"": 0.33106350077097896, ""stage2"": 0.4630512021696925, ""stage3"": 0.25, ""stage4"": 1.0, ""stage5"": 0.5}",general_stage1_verify > general_stage2_core > target_stage3_roaming > target_stage4_repair > target_stage5_decision,stage1_n2__from__root__c02 > stage2_n2__from__n0002__c02 > stage3_n2__from__n0010__c01 > stage4_n1__from__n0034__c01 > stage5_n2__from__n0099__c02,stage4_n1__from__n0034__c01 > stage5_n2__from__n0099__c02,toggle_wifi_calling|grant_app_permission,check_wifi_calling_status|check_app_permissions|can_send_mms|check_network_status|check_network_mode_preference,,,,matched_terminal_action,no_terminal_failure_or_low_penalty,0.0,-0.0007500000000000284,False,False,dfddd on fffff -> dfddd on fffff
25,2,2,target_post_switch,repair_all,repair_all,repairable,[mms_issue]airplane_mode_on|bad_network_preference|bad_wifi_calling|break_apn_mms_setting|break_app_storage_permission|unseat_sim_card[PERSONA:Easy],airplane_mode_on|unseat_sim_card|bad_network_preference|bad_wifi_calling|break_apn_mms_setting|break_app_storage_permission,,toggle_airplane_mode|reseat_sim_card|set_network_mode_preference|toggle_wifi_calling|reset_apn_settings|reboot_device|grant_app_permission,can_send_mms_true,can_send_mms,repair_subset,12.0,17.136605,5.067005,3.5,mostly_deep_vs_mostly_deep_required,dfdfd on fdddd,dfdfd,fdddd,False,False,False,True,0.0021525783139491636,"{""stage1"": 0.2947692302579722, ""stage2"": 0.3874737435790322, ""stage3"": 0.30154665639151657, ""stage4"": 0.25, ""stage5"": 0.25}",general_stage1_verify > general_stage2_core > barrier_stage3_gate > trap_stage4_execute > target_stage5_verify,stage1_n2__from__root__c02 > stage2_n2__from__n0002__c02 > stage3_n5__from__n0010__c04 > stage4_n4__from__n0037__c03 > stage5_n1__from__n0108__c01,stage4_n4__from__n0037__c03 > stage5_n1__from__n0108__c01,toggle_airplane_mode|reseat_sim_card|set_network_mode_preference|toggle_wifi_calling,check_network_status|check_sim_status|check_network_mode_preference|check_wifi_calling_status|can_send_mms,break_apn_mms_setting|break_app_storage_permission,grant_app_permission|reboot_device|reset_apn_settings,subset_mismatch_base_plus_linear|local_clear_failure_floor_10|local_clear_and_aux_failure_floor_12,repair_all_to_repair_subset,subset_mismatch_with_missing_oracle_repair_tools,repair_subset,12.0,17.137445,5.067845,3.5,mostly_deep_vs_mostly_deep_required,dfdfd on fdddd,dfdfd,fdddd,False,False,False,True,0.0022497457098240503,"{""stage1"": 0.30326554407479195, ""stage2"": 0.3952271806938923, ""stage3"": 0.3003195056664881, ""stage4"": 0.25, ""stage5"": 0.25}",general_stage1_verify > general_stage2_core > barrier_stage3_gate > trap_stage4_execute > target_stage5_verify,stage1_n2__from__root__c02 > stage2_n2__from__n0002__c02 > stage3_n5__from__n0010__c04 > stage4_n4__from__n0037__c03 > stage5_n1__from__n0108__c01,stage4_n4__from__n0037__c03 > stage5_n1__from__n0108__c01,toggle_airplane_mode|reseat_sim_card|set_network_mode_preference|toggle_wifi_calling,check_network_status|check_sim_status|check_network_mode_preference|check_wifi_calling_status|can_send_mms,break_apn_mms_setting|break_app_storage_permission,grant_app_permission|reboot_device|reset_apn_settings,subset_mismatch_base_plus_linear|local_clear_failure_floor_10|local_clear_and_aux_failure_floor_12,repair_all_to_repair_subset,subset_mismatch_with_missing_oracle_repair_tools,0.0,0.0008400000000001739,False,False,dfdfd on fdddd -> dfdfd on fdddd
26,2,9,target_post_switch,repair_subset,repair_subset,partially_repairable,[mms_issue]airplane_mode_on|bad_network_preference|bad_wifi_calling|break_apn_mms_setting|break_app_both_permissions|data_mode_off|data_usage_exceeded|unseat_sim_card|user_abroad_roaming_disabled_on[PERSONA:Hard],airplane_mode_on|unseat_sim_card|data_mode_off|bad_network_preference|bad_wifi_calling|break_apn_mms_setting|break_app_both_permissions,user_abroad_roaming_disabled_on|data_usage_exceeded,toggle_airplane_mode|reseat_sim_card|toggle_data|set_network_mode_preference|toggle_wifi_calling|reset_apn_settings|reboot_device|grant_app_permission|grant_app_permission,partial_resolution_only,,repair_subset,12.0,16.8424,4.7723,2.0,mostly_deep_vs_mostly_deep_required,dfddd on fdddd,dfddd,fdddd,False,False,False,True,0.0023439653025161336,"{""stage1"": 0.20719355412665783, ""stage2"": 0.15844020485465377, ""stage3"": 0.42841117768800413, ""stage4"": 0.6666666666666666, ""stage5"": 0.25}",general_stage1_verify > general_stage2_core > general_stage3_network > general_stage4_verify > target_stage5_decision,stage1_n2__from__root__c02 > stage2_n2__from__n0002__c02 > stage3_n3__from__n0010__c02 > stage4_n3__from__n0035__c02 > stage5_n2__from__n0101__c02,stage4_n3__from__n0035__c02 > stage5_n2__from__n0101__c02,toggle_airplane_mode|reseat_sim_card|toggle_data|set_network_mode_preference|toggle_wifi_calling|reset_apn_settings|reboot_device|grant_app_permission|grant_app_permission,check_network_status|check_sim_status|check_network_mode_preference|check_apn_settings|check_wifi_calling_status|check_app_permissions|can_send_mms|check_network_status|can_send_mms,,,subset_mismatch_base_plus_linear|local_clear_failure_floor_10|local_clear_and_aux_failure_floor_12,matched_terminal_action,subset_mismatch_terminal_decision,transfer,23.5,28.27114,4.70104,2.0,mostly_deep_vs_mostly_deep_required,dfddd on fdddd,dfddd,fdddd,False,False,False,True,0.0026162485262518583,"{""stage1"": 0.21614828842595327, ""stage2"": 0.17074990433056234, ""stage3"": 0.4253221270703221, ""stage4"": 0.6666666666666666, ""stage5"": 0.25}",general_stage1_verify > general_stage2_core > general_stage3_network > general_stage4_verify > target_stage5_decision,stage1_n2__from__root__c02 > stage2_n2__from__n0002__c02 > stage3_n3__from__n0010__c02 > stage4_n3__from__n0035__c02 > stage5_n2__from__n0101__c02,stage4_n3__from__n0035__c02 > stage5_n2__from__n0101__c02,,can_send_mms|check_network_status|check_apn_settings|check_sim_status|check_wifi_calling_status|check_app_permissions|check_network_mode_preference|run_speed_test,airplane_mode_on|bad_network_preference|bad_wifi_calling|break_apn_mms_setting|break_app_both_permissions|data_mode_off|unseat_sim_card,grant_app_permission|reboot_device|reseat_sim_card|reset_apn_settings|set_network_mode_preference|toggle_airplane_mode|toggle_data|toggle_wifi_calling,subset_mismatch_base_plus_linear|local_clear_failure_floor_10|local_clear_and_aux_failure_floor_12|invalid_local_transfer_floor_18,local_to_transfer,over_transfer_on_local_oracle,11.5,11.428739999999998,False,True,dfddd on fdddd -> dfddd on fdddd
27,2,10,target_post_switch,repair_subset,repair_subset,partially_repairable,[mms_issue]airplane_mode_on|bad_network_preference|bad_wifi_calling|break_apn_mms_setting|break_app_sms_permission|data_mode_off|data_usage_exceeded|unseat_sim_card|user_abroad_roaming_disabled_on[PERSONA:None],airplane_mode_on|unseat_sim_card|data_mode_off|bad_network_preference|bad_wifi_calling|break_apn_mms_setting|break_app_sms_permission,user_abroad_roaming_disabled_on|data_usage_exceeded,toggle_airplane_mode|reseat_sim_card|toggle_data|set_network_mode_preference|toggle_wifi_calling|reset_apn_settings|reboot_device|grant_app_permission,partial_resolution_only,,repair_subset,6.0,10.202020000000001,4.12902,0.0,mostly_deep_vs_mostly_deep_required,fdddd on fdddd,fdddd,fdddd,True,False,False,True,0.003257515497709996,"{""stage1"": 0.28477241590764, ""stage2"": 0.19900148367333512, ""stage3"": 0.45985640893561414, ""stage4"": 0.25, ""stage5"": 0.5}",trap_stage1_intake > barrier_stage2_gate > barrier_stage3_gate > general_stage4_repair > target_stage5_verify,stage1_n4__from__root__c04 > stage2_n5__from__n0004__c05 > stage3_n5__from__n0019__c03 > stage4_n2__from__n0064__c01 > stage5_n1__from__n0182__c01,stage4_n2__from__n0064__c01 > stage5_n1__from__n0182__c01,toggle_airplane_mode|reseat_sim_card|toggle_data|set_network_mode_preference|toggle_wifi_calling|reset_apn_settings|reboot_device|grant_app_permission,check_network_status|check_sim_status|check_network_mode_preference|check_apn_settings|check_wifi_calling_status|check_app_permissions|can_send_mms|can_send_mms|check_network_status,,,clear_but_aux_failure_floor_6,matched_terminal_action,policy_action_violation,transfer,22.5,26.63713,4.06413,0.0,mostly_deep_vs_mostly_deep_required,fdddd on fdddd,fdddd,fdddd,False,False,False,True,0.0037320591389820336,"{""stage1"": 0.31579536641924894, ""stage2"": 0.20868786292168884, ""stage3"": 0.4530389676086356, ""stage4"": 0.25, ""stage5"": 0.5}",trap_stage1_intake > barrier_stage2_gate > barrier_stage3_gate > general_stage4_repair > target_stage5_verify,stage1_n4__from__root__c04 > stage2_n5__from__n0004__c05 > stage3_n5__from__n0019__c03 > stage4_n2__from__n0064__c01 > stage5_n1__from__n0182__c01,stage4_n2__from__n0064__c01 > stage5_n1__from__n0182__c01,,can_send_mms|check_network_status|check_apn_settings|check_sim_status|check_app_permissions|check_network_mode_preference|check_wifi_calling_status|run_speed_test,airplane_mode_on|bad_network_preference|bad_wifi_calling|break_apn_mms_setting|break_app_sms_permission|data_mode_off|unseat_sim_card,grant_app_permission|reboot_device|reseat_sim_card|reset_apn_settings|set_network_mode_preference|toggle_airplane_mode|toggle_data|toggle_wifi_calling,subset_mismatch_base_plus_linear|local_clear_failure_floor_10|local_clear_and_aux_failure_floor_12|invalid_local_transfer_floor_18,local_to_transfer,over_transfer_on_local_oracle,16.5,16.435109999999998,False,True,fdddd on fdddd -> fdddd on fdddd
28,2,13,target_post_switch,repair_subset,repair_subset,partially_repairable,[mms_issue]airplane_mode_on|bad_network_preference|bad_wifi_calling|break_apn_mms_setting|break_app_both_permissions|data_mode_off|data_usage_exceeded|unseat_sim_card|user_abroad_roaming_enabled_off[PERSONA:Hard],airplane_mode_on|unseat_sim_card|data_mode_off|user_abroad_roaming_enabled_off|bad_network_preference|bad_wifi_calling|break_apn_mms_setting|break_app_both_permissions,data_usage_exceeded,toggle_airplane_mode|reseat_sim_card|toggle_data|toggle_roaming|set_network_mode_preference|toggle_wifi_calling|reset_apn_settings|reboot_device|grant_app_permission|grant_app_permission,partial_resolution_only,,repair_subset,15.0,19.608275,4.533775,1.5,mostly_deep_vs_mostly_deep_required,fddfd on fdddd,fddfd,fdddd,False,False,False,True,0.003805742525346203,"{""stage1"": 0.2620907877465895, ""stage2"": 0.6969937508572155, ""stage3"": 0.3333333333333333, ""stage4"": 0.25, ""stage5"": 0.25}",barrier_stage1_gate > general_stage2_roaming > barrier_stage3_gate > trap_stage4_execute > target_stage5_verify,stage1_n5__from__root__c05 > stage2_n4__from__n0005__c02 > stage3_n5__from__n0021__c03 > stage4_n4__from__n0070__c03 > stage5_n1__from__n0204__c01,stage4_n4__from__n0070__c03 > stage5_n1__from__n0204__c01,toggle_airplane_mode|reseat_sim_card|toggle_data|toggle_roaming,check_network_status|check_sim_status|can_send_mms|get_details_by_id|get_details_by_id,bad_network_preference|bad_wifi_calling|break_apn_mms_setting|break_app_both_permissions,grant_app_permission|reboot_device|reset_apn_settings|set_network_mode_preference|toggle_wifi_calling,subset_mismatch_base_plus_linear|local_clear_failure_floor_10|local_clear_and_aux_failure_floor_12,matched_terminal_action,subset_mismatch_with_missing_oracle_repair_tools,repair_subset,13.0,18.042915,4.968415,1.5,mostly_deep_vs_mostly_deep_required,fddfd on fdddd,fddfd,fdddd,False,False,False,True,0.004384339525869186,"{""stage1"": 0.2942175856246209, ""stage2"": 0.7152811644312197, ""stage3"": 0.3333333333333333, ""stage4"": 0.25, ""stage5"": 0.25}",barrier_stage1_gate > general_stage2_roaming > barrier_stage3_gate > trap_stage4_execute > target_stage5_verify,stage1_n5__from__root__c05 > stage2_n4__from__n0005__c02 > stage3_n5__from__n0021__c03 > stage4_n4__from__n0070__c03 > stage5_n1__from__n0204__c01,stage4_n4__from__n0070__c03 > stage5_n1__from__n0204__c01,toggle_airplane_mode|reseat_sim_card|toggle_data|toggle_roaming|set_network_mode_preference,check_network_status|check_sim_status|check_network_mode_preference|can_send_mms|check_apn_settings|check_wifi_calling_status|check_app_permissions|get_details_by_id|get_details_by_id,bad_wifi_calling|break_apn_mms_setting|break_app_both_permissions,grant_app_permission|reboot_device|reset_apn_settings|toggle_wifi_calling,subset_mismatch_base_plus_linear|local_clear_failure_floor_10|local_clear_and_aux_failure_floor_12,matched_terminal_action,subset_mismatch_with_missing_oracle_repair_tools,-2.0,-1.5653599999999983,True,False,fddfd on fdddd -> fddfd on fdddd
29,2,16,target_post_switch,repair_all,repair_all,repairable,[mms_issue]airplane_mode_on|bad_network_preference|bad_wifi_calling|break_apn_mms_setting|break_app_sms_permission|data_mode_off|unseat_sim_card|user_abroad_roaming_enabled_off[PERSONA:None],airplane_mode_on|unseat_sim_card|data_mode_off|user_abroad_roaming_enabled_off|bad_network_preference|bad_wifi_calling|break_apn_mms_setting|break_app_sms_permission,,toggle_airplane_mode|reseat_sim_card|toggle_data|toggle_roaming|set_network_mode_preference|toggle_wifi_calling|reset_apn_settings|reboot_device|grant_app_permission,can_send_mms_true,can_send_mms,repair_all,0.0,4.704025000000001,4.623025,1.5,mostly_deep_vs_mostly_deep_required,fdfdd on fdddd,fdfdd,fdddd,True,True,True,False,0.003183837005689494,"{""stage1"": 0.16253993337357023, ""stage2"": 0.3313940102866733, ""stage3"": 0.7092957216985811, ""stage4"": 0.25, ""stage5"": 0.3333333333333333}",barrier_stage1_gate > barrier_stage2_gate > trap_stage3_network > barrier_stage4_gate > barrier_stage5_transfer,stage1_n5__from__root__c05 > stage2_n5__from__n0005__c03 > stage3_n4__from__n0022__c02 > stage4_n5__from__n0072__c04 > stage5_n5__from__n0211__c03,stage4_n5__from__n0072__c04 > stage5_n5__from__n0211__c03,toggle_airplane_mode|reseat_sim_card|toggle_data|toggle_roaming|set_network_mode_preference|toggle_wifi_calling|reset_apn_settings|reboot_device|grant_app_permission,check_network_status|check_sim_status|check_network_mode_preference|check_apn_settings|check_wifi_calling_status|check_app_permissions|can_send_mms|check_network_status|check_sim_status|check_network_mode_preference|check_apn_settings|check_wifi_calling_status|check_app_permissions|can_send_mms|get_details_by_id|get_details_by_id,,,,matched_terminal_action,no_terminal_failure_or_low_penalty,repair_all,0.0,4.49814,4.41714,1.5,mostly_deep_vs_mostly_deep_required,fdfdd on fdddd,fdfdd,fdddd,True,True,True,False,0.003759453344846207,"{""stage1"": 0.20256436772064237, ""stage2"": 0.3127746830697329, ""stage3"": 0.7120513270252542, ""stage4"": 0.25, ""stage5"": 0.3333333333333333}",barrier_stage1_gate > barrier_stage2_gate > trap_stage3_network > barrier_stage4_gate > barrier_stage5_transfer,stage1_n5__from__root__c05 > stage2_n5__from__n0005__c03 > stage3_n4__from__n0022__c02 > stage4_n5__from__n0072__c04 > stage5_n5__from__n0211__c03,stage4_n5__from__n0072__c04 > stage5_n5__from__n0211__c03,toggle_airplane_mode|reseat_sim_card|toggle_data|toggle_roaming|set_network_mode_preference|toggle_wifi_calling|reset_apn_settings|reboot_device|grant_app_permission,check_network_status|check_sim_status|check_network_mode_preference|check_apn_settings|check_wifi_calling_status|check_app_permissions|can_send_mms|get_details_by_id|get_details_by_id,,,,matched_terminal_action,no_terminal_failure_or_low_penalty,0.0,-0.20588500000000032,False,False,fdfdd on fdddd -> fdfdd on fdddd
30,3,32,target_post_switch,repair_all,repair_all,repairable,[mms_issue]bad_wifi_calling|break_apn_mms_setting|break_app_storage_permission|unseat_sim_card[PERSONA:Easy],unseat_sim_card|bad_wifi_calling|break_apn_mms_setting|break_app_storage_permission,,reseat_sim_card|toggle_wifi_calling|reset_apn_settings|reboot_device|grant_app_permission,can_send_mms_true,can_send_mms,repair_all,0.0,3.61414,3.53584,0.0,mostly_deep_vs_mostly_deep_required,fdddd on fdddd,fdddd,fdddd,True,True,True,True,0.03966051100584489,"{""stage1"": 0.2826940282924638, ""stage2"": 0.5306713100155424, ""stage3"": 0.4712552623754729, ""stage4"": 1.0, ""stage5"": 0.5609961095811059}",general_stage1_intake > target_stage2_router > target_stage3_apn > target_stage4_repair > target_stage5_verify,stage1_n1__from__root__c01 > stage2_n1__from__n0001__c01 > stage3_n1__from__n0006__c01 > stage4_n1__from__n0023__c01 > stage5_n1__from__n0074__c01,stage4_n1__from__n0023__c01 > stage5_n1__from__n0074__c01,reseat_sim_card|toggle_wifi_calling|reset_apn_settings|reboot_device|grant_app_permission,check_sim_status|check_apn_settings|check_wifi_calling_status|check_app_permissions|can_send_mms,,,,matched_terminal_action,no_terminal_failure_or_low_penalty,repair_all,0.0,3.14045,3.06215,0.0,mostly_deep_vs_mostly_deep_required,fdddd on fdddd,fdddd,fdddd,True,True,True,True,0.04773281309693162,"{""stage1"": 0.341926404935518, ""stage2"": 0.5283267795342405, ""stage3"": 0.4715404373451893, ""stage4"": 1.0, ""stage5"": 0.5603544476801191}",general_stage1_intake > target_stage2_router > target_stage3_apn > target_stage4_repair > target_stage5_verify,stage1_n1__from__root__c01 > stage2_n1__from__n0001__c01 > stage3_n1__from__n0006__c01 > stage4_n1__from__n0023__c01 > stage5_n1__from__n0074__c01,stage4_n1__from__n0023__c01 > stage5_n1__from__n0074__c01,reseat_sim_card|toggle_wifi_calling|reset_apn_settings|reboot_device|grant_app_permission,check_sim_status|check_apn_settings|check_wifi_calling_status|check_app_permissions|can_send_mms,,,,matched_terminal_action,no_terminal_failure_or_low_penalty,0.0,-0.47368999999999994,False,False,fdddd on fdddd -> fdddd on fdddd
31,3,33,target_post_switch,repair_all,repair_all,repairable,[mms_issue]bad_wifi_calling|break_apn_mms_setting|break_app_sms_permission|unseat_sim_card[PERSONA:None],unseat_sim_card|bad_wifi_calling|break_apn_mms_setting|break_app_sms_permission,,reseat_sim_card|toggle_wifi_calling|reset_apn_settings|reboot_device|grant_app_permission,can_send_mms_true,can_send_mms,repair_all,0.0,3.56364,3.49004,1.5,mostly_deep_vs_mostly_deep_required,ffddd on fdddd,ffddd,fdddd,True,True,True,True,0.005074308215062677,"{""stage1"": 0.2622308388370596, ""stage2"": 0.41124465616507955, ""stage3"": 0.5646431412003159, ""stage4"": 0.25, ""stage5"": 0.3333333333333333}",general_stage1_intake > trap_stage2_router > barrier_stage3_gate > barrier_stage4_gate > target_stage5_decision,stage1_n1__from__root__c01 > stage2_n3__from__n0001__c03 > stage3_n5__from__n0008__c03 > stage4_n5__from__n0031__c04 > stage5_n2__from__n0096__c01,stage4_n5__from__n0031__c04 > stage5_n2__from__n0096__c01,reseat_sim_card|toggle_wifi_calling|reset_apn_settings|reboot_device|grant_app_permission,check_sim_status|check_apn_settings|check_wifi_calling_status|check_app_permissions|can_send_mms,,,,matched_terminal_action,no_terminal_failure_or_low_penalty,repair_all,0.0,3.0975099999999998,3.02391,1.5,mostly_deep_vs_mostly_deep_required,ffddd on fdddd,ffddd,fdddd,True,True,True,True,0.006123382597938946,"{""stage1"": 0.32543394598160597, ""stage2"": 0.4031210331795149, ""stage3"": 0.5601112956523587, ""stage4"": 0.25, ""stage5"": 0.3333333333333333}",general_stage1_intake > trap_stage2_router > barrier_stage3_gate > barrier_stage4_gate > target_stage5_decision,stage1_n1__from__root__c01 > stage2_n3__from__n0001__c03 > stage3_n5__from__n0008__c03 > stage4_n5__from__n0031__c04 > stage5_n2__from__n0096__c01,stage4_n5__from__n0031__c04 > stage5_n2__from__n0096__c01,reseat_sim_card|toggle_wifi_calling|reset_apn_settings|reboot_device|grant_app_permission,check_sim_status|check_apn_settings|check_wifi_calling_status|check_app_permissions|can_send_mms,,,,matched_terminal_action,no_terminal_failure_or_low_penalty,0.0,-0.46613000000000016,False,False,ffddd on fdddd -> ffddd on fdddd
32,3,34,target_post_switch,repair_all,repair_all,repairable,[mms_issue]bad_wifi_calling|break_apn_mms_setting|break_app_sms_permission|user_abroad_roaming_enabled_off[PERSONA:Easy],user_abroad_roaming_enabled_off|bad_wifi_calling|break_apn_mms_setting|break_app_sms_permission,,toggle_roaming|toggle_wifi_calling|reset_apn_settings|reboot_device|grant_app_permission,can_send_mms_true,can_send_mms,repair_all,0.0,3.8637200000000003,3.79802,2.0,mostly_deep_vs_mostly_deep_required,dfddd on fdddd,dfddd,fdddd,True,True,True,True,0.003250191766142779,"{""stage1"": 0.17271692335020905, ""stage2"": 0.48851753079745713, ""stage3"": 0.20564898937597678, ""stage4"": 0.6253744829741091, ""stage5"": 0.29952094882755276}",target_stage1_handoff > trap_stage2_router > general_stage3_network > general_stage4_verify > target_stage5_verify,stage1_n3__from__root__c03 > stage2_n3__from__n0003__c03 > stage3_n3__from__n0014__c01 > stage4_n3__from__n0047__c02 > stage5_n1__from__n0134__c01,stage4_n3__from__n0047__c02 > stage5_n1__from__n0134__c01,toggle_roaming|toggle_wifi_calling|reset_apn_settings|reboot_device|grant_app_permission,check_network_status|check_apn_settings|check_wifi_calling_status|check_app_permissions|can_send_mms|get_details_by_id|get_details_by_id,,,,matched_terminal_action,no_terminal_failure_or_low_penalty,repair_all,0.0,3.8572800000000003,3.79158,2.0,mostly_deep_vs_mostly_deep_required,dfddd on fdddd,dfddd,fdddd,True,True,True,True,0.0033264664889368295,"{""stage1"": 0.14762378243933866, ""stage2"": 0.5804817481086652, ""stage3"": 0.20744040883705983, ""stage4"": 0.6257387264872878, ""stage5"": 0.2990555464048904}",target_stage1_handoff > trap_stage2_router > general_stage3_network > general_stage4_verify > target_stage5_verify,stage1_n3__from__root__c03 > stage2_n3__from__n0003__c03 > stage3_n3__from__n0014__c01 > stage4_n3__from__n0047__c02 > stage5_n1__from__n0134__c01,stage4_n3__from__n0047__c02 > stage5_n1__from__n0134__c01,toggle_roaming|toggle_wifi_calling|reset_apn_settings|reboot_device|grant_app_permission,check_network_status|check_apn_settings|check_wifi_calling_status|check_app_permissions|can_send_mms|get_details_by_id|get_details_by_id,,,,matched_terminal_action,no_terminal_failure_or_low_penalty,0.0,-0.006440000000000001,False,False,dfddd on fdddd -> dfddd on fdddd
33,3,35,target_post_switch,repair_all,repair_all,repairable,[mms_issue]airplane_mode_on|bad_wifi_calling|break_apn_mms_setting|break_app_storage_permission|user_abroad_roaming_enabled_off[PERSONA:None],airplane_mode_on|user_abroad_roaming_enabled_off|bad_wifi_calling|break_apn_mms_setting|break_app_storage_permission,,toggle_airplane_mode|toggle_roaming|toggle_wifi_calling|reset_apn_settings|reboot_device|grant_app_permission,can_send_mms_true,can_send_mms,repair_all,0.0,4.74798,4.67298,0.5,mostly_deep_vs_mostly_deep_required,ddddd on fdddd,ddddd,fdddd,True,True,True,True,0.012183089663898314,"{""stage1"": 0.14840202111766626, ""stage2"": 0.26218521420435215, ""stage3"": 0.48361956206889695, ""stage4"": 1.0, ""stage5"": 0.6474490069404146}",target_stage1_handoff > target_stage2_router > target_stage3_roaming > target_stage4_repair > target_stage5_decision,stage1_n3__from__root__c03 > stage2_n1__from__n0003__c01 > stage3_n2__from__n0012__c02 > stage4_n1__from__n0042__c01 > stage5_n2__from__n0121__c02,stage4_n1__from__n0042__c01 > stage5_n2__from__n0121__c02,toggle_airplane_mode|toggle_roaming|toggle_wifi_calling|reset_apn_settings|reboot_device|grant_app_permission,check_network_status|check_apn_settings|check_wifi_calling_status|check_app_permissions|can_send_mms|check_network_status|check_apn_settings|check_wifi_calling_status|check_app_permissions|can_send_mms|get_details_by_id|get_details_by_id,,,,matched_terminal_action,no_terminal_failure_or_low_penalty,repair_all,0.0,4.76254,4.68754,0.5,mostly_deep_vs_mostly_deep_required,ddddd on fdddd,ddddd,fdddd,True,True,True,True,0.012850763142668063,"{""stage1"": 0.12298948415078019, ""stage2"": 0.3357220092740202, ""stage3"": 0.48673520327376835, ""stage4"": 1.0, ""stage5"": 0.639423167476716}",target_stage1_handoff > target_stage2_router > target_stage3_roaming > target_stage4_repair > target_stage5_decision,stage1_n3__from__root__c03 > stage2_n1__from__n0003__c01 > stage3_n2__from__n0012__c02 > stage4_n1__from__n0042__c01 > stage5_n2__from__n0121__c02,stage4_n1__from__n0042__c01 > stage5_n2__from__n0121__c02,toggle_airplane_mode|toggle_roaming|toggle_wifi_calling|reset_apn_settings|reboot_device|grant_app_permission,check_network_status|check_apn_settings|check_wifi_calling_status|check_app_permissions|can_send_mms|check_network_status|check_apn_settings|check_wifi_calling_status|check_app_permissions|can_send_mms|get_details_by_id|get_details_by_id,,,,matched_terminal_action,no_terminal_failure_or_low_penalty,0.0,0.01456000000000035,False,False,ddddd on fdddd -> ddddd on fdddd
34,3,36,target_post_switch,repair_all,repair_all,repairable,[mms_issue]bad_wifi_calling|break_apn_mms_setting|break_app_storage_permission|data_mode_off|unseat_sim_card[PERSONA:None],unseat_sim_card|data_mode_off|bad_wifi_calling|break_apn_mms_setting|break_app_storage_permission,,reseat_sim_card|toggle_data|toggle_wifi_calling|reset_apn_settings|reboot_device|grant_app_permission,can_send_mms_true,can_send_mms,repair_all,0.0,3.74192,3.66992,1.5,mostly_deep_vs_mostly_deep_required,ffddd on fdddd,ffddd,fdddd,True,True,True,True,0.006361511750802205,"{""stage1"": 0.2573515310447831, ""stage2"": 0.34847543738071873, ""stage3"": 0.4470235258287566, ""stage4"": 0.31736645556829635, ""stage5"": 0.5}",general_stage1_intake > trap_stage2_router > barrier_stage3_gate > general_stage4_repair > target_stage5_decision,stage1_n1__from__root__c01 > stage2_n3__from__n0001__c03 > stage3_n5__from__n0008__c03 > stage4_n2__from__n0031__c01 > stage5_n2__from__n0093__c02,stage4_n2__from__n0031__c01 > stage5_n2__from__n0093__c02,reseat_sim_card|toggle_data|toggle_wifi_calling|reset_apn_settings|reboot_device|grant_app_permission,check_network_status|check_sim_status|check_apn_settings|check_wifi_calling_status|check_app_permissions|can_send_mms,,,,matched_terminal_action,no_terminal_failure_or_low_penalty,repair_all,0.0,3.2592,3.1872,1.5,mostly_deep_vs_mostly_deep_required,ffddd on fdddd,ffddd,fdddd,True,True,True,True,0.008589683081905015,"{""stage1"": 0.32856588403298714, ""stage2"": 0.35819742902302937, ""stage3"": 0.47529811171789105, ""stage4"": 0.30711152586217766, ""stage5"": 0.5}",general_stage1_intake > trap_stage2_router > barrier_stage3_gate > general_stage4_repair > target_stage5_decision,stage1_n1__from__root__c01 > stage2_n3__from__n0001__c03 > stage3_n5__from__n0008__c03 > stage4_n2__from__n0031__c01 > stage5_n2__from__n0093__c02,stage4_n2__from__n0031__c01 > stage5_n2__from__n0093__c02,reseat_sim_card|toggle_data|toggle_wifi_calling|reset_apn_settings|reboot_device|grant_app_permission,check_network_status|check_sim_status|check_apn_settings|check_wifi_calling_status|check_app_permissions|can_send_mms,,,,matched_terminal_action,no_terminal_failure_or_low_penalty,0.0,-0.48272000000000004,False,False,ffddd on fdddd -> ffddd on fdddd
35,3,2,target_post_switch,repair_all,repair_all,repairable,[mms_issue]airplane_mode_on|bad_network_preference|bad_wifi_calling|break_apn_mms_setting|break_app_storage_permission|unseat_sim_card[PERSONA:Easy],airplane_mode_on|unseat_sim_card|bad_network_preference|bad_wifi_calling|break_apn_mms_setting|break_app_storage_permission,,toggle_airplane_mode|reseat_sim_card|set_network_mode_preference|toggle_wifi_calling|reset_apn_settings|reboot_device|grant_app_permission,can_send_mms_true,can_send_mms,repair_subset,10.0,15.0397,4.9641,0.5,mostly_deep_vs_mostly_deep_required,ddddd on fdddd,ddddd,fdddd,False,True,False,True,0.027907244939412018,"{""stage1"": 0.1751135794723225, ""stage2"": 0.6062150858980382, ""stage3"": 0.47422444002614883, ""stage4"": 1.0, ""stage5"": 0.5543530822081416}",general_stage1_verify > target_stage2_router > target_stage3_roaming > target_stage4_repair > target_stage5_decision,stage1_n2__from__root__c02 > stage2_n1__from__n0002__c01 > stage3_n2__from__n0009__c02 > stage4_n1__from__n0033__c01 > stage5_n2__from__n0098__c02,stage4_n1__from__n0033__c01 > stage5_n2__from__n0098__c02,set_network_mode_preference|toggle_wifi_calling|reset_apn_settings|reboot_device|grant_app_permission,check_network_mode_preference|check_apn_settings|check_wifi_calling_status|check_app_permissions|can_send_mms|check_network_status|check_sim_status,airplane_mode_on|unseat_sim_card,reseat_sim_card|toggle_airplane_mode,subset_mismatch_base_plus_linear|local_clear_failure_floor_10,repair_all_to_repair_subset,subset_mismatch_with_missing_oracle_repair_tools,transfer,18.5,22.6833,4.1083,0.0,mostly_deep_vs_mostly_deep_required,fdddd on fdddd,fdddd,fdddd,False,True,False,True,0.048052188482572915,"{""stage1"": 0.3111381982532966, ""stage2"": 0.5714003767647524, ""stage3"": 0.5405667297888486, ""stage4"": 1.0, ""stage5"": 0.5}",general_stage1_intake > target_stage2_router > target_stage3_roaming > target_stage4_repair > target_stage5_decision,stage1_n1__from__root__c01 > stage2_n1__from__n0001__c01 > stage3_n2__from__n0006__c02 > stage4_n1__from__n0024__c01 > stage5_n2__from__n0075__c02,stage4_n1__from__n0024__c01 > stage5_n2__from__n0075__c02,set_network_mode_preference|toggle_wifi_calling|reset_apn_settings|reboot_device|grant_app_permission,check_network_mode_preference|check_apn_settings|check_wifi_calling_status|check_app_permissions|can_send_mms|check_network_status|check_sim_status,airplane_mode_on|unseat_sim_card,reseat_sim_card|toggle_airplane_mode,subset_mismatch_base_plus_linear|local_clear_failure_floor_10|invalid_local_transfer_floor_18,local_to_transfer,over_transfer_on_local_oracle,8.5,7.643599999999999,False,True,ddddd on fdddd -> fdddd on fdddd
36,3,9,target_post_switch,repair_subset,repair_subset,partially_repairable,[mms_issue]airplane_mode_on|bad_network_preference|bad_wifi_calling|break_apn_mms_setting|break_app_both_permissions|data_mode_off|data_usage_exceeded|unseat_sim_card|user_abroad_roaming_disabled_on[PERSONA:Hard],airplane_mode_on|unseat_sim_card|data_mode_off|bad_network_preference|bad_wifi_calling|break_apn_mms_setting|break_app_both_permissions,user_abroad_roaming_disabled_on|data_usage_exceeded,toggle_airplane_mode|reseat_sim_card|toggle_data|set_network_mode_preference|toggle_wifi_calling|reset_apn_settings|reboot_device|grant_app_permission|grant_app_permission,partial_resolution_only,,transfer,22.5,27.308505,4.738805,1.5,mostly_deep_vs_mostly_deep_required,fdddf on fdddd,fdddf,fdddd,False,False,False,True,0.008031035584946259,"{""stage1"": 0.16924719905795213, ""stage2"": 0.5905409715871076, ""stage3"": 0.4821157020660651, ""stage4"": 0.6666666666666666, ""stage5"": 0.25}",barrier_stage1_gate > general_stage2_roaming > general_stage3_network > general_stage4_verify > trap_stage5_terminal,stage1_n5__from__root__c05 > stage2_n4__from__n0005__c02 > stage3_n3__from__n0021__c01 > stage4_n3__from__n0068__c02 > stage5_n4__from__n0197__c04,stage4_n3__from__n0068__c02 > stage5_n4__from__n0197__c04,,can_send_mms|check_network_status|check_apn_settings|check_sim_status,airplane_mode_on|bad_network_preference|bad_wifi_calling|break_apn_mms_setting|break_app_both_permissions|data_mode_off|unseat_sim_card,grant_app_permission|reboot_device|reseat_sim_card|reset_apn_settings|set_network_mode_preference|toggle_airplane_mode|toggle_data|toggle_wifi_calling,subset_mismatch_base_plus_linear|local_clear_failure_floor_10|local_clear_and_aux_failure_floor_12|invalid_local_transfer_floor_18,local_to_transfer,over_transfer_on_local_oracle,repair_subset,6.0,11.08992,5.02022,1.5,mostly_deep_vs_mostly_deep_required,fdddf on fdddd,fdddf,fdddd,True,False,False,True,0.011789223545723412,"{""stage1"": 0.23308506958991382, ""stage2"": 0.6449529346178757, ""stage3"": 0.47053721167483586, ""stage4"": 0.6666666666666666, ""stage5"": 0.25}",barrier_stage1_gate > general_stage2_roaming > general_stage3_network > general_stage4_verify > trap_stage5_terminal,stage1_n5__from__root__c05 > stage2_n4__from__n0005__c02 > stage3_n3__from__n0021__c01 > stage4_n3__from__n0068__c02 > stage5_n4__from__n0197__c04,stage4_n3__from__n0068__c02 > stage5_n4__from__n0197__c04,toggle_airplane_mode|reseat_sim_card|toggle_data|set_network_mode_preference|toggle_wifi_calling|reset_apn_settings|reboot_device|grant_app_permission|grant_app_permission,check_network_status|check_sim_status|check_network_mode_preference|check_apn_settings|check_wifi_calling_status|check_app_permissions|can_send_mms,,,clear_but_aux_failure_floor_6,matched_terminal_action,policy_action_violation,-16.5,-16.218585,True,False,fdddf on fdddd -> fdddf on fdddd
37,3,10,target_post_switch,repair_subset,repair_subset,partially_repairable,[mms_issue]airplane_mode_on|bad_network_preference|bad_wifi_calling|break_apn_mms_setting|break_app_sms_permission|data_mode_off|data_usage_exceeded|unseat_sim_card|user_abroad_roaming_disabled_on[PERSONA:None],airplane_mode_on|unseat_sim_card|data_mode_off|bad_network_preference|bad_wifi_calling|break_apn_mms_setting|break_app_sms_permission,user_abroad_roaming_disabled_on|data_usage_exceeded,toggle_airplane_mode|reseat_sim_card|toggle_data|set_network_mode_preference|toggle_wifi_calling|reset_apn_settings|reboot_device|grant_app_permission,partial_resolution_only,,transfer,23.5,28.660429999999998,5.09633,3.5,mostly_deep_vs_mostly_deep_required,dffdd on fdddd,dffdd,fdddd,False,False,False,True,0.0027033657822631025,"{""stage1"": 0.10939232305623987, ""stage2"": 0.6659816956483269, ""stage3"": 0.22432014156413943, ""stage4"": 0.3308395334926142, ""stage5"": 0.5}",general_stage1_verify > trap_stage2_router > trap_stage3_network > general_stage4_repair > target_stage5_verify,stage1_n2__from__root__c02 > stage2_n3__from__n0002__c03 > stage3_n4__from__n0011__c02 > stage4_n2__from__n0039__c01 > stage5_n1__from__n0112__c01,stage4_n2__from__n0039__c01 > stage5_n1__from__n0112__c01,,can_send_mms|check_network_status|check_apn_settings|check_sim_status|check_app_permissions|check_network_mode_preference|check_wifi_calling_status|run_speed_test,airplane_mode_on|bad_network_preference|bad_wifi_calling|break_apn_mms_setting|break_app_sms_permission|data_mode_off|unseat_sim_card,grant_app_permission|reboot_device|reseat_sim_card|reset_apn_settings|set_network_mode_preference|toggle_airplane_mode|toggle_data|toggle_wifi_calling,subset_mismatch_base_plus_linear|local_clear_failure_floor_10|local_clear_and_aux_failure_floor_12|invalid_local_transfer_floor_18,local_to_transfer,over_transfer_on_local_oracle,transfer,22.5,27.38225,4.80855,0.5,mostly_deep_vs_mostly_deep_required,ddddd on fdddd,ddddd,fdddd,False,False,False,True,0.022645713162778785,"{""stage1"": 0.17419429741541267, ""stage2"": 0.6172681355652281, ""stage3"": 0.4737397484799409, ""stage4"": 1.0, ""stage5"": 0.44456819043722057}",general_stage1_verify > target_stage2_router > target_stage3_roaming > target_stage4_repair > target_stage5_verify,stage1_n2__from__root__c02 > stage2_n1__from__n0002__c01 > stage3_n2__from__n0009__c02 > stage4_n1__from__n0033__c01 > stage5_n1__from__n0098__c01,stage4_n1__from__n0033__c01 > stage5_n1__from__n0098__c01,,can_send_mms|check_network_status|check_apn_settings|check_sim_status|check_app_permissions|check_network_mode_preference|check_wifi_calling_status|run_speed_test,airplane_mode_on|bad_network_preference|bad_wifi_calling|break_apn_mms_setting|break_app_sms_permission|data_mode_off|unseat_sim_card,grant_app_permission|reboot_device|reseat_sim_card|reset_apn_settings|set_network_mode_preference|toggle_airplane_mode|toggle_data|toggle_wifi_calling,subset_mismatch_base_plus_linear|local_clear_failure_floor_10|local_clear_and_aux_failure_floor_12|invalid_local_transfer_floor_18,local_to_transfer,over_transfer_on_local_oracle,-1.0,-1.278179999999999,True,False,dffdd on fdddd -> ddddd on fdddd
38,3,13,target_post_switch,repair_subset,repair_subset,partially_repairable,[mms_issue]airplane_mode_on|bad_network_preference|bad_wifi_calling|break_apn_mms_setting|break_app_both_permissions|data_mode_off|data_usage_exceeded|unseat_sim_card|user_abroad_roaming_enabled_off[PERSONA:Hard],airplane_mode_on|unseat_sim_card|data_mode_off|user_abroad_roaming_enabled_off|bad_network_preference|bad_wifi_calling|break_apn_mms_setting|break_app_both_permissions,data_usage_exceeded,toggle_airplane_mode|reseat_sim_card|toggle_data|toggle_roaming|set_network_mode_preference|toggle_wifi_calling|reset_apn_settings|reboot_device|grant_app_permission|grant_app_permission,partial_resolution_only,,repair_subset,19.0,23.780269999999998,4.70667,3.0,mostly_fast_vs_mostly_deep_required,ffddf on fdddd,ffddf,fdddd,False,False,False,True,0.0025377574949279583,"{""stage1"": 0.32581762155629157, ""stage2"": 0.1311369743797961, ""stage3"": 0.7127408272394596, ""stage4"": 0.25, ""stage5"": 0.3333333333333333}",general_stage1_intake > general_stage2_core > barrier_stage3_gate > barrier_stage4_gate > trap_stage5_terminal,stage1_n1__from__root__c01 > stage2_n2__from__n0001__c02 > stage3_n5__from__n0007__c04 > stage4_n5__from__n0028__c04 > stage5_n4__from__n0086__c02,stage4_n5__from__n0028__c04 > stage5_n4__from__n0086__c02,toggle_airplane_mode|reseat_sim_card|toggle_data|toggle_roaming|set_network_mode_preference|toggle_wifi_calling|reset_apn_settings|reboot_device|grant_app_permission|grant_app_permission,check_network_status|check_sim_status|check_network_mode_preference|check_apn_settings|check_wifi_calling_status|check_app_permissions|can_send_mms|get_details_by_id|get_details_by_id,,,subset_mismatch_base_plus_linear|local_clear_failure_floor_10|local_clear_and_aux_failure_floor_12|fast_path_on_deep_required_clear_failure_floor_14,matched_terminal_action,subset_mismatch_terminal_decision,repair_subset,17.0,21.49145,4.41315,0.0,mostly_deep_vs_mostly_deep_required,fdddd on fdddd,fdddd,fdddd,False,False,False,True,0.022611813195927047,"{""stage1"": 0.24752613393201411, ""stage2"": 0.32234042572416166, ""stage3"": 0.5263438913705781, ""stage4"": 1.0, ""stage5"": 0.5384308906295254}",general_stage1_intake > target_stage2_router > target_stage3_apn > target_stage4_repair > target_stage5_verify,stage1_n1__from__root__c01 > stage2_n1__from__n0001__c01 > stage3_n1__from__n0006__c01 > stage4_n1__from__n0023__c01 > stage5_n1__from__n0074__c01,stage4_n1__from__n0023__c01 > stage5_n1__from__n0074__c01,toggle_wifi_calling|reset_apn_settings|reboot_device|grant_app_permission|grant_app_permission,check_apn_settings|check_wifi_calling_status|check_app_permissions|can_send_mms|check_network_status|check_sim_status,airplane_mode_on|bad_network_preference|data_mode_off|unseat_sim_card|user_abroad_roaming_enabled_off,reseat_sim_card|set_network_mode_preference|toggle_airplane_mode|toggle_data|toggle_roaming,subset_mismatch_base_plus_linear|local_clear_failure_floor_10|local_clear_and_aux_failure_floor_12,matched_terminal_action,subset_mismatch_with_missing_oracle_repair_tools,-2.0,-2.2888199999999976,True,False,ffddf on fdddd -> fdddd on fdddd
39,3,16,target_post_switch,repair_all,repair_all,repairable,[mms_issue]airplane_mode_on|bad_network_preference|bad_wifi_calling|break_apn_mms_setting|break_app_sms_permission|data_mode_off|unseat_sim_card|user_abroad_roaming_enabled_off[PERSONA:None],airplane_mode_on|unseat_sim_card|data_mode_off|user_abroad_roaming_enabled_off|bad_network_preference|bad_wifi_calling|break_apn_mms_setting|break_app_sms_permission,,toggle_airplane_mode|reseat_sim_card|toggle_data|toggle_roaming|set_network_mode_preference|toggle_wifi_calling|reset_apn_settings|reboot_device|grant_app_permission,can_send_mms_true,can_send_mms,repair_subset,15.0,19.49655,4.42155,0.0,mostly_deep_vs_mostly_deep_required,fdddd on fdddd,fdddd,fdddd,False,True,False,True,0.03924183561137895,"{""stage1"": 0.2113654947782941, ""stage2"": 0.6808270300278794, ""stage3"": 0.5453915808979761, ""stage4"": 1.0, ""stage5"": 0.5}",general_stage1_intake > target_stage2_router > target_stage3_roaming > target_stage4_repair > target_stage5_decision,stage1_n1__from__root__c01 > stage2_n1__from__n0001__c01 > stage3_n2__from__n0006__c02 > stage4_n1__from__n0024__c01 > stage5_n2__from__n0075__c02,stage4_n1__from__n0024__c01 > stage5_n2__from__n0075__c02,toggle_wifi_calling|reset_apn_settings|reboot_device|grant_app_permission,check_apn_settings|check_wifi_calling_status|check_app_permissions|can_send_mms|check_network_status|check_network_mode_preference|check_sim_status,airplane_mode_on|bad_network_preference|data_mode_off|unseat_sim_card|user_abroad_roaming_enabled_off,reseat_sim_card|set_network_mode_preference|toggle_airplane_mode|toggle_data|toggle_roaming,subset_mismatch_base_plus_linear|local_clear_failure_floor_10,repair_all_to_repair_subset,subset_mismatch_with_missing_oracle_repair_tools,repair_all,0.0,4.06998,3.99518,0.0,mostly_deep_vs_mostly_deep_required,fdddd on fdddd,fdddd,fdddd,True,True,True,True,0.025458676623183085,"{""stage1"": 0.41554228104532415, ""stage2"": 0.2226335429190381, ""stage3"": 0.5503766536320751, ""stage4"": 1.0, ""stage5"": 0.5}",trap_stage1_intake > target_stage2_router > target_stage3_apn > target_stage4_repair > target_stage5_verify,stage1_n4__from__root__c04 > stage2_n1__from__n0004__c01 > stage3_n1__from__n0015__c01 > stage4_n1__from__n0050__c01 > stage5_n1__from__n0143__c01,stage4_n1__from__n0050__c01 > stage5_n1__from__n0143__c01,toggle_airplane_mode|reseat_sim_card|toggle_data|toggle_roaming|set_network_mode_preference|toggle_wifi_calling|reset_apn_settings|reboot_device|grant_app_permission,check_network_status|check_sim_status|check_network_mode_preference|check_apn_settings|check_wifi_calling_status|check_app_permissions|can_send_mms|get_details_by_id|get_details_by_id,,,,matched_terminal_action,no_terminal_failure_or_low_penalty,-15.0,-15.426569999999998,True,False,fdddd on fdddd -> fdddd on fdddd
40,4,32,target_post_switch,repair_all,repair_all,repairable,[mms_issue]bad_wifi_calling|break_apn_mms_setting|break_app_storage_permission|unseat_sim_card[PERSONA:Easy],unseat_sim_card|bad_wifi_calling|break_apn_mms_setting|break_app_storage_permission,,reseat_sim_card|toggle_wifi_calling|reset_apn_settings|reboot_device|grant_app_permission,can_send_mms_true,can_send_mms,repair_all,0.0,4.12545,4.06075,3.0,mostly_fast_vs_mostly_deep_required,ffdfd on fdddd,ffdfd,fdddd,True,True,True,True,0.002010857592832897,"{""stage1"": 0.11286604129289012, ""stage2"": 0.580340183345054, ""stage3"": 0.2755471930656407, ""stage4"": 0.4456556122135124, ""stage5"": 0.25}",general_stage1_intake > trap_stage2_router > barrier_stage3_gate > trap_stage4_execute > general_stage5_verify,stage1_n1__from__root__c01 > stage2_n3__from__n0001__c03 > stage3_n5__from__n0008__c03 > stage4_n4__from__n0031__c03 > stage5_n3__from__n0095__c02,stage4_n4__from__n0031__c03 > stage5_n3__from__n0095__c02,reseat_sim_card|toggle_wifi_calling|reset_apn_settings|reboot_device|grant_app_permission,check_sim_status|check_apn_settings|check_wifi_calling_status|check_app_permissions|can_send_mms,,,,matched_terminal_action,no_terminal_failure_or_low_penalty,repair_all,0.0,5.193415,5.134015,5.0,mostly_fast_vs_mostly_deep_required,dffdf on fdddd,dffdf,fdddd,True,True,True,True,0.0010435496233224878,"{""stage1"": 0.0659998857623775, ""stage2"": 0.8281552927940599, ""stage3"": 0.23089298416765203, ""stage4"": 0.3307557436417597, ""stage5"": 0.25}",general_stage1_verify > trap_stage2_router > trap_stage3_network > general_stage4_verify > trap_stage5_terminal,stage1_n2__from__root__c02 > stage2_n3__from__n0002__c03 > stage3_n4__from__n0011__c02 > stage4_n3__from__n0039__c02 > stage5_n4__from__n0113__c04,stage4_n3__from__n0039__c02 > stage5_n4__from__n0113__c04,reseat_sim_card|toggle_wifi_calling|reset_apn_settings|reboot_device|grant_app_permission,check_sim_status|check_apn_settings|check_wifi_calling_status|check_app_permissions|can_send_mms,,,,matched_terminal_action,no_terminal_failure_or_low_penalty,0.0,1.067965,False,False,ffdfd on fdddd -> dffdf on fdddd
41,4,33,target_post_switch,repair_all,repair_all,repairable,[mms_issue]bad_wifi_calling|break_apn_mms_setting|break_app_sms_permission|unseat_sim_card[PERSONA:None],unseat_sim_card|bad_wifi_calling|break_apn_mms_setting|break_app_sms_permission,,reseat_sim_card|toggle_wifi_calling|reset_apn_settings|reboot_device|grant_app_permission,can_send_mms_true,can_send_mms,repair_all,0.0,3.66803,3.60303,1.5,mostly_deep_vs_mostly_deep_required,fdfdd on fdddd,fdfdd,fdddd,True,True,True,True,0.0036236465466781055,"{""stage1"": 0.5862892553160054, ""stage2"": 0.2101585466585799, ""stage3"": 0.47055113005483995, ""stage4"": 0.25, ""stage5"": 0.25}",trap_stage1_intake > general_stage2_roaming > trap_stage3_network > general_stage4_verify > target_stage5_verify,stage1_n4__from__root__c04 > stage2_n4__from__n0004__c04 > stage3_n4__from__n0018__c02 > stage4_n3__from__n0060__c02 > stage5_n1__from__n0169__c01,stage4_n3__from__n0060__c02 > stage5_n1__from__n0169__c01,reseat_sim_card|toggle_wifi_calling|reset_apn_settings|reboot_device|grant_app_permission,check_sim_status|check_apn_settings|check_wifi_calling_status|check_app_permissions|can_send_mms,,,,matched_terminal_action,no_terminal_failure_or_low_penalty,repair_all,0.0,4.68345,4.60725,3.0,mostly_fast_vs_mostly_deep_required,fdffd on fdddd,fdffd,fdddd,True,True,True,False,0.0029608008348816577,"{""stage1"": 0.23868080711671597, ""stage2"": 0.2873243985790348, ""stage3"": 0.5249735722646808, ""stage4"": 0.3289589756905137, ""stage5"": 0.25}",barrier_stage1_gate > barrier_stage2_gate > trap_stage3_network > trap_stage4_execute > barrier_stage5_transfer,stage1_n5__from__root__c05 > stage2_n5__from__n0005__c03 > stage3_n4__from__n0022__c02 > stage4_n4__from__n0072__c03 > stage5_n5__from__n0210__c04,stage4_n4__from__n0072__c03 > stage5_n5__from__n0210__c04,reseat_sim_card|toggle_wifi_calling|reset_apn_settings|reboot_device|grant_app_permission,check_sim_status|check_apn_settings|check_wifi_calling_status|check_app_permissions|can_send_mms,,,,matched_terminal_action,no_terminal_failure_or_low_penalty,0.0,1.0154199999999998,False,False,fdfdd on fdddd -> fdffd on fdddd
42,4,34,target_post_switch,repair_all,repair_all,repairable,[mms_issue]bad_wifi_calling|break_apn_mms_setting|break_app_sms_permission|user_abroad_roaming_enabled_off[PERSONA:Easy],user_abroad_roaming_enabled_off|bad_wifi_calling|break_apn_mms_setting|break_app_sms_permission,,toggle_roaming|toggle_wifi_calling|reset_apn_settings|reboot_device|grant_app_permission,can_send_mms_true,can_send_mms,repair_all,0.0,3.18489,3.11059,0.0,mostly_deep_vs_mostly_deep_required,fdddd on fdddd,fdddd,fdddd,True,True,True,True,0.03464122194990027,"{""stage1"": 0.5739804985849762, ""stage2"": 0.21896460068337353, ""stage3"": 0.44874549442936723, ""stage4"": 1.0, ""stage5"": 0.6142173151750726}",trap_stage1_intake > target_stage2_router > target_stage3_roaming > target_stage4_repair > target_stage5_decision,stage1_n4__from__root__c04 > stage2_n1__from__n0004__c01 > stage3_n2__from__n0015__c02 > stage4_n1__from__n0051__c01 > stage5_n2__from__n0144__c02,stage4_n1__from__n0051__c01 > stage5_n2__from__n0144__c02,toggle_roaming|toggle_wifi_calling|reset_apn_settings|reboot_device|grant_app_permission,check_network_status|check_apn_settings|check_wifi_calling_status|check_app_permissions|can_send_mms|get_details_by_id|get_details_by_id,,,,matched_terminal_action,no_terminal_failure_or_low_penalty,repair_all,0.0,3.930825,3.865925,3.0,mostly_fast_vs_mostly_deep_required,fffdd on fdddd,fffdd,fdddd,True,True,True,True,0.0031311076656934216,"{""stage1"": 0.4240019171442234, ""stage2"": 0.4726178880370874, ""stage3"": 0.25, ""stage4"": 0.25, ""stage5"": 0.25}",trap_stage1_intake > general_stage2_core > trap_stage3_network > general_stage4_verify > target_stage5_verify,stage1_n4__from__root__c04 > stage2_n2__from__n0004__c02 > stage3_n4__from__n0016__c03 > stage4_n3__from__n0054__c02 > stage5_n1__from__n0149__c01,stage4_n3__from__n0054__c02 > stage5_n1__from__n0149__c01,toggle_roaming|toggle_wifi_calling|reset_apn_settings|reboot_device|grant_app_permission,check_network_status|check_apn_settings|check_wifi_calling_status|check_app_permissions|can_send_mms|check_network_status|check_apn_settings|check_wifi_calling_status|check_app_permissions|can_send_mms|get_details_by_id|get_details_by_id,,,,matched_terminal_action,no_terminal_failure_or_low_penalty,0.0,0.7459349999999998,False,False,fdddd on fdddd -> fffdd on fdddd
43,4,35,target_post_switch,repair_all,repair_all,repairable,[mms_issue]airplane_mode_on|bad_wifi_calling|break_apn_mms_setting|break_app_storage_permission|user_abroad_roaming_enabled_off[PERSONA:None],airplane_mode_on|user_abroad_roaming_enabled_off|bad_wifi_calling|break_apn_mms_setting|break_app_storage_permission,,toggle_airplane_mode|toggle_roaming|toggle_wifi_calling|reset_apn_settings|reboot_device|grant_app_permission,can_send_mms_true,can_send_mms,repair_all,0.0,3.64654,3.57804,1.5,mostly_deep_vs_mostly_deep_required,ffddd on fdddd,ffddd,fdddd,True,True,True,True,0.010754700025179479,"{""stage1"": 0.562986067022104, ""stage2"": 0.4584710274795726, ""stage3"": 0.25, ""stage4"": 0.3333333333333333, ""stage5"": 0.5}",trap_stage1_intake > general_stage2_core > general_stage3_network > general_stage4_repair > target_stage5_decision,stage1_n4__from__root__c04 > stage2_n2__from__n0004__c02 > stage3_n3__from__n0016__c02 > stage4_n2__from__n0053__c01 > stage5_n2__from__n0146__c02,stage4_n2__from__n0053__c01 > stage5_n2__from__n0146__c02,toggle_airplane_mode|toggle_roaming|toggle_wifi_calling|reset_apn_settings|reboot_device|grant_app_permission,check_network_status|check_apn_settings|check_wifi_calling_status|check_app_permissions|can_send_mms|check_network_status|check_apn_settings|check_wifi_calling_status|check_app_permissions|can_send_mms|get_details_by_id|get_details_by_id,,,,matched_terminal_action,no_terminal_failure_or_low_penalty,repair_all,0.0,4.04842,3.97522,1.5,mostly_deep_vs_mostly_deep_required,fdfdd on fdddd,fdfdd,fdddd,True,True,True,True,0.005509574642981055,"{""stage1"": 0.21774152790663887, ""stage2"": 0.5696575902710159, ""stage3"": 0.7106944098189459, ""stage4"": 0.25, ""stage5"": 0.25}",barrier_stage1_gate > general_stage2_roaming > trap_stage3_network > general_stage4_verify > target_stage5_decision,stage1_n5__from__root__c05 > stage2_n4__from__n0005__c02 > stage3_n4__from__n0021__c02 > stage4_n3__from__n0069__c02 > stage5_n2__from__n0199__c02,stage4_n3__from__n0069__c02 > stage5_n2__from__n0199__c02,toggle_airplane_mode|toggle_roaming|toggle_wifi_calling|reset_apn_settings|reboot_device|grant_app_permission,check_network_status|check_apn_settings|check_wifi_calling_status|check_app_permissions|can_send_mms|get_details_by_id|get_details_by_id,,,,matched_terminal_action,no_terminal_failure_or_low_penalty,0.0,0.40188000000000024,False,False,ffddd on fdddd -> fdfdd on fdddd
44,4,36,target_post_switch,repair_all,repair_all,repairable,[mms_issue]bad_wifi_calling|break_apn_mms_setting|break_app_storage_permission|data_mode_off|unseat_sim_card[PERSONA:None],unseat_sim_card|data_mode_off|bad_wifi_calling|break_apn_mms_setting|break_app_storage_permission,,reseat_sim_card|toggle_data|toggle_wifi_calling|reset_apn_settings|reboot_device|grant_app_permission,can_send_mms_true,can_send_mms,repair_all,0.0,3.6239199999999996,3.54952,1.5,mostly_deep_vs_mostly_deep_required,ffddd on fdddd,ffddd,fdddd,True,True,True,True,0.03257152231506083,"{""stage1"": 0.5500741782469523, ""stage2"": 0.4303026180244055, ""stage3"": 0.27521544679621607, ""stage4"": 1.0, ""stage5"": 0.5}",trap_stage1_intake > general_stage2_core > target_stage3_roaming > target_stage4_repair > target_stage5_decision,stage1_n4__from__root__c04 > stage2_n2__from__n0004__c02 > stage3_n2__from__n0016__c01 > stage4_n1__from__n0052__c01 > stage5_n2__from__n0145__c02,stage4_n1__from__n0052__c01 > stage5_n2__from__n0145__c02,reseat_sim_card|toggle_data|toggle_wifi_calling|reset_apn_settings|reboot_device|grant_app_permission,check_network_status|check_sim_status|check_apn_settings|check_wifi_calling_status|check_app_permissions|can_send_mms|check_network_status|check_sim_status|check_apn_settings|check_wifi_calling_status|check_app_permissions|can_send_mms,,,,matched_terminal_action,no_terminal_failure_or_low_penalty,repair_all,0.0,3.6332000000000004,3.5666,1.5,mostly_deep_vs_mostly_deep_required,ffddd on fdddd,ffddd,fdddd,True,True,True,True,0.008562474152370934,"{""stage1"": 0.4185335129302976, ""stage2"": 0.4333771544921725, ""stage3"": 0.2832397950650634, ""stage4"": 0.3333333333333333, ""stage5"": 0.5}",trap_stage1_intake > general_stage2_core > general_stage3_network > general_stage4_repair > target_stage5_verify,stage1_n4__from__root__c04 > stage2_n2__from__n0004__c02 > stage3_n3__from__n0016__c02 > stage4_n2__from__n0053__c01 > stage5_n1__from__n0146__c01,stage4_n2__from__n0053__c01 > stage5_n1__from__n0146__c01,reseat_sim_card|toggle_data|toggle_wifi_calling|reset_apn_settings|reboot_device|grant_app_permission,check_network_status|check_sim_status|check_apn_settings|check_wifi_calling_status|check_app_permissions|can_send_mms|check_network_status|check_sim_status|check_apn_settings|check_wifi_calling_status|check_app_permissions|can_send_mms,,,,matched_terminal_action,no_terminal_failure_or_low_penalty,0.0,0.009280000000000843,False,False,ffddd on fdddd -> ffddd on fdddd
45,4,2,target_post_switch,repair_all,repair_all,repairable,[mms_issue]airplane_mode_on|bad_network_preference|bad_wifi_calling|break_apn_mms_setting|break_app_storage_permission|unseat_sim_card[PERSONA:Easy],airplane_mode_on|unseat_sim_card|bad_network_preference|bad_wifi_calling|break_apn_mms_setting|break_app_storage_permission,,toggle_airplane_mode|reseat_sim_card|set_network_mode_preference|toggle_wifi_calling|reset_apn_settings|reboot_device|grant_app_permission,can_send_mms_true,can_send_mms,repair_subset,14.0,19.90844,5.85044,6.0,mostly_fast_vs_mostly_deep_required,fffff on fdddd,fffff,fdddd,False,False,False,True,0.003357822128787963,"{""stage1"": 0.5368717156721291, ""stage2"": 0.4002829912046824, ""stage3"": 0.25, ""stage4"": 0.25, ""stage5"": 0.25}",trap_stage1_intake > general_stage2_core > trap_stage3_network > trap_stage4_execute > trap_stage5_terminal,stage1_n4__from__root__c04 > stage2_n2__from__n0004__c02 > stage3_n4__from__n0016__c03 > stage4_n4__from__n0054__c03 > stage5_n4__from__n0150__c03,stage4_n4__from__n0054__c03 > stage5_n4__from__n0150__c03,toggle_airplane_mode|reseat_sim_card|set_network_mode_preference|toggle_wifi_calling,check_network_status|check_sim_status|check_network_mode_preference|check_wifi_calling_status|can_send_mms,break_apn_mms_setting|break_app_storage_permission,grant_app_permission|reboot_device|reset_apn_settings,subset_mismatch_base_plus_linear|local_clear_failure_floor_10|local_clear_and_aux_failure_floor_12|fast_path_on_deep_required_clear_failure_floor_14,repair_all_to_repair_subset,subset_mismatch_with_missing_oracle_repair_tools,repair_subset,10.0,13.87091,3.79771,0.0,mostly_deep_vs_mostly_deep_required,fdddd on fdddd,fdddd,fdddd,False,True,False,True,0.00487708140545118,"{""stage1"": 0.19888183192476794, ""stage2"": 0.504203701731855, ""stage3"": 0.2568883689543083, ""stage4"": 0.37865562916938234, ""stage5"": 0.5}",barrier_stage1_gate > general_stage2_roaming > general_stage3_network > general_stage4_repair > target_stage5_decision,stage1_n5__from__root__c05 > stage2_n4__from__n0005__c02 > stage3_n3__from__n0021__c01 > stage4_n2__from__n0068__c01 > stage5_n2__from__n0196__c02,stage4_n2__from__n0068__c01 > stage5_n2__from__n0196__c02,set_network_mode_preference|toggle_wifi_calling|reset_apn_settings|reboot_device|grant_app_permission,check_network_mode_preference|check_apn_settings|check_wifi_calling_status|check_app_permissions|can_send_mms,airplane_mode_on|unseat_sim_card,reseat_sim_card|toggle_airplane_mode,subset_mismatch_base_plus_linear|local_clear_failure_floor_10,repair_all_to_repair_subset,subset_mismatch_with_missing_oracle_repair_tools,-4.0,-6.0375299999999985,True,False,fffff on fdddd -> fdddd on fdddd
46,4,9,target_post_switch,repair_subset,repair_subset,partially_repairable,[mms_issue]airplane_mode_on|bad_network_preference|bad_wifi_calling|break_apn_mms_setting|break_app_both_permissions|data_mode_off|data_usage_exceeded|unseat_sim_card|user_abroad_roaming_disabled_on[PERSONA:Hard],airplane_mode_on|unseat_sim_card|data_mode_off|bad_network_preference|bad_wifi_calling|break_apn_mms_setting|break_app_both_permissions,user_abroad_roaming_disabled_on|data_usage_exceeded,toggle_airplane_mode|reseat_sim_card|toggle_data|set_network_mode_preference|toggle_wifi_calling|reset_apn_settings|reboot_device|grant_app_permission|grant_app_permission,partial_resolution_only,,repair_subset,12.0,18.1724,6.107,3.5,mostly_deep_vs_mostly_deep_required,dfddf on fdddd,dfddf,fdddd,False,False,False,True,0.009228228048804799,"{""stage1"": 0.2975089243923398, ""stage2"": 0.4072227258090373, ""stage3"": 0.45702248170345366, ""stage4"": 0.6666666666666666, ""stage5"": 0.25}",target_stage1_handoff > general_stage2_core > general_stage3_network > general_stage4_verify > trap_stage5_terminal,stage1_n3__from__root__c03 > stage2_n2__from__n0003__c02 > stage3_n3__from__n0013__c02 > stage4_n3__from__n0044__c02 > stage5_n4__from__n0124__c04,stage4_n3__from__n0044__c02 > stage5_n4__from__n0124__c04,toggle_airplane_mode|reseat_sim_card|toggle_data|set_network_mode_preference|toggle_wifi_calling|reset_apn_settings|reboot_device|grant_app_permission|grant_app_permission,check_network_status|check_sim_status|check_network_mode_preference|check_apn_settings|check_wifi_calling_status|check_app_permissions|can_send_mms,,,subset_mismatch_base_plus_linear|local_clear_failure_floor_10|local_clear_and_aux_failure_floor_12,matched_terminal_action,subset_mismatch_terminal_decision,transfer,23.5,28.045735,4.483035,3.0,mostly_fast_vs_mostly_deep_required,fffdd on fdddd,fffdd,fdddd,False,False,False,True,0.0027995925015647217,"{""stage1"": 0.43919435954567854, ""stage2"": 0.13916848899601184, ""stage3"": 0.7328534528291653, ""stage4"": 0.25, ""stage5"": 0.25}",trap_stage1_intake > trap_stage2_router > trap_stage3_network > general_stage4_verify > target_stage5_verify,stage1_n4__from__root__c04 > stage2_n3__from__n0004__c03 > stage3_n4__from__n0017__c02 > stage4_n3__from__n0057__c02 > stage5_n1__from__n0159__c01,stage4_n3__from__n0057__c02 > stage5_n1__from__n0159__c01,,can_send_mms|check_network_status|check_apn_settings|check_sim_status|check_wifi_calling_status|check_app_permissions|check_network_mode_preference|run_speed_test,airplane_mode_on|bad_network_preference|bad_wifi_calling|break_apn_mms_setting|break_app_both_permissions|data_mode_off|unseat_sim_card,grant_app_permission|reboot_device|reseat_sim_card|reset_apn_settings|set_network_mode_preference|toggle_airplane_mode|toggle_data|toggle_wifi_calling,subset_mismatch_base_plus_linear|local_clear_failure_floor_10|local_clear_and_aux_failure_floor_12|fast_path_on_deep_required_clear_failure_floor_14|invalid_local_transfer_floor_18,local_to_transfer,over_transfer_on_local_oracle,11.5,9.873335,False,True,dfddf on fdddd -> fffdd on fdddd
47,4,10,target_post_switch,repair_subset,repair_subset,partially_repairable,[mms_issue]airplane_mode_on|bad_network_preference|bad_wifi_calling|break_apn_mms_setting|break_app_sms_permission|data_mode_off|data_usage_exceeded|unseat_sim_card|user_abroad_roaming_disabled_on[PERSONA:None],airplane_mode_on|unseat_sim_card|data_mode_off|bad_network_preference|bad_wifi_calling|break_apn_mms_setting|break_app_sms_permission,user_abroad_roaming_disabled_on|data_usage_exceeded,toggle_airplane_mode|reseat_sim_card|toggle_data|set_network_mode_preference|toggle_wifi_calling|reset_apn_settings|reboot_device|grant_app_permission,partial_resolution_only,,transfer,22.5,27.40839,4.83389,0.5,mostly_deep_vs_mostly_deep_required,ddddd on fdddd,ddddd,fdddd,False,False,False,True,0.01209495268807045,"{""stage1"": 0.20544890091702028, ""stage2"": 0.16398060805281464, ""stage3"": 0.5920633962723257, ""stage4"": 1.0, ""stage5"": 0.6063727093400132}",target_stage1_handoff > target_stage2_router > target_stage3_apn > target_stage4_repair > target_stage5_decision,stage1_n3__from__root__c03 > stage2_n1__from__n0003__c01 > stage3_n1__from__n0012__c01 > stage4_n1__from__n0041__c01 > stage5_n2__from__n0120__c02,stage4_n1__from__n0041__c01 > stage5_n2__from__n0120__c02,,can_send_mms|check_network_status|check_apn_settings|check_sim_status|check_app_permissions|check_network_mode_preference|check_wifi_calling_status|run_speed_test,airplane_mode_on|bad_network_preference|bad_wifi_calling|break_apn_mms_setting|break_app_sms_permission|data_mode_off|unseat_sim_card,grant_app_permission|reboot_device|reseat_sim_card|reset_apn_settings|set_network_mode_preference|toggle_airplane_mode|toggle_data|toggle_wifi_calling,subset_mismatch_base_plus_linear|local_clear_failure_floor_10|local_clear_and_aux_failure_floor_12|invalid_local_transfer_floor_18,local_to_transfer,over_transfer_on_local_oracle,transfer,22.5,27.194325,4.628425,1.5,mostly_deep_vs_mostly_deep_required,fdfdd on fdddd,fdfdd,fdddd,False,False,False,True,0.005721665344213904,"{""stage1"": 0.31859373768401605, ""stage2"": 0.30355545129247485, ""stage3"": 0.47330072339684043, ""stage4"": 0.25, ""stage5"": 0.5}",trap_stage1_intake > general_stage2_roaming > trap_stage3_network > general_stage4_repair > target_stage5_decision,stage1_n4__from__root__c04 > stage2_n4__from__n0004__c04 > stage3_n4__from__n0018__c02 > stage4_n2__from__n0060__c01 > stage5_n2__from__n0168__c02,stage4_n2__from__n0060__c01 > stage5_n2__from__n0168__c02,,can_send_mms|check_network_status|check_apn_settings|check_sim_status|check_app_permissions|check_network_mode_preference|check_wifi_calling_status|run_speed_test,airplane_mode_on|bad_network_preference|bad_wifi_calling|break_apn_mms_setting|break_app_sms_permission|data_mode_off|unseat_sim_card,grant_app_permission|reboot_device|reseat_sim_card|reset_apn_settings|set_network_mode_preference|toggle_airplane_mode|toggle_data|toggle_wifi_calling,subset_mismatch_base_plus_linear|local_clear_failure_floor_10|local_clear_and_aux_failure_floor_12|invalid_local_transfer_floor_18,local_to_transfer,over_transfer_on_local_oracle,0.0,-0.2140650000000015,False,False,ddddd on fdddd -> fdfdd on fdddd
48,4,13,target_post_switch,repair_subset,repair_subset,partially_repairable,[mms_issue]airplane_mode_on|bad_network_preference|bad_wifi_calling|break_apn_mms_setting|break_app_both_permissions|data_mode_off|data_usage_exceeded|unseat_sim_card|user_abroad_roaming_enabled_off[PERSONA:Hard],airplane_mode_on|unseat_sim_card|data_mode_off|user_abroad_roaming_enabled_off|bad_network_preference|bad_wifi_calling|break_apn_mms_setting|break_app_both_permissions,data_usage_exceeded,toggle_airplane_mode|reseat_sim_card|toggle_data|toggle_roaming|set_network_mode_preference|toggle_wifi_calling|reset_apn_settings|reboot_device|grant_app_permission|grant_app_permission,partial_resolution_only,,repair_subset,15.0,20.770094999999998,5.708095,4.5,mostly_fast_vs_mostly_deep_required,ffdff on fdddd,ffdff,fdddd,False,False,False,True,0.003906625942357132,"{""stage1"": 0.6046224763291244, ""stage2"": 0.2400160358848835, ""stage3"": 0.4307222095197953, ""stage4"": 0.25, ""stage5"": 0.25}",trap_stage1_intake > general_stage2_core > barrier_stage3_gate > trap_stage4_execute > trap_stage5_terminal,stage1_n4__from__root__c04 > stage2_n2__from__n0004__c02 > stage3_n5__from__n0016__c04 > stage4_n4__from__n0055__c03 > stage5_n4__from__n0154__c03,stage4_n4__from__n0055__c03 > stage5_n4__from__n0154__c03,toggle_airplane_mode|reseat_sim_card|toggle_data|toggle_roaming,check_network_status|check_sim_status|can_send_mms|get_details_by_id|get_details_by_id,bad_network_preference|bad_wifi_calling|break_apn_mms_setting|break_app_both_permissions,grant_app_permission|reboot_device|reset_apn_settings|set_network_mode_preference|toggle_wifi_calling,subset_mismatch_base_plus_linear|local_clear_failure_floor_10|local_clear_and_aux_failure_floor_12|fast_path_on_deep_required_clear_failure_floor_14,matched_terminal_action,subset_mismatch_with_missing_oracle_repair_tools,repair_subset,17.0,21.59442,4.52612,1.5,mostly_deep_vs_mostly_deep_required,ffddd on fdddd,ffddd,fdddd,False,False,False,True,0.0066860399331056895,"{""stage1"": 0.26787913005369984, ""stage2"": 0.6830301362442922, ""stage3"": 0.3613481030529913, ""stage4"": 0.404505501493437, ""stage5"": 0.25}",general_stage1_intake > trap_stage2_router > barrier_stage3_gate > general_stage4_verify > general_stage5_verify,stage1_n1__from__root__c01 > stage2_n3__from__n0001__c03 > stage3_n5__from__n0008__c03 > stage4_n3__from__n0031__c02 > stage5_n3__from__n0094__c03,stage4_n3__from__n0031__c02 > stage5_n3__from__n0094__c03,toggle_wifi_calling|reset_apn_settings|reboot_device|grant_app_permission|grant_app_permission,check_apn_settings|check_wifi_calling_status|check_app_permissions|can_send_mms|check_network_status|check_sim_status,airplane_mode_on|bad_network_preference|data_mode_off|unseat_sim_card|user_abroad_roaming_enabled_off,reseat_sim_card|set_network_mode_preference|toggle_airplane_mode|toggle_data|toggle_roaming,subset_mismatch_base_plus_linear|local_clear_failure_floor_10|local_clear_and_aux_failure_floor_12,matched_terminal_action,subset_mismatch_with_missing_oracle_repair_tools,2.0,0.8243250000000018,False,True,ffdff on fdddd -> ffddd on fdddd
49,4,16,target_post_switch,repair_all,repair_all,repairable,[mms_issue]airplane_mode_on|bad_network_preference|bad_wifi_calling|break_apn_mms_setting|break_app_sms_permission|data_mode_off|unseat_sim_card|user_abroad_roaming_enabled_off[PERSONA:None],airplane_mode_on|unseat_sim_card|data_mode_off|user_abroad_roaming_enabled_off|bad_network_preference|bad_wifi_calling|break_apn_mms_setting|break_app_sms_permission,,toggle_airplane_mode|reseat_sim_card|toggle_data|toggle_roaming|set_network_mode_preference|toggle_wifi_calling|reset_apn_settings|reboot_device|grant_app_permission,can_send_mms_true,can_send_mms,repair_subset,14.0,19.73834,5.67144,3.0,mostly_fast_vs_mostly_deep_required,fdffd on fdddd,fdffd,fdddd,False,False,False,True,0.0012366117835315026,"{""stage1"": 0.15667249629452867, ""stage2"": 0.13695490599678414, ""stage3"": 0.922110581767042, ""stage4"": 0.25, ""stage5"": 0.25}",barrier_stage1_gate > general_stage2_roaming > trap_stage3_network > trap_stage4_execute > target_stage5_verify,stage1_n5__from__root__c05 > stage2_n4__from__n0005__c02 > stage3_n4__from__n0021__c02 > stage4_n4__from__n0069__c03 > stage5_n1__from__n0200__c01,stage4_n4__from__n0069__c03 > stage5_n1__from__n0200__c01,toggle_airplane_mode|reseat_sim_card|toggle_data|toggle_roaming|set_network_mode_preference|toggle_wifi_calling|reset_apn_settings|grant_app_permission,check_network_status|check_sim_status|check_network_mode_preference|check_wifi_calling_status|check_app_permissions|can_send_mms|check_apn_settings|can_send_mms|get_details_by_id|get_details_by_id,break_apn_mms_setting,reboot_device,subset_mismatch_base_plus_linear|local_clear_failure_floor_10|local_clear_and_aux_failure_floor_12|fast_path_on_deep_required_clear_failure_floor_14,repair_all_to_repair_subset,subset_mismatch_with_missing_oracle_repair_tools,repair_all,0.0,4.720985,4.657785,3.0,mostly_fast_vs_mostly_deep_required,fffdd on fdddd,fffdd,fdddd,True,True,True,True,0.0038021509933552993,"{""stage1"": 0.21798985843440752, ""stage2"": 0.626666256724185, ""stage3"": 0.1714081982545606, ""stage4"": 0.32475449116940225, ""stage5"": 0.5}",trap_stage1_intake > general_stage2_core > trap_stage3_network > general_stage4_repair > target_stage5_verify,stage1_n4__from__root__c04 > stage2_n2__from__n0004__c02 > stage3_n4__from__n0016__c03 > stage4_n2__from__n0054__c01 > stage5_n1__from__n0148__c01,stage4_n2__from__n0054__c01 > stage5_n1__from__n0148__c01,toggle_airplane_mode|reseat_sim_card|toggle_data|toggle_roaming|set_network_mode_preference|toggle_wifi_calling|reset_apn_settings|reboot_device|grant_app_permission,check_network_status|check_sim_status|check_network_mode_preference|check_apn_settings|check_wifi_calling_status|check_app_permissions|can_send_mms|get_details_by_id|get_details_by_id,,,,matched_terminal_action,no_terminal_failure_or_low_penalty,-14.0,-15.017355000000002,True,False,fdffd on fdddd -> fffdd on fdddd
50,5,32,target_post_switch,repair_all,repair_all,repairable,[mms_issue]bad_wifi_calling|break_apn_mms_setting|break_app_storage_permission|unseat_sim_card[PERSONA:Easy],unseat_sim_card|bad_wifi_calling|break_apn_mms_setting|break_app_storage_permission,,reseat_sim_card|toggle_wifi_calling|reset_apn_settings|reboot_device|grant_app_permission,can_send_mms_true,can_send_mms,repair_all,0.0,4.463875000000001,4.403775,4.5,mostly_fast_vs_mostly_deep_required,fffdf on fdddd,fffdf,fdddd,True,True,True,True,0.0071019103701853836,"{""stage1"": 0.596422656015782, ""stage2"": 0.19380162695673384, ""stage3"": 0.7373011002450829, ""stage4"": 0.25, ""stage5"": 0.3333333333333333}",trap_stage1_intake > trap_stage2_router > trap_stage3_network > barrier_stage4_gate > trap_stage5_terminal,stage1_n4__from__root__c04 > stage2_n3__from__n0004__c03 > stage3_n4__from__n0017__c02 > stage4_n5__from__n0057__c04 > stage5_n4__from__n0161__c02,stage4_n5__from__n0057__c04 > stage5_n4__from__n0161__c02,reseat_sim_card|toggle_wifi_calling|reset_apn_settings|reboot_device|grant_app_permission,check_sim_status|check_apn_settings|check_wifi_calling_status|check_app_permissions|can_send_mms,,,,matched_terminal_action,no_terminal_failure_or_low_penalty,repair_all,0.0,3.10432,3.02982,1.5,mostly_deep_vs_mostly_deep_required,ffddd on fdddd,ffddd,fdddd,True,True,True,True,0.019874511938154062,"{""stage1"": 0.18963958490204208, ""stage2"": 0.5594154961062947, ""stage3"": 0.37468212931649314, ""stage4"": 1.0, ""stage5"": 0.5}",trap_stage1_intake > general_stage2_core > target_stage3_roaming > target_stage4_repair > target_stage5_verify,stage1_n4__from__root__c04 > stage2_n2__from__n0004__c02 > stage3_n2__from__n0016__c01 > stage4_n1__from__n0052__c01 > stage5_n1__from__n0145__c01,stage4_n1__from__n0052__c01 > stage5_n1__from__n0145__c01,reseat_sim_card|toggle_wifi_calling|reset_apn_settings|reboot_device|grant_app_permission,check_sim_status|check_apn_settings|check_wifi_calling_status|check_app_permissions|can_send_mms,,,,matched_terminal_action,no_terminal_failure_or_low_penalty,0.0,-1.3595550000000007,False,False,fffdf on fdddd -> ffddd on fdddd
51,5,33,target_post_switch,repair_all,repair_all,repairable,[mms_issue]bad_wifi_calling|break_apn_mms_setting|break_app_sms_permission|unseat_sim_card[PERSONA:None],unseat_sim_card|bad_wifi_calling|break_apn_mms_setting|break_app_sms_permission,,reseat_sim_card|toggle_wifi_calling|reset_apn_settings|reboot_device|grant_app_permission,can_send_mms_true,can_send_mms,repair_all,0.0,3.15353,3.07923,0.0,mostly_deep_vs_mostly_deep_required,fdddd on fdddd,fdddd,fdddd,True,True,True,True,0.04823163488421194,"{""stage1"": 0.5817899658840688, ""stage2"": 0.32948339704959423, ""stage3"": 0.430470044445761, ""stage4"": 1.0, ""stage5"": 0.5845064209615197}",trap_stage1_intake > target_stage2_router > target_stage3_roaming > target_stage4_repair > target_stage5_decision,stage1_n4__from__root__c04 > stage2_n1__from__n0004__c01 > stage3_n2__from__n0015__c02 > stage4_n1__from__n0051__c01 > stage5_n2__from__n0144__c02,stage4_n1__from__n0051__c01 > stage5_n2__from__n0144__c02,reseat_sim_card|toggle_wifi_calling|reset_apn_settings|reboot_device|grant_app_permission,check_sim_status|check_apn_settings|check_wifi_calling_status|check_app_permissions|can_send_mms,,,,matched_terminal_action,no_terminal_failure_or_low_penalty,repair_all,0.0,4.401625,4.340725,3.0,mostly_fast_vs_mostly_deep_required,ffddf on fdddd,ffddf,fdddd,True,True,True,True,0.003508130809608548,"{""stage1"": 0.17002638503319417, ""stage2"": 0.45373390617831716, ""stage3"": 0.5507234812360129, ""stage4"": 0.6330281783341273, ""stage5"": 0.1304372359104297}",general_stage1_intake > trap_stage2_router > general_stage3_network > general_stage4_verify > trap_stage5_terminal,stage1_n1__from__root__c01 > stage2_n3__from__n0001__c03 > stage3_n3__from__n0008__c01 > stage4_n3__from__n0029__c02 > stage5_n4__from__n0088__c04,stage4_n3__from__n0029__c02 > stage5_n4__from__n0088__c04,reseat_sim_card|toggle_wifi_calling|reset_apn_settings|reboot_device|grant_app_permission,check_sim_status|check_apn_settings|check_wifi_calling_status|check_app_permissions|can_send_mms,,,,matched_terminal_action,no_terminal_failure_or_low_penalty,0.0,1.2480950000000002,False,False,fdddd on fdddd -> ffddf on fdddd
52,5,34,target_post_switch,repair_all,repair_all,repairable,[mms_issue]bad_wifi_calling|break_apn_mms_setting|break_app_sms_permission|user_abroad_roaming_enabled_off[PERSONA:Easy],user_abroad_roaming_enabled_off|bad_wifi_calling|break_apn_mms_setting|break_app_sms_permission,,toggle_roaming|toggle_wifi_calling|reset_apn_settings|reboot_device|grant_app_permission,can_send_mms_true,can_send_mms,repair_all,0.0,3.53864,3.46794,0.0,mostly_deep_vs_mostly_deep_required,fdddd on fdddd,fdddd,fdddd,True,True,True,True,0.008649421615913106,"{""stage1"": 0.5711004220700097, ""stage2"": 0.1105832762063322, ""stage3"": 0.8217437017036852, ""stage4"": 0.6666666666666666, ""stage5"": 0.25}",trap_stage1_intake > barrier_stage2_gate > general_stage3_network > general_stage4_verify > target_stage5_verify,stage1_n4__from__root__c04 > stage2_n5__from__n0004__c05 > stage3_n3__from__n0019__c01 > stage4_n3__from__n0062__c02 > stage5_n1__from__n0177__c01,stage4_n3__from__n0062__c02 > stage5_n1__from__n0177__c01,toggle_roaming|toggle_wifi_calling|reset_apn_settings|reboot_device|grant_app_permission,check_network_status|check_apn_settings|check_wifi_calling_status|check_app_permissions|can_send_mms|check_network_status|check_apn_settings|check_wifi_calling_status|check_app_permissions|can_send_mms|get_details_by_id|get_details_by_id,,,,matched_terminal_action,no_terminal_failure_or_low_penalty,repair_all,0.0,3.9956950000000004,3.921095,1.5,mostly_deep_vs_mostly_deep_required,fdfdd on fdddd,fdfdd,fdddd,True,True,True,False,0.0048873387323445875,"{""stage1"": 0.2249060325208878, ""stage2"": 0.24964262622269112, ""stage3"": 0.842638387495396, ""stage4"": 0.30990787186206736, ""stage5"": 0.3333333333333333}",barrier_stage1_gate > general_stage2_roaming > trap_stage3_network > barrier_stage4_gate > barrier_stage5_transfer,stage1_n5__from__root__c05 > stage2_n4__from__n0005__c02 > stage3_n4__from__n0021__c02 > stage4_n5__from__n0069__c04 > stage5_n5__from__n0201__c03,stage4_n5__from__n0069__c04 > stage5_n5__from__n0201__c03,toggle_roaming|toggle_wifi_calling|reset_apn_settings|reboot_device|grant_app_permission,check_network_status|check_apn_settings|check_wifi_calling_status|check_app_permissions|can_send_mms|check_network_status|check_apn_settings|check_wifi_calling_status|check_app_permissions|can_send_mms|get_details_by_id|get_details_by_id,,,,matched_terminal_action,no_terminal_failure_or_low_penalty,0.0,0.45705500000000043,False,False,fdddd on fdddd -> fdfdd on fdddd
53,5,35,target_post_switch,repair_all,repair_all,repairable,[mms_issue]airplane_mode_on|bad_wifi_calling|break_apn_mms_setting|break_app_storage_permission|user_abroad_roaming_enabled_off[PERSONA:None],airplane_mode_on|user_abroad_roaming_enabled_off|bad_wifi_calling|break_apn_mms_setting|break_app_storage_permission,,toggle_airplane_mode|toggle_roaming|toggle_wifi_calling|reset_apn_settings|reboot_device|grant_app_permission,can_send_mms_true,can_send_mms,repair_subset,14.0,18.51849,4.45359,3.0,mostly_fast_vs_mostly_deep_required,fffdd on fdddd,fffdd,fdddd,False,True,False,True,0.003166710900679345,"{""stage1"": 0.20943337517744834, ""stage2"": 0.45398548099694996, ""stage3"": 0.4012105912308484, ""stage4"": 0.33205357754308384, ""stage5"": 0.25}",general_stage1_intake > trap_stage2_router > trap_stage3_network > general_stage4_verify > target_stage5_decision,stage1_n1__from__root__c01 > stage2_n3__from__n0001__c03 > stage3_n4__from__n0008__c02 > stage4_n3__from__n0030__c02 > stage5_n2__from__n0090__c02,stage4_n3__from__n0030__c02 > stage5_n2__from__n0090__c02,toggle_wifi_calling|reset_apn_settings|reboot_device|grant_app_permission,check_apn_settings|check_wifi_calling_status|check_app_permissions|can_send_mms|check_network_status|check_network_mode_preference|check_sim_status,airplane_mode_on|user_abroad_roaming_enabled_off,toggle_airplane_mode|toggle_roaming,subset_mismatch_base_plus_linear|local_clear_failure_floor_10|fast_path_on_deep_required_clear_failure_floor_14,repair_all_to_repair_subset,subset_mismatch_with_missing_oracle_repair_tools,repair_all,0.0,4.74304,4.66934,0.5,mostly_deep_vs_mostly_deep_required,ddddd on fdddd,ddddd,fdddd,True,True,True,True,0.001282207796601412,"{""stage1"": 0.08382352338323586, ""stage2"": 0.30728603536517224, ""stage3"": 0.3665196015099419, ""stage4"": 1.0, ""stage5"": 0.13581648037332197}",general_stage1_verify > target_stage2_router > target_stage3_roaming > target_stage4_repair > target_stage5_verify,stage1_n2__from__root__c02 > stage2_n1__from__n0002__c01 > stage3_n2__from__n0009__c02 > stage4_n1__from__n0033__c01 > stage5_n1__from__n0098__c01,stage4_n1__from__n0033__c01 > stage5_n1__from__n0098__c01,toggle_airplane_mode|toggle_roaming|toggle_wifi_calling|reset_apn_settings|reboot_device|grant_app_permission,check_network_status|check_apn_settings|check_wifi_calling_status|check_app_permissions|can_send_mms|check_network_status|check_apn_settings|check_wifi_calling_status|check_app_permissions|can_send_mms|get_details_by_id|get_details_by_id,,,,matched_terminal_action,no_terminal_failure_or_low_penalty,-14.0,-13.77545,True,False,fffdd on fdddd -> ddddd on fdddd
54,5,36,target_post_switch,repair_all,repair_all,repairable,[mms_issue]bad_wifi_calling|break_apn_mms_setting|break_app_storage_permission|data_mode_off|unseat_sim_card[PERSONA:None],unseat_sim_card|data_mode_off|bad_wifi_calling|break_apn_mms_setting|break_app_storage_permission,,reseat_sim_card|toggle_data|toggle_wifi_calling|reset_apn_settings|reboot_device|grant_app_permission,can_send_mms_true,can_send_mms,repair_all,0.0,3.69566,3.62026,0.0,mostly_deep_vs_mostly_deep_required,fdddd on fdddd,fdddd,fdddd,True,True,True,True,0.03640657154316932,"{""stage1"": 0.6256865639810907, ""stage2"": 0.2, ""stage3"": 0.5818659635508744, ""stage4"": 1.0, ""stage5"": 0.5}",trap_stage1_intake > target_stage2_router > target_stage3_apn > target_stage4_repair > target_stage5_decision,stage1_n4__from__root__c04 > stage2_n1__from__n0004__c01 > stage3_n1__from__n0015__c01 > stage4_n1__from__n0050__c01 > stage5_n2__from__n0143__c02,stage4_n1__from__n0050__c01 > stage5_n2__from__n0143__c02,reseat_sim_card|toggle_data|toggle_wifi_calling|reset_apn_settings|reboot_device|grant_app_permission,check_network_status|check_sim_status|check_apn_settings|check_wifi_calling_status|check_app_permissions|can_send_mms|check_network_status|check_sim_status|check_apn_settings|check_wifi_calling_status|check_app_permissions|can_send_mms,,,,matched_terminal_action,no_terminal_failure_or_low_penalty,repair_all,0.0,4.41018,4.34368,3.5,mostly_deep_vs_mostly_deep_required,dffdd on fdddd,dffdd,fdddd,True,True,True,True,0.005310706695187964,"{""stage1"": 0.3994092082993219, ""stage2"": 0.21843556449318716, ""stage3"": 0.4869685129708779, ""stage4"": 0.25, ""stage5"": 0.5}",target_stage1_handoff > general_stage2_core > trap_stage3_network > general_stage4_repair > target_stage5_verify,stage1_n3__from__root__c03 > stage2_n2__from__n0003__c02 > stage3_n4__from__n0013__c03 > stage4_n2__from__n0045__c01 > stage5_n1__from__n0125__c01,stage4_n2__from__n0045__c01 > stage5_n1__from__n0125__c01,reseat_sim_card|toggle_data|toggle_wifi_calling|reset_apn_settings|reboot_device|grant_app_permission,check_network_status|check_sim_status|check_apn_settings|check_wifi_calling_status|check_app_permissions|can_send_mms,,,,matched_terminal_action,no_terminal_failure_or_low_penalty,0.0,0.7145200000000003,False,False,fdddd on fdddd -> dffdd on fdddd
55,5,2,target_post_switch,repair_all,repair_all,repairable,[mms_issue]airplane_mode_on|bad_network_preference|bad_wifi_calling|break_apn_mms_setting|break_app_storage_permission|unseat_sim_card[PERSONA:Easy],airplane_mode_on|unseat_sim_card|bad_network_preference|bad_wifi_calling|break_apn_mms_setting|break_app_storage_permission,,toggle_airplane_mode|reseat_sim_card|set_network_mode_preference|toggle_wifi_calling|reset_apn_settings|reboot_device|grant_app_permission,can_send_mms_true,can_send_mms,repair_subset,10.0,13.84921,3.77471,1.5,mostly_deep_vs_mostly_deep_required,ffddd on fdddd,ffddd,fdddd,False,True,False,True,0.016822369614288867,"{""stage1"": 0.6144473475833424, ""stage2"": 0.110989150802682, ""stage3"": 0.45903242002299327, ""stage4"": 1.0, ""stage5"": 0.5373764240857086}",trap_stage1_intake > general_stage2_core > target_stage3_roaming > target_stage4_repair > target_stage5_verify,stage1_n4__from__root__c04 > stage2_n2__from__n0004__c02 > stage3_n2__from__n0016__c01 > stage4_n1__from__n0052__c01 > stage5_n1__from__n0145__c01,stage4_n1__from__n0052__c01 > stage5_n1__from__n0145__c01,set_network_mode_preference|toggle_wifi_calling|reset_apn_settings|reboot_device|grant_app_permission,check_network_mode_preference|check_apn_settings|check_wifi_calling_status|check_app_permissions|can_send_mms,airplane_mode_on|unseat_sim_card,reseat_sim_card|toggle_airplane_mode,subset_mismatch_base_plus_linear|local_clear_failure_floor_10,repair_all_to_repair_subset,subset_mismatch_with_missing_oracle_repair_tools,repair_all,0.0,3.74296,3.67706,1.5,mostly_deep_vs_mostly_deep_required,ffddd on fdddd,ffddd,fdddd,True,True,True,True,0.004468838266562325,"{""stage1"": 0.19358441441774185, ""stage2"": 0.5006064156756335, ""stage3"": 0.2566134091105876, ""stage4"": 0.71880068448028, ""stage5"": 0.25}",trap_stage1_intake > general_stage2_core > general_stage3_network > general_stage4_verify > target_stage5_decision,stage1_n4__from__root__c04 > stage2_n2__from__n0004__c02 > stage3_n3__from__n0016__c02 > stage4_n3__from__n0053__c02 > stage5_n2__from__n0147__c02,stage4_n3__from__n0053__c02 > stage5_n2__from__n0147__c02,toggle_airplane_mode|reseat_sim_card|set_network_mode_preference|toggle_wifi_calling|reset_apn_settings|reboot_device|grant_app_permission,check_network_status|check_sim_status|check_network_mode_preference|check_apn_settings|check_wifi_calling_status|check_app_permissions|can_send_mms|can_send_mms|check_network_status,,,,matched_terminal_action,no_terminal_failure_or_low_penalty,-10.0,-10.10625,True,False,ffddd on fdddd -> ffddd on fdddd
56,5,9,target_post_switch,repair_subset,repair_subset,partially_repairable,[mms_issue]airplane_mode_on|bad_network_preference|bad_wifi_calling|break_apn_mms_setting|break_app_both_permissions|data_mode_off|data_usage_exceeded|unseat_sim_card|user_abroad_roaming_disabled_on[PERSONA:Hard],airplane_mode_on|unseat_sim_card|data_mode_off|bad_network_preference|bad_wifi_calling|break_apn_mms_setting|break_app_both_permissions,user_abroad_roaming_disabled_on|data_usage_exceeded,toggle_airplane_mode|reseat_sim_card|toggle_data|set_network_mode_preference|toggle_wifi_calling|reset_apn_settings|reboot_device|grant_app_permission|grant_app_permission,partial_resolution_only,,repair_subset,6.0,11.09548,5.03028,1.5,mostly_deep_vs_mostly_deep_required,fdddf on fdddd,fdddf,fdddd,True,False,False,True,0.006408807572880788,"{""stage1"": 0.5705225161200417, ""stage2"": 0.08621291924921749, ""stage3"": 0.7265973977330495, ""stage4"": 0.6413521351981964, ""stage5"": 0.2796029241338466}",trap_stage1_intake > barrier_stage2_gate > general_stage3_network > general_stage4_verify > trap_stage5_terminal,stage1_n4__from__root__c04 > stage2_n5__from__n0004__c05 > stage3_n3__from__n0019__c01 > stage4_n3__from__n0062__c02 > stage5_n4__from__n0177__c04,stage4_n3__from__n0062__c02 > stage5_n4__from__n0177__c04,toggle_airplane_mode|reseat_sim_card|toggle_data|set_network_mode_preference|toggle_wifi_calling|reset_apn_settings|reboot_device|grant_app_permission|grant_app_permission,check_network_status|check_sim_status|check_network_mode_preference|check_apn_settings|check_wifi_calling_status|check_app_permissions|can_send_mms,,,clear_but_aux_failure_floor_6,matched_terminal_action,policy_action_violation,transfer,23.5,28.847834999999996,5.281635,3.5,mostly_deep_vs_mostly_deep_required,dfddf on fdddd,dfddf,fdddd,False,False,False,True,0.011761231179579458,"{""stage1"": 0.389109935547094, ""stage2"": 0.6641802614706576, ""stage3"": 0.7281393205231537, ""stage4"": 0.25, ""stage5"": 0.25}",target_stage1_handoff > trap_stage2_router > barrier_stage3_gate > general_stage4_verify > trap_stage5_terminal,stage1_n3__from__root__c03 > stage2_n3__from__n0003__c03 > stage3_n5__from__n0014__c03 > stage4_n3__from__n0049__c02 > stage5_n4__from__n0140__c04,stage4_n3__from__n0049__c02 > stage5_n4__from__n0140__c04,,can_send_mms|check_network_status|check_apn_settings|check_sim_status,airplane_mode_on|bad_network_preference|bad_wifi_calling|break_apn_mms_setting|break_app_both_permissions|data_mode_off|unseat_sim_card,grant_app_permission|reboot_device|reseat_sim_card|reset_apn_settings|set_network_mode_preference|toggle_airplane_mode|toggle_data|toggle_wifi_calling,subset_mismatch_base_plus_linear|local_clear_failure_floor_10|local_clear_and_aux_failure_floor_12|invalid_local_transfer_floor_18,local_to_transfer,over_transfer_on_local_oracle,17.5,17.752354999999994,False,True,fdddf on fdddd -> dfddf on fdddd
57,5,10,target_post_switch,repair_subset,repair_subset,partially_repairable,[mms_issue]airplane_mode_on|bad_network_preference|bad_wifi_calling|break_apn_mms_setting|break_app_sms_permission|data_mode_off|data_usage_exceeded|unseat_sim_card|user_abroad_roaming_disabled_on[PERSONA:None],airplane_mode_on|unseat_sim_card|data_mode_off|bad_network_preference|bad_wifi_calling|break_apn_mms_setting|break_app_sms_permission,user_abroad_roaming_disabled_on|data_usage_exceeded,toggle_airplane_mode|reseat_sim_card|toggle_data|set_network_mode_preference|toggle_wifi_calling|reset_apn_settings|reboot_device|grant_app_permission,partial_resolution_only,,transfer,22.5,26.669510000000002,4.09521,0.0,mostly_deep_vs_mostly_deep_required,fdddd on fdddd,fdddd,fdddd,False,False,False,True,0.040703697951367614,"{""stage1"": 0.5316804599737549, ""stage2"": 0.31313062141845377, ""stage3"": 0.4342723480682038, ""stage4"": 1.0, ""stage5"": 0.5629832197179128}",trap_stage1_intake > target_stage2_router > target_stage3_roaming > target_stage4_repair > target_stage5_decision,stage1_n4__from__root__c04 > stage2_n1__from__n0004__c01 > stage3_n2__from__n0015__c02 > stage4_n1__from__n0051__c01 > stage5_n2__from__n0144__c02,stage4_n1__from__n0051__c01 > stage5_n2__from__n0144__c02,,can_send_mms|check_network_status|check_apn_settings|check_sim_status|check_app_permissions|check_network_mode_preference|check_wifi_calling_status|run_speed_test,airplane_mode_on|bad_network_preference|bad_wifi_calling|break_apn_mms_setting|break_app_sms_permission|data_mode_off|unseat_sim_card,grant_app_permission|reboot_device|reseat_sim_card|reset_apn_settings|set_network_mode_preference|toggle_airplane_mode|toggle_data|toggle_wifi_calling,subset_mismatch_base_plus_linear|local_clear_failure_floor_10|local_clear_and_aux_failure_floor_12|invalid_local_transfer_floor_18,local_to_transfer,over_transfer_on_local_oracle,transfer,22.5,26.66602,4.09122,0.0,mostly_deep_vs_mostly_deep_required,fdddd on fdddd,fdddd,fdddd,False,False,False,True,0.02284180134005703,"{""stage1"": 0.2065785112132114, ""stage2"": 0.47174033286782313, ""stage3"": 0.525069219833033, ""stage4"": 1.0, ""stage5"": 0.44640149206687774}",trap_stage1_intake > target_stage2_router > target_stage3_apn > target_stage4_repair > target_stage5_verify,stage1_n4__from__root__c04 > stage2_n1__from__n0004__c01 > stage3_n1__from__n0015__c01 > stage4_n1__from__n0050__c01 > stage5_n1__from__n0143__c01,stage4_n1__from__n0050__c01 > stage5_n1__from__n0143__c01,,can_send_mms|check_network_status|check_apn_settings|check_sim_status|check_wifi_calling_status|check_app_permissions|check_network_mode_preference|run_speed_test,airplane_mode_on|bad_network_preference|bad_wifi_calling|break_apn_mms_setting|break_app_sms_permission|data_mode_off|unseat_sim_card,grant_app_permission|reboot_device|reseat_sim_card|reset_apn_settings|set_network_mode_preference|toggle_airplane_mode|toggle_data|toggle_wifi_calling,subset_mismatch_base_plus_linear|local_clear_failure_floor_10|local_clear_and_aux_failure_floor_12|invalid_local_transfer_floor_18,local_to_transfer,over_transfer_on_local_oracle,0.0,-0.0034900000000028797,False,False,fdddd on fdddd -> fdddd on fdddd
58,5,13,target_post_switch,repair_subset,repair_subset,partially_repairable,[mms_issue]airplane_mode_on|bad_network_preference|bad_wifi_calling|break_apn_mms_setting|break_app_both_permissions|data_mode_off|data_usage_exceeded|unseat_sim_card|user_abroad_roaming_enabled_off[PERSONA:Hard],airplane_mode_on|unseat_sim_card|data_mode_off|user_abroad_roaming_enabled_off|bad_network_preference|bad_wifi_calling|break_apn_mms_setting|break_app_both_permissions,data_usage_exceeded,toggle_airplane_mode|reseat_sim_card|toggle_data|toggle_roaming|set_network_mode_preference|toggle_wifi_calling|reset_apn_settings|reboot_device|grant_app_permission|grant_app_permission,partial_resolution_only,,repair_subset,6.0,10.377265,4.302465,1.5,mostly_deep_vs_mostly_deep_required,fdfdd on fdddd,fdfdd,fdddd,True,False,False,True,0.004419115741031827,"{""stage1"": 0.117110334496364, ""stage2"": 0.4802472687229748, ""stage3"": 0.47438201841266353, ""stage4"": 0.3312661255881062, ""stage5"": 0.5}",barrier_stage1_gate > barrier_stage2_gate > trap_stage3_network > general_stage4_repair > target_stage5_decision,stage1_n5__from__root__c05 > stage2_n5__from__n0005__c03 > stage3_n4__from__n0022__c02 > stage4_n2__from__n0072__c01 > stage5_n2__from__n0208__c02,stage4_n2__from__n0072__c01 > stage5_n2__from__n0208__c02,toggle_airplane_mode|reseat_sim_card|toggle_data|toggle_roaming|set_network_mode_preference|toggle_wifi_calling|reset_apn_settings|reboot_device|grant_app_permission|grant_app_permission,check_network_status|check_sim_status|check_network_mode_preference|check_apn_settings|check_wifi_calling_status|check_app_permissions|can_send_mms|get_details_by_id|get_details_by_id,,,clear_but_aux_failure_floor_6,matched_terminal_action,policy_action_violation,repair_subset,19.0,24.550145,5.485845,3.5,mostly_deep_vs_mostly_deep_required,dffdd on fdddd,dffdd,fdddd,False,False,False,True,0.005237027651023833,"{""stage1"": 0.29927289260073103, ""stage2"": 0.44530393872364343, ""stage3"": 0.47308935213643927, ""stage4"": 0.33225977529384204, ""stage5"": 0.25}",target_stage1_handoff > trap_stage2_router > trap_stage3_network > general_stage4_verify > target_stage5_decision,stage1_n3__from__root__c03 > stage2_n3__from__n0003__c03 > stage3_n4__from__n0014__c02 > stage4_n3__from__n0048__c02 > stage5_n2__from__n0136__c02,stage4_n3__from__n0048__c02 > stage5_n2__from__n0136__c02,toggle_airplane_mode|reseat_sim_card|toggle_data|toggle_roaming|set_network_mode_preference|toggle_wifi_calling|reset_apn_settings|reboot_device|grant_app_permission|grant_app_permission,check_network_status|check_sim_status|check_network_mode_preference|check_apn_settings|check_wifi_calling_status|check_app_permissions|can_send_mms|get_details_by_id|get_details_by_id,,,subset_mismatch_base_plus_linear|local_clear_failure_floor_10|local_clear_and_aux_failure_floor_12,matched_terminal_action,subset_mismatch_terminal_decision,13.0,14.172880000000001,False,True,fdfdd on fdddd -> dffdd on fdddd
59,5,16,target_post_switch,repair_all,repair_all,repairable,[mms_issue]airplane_mode_on|bad_network_preference|bad_wifi_calling|break_apn_mms_setting|break_app_sms_permission|data_mode_off|unseat_sim_card|user_abroad_roaming_enabled_off[PERSONA:None],airplane_mode_on|unseat_sim_card|data_mode_off|user_abroad_roaming_enabled_off|bad_network_preference|bad_wifi_calling|break_apn_mms_setting|break_app_sms_permission,,toggle_airplane_mode|reseat_sim_card|toggle_data|toggle_roaming|set_network_mode_preference|toggle_wifi_calling|reset_apn_settings|reboot_device|grant_app_permission,can_send_mms_true,can_send_mms,repair_subset,21.0,25.07823,4.02223,4.5,mostly_fast_vs_mostly_deep_required,ffffd on fdddd,ffffd,fdddd,False,False,False,True,0.004661356513608934,"{""stage1"": 0.45831098771072204, ""stage2"": 0.2, ""stage3"": 0.6476888594753785, ""stage4"": 0.3140621645437552, ""stage5"": 0.25}",trap_stage1_intake > trap_stage2_router > trap_stage3_network > trap_stage4_execute > general_stage5_verify,stage1_n4__from__root__c04 > stage2_n3__from__n0004__c03 > stage3_n4__from__n0017__c02 > stage4_n4__from__n0057__c03 > stage5_n3__from__n0160__c02,stage4_n4__from__n0057__c03 > stage5_n3__from__n0160__c02,toggle_airplane_mode,check_network_status|can_send_mms,bad_network_preference|bad_wifi_calling|break_apn_mms_setting|break_app_sms_permission|data_mode_off|unseat_sim_card|user_abroad_roaming_enabled_off,grant_app_permission|reboot_device|reseat_sim_card|reset_apn_settings|set_network_mode_preference|toggle_data|toggle_roaming|toggle_wifi_calling,subset_mismatch_base_plus_linear|local_clear_failure_floor_10|local_clear_and_aux_failure_floor_12|fast_path_on_deep_required_clear_failure_floor_14,repair_all_to_repair_subset,subset_mismatch_with_missing_oracle_repair_tools,repair_all,0.0,4.8399,4.7623,0.5,mostly_deep_vs_mostly_deep_required,ddddd on fdddd,ddddd,fdddd,True,True,True,True,0.002893403418920675,"{""stage1"": 0.09548367674709803, ""stage2"": 0.09110334539437233, ""stage3"": 0.6652356686270704, ""stage4"": 1.0, ""stage5"": 0.5}",general_stage1_verify > target_stage2_router > target_stage3_apn > target_stage4_repair > target_stage5_verify,stage1_n2__from__root__c02 > stage2_n1__from__n0002__c01 > stage3_n1__from__n0009__c01 > stage4_n1__from__n0032__c01 > stage5_n1__from__n0097__c01,stage4_n1__from__n0032__c01 > stage5_n1__from__n0097__c01,toggle_airplane_mode|reseat_sim_card|toggle_data|toggle_roaming|set_network_mode_preference|toggle_wifi_calling|reset_apn_settings|reboot_device|grant_app_permission,check_network_status|check_sim_status|check_network_mode_preference|check_apn_settings|check_wifi_calling_status|check_app_permissions|can_send_mms|get_details_by_id|get_details_by_id,,,,matched_terminal_action,no_terminal_failure_or_low_penalty,-21.0,-20.23833,True,False,ffffd on fdddd -> ddddd on fdddd
60,6,32,target_post_switch,repair_all,repair_all,repairable,[mms_issue]bad_wifi_calling|break_apn_mms_setting|break_app_storage_permission|unseat_sim_card[PERSONA:Easy],unseat_sim_card|bad_wifi_calling|break_apn_mms_setting|break_app_storage_permission,,reseat_sim_card|toggle_wifi_calling|reset_apn_settings|reboot_device|grant_app_permission,can_send_mms_true,can_send_mms,repair_all,0.0,4.3570199999999994,4.28452,3.5,mostly_deep_vs_mostly_deep_required,dffdd on fdddd,dffdd,fdddd,True,True,True,False,0.0033518250530118394,"{""stage1"": 0.24932799526663138, ""stage2"": 0.20304720815832375, ""stage3"": 0.7945011337384842, ""stage4"": 0.25, ""stage5"": 0.3333333333333333}",target_stage1_handoff > general_stage2_core > trap_stage3_network > barrier_stage4_gate > barrier_stage5_transfer,stage1_n3__from__root__c03 > stage2_n2__from__n0003__c02 > stage3_n4__from__n0013__c03 > stage4_n5__from__n0045__c04 > stage5_n5__from__n0128__c03,stage4_n5__from__n0045__c04 > stage5_n5__from__n0128__c03,reseat_sim_card|toggle_wifi_calling|reset_apn_settings|reboot_device|grant_app_permission,check_sim_status|check_apn_settings|check_wifi_calling_status|check_app_permissions|can_send_mms,,,,matched_terminal_action,no_terminal_failure_or_low_penalty,repair_all,0.0,4.11424,4.04294,1.5,mostly_deep_vs_mostly_deep_required,fdfdd on fdddd,fdfdd,fdddd,True,True,True,True,0.009198313005472358,"{""stage1"": 0.37338451850410936, ""stage2"": 0.1577101126951283, ""stage3"": 0.7302306758790702, ""stage4"": 0.4278211565663822, ""stage5"": 0.5}",barrier_stage1_gate > general_stage2_roaming > trap_stage3_network > general_stage4_repair > target_stage5_verify,stage1_n5__from__root__c05 > stage2_n4__from__n0005__c02 > stage3_n4__from__n0021__c02 > stage4_n2__from__n0069__c01 > stage5_n1__from__n0198__c01,stage4_n2__from__n0069__c01 > stage5_n1__from__n0198__c01,reseat_sim_card|toggle_wifi_calling|reset_apn_settings|reboot_device|grant_app_permission,check_sim_status|check_apn_settings|check_wifi_calling_status|check_app_permissions|can_send_mms,,,,matched_terminal_action,no_terminal_failure_or_low_penalty,0.0,-0.24277999999999977,False,False,dffdd on fdddd -> fdfdd on fdddd
61,6,33,target_post_switch,repair_all,repair_all,repairable,[mms_issue]bad_wifi_calling|break_apn_mms_setting|break_app_sms_permission|unseat_sim_card[PERSONA:None],unseat_sim_card|bad_wifi_calling|break_apn_mms_setting|break_app_sms_permission,,reseat_sim_card|toggle_wifi_calling|reset_apn_settings|reboot_device|grant_app_permission,can_send_mms_true,can_send_mms,repair_all,0.0,3.57565,3.50805,0.0,mostly_deep_vs_mostly_deep_required,fdddd on fdddd,fdddd,fdddd,True,True,True,True,0.026290630421458787,"{""stage1"": 0.36421039696352603, ""stage2"": 0.747137136551942, ""stage3"": 0.5796950442686755, ""stage4"": 0.3333333333333333, ""stage5"": 0.5}",trap_stage1_intake > general_stage2_roaming > general_stage3_network > general_stage4_repair > target_stage5_decision,stage1_n4__from__root__c04 > stage2_n4__from__n0004__c04 > stage3_n3__from__n0018__c01 > stage4_n2__from__n0059__c01 > stage5_n2__from__n0166__c02,stage4_n2__from__n0059__c01 > stage5_n2__from__n0166__c02,reseat_sim_card|toggle_wifi_calling|reset_apn_settings|reboot_device|grant_app_permission,check_sim_status|check_apn_settings|check_wifi_calling_status|check_app_permissions|can_send_mms,,,,matched_terminal_action,no_terminal_failure_or_low_penalty,repair_all,0.0,4.68765,4.61985,3.0,mostly_fast_vs_mostly_deep_required,fdffd on fdddd,fdffd,fdddd,True,True,True,False,0.003140137268877194,"{""stage1"": 0.3528057268157067, ""stage2"": 0.09623975378773736, ""stage3"": 0.5555070426751197, ""stage4"": 0.6659305303605705, ""stage5"": 0.25}",barrier_stage1_gate > general_stage2_roaming > trap_stage3_network > trap_stage4_execute > barrier_stage5_transfer,stage1_n5__from__root__c05 > stage2_n4__from__n0005__c02 > stage3_n4__from__n0021__c02 > stage4_n4__from__n0069__c03 > stage5_n5__from__n0200__c04,stage4_n4__from__n0069__c03 > stage5_n5__from__n0200__c04,reseat_sim_card|toggle_wifi_calling|reset_apn_settings|reboot_device|grant_app_permission,check_sim_status|check_apn_settings|check_wifi_calling_status|check_app_permissions|can_send_mms,,,,matched_terminal_action,no_terminal_failure_or_low_penalty,0.0,1.1119999999999997,False,False,fdddd on fdddd -> fdffd on fdddd
62,6,34,target_post_switch,repair_all,repair_all,repairable,[mms_issue]bad_wifi_calling|break_apn_mms_setting|break_app_sms_permission|user_abroad_roaming_enabled_off[PERSONA:Easy],user_abroad_roaming_enabled_off|bad_wifi_calling|break_apn_mms_setting|break_app_sms_permission,,toggle_roaming|toggle_wifi_calling|reset_apn_settings|reboot_device|grant_app_permission,can_send_mms_true,can_send_mms,repair_all,0.0,4.736295,4.672695,3.5,mostly_deep_vs_mostly_deep_required,dffdd on fdddd,dffdd,fdddd,True,True,True,True,0.003907493794339186,"{""stage1"": 0.23024575045039222, ""stage2"": 0.3333333333333333, ""stage3"": 0.6171047637327184, ""stage4"": 0.33001145941423876, ""stage5"": 0.25}",target_stage1_handoff > general_stage2_core > trap_stage3_network > general_stage4_verify > general_stage5_verify,stage1_n3__from__root__c03 > stage2_n2__from__n0003__c02 > stage3_n4__from__n0013__c03 > stage4_n3__from__n0045__c02 > stage5_n3__from__n0126__c03,stage4_n3__from__n0045__c02 > stage5_n3__from__n0126__c03,toggle_roaming|toggle_wifi_calling|reset_apn_settings|reboot_device|grant_app_permission,check_network_status|check_apn_settings|check_wifi_calling_status|check_app_permissions|can_send_mms|get_details_by_id|get_details_by_id,,,,matched_terminal_action,no_terminal_failure_or_low_penalty,repair_all,0.0,10.737150000000002,10.65975,1.5,mostly_deep_vs_mostly_deep_required,ffddd on fdddd,ffddd,fdddd,True,True,True,True,0.010741110760181596,"{""stage1"": 0.2925868842866253, ""stage2"": 0.5501474467995129, ""stage3"": 0.10159629090195432, ""stage4"": 1.0, ""stage5"": 0.65680641527339}",general_stage1_intake > general_stage2_core > target_stage3_roaming > target_stage4_repair > target_stage5_decision,stage1_n1__from__root__c01 > stage2_n2__from__n0001__c02 > stage3_n2__from__n0007__c01 > stage4_n1__from__n0025__c01 > stage5_n2__from__n0076__c02,stage4_n1__from__n0025__c01 > stage5_n2__from__n0076__c02,toggle_roaming|toggle_wifi_calling|reset_apn_settings|reboot_device|grant_app_permission|toggle_roaming|toggle_wifi_calling|reset_apn_settings|reboot_device|grant_app_permission|toggle_roaming|toggle_wifi_calling|reset_apn_settings|reboot_device|grant_app_permission|toggle_roaming|toggle_wifi_calling|reset_apn_settings|reboot_device|grant_app_permission|toggle_roaming|toggle_wifi_calling|reset_apn_settings|reboot_device|grant_app_permission|toggle_roaming|toggle_wifi_calling|reset_apn_settings|reboot_device|grant_app_permission|toggle_roaming|toggle_wifi_calling|reset_apn_settings|reboot_device|grant_app_permission|toggle_roaming|toggle_wifi_calling|reset_apn_settings|reboot_device|grant_app_permission,check_network_status|check_apn_settings|check_wifi_calling_status|check_app_permissions|can_send_mms|check_network_status|check_apn_settings|check_wifi_calling_status|check_app_permissions|can_send_mms|check_network_status|check_apn_settings|check_wifi_calling_status|check_app_permissions|can_send_mms|check_network_status|check_apn_settings|check_wifi_calling_status|check_app_permissions|can_send_mms|check_network_status|check_apn_settings|check_wifi_calling_status|check_app_permissions|can_send_mms|check_network_status|check_apn_settings|check_wifi_calling_status|check_app_permissions|can_send_mms|check_network_status|check_apn_settings|check_wifi_calling_status|check_app_permissions|can_send_mms|get_details_by_id|get_details_by_id,,,,matched_terminal_action,no_terminal_failure_or_low_penalty,0.0,6.000855000000001,False,False,dffdd on fdddd -> ffddd on fdddd
63,6,35,target_post_switch,repair_all,repair_all,repairable,[mms_issue]airplane_mode_on|bad_wifi_calling|break_apn_mms_setting|break_app_storage_permission|user_abroad_roaming_enabled_off[PERSONA:None],airplane_mode_on|user_abroad_roaming_enabled_off|bad_wifi_calling|break_apn_mms_setting|break_app_storage_permission,,toggle_airplane_mode|toggle_roaming|toggle_wifi_calling|reset_apn_settings|reboot_device|grant_app_permission,can_send_mms_true,can_send_mms,repair_all,0.0,5.61638,5.55978,4.5,mostly_fast_vs_mostly_deep_required,fdfff on fdddd,fdfff,fdddd,True,True,True,True,0.008017441244239063,"{""stage1"": 0.3586956290636551, ""stage2"": 0.7265643638266918, ""stage3"": 0.385096643974546, ""stage4"": 0.3195404671801298, ""stage5"": 0.25}",trap_stage1_intake > general_stage2_roaming > trap_stage3_network > trap_stage4_execute > trap_stage5_terminal,stage1_n4__from__root__c04 > stage2_n4__from__n0004__c04 > stage3_n4__from__n0018__c02 > stage4_n4__from__n0060__c03 > stage5_n4__from__n0170__c03,stage4_n4__from__n0060__c03 > stage5_n4__from__n0170__c03,toggle_airplane_mode|toggle_roaming|toggle_wifi_calling|reset_apn_settings|grant_app_permission|reboot_device,check_network_status|check_apn_settings|check_wifi_calling_status|check_app_permissions|can_send_mms|get_details_by_id|get_details_by_id,,,,matched_terminal_action,no_terminal_failure_or_low_penalty,repair_all,0.0,5.39391,5.32191,3.0,mostly_fast_vs_mostly_deep_required,fddff on fdddd,fddff,fdddd,True,True,True,True,0.0033393607935067915,"{""stage1"": 0.3553772389746342, ""stage2"": 0.4231547048651152, ""stage3"": 0.2665188767866174, ""stage4"": 0.33327794757777096, ""stage5"": 0.25}",barrier_stage1_gate > barrier_stage2_gate > barrier_stage3_gate > trap_stage4_execute > trap_stage5_terminal,stage1_n5__from__root__c05 > stage2_n5__from__n0005__c03 > stage3_n5__from__n0022__c03 > stage4_n4__from__n0073__c03 > stage5_n4__from__n0214__c03,stage4_n4__from__n0073__c03 > stage5_n4__from__n0214__c03,toggle_airplane_mode|toggle_roaming|toggle_wifi_calling|reset_apn_settings|grant_app_permission|reboot_device,check_network_status|check_apn_settings|check_wifi_calling_status|check_app_permissions|can_send_mms|get_details_by_id|get_details_by_id,,,,matched_terminal_action,no_terminal_failure_or_low_penalty,0.0,-0.2224700000000004,False,False,fdfff on fdddd -> fddff on fdddd
64,6,36,target_post_switch,repair_all,repair_all,repairable,[mms_issue]bad_wifi_calling|break_apn_mms_setting|break_app_storage_permission|data_mode_off|unseat_sim_card[PERSONA:None],unseat_sim_card|data_mode_off|bad_wifi_calling|break_apn_mms_setting|break_app_storage_permission,,reseat_sim_card|toggle_data|toggle_wifi_calling|reset_apn_settings|reboot_device|grant_app_permission,can_send_mms_true,can_send_mms,repair_all,0.0,3.4907,3.423,0.0,mostly_deep_vs_mostly_deep_required,fdddd on fdddd,fdddd,fdddd,True,True,True,True,0.024300656018052567,"{""stage1"": 0.33015005564357175, ""stage2"": 0.6906556082323577, ""stage3"": 0.6216039382447892, ""stage4"": 0.6857902626959357, ""stage5"": 0.25}",trap_stage1_intake > general_stage2_roaming > general_stage3_network > general_stage4_verify > target_stage5_decision,stage1_n4__from__root__c04 > stage2_n4__from__n0004__c04 > stage3_n3__from__n0018__c01 > stage4_n3__from__n0059__c02 > stage5_n2__from__n0167__c02,stage4_n3__from__n0059__c02 > stage5_n2__from__n0167__c02,reseat_sim_card|toggle_data|toggle_wifi_calling|reset_apn_settings|reboot_device|grant_app_permission,check_network_status|check_sim_status|check_apn_settings|check_wifi_calling_status|check_app_permissions|can_send_mms|check_network_status|check_sim_status|check_apn_settings|check_wifi_calling_status|check_app_permissions|can_send_mms,,,,matched_terminal_action,no_terminal_failure_or_low_penalty,repair_all,0.0,5.507535,5.443435,5.0,mostly_fast_vs_mostly_deep_required,dffdf on fdddd,dffdf,fdddd,True,True,True,True,0.0028419958550526996,"{""stage1"": 0.22514863246741296, ""stage2"": 0.39496645263348884, ""stage3"": 0.29098209819765064, ""stage4"": 0.3294950548082007, ""stage5"": 0.3333333333333333}",target_stage1_handoff > general_stage2_core > trap_stage3_network > barrier_stage4_gate > trap_stage5_terminal,stage1_n3__from__root__c03 > stage2_n2__from__n0003__c02 > stage3_n4__from__n0013__c03 > stage4_n5__from__n0045__c04 > stage5_n4__from__n0128__c02,stage4_n5__from__n0045__c04 > stage5_n4__from__n0128__c02,reseat_sim_card|toggle_data|toggle_wifi_calling|reset_apn_settings|reboot_device|grant_app_permission,check_network_status|check_sim_status|check_apn_settings|check_wifi_calling_status|check_app_permissions|can_send_mms,,,,matched_terminal_action,no_terminal_failure_or_low_penalty,0.0,2.016835,False,False,fdddd on fdddd -> dffdf on fdddd
65,6,2,target_post_switch,repair_all,repair_all,repairable,[mms_issue]airplane_mode_on|bad_network_preference|bad_wifi_calling|break_apn_mms_setting|break_app_storage_permission|unseat_sim_card[PERSONA:Easy],airplane_mode_on|unseat_sim_card|bad_network_preference|bad_wifi_calling|break_apn_mms_setting|break_app_storage_permission,,toggle_airplane_mode|reseat_sim_card|set_network_mode_preference|toggle_wifi_calling|reset_apn_settings|reboot_device|grant_app_permission,can_send_mms_true,can_send_mms,repair_subset,10.0,13.71302,3.63832,0.0,mostly_deep_vs_mostly_deep_required,fdddd on fdddd,fdddd,fdddd,False,True,False,True,0.013378483329994915,"{""stage1"": 0.3115439826500617, ""stage2"": 0.19384798149770513, ""stage3"": 0.3396512680123882, ""stage4"": 1.0, ""stage5"": 0.6522183163173679}",trap_stage1_intake > target_stage2_router > target_stage3_roaming > target_stage4_repair > target_stage5_verify,stage1_n4__from__root__c04 > stage2_n1__from__n0004__c01 > stage3_n2__from__n0015__c02 > stage4_n1__from__n0051__c01 > stage5_n1__from__n0144__c01,stage4_n1__from__n0051__c01 > stage5_n1__from__n0144__c01,set_network_mode_preference|toggle_wifi_calling|reset_apn_settings|reboot_device|grant_app_permission,check_network_mode_preference|check_apn_settings|check_wifi_calling_status|check_app_permissions|can_send_mms,airplane_mode_on|unseat_sim_card,reseat_sim_card|toggle_airplane_mode,subset_mismatch_base_plus_linear|local_clear_failure_floor_10,repair_all_to_repair_subset,subset_mismatch_with_missing_oracle_repair_tools,repair_all,0.0,4.14009,4.07499,2.0,mostly_deep_vs_mostly_deep_required,dfddd on fdddd,dfddd,fdddd,True,True,True,True,0.0035599500675402933,"{""stage1"": 0.08244236044037476, ""stage2"": 0.9965060115136243, ""stage3"": 0.2297711639384166, ""stage4"": 0.7543589249433721, ""stage5"": 0.25}",general_stage1_verify > trap_stage2_router > general_stage3_network > general_stage4_verify > target_stage5_decision,stage1_n2__from__root__c02 > stage2_n3__from__n0002__c03 > stage3_n3__from__n0011__c01 > stage4_n3__from__n0038__c02 > stage5_n2__from__n0111__c02,stage4_n3__from__n0038__c02 > stage5_n2__from__n0111__c02,toggle_airplane_mode|reseat_sim_card|set_network_mode_preference|toggle_wifi_calling|reset_apn_settings|reboot_device|grant_app_permission,check_network_status|check_sim_status|check_network_mode_preference|check_apn_settings|check_wifi_calling_status|check_app_permissions|can_send_mms,,,,matched_terminal_action,no_terminal_failure_or_low_penalty,-10.0,-9.57293,True,False,fdddd on fdddd -> dfddd on fdddd
66,6,9,target_post_switch,repair_subset,repair_subset,partially_repairable,[mms_issue]airplane_mode_on|bad_network_preference|bad_wifi_calling|break_apn_mms_setting|break_app_both_permissions|data_mode_off|data_usage_exceeded|unseat_sim_card|user_abroad_roaming_disabled_on[PERSONA:Hard],airplane_mode_on|unseat_sim_card|data_mode_off|bad_network_preference|bad_wifi_calling|break_apn_mms_setting|break_app_both_permissions,user_abroad_roaming_disabled_on|data_usage_exceeded,toggle_airplane_mode|reseat_sim_card|toggle_data|set_network_mode_preference|toggle_wifi_calling|reset_apn_settings|reboot_device|grant_app_permission|grant_app_permission,partial_resolution_only,,repair_subset,14.0,20.78316,6.72066,5.0,mostly_fast_vs_mostly_deep_required,dfdff on fdddd,dfdff,fdddd,False,False,False,True,0.010173422058769713,"{""stage1"": 0.23928857650600033, ""stage2"": 0.9279908484597739, ""stage3"": 0.7330293862560925, ""stage4"": 0.25, ""stage5"": 0.25}",target_stage1_handoff > trap_stage2_router > barrier_stage3_gate > trap_stage4_execute > trap_stage5_terminal,stage1_n3__from__root__c03 > stage2_n3__from__n0003__c03 > stage3_n5__from__n0014__c03 > stage4_n4__from__n0049__c03 > stage5_n4__from__n0141__c03,stage4_n4__from__n0049__c03 > stage5_n4__from__n0141__c03,toggle_airplane_mode|reseat_sim_card|toggle_data|set_network_mode_preference|toggle_wifi_calling|reset_apn_settings|reboot_device,check_network_status|check_sim_status|check_network_mode_preference|check_apn_settings|check_wifi_calling_status|can_send_mms,break_app_both_permissions,grant_app_permission,subset_mismatch_base_plus_linear|local_clear_failure_floor_10|local_clear_and_aux_failure_floor_12|fast_path_on_deep_required_clear_failure_floor_14,matched_terminal_action,subset_mismatch_with_missing_oracle_repair_tools,repair_subset,14.0,18.622145,4.560245,3.0,mostly_fast_vs_mostly_deep_required,fffdd on fdddd,fffdd,fdddd,False,False,False,True,0.005803224689750712,"{""stage1"": 0.2627781043521207, ""stage2"": 0.44599506809607775, ""stage3"": 0.5967032605367285, ""stage4"": 0.33193399638093735, ""stage5"": 0.25}",general_stage1_intake > trap_stage2_router > trap_stage3_network > general_stage4_verify > general_stage5_verify,stage1_n1__from__root__c01 > stage2_n3__from__n0001__c03 > stage3_n4__from__n0008__c02 > stage4_n3__from__n0030__c02 > stage5_n3__from__n0090__c03,stage4_n3__from__n0030__c02 > stage5_n3__from__n0090__c03,toggle_airplane_mode|reseat_sim_card|toggle_data|set_network_mode_preference|toggle_wifi_calling|reset_apn_settings|reboot_device|grant_app_permission|grant_app_permission,check_network_status|check_sim_status|check_network_mode_preference|check_apn_settings|check_wifi_calling_status|check_app_permissions|can_send_mms|check_network_status|can_send_mms,,,subset_mismatch_base_plus_linear|local_clear_failure_floor_10|local_clear_and_aux_failure_floor_12|fast_path_on_deep_required_clear_failure_floor_14,matched_terminal_action,subset_mismatch_terminal_decision,0.0,-2.161014999999999,False,False,dfdff on fdddd -> fffdd on fdddd
67,6,10,target_post_switch,repair_subset,repair_subset,partially_repairable,[mms_issue]airplane_mode_on|bad_network_preference|bad_wifi_calling|break_apn_mms_setting|break_app_sms_permission|data_mode_off|data_usage_exceeded|unseat_sim_card|user_abroad_roaming_disabled_on[PERSONA:None],airplane_mode_on|unseat_sim_card|data_mode_off|bad_network_preference|bad_wifi_calling|break_apn_mms_setting|break_app_sms_permission,user_abroad_roaming_disabled_on|data_usage_exceeded,toggle_airplane_mode|reseat_sim_card|toggle_data|set_network_mode_preference|toggle_wifi_calling|reset_apn_settings|reboot_device|grant_app_permission,partial_resolution_only,,transfer,22.5,27.188164999999998,4.622265,1.5,mostly_deep_vs_mostly_deep_required,fdfdd on fdddd,fdfdd,fdddd,False,False,False,True,0.014681752950299668,"{""stage1"": 0.27380535831353087, ""stage2"": 0.7927584890020479, ""stage3"": 0.3209470928861021, ""stage4"": 0.4214942139131753, ""stage5"": 0.5}",trap_stage1_intake > general_stage2_roaming > trap_stage3_network > general_stage4_repair > target_stage5_decision,stage1_n4__from__root__c04 > stage2_n4__from__n0004__c04 > stage3_n4__from__n0018__c02 > stage4_n2__from__n0060__c01 > stage5_n2__from__n0168__c02,stage4_n2__from__n0060__c01 > stage5_n2__from__n0168__c02,,can_send_mms|check_network_status|check_apn_settings|check_sim_status|check_app_permissions|check_network_mode_preference|check_wifi_calling_status|run_speed_test,airplane_mode_on|bad_network_preference|bad_wifi_calling|break_apn_mms_setting|break_app_sms_permission|data_mode_off|unseat_sim_card,grant_app_permission|reboot_device|reseat_sim_card|reset_apn_settings|set_network_mode_preference|toggle_airplane_mode|toggle_data|toggle_wifi_calling,subset_mismatch_base_plus_linear|local_clear_failure_floor_10|local_clear_and_aux_failure_floor_12|invalid_local_transfer_floor_18,local_to_transfer,over_transfer_on_local_oracle,transfer,22.5,26.65119,4.07589,0.0,mostly_deep_vs_mostly_deep_required,fdddd on fdddd,fdddd,fdddd,False,False,False,True,0.014778502869258836,"{""stage1"": 0.39669429876540047, ""stage2"": 0.35444280903903846, ""stage3"": 0.5523295246180985, ""stage4"": 0.23881531106834733, ""stage5"": 0.7968340529826904}",barrier_stage1_gate > barrier_stage2_gate > general_stage3_network > general_stage4_repair > target_stage5_decision,stage1_n5__from__root__c05 > stage2_n5__from__n0005__c03 > stage3_n3__from__n0022__c01 > stage4_n2__from__n0071__c01 > stage5_n2__from__n0206__c02,stage4_n2__from__n0071__c01 > stage5_n2__from__n0206__c02,,can_send_mms|check_network_status|check_apn_settings|check_sim_status|check_app_permissions|check_network_mode_preference|check_wifi_calling_status|run_speed_test,airplane_mode_on|bad_network_preference|bad_wifi_calling|break_apn_mms_setting|break_app_sms_permission|data_mode_off|unseat_sim_card,grant_app_permission|reboot_device|reseat_sim_card|reset_apn_settings|set_network_mode_preference|toggle_airplane_mode|toggle_data|toggle_wifi_calling,subset_mismatch_base_plus_linear|local_clear_failure_floor_10|local_clear_and_aux_failure_floor_12|invalid_local_transfer_floor_18,local_to_transfer,over_transfer_on_local_oracle,0.0,-0.5369749999999982,False,False,fdfdd on fdddd -> fdddd on fdddd
68,6,13,target_post_switch,repair_subset,repair_subset,partially_repairable,[mms_issue]airplane_mode_on|bad_network_preference|bad_wifi_calling|break_apn_mms_setting|break_app_both_permissions|data_mode_off|data_usage_exceeded|unseat_sim_card|user_abroad_roaming_enabled_off[PERSONA:Hard],airplane_mode_on|unseat_sim_card|data_mode_off|user_abroad_roaming_enabled_off|bad_network_preference|bad_wifi_calling|break_apn_mms_setting|break_app_both_permissions,data_usage_exceeded,toggle_airplane_mode|reseat_sim_card|toggle_data|toggle_roaming|set_network_mode_preference|toggle_wifi_calling|reset_apn_settings|reboot_device|grant_app_permission|grant_app_permission,partial_resolution_only,,transfer,25.5,29.32982,3.75102,0.0,mostly_deep_vs_mostly_deep_required,fdddd on fdddd,fdddd,fdddd,False,False,False,True,0.08088141198449152,"{""stage1"": 0.3881122351188433, ""stage2"": 0.8466920275420226, ""stage3"": 0.5243441668027267, ""stage4"": 1.0, ""stage5"": 0.4694069105655905}",general_stage1_intake > target_stage2_router > target_stage3_apn > target_stage4_repair > target_stage5_decision,stage1_n1__from__root__c01 > stage2_n1__from__n0001__c01 > stage3_n1__from__n0006__c01 > stage4_n1__from__n0023__c01 > stage5_n2__from__n0074__c02,stage4_n1__from__n0023__c01 > stage5_n2__from__n0074__c02,,can_send_mms|check_network_status|check_apn_settings|check_sim_status|check_wifi_calling_status|check_network_mode_preference|run_speed_test|check_app_permissions,airplane_mode_on|bad_network_preference|bad_wifi_calling|break_apn_mms_setting|break_app_both_permissions|data_mode_off|unseat_sim_card|user_abroad_roaming_enabled_off,grant_app_permission|reboot_device|reseat_sim_card|reset_apn_settings|set_network_mode_preference|toggle_airplane_mode|toggle_data|toggle_roaming|toggle_wifi_calling,subset_mismatch_base_plus_linear|local_clear_failure_floor_10|local_clear_and_aux_failure_floor_12|invalid_local_transfer_floor_18,local_to_transfer,over_transfer_on_local_oracle,repair_subset,17.0,21.68463,4.61103,1.5,mostly_deep_vs_mostly_deep_required,ffddd on fdddd,ffddd,fdddd,False,False,False,True,0.01221928760627526,"{""stage1"": 0.20077988250922188, ""stage2"": 0.6145524127413324, ""stage3"": 0.7922399709582444, ""stage4"": 0.25, ""stage5"": 0.5}",general_stage1_intake > general_stage2_core > barrier_stage3_gate > general_stage4_repair > target_stage5_decision,stage1_n1__from__root__c01 > stage2_n2__from__n0001__c02 > stage3_n5__from__n0007__c04 > stage4_n2__from__n0028__c01 > stage5_n2__from__n0083__c02,stage4_n2__from__n0028__c01 > stage5_n2__from__n0083__c02,toggle_airplane_mode|reseat_sim_card|toggle_data|toggle_roaming|set_network_mode_preference|toggle_wifi_calling|reset_apn_settings|reboot_device|grant_app_permission|grant_app_permission,check_network_status|check_sim_status|check_network_mode_preference|check_apn_settings|check_wifi_calling_status|check_app_permissions|can_send_mms|check_network_status|can_send_mms|get_details_by_id|get_details_by_id,,,subset_mismatch_base_plus_linear|local_clear_failure_floor_10|local_clear_and_aux_failure_floor_12,matched_terminal_action,subset_mismatch_terminal_decision,-8.5,-7.645190000000003,True,False,fdddd on fdddd -> ffddd on fdddd
69,6,16,target_post_switch,repair_all,repair_all,repairable,[mms_issue]airplane_mode_on|bad_network_preference|bad_wifi_calling|break_apn_mms_setting|break_app_sms_permission|data_mode_off|unseat_sim_card|user_abroad_roaming_enabled_off[PERSONA:None],airplane_mode_on|unseat_sim_card|data_mode_off|user_abroad_roaming_enabled_off|bad_network_preference|bad_wifi_calling|break_apn_mms_setting|break_app_sms_permission,,toggle_airplane_mode|reseat_sim_card|toggle_data|toggle_roaming|set_network_mode_preference|toggle_wifi_calling|reset_apn_settings|reboot_device|grant_app_permission,can_send_mms_true,can_send_mms,repair_all,0.0,5.02271,4.94661,0.5,mostly_deep_vs_mostly_deep_required,ddddd on fdddd,ddddd,fdddd,True,True,True,True,0.06086522731282907,"{""stage1"": 0.2200970821983184, ""stage2"": 0.9092507506214464, ""stage3"": 0.6082768531752191, ""stage4"": 1.0, ""stage5"": 0.5}",general_stage1_verify > target_stage2_router > target_stage3_apn > target_stage4_repair > target_stage5_decision,stage1_n2__from__root__c02 > stage2_n1__from__n0002__c01 > stage3_n1__from__n0009__c01 > stage4_n1__from__n0032__c01 > stage5_n2__from__n0097__c02,stage4_n1__from__n0032__c01 > stage5_n2__from__n0097__c02,toggle_airplane_mode|reseat_sim_card|toggle_data|toggle_roaming|set_network_mode_preference|toggle_wifi_calling|reset_apn_settings|reboot_device|grant_app_permission,check_network_status|check_sim_status|check_network_mode_preference|check_apn_settings|check_wifi_calling_status|check_app_permissions|can_send_mms|get_details_by_id|get_details_by_id,,,,matched_terminal_action,no_terminal_failure_or_low_penalty,repair_subset,15.0,19.53326,4.46256,1.5,mostly_deep_vs_mostly_deep_required,ffddd on fdddd,ffddd,fdddd,False,True,False,True,0.03451320303567025,"{""stage1"": 0.31307883914772755, ""stage2"": 0.8415711913170713, ""stage3"": 0.7859446130381493, ""stage4"": 0.3333333333333333, ""stage5"": 0.5}",barrier_stage1_gate > trap_stage2_router > general_stage3_network > general_stage4_repair > target_stage5_decision,stage1_n5__from__root__c05 > stage2_n3__from__n0005__c01 > stage3_n3__from__n0020__c01 > stage4_n2__from__n0065__c01 > stage5_n2__from__n0186__c02,stage4_n2__from__n0065__c01 > stage5_n2__from__n0186__c02,toggle_wifi_calling|reset_apn_settings|reboot_device|grant_app_permission,check_apn_settings|check_wifi_calling_status|check_app_permissions|can_send_mms|check_network_status|check_sim_status,airplane_mode_on|bad_network_preference|data_mode_off|unseat_sim_card|user_abroad_roaming_enabled_off,reseat_sim_card|set_network_mode_preference|toggle_airplane_mode|toggle_data|toggle_roaming,subset_mismatch_base_plus_linear|local_clear_failure_floor_10,repair_all_to_repair_subset,subset_mismatch_with_missing_oracle_repair_tools,15.0,14.510549999999999,False,True,ddddd on fdddd -> ffddd on fdddd
70,7,32,target_post_switch,repair_all,repair_all,repairable,[mms_issue]bad_wifi_calling|break_apn_mms_setting|break_app_storage_permission|unseat_sim_card[PERSONA:Easy],unseat_sim_card|bad_wifi_calling|break_apn_mms_setting|break_app_storage_permission,,reseat_sim_card|toggle_wifi_calling|reset_apn_settings|reboot_device|grant_app_permission,can_send_mms_true,can_send_mms,repair_all,0.0,4.26478,4.18918,2.0,mostly_deep_vs_mostly_deep_required,dfddd on fdddd,dfddd,fdddd,True,True,True,True,0.001087950369607588,"{""stage1"": 0.19008872760064974, ""stage2"": 0.09209576528306866, ""stage3"": 0.7457517915945477, ""stage4"": 0.25, ""stage5"": 0.3333333333333333}",general_stage1_verify > trap_stage2_router > barrier_stage3_gate > barrier_stage4_gate > target_stage5_decision,stage1_n2__from__root__c02 > stage2_n3__from__n0002__c03 > stage3_n5__from__n0011__c03 > stage4_n5__from__n0040__c04 > stage5_n2__from__n0119__c01,stage4_n5__from__n0040__c04 > stage5_n2__from__n0119__c01,reseat_sim_card|toggle_wifi_calling|reset_apn_settings|reboot_device|grant_app_permission,check_sim_status|check_apn_settings|check_wifi_calling_status|check_app_permissions|can_send_mms,,,,matched_terminal_action,no_terminal_failure_or_low_penalty,repair_all,0.0,4.2936,4.2197,2.0,mostly_deep_vs_mostly_deep_required,dfddd on fdddd,dfddd,fdddd,True,True,True,True,0.005575657956212567,"{""stage1"": 0.34659978831664984, ""stage2"": 0.1817159761057203, ""stage3"": 0.7986164481479738, ""stage4"": 0.33255059056405534, ""stage5"": 0.3333333333333333}",target_stage1_handoff > trap_stage2_router > barrier_stage3_gate > barrier_stage4_gate > target_stage5_decision,stage1_n3__from__root__c03 > stage2_n3__from__n0003__c03 > stage3_n5__from__n0014__c03 > stage4_n5__from__n0049__c04 > stage5_n2__from__n0142__c01,stage4_n5__from__n0049__c04 > stage5_n2__from__n0142__c01,reseat_sim_card|toggle_wifi_calling|reset_apn_settings|reboot_device|grant_app_permission,check_sim_status|check_apn_settings|check_wifi_calling_status|check_app_permissions|can_send_mms,,,,matched_terminal_action,no_terminal_failure_or_low_penalty,0.0,0.028819999999999624,False,False,dfddd on fdddd -> dfddd on fdddd
71,7,33,target_post_switch,repair_all,repair_all,repairable,[mms_issue]bad_wifi_calling|break_apn_mms_setting|break_app_sms_permission|unseat_sim_card[PERSONA:None],unseat_sim_card|bad_wifi_calling|break_apn_mms_setting|break_app_sms_permission,,reseat_sim_card|toggle_wifi_calling|reset_apn_settings|reboot_device|grant_app_permission,can_send_mms_true,can_send_mms,repair_all,0.0,3.06909,3.00319,1.5,mostly_deep_vs_mostly_deep_required,ffddd on fdddd,ffddd,fdddd,True,True,True,True,0.0038187244732450346,"{""stage1"": 0.18848733631557202, ""stage2"": 0.13869191086414803, ""stage3"": 0.8229332756153993, ""stage4"": 0.7100360240075635, ""stage5"": 0.25}",trap_stage1_intake > general_stage2_core > general_stage3_network > general_stage4_verify > target_stage5_decision,stage1_n4__from__root__c04 > stage2_n2__from__n0004__c02 > stage3_n3__from__n0016__c02 > stage4_n3__from__n0053__c02 > stage5_n2__from__n0147__c02,stage4_n3__from__n0053__c02 > stage5_n2__from__n0147__c02,reseat_sim_card|toggle_wifi_calling|reset_apn_settings|reboot_device|grant_app_permission,check_sim_status|check_apn_settings|check_wifi_calling_status|check_app_permissions|can_send_mms,,,,matched_terminal_action,no_terminal_failure_or_low_penalty,repair_all,0.0,3.07405,2.99955,1.5,mostly_deep_vs_mostly_deep_required,ffddd on fdddd,ffddd,fdddd,True,True,True,True,0.022932773325782578,"{""stage1"": 0.23797757251662108, ""stage2"": 0.7297019193740535, ""stage3"": 0.29502771882150697, ""stage4"": 1.0, ""stage5"": 0.4476228399451483}",trap_stage1_intake > general_stage2_core > target_stage3_roaming > target_stage4_repair > target_stage5_verify,stage1_n4__from__root__c04 > stage2_n2__from__n0004__c02 > stage3_n2__from__n0016__c01 > stage4_n1__from__n0052__c01 > stage5_n1__from__n0145__c01,stage4_n1__from__n0052__c01 > stage5_n1__from__n0145__c01,reseat_sim_card|toggle_wifi_calling|reset_apn_settings|reboot_device|grant_app_permission,check_sim_status|check_apn_settings|check_wifi_calling_status|check_app_permissions|can_send_mms,,,,matched_terminal_action,no_terminal_failure_or_low_penalty,0.0,0.0049600000000000755,False,False,ffddd on fdddd -> ffddd on fdddd
72,7,34,target_post_switch,repair_all,repair_all,repairable,[mms_issue]bad_wifi_calling|break_apn_mms_setting|break_app_sms_permission|user_abroad_roaming_enabled_off[PERSONA:Easy],user_abroad_roaming_enabled_off|bad_wifi_calling|break_apn_mms_setting|break_app_sms_permission,,toggle_roaming|toggle_wifi_calling|reset_apn_settings|reboot_device|grant_app_permission,can_send_mms_true,can_send_mms,repair_all,0.0,3.12014,3.05754,1.5,mostly_deep_vs_mostly_deep_required,ffddd on fdddd,ffddd,fdddd,True,True,True,True,0.0014999106707833064,"{""stage1"": 0.1691879017489944, ""stage2"": 0.13456070442182566, ""stage3"": 0.3378293803444156, ""stage4"": 0.39004114038036686, ""stage5"": 0.5}",trap_stage1_intake > trap_stage2_router > general_stage3_network > general_stage4_repair > target_stage5_decision,stage1_n4__from__root__c04 > stage2_n3__from__n0004__c03 > stage3_n3__from__n0017__c01 > stage4_n2__from__n0056__c01 > stage5_n2__from__n0156__c02,stage4_n2__from__n0056__c01 > stage5_n2__from__n0156__c02,toggle_roaming|toggle_wifi_calling|reset_apn_settings|reboot_device|grant_app_permission,check_network_status|check_apn_settings|check_wifi_calling_status|check_app_permissions|can_send_mms|get_details_by_id|get_details_by_id,,,,matched_terminal_action,no_terminal_failure_or_low_penalty,repair_all,0.0,3.1336199999999996,3.05922,1.5,mostly_deep_vs_mostly_deep_required,ffddd on fdddd,ffddd,fdddd,True,True,True,True,0.018803481213926054,"{""stage1"": 0.21957575572795363, ""stage2"": 0.7005922619445536, ""stage3"": 0.20493044844074745, ""stage4"": 1.0, ""stage5"": 0.5964609937577279}",trap_stage1_intake > general_stage2_core > target_stage3_roaming > target_stage4_repair > target_stage5_decision,stage1_n4__from__root__c04 > stage2_n2__from__n0004__c02 > stage3_n2__from__n0016__c01 > stage4_n1__from__n0052__c01 > stage5_n2__from__n0145__c02,stage4_n1__from__n0052__c01 > stage5_n2__from__n0145__c02,toggle_roaming|toggle_wifi_calling|reset_apn_settings|reboot_device|grant_app_permission,check_network_status|check_apn_settings|check_wifi_calling_status|check_app_permissions|can_send_mms|get_details_by_id|get_details_by_id,,,,matched_terminal_action,no_terminal_failure_or_low_penalty,0.0,0.013479999999999492,False,False,ffddd on fdddd -> ffddd on fdddd
73,7,35,target_post_switch,repair_all,repair_all,repairable,[mms_issue]airplane_mode_on|bad_wifi_calling|break_apn_mms_setting|break_app_storage_permission|user_abroad_roaming_enabled_off[PERSONA:None],airplane_mode_on|user_abroad_roaming_enabled_off|bad_wifi_calling|break_apn_mms_setting|break_app_storage_permission,,toggle_airplane_mode|toggle_roaming|toggle_wifi_calling|reset_apn_settings|reboot_device|grant_app_permission,can_send_mms_true,can_send_mms,repair_all,0.0,3.61606,3.54746,0.0,mostly_deep_vs_mostly_deep_required,fdddd on fdddd,fdddd,fdddd,True,True,True,True,0.015270443230676604,"{""stage1"": 0.14926738189933825, ""stage2"": 0.6986849026589026, ""stage3"": 0.828285702177401, ""stage4"": 0.3239765080902003, ""stage5"": 0.5456468890652877}",trap_stage1_intake > general_stage2_roaming > general_stage3_network > general_stage4_repair > target_stage5_verify,stage1_n4__from__root__c04 > stage2_n4__from__n0004__c04 > stage3_n3__from__n0018__c01 > stage4_n2__from__n0059__c01 > stage5_n1__from__n0166__c01,stage4_n2__from__n0059__c01 > stage5_n1__from__n0166__c01,toggle_airplane_mode|toggle_roaming|toggle_wifi_calling|reset_apn_settings|reboot_device|grant_app_permission,check_network_status|check_apn_settings|check_wifi_calling_status|check_app_permissions|can_send_mms|get_details_by_id|get_details_by_id,,,,matched_terminal_action,no_terminal_failure_or_low_penalty,repair_all,0.0,3.86984,3.79784,1.5,mostly_deep_vs_mostly_deep_required,ffddd on fdddd,ffddd,fdddd,True,True,True,True,0.005873808429937874,"{""stage1"": 0.2004607735201469, ""stage2"": 0.6649825222808438, ""stage3"": 0.7050178748488343, ""stage4"": 0.25, ""stage5"": 0.25}",trap_stage1_intake > general_stage2_core > barrier_stage3_gate > general_stage4_verify > target_stage5_decision,stage1_n4__from__root__c04 > stage2_n2__from__n0004__c02 > stage3_n5__from__n0016__c04 > stage4_n3__from__n0055__c02 > stage5_n2__from__n0153__c02,stage4_n3__from__n0055__c02 > stage5_n2__from__n0153__c02,toggle_airplane_mode|toggle_roaming|toggle_wifi_calling|reset_apn_settings|reboot_device|grant_app_permission,check_network_status|check_apn_settings|check_wifi_calling_status|check_app_permissions|can_send_mms|check_network_status|check_apn_settings|check_wifi_calling_status|check_app_permissions|can_send_mms|get_details_by_id|get_details_by_id,,,,matched_terminal_action,no_terminal_failure_or_low_penalty,0.0,0.2537799999999999,False,False,fdddd on fdddd -> ffddd on fdddd
74,7,36,target_post_switch,repair_all,repair_all,repairable,[mms_issue]bad_wifi_calling|break_apn_mms_setting|break_app_storage_permission|data_mode_off|unseat_sim_card[PERSONA:None],unseat_sim_card|data_mode_off|bad_wifi_calling|break_apn_mms_setting|break_app_storage_permission,,reseat_sim_card|toggle_data|toggle_wifi_calling|reset_apn_settings|reboot_device|grant_app_permission,can_send_mms_true,can_send_mms,repair_all,0.0,3.79937,3.72337,0.0,mostly_deep_vs_mostly_deep_required,fdddd on fdddd,fdddd,fdddd,True,True,True,True,0.07493391363909747,"{""stage1"": 0.2958682432320744, ""stage2"": 0.7286802294268674, ""stage3"": 0.525628013061708, ""stage4"": 1.0, ""stage5"": 0.6612483074081037}",general_stage1_intake > target_stage2_router > target_stage3_roaming > target_stage4_repair > target_stage5_verify,stage1_n1__from__root__c01 > stage2_n1__from__n0001__c01 > stage3_n2__from__n0006__c02 > stage4_n1__from__n0024__c01 > stage5_n1__from__n0075__c01,stage4_n1__from__n0024__c01 > stage5_n1__from__n0075__c01,reseat_sim_card|toggle_data|toggle_wifi_calling|reset_apn_settings|reboot_device|grant_app_permission,check_network_status|check_sim_status|check_apn_settings|check_wifi_calling_status|check_app_permissions|can_send_mms,,,,matched_terminal_action,no_terminal_failure_or_low_penalty,transfer,18.5,23.515095000000002,4.943895,3.5,mostly_deep_vs_mostly_deep_required,dfdfd on fdddd,dfdfd,fdddd,False,False,False,False,0.006449069026956793,"{""stage1"": 0.11052560436256438, ""stage2"": 0.9947598483476411, ""stage3"": 0.9385034257889638, ""stage4"": 0.25, ""stage5"": 0.25}",general_stage1_verify > trap_stage2_router > barrier_stage3_gate > trap_stage4_execute > barrier_stage5_transfer,stage1_n2__from__root__c02 > stage2_n3__from__n0002__c03 > stage3_n5__from__n0011__c03 > stage4_n4__from__n0040__c03 > stage5_n5__from__n0118__c04,stage4_n4__from__n0040__c03 > stage5_n5__from__n0118__c04,,can_send_mms|check_sim_status|check_network_status|check_apn_settings|check_app_permissions,bad_wifi_calling|break_apn_mms_setting|break_app_storage_permission|data_mode_off|unseat_sim_card,grant_app_permission|reboot_device|reseat_sim_card|reset_apn_settings|toggle_data|toggle_wifi_calling,subset_mismatch_base_plus_linear|local_clear_failure_floor_10|local_clear_and_aux_failure_floor_12|invalid_local_transfer_floor_18,local_to_transfer,over_transfer_on_local_oracle,18.5,19.715725000000003,False,True,fdddd on fdddd -> dfdfd on fdddd
75,7,2,target_post_switch,repair_all,repair_all,repairable,[mms_issue]airplane_mode_on|bad_network_preference|bad_wifi_calling|break_apn_mms_setting|break_app_storage_permission|unseat_sim_card[PERSONA:Easy],airplane_mode_on|unseat_sim_card|bad_network_preference|bad_wifi_calling|break_apn_mms_setting|break_app_storage_permission,,toggle_airplane_mode|reseat_sim_card|set_network_mode_preference|toggle_wifi_calling|reset_apn_settings|reboot_device|grant_app_permission,can_send_mms_true,can_send_mms,repair_subset,10.0,14.707550000000001,4.63905,1.5,mostly_deep_vs_mostly_deep_required,fdfdd on fdddd,fdfdd,fdddd,False,True,False,True,0.0016957613181204341,"{""stage1"": 0.12986940890007104, ""stage2"": 0.11844780610769982, ""stage3"": 0.6616321196045544, ""stage4"": 0.333230124020115, ""stage5"": 0.5}",trap_stage1_intake > barrier_stage2_gate > trap_stage3_network > general_stage4_repair > target_stage5_decision,stage1_n4__from__root__c04 > stage2_n5__from__n0004__c05 > stage3_n4__from__n0019__c02 > stage4_n2__from__n0063__c01 > stage5_n2__from__n0178__c02,stage4_n2__from__n0063__c01 > stage5_n2__from__n0178__c02,set_network_mode_preference|toggle_wifi_calling|reset_apn_settings|reboot_device|grant_app_permission,check_network_mode_preference|check_apn_settings|check_wifi_calling_status|check_app_permissions|can_send_mms|check_network_status|check_sim_status,airplane_mode_on|unseat_sim_card,reseat_sim_card|toggle_airplane_mode,subset_mismatch_base_plus_linear|local_clear_failure_floor_10,repair_all_to_repair_subset,subset_mismatch_with_missing_oracle_repair_tools,repair_subset,10.0,14.614540000000002,4.54074,0.5,mostly_deep_vs_mostly_deep_required,ddddd on fdddd,ddddd,fdddd,False,True,False,True,0.044634960948728104,"{""stage1"": 0.3853625098623971, ""stage2"": 0.5792720177916083, ""stage3"": 0.41524485947828166, ""stage4"": 1.0, ""stage5"": 0.4815250471144346}",target_stage1_handoff > target_stage2_router > target_stage3_roaming > target_stage4_repair > target_stage5_verify,stage1_n3__from__root__c03 > stage2_n1__from__n0003__c01 > stage3_n2__from__n0012__c02 > stage4_n1__from__n0042__c01 > stage5_n1__from__n0121__c01,stage4_n1__from__n0042__c01 > stage5_n1__from__n0121__c01,set_network_mode_preference|toggle_wifi_calling|reset_apn_settings|reboot_device|grant_app_permission,check_network_mode_preference|check_apn_settings|check_wifi_calling_status|check_app_permissions|can_send_mms,airplane_mode_on|unseat_sim_card,reseat_sim_card|toggle_airplane_mode,subset_mismatch_base_plus_linear|local_clear_failure_floor_10,repair_all_to_repair_subset,subset_mismatch_with_missing_oracle_repair_tools,0.0,-0.09300999999999959,False,False,fdfdd on fdddd -> ddddd on fdddd
76,7,9,target_post_switch,repair_subset,repair_subset,partially_repairable,[mms_issue]airplane_mode_on|bad_network_preference|bad_wifi_calling|break_apn_mms_setting|break_app_both_permissions|data_mode_off|data_usage_exceeded|unseat_sim_card|user_abroad_roaming_disabled_on[PERSONA:Hard],airplane_mode_on|unseat_sim_card|data_mode_off|bad_network_preference|bad_wifi_calling|break_apn_mms_setting|break_app_both_permissions,user_abroad_roaming_disabled_on|data_usage_exceeded,toggle_airplane_mode|reseat_sim_card|toggle_data|set_network_mode_preference|toggle_wifi_calling|reset_apn_settings|reboot_device|grant_app_permission|grant_app_permission,partial_resolution_only,,transfer,22.5,27.44529,4.86919,0.5,mostly_deep_vs_mostly_deep_required,ddddd on fdddd,ddddd,fdddd,False,False,False,True,0.053588642683321086,"{""stage1"": 0.19695775958801054, ""stage2"": 0.9677457609935383, ""stage3"": 0.5953360269618789, ""stage4"": 1.0, ""stage5"": 0.4722546243101597}",general_stage1_verify > target_stage2_router > target_stage3_apn > target_stage4_repair > target_stage5_decision,stage1_n2__from__root__c02 > stage2_n1__from__n0002__c01 > stage3_n1__from__n0009__c01 > stage4_n1__from__n0032__c01 > stage5_n2__from__n0097__c02,stage4_n1__from__n0032__c01 > stage5_n2__from__n0097__c02,,can_send_mms|check_network_status|check_apn_settings|check_sim_status|check_wifi_calling_status|check_app_permissions|check_network_mode_preference|run_speed_test,airplane_mode_on|bad_network_preference|bad_wifi_calling|break_apn_mms_setting|break_app_both_permissions|data_mode_off|unseat_sim_card,grant_app_permission|reboot_device|reseat_sim_card|reset_apn_settings|set_network_mode_preference|toggle_airplane_mode|toggle_data|toggle_wifi_calling,subset_mismatch_base_plus_linear|local_clear_failure_floor_10|local_clear_and_aux_failure_floor_12|invalid_local_transfer_floor_18,local_to_transfer,over_transfer_on_local_oracle,repair_subset,6.0,10.574100000000001,4.4991,0.5,mostly_deep_vs_mostly_deep_required,ddddd on fdddd,ddddd,fdddd,True,False,False,True,0.032791086883056264,"{""stage1"": 0.31579116505460175, ""stage2"": 0.44792948648635494, ""stage3"": 0.37036597813866573, ""stage4"": 1.0, ""stage5"": 0.6259146239516653}",target_stage1_handoff > target_stage2_router > target_stage3_roaming > target_stage4_repair > target_stage5_decision,stage1_n3__from__root__c03 > stage2_n1__from__n0003__c01 > stage3_n2__from__n0012__c02 > stage4_n1__from__n0042__c01 > stage5_n2__from__n0121__c02,stage4_n1__from__n0042__c01 > stage5_n2__from__n0121__c02,toggle_airplane_mode|reseat_sim_card|toggle_data|set_network_mode_preference|toggle_wifi_calling|reset_apn_settings|reboot_device|grant_app_permission|grant_app_permission,check_network_status|check_sim_status|check_network_mode_preference|check_apn_settings|check_wifi_calling_status|check_app_permissions|can_send_mms,,,clear_but_aux_failure_floor_6,matched_terminal_action,policy_action_violation,-16.5,-16.87119,True,False,ddddd on fdddd -> ddddd on fdddd
77,7,10,target_post_switch,repair_subset,repair_subset,partially_repairable,[mms_issue]airplane_mode_on|bad_network_preference|bad_wifi_calling|break_apn_mms_setting|break_app_sms_permission|data_mode_off|data_usage_exceeded|unseat_sim_card|user_abroad_roaming_disabled_on[PERSONA:None],airplane_mode_on|unseat_sim_card|data_mode_off|bad_network_preference|bad_wifi_calling|break_apn_mms_setting|break_app_sms_permission,user_abroad_roaming_disabled_on|data_usage_exceeded,toggle_airplane_mode|reseat_sim_card|toggle_data|set_network_mode_preference|toggle_wifi_calling|reset_apn_settings|reboot_device|grant_app_permission,partial_resolution_only,,transfer,23.5,28.23486,4.65896,2.0,mostly_deep_vs_mostly_deep_required,dfddd on fdddd,dfddd,fdddd,False,False,False,False,0.013483354298071537,"{""stage1"": 0.2873929807406223, ""stage2"": 0.8581760293180026, ""stage3"": 0.49467579632694664, ""stage4"": 0.33154768763440956, ""stage5"": 0.3333333333333333}",target_stage1_handoff > trap_stage2_router > barrier_stage3_gate > barrier_stage4_gate > barrier_stage5_transfer,stage1_n3__from__root__c03 > stage2_n3__from__n0003__c03 > stage3_n5__from__n0014__c03 > stage4_n5__from__n0049__c04 > stage5_n5__from__n0142__c03,stage4_n5__from__n0049__c04 > stage5_n5__from__n0142__c03,,can_send_mms|check_network_status|check_apn_settings|check_sim_status|check_app_permissions|check_network_mode_preference|check_wifi_calling_status|run_speed_test,airplane_mode_on|bad_network_preference|bad_wifi_calling|break_apn_mms_setting|break_app_sms_permission|data_mode_off|unseat_sim_card,grant_app_permission|reboot_device|reseat_sim_card|reset_apn_settings|set_network_mode_preference|toggle_airplane_mode|toggle_data|toggle_wifi_calling,subset_mismatch_base_plus_linear|local_clear_failure_floor_10|local_clear_and_aux_failure_floor_12|invalid_local_transfer_floor_18,local_to_transfer,over_transfer_on_local_oracle,transfer,23.5,27.49108,3.91188,1.5,mostly_deep_vs_mostly_deep_required,ffddd on fdddd,ffddd,fdddd,False,False,False,True,0.0008117950324395023,"{""stage1"": 0.31922644345606466, ""stage2"": 0.744811191313658, ""stage3"": 0.030728678553381628, ""stage4"": 0.3333333037678059, ""stage5"": 0.3333333333333333}",barrier_stage1_gate > trap_stage2_router > barrier_stage3_gate > barrier_stage4_gate > target_stage5_decision,stage1_n5__from__root__c05 > stage2_n3__from__n0005__c01 > stage3_n5__from__n0020__c03 > stage4_n5__from__n0067__c04 > stage5_n2__from__n0195__c01,stage4_n5__from__n0067__c04 > stage5_n2__from__n0195__c01,,can_send_mms|check_network_status|check_apn_settings|check_sim_status|check_app_permissions|check_network_mode_preference|check_wifi_calling_status|run_speed_test,airplane_mode_on|bad_network_preference|bad_wifi_calling|break_apn_mms_setting|break_app_sms_permission|data_mode_off|unseat_sim_card,grant_app_permission|reboot_device|reseat_sim_card|reset_apn_settings|set_network_mode_preference|toggle_airplane_mode|toggle_data|toggle_wifi_calling,subset_mismatch_base_plus_linear|local_clear_failure_floor_10|local_clear_and_aux_failure_floor_12|invalid_local_transfer_floor_18,local_to_transfer,over_transfer_on_local_oracle,0.0,-0.743780000000001,False,False,dfddd on fdddd -> ffddd on fdddd
78,7,13,target_post_switch,repair_subset,repair_subset,partially_repairable,[mms_issue]airplane_mode_on|bad_network_preference|bad_wifi_calling|break_apn_mms_setting|break_app_both_permissions|data_mode_off|data_usage_exceeded|unseat_sim_card|user_abroad_roaming_enabled_off[PERSONA:Hard],airplane_mode_on|unseat_sim_card|data_mode_off|user_abroad_roaming_enabled_off|bad_network_preference|bad_wifi_calling|break_apn_mms_setting|break_app_both_permissions,data_usage_exceeded,toggle_airplane_mode|reseat_sim_card|toggle_data|toggle_roaming|set_network_mode_preference|toggle_wifi_calling|reset_apn_settings|reboot_device|grant_app_permission|grant_app_permission,partial_resolution_only,,repair_subset,18.0,21.8277,3.7527,0.0,mostly_deep_vs_mostly_deep_required,fdddd on fdddd,fdddd,fdddd,False,False,False,True,0.052000045551660566,"{""stage1"": 0.40784289003287344, ""stage2"": 0.6996407045024912, ""stage3"": 0.5144937575582722, ""stage4"": 1.0, ""stage5"": 0.3542057852714877}",general_stage1_intake > target_stage2_router > target_stage3_roaming > target_stage4_repair > target_stage5_decision,stage1_n1__from__root__c01 > stage2_n1__from__n0001__c01 > stage3_n2__from__n0006__c02 > stage4_n1__from__n0024__c01 > stage5_n2__from__n0075__c02,stage4_n1__from__n0024__c01 > stage5_n2__from__n0075__c02,toggle_airplane_mode|reseat_sim_card|toggle_data|toggle_roaming|set_network_mode_preference|toggle_wifi_calling|reset_apn_settings|reboot_device|grant_app_permission|grant_app_permission,check_network_status|check_sim_status|check_network_mode_preference|check_apn_settings|check_wifi_calling_status|check_app_permissions|can_send_mms|get_details_by_id|get_details_by_id,,,subset_mismatch_base_plus_linear|local_clear_failure_floor_10|local_clear_and_aux_failure_floor_12,matched_terminal_action,subset_mismatch_terminal_decision,repair_subset,17.0,21.6529,4.5782,1.5,mostly_deep_vs_mostly_deep_required,ffddd on fdddd,ffddd,fdddd,False,False,False,True,0.010961321641099992,"{""stage1"": 0.278249568455341, ""stage2"": 0.6108968189067547, ""stage3"": 0.6315100602687425, ""stage4"": 0.30633847052704805, ""stage5"": 0.3333333333333333}",trap_stage1_intake > general_stage2_core > barrier_stage3_gate > barrier_stage4_gate > target_stage5_decision,stage1_n4__from__root__c04 > stage2_n2__from__n0004__c02 > stage3_n5__from__n0016__c04 > stage4_n5__from__n0055__c04 > stage5_n2__from__n0155__c01,stage4_n5__from__n0055__c04 > stage5_n2__from__n0155__c01,toggle_airplane_mode|reseat_sim_card|toggle_data|toggle_roaming|set_network_mode_preference|toggle_wifi_calling|reset_apn_settings|reboot_device|grant_app_permission|grant_app_permission,check_network_status|check_sim_status|check_network_mode_preference|check_apn_settings|check_wifi_calling_status|check_app_permissions|can_send_mms|can_send_mms|check_network_status|get_details_by_id|get_details_by_id,,,subset_mismatch_base_plus_linear|local_clear_failure_floor_10|local_clear_and_aux_failure_floor_12,matched_terminal_action,subset_mismatch_terminal_decision,-1.0,-0.17480000000000118,True,False,fdddd on fdddd -> ffddd on fdddd
79,7,16,target_post_switch,repair_all,repair_all,repairable,[mms_issue]airplane_mode_on|bad_network_preference|bad_wifi_calling|break_apn_mms_setting|break_app_sms_permission|data_mode_off|unseat_sim_card|user_abroad_roaming_enabled_off[PERSONA:None],airplane_mode_on|unseat_sim_card|data_mode_off|user_abroad_roaming_enabled_off|bad_network_preference|bad_wifi_calling|break_apn_mms_setting|break_app_sms_permission,,toggle_airplane_mode|reseat_sim_card|toggle_data|toggle_roaming|set_network_mode_preference|toggle_wifi_calling|reset_apn_settings|reboot_device|grant_app_permission,can_send_mms_true,can_send_mms,transfer,22.5,26.530009999999997,3.95171,0.0,mostly_deep_vs_mostly_deep_required,fdddd on fdddd,fdddd,fdddd,False,True,False,True,0.05873088996679555,"{""stage1"": 0.3089144766637849, ""stage2"": 0.5566768250207162, ""stage3"": 0.5269634673551592, ""stage4"": 1.0, ""stage5"": 0.6481039541194714}",general_stage1_intake > target_stage2_router > target_stage3_apn > target_stage4_repair > target_stage5_verify,stage1_n1__from__root__c01 > stage2_n1__from__n0001__c01 > stage3_n1__from__n0006__c01 > stage4_n1__from__n0023__c01 > stage5_n1__from__n0074__c01,stage4_n1__from__n0023__c01 > stage5_n1__from__n0074__c01,,can_send_mms|check_network_status|check_apn_settings|check_sim_status|check_wifi_calling_status|check_app_permissions|check_network_mode_preference|run_speed_test,airplane_mode_on|bad_network_preference|bad_wifi_calling|break_apn_mms_setting|break_app_sms_permission|data_mode_off|unseat_sim_card|user_abroad_roaming_enabled_off,grant_app_permission|reboot_device|reseat_sim_card|reset_apn_settings|set_network_mode_preference|toggle_airplane_mode|toggle_data|toggle_roaming|toggle_wifi_calling,subset_mismatch_base_plus_linear|local_clear_failure_floor_10|invalid_local_transfer_floor_18,local_to_transfer,over_transfer_on_local_oracle,transfer,22.5,25.940179999999998,3.36518,0.0,mostly_deep_vs_mostly_deep_required,fdddd on fdddd,fdddd,fdddd,False,True,False,True,0.017202482837849375,"{""stage1"": 0.2194120689720352, ""stage2"": 0.3802458105728228, ""stage3"": 0.5954709435300677, ""stage4"": 1.0, ""stage5"": 0.34626261787235996}",general_stage1_intake > target_stage2_router > target_stage3_roaming > target_stage4_repair > target_stage5_decision,stage1_n1__from__root__c01 > stage2_n1__from__n0001__c01 > stage3_n2__from__n0006__c02 > stage4_n1__from__n0024__c01 > stage5_n2__from__n0075__c02,stage4_n1__from__n0024__c01 > stage5_n2__from__n0075__c02,,can_send_mms|check_network_status|check_apn_settings|check_sim_status|check_wifi_calling_status|check_app_permissions,airplane_mode_on|bad_network_preference|bad_wifi_calling|break_apn_mms_setting|break_app_sms_permission|data_mode_off|unseat_sim_card|user_abroad_roaming_enabled_off,grant_app_permission|reboot_device|reseat_sim_card|reset_apn_settings|set_network_mode_preference|toggle_airplane_mode|toggle_data|toggle_roaming|toggle_wifi_calling,subset_mismatch_base_plus_linear|local_clear_failure_floor_10|invalid_local_transfer_floor_18,local_to_transfer,over_transfer_on_local_oracle,0.0,-0.5898299999999992,False,False,fdddd on fdddd -> fdddd on fdddd
80,8,32,target_post_switch,repair_all,repair_all,repairable,[mms_issue]bad_wifi_calling|break_apn_mms_setting|break_app_storage_permission|unseat_sim_card[PERSONA:Easy],unseat_sim_card|bad_wifi_calling|break_apn_mms_setting|break_app_storage_permission,,reseat_sim_card|toggle_wifi_calling|reset_apn_settings|reboot_device|grant_app_permission,can_send_mms_true,can_send_mms,repair_all,0.0,3.5413200000000002,3.47502,1.5,mostly_deep_vs_mostly_deep_required,ffddd on fdddd,ffddd,fdddd,True,True,True,True,0.021124460910672802,"{""stage1"": 0.18258814931889325, ""stage2"": 0.7047472632429364, ""stage3"": 0.893567248695358, ""stage4"": 0.36743659098365344, ""stage5"": 0.5}",general_stage1_intake > trap_stage2_router > general_stage3_network > general_stage4_repair > target_stage5_decision,stage1_n1__from__root__c01 > stage2_n3__from__n0001__c03 > stage3_n3__from__n0008__c01 > stage4_n2__from__n0029__c01 > stage5_n2__from__n0087__c02,stage4_n2__from__n0029__c01 > stage5_n2__from__n0087__c02,reseat_sim_card|toggle_wifi_calling|reset_apn_settings|reboot_device|grant_app_permission,check_sim_status|check_apn_settings|check_wifi_calling_status|check_app_permissions|can_send_mms,,,,matched_terminal_action,no_terminal_failure_or_low_penalty,repair_all,0.0,2.98449,2.90619,0.0,mostly_deep_vs_mostly_deep_required,fdddd on fdddd,fdddd,fdddd,True,True,True,True,0.0005588942236027613,"{""stage1"": 0.09760968268036162, ""stage2"": 0.047427159796228385, ""stage3"": 0.4927939210961118, ""stage4"": 1.0, ""stage5"": 0.24498768887937847}",general_stage1_intake > target_stage2_router > target_stage3_apn > target_stage4_repair > target_stage5_verify,stage1_n1__from__root__c01 > stage2_n1__from__n0001__c01 > stage3_n1__from__n0006__c01 > stage4_n1__from__n0023__c01 > stage5_n1__from__n0074__c01,stage4_n1__from__n0023__c01 > stage5_n1__from__n0074__c01,reseat_sim_card|toggle_wifi_calling|reset_apn_settings|reboot_device|grant_app_permission,check_sim_status|check_apn_settings|check_wifi_calling_status|check_app_permissions|can_send_mms,,,,matched_terminal_action,no_terminal_failure_or_low_penalty,0.0,-0.5568300000000002,False,False,ffddd on fdddd -> fdddd on fdddd
81,8,33,target_post_switch,repair_all,repair_all,repairable,[mms_issue]bad_wifi_calling|break_apn_mms_setting|break_app_sms_permission|unseat_sim_card[PERSONA:None],unseat_sim_card|bad_wifi_calling|break_apn_mms_setting|break_app_sms_permission,,reseat_sim_card|toggle_wifi_calling|reset_apn_settings|reboot_device|grant_app_permission,can_send_mms_true,can_send_mms,repair_all,0.0,3.6969999999999996,3.6209,0.5,mostly_deep_vs_mostly_deep_required,ddddd on fdddd,ddddd,fdddd,True,True,True,True,0.01839168967807439,"{""stage1"": 0.12405075332959675, ""stage2"": 0.903630546733978, ""stage3"": 0.5294282289425423, ""stage4"": 1.0, ""stage5"": 0.30990189144820457}",general_stage1_verify > target_stage2_router > target_stage3_apn > target_stage4_repair > target_stage5_decision,stage1_n2__from__root__c02 > stage2_n1__from__n0002__c01 > stage3_n1__from__n0009__c01 > stage4_n1__from__n0032__c01 > stage5_n2__from__n0097__c02,stage4_n1__from__n0032__c01 > stage5_n2__from__n0097__c02,reseat_sim_card|toggle_wifi_calling|reset_apn_settings|reboot_device|grant_app_permission,check_sim_status|check_apn_settings|check_wifi_calling_status|check_app_permissions|can_send_mms,,,,matched_terminal_action,no_terminal_failure_or_low_penalty,repair_all,0.0,3.58441,3.51981,0.0,mostly_deep_vs_mostly_deep_required,fdddd on fdddd,fdddd,fdddd,True,True,True,True,0.008136726145811301,"{""stage1"": 0.20146482297263274, ""stage2"": 0.27166308011937673, ""stage3"": 0.8920128337749632, ""stage4"": 0.6666666666666666, ""stage5"": 0.25}",trap_stage1_intake > general_stage2_roaming > general_stage3_network > general_stage4_verify > general_stage5_verify,stage1_n4__from__root__c04 > stage2_n4__from__n0004__c04 > stage3_n3__from__n0018__c01 > stage4_n3__from__n0059__c02 > stage5_n3__from__n0167__c03,stage4_n3__from__n0059__c02 > stage5_n3__from__n0167__c03,reseat_sim_card|toggle_wifi_calling|reset_apn_settings|reboot_device|grant_app_permission,check_sim_status|check_apn_settings|check_wifi_calling_status|check_app_permissions|can_send_mms,,,,matched_terminal_action,no_terminal_failure_or_low_penalty,0.0,-0.11258999999999952,False,False,ddddd on fdddd -> fdddd on fdddd
82,8,34,target_post_switch,repair_all,repair_all,repairable,[mms_issue]bad_wifi_calling|break_apn_mms_setting|break_app_sms_permission|user_abroad_roaming_enabled_off[PERSONA:Easy],user_abroad_roaming_enabled_off|bad_wifi_calling|break_apn_mms_setting|break_app_sms_permission,,toggle_roaming|toggle_wifi_calling|reset_apn_settings|reboot_device|grant_app_permission,can_send_mms_true,can_send_mms,repair_all,0.0,10.74436,10.66906,1.5,mostly_deep_vs_mostly_deep_required,ffddd on fdddd,ffddd,fdddd,True,True,True,True,0.0008617562614181625,"{""stage1"": 0.3979211142169645, ""stage2"": 0.8275553258768991, ""stage3"": 0.031403066706705896, ""stage4"": 0.3333330339582004, ""stage5"": 0.25}",barrier_stage1_gate > trap_stage2_router > barrier_stage3_gate > general_stage4_verify > target_stage5_verify,stage1_n5__from__root__c05 > stage2_n3__from__n0005__c01 > stage3_n5__from__n0020__c03 > stage4_n3__from__n0067__c02 > stage5_n1__from__n0193__c01,stage4_n3__from__n0067__c02 > stage5_n1__from__n0193__c01,toggle_roaming|toggle_wifi_calling|reset_apn_settings|reboot_device|grant_app_permission|toggle_roaming|toggle_wifi_calling|reset_apn_settings|reboot_device|grant_app_permission|toggle_roaming|toggle_wifi_calling|reset_apn_settings|reboot_device|grant_app_permission|toggle_roaming|toggle_wifi_calling|reset_apn_settings|reboot_device|grant_app_permission|toggle_roaming|toggle_wifi_calling|reset_apn_settings|reboot_device|grant_app_permission|toggle_roaming|toggle_wifi_calling|reset_apn_settings|reboot_device|grant_app_permission|toggle_roaming|toggle_wifi_calling|reset_apn_settings|reboot_device|grant_app_permission|toggle_roaming|toggle_wifi_calling|reset_apn_settings|reboot_device|grant_app_permission,check_network_status|check_apn_settings|check_wifi_calling_status|check_app_permissions|can_send_mms|check_network_status|check_apn_settings|check_wifi_calling_status|check_app_permissions|can_send_mms|check_network_status|check_apn_settings|check_wifi_calling_status|check_app_permissions|can_send_mms|check_network_status|check_apn_settings|check_wifi_calling_status|check_app_permissions|can_send_mms|check_network_status|check_apn_settings|check_wifi_calling_status|check_app_permissions|can_send_mms|check_network_status|check_apn_settings|check_wifi_calling_status|check_app_permissions|can_send_mms|check_network_status|check_apn_settings|check_wifi_calling_status|check_app_permissions|can_send_mms|get_details_by_id|get_details_by_id,,,,matched_terminal_action,no_terminal_failure_or_low_penalty,repair_all,0.0,3.39158,3.31688,0.0,mostly_deep_vs_mostly_deep_required,fdddd on fdddd,fdddd,fdddd,True,True,True,True,0.009655521901007665,"{""stage1"": 0.17933229370961756, ""stage2"": 0.23794810811859346, ""stage3"": 0.5832438514601531, ""stage4"": 1.0, ""stage5"": 0.3879581008436957}",trap_stage1_intake > target_stage2_router > target_stage3_roaming > target_stage4_repair > target_stage5_verify,stage1_n4__from__root__c04 > stage2_n1__from__n0004__c01 > stage3_n2__from__n0015__c02 > stage4_n1__from__n0051__c01 > stage5_n1__from__n0144__c01,stage4_n1__from__n0051__c01 > stage5_n1__from__n0144__c01,toggle_roaming|toggle_wifi_calling|reset_apn_settings|reboot_device|grant_app_permission,check_network_status|check_apn_settings|check_wifi_calling_status|check_app_permissions|can_send_mms|check_network_status|check_apn_settings|check_wifi_calling_status|check_app_permissions|can_send_mms|get_details_by_id|get_details_by_id,,,,matched_terminal_action,no_terminal_failure_or_low_penalty,0.0,-7.352780000000001,False,False,ffddd on fdddd -> fdddd on fdddd
83,8,35,target_post_switch,repair_all,repair_all,repairable,[mms_issue]airplane_mode_on|bad_wifi_calling|break_apn_mms_setting|break_app_storage_permission|user_abroad_roaming_enabled_off[PERSONA:None],airplane_mode_on|user_abroad_roaming_enabled_off|bad_wifi_calling|break_apn_mms_setting|break_app_storage_permission,,toggle_airplane_mode|toggle_roaming|toggle_wifi_calling|reset_apn_settings|reboot_device|grant_app_permission,can_send_mms_true,can_send_mms,repair_all,0.0,3.53164,3.46304,0.0,mostly_deep_vs_mostly_deep_required,fdddd on fdddd,fdddd,fdddd,True,True,True,True,0.009219028669898712,"{""stage1"": 0.12201634145033555, ""stage2"": 0.7221802049146316, ""stage3"": 0.7747609663605702, ""stage4"": 0.2897004562026333, ""stage5"": 0.4661274458565195}",trap_stage1_intake > general_stage2_roaming > general_stage3_network > general_stage4_repair > target_stage5_verify,stage1_n4__from__root__c04 > stage2_n4__from__n0004__c04 > stage3_n3__from__n0018__c01 > stage4_n2__from__n0059__c01 > stage5_n1__from__n0166__c01,stage4_n2__from__n0059__c01 > stage5_n1__from__n0166__c01,toggle_airplane_mode|toggle_roaming|toggle_wifi_calling|reset_apn_settings|reboot_device|grant_app_permission,check_network_status|check_apn_settings|check_wifi_calling_status|check_app_permissions|can_send_mms|check_network_status|check_apn_settings|check_wifi_calling_status|check_app_permissions|can_send_mms|get_details_by_id|get_details_by_id,,,,matched_terminal_action,no_terminal_failure_or_low_penalty,repair_subset,10.0,14.91111,4.83671,0.5,mostly_deep_vs_mostly_deep_required,ddddd on fdddd,ddddd,fdddd,False,True,False,True,0.03680768530620221,"{""stage1"": 0.44385861212168665, ""stage2"": 0.3072797202326501, ""stage3"": 0.6856062320982461, ""stage4"": 1.0, ""stage5"": 0.39362729065998675}",target_stage1_handoff > target_stage2_router > target_stage3_apn > target_stage4_repair > target_stage5_verify,stage1_n3__from__root__c03 > stage2_n1__from__n0003__c01 > stage3_n1__from__n0012__c01 > stage4_n1__from__n0041__c01 > stage5_n1__from__n0120__c01,stage4_n1__from__n0041__c01 > stage5_n1__from__n0120__c01,toggle_wifi_calling|reset_apn_settings|reboot_device|grant_app_permission,check_apn_settings|check_wifi_calling_status|check_app_permissions|can_send_mms|check_network_status|check_sim_status,airplane_mode_on|user_abroad_roaming_enabled_off,toggle_airplane_mode|toggle_roaming,subset_mismatch_base_plus_linear|local_clear_failure_floor_10,repair_all_to_repair_subset,subset_mismatch_with_missing_oracle_repair_tools,10.0,11.379470000000001,False,True,fdddd on fdddd -> ddddd on fdddd
84,8,36,target_post_switch,repair_all,repair_all,repairable,[mms_issue]bad_wifi_calling|break_apn_mms_setting|break_app_storage_permission|data_mode_off|unseat_sim_card[PERSONA:None],unseat_sim_card|data_mode_off|bad_wifi_calling|break_apn_mms_setting|break_app_storage_permission,,reseat_sim_card|toggle_data|toggle_wifi_calling|reset_apn_settings|reboot_device|grant_app_permission,can_send_mms_true,can_send_mms,repair_all,0.0,4.522609999999999,4.44701,0.5,mostly_deep_vs_mostly_deep_required,ddddd on fdddd,ddddd,fdddd,True,True,True,True,0.01800695915754327,"{""stage1"": 0.11147612562028929, ""stage2"": 0.8778073969172211, ""stage3"": 0.4896178254205291, ""stage4"": 1.0, ""stage5"": 0.3758391838879811}",general_stage1_verify > target_stage2_router > target_stage3_roaming > target_stage4_repair > target_stage5_decision,stage1_n2__from__root__c02 > stage2_n1__from__n0002__c01 > stage3_n2__from__n0009__c02 > stage4_n1__from__n0033__c01 > stage5_n2__from__n0098__c02,stage4_n1__from__n0033__c01 > stage5_n2__from__n0098__c02,reseat_sim_card|toggle_data|toggle_wifi_calling|reset_apn_settings|reboot_device|grant_app_permission,check_network_status|check_sim_status|check_apn_settings|check_wifi_calling_status|check_app_permissions|can_send_mms,,,,matched_terminal_action,no_terminal_failure_or_low_penalty,repair_all,0.0,3.99452,3.92372,2.0,mostly_deep_vs_mostly_deep_required,dfddd on fdddd,dfddd,fdddd,True,True,True,True,0.03439579519626082,"{""stage1"": 0.37827515573455156, ""stage2"": 0.6170376071820233, ""stage3"": 0.8841728026799885, ""stage4"": 0.6666666666666666, ""stage5"": 0.25}",target_stage1_handoff > general_stage2_core > general_stage3_network > general_stage4_verify > target_stage5_decision,stage1_n3__from__root__c03 > stage2_n2__from__n0003__c02 > stage3_n3__from__n0013__c02 > stage4_n3__from__n0044__c02 > stage5_n2__from__n0124__c02,stage4_n3__from__n0044__c02 > stage5_n2__from__n0124__c02,reseat_sim_card|toggle_data|toggle_wifi_calling|reset_apn_settings|reboot_device|grant_app_permission,check_network_status|check_sim_status|check_apn_settings|check_wifi_calling_status|check_app_permissions|can_send_mms,,,,matched_terminal_action,no_terminal_failure_or_low_penalty,0.0,-0.5280899999999993,False,False,ddddd on fdddd -> dfddd on fdddd
85,8,2,target_post_switch,repair_all,repair_all,repairable,[mms_issue]airplane_mode_on|bad_network_preference|bad_wifi_calling|break_apn_mms_setting|break_app_storage_permission|unseat_sim_card[PERSONA:Easy],airplane_mode_on|unseat_sim_card|bad_network_preference|bad_wifi_calling|break_apn_mms_setting|break_app_storage_permission,,toggle_airplane_mode|reseat_sim_card|set_network_mode_preference|toggle_wifi_calling|reset_apn_settings|reboot_device|grant_app_permission,can_send_mms_true,can_send_mms,repair_subset,12.0,16.686565,4.609765,1.5,mostly_deep_vs_mostly_deep_required,fddfd on fdddd,fddfd,fdddd,False,False,False,True,0.0022584976822676356,"{""stage1"": 0.3675081477478527, ""stage2"": 0.21316492733737857, ""stage3"": 0.3460082028879296, ""stage4"": 0.33328097514787425, ""stage5"": 0.25}",barrier_stage1_gate > barrier_stage2_gate > barrier_stage3_gate > trap_stage4_execute > target_stage5_verify,stage1_n5__from__root__c05 > stage2_n5__from__n0005__c03 > stage3_n5__from__n0022__c03 > stage4_n4__from__n0073__c03 > stage5_n1__from__n0214__c01,stage4_n4__from__n0073__c03 > stage5_n1__from__n0214__c01,toggle_airplane_mode|reseat_sim_card|set_network_mode_preference|toggle_wifi_calling|reset_apn_settings|grant_app_permission,check_network_status|check_sim_status|check_network_mode_preference|check_wifi_calling_status|check_app_permissions|can_send_mms|check_apn_settings|can_send_mms,break_apn_mms_setting,reboot_device,subset_mismatch_base_plus_linear|local_clear_failure_floor_10|local_clear_and_aux_failure_floor_12,repair_all_to_repair_subset,subset_mismatch_with_missing_oracle_repair_tools,repair_subset,10.0,14.57016,4.50206,2.0,mostly_deep_vs_mostly_deep_required,dfddd on fdddd,dfddd,fdddd,False,True,False,True,0.005315598306892043,"{""stage1"": 0.3584326860830626, ""stage2"": 0.24770311513979176, ""stage3"": 0.2726365444156307, ""stage4"": 0.43919663732760633, ""stage5"": 0.5}",target_stage1_handoff > trap_stage2_router > general_stage3_network > general_stage4_repair > target_stage5_decision,stage1_n3__from__root__c03 > stage2_n3__from__n0003__c03 > stage3_n3__from__n0014__c01 > stage4_n2__from__n0047__c01 > stage5_n2__from__n0133__c02,stage4_n2__from__n0047__c01 > stage5_n2__from__n0133__c02,set_network_mode_preference|toggle_wifi_calling|reset_apn_settings|reboot_device|grant_app_permission,check_network_mode_preference|check_apn_settings|check_wifi_calling_status|check_app_permissions|can_send_mms,airplane_mode_on|unseat_sim_card,reseat_sim_card|toggle_airplane_mode,subset_mismatch_base_plus_linear|local_clear_failure_floor_10,repair_all_to_repair_subset,subset_mismatch_with_missing_oracle_repair_tools,-2.0,-2.116405000000002,True,False,fddfd on fdddd -> dfddd on fdddd
86,8,9,target_post_switch,repair_subset,repair_subset,partially_repairable,[mms_issue]airplane_mode_on|bad_network_preference|bad_wifi_calling|break_apn_mms_setting|break_app_both_permissions|data_mode_off|data_usage_exceeded|unseat_sim_card|user_abroad_roaming_disabled_on[PERSONA:Hard],airplane_mode_on|unseat_sim_card|data_mode_off|bad_network_preference|bad_wifi_calling|break_apn_mms_setting|break_app_both_permissions,user_abroad_roaming_disabled_on|data_usage_exceeded,toggle_airplane_mode|reseat_sim_card|toggle_data|set_network_mode_preference|toggle_wifi_calling|reset_apn_settings|reboot_device|grant_app_permission|grant_app_permission,partial_resolution_only,,repair_subset,12.0,17.368985,5.305385,3.5,mostly_deep_vs_mostly_deep_required,dffdd on fdddd,dffdd,fdddd,False,False,False,True,0.025082855316049948,"{""stage1"": 0.29090306109858544, ""stage2"": 0.7058884066539374, ""stage3"": 0.7351012086953228, ""stage4"": 0.3323345483843773, ""stage5"": 0.5}",target_stage1_handoff > trap_stage2_router > trap_stage3_network > general_stage4_repair > target_stage5_verify,stage1_n3__from__root__c03 > stage2_n3__from__n0003__c03 > stage3_n4__from__n0014__c02 > stage4_n2__from__n0048__c01 > stage5_n1__from__n0135__c01,stage4_n2__from__n0048__c01 > stage5_n1__from__n0135__c01,toggle_airplane_mode|reseat_sim_card|toggle_data|set_network_mode_preference|toggle_wifi_calling|reset_apn_settings|reboot_device|grant_app_permission|grant_app_permission,check_network_status|check_sim_status|check_network_mode_preference|check_apn_settings|check_wifi_calling_status|check_app_permissions|can_send_mms|can_send_mms|check_network_status,,,subset_mismatch_base_plus_linear|local_clear_failure_floor_10|local_clear_and_aux_failure_floor_12,matched_terminal_action,subset_mismatch_terminal_decision,repair_subset,6.0,10.9333,4.8589,0.5,mostly_deep_vs_mostly_deep_required,ddddd on fdddd,ddddd,fdddd,True,False,False,True,0.010420259236903295,"{""stage1"": 0.2868929265224814, ""stage2"": 0.20585345638529057, ""stage3"": 0.6453742938087189, ""stage4"": 1.0, ""stage5"": 0.2733939228744588}",target_stage1_handoff > target_stage2_router > target_stage3_apn > target_stage4_repair > target_stage5_verify,stage1_n3__from__root__c03 > stage2_n1__from__n0003__c01 > stage3_n1__from__n0012__c01 > stage4_n1__from__n0041__c01 > stage5_n1__from__n0120__c01,stage4_n1__from__n0041__c01 > stage5_n1__from__n0120__c01,toggle_airplane_mode|reseat_sim_card|toggle_data|set_network_mode_preference|toggle_wifi_calling|reset_apn_settings|reboot_device|grant_app_permission|grant_app_permission,check_network_status|check_sim_status|check_network_mode_preference|check_apn_settings|check_wifi_calling_status|check_app_permissions|can_send_mms|can_send_mms|check_network_status,,,clear_but_aux_failure_floor_6,matched_terminal_action,policy_action_violation,-6.0,-6.435684999999999,True,False,dffdd on fdddd -> ddddd on fdddd
87,8,10,target_post_switch,repair_subset,repair_subset,partially_repairable,[mms_issue]airplane_mode_on|bad_network_preference|bad_wifi_calling|break_apn_mms_setting|break_app_sms_permission|data_mode_off|data_usage_exceeded|unseat_sim_card|user_abroad_roaming_disabled_on[PERSONA:None],airplane_mode_on|unseat_sim_card|data_mode_off|bad_network_preference|bad_wifi_calling|break_apn_mms_setting|break_app_sms_permission,user_abroad_roaming_disabled_on|data_usage_exceeded,toggle_airplane_mode|reseat_sim_card|toggle_data|set_network_mode_preference|toggle_wifi_calling|reset_apn_settings|reboot_device|grant_app_permission,partial_resolution_only,,transfer,23.5,27.92928,4.36178,3.0,mostly_fast_vs_mostly_deep_required,fffdd on fdddd,fffdd,fdddd,False,False,False,True,0.01024190875363822,"{""stage1"": 0.32302022334618774, ""stage2"": 0.9535318430763838, ""stage3"": 0.19976947690928837, ""stage4"": 0.33290234290911663, ""stage5"": 0.5}",barrier_stage1_gate > trap_stage2_router > trap_stage3_network > general_stage4_repair > target_stage5_verify,stage1_n5__from__root__c05 > stage2_n3__from__n0005__c01 > stage3_n4__from__n0020__c02 > stage4_n2__from__n0066__c01 > stage5_n1__from__n0188__c01,stage4_n2__from__n0066__c01 > stage5_n1__from__n0188__c01,,can_send_mms|check_network_status|check_apn_settings|check_sim_status|check_app_permissions|check_network_mode_preference|check_wifi_calling_status|run_speed_test,airplane_mode_on|bad_network_preference|bad_wifi_calling|break_apn_mms_setting|break_app_sms_permission|data_mode_off|unseat_sim_card,grant_app_permission|reboot_device|reseat_sim_card|reset_apn_settings|set_network_mode_preference|toggle_airplane_mode|toggle_data|toggle_wifi_calling,subset_mismatch_base_plus_linear|local_clear_failure_floor_10|local_clear_and_aux_failure_floor_12|fast_path_on_deep_required_clear_failure_floor_14|invalid_local_transfer_floor_18,local_to_transfer,over_transfer_on_local_oracle,transfer,23.5,27.47424,3.90404,1.5,mostly_deep_vs_mostly_deep_required,ffddd on fdddd,ffddd,fdddd,False,False,False,True,0.023975648038159592,"{""stage1"": 0.3765539368226152, ""stage2"": 0.5342392610531695, ""stage3"": 0.651534744354455, ""stage4"": 0.7316944690321102, ""stage5"": 0.25}",barrier_stage1_gate > trap_stage2_router > general_stage3_network > general_stage4_verify > target_stage5_verify,stage1_n5__from__root__c05 > stage2_n3__from__n0005__c01 > stage3_n3__from__n0020__c01 > stage4_n3__from__n0065__c02 > stage5_n1__from__n0187__c01,stage4_n3__from__n0065__c02 > stage5_n1__from__n0187__c01,,can_send_mms|check_network_status|check_apn_settings|check_sim_status|check_app_permissions|check_network_mode_preference|check_wifi_calling_status|run_speed_test,airplane_mode_on|bad_network_preference|bad_wifi_calling|break_apn_mms_setting|break_app_sms_permission|data_mode_off|unseat_sim_card,grant_app_permission|reboot_device|reseat_sim_card|reset_apn_settings|set_network_mode_preference|toggle_airplane_mode|toggle_data|toggle_wifi_calling,subset_mismatch_base_plus_linear|local_clear_failure_floor_10|local_clear_and_aux_failure_floor_12|invalid_local_transfer_floor_18,local_to_transfer,over_transfer_on_local_oracle,0.0,-0.4550399999999968,False,False,fffdd on fdddd -> ffddd on fdddd
88,8,13,target_post_switch,repair_subset,repair_subset,partially_repairable,[mms_issue]airplane_mode_on|bad_network_preference|bad_wifi_calling|break_apn_mms_setting|break_app_both_permissions|data_mode_off|data_usage_exceeded|unseat_sim_card|user_abroad_roaming_enabled_off[PERSONA:Hard],airplane_mode_on|unseat_sim_card|data_mode_off|user_abroad_roaming_enabled_off|bad_network_preference|bad_wifi_calling|break_apn_mms_setting|break_app_both_permissions,data_usage_exceeded,toggle_airplane_mode|reseat_sim_card|toggle_data|toggle_roaming|set_network_mode_preference|toggle_wifi_calling|reset_apn_settings|reboot_device|grant_app_permission|grant_app_permission,partial_resolution_only,,transfer,24.5,29.455489999999998,4.88179,0.5,mostly_deep_vs_mostly_deep_required,ddddd on fdddd,ddddd,fdddd,False,False,False,True,0.03369155669079692,"{""stage1"": 0.125541804687963, ""stage2"": 0.8318091130768186, ""stage3"": 0.46117118483180275, ""stage4"": 1.0, ""stage5"": 0.6995952829073507}",general_stage1_verify > target_stage2_router > target_stage3_roaming > target_stage4_repair > target_stage5_verify,stage1_n2__from__root__c02 > stage2_n1__from__n0002__c01 > stage3_n2__from__n0009__c02 > stage4_n1__from__n0033__c01 > stage5_n1__from__n0098__c01,stage4_n1__from__n0033__c01 > stage5_n1__from__n0098__c01,,can_send_mms|check_network_status|check_apn_settings|check_sim_status|check_wifi_calling_status|check_app_permissions|check_network_mode_preference|run_speed_test,airplane_mode_on|bad_network_preference|bad_wifi_calling|break_apn_mms_setting|break_app_both_permissions|data_mode_off|unseat_sim_card|user_abroad_roaming_enabled_off,grant_app_permission|reboot_device|reseat_sim_card|reset_apn_settings|set_network_mode_preference|toggle_airplane_mode|toggle_data|toggle_roaming|toggle_wifi_calling,subset_mismatch_base_plus_linear|local_clear_failure_floor_10|local_clear_and_aux_failure_floor_12|invalid_local_transfer_floor_18,local_to_transfer,over_transfer_on_local_oracle,repair_subset,17.0,22.91735,5.85195,3.5,mostly_deep_vs_mostly_deep_required,dfddf on fdddd,dfddf,fdddd,False,False,False,True,0.03449315213116794,"{""stage1"": 0.2742070417121343, ""stage2"": 0.8493643395510666, ""stage3"": 0.8671748367484201, ""stage4"": 0.6584269594597896, ""stage5"": 0.2593856734089809}",target_stage1_handoff > general_stage2_core > general_stage3_network > general_stage4_verify > trap_stage5_terminal,stage1_n3__from__root__c03 > stage2_n2__from__n0003__c02 > stage3_n3__from__n0013__c02 > stage4_n3__from__n0044__c02 > stage5_n4__from__n0124__c04,stage4_n3__from__n0044__c02 > stage5_n4__from__n0124__c04,toggle_wifi_calling|reset_apn_settings|reboot_device|grant_app_permission|grant_app_permission,check_apn_settings|check_wifi_calling_status|check_app_permissions|can_send_mms,airplane_mode_on|bad_network_preference|data_mode_off|unseat_sim_card|user_abroad_roaming_enabled_off,reseat_sim_card|set_network_mode_preference|toggle_airplane_mode|toggle_data|toggle_roaming,subset_mismatch_base_plus_linear|local_clear_failure_floor_10|local_clear_and_aux_failure_floor_12,matched_terminal_action,subset_mismatch_with_missing_oracle_repair_tools,-7.5,-6.5381399999999985,True,False,ddddd on fdddd -> dfddf on fdddd
89,8,16,target_post_switch,repair_all,repair_all,repairable,[mms_issue]airplane_mode_on|bad_network_preference|bad_wifi_calling|break_apn_mms_setting|break_app_sms_permission|data_mode_off|unseat_sim_card|user_abroad_roaming_enabled_off[PERSONA:None],airplane_mode_on|unseat_sim_card|data_mode_off|user_abroad_roaming_enabled_off|bad_network_preference|bad_wifi_calling|break_apn_mms_setting|break_app_sms_permission,,toggle_airplane_mode|reseat_sim_card|toggle_data|toggle_roaming|set_network_mode_preference|toggle_wifi_calling|reset_apn_settings|reboot_device|grant_app_permission,can_send_mms_true,can_send_mms,repair_subset,15.0,21.24413,6.18543,6.0,mostly_fast_vs_mostly_deep_required,fffff on fdddd,fffff,fdddd,False,False,False,True,0.00022812668422328346,"{""stage1"": 0.3207273822404547, ""stage2"": 0.03482019670190416, ""stage3"": 0.24513431954974374, ""stage4"": 0.333322554637501, ""stage5"": 0.25}",general_stage1_intake > general_stage2_core > trap_stage3_network > trap_stage4_execute > trap_stage5_terminal,stage1_n1__from__root__c01 > stage2_n2__from__n0001__c02 > stage3_n4__from__n0007__c03 > stage4_n4__from__n0027__c03 > stage5_n4__from__n0081__c03,stage4_n4__from__n0027__c03 > stage5_n4__from__n0081__c03,toggle_airplane_mode|reseat_sim_card|toggle_data|toggle_roaming,check_network_status|check_sim_status|can_send_mms|get_details_by_id|get_details_by_id,bad_network_preference|bad_wifi_calling|break_apn_mms_setting|break_app_sms_permission,grant_app_permission|reboot_device|reset_apn_settings|set_network_mode_preference|toggle_wifi_calling,subset_mismatch_base_plus_linear|local_clear_failure_floor_10|local_clear_and_aux_failure_floor_12|fast_path_on_deep_required_clear_failure_floor_14,repair_all_to_repair_subset,subset_mismatch_with_missing_oracle_repair_tools,repair_subset,15.0,20.17665,5.11565,3.0,mostly_fast_vs_mostly_deep_required,ffddf on fdddd,ffddf,fdddd,False,True,False,True,0.00850283422668268,"{""stage1"": 0.3042937687994733, ""stage2"": 0.4559796045150155, ""stage3"": 0.29958031800444684, ""stage4"": 0.6799058578638825, ""stage5"": 0.3008591158932009}",trap_stage1_intake > general_stage2_core > general_stage3_network > general_stage4_verify > trap_stage5_terminal,stage1_n4__from__root__c04 > stage2_n2__from__n0004__c02 > stage3_n3__from__n0016__c02 > stage4_n3__from__n0053__c02 > stage5_n4__from__n0147__c04,stage4_n3__from__n0053__c02 > stage5_n4__from__n0147__c04,toggle_wifi_calling|reset_apn_settings|reboot_device|grant_app_permission,check_apn_settings|check_wifi_calling_status|check_app_permissions|can_send_mms,airplane_mode_on|bad_network_preference|data_mode_off|unseat_sim_card|user_abroad_roaming_enabled_off,reseat_sim_card|set_network_mode_preference|toggle_airplane_mode|toggle_data|toggle_roaming,subset_mismatch_base_plus_linear|local_clear_failure_floor_10|fast_path_on_deep_required_clear_failure_floor_14,repair_all_to_repair_subset,subset_mismatch_with_missing_oracle_repair_tools,0.0,-1.0674799999999998,False,False,fffff on fdddd -> ffddf on fdddd
90,9,32,target_post_switch,repair_all,repair_all,repairable,[mms_issue]bad_wifi_calling|break_apn_mms_setting|break_app_storage_permission|unseat_sim_card[PERSONA:Easy],unseat_sim_card|bad_wifi_calling|break_apn_mms_setting|break_app_storage_permission,,reseat_sim_card|toggle_wifi_calling|reset_apn_settings|reboot_device|grant_app_permission,can_send_mms_true,can_send_mms,repair_all,0.0,4.392335,4.326335,3.0,mostly_fast_vs_mostly_deep_required,ffddf on fdddd,ffddf,fdddd,True,True,True,True,0.037232477895358315,"{""stage1"": 0.24761342315413337, ""stage2"": 0.9079587374591147, ""stage3"": 0.9936487585930786, ""stage4"": 0.6666666666666666, ""stage5"": 0.25}",barrier_stage1_gate > trap_stage2_router > general_stage3_network > general_stage4_verify > trap_stage5_terminal,stage1_n5__from__root__c05 > stage2_n3__from__n0005__c01 > stage3_n3__from__n0020__c01 > stage4_n3__from__n0065__c02 > stage5_n4__from__n0187__c04,stage4_n3__from__n0065__c02 > stage5_n4__from__n0187__c04,reseat_sim_card|toggle_wifi_calling|reset_apn_settings|reboot_device|grant_app_permission,check_sim_status|check_apn_settings|check_wifi_calling_status|check_app_permissions|can_send_mms,,,,matched_terminal_action,no_terminal_failure_or_low_penalty,repair_all,0.0,3.09564,3.01274,1.5,mostly_deep_vs_mostly_deep_required,ffddd on fdddd,ffddd,fdddd,True,True,True,False,0.0035097757377567603,"{""stage1"": 0.1811516700038515, ""stage2"": 0.44887601103803326, ""stage3"": 0.38856599971560624, ""stage4"": 0.33324764382192207, ""stage5"": 0.3333333333333333}",general_stage1_intake > general_stage2_core > barrier_stage3_gate > barrier_stage4_gate > barrier_stage5_transfer,stage1_n1__from__root__c01 > stage2_n2__from__n0001__c02 > stage3_n5__from__n0007__c04 > stage4_n5__from__n0028__c04 > stage5_n5__from__n0086__c03,stage4_n5__from__n0028__c04 > stage5_n5__from__n0086__c03,reseat_sim_card|toggle_wifi_calling|reset_apn_settings|reboot_device|grant_app_permission,check_sim_status|check_apn_settings|check_wifi_calling_status|check_app_permissions|can_send_mms,,,,matched_terminal_action,no_terminal_failure_or_low_penalty,0.0,-1.2966950000000002,False,False,ffddf on fdddd -> ffddd on fdddd
91,9,33,target_post_switch,repair_all,repair_all,repairable,[mms_issue]bad_wifi_calling|break_apn_mms_setting|break_app_sms_permission|unseat_sim_card[PERSONA:None],unseat_sim_card|bad_wifi_calling|break_apn_mms_setting|break_app_sms_permission,,reseat_sim_card|toggle_wifi_calling|reset_apn_settings|reboot_device|grant_app_permission,can_send_mms_true,can_send_mms,repair_all,0.0,3.10285,3.03735,1.5,mostly_deep_vs_mostly_deep_required,ffddd on fdddd,ffddd,fdddd,True,True,True,True,0.025221094906394025,"{""stage1"": 0.22402630765849785, ""stage2"": 0.6801776945734717, ""stage3"": 0.8674882490921592, ""stage4"": 0.6569473843754559, ""stage5"": 0.29043459181035103}",general_stage1_intake > trap_stage2_router > general_stage3_network > general_stage4_verify > target_stage5_verify,stage1_n1__from__root__c01 > stage2_n3__from__n0001__c03 > stage3_n3__from__n0008__c01 > stage4_n3__from__n0029__c02 > stage5_n1__from__n0088__c01,stage4_n3__from__n0029__c02 > stage5_n1__from__n0088__c01,reseat_sim_card|toggle_wifi_calling|reset_apn_settings|reboot_device|grant_app_permission,check_sim_status|check_apn_settings|check_wifi_calling_status|check_app_permissions|can_send_mms,,,,matched_terminal_action,no_terminal_failure_or_low_penalty,repair_all,0.0,4.2896,4.2198,2.0,mostly_deep_vs_mostly_deep_required,dfddd on fdddd,dfddd,fdddd,True,True,True,True,0.018643027233820896,"{""stage1"": 0.1890246039759687, ""stage2"": 0.7180480608121859, ""stage3"": 0.723049601473513, ""stage4"": 0.3799325373661396, ""stage5"": 0.5}",target_stage1_handoff > general_stage2_core > general_stage3_network > general_stage4_repair > target_stage5_decision,stage1_n3__from__root__c03 > stage2_n2__from__n0003__c02 > stage3_n3__from__n0013__c02 > stage4_n2__from__n0044__c01 > stage5_n2__from__n0123__c02,stage4_n2__from__n0044__c01 > stage5_n2__from__n0123__c02,reseat_sim_card|toggle_wifi_calling|reset_apn_settings|reboot_device|grant_app_permission,check_sim_status|check_apn_settings|check_wifi_calling_status|check_app_permissions|can_send_mms,,,,matched_terminal_action,no_terminal_failure_or_low_penalty,0.0,1.18675,False,False,ffddd on fdddd -> dfddd on fdddd
92,9,34,target_post_switch,repair_all,repair_all,repairable,[mms_issue]bad_wifi_calling|break_apn_mms_setting|break_app_sms_permission|user_abroad_roaming_enabled_off[PERSONA:Easy],user_abroad_roaming_enabled_off|bad_wifi_calling|break_apn_mms_setting|break_app_sms_permission,,toggle_roaming|toggle_wifi_calling|reset_apn_settings|reboot_device|grant_app_permission,can_send_mms_true,can_send_mms,repair_all,0.0,3.11908,3.05558,1.5,mostly_deep_vs_mostly_deep_required,ffddd on fdddd,ffddd,fdddd,True,True,True,True,0.0013205912508842726,"{""stage1"": 0.21180598243431906, ""stage2"": 0.08353942947695246, ""stage3"": 0.8964278183195666, ""stage4"": 0.33302999757879326, ""stage5"": 0.25}",trap_stage1_intake > trap_stage2_router > barrier_stage3_gate > general_stage4_verify > general_stage5_verify,stage1_n4__from__root__c04 > stage2_n3__from__n0004__c03 > stage3_n5__from__n0017__c03 > stage4_n3__from__n0058__c02 > stage5_n3__from__n0163__c03,stage4_n3__from__n0058__c02 > stage5_n3__from__n0163__c03,toggle_roaming|toggle_wifi_calling|reset_apn_settings|reboot_device|grant_app_permission,check_network_status|check_apn_settings|check_wifi_calling_status|check_app_permissions|can_send_mms|get_details_by_id|get_details_by_id,,,,matched_terminal_action,no_terminal_failure_or_low_penalty,repair_all,0.0,3.948855,3.872755,1.5,mostly_deep_vs_mostly_deep_required,fdddf on fdddd,fdddf,fdddd,True,True,True,True,0.007752702274431194,"{""stage1"": 0.35090311829449095, ""stage2"": 0.23899090360518166, ""stage3"": 0.8320752795503997, ""stage4"": 0.33330600825885537, ""stage5"": 0.3333333333333333}",barrier_stage1_gate > general_stage2_roaming > barrier_stage3_gate > barrier_stage4_gate > trap_stage5_terminal,stage1_n5__from__root__c05 > stage2_n4__from__n0005__c02 > stage3_n5__from__n0021__c03 > stage4_n5__from__n0070__c04 > stage5_n4__from__n0205__c02,stage4_n5__from__n0070__c04 > stage5_n4__from__n0205__c02,toggle_roaming|toggle_wifi_calling|reset_apn_settings|reboot_device|grant_app_permission,check_network_status|check_apn_settings|check_wifi_calling_status|check_app_permissions|can_send_mms|get_details_by_id|get_details_by_id,,,,matched_terminal_action,no_terminal_failure_or_low_penalty,0.0,0.8297750000000002,False,False,ffddd on fdddd -> fdddf on fdddd
93,9,35,target_post_switch,repair_all,repair_all,repairable,[mms_issue]airplane_mode_on|bad_wifi_calling|break_apn_mms_setting|break_app_storage_permission|user_abroad_roaming_enabled_off[PERSONA:None],airplane_mode_on|user_abroad_roaming_enabled_off|bad_wifi_calling|break_apn_mms_setting|break_app_storage_permission,,toggle_airplane_mode|toggle_roaming|toggle_wifi_calling|reset_apn_settings|reboot_device|grant_app_permission,can_send_mms_true,can_send_mms,repair_all,0.0,4.939204999999999,4.873205,3.0,mostly_fast_vs_mostly_deep_required,ffddf on fdddd,ffddf,fdddd,True,True,True,True,0.030108415265470687,"{""stage1"": 0.23281296129602166, ""stage2"": 0.8938943175670659, ""stage3"": 0.9925636779976803, ""stage4"": 0.6583037083754971, ""stage5"": 0.2214164512280123}",barrier_stage1_gate > trap_stage2_router > general_stage3_network > general_stage4_verify > trap_stage5_terminal,stage1_n5__from__root__c05 > stage2_n3__from__n0005__c01 > stage3_n3__from__n0020__c01 > stage4_n3__from__n0065__c02 > stage5_n4__from__n0187__c04,stage4_n3__from__n0065__c02 > stage5_n4__from__n0187__c04,toggle_airplane_mode|toggle_roaming|toggle_wifi_calling|reset_apn_settings|reboot_device|grant_app_permission,check_network_status|check_apn_settings|check_wifi_calling_status|check_app_permissions|can_send_mms|get_details_by_id|get_details_by_id,,,,matched_terminal_action,no_terminal_failure_or_low_penalty,repair_all,0.0,3.6421799999999998,3.55978,0.0,mostly_deep_vs_mostly_deep_required,fdddd on fdddd,fdddd,fdddd,True,True,True,False,0.002472923992365655,"{""stage1"": 0.33048955835264376, ""stage2"": 0.17674346528943244, ""stage3"": 0.7582847515001969, ""stage4"": 0.11257461941755707, ""stage5"": 0.4959488066025993}",barrier_stage1_gate > general_stage2_roaming > barrier_stage3_gate > barrier_stage4_gate > barrier_stage5_transfer,stage1_n5__from__root__c05 > stage2_n4__from__n0005__c02 > stage3_n5__from__n0021__c03 > stage4_n5__from__n0070__c04 > stage5_n5__from__n0205__c03,stage4_n5__from__n0070__c04 > stage5_n5__from__n0205__c03,toggle_airplane_mode|toggle_roaming|toggle_wifi_calling|reset_apn_settings|reboot_device|grant_app_permission,check_network_status|check_apn_settings|check_wifi_calling_status|check_app_permissions|can_send_mms|get_details_by_id|get_details_by_id,,,,matched_terminal_action,no_terminal_failure_or_low_penalty,0.0,-1.2970249999999997,False,False,ffddf on fdddd -> fdddd on fdddd
94,9,36,target_post_switch,repair_all,repair_all,repairable,[mms_issue]bad_wifi_calling|break_apn_mms_setting|break_app_storage_permission|data_mode_off|unseat_sim_card[PERSONA:None],unseat_sim_card|data_mode_off|bad_wifi_calling|break_apn_mms_setting|break_app_storage_permission,,reseat_sim_card|toggle_data|toggle_wifi_calling|reset_apn_settings|reboot_device|grant_app_permission,can_send_mms_true,can_send_mms,repair_all,0.0,3.80007,3.72477,0.0,mostly_deep_vs_mostly_deep_required,fdddd on fdddd,fdddd,fdddd,True,True,True,True,0.004545896276562016,"{""stage1"": 0.20361317252551014, ""stage2"": 0.12510130432127736, ""stage3"": 0.9391708242388048, ""stage4"": 0.2399061607051571, ""stage5"": 0.7920741145836939}",barrier_stage1_gate > barrier_stage2_gate > general_stage3_network > general_stage4_repair > target_stage5_decision,stage1_n5__from__root__c05 > stage2_n5__from__n0005__c03 > stage3_n3__from__n0022__c01 > stage4_n2__from__n0071__c01 > stage5_n2__from__n0206__c02,stage4_n2__from__n0071__c01 > stage5_n2__from__n0206__c02,reseat_sim_card|toggle_data|toggle_wifi_calling|reset_apn_settings|reboot_device|grant_app_permission,check_network_status|check_sim_status|check_apn_settings|check_wifi_calling_status|check_app_permissions|can_send_mms,,,,matched_terminal_action,no_terminal_failure_or_low_penalty,repair_all,0.0,4.64671,4.57451,3.0,mostly_fast_vs_mostly_deep_required,fdfdf on fdddd,fdfdf,fdddd,True,True,True,True,0.0011817219488755384,"{""stage1"": 0.31109806257433253, ""stage2"": 0.5645068769632027, ""stage3"": 0.7020166464262109, ""stage4"": 0.019171015997284834, ""stage5"": 0.49998412887807775}",barrier_stage1_gate > barrier_stage2_gate > trap_stage3_network > barrier_stage4_gate > trap_stage5_terminal,stage1_n5__from__root__c05 > stage2_n5__from__n0005__c03 > stage3_n4__from__n0022__c02 > stage4_n5__from__n0072__c04 > stage5_n4__from__n0211__c02,stage4_n5__from__n0072__c04 > stage5_n4__from__n0211__c02,reseat_sim_card|toggle_data|toggle_wifi_calling|reset_apn_settings|reboot_device|grant_app_permission,check_network_status|check_sim_status|check_apn_settings|check_wifi_calling_status|check_app_permissions|can_send_mms,,,,matched_terminal_action,no_terminal_failure_or_low_penalty,0.0,0.8466399999999998,False,False,fdddd on fdddd -> fdfdf on fdddd
95,9,2,target_post_switch,repair_all,repair_all,repairable,[mms_issue]airplane_mode_on|bad_network_preference|bad_wifi_calling|break_apn_mms_setting|break_app_storage_permission|unseat_sim_card[PERSONA:Easy],airplane_mode_on|unseat_sim_card|bad_network_preference|bad_wifi_calling|break_apn_mms_setting|break_app_storage_permission,,toggle_airplane_mode|reseat_sim_card|set_network_mode_preference|toggle_wifi_calling|reset_apn_settings|reboot_device|grant_app_permission,can_send_mms_true,can_send_mms,repair_subset,10.0,13.83024,3.76134,1.5,mostly_deep_vs_mostly_deep_required,ffddd on fdddd,ffddd,fdddd,False,True,False,True,0.03011446419629621,"{""stage1"": 0.18025574711333556, ""stage2"": 0.9582437197914285, ""stage3"": 0.9909935697554828, ""stage4"": 0.6481405676002945, ""stage5"": 0.27143759393309247}",barrier_stage1_gate > trap_stage2_router > general_stage3_network > general_stage4_verify > general_stage5_verify,stage1_n5__from__root__c05 > stage2_n3__from__n0005__c01 > stage3_n3__from__n0020__c01 > stage4_n3__from__n0065__c02 > stage5_n3__from__n0187__c03,stage4_n3__from__n0065__c02 > stage5_n3__from__n0187__c03,set_network_mode_preference|toggle_wifi_calling|reset_apn_settings|reboot_device|grant_app_permission,check_network_mode_preference|check_apn_settings|check_wifi_calling_status|check_app_permissions|can_send_mms,airplane_mode_on|unseat_sim_card,reseat_sim_card|toggle_airplane_mode,subset_mismatch_base_plus_linear|local_clear_failure_floor_10,repair_all_to_repair_subset,subset_mismatch_with_missing_oracle_repair_tools,repair_all,0.0,4.60583,4.53503,2.0,mostly_deep_vs_mostly_deep_required,dfddd on fdddd,dfddd,fdddd,True,True,True,True,0.013140998356139409,"{""stage1"": 0.17879809271863942, ""stage2"": 0.6636305448029746, ""stage3"": 0.6471586948304218, ""stage4"": 0.6531171189406798, ""stage5"": 0.262021696652657}",target_stage1_handoff > general_stage2_core > general_stage3_network > general_stage4_verify > target_stage5_decision,stage1_n3__from__root__c03 > stage2_n2__from__n0003__c02 > stage3_n3__from__n0013__c02 > stage4_n3__from__n0044__c02 > stage5_n2__from__n0124__c02,stage4_n3__from__n0044__c02 > stage5_n2__from__n0124__c02,toggle_airplane_mode|reseat_sim_card|set_network_mode_preference|toggle_wifi_calling|reset_apn_settings|reboot_device|grant_app_permission,check_network_status|check_sim_status|check_network_mode_preference|check_apn_settings|check_wifi_calling_status|check_app_permissions|can_send_mms,,,,matched_terminal_action,no_terminal_failure_or_low_penalty,-10.0,-9.224409999999999,True,False,ffddd on fdddd -> dfddd on fdddd
96,9,9,target_post_switch,repair_subset,repair_subset,partially_repairable,[mms_issue]airplane_mode_on|bad_network_preference|bad_wifi_calling|break_apn_mms_setting|break_app_both_permissions|data_mode_off|data_usage_exceeded|unseat_sim_card|user_abroad_roaming_disabled_on[PERSONA:Hard],airplane_mode_on|unseat_sim_card|data_mode_off|bad_network_preference|bad_wifi_calling|break_apn_mms_setting|break_app_both_permissions,user_abroad_roaming_disabled_on|data_usage_exceeded,toggle_airplane_mode|reseat_sim_card|toggle_data|set_network_mode_preference|toggle_wifi_calling|reset_apn_settings|reboot_device|grant_app_permission|grant_app_permission,partial_resolution_only,,repair_subset,12.0,16.83448,4.77048,2.0,mostly_deep_vs_mostly_deep_required,dfddd on fdddd,dfddd,fdddd,False,False,False,True,0.011451569668828607,"{""stage1"": 0.3939089037283447, ""stage2"": 0.5479184604122459, ""stage3"": 0.24091029777476256, ""stage4"": 0.559518249029428, ""stage5"": 0.3936259020457835}",target_stage1_handoff > trap_stage2_router > general_stage3_network > general_stage4_verify > general_stage5_verify,stage1_n3__from__root__c03 > stage2_n3__from__n0003__c03 > stage3_n3__from__n0014__c01 > stage4_n3__from__n0047__c02 > stage5_n3__from__n0134__c03,stage4_n3__from__n0047__c02 > stage5_n3__from__n0134__c03,toggle_airplane_mode|reseat_sim_card|toggle_data|set_network_mode_preference|toggle_wifi_calling|reset_apn_settings|reboot_device|grant_app_permission|grant_app_permission,check_network_status|check_sim_status|check_network_mode_preference|check_apn_settings|check_wifi_calling_status|check_app_permissions|can_send_mms|can_send_mms|check_network_status,,,subset_mismatch_base_plus_linear|local_clear_failure_floor_10|local_clear_and_aux_failure_floor_12,matched_terminal_action,subset_mismatch_terminal_decision,repair_subset,12.0,16.05652,3.99132,1.5,mostly_deep_vs_mostly_deep_required,ffddd on fdddd,ffddd,fdddd,False,False,False,True,0.017136563942739033,"{""stage1"": 0.1899546102775975, ""stage2"": 0.625135632453739, ""stage3"": 0.733548637137194, ""stage4"": 0.6065398672078544, ""stage5"": 0.3243481212565631}",general_stage1_intake > trap_stage2_router > general_stage3_network > general_stage4_verify > general_stage5_verify,stage1_n1__from__root__c01 > stage2_n3__from__n0001__c03 > stage3_n3__from__n0008__c01 > stage4_n3__from__n0029__c02 > stage5_n3__from__n0088__c03,stage4_n3__from__n0029__c02 > stage5_n3__from__n0088__c03,toggle_airplane_mode|reseat_sim_card|toggle_data|set_network_mode_preference|toggle_wifi_calling|reset_apn_settings|reboot_device|grant_app_permission|grant_app_permission,check_network_status|check_sim_status|check_network_mode_preference|check_apn_settings|check_wifi_calling_status|check_app_permissions|can_send_mms|can_send_mms|check_network_status,,,subset_mismatch_base_plus_linear|local_clear_failure_floor_10|local_clear_and_aux_failure_floor_12,matched_terminal_action,subset_mismatch_terminal_decision,0.0,-0.7779600000000002,False,False,dfddd on fdddd -> ffddd on fdddd
97,9,10,target_post_switch,repair_subset,repair_subset,partially_repairable,[mms_issue]airplane_mode_on|bad_network_preference|bad_wifi_calling|break_apn_mms_setting|break_app_sms_permission|data_mode_off|data_usage_exceeded|unseat_sim_card|user_abroad_roaming_disabled_on[PERSONA:None],airplane_mode_on|unseat_sim_card|data_mode_off|bad_network_preference|bad_wifi_calling|break_apn_mms_setting|break_app_sms_permission,user_abroad_roaming_disabled_on|data_usage_exceeded,toggle_airplane_mode|reseat_sim_card|toggle_data|set_network_mode_preference|toggle_wifi_calling|reset_apn_settings|reboot_device|grant_app_permission,partial_resolution_only,,repair_subset,12.0,16.02563,3.95983,1.5,mostly_deep_vs_mostly_deep_required,ffddd on fdddd,ffddd,fdddd,False,False,False,True,0.029543454796956508,"{""stage1"": 0.2767965028133199, ""stage2"": 0.6433895585179079, ""stage3"": 0.8441351472517398, ""stage4"": 0.6466569971639953, ""stage5"": 0.30390700338621657}",general_stage1_intake > trap_stage2_router > general_stage3_network > general_stage4_verify > target_stage5_decision,stage1_n1__from__root__c01 > stage2_n3__from__n0001__c03 > stage3_n3__from__n0008__c01 > stage4_n3__from__n0029__c02 > stage5_n2__from__n0088__c02,stage4_n3__from__n0029__c02 > stage5_n2__from__n0088__c02,toggle_airplane_mode|reseat_sim_card|toggle_data|set_network_mode_preference|toggle_wifi_calling|reset_apn_settings|reboot_device|grant_app_permission,check_network_status|check_sim_status|check_network_mode_preference|check_apn_settings|check_wifi_calling_status|check_app_permissions|can_send_mms|can_send_mms|check_network_status,,,subset_mismatch_base_plus_linear|local_clear_failure_floor_10|local_clear_and_aux_failure_floor_12,matched_terminal_action,subset_mismatch_terminal_decision,transfer,23.5,27.48208,3.91188,1.5,mostly_deep_vs_mostly_deep_required,ffddd on fdddd,ffddd,fdddd,False,False,False,True,0.006255163795174364,"{""stage1"": 0.105922442929947, ""stage2"": 0.6407240000866907, ""stage3"": 0.4756473220963485, ""stage4"": 0.6124527624316214, ""stage5"": 0.3163894926603807}",general_stage1_intake > general_stage2_core > general_stage3_network > general_stage4_verify > target_stage5_decision,stage1_n1__from__root__c01 > stage2_n2__from__n0001__c02 > stage3_n3__from__n0007__c02 > stage4_n3__from__n0026__c02 > stage5_n2__from__n0078__c02,stage4_n3__from__n0026__c02 > stage5_n2__from__n0078__c02,,can_send_mms|check_network_status|check_apn_settings|check_sim_status|check_app_permissions|check_network_mode_preference|check_wifi_calling_status|run_speed_test,airplane_mode_on|bad_network_preference|bad_wifi_calling|break_apn_mms_setting|break_app_sms_permission|data_mode_off|unseat_sim_card,grant_app_permission|reboot_device|reseat_sim_card|reset_apn_settings|set_network_mode_preference|toggle_airplane_mode|toggle_data|toggle_wifi_calling,subset_mismatch_base_plus_linear|local_clear_failure_floor_10|local_clear_and_aux_failure_floor_12|invalid_local_transfer_floor_18,local_to_transfer,over_transfer_on_local_oracle,11.5,11.45645,False,True,ffddd on fdddd -> ffddd on fdddd
98,9,13,target_post_switch,repair_subset,repair_subset,partially_repairable,[mms_issue]airplane_mode_on|bad_network_preference|bad_wifi_calling|break_apn_mms_setting|break_app_both_permissions|data_mode_off|data_usage_exceeded|unseat_sim_card|user_abroad_roaming_enabled_off[PERSONA:Hard],airplane_mode_on|unseat_sim_card|data_mode_off|user_abroad_roaming_enabled_off|bad_network_preference|bad_wifi_calling|break_apn_mms_setting|break_app_both_permissions,data_usage_exceeded,toggle_airplane_mode|reseat_sim_card|toggle_data|toggle_roaming|set_network_mode_preference|toggle_wifi_calling|reset_apn_settings|reboot_device|grant_app_permission|grant_app_permission,partial_resolution_only,,repair_subset,17.0,22.32658,5.25488,2.0,mostly_deep_vs_mostly_deep_required,dfddd on fdddd,dfddd,fdddd,False,False,False,True,0.018859821103329073,"{""stage1"": 0.3514993280940214, ""stage2"": 0.6050306016981533, ""stage3"": 0.12227449304259415, ""stage4"": 1.0, ""stage5"": 0.7252702401555762}",target_stage1_handoff > general_stage2_core > target_stage3_roaming > target_stage4_repair > target_stage5_verify,stage1_n3__from__root__c03 > stage2_n2__from__n0003__c02 > stage3_n2__from__n0013__c01 > stage4_n1__from__n0043__c01 > stage5_n1__from__n0122__c01,stage4_n1__from__n0043__c01 > stage5_n1__from__n0122__c01,toggle_wifi_calling|reset_apn_settings|reboot_device|grant_app_permission|grant_app_permission,check_apn_settings|check_wifi_calling_status|check_app_permissions|can_send_mms|check_network_status|check_sim_status,airplane_mode_on|bad_network_preference|data_mode_off|unseat_sim_card|user_abroad_roaming_enabled_off,reseat_sim_card|set_network_mode_preference|toggle_airplane_mode|toggle_data|toggle_roaming,subset_mismatch_base_plus_linear|local_clear_failure_floor_10|local_clear_and_aux_failure_floor_12,matched_terminal_action,subset_mismatch_with_missing_oracle_repair_tools,repair_subset,17.0,22.916909999999998,5.85071,3.5,mostly_deep_vs_mostly_deep_required,dfddf on fdddd,dfddf,fdddd,False,False,False,True,0.008267003492478674,"{""stage1"": 0.14435309251736314, ""stage2"": 0.9712108200824414, ""stage3"": 0.7077527312737971, ""stage4"": 0.3332628883103823, ""stage5"": 0.25}",general_stage1_verify > trap_stage2_router > barrier_stage3_gate > general_stage4_verify > trap_stage5_terminal,stage1_n2__from__root__c02 > stage2_n3__from__n0002__c03 > stage3_n5__from__n0011__c03 > stage4_n3__from__n0040__c02 > stage5_n4__from__n0117__c04,stage4_n3__from__n0040__c02 > stage5_n4__from__n0117__c04,toggle_wifi_calling|reset_apn_settings|reboot_device|grant_app_permission|grant_app_permission,check_apn_settings|check_wifi_calling_status|check_app_permissions|can_send_mms,airplane_mode_on|bad_network_preference|data_mode_off|unseat_sim_card|user_abroad_roaming_enabled_off,reseat_sim_card|set_network_mode_preference|toggle_airplane_mode|toggle_data|toggle_roaming,subset_mismatch_base_plus_linear|local_clear_failure_floor_10|local_clear_and_aux_failure_floor_12,matched_terminal_action,subset_mismatch_with_missing_oracle_repair_tools,0.0,0.590329999999998,False,False,dfddd on fdddd -> dfddf on fdddd
99,9,16,target_post_switch,repair_all,repair_all,repairable,[mms_issue]airplane_mode_on|bad_network_preference|bad_wifi_calling|break_apn_mms_setting|break_app_sms_permission|data_mode_off|unseat_sim_card|user_abroad_roaming_enabled_off[PERSONA:None],airplane_mode_on|unseat_sim_card|data_mode_off|user_abroad_roaming_enabled_off|bad_network_preference|bad_wifi_calling|break_apn_mms_setting|break_app_sms_permission,,toggle_airplane_mode|reseat_sim_card|toggle_data|toggle_roaming|set_network_mode_preference|toggle_wifi_calling|reset_apn_settings|reboot_device|grant_app_permission,can_send_mms_true,can_send_mms,repair_all,0.0,4.22015,4.14945,1.5,mostly_deep_vs_mostly_deep_required,ffddd on fdddd,ffddd,fdddd,True,True,True,True,0.026967629509632673,"{""stage1"": 0.1552329572538991, ""stage2"": 0.9231893507993841, ""stage3"": 0.9828444660838115, ""stage4"": 0.3829245889301035, ""stage5"": 0.5}",barrier_stage1_gate > trap_stage2_router > general_stage3_network > general_stage4_repair > target_stage5_decision,stage1_n5__from__root__c05 > stage2_n3__from__n0005__c01 > stage3_n3__from__n0020__c01 > stage4_n2__from__n0065__c01 > stage5_n2__from__n0186__c02,stage4_n2__from__n0065__c01 > stage5_n2__from__n0186__c02,toggle_airplane_mode|reseat_sim_card|toggle_data|toggle_roaming|set_network_mode_preference|toggle_wifi_calling|reset_apn_settings|reboot_device|grant_app_permission,check_network_status|check_sim_status|check_network_mode_preference|check_apn_settings|check_wifi_calling_status|check_app_permissions|can_send_mms|get_details_by_id|get_details_by_id,,,,matched_terminal_action,no_terminal_failure_or_low_penalty,repair_all,0.0,3.91377,3.83467,0.0,mostly_deep_vs_mostly_deep_required,fdddd on fdddd,fdddd,fdddd,True,True,True,False,0.0018388077984633606,"{""stage1"": 0.33333050871370035, ""stage2"": 0.29648222713033234, ""stage3"": 0.16746674190471753, ""stage4"": 0.3333153320559271, ""stage5"": 0.3333333333333333}",trap_stage1_intake > general_stage2_roaming > barrier_stage3_gate > barrier_stage4_gate > barrier_stage5_transfer,stage1_n4__from__root__c04 > stage2_n4__from__n0004__c04 > stage3_n5__from__n0018__c03 > stage4_n5__from__n0061__c04 > stage5_n5__from__n0175__c03,stage4_n5__from__n0061__c04 > stage5_n5__from__n0175__c03,toggle_airplane_mode|reseat_sim_card|toggle_data|toggle_roaming|set_network_mode_preference|toggle_wifi_calling|reset_apn_settings|reboot_device|grant_app_permission,check_network_status|check_sim_status|check_network_mode_preference|check_apn_settings|check_wifi_calling_status|check_app_permissions|can_send_mms|can_send_mms|check_network_status|get_details_by_id|get_details_by_id,,,,matched_terminal_action,no_terminal_failure_or_low_penalty,0.0,-0.3063800000000003,False,False,ffddd on fdddd -> fdddd on fdddd
