original_task_id,static_decision,static_reasons,priority_score,expected_terminal_action,persona_level,num_blockers,blocker_family_tags,profile_switch_bucket,prior_calibration
[mms_issue]bad_network_preference[PERSONA:None],candidate,,132.0,repair_all,None,1,network_preference,trap_favoring,delete
[mms_issue]bad_wifi_calling[PERSONA:Easy],candidate,,-630.0,repair_all,Easy,1,wifi_calling,trap_favoring,keep
[mms_issue]break_apn_mms_setting[PERSONA:Hard],candidate,,215.0,repair_all,Hard,1,apn,neutral_other,delete
[mms_issue]break_app_sms_permission[PERSONA:None],candidate,,126.0,repair_all,None,1,permission,trap_favoring,delete
[mms_issue]break_app_storage_permission[PERSONA:Easy],candidate,,124.0,repair_all,Easy,1,permission,trap_favoring,delete
[mms_issue]break_app_both_permissions[PERSONA:Hard],candidate,,143.0,repair_all,Hard,1,permission,trap_favoring,delete
[mms_issue]airplane_mode_on|bad_network_preference[PERSONA:None],candidate,,-116.0,repair_all,None,2,network_preference,trap_favoring,
[mms_issue]airplane_mode_on|bad_wifi_calling[PERSONA:Easy],candidate,,-128.0,repair_all,Easy,2,wifi_calling,trap_favoring,
[mms_issue]airplane_mode_on|break_apn_mms_setting[PERSONA:Hard],candidate,,-33.0,repair_all,Hard,2,apn,neutral_other,
[mms_issue]airplane_mode_on|break_app_sms_permission[PERSONA:None],candidate,,-122.0,repair_all,None,2,permission,trap_favoring,
[mms_issue]airplane_mode_on|break_app_storage_permission[PERSONA:Easy],candidate,,126.0,repair_all,Easy,2,permission,trap_favoring,delete
[mms_issue]airplane_mode_on|break_app_both_permissions[PERSONA:Hard],candidate,,-105.0,repair_all,Hard,2,permission,trap_favoring,
[mms_issue]bad_network_preference|unseat_sim_card[PERSONA:None],candidate,,-36.0,repair_all,None,2,network_preference|sim,neutral_other,
[mms_issue]bad_wifi_calling|unseat_sim_card[PERSONA:Easy],candidate,,-48.0,repair_all,Easy,2,wifi_calling|sim,neutral_other,
[mms_issue]break_apn_mms_setting|unseat_sim_card[PERSONA:Hard],candidate,,-33.0,repair_all,Hard,2,apn|sim,neutral_other,
[mms_issue]break_app_sms_permission|unseat_sim_card[PERSONA:None],candidate,,-42.0,repair_all,None,2,permission|sim,neutral_other,
[mms_issue]break_app_storage_permission|unseat_sim_card[PERSONA:Easy],candidate,,206.0,repair_all,Easy,2,permission|sim,neutral_other,delete
[mms_issue]break_app_both_permissions|unseat_sim_card[PERSONA:Hard],candidate,,-25.0,repair_all,Hard,2,permission|sim,neutral_other,
[mms_issue]bad_network_preference|data_mode_off[PERSONA:None],candidate,,-116.0,repair_all,None,2,network_preference|data_mode,trap_favoring,
[mms_issue]bad_wifi_calling|data_mode_off[PERSONA:Easy],candidate,,-128.0,repair_all,Easy,2,wifi_calling|data_mode,trap_favoring,
[mms_issue]break_apn_mms_setting|data_mode_off[PERSONA:Hard],candidate,,-33.0,repair_all,Hard,2,apn|data_mode,neutral_other,
[mms_issue]break_app_sms_permission|data_mode_off[PERSONA:None],candidate,,-122.0,repair_all,None,2,permission|data_mode,trap_favoring,
[mms_issue]break_app_storage_permission|data_mode_off[PERSONA:Easy],candidate,,126.0,repair_all,Easy,2,permission|data_mode,trap_favoring,delete
[mms_issue]break_app_both_permissions|data_mode_off[PERSONA:Hard],candidate,,-105.0,repair_all,Hard,2,permission|data_mode,trap_favoring,
[mms_issue]bad_network_preference|data_usage_exceeded[PERSONA:None],candidate,,-90.0,repair_subset,None,2,network_preference|data_usage_exceeded,trap_favoring,
[mms_issue]bad_wifi_calling|data_usage_exceeded[PERSONA:Easy],candidate,,-102.0,repair_subset,Easy,2,wifi_calling|data_usage_exceeded,trap_favoring,
[mms_issue]break_apn_mms_setting|data_usage_exceeded[PERSONA:Hard],candidate,,-7.0,repair_subset,Hard,2,apn|data_usage_exceeded,neutral_other,
[mms_issue]break_app_sms_permission|data_usage_exceeded[PERSONA:None],candidate,,154.0,repair_subset,None,2,permission|data_usage_exceeded,trap_favoring,delete
[mms_issue]break_app_storage_permission|data_usage_exceeded[PERSONA:Easy],candidate,,152.0,repair_subset,Easy,2,permission|data_usage_exceeded,trap_favoring,delete
[mms_issue]break_app_both_permissions|data_usage_exceeded[PERSONA:Hard],candidate,,171.0,repair_subset,Hard,2,permission|data_usage_exceeded,trap_favoring,delete
[mms_issue]bad_network_preference|user_abroad_roaming_enabled_off[PERSONA:None],candidate,,-36.0,repair_all,None,2,network_preference|roaming_enabled_off,neutral_other,
[mms_issue]bad_wifi_calling|user_abroad_roaming_enabled_off[PERSONA:Easy],candidate,,-48.0,repair_all,Easy,2,wifi_calling|roaming_enabled_off,neutral_other,
[mms_issue]break_apn_mms_setting|user_abroad_roaming_enabled_off[PERSONA:Hard],candidate,,-33.0,repair_all,Hard,2,apn|roaming_enabled_off,neutral_other,
[mms_issue]break_app_sms_permission|user_abroad_roaming_enabled_off[PERSONA:None],candidate,,-42.0,repair_all,None,2,permission|roaming_enabled_off,neutral_other,
[mms_issue]break_app_storage_permission|user_abroad_roaming_enabled_off[PERSONA:Easy],candidate,,206.0,repair_all,Easy,2,permission|roaming_enabled_off,neutral_other,delete
[mms_issue]break_app_both_permissions|user_abroad_roaming_enabled_off[PERSONA:Hard],candidate,,-25.0,repair_all,Hard,2,permission|roaming_enabled_off,neutral_other,
[mms_issue]bad_network_preference|user_abroad_roaming_disabled_on[PERSONA:None],candidate,,-14.0,repair_subset,None,2,network_preference|roaming_disabled_on,neutral_other,
[mms_issue]bad_wifi_calling|user_abroad_roaming_disabled_on[PERSONA:Easy],candidate,,-26.0,repair_subset,Easy,2,wifi_calling|roaming_disabled_on,neutral_other,
[mms_issue]break_apn_mms_setting|user_abroad_roaming_disabled_on[PERSONA:Hard],candidate,,-11.0,repair_subset,Hard,2,apn|roaming_disabled_on,neutral_other,
[mms_issue]break_app_sms_permission|user_abroad_roaming_disabled_on[PERSONA:None],candidate,,230.0,repair_subset,None,2,permission|roaming_disabled_on,neutral_other,delete
[mms_issue]break_app_storage_permission|user_abroad_roaming_disabled_on[PERSONA:Easy],candidate,,-22.0,repair_subset,Easy,2,permission|roaming_disabled_on,neutral_other,
[mms_issue]break_app_both_permissions|user_abroad_roaming_disabled_on[PERSONA:Hard],candidate,,247.0,repair_subset,Hard,2,permission|roaming_disabled_on,neutral_other,delete
[mms_issue]bad_network_preference|user_abroad_roaming_disabled_off[PERSONA:None],static_delete,static_exclude_transfer_oracle;static_exclude_hybrid_roaming_disabled_off,1000.0,transfer,None,2,network_preference|hybrid_roaming_disabled_off,neutral_other,
[mms_issue]bad_wifi_calling|user_abroad_roaming_disabled_off[PERSONA:Easy],static_delete,static_exclude_transfer_oracle;static_exclude_hybrid_roaming_disabled_off,1000.0,transfer,Easy,2,wifi_calling|hybrid_roaming_disabled_off,neutral_other,
[mms_issue]break_apn_mms_setting|user_abroad_roaming_disabled_off[PERSONA:Hard],static_delete,static_exclude_transfer_oracle;static_exclude_hybrid_roaming_disabled_off,1000.0,transfer,Hard,2,apn|hybrid_roaming_disabled_off,neutral_other,
[mms_issue]break_app_sms_permission|user_abroad_roaming_disabled_off[PERSONA:None],static_delete,static_exclude_transfer_oracle;static_exclude_hybrid_roaming_disabled_off,1000.0,transfer,None,2,permission|hybrid_roaming_disabled_off,neutral_other,
[mms_issue]break_app_storage_permission|user_abroad_roaming_disabled_off[PERSONA:Easy],static_delete,static_exclude_transfer_oracle;static_exclude_hybrid_roaming_disabled_off,1000.0,transfer,Easy,2,permission|hybrid_roaming_disabled_off,neutral_other,
[mms_issue]break_app_both_permissions|user_abroad_roaming_disabled_off[PERSONA:Hard],static_delete,static_exclude_transfer_oracle;static_exclude_hybrid_roaming_disabled_off,1000.0,transfer,Hard,2,permission|hybrid_roaming_disabled_off,neutral_other,
[mms_issue]bad_network_preference|bad_wifi_calling[PERSONA:None],candidate,,-128.0,repair_all,None,2,wifi_calling|network_preference,trap_favoring,
[mms_issue]bad_network_preference|break_apn_mms_setting[PERSONA:Easy],candidate,,-36.0,repair_all,Easy,2,apn|network_preference,neutral_other,
[mms_issue]bad_network_preference|break_app_sms_permission[PERSONA:Hard],candidate,,-119.0,repair_all,Hard,2,permission|network_preference,trap_favoring,
[mms_issue]bad_network_preference|break_app_storage_permission[PERSONA:None],candidate,,126.0,repair_all,None,2,permission|network_preference,trap_favoring,delete
[mms_issue]bad_network_preference|break_app_both_permissions[PERSONA:Easy],candidate,,-108.0,repair_all,Easy,2,permission|network_preference,trap_favoring,
[mms_issue]bad_wifi_calling|break_apn_mms_setting[PERSONA:Hard],candidate,,-45.0,repair_all,Hard,2,apn|wifi_calling,neutral_other,
[mms_issue]bad_wifi_calling|break_app_sms_permission[PERSONA:None],candidate,,-134.0,repair_all,None,2,permission|wifi_calling,trap_favoring,
[mms_issue]bad_wifi_calling|break_app_storage_permission[PERSONA:Easy],candidate,,-636.0,repair_all,Easy,2,permission|wifi_calling,trap_favoring,keep
[mms_issue]bad_wifi_calling|break_app_both_permissions[PERSONA:Hard],candidate,,-117.0,repair_all,Hard,2,permission|wifi_calling,trap_favoring,
[mms_issue]break_apn_mms_setting|break_app_sms_permission[PERSONA:None],candidate,,-42.0,repair_all,None,2,apn|permission,neutral_other,
[mms_issue]break_apn_mms_setting|break_app_storage_permission[PERSONA:Easy],candidate,,-44.0,repair_all,Easy,2,apn|permission,neutral_other,
[mms_issue]break_apn_mms_setting|break_app_both_permissions[PERSONA:Hard],candidate,,-25.0,repair_all,Hard,2,apn|permission,neutral_other,
[mms_issue]airplane_mode_on|bad_network_preference|unseat_sim_card[PERSONA:None],candidate,,-34.0,repair_all,None,3,network_preference|sim,neutral_other,
[mms_issue]airplane_mode_on|bad_wifi_calling|unseat_sim_card[PERSONA:Easy],candidate,,-46.0,repair_all,Easy,3,wifi_calling|sim,neutral_other,
[mms_issue]airplane_mode_on|break_apn_mms_setting|unseat_sim_card[PERSONA:Hard],candidate,,-31.0,repair_all,Hard,3,apn|sim,neutral_other,
[mms_issue]airplane_mode_on|break_app_sms_permission|unseat_sim_card[PERSONA:None],candidate,,-40.0,repair_all,None,3,permission|sim,neutral_other,
[mms_issue]airplane_mode_on|break_app_storage_permission|unseat_sim_card[PERSONA:Easy],candidate,,-42.0,repair_all,Easy,3,permission|sim,neutral_other,
[mms_issue]airplane_mode_on|break_app_both_permissions|unseat_sim_card[PERSONA:Hard],candidate,,-23.0,repair_all,Hard,3,permission|sim,neutral_other,
[mms_issue]airplane_mode_on|bad_network_preference|data_mode_off[PERSONA:None],candidate,,-114.0,repair_all,None,3,network_preference|data_mode,trap_favoring,
[mms_issue]airplane_mode_on|bad_wifi_calling|data_mode_off[PERSONA:Easy],candidate,,-126.0,repair_all,Easy,3,wifi_calling|data_mode,trap_favoring,
[mms_issue]airplane_mode_on|break_apn_mms_setting|data_mode_off[PERSONA:Hard],candidate,,-31.0,repair_all,Hard,3,apn|data_mode,neutral_other,
[mms_issue]airplane_mode_on|break_app_sms_permission|data_mode_off[PERSONA:None],candidate,,-120.0,repair_all,None,3,permission|data_mode,trap_favoring,
[mms_issue]airplane_mode_on|break_app_storage_permission|data_mode_off[PERSONA:Easy],candidate,,-122.0,repair_all,Easy,3,permission|data_mode,trap_favoring,
[mms_issue]airplane_mode_on|break_app_both_permissions|data_mode_off[PERSONA:Hard],candidate,,-103.0,repair_all,Hard,3,permission|data_mode,trap_favoring,
[mms_issue]airplane_mode_on|bad_network_preference|data_usage_exceeded[PERSONA:None],candidate,,-87.0,repair_subset,None,3,network_preference|data_usage_exceeded,trap_favoring,
[mms_issue]airplane_mode_on|bad_wifi_calling|data_usage_exceeded[PERSONA:Easy],candidate,,-99.0,repair_subset,Easy,3,wifi_calling|data_usage_exceeded,trap_favoring,
[mms_issue]airplane_mode_on|break_apn_mms_setting|data_usage_exceeded[PERSONA:Hard],candidate,,-4.0,repair_subset,Hard,3,apn|data_usage_exceeded,neutral_other,
[mms_issue]airplane_mode_on|break_app_sms_permission|data_usage_exceeded[PERSONA:None],candidate,,-93.0,repair_subset,None,3,permission|data_usage_exceeded,trap_favoring,
[mms_issue]airplane_mode_on|break_app_storage_permission|data_usage_exceeded[PERSONA:Easy],candidate,,-95.0,repair_subset,Easy,3,permission|data_usage_exceeded,trap_favoring,
[mms_issue]airplane_mode_on|break_app_both_permissions|data_usage_exceeded[PERSONA:Hard],candidate,,174.0,repair_subset,Hard,3,permission|data_usage_exceeded,trap_favoring,delete
[mms_issue]airplane_mode_on|bad_network_preference|user_abroad_roaming_enabled_off[PERSONA:None],candidate,,-34.0,repair_all,None,3,network_preference|roaming_enabled_off,neutral_other,
[mms_issue]airplane_mode_on|bad_wifi_calling|user_abroad_roaming_enabled_off[PERSONA:Easy],candidate,,-46.0,repair_all,Easy,3,wifi_calling|roaming_enabled_off,neutral_other,
[mms_issue]airplane_mode_on|break_apn_mms_setting|user_abroad_roaming_enabled_off[PERSONA:Hard],candidate,,-31.0,repair_all,Hard,3,apn|roaming_enabled_off,neutral_other,
[mms_issue]airplane_mode_on|break_app_sms_permission|user_abroad_roaming_enabled_off[PERSONA:None],candidate,,-40.0,repair_all,None,3,permission|roaming_enabled_off,neutral_other,
[mms_issue]airplane_mode_on|break_app_storage_permission|user_abroad_roaming_enabled_off[PERSONA:Easy],candidate,,-42.0,repair_all,Easy,3,permission|roaming_enabled_off,neutral_other,
[mms_issue]airplane_mode_on|break_app_both_permissions|user_abroad_roaming_enabled_off[PERSONA:Hard],candidate,,-23.0,repair_all,Hard,3,permission|roaming_enabled_off,neutral_other,
[mms_issue]airplane_mode_on|bad_network_preference|user_abroad_roaming_disabled_on[PERSONA:None],candidate,,-11.0,repair_subset,None,3,network_preference|roaming_disabled_on,neutral_other,
[mms_issue]airplane_mode_on|bad_wifi_calling|user_abroad_roaming_disabled_on[PERSONA:Easy],candidate,,-23.0,repair_subset,Easy,3,wifi_calling|roaming_disabled_on,neutral_other,
[mms_issue]airplane_mode_on|break_apn_mms_setting|user_abroad_roaming_disabled_on[PERSONA:Hard],candidate,,-8.0,repair_subset,Hard,3,apn|roaming_disabled_on,neutral_other,
[mms_issue]airplane_mode_on|break_app_sms_permission|user_abroad_roaming_disabled_on[PERSONA:None],candidate,,-17.0,repair_subset,None,3,permission|roaming_disabled_on,neutral_other,
[mms_issue]airplane_mode_on|break_app_storage_permission|user_abroad_roaming_disabled_on[PERSONA:Easy],candidate,,-19.0,repair_subset,Easy,3,permission|roaming_disabled_on,neutral_other,
[mms_issue]airplane_mode_on|break_app_both_permissions|user_abroad_roaming_disabled_on[PERSONA:Hard],candidate,,0.0,repair_subset,Hard,3,permission|roaming_disabled_on,neutral_other,
[mms_issue]airplane_mode_on|bad_network_preference|user_abroad_roaming_disabled_off[PERSONA:None],static_delete,static_exclude_transfer_oracle;static_exclude_hybrid_roaming_disabled_off,1000.0,transfer,None,3,network_preference|hybrid_roaming_disabled_off,neutral_other,
[mms_issue]airplane_mode_on|bad_wifi_calling|user_abroad_roaming_disabled_off[PERSONA:Easy],static_delete,static_exclude_transfer_oracle;static_exclude_hybrid_roaming_disabled_off,1000.0,transfer,Easy,3,wifi_calling|hybrid_roaming_disabled_off,neutral_other,
[mms_issue]airplane_mode_on|break_apn_mms_setting|user_abroad_roaming_disabled_off[PERSONA:Hard],static_delete,static_exclude_transfer_oracle;static_exclude_hybrid_roaming_disabled_off,1000.0,transfer,Hard,3,apn|hybrid_roaming_disabled_off,neutral_other,
[mms_issue]airplane_mode_on|break_app_sms_permission|user_abroad_roaming_disabled_off[PERSONA:None],static_delete,static_exclude_transfer_oracle;static_exclude_hybrid_roaming_disabled_off,1000.0,transfer,None,3,permission|hybrid_roaming_disabled_off,neutral_other,
[mms_issue]airplane_mode_on|break_app_storage_permission|user_abroad_roaming_disabled_off[PERSONA:Easy],static_delete,static_exclude_transfer_oracle;static_exclude_hybrid_roaming_disabled_off,1000.0,transfer,Easy,3,permission|hybrid_roaming_disabled_off,neutral_other,
[mms_issue]airplane_mode_on|break_app_both_permissions|user_abroad_roaming_disabled_off[PERSONA:Hard],static_delete,static_exclude_transfer_oracle;static_exclude_hybrid_roaming_disabled_off,1000.0,transfer,Hard,3,permission|hybrid_roaming_disabled_off,neutral_other,
[mms_issue]airplane_mode_on|bad_network_preference|bad_wifi_calling[PERSONA:None],candidate,,-126.0,repair_all,None,3,wifi_calling|network_preference,trap_favoring,
[mms_issue]airplane_mode_on|bad_network_preference|break_apn_mms_setting[PERSONA:Easy],candidate,,-34.0,repair_all,Easy,3,apn|network_preference,neutral_other,
[mms_issue]airplane_mode_on|bad_network_preference|break_app_sms_permission[PERSONA:Hard],candidate,,133.0,repair_all,Hard,3,permission|network_preference,trap_favoring,delete
[mms_issue]airplane_mode_on|bad_network_preference|break_app_storage_permission[PERSONA:None],candidate,,-122.0,repair_all,None,3,permission|network_preference,trap_favoring,
[mms_issue]airplane_mode_on|bad_network_preference|break_app_both_permissions[PERSONA:Easy],candidate,,-106.0,repair_all,Easy,3,permission|network_preference,trap_favoring,
[mms_issue]airplane_mode_on|bad_wifi_calling|break_apn_mms_setting[PERSONA:Hard],candidate,,-43.0,repair_all,Hard,3,apn|wifi_calling,neutral_other,
[mms_issue]airplane_mode_on|bad_wifi_calling|break_app_sms_permission[PERSONA:None],candidate,,-632.0,repair_all,None,3,permission|wifi_calling,trap_favoring,keep
[mms_issue]airplane_mode_on|bad_wifi_calling|break_app_storage_permission[PERSONA:Easy],candidate,,-634.0,repair_all,Easy,3,permission|wifi_calling,trap_favoring,keep
[mms_issue]airplane_mode_on|bad_wifi_calling|break_app_both_permissions[PERSONA:Hard],candidate,,-115.0,repair_all,Hard,3,permission|wifi_calling,trap_favoring,
[mms_issue]airplane_mode_on|break_apn_mms_setting|break_app_sms_permission[PERSONA:None],candidate,,210.0,repair_all,None,3,apn|permission,neutral_other,delete
[mms_issue]airplane_mode_on|break_apn_mms_setting|break_app_storage_permission[PERSONA:Easy],candidate,,208.0,repair_all,Easy,3,apn|permission,neutral_other,delete
[mms_issue]airplane_mode_on|break_apn_mms_setting|break_app_both_permissions[PERSONA:Hard],candidate,,-23.0,repair_all,Hard,3,apn|permission,neutral_other,
[mms_issue]bad_network_preference|data_mode_off|unseat_sim_card[PERSONA:None],candidate,,-34.0,repair_all,None,3,network_preference|sim|data_mode,neutral_other,
[mms_issue]bad_wifi_calling|data_mode_off|unseat_sim_card[PERSONA:Easy],candidate,,-46.0,repair_all,Easy,3,wifi_calling|sim|data_mode,neutral_other,
[mms_issue]break_apn_mms_setting|data_mode_off|unseat_sim_card[PERSONA:Hard],candidate,,-31.0,repair_all,Hard,3,apn|sim|data_mode,neutral_other,
[mms_issue]break_app_sms_permission|data_mode_off|unseat_sim_card[PERSONA:None],candidate,,-40.0,repair_all,None,3,permission|sim|data_mode,neutral_other,
[mms_issue]break_app_storage_permission|data_mode_off|unseat_sim_card[PERSONA:Easy],candidate,,-42.0,repair_all,Easy,3,permission|sim|data_mode,neutral_other,
[mms_issue]break_app_both_permissions|data_mode_off|unseat_sim_card[PERSONA:Hard],candidate,,-23.0,repair_all,Hard,3,permission|sim|data_mode,neutral_other,
[mms_issue]bad_network_preference|data_usage_exceeded|unseat_sim_card[PERSONA:None],candidate,,-7.0,repair_subset,None,3,network_preference|sim|data_usage_exceeded,neutral_other,
[mms_issue]bad_wifi_calling|data_usage_exceeded|unseat_sim_card[PERSONA:Easy],candidate,,-19.0,repair_subset,Easy,3,wifi_calling|sim|data_usage_exceeded,neutral_other,
[mms_issue]break_apn_mms_setting|data_usage_exceeded|unseat_sim_card[PERSONA:Hard],candidate,,-4.0,repair_subset,Hard,3,apn|sim|data_usage_exceeded,neutral_other,
[mms_issue]break_app_sms_permission|data_usage_exceeded|unseat_sim_card[PERSONA:None],candidate,,-13.0,repair_subset,None,3,permission|sim|data_usage_exceeded,neutral_other,
[mms_issue]break_app_storage_permission|data_usage_exceeded|unseat_sim_card[PERSONA:Easy],candidate,,-15.0,repair_subset,Easy,3,permission|sim|data_usage_exceeded,neutral_other,
[mms_issue]break_app_both_permissions|data_usage_exceeded|unseat_sim_card[PERSONA:Hard],candidate,,4.0,repair_subset,Hard,3,permission|sim|data_usage_exceeded,neutral_other,
[mms_issue]bad_network_preference|unseat_sim_card|user_abroad_roaming_enabled_off[PERSONA:None],candidate,,-34.0,repair_all,None,3,network_preference|sim|roaming_enabled_off,neutral_other,
[mms_issue]bad_wifi_calling|unseat_sim_card|user_abroad_roaming_enabled_off[PERSONA:Easy],candidate,,-46.0,repair_all,Easy,3,wifi_calling|sim|roaming_enabled_off,neutral_other,
[mms_issue]break_apn_mms_setting|unseat_sim_card|user_abroad_roaming_enabled_off[PERSONA:Hard],candidate,,-31.0,repair_all,Hard,3,apn|sim|roaming_enabled_off,neutral_other,
[mms_issue]break_app_sms_permission|unseat_sim_card|user_abroad_roaming_enabled_off[PERSONA:None],candidate,,-40.0,repair_all,None,3,permission|sim|roaming_enabled_off,neutral_other,
[mms_issue]break_app_storage_permission|unseat_sim_card|user_abroad_roaming_enabled_off[PERSONA:Easy],candidate,,-42.0,repair_all,Easy,3,permission|sim|roaming_enabled_off,neutral_other,
[mms_issue]break_app_both_permissions|unseat_sim_card|user_abroad_roaming_enabled_off[PERSONA:Hard],candidate,,-23.0,repair_all,Hard,3,permission|sim|roaming_enabled_off,neutral_other,
[mms_issue]bad_network_preference|unseat_sim_card|user_abroad_roaming_disabled_on[PERSONA:None],candidate,,-11.0,repair_subset,None,3,network_preference|sim|roaming_disabled_on,neutral_other,
[mms_issue]bad_wifi_calling|unseat_sim_card|user_abroad_roaming_disabled_on[PERSONA:Easy],candidate,,-23.0,repair_subset,Easy,3,wifi_calling|sim|roaming_disabled_on,neutral_other,
[mms_issue]break_apn_mms_setting|unseat_sim_card|user_abroad_roaming_disabled_on[PERSONA:Hard],candidate,,-8.0,repair_subset,Hard,3,apn|sim|roaming_disabled_on,neutral_other,
[mms_issue]break_app_sms_permission|unseat_sim_card|user_abroad_roaming_disabled_on[PERSONA:None],candidate,,-17.0,repair_subset,None,3,permission|sim|roaming_disabled_on,neutral_other,
[mms_issue]break_app_storage_permission|unseat_sim_card|user_abroad_roaming_disabled_on[PERSONA:Easy],candidate,,-19.0,repair_subset,Easy,3,permission|sim|roaming_disabled_on,neutral_other,
[mms_issue]break_app_both_permissions|unseat_sim_card|user_abroad_roaming_disabled_on[PERSONA:Hard],candidate,,0.0,repair_subset,Hard,3,permission|sim|roaming_disabled_on,neutral_other,
[mms_issue]bad_network_preference|unseat_sim_card|user_abroad_roaming_disabled_off[PERSONA:None],static_delete,static_exclude_transfer_oracle;static_exclude_hybrid_roaming_disabled_off,1000.0,transfer,None,3,network_preference|sim|hybrid_roaming_disabled_off,neutral_other,
[mms_issue]bad_wifi_calling|unseat_sim_card|user_abroad_roaming_disabled_off[PERSONA:Easy],static_delete,static_exclude_transfer_oracle;static_exclude_hybrid_roaming_disabled_off,1000.0,transfer,Easy,3,wifi_calling|sim|hybrid_roaming_disabled_off,neutral_other,
[mms_issue]break_apn_mms_setting|unseat_sim_card|user_abroad_roaming_disabled_off[PERSONA:Hard],static_delete,static_exclude_transfer_oracle;static_exclude_hybrid_roaming_disabled_off,1000.0,transfer,Hard,3,apn|sim|hybrid_roaming_disabled_off,neutral_other,
[mms_issue]break_app_sms_permission|unseat_sim_card|user_abroad_roaming_disabled_off[PERSONA:None],static_delete,static_exclude_transfer_oracle;static_exclude_hybrid_roaming_disabled_off,1000.0,transfer,None,3,permission|sim|hybrid_roaming_disabled_off,neutral_other,
[mms_issue]break_app_storage_permission|unseat_sim_card|user_abroad_roaming_disabled_off[PERSONA:Easy],static_delete,static_exclude_transfer_oracle;static_exclude_hybrid_roaming_disabled_off,1000.0,transfer,Easy,3,permission|sim|hybrid_roaming_disabled_off,neutral_other,
[mms_issue]break_app_both_permissions|unseat_sim_card|user_abroad_roaming_disabled_off[PERSONA:Hard],static_delete,static_exclude_transfer_oracle;static_exclude_hybrid_roaming_disabled_off,1000.0,transfer,Hard,3,permission|sim|hybrid_roaming_disabled_off,neutral_other,
[mms_issue]bad_network_preference|bad_wifi_calling|unseat_sim_card[PERSONA:None],candidate,,-46.0,repair_all,None,3,wifi_calling|network_preference|sim,neutral_other,
[mms_issue]bad_network_preference|break_apn_mms_setting|unseat_sim_card[PERSONA:Easy],candidate,,-34.0,repair_all,Easy,3,apn|network_preference|sim,neutral_other,
[mms_issue]bad_network_preference|break_app_sms_permission|unseat_sim_card[PERSONA:Hard],candidate,,-37.0,repair_all,Hard,3,permission|network_preference|sim,neutral_other,
[mms_issue]bad_network_preference|break_app_storage_permission|unseat_sim_card[PERSONA:None],candidate,,-42.0,repair_all,None,3,permission|network_preference|sim,neutral_other,
[mms_issue]bad_network_preference|break_app_both_permissions|unseat_sim_card[PERSONA:Easy],candidate,,-26.0,repair_all,Easy,3,permission|network_preference|sim,neutral_other,
[mms_issue]bad_wifi_calling|break_apn_mms_setting|unseat_sim_card[PERSONA:Hard],candidate,,-43.0,repair_all,Hard,3,apn|wifi_calling|sim,neutral_other,
[mms_issue]bad_wifi_calling|break_app_sms_permission|unseat_sim_card[PERSONA:None],candidate,,-52.0,repair_all,None,3,permission|wifi_calling|sim,neutral_other,
[mms_issue]bad_wifi_calling|break_app_storage_permission|unseat_sim_card[PERSONA:Easy],candidate,,-54.0,repair_all,Easy,3,permission|wifi_calling|sim,neutral_other,
[mms_issue]bad_wifi_calling|break_app_both_permissions|unseat_sim_card[PERSONA:Hard],candidate,,-35.0,repair_all,Hard,3,permission|wifi_calling|sim,neutral_other,
[mms_issue]break_apn_mms_setting|break_app_sms_permission|unseat_sim_card[PERSONA:None],candidate,,-40.0,repair_all,None,3,apn|permission|sim,neutral_other,
[mms_issue]break_apn_mms_setting|break_app_storage_permission|unseat_sim_card[PERSONA:Easy],candidate,,-42.0,repair_all,Easy,3,apn|permission|sim,neutral_other,
[mms_issue]break_apn_mms_setting|break_app_both_permissions|unseat_sim_card[PERSONA:Hard],candidate,,-23.0,repair_all,Hard,3,apn|permission|sim,neutral_other,
[mms_issue]bad_network_preference|data_mode_off|data_usage_exceeded[PERSONA:None],candidate,,-87.0,repair_subset,None,3,network_preference|data_mode|data_usage_exceeded,trap_favoring,
[mms_issue]bad_wifi_calling|data_mode_off|data_usage_exceeded[PERSONA:Easy],candidate,,-99.0,repair_subset,Easy,3,wifi_calling|data_mode|data_usage_exceeded,trap_favoring,
[mms_issue]break_apn_mms_setting|data_mode_off|data_usage_exceeded[PERSONA:Hard],candidate,,-4.0,repair_subset,Hard,3,apn|data_mode|data_usage_exceeded,neutral_other,
[mms_issue]break_app_sms_permission|data_mode_off|data_usage_exceeded[PERSONA:None],candidate,,-93.0,repair_subset,None,3,permission|data_mode|data_usage_exceeded,trap_favoring,
[mms_issue]break_app_storage_permission|data_mode_off|data_usage_exceeded[PERSONA:Easy],candidate,,-95.0,repair_subset,Easy,3,permission|data_mode|data_usage_exceeded,trap_favoring,
[mms_issue]break_app_both_permissions|data_mode_off|data_usage_exceeded[PERSONA:Hard],candidate,,-76.0,repair_subset,Hard,3,permission|data_mode|data_usage_exceeded,trap_favoring,
[mms_issue]bad_network_preference|data_mode_off|user_abroad_roaming_enabled_off[PERSONA:None],candidate,,-34.0,repair_all,None,3,network_preference|data_mode|roaming_enabled_off,neutral_other,
[mms_issue]bad_wifi_calling|data_mode_off|user_abroad_roaming_enabled_off[PERSONA:Easy],candidate,,-46.0,repair_all,Easy,3,wifi_calling|data_mode|roaming_enabled_off,neutral_other,
[mms_issue]break_apn_mms_setting|data_mode_off|user_abroad_roaming_enabled_off[PERSONA:Hard],candidate,,-31.0,repair_all,Hard,3,apn|data_mode|roaming_enabled_off,neutral_other,
[mms_issue]break_app_sms_permission|data_mode_off|user_abroad_roaming_enabled_off[PERSONA:None],candidate,,-40.0,repair_all,None,3,permission|data_mode|roaming_enabled_off,neutral_other,
[mms_issue]break_app_storage_permission|data_mode_off|user_abroad_roaming_enabled_off[PERSONA:Easy],candidate,,-42.0,repair_all,Easy,3,permission|data_mode|roaming_enabled_off,neutral_other,
[mms_issue]break_app_both_permissions|data_mode_off|user_abroad_roaming_enabled_off[PERSONA:Hard],candidate,,-23.0,repair_all,Hard,3,permission|data_mode|roaming_enabled_off,neutral_other,
[mms_issue]bad_network_preference|data_mode_off|user_abroad_roaming_disabled_on[PERSONA:None],candidate,,-11.0,repair_subset,None,3,network_preference|data_mode|roaming_disabled_on,neutral_other,
[mms_issue]bad_wifi_calling|data_mode_off|user_abroad_roaming_disabled_on[PERSONA:Easy],candidate,,-23.0,repair_subset,Easy,3,wifi_calling|data_mode|roaming_disabled_on,neutral_other,
[mms_issue]break_apn_mms_setting|data_mode_off|user_abroad_roaming_disabled_on[PERSONA:Hard],candidate,,-8.0,repair_subset,Hard,3,apn|data_mode|roaming_disabled_on,neutral_other,
[mms_issue]break_app_sms_permission|data_mode_off|user_abroad_roaming_disabled_on[PERSONA:None],candidate,,-17.0,repair_subset,None,3,permission|data_mode|roaming_disabled_on,neutral_other,
[mms_issue]break_app_storage_permission|data_mode_off|user_abroad_roaming_disabled_on[PERSONA:Easy],candidate,,-19.0,repair_subset,Easy,3,permission|data_mode|roaming_disabled_on,neutral_other,
[mms_issue]break_app_both_permissions|data_mode_off|user_abroad_roaming_disabled_on[PERSONA:Hard],candidate,,0.0,repair_subset,Hard,3,permission|data_mode|roaming_disabled_on,neutral_other,
[mms_issue]bad_network_preference|data_mode_off|user_abroad_roaming_disabled_off[PERSONA:None],static_delete,static_exclude_transfer_oracle;static_exclude_hybrid_roaming_disabled_off,1000.0,transfer,None,3,network_preference|data_mode|hybrid_roaming_disabled_off,neutral_other,
[mms_issue]bad_wifi_calling|data_mode_off|user_abroad_roaming_disabled_off[PERSONA:Easy],static_delete,static_exclude_transfer_oracle;static_exclude_hybrid_roaming_disabled_off,1000.0,transfer,Easy,3,wifi_calling|data_mode|hybrid_roaming_disabled_off,neutral_other,
[mms_issue]break_apn_mms_setting|data_mode_off|user_abroad_roaming_disabled_off[PERSONA:Hard],static_delete,static_exclude_transfer_oracle;static_exclude_hybrid_roaming_disabled_off,1000.0,transfer,Hard,3,apn|data_mode|hybrid_roaming_disabled_off,neutral_other,
[mms_issue]break_app_sms_permission|data_mode_off|user_abroad_roaming_disabled_off[PERSONA:None],static_delete,static_exclude_transfer_oracle;static_exclude_hybrid_roaming_disabled_off,1000.0,transfer,None,3,permission|data_mode|hybrid_roaming_disabled_off,neutral_other,
[mms_issue]break_app_storage_permission|data_mode_off|user_abroad_roaming_disabled_off[PERSONA:Easy],static_delete,static_exclude_transfer_oracle;static_exclude_hybrid_roaming_disabled_off,1000.0,transfer,Easy,3,permission|data_mode|hybrid_roaming_disabled_off,neutral_other,
[mms_issue]break_app_both_permissions|data_mode_off|user_abroad_roaming_disabled_off[PERSONA:Hard],static_delete,static_exclude_transfer_oracle;static_exclude_hybrid_roaming_disabled_off,1000.0,transfer,Hard,3,permission|data_mode|hybrid_roaming_disabled_off,neutral_other,
[mms_issue]bad_network_preference|bad_wifi_calling|data_mode_off[PERSONA:None],candidate,,-126.0,repair_all,None,3,wifi_calling|network_preference|data_mode,trap_favoring,
[mms_issue]bad_network_preference|break_apn_mms_setting|data_mode_off[PERSONA:Easy],candidate,,-34.0,repair_all,Easy,3,apn|network_preference|data_mode,neutral_other,
[mms_issue]bad_network_preference|break_app_sms_permission|data_mode_off[PERSONA:Hard],candidate,,-117.0,repair_all,Hard,3,permission|network_preference|data_mode,trap_favoring,
[mms_issue]bad_network_preference|break_app_storage_permission|data_mode_off[PERSONA:None],candidate,,-122.0,repair_all,None,3,permission|network_preference|data_mode,trap_favoring,
[mms_issue]bad_network_preference|break_app_both_permissions|data_mode_off[PERSONA:Easy],candidate,,-106.0,repair_all,Easy,3,permission|network_preference|data_mode,trap_favoring,
[mms_issue]bad_wifi_calling|break_apn_mms_setting|data_mode_off[PERSONA:Hard],candidate,,-43.0,repair_all,Hard,3,apn|wifi_calling|data_mode,neutral_other,
[mms_issue]bad_wifi_calling|break_app_sms_permission|data_mode_off[PERSONA:None],candidate,,-132.0,repair_all,None,3,permission|wifi_calling|data_mode,trap_favoring,
[mms_issue]bad_wifi_calling|break_app_storage_permission|data_mode_off[PERSONA:Easy],candidate,,-134.0,repair_all,Easy,3,permission|wifi_calling|data_mode,trap_favoring,
[mms_issue]bad_wifi_calling|break_app_both_permissions|data_mode_off[PERSONA:Hard],candidate,,-115.0,repair_all,Hard,3,permission|wifi_calling|data_mode,trap_favoring,
[mms_issue]break_apn_mms_setting|break_app_sms_permission|data_mode_off[PERSONA:None],candidate,,-40.0,repair_all,None,3,apn|permission|data_mode,neutral_other,
[mms_issue]break_apn_mms_setting|break_app_storage_permission|data_mode_off[PERSONA:Easy],candidate,,-42.0,repair_all,Easy,3,apn|permission|data_mode,neutral_other,
[mms_issue]break_apn_mms_setting|break_app_both_permissions|data_mode_off[PERSONA:Hard],candidate,,-23.0,repair_all,Hard,3,apn|permission|data_mode,neutral_other,
[mms_issue]bad_network_preference|data_usage_exceeded|user_abroad_roaming_enabled_off[PERSONA:None],candidate,,-7.0,repair_subset,None,3,network_preference|data_usage_exceeded|roaming_enabled_off,neutral_other,
[mms_issue]bad_wifi_calling|data_usage_exceeded|user_abroad_roaming_enabled_off[PERSONA:Easy],candidate,,-19.0,repair_subset,Easy,3,wifi_calling|data_usage_exceeded|roaming_enabled_off,neutral_other,
[mms_issue]break_apn_mms_setting|data_usage_exceeded|user_abroad_roaming_enabled_off[PERSONA:Hard],candidate,,-4.0,repair_subset,Hard,3,apn|data_usage_exceeded|roaming_enabled_off,neutral_other,
[mms_issue]break_app_sms_permission|data_usage_exceeded|user_abroad_roaming_enabled_off[PERSONA:None],candidate,,-13.0,repair_subset,None,3,permission|data_usage_exceeded|roaming_enabled_off,neutral_other,
[mms_issue]break_app_storage_permission|data_usage_exceeded|user_abroad_roaming_enabled_off[PERSONA:Easy],candidate,,-15.0,repair_subset,Easy,3,permission|data_usage_exceeded|roaming_enabled_off,neutral_other,
[mms_issue]break_app_both_permissions|data_usage_exceeded|user_abroad_roaming_enabled_off[PERSONA:Hard],candidate,,4.0,repair_subset,Hard,3,permission|data_usage_exceeded|roaming_enabled_off,neutral_other,
[mms_issue]bad_network_preference|data_usage_exceeded|user_abroad_roaming_disabled_on[PERSONA:None],candidate,,-7.0,repair_subset,None,3,network_preference|data_usage_exceeded|roaming_disabled_on,neutral_other,
[mms_issue]bad_wifi_calling|data_usage_exceeded|user_abroad_roaming_disabled_on[PERSONA:Easy],candidate,,-19.0,repair_subset,Easy,3,wifi_calling|data_usage_exceeded|roaming_disabled_on,neutral_other,
[mms_issue]break_apn_mms_setting|data_usage_exceeded|user_abroad_roaming_disabled_on[PERSONA:Hard],candidate,,-4.0,repair_subset,Hard,3,apn|data_usage_exceeded|roaming_disabled_on,neutral_other,
[mms_issue]break_app_sms_permission|data_usage_exceeded|user_abroad_roaming_disabled_on[PERSONA:None],candidate,,-13.0,repair_subset,None,3,permission|data_usage_exceeded|roaming_disabled_on,neutral_other,
[mms_issue]break_app_storage_permission|data_usage_exceeded|user_abroad_roaming_disabled_on[PERSONA:Easy],candidate,,-15.0,repair_subset,Easy,3,permission|data_usage_exceeded|roaming_disabled_on,neutral_other,
[mms_issue]break_app_both_permissions|data_usage_exceeded|user_abroad_roaming_disabled_on[PERSONA:Hard],candidate,,4.0,repair_subset,Hard,3,permission|data_usage_exceeded|roaming_disabled_on,neutral_other,
[mms_issue]bad_network_preference|data_usage_exceeded|user_abroad_roaming_disabled_off[PERSONA:None],static_delete,static_exclude_transfer_oracle;static_exclude_hybrid_roaming_disabled_off,1000.0,transfer,None,3,network_preference|data_usage_exceeded|hybrid_roaming_disabled_off,neutral_other,
[mms_issue]bad_wifi_calling|data_usage_exceeded|user_abroad_roaming_disabled_off[PERSONA:Easy],static_delete,static_exclude_transfer_oracle;static_exclude_hybrid_roaming_disabled_off,1000.0,transfer,Easy,3,wifi_calling|data_usage_exceeded|hybrid_roaming_disabled_off,neutral_other,
[mms_issue]break_apn_mms_setting|data_usage_exceeded|user_abroad_roaming_disabled_off[PERSONA:Hard],static_delete,static_exclude_transfer_oracle;static_exclude_hybrid_roaming_disabled_off,1000.0,transfer,Hard,3,apn|data_usage_exceeded|hybrid_roaming_disabled_off,neutral_other,
[mms_issue]break_app_sms_permission|data_usage_exceeded|user_abroad_roaming_disabled_off[PERSONA:None],static_delete,static_exclude_transfer_oracle;static_exclude_hybrid_roaming_disabled_off,1000.0,transfer,None,3,permission|data_usage_exceeded|hybrid_roaming_disabled_off,neutral_other,
[mms_issue]break_app_storage_permission|data_usage_exceeded|user_abroad_roaming_disabled_off[PERSONA:Easy],static_delete,static_exclude_transfer_oracle;static_exclude_hybrid_roaming_disabled_off,1000.0,transfer,Easy,3,permission|data_usage_exceeded|hybrid_roaming_disabled_off,neutral_other,
[mms_issue]break_app_both_permissions|data_usage_exceeded|user_abroad_roaming_disabled_off[PERSONA:Hard],static_delete,static_exclude_transfer_oracle;static_exclude_hybrid_roaming_disabled_off,1000.0,transfer,Hard,3,permission|data_usage_exceeded|hybrid_roaming_disabled_off,neutral_other,
[mms_issue]bad_network_preference|bad_wifi_calling|data_usage_exceeded[PERSONA:None],candidate,,-99.0,repair_subset,None,3,wifi_calling|network_preference|data_usage_exceeded,trap_favoring,
[mms_issue]bad_network_preference|break_apn_mms_setting|data_usage_exceeded[PERSONA:Easy],candidate,,-7.0,repair_subset,Easy,3,apn|network_preference|data_usage_exceeded,neutral_other,
[mms_issue]bad_network_preference|break_app_sms_permission|data_usage_exceeded[PERSONA:Hard],candidate,,-90.0,repair_subset,Hard,3,permission|network_preference|data_usage_exceeded,trap_favoring,
[mms_issue]bad_network_preference|break_app_storage_permission|data_usage_exceeded[PERSONA:None],candidate,,-95.0,repair_subset,None,3,permission|network_preference|data_usage_exceeded,trap_favoring,
[mms_issue]bad_network_preference|break_app_both_permissions|data_usage_exceeded[PERSONA:Easy],candidate,,-79.0,repair_subset,Easy,3,permission|network_preference|data_usage_exceeded,trap_favoring,
[mms_issue]bad_wifi_calling|break_apn_mms_setting|data_usage_exceeded[PERSONA:Hard],candidate,,-16.0,repair_subset,Hard,3,apn|wifi_calling|data_usage_exceeded,neutral_other,
[mms_issue]bad_wifi_calling|break_app_sms_permission|data_usage_exceeded[PERSONA:None],candidate,,-105.0,repair_subset,None,3,permission|wifi_calling|data_usage_exceeded,trap_favoring,
[mms_issue]bad_wifi_calling|break_app_storage_permission|data_usage_exceeded[PERSONA:Easy],candidate,,-107.0,repair_subset,Easy,3,permission|wifi_calling|data_usage_exceeded,trap_favoring,
[mms_issue]bad_wifi_calling|break_app_both_permissions|data_usage_exceeded[PERSONA:Hard],candidate,,-88.0,repair_subset,Hard,3,permission|wifi_calling|data_usage_exceeded,trap_favoring,
[mms_issue]break_apn_mms_setting|break_app_sms_permission|data_usage_exceeded[PERSONA:None],candidate,,-13.0,repair_subset,None,3,apn|permission|data_usage_exceeded,neutral_other,
[mms_issue]break_apn_mms_setting|break_app_storage_permission|data_usage_exceeded[PERSONA:Easy],candidate,,-15.0,repair_subset,Easy,3,apn|permission|data_usage_exceeded,neutral_other,
[mms_issue]break_apn_mms_setting|break_app_both_permissions|data_usage_exceeded[PERSONA:Hard],candidate,,4.0,repair_subset,Hard,3,apn|permission|data_usage_exceeded,neutral_other,
[mms_issue]bad_network_preference|bad_wifi_calling|user_abroad_roaming_enabled_off[PERSONA:None],candidate,,-46.0,repair_all,None,3,wifi_calling|network_preference|roaming_enabled_off,neutral_other,
[mms_issue]bad_network_preference|break_apn_mms_setting|user_abroad_roaming_enabled_off[PERSONA:Easy],candidate,,-34.0,repair_all,Easy,3,apn|network_preference|roaming_enabled_off,neutral_other,
[mms_issue]bad_network_preference|break_app_sms_permission|user_abroad_roaming_enabled_off[PERSONA:Hard],candidate,,-37.0,repair_all,Hard,3,permission|network_preference|roaming_enabled_off,neutral_other,
[mms_issue]bad_network_preference|break_app_storage_permission|user_abroad_roaming_enabled_off[PERSONA:None],candidate,,-42.0,repair_all,None,3,permission|network_preference|roaming_enabled_off,neutral_other,
[mms_issue]bad_network_preference|break_app_both_permissions|user_abroad_roaming_enabled_off[PERSONA:Easy],candidate,,-26.0,repair_all,Easy,3,permission|network_preference|roaming_enabled_off,neutral_other,
[mms_issue]bad_wifi_calling|break_apn_mms_setting|user_abroad_roaming_enabled_off[PERSONA:Hard],candidate,,-43.0,repair_all,Hard,3,apn|wifi_calling|roaming_enabled_off,neutral_other,
[mms_issue]bad_wifi_calling|break_app_sms_permission|user_abroad_roaming_enabled_off[PERSONA:None],candidate,,-52.0,repair_all,None,3,permission|wifi_calling|roaming_enabled_off,neutral_other,
[mms_issue]bad_wifi_calling|break_app_storage_permission|user_abroad_roaming_enabled_off[PERSONA:Easy],candidate,,-54.0,repair_all,Easy,3,permission|wifi_calling|roaming_enabled_off,neutral_other,
[mms_issue]bad_wifi_calling|break_app_both_permissions|user_abroad_roaming_enabled_off[PERSONA:Hard],candidate,,-35.0,repair_all,Hard,3,permission|wifi_calling|roaming_enabled_off,neutral_other,
[mms_issue]break_apn_mms_setting|break_app_sms_permission|user_abroad_roaming_enabled_off[PERSONA:None],candidate,,-40.0,repair_all,None,3,apn|permission|roaming_enabled_off,neutral_other,
[mms_issue]break_apn_mms_setting|break_app_storage_permission|user_abroad_roaming_enabled_off[PERSONA:Easy],candidate,,-42.0,repair_all,Easy,3,apn|permission|roaming_enabled_off,neutral_other,
[mms_issue]break_apn_mms_setting|break_app_both_permissions|user_abroad_roaming_enabled_off[PERSONA:Hard],candidate,,-23.0,repair_all,Hard,3,apn|permission|roaming_enabled_off,neutral_other,
[mms_issue]bad_network_preference|bad_wifi_calling|user_abroad_roaming_disabled_on[PERSONA:None],candidate,,-23.0,repair_subset,None,3,wifi_calling|network_preference|roaming_disabled_on,neutral_other,
[mms_issue]bad_network_preference|break_apn_mms_setting|user_abroad_roaming_disabled_on[PERSONA:Easy],candidate,,-11.0,repair_subset,Easy,3,apn|network_preference|roaming_disabled_on,neutral_other,
[mms_issue]bad_network_preference|break_app_sms_permission|user_abroad_roaming_disabled_on[PERSONA:Hard],candidate,,-14.0,repair_subset,Hard,3,permission|network_preference|roaming_disabled_on,neutral_other,
[mms_issue]bad_network_preference|break_app_storage_permission|user_abroad_roaming_disabled_on[PERSONA:None],candidate,,-19.0,repair_subset,None,3,permission|network_preference|roaming_disabled_on,neutral_other,
[mms_issue]bad_network_preference|break_app_both_permissions|user_abroad_roaming_disabled_on[PERSONA:Easy],candidate,,-3.0,repair_subset,Easy,3,permission|network_preference|roaming_disabled_on,neutral_other,
[mms_issue]bad_wifi_calling|break_apn_mms_setting|user_abroad_roaming_disabled_on[PERSONA:Hard],candidate,,-20.0,repair_subset,Hard,3,apn|wifi_calling|roaming_disabled_on,neutral_other,
[mms_issue]bad_wifi_calling|break_app_sms_permission|user_abroad_roaming_disabled_on[PERSONA:None],candidate,,-29.0,repair_subset,None,3,permission|wifi_calling|roaming_disabled_on,neutral_other,
[mms_issue]bad_wifi_calling|break_app_storage_permission|user_abroad_roaming_disabled_on[PERSONA:Easy],candidate,,-31.0,repair_subset,Easy,3,permission|wifi_calling|roaming_disabled_on,neutral_other,
[mms_issue]bad_wifi_calling|break_app_both_permissions|user_abroad_roaming_disabled_on[PERSONA:Hard],candidate,,-12.0,repair_subset,Hard,3,permission|wifi_calling|roaming_disabled_on,neutral_other,
[mms_issue]break_apn_mms_setting|break_app_sms_permission|user_abroad_roaming_disabled_on[PERSONA:None],candidate,,-17.0,repair_subset,None,3,apn|permission|roaming_disabled_on,neutral_other,
[mms_issue]break_apn_mms_setting|break_app_storage_permission|user_abroad_roaming_disabled_on[PERSONA:Easy],candidate,,-19.0,repair_subset,Easy,3,apn|permission|roaming_disabled_on,neutral_other,
[mms_issue]break_apn_mms_setting|break_app_both_permissions|user_abroad_roaming_disabled_on[PERSONA:Hard],candidate,,0.0,repair_subset,Hard,3,apn|permission|roaming_disabled_on,neutral_other,
[mms_issue]bad_network_preference|bad_wifi_calling|user_abroad_roaming_disabled_off[PERSONA:None],static_delete,static_exclude_transfer_oracle;static_exclude_hybrid_roaming_disabled_off,1000.0,transfer,None,3,wifi_calling|network_preference|hybrid_roaming_disabled_off,neutral_other,
[mms_issue]bad_network_preference|break_apn_mms_setting|user_abroad_roaming_disabled_off[PERSONA:Easy],static_delete,static_exclude_transfer_oracle;static_exclude_hybrid_roaming_disabled_off,1000.0,transfer,Easy,3,apn|network_preference|hybrid_roaming_disabled_off,neutral_other,
[mms_issue]bad_network_preference|break_app_sms_permission|user_abroad_roaming_disabled_off[PERSONA:Hard],static_delete,static_exclude_transfer_oracle;static_exclude_hybrid_roaming_disabled_off,1000.0,transfer,Hard,3,permission|network_preference|hybrid_roaming_disabled_off,neutral_other,
[mms_issue]bad_network_preference|break_app_storage_permission|user_abroad_roaming_disabled_off[PERSONA:None],static_delete,static_exclude_transfer_oracle;static_exclude_hybrid_roaming_disabled_off,1000.0,transfer,None,3,permission|network_preference|hybrid_roaming_disabled_off,neutral_other,
[mms_issue]bad_network_preference|break_app_both_permissions|user_abroad_roaming_disabled_off[PERSONA:Easy],static_delete,static_exclude_transfer_oracle;static_exclude_hybrid_roaming_disabled_off,1000.0,transfer,Easy,3,permission|network_preference|hybrid_roaming_disabled_off,neutral_other,
[mms_issue]bad_wifi_calling|break_apn_mms_setting|user_abroad_roaming_disabled_off[PERSONA:Hard],static_delete,static_exclude_transfer_oracle;static_exclude_hybrid_roaming_disabled_off,1000.0,transfer,Hard,3,apn|wifi_calling|hybrid_roaming_disabled_off,neutral_other,
[mms_issue]bad_wifi_calling|break_app_sms_permission|user_abroad_roaming_disabled_off[PERSONA:None],static_delete,static_exclude_transfer_oracle;static_exclude_hybrid_roaming_disabled_off,1000.0,transfer,None,3,permission|wifi_calling|hybrid_roaming_disabled_off,neutral_other,
[mms_issue]bad_wifi_calling|break_app_storage_permission|user_abroad_roaming_disabled_off[PERSONA:Easy],static_delete,static_exclude_transfer_oracle;static_exclude_hybrid_roaming_disabled_off,1000.0,transfer,Easy,3,permission|wifi_calling|hybrid_roaming_disabled_off,neutral_other,
[mms_issue]bad_wifi_calling|break_app_both_permissions|user_abroad_roaming_disabled_off[PERSONA:Hard],static_delete,static_exclude_transfer_oracle;static_exclude_hybrid_roaming_disabled_off,1000.0,transfer,Hard,3,permission|wifi_calling|hybrid_roaming_disabled_off,neutral_other,
[mms_issue]break_apn_mms_setting|break_app_sms_permission|user_abroad_roaming_disabled_off[PERSONA:None],static_delete,static_exclude_transfer_oracle;static_exclude_hybrid_roaming_disabled_off,1000.0,transfer,None,3,apn|permission|hybrid_roaming_disabled_off,neutral_other,
[mms_issue]break_apn_mms_setting|break_app_storage_permission|user_abroad_roaming_disabled_off[PERSONA:Easy],static_delete,static_exclude_transfer_oracle;static_exclude_hybrid_roaming_disabled_off,1000.0,transfer,Easy,3,apn|permission|hybrid_roaming_disabled_off,neutral_other,
[mms_issue]break_apn_mms_setting|break_app_both_permissions|user_abroad_roaming_disabled_off[PERSONA:Hard],static_delete,static_exclude_transfer_oracle;static_exclude_hybrid_roaming_disabled_off,1000.0,transfer,Hard,3,apn|permission|hybrid_roaming_disabled_off,neutral_other,
[mms_issue]bad_network_preference|bad_wifi_calling|break_apn_mms_setting[PERSONA:None],candidate,,-46.0,repair_all,None,3,apn|wifi_calling|network_preference,neutral_other,
[mms_issue]bad_network_preference|bad_wifi_calling|break_app_sms_permission[PERSONA:Easy],candidate,,-132.0,repair_all,Easy,3,permission|wifi_calling|network_preference,trap_favoring,
[mms_issue]bad_network_preference|bad_wifi_calling|break_app_storage_permission[PERSONA:Hard],candidate,,-131.0,repair_all,Hard,3,permission|wifi_calling|network_preference,trap_favoring,
[mms_issue]bad_network_preference|bad_wifi_calling|break_app_both_permissions[PERSONA:None],candidate,,-118.0,repair_all,None,3,permission|wifi_calling|network_preference,trap_favoring,
[mms_issue]bad_network_preference|break_apn_mms_setting|break_app_sms_permission[PERSONA:Easy],candidate,,-40.0,repair_all,Easy,3,apn|permission|network_preference,neutral_other,
[mms_issue]bad_network_preference|break_apn_mms_setting|break_app_storage_permission[PERSONA:Hard],candidate,,-39.0,repair_all,Hard,3,apn|permission|network_preference,neutral_other,
[mms_issue]bad_network_preference|break_apn_mms_setting|break_app_both_permissions[PERSONA:None],candidate,,-26.0,repair_all,None,3,apn|permission|network_preference,neutral_other,
[mms_issue]bad_wifi_calling|break_apn_mms_setting|break_app_sms_permission[PERSONA:Easy],candidate,,-52.0,repair_all,Easy,3,apn|permission|wifi_calling,neutral_other,
[mms_issue]bad_wifi_calling|break_apn_mms_setting|break_app_storage_permission[PERSONA:Hard],candidate,,-51.0,repair_all,Hard,3,apn|permission|wifi_calling,neutral_other,
[mms_issue]bad_wifi_calling|break_apn_mms_setting|break_app_both_permissions[PERSONA:None],candidate,,-38.0,repair_all,None,3,apn|permission|wifi_calling,neutral_other,
[mms_issue]airplane_mode_on|bad_network_preference|data_mode_off|unseat_sim_card[PERSONA:Easy],candidate,,-32.0,repair_all,Easy,4,network_preference|sim|data_mode,neutral_other,
[mms_issue]airplane_mode_on|bad_wifi_calling|data_mode_off|unseat_sim_card[PERSONA:Hard],candidate,,-41.0,repair_all,Hard,4,wifi_calling|sim|data_mode,neutral_other,
[mms_issue]airplane_mode_on|break_apn_mms_setting|data_mode_off|unseat_sim_card[PERSONA:None],candidate,,-92.0,repair_all,None,4,apn|sim|data_mode,target_favoring,
[mms_issue]airplane_mode_on|break_app_sms_permission|data_mode_off|unseat_sim_card[PERSONA:Easy],candidate,,-38.0,repair_all,Easy,4,permission|sim|data_mode,neutral_other,
[mms_issue]airplane_mode_on|break_app_storage_permission|data_mode_off|unseat_sim_card[PERSONA:Hard],candidate,,-37.0,repair_all,Hard,4,permission|sim|data_mode,neutral_other,
[mms_issue]airplane_mode_on|break_app_both_permissions|data_mode_off|unseat_sim_card[PERSONA:None],candidate,,-24.0,repair_all,None,4,permission|sim|data_mode,neutral_other,
[mms_issue]airplane_mode_on|bad_network_preference|data_usage_exceeded|unseat_sim_card[PERSONA:Easy],candidate,,-4.0,repair_subset,Easy,4,network_preference|sim|data_usage_exceeded,neutral_other,
[mms_issue]airplane_mode_on|bad_wifi_calling|data_usage_exceeded|unseat_sim_card[PERSONA:Hard],candidate,,-13.0,repair_subset,Hard,4,wifi_calling|sim|data_usage_exceeded,neutral_other,
[mms_issue]airplane_mode_on|break_apn_mms_setting|data_usage_exceeded|unseat_sim_card[PERSONA:None],candidate,,-64.0,repair_subset,None,4,apn|sim|data_usage_exceeded,target_favoring,
[mms_issue]airplane_mode_on|break_app_sms_permission|data_usage_exceeded|unseat_sim_card[PERSONA:Easy],candidate,,-10.0,repair_subset,Easy,4,permission|sim|data_usage_exceeded,neutral_other,
[mms_issue]airplane_mode_on|break_app_storage_permission|data_usage_exceeded|unseat_sim_card[PERSONA:Hard],candidate,,-9.0,repair_subset,Hard,4,permission|sim|data_usage_exceeded,neutral_other,
[mms_issue]airplane_mode_on|break_app_both_permissions|data_usage_exceeded|unseat_sim_card[PERSONA:None],candidate,,4.0,repair_subset,None,4,permission|sim|data_usage_exceeded,neutral_other,
[mms_issue]airplane_mode_on|bad_network_preference|unseat_sim_card|user_abroad_roaming_enabled_off[PERSONA:Easy],candidate,,-32.0,repair_all,Easy,4,network_preference|sim|roaming_enabled_off,neutral_other,
[mms_issue]airplane_mode_on|bad_wifi_calling|unseat_sim_card|user_abroad_roaming_enabled_off[PERSONA:Hard],candidate,,-41.0,repair_all,Hard,4,wifi_calling|sim|roaming_enabled_off,neutral_other,
[mms_issue]airplane_mode_on|break_apn_mms_setting|unseat_sim_card|user_abroad_roaming_enabled_off[PERSONA:None],candidate,,-92.0,repair_all,None,4,apn|sim|roaming_enabled_off,target_favoring,
[mms_issue]airplane_mode_on|break_app_sms_permission|unseat_sim_card|user_abroad_roaming_enabled_off[PERSONA:Easy],candidate,,-38.0,repair_all,Easy,4,permission|sim|roaming_enabled_off,neutral_other,
[mms_issue]airplane_mode_on|break_app_storage_permission|unseat_sim_card|user_abroad_roaming_enabled_off[PERSONA:Hard],candidate,,-37.0,repair_all,Hard,4,permission|sim|roaming_enabled_off,neutral_other,
[mms_issue]airplane_mode_on|break_app_both_permissions|unseat_sim_card|user_abroad_roaming_enabled_off[PERSONA:None],candidate,,-24.0,repair_all,None,4,permission|sim|roaming_enabled_off,neutral_other,
[mms_issue]airplane_mode_on|bad_network_preference|unseat_sim_card|user_abroad_roaming_disabled_on[PERSONA:Easy],candidate,,-8.0,repair_subset,Easy,4,network_preference|sim|roaming_disabled_on,neutral_other,
[mms_issue]airplane_mode_on|bad_wifi_calling|unseat_sim_card|user_abroad_roaming_disabled_on[PERSONA:Hard],candidate,,-17.0,repair_subset,Hard,4,wifi_calling|sim|roaming_disabled_on,neutral_other,
[mms_issue]airplane_mode_on|break_apn_mms_setting|unseat_sim_card|user_abroad_roaming_disabled_on[PERSONA:None],candidate,,-68.0,repair_subset,None,4,apn|sim|roaming_disabled_on,target_favoring,
[mms_issue]airplane_mode_on|break_app_sms_permission|unseat_sim_card|user_abroad_roaming_disabled_on[PERSONA:Easy],candidate,,-14.0,repair_subset,Easy,4,permission|sim|roaming_disabled_on,neutral_other,
[mms_issue]airplane_mode_on|break_app_storage_permission|unseat_sim_card|user_abroad_roaming_disabled_on[PERSONA:Hard],candidate,,-13.0,repair_subset,Hard,4,permission|sim|roaming_disabled_on,neutral_other,
[mms_issue]airplane_mode_on|break_app_both_permissions|unseat_sim_card|user_abroad_roaming_disabled_on[PERSONA:None],candidate,,0.0,repair_subset,None,4,permission|sim|roaming_disabled_on,neutral_other,
[mms_issue]airplane_mode_on|bad_network_preference|unseat_sim_card|user_abroad_roaming_disabled_off[PERSONA:Easy],static_delete,static_exclude_transfer_oracle;static_exclude_hybrid_roaming_disabled_off,1000.0,transfer,Easy,4,network_preference|sim|hybrid_roaming_disabled_off,neutral_other,
[mms_issue]airplane_mode_on|bad_wifi_calling|unseat_sim_card|user_abroad_roaming_disabled_off[PERSONA:Hard],static_delete,static_exclude_transfer_oracle;static_exclude_hybrid_roaming_disabled_off,1000.0,transfer,Hard,4,wifi_calling|sim|hybrid_roaming_disabled_off,neutral_other,
[mms_issue]airplane_mode_on|break_apn_mms_setting|unseat_sim_card|user_abroad_roaming_disabled_off[PERSONA:None],static_delete,static_exclude_transfer_oracle;static_exclude_hybrid_roaming_disabled_off,1000.0,transfer,None,4,apn|sim|hybrid_roaming_disabled_off,neutral_other,
[mms_issue]airplane_mode_on|break_app_sms_permission|unseat_sim_card|user_abroad_roaming_disabled_off[PERSONA:Easy],static_delete,static_exclude_transfer_oracle;static_exclude_hybrid_roaming_disabled_off,1000.0,transfer,Easy,4,permission|sim|hybrid_roaming_disabled_off,neutral_other,
[mms_issue]airplane_mode_on|break_app_storage_permission|unseat_sim_card|user_abroad_roaming_disabled_off[PERSONA:Hard],static_delete,static_exclude_transfer_oracle;static_exclude_hybrid_roaming_disabled_off,1000.0,transfer,Hard,4,permission|sim|hybrid_roaming_disabled_off,neutral_other,
[mms_issue]airplane_mode_on|break_app_both_permissions|unseat_sim_card|user_abroad_roaming_disabled_off[PERSONA:None],static_delete,static_exclude_transfer_oracle;static_exclude_hybrid_roaming_disabled_off,1000.0,transfer,None,4,permission|sim|hybrid_roaming_disabled_off,neutral_other,
[mms_issue]airplane_mode_on|bad_network_preference|bad_wifi_calling|unseat_sim_card[PERSONA:Easy],candidate,,-44.0,repair_all,Easy,4,wifi_calling|network_preference|sim,neutral_other,
[mms_issue]airplane_mode_on|bad_network_preference|break_apn_mms_setting|unseat_sim_card[PERSONA:Hard],candidate,,-89.0,repair_all,Hard,4,apn|network_preference|sim,target_favoring,
[mms_issue]airplane_mode_on|bad_network_preference|break_app_sms_permission|unseat_sim_card[PERSONA:None],candidate,,-38.0,repair_all,None,4,permission|network_preference|sim,neutral_other,
[mms_issue]airplane_mode_on|bad_network_preference|break_app_storage_permission|unseat_sim_card[PERSONA:Easy],candidate,,210.0,repair_all,Easy,4,permission|network_preference|sim,neutral_other,delete
[mms_issue]airplane_mode_on|bad_network_preference|break_app_both_permissions|unseat_sim_card[PERSONA:Hard],candidate,,-21.0,repair_all,Hard,4,permission|network_preference|sim,neutral_other,
[mms_issue]airplane_mode_on|bad_wifi_calling|break_apn_mms_setting|unseat_sim_card[PERSONA:None],candidate,,-104.0,repair_all,None,4,apn|wifi_calling|sim,target_favoring,
[mms_issue]airplane_mode_on|bad_wifi_calling|break_app_sms_permission|unseat_sim_card[PERSONA:Easy],candidate,,-50.0,repair_all,Easy,4,permission|wifi_calling|sim,neutral_other,
[mms_issue]airplane_mode_on|bad_wifi_calling|break_app_storage_permission|unseat_sim_card[PERSONA:Hard],candidate,,-49.0,repair_all,Hard,4,permission|wifi_calling|sim,neutral_other,
[mms_issue]airplane_mode_on|bad_wifi_calling|break_app_both_permissions|unseat_sim_card[PERSONA:None],candidate,,-36.0,repair_all,None,4,permission|wifi_calling|sim,neutral_other,
[mms_issue]airplane_mode_on|break_apn_mms_setting|break_app_sms_permission|unseat_sim_card[PERSONA:Easy],candidate,,-98.0,repair_all,Easy,4,apn|permission|sim,target_favoring,
[mms_issue]airplane_mode_on|break_apn_mms_setting|break_app_storage_permission|unseat_sim_card[PERSONA:Hard],candidate,,-97.0,repair_all,Hard,4,apn|permission|sim,target_favoring,
[mms_issue]airplane_mode_on|break_apn_mms_setting|break_app_both_permissions|unseat_sim_card[PERSONA:None],candidate,,-84.0,repair_all,None,4,apn|permission|sim,target_favoring,
[mms_issue]airplane_mode_on|bad_network_preference|data_mode_off|data_usage_exceeded[PERSONA:Easy],candidate,,-4.0,repair_subset,Easy,4,network_preference|data_mode|data_usage_exceeded,neutral_other,
[mms_issue]airplane_mode_on|bad_wifi_calling|data_mode_off|data_usage_exceeded[PERSONA:Hard],candidate,,-13.0,repair_subset,Hard,4,wifi_calling|data_mode|data_usage_exceeded,neutral_other,
[mms_issue]airplane_mode_on|break_apn_mms_setting|data_mode_off|data_usage_exceeded[PERSONA:None],candidate,,-4.0,repair_subset,None,4,apn|data_mode|data_usage_exceeded,neutral_other,
[mms_issue]airplane_mode_on|break_app_sms_permission|data_mode_off|data_usage_exceeded[PERSONA:Easy],candidate,,-10.0,repair_subset,Easy,4,permission|data_mode|data_usage_exceeded,neutral_other,
[mms_issue]airplane_mode_on|break_app_storage_permission|data_mode_off|data_usage_exceeded[PERSONA:Hard],candidate,,-9.0,repair_subset,Hard,4,permission|data_mode|data_usage_exceeded,neutral_other,
[mms_issue]airplane_mode_on|break_app_both_permissions|data_mode_off|data_usage_exceeded[PERSONA:None],candidate,,4.0,repair_subset,None,4,permission|data_mode|data_usage_exceeded,neutral_other,
[mms_issue]airplane_mode_on|bad_network_preference|data_mode_off|user_abroad_roaming_enabled_off[PERSONA:Easy],candidate,,-32.0,repair_all,Easy,4,network_preference|data_mode|roaming_enabled_off,neutral_other,
[mms_issue]airplane_mode_on|bad_wifi_calling|data_mode_off|user_abroad_roaming_enabled_off[PERSONA:Hard],candidate,,-41.0,repair_all,Hard,4,wifi_calling|data_mode|roaming_enabled_off,neutral_other,
[mms_issue]airplane_mode_on|break_apn_mms_setting|data_mode_off|user_abroad_roaming_enabled_off[PERSONA:None],candidate,,-92.0,repair_all,None,4,apn|data_mode|roaming_enabled_off,target_favoring,
[mms_issue]airplane_mode_on|break_app_sms_permission|data_mode_off|user_abroad_roaming_enabled_off[PERSONA:Easy],candidate,,-38.0,repair_all,Easy,4,permission|data_mode|roaming_enabled_off,neutral_other,
[mms_issue]airplane_mode_on|break_app_storage_permission|data_mode_off|user_abroad_roaming_enabled_off[PERSONA:Hard],candidate,,-37.0,repair_all,Hard,4,permission|data_mode|roaming_enabled_off,neutral_other,
[mms_issue]airplane_mode_on|break_app_both_permissions|data_mode_off|user_abroad_roaming_enabled_off[PERSONA:None],candidate,,-24.0,repair_all,None,4,permission|data_mode|roaming_enabled_off,neutral_other,
[mms_issue]airplane_mode_on|bad_network_preference|data_mode_off|user_abroad_roaming_disabled_on[PERSONA:Easy],candidate,,-8.0,repair_subset,Easy,4,network_preference|data_mode|roaming_disabled_on,neutral_other,
[mms_issue]airplane_mode_on|bad_wifi_calling|data_mode_off|user_abroad_roaming_disabled_on[PERSONA:Hard],candidate,,-17.0,repair_subset,Hard,4,wifi_calling|data_mode|roaming_disabled_on,neutral_other,
[mms_issue]airplane_mode_on|break_apn_mms_setting|data_mode_off|user_abroad_roaming_disabled_on[PERSONA:None],candidate,,-68.0,repair_subset,None,4,apn|data_mode|roaming_disabled_on,target_favoring,
[mms_issue]airplane_mode_on|break_app_sms_permission|data_mode_off|user_abroad_roaming_disabled_on[PERSONA:Easy],candidate,,-14.0,repair_subset,Easy,4,permission|data_mode|roaming_disabled_on,neutral_other,
[mms_issue]airplane_mode_on|break_app_storage_permission|data_mode_off|user_abroad_roaming_disabled_on[PERSONA:Hard],candidate,,-13.0,repair_subset,Hard,4,permission|data_mode|roaming_disabled_on,neutral_other,
[mms_issue]airplane_mode_on|break_app_both_permissions|data_mode_off|user_abroad_roaming_disabled_on[PERSONA:None],candidate,,0.0,repair_subset,None,4,permission|data_mode|roaming_disabled_on,neutral_other,
[mms_issue]airplane_mode_on|bad_network_preference|data_mode_off|user_abroad_roaming_disabled_off[PERSONA:Easy],static_delete,static_exclude_transfer_oracle;static_exclude_hybrid_roaming_disabled_off,1000.0,transfer,Easy,4,network_preference|data_mode|hybrid_roaming_disabled_off,neutral_other,
[mms_issue]airplane_mode_on|bad_wifi_calling|data_mode_off|user_abroad_roaming_disabled_off[PERSONA:Hard],static_delete,static_exclude_transfer_oracle;static_exclude_hybrid_roaming_disabled_off,1000.0,transfer,Hard,4,wifi_calling|data_mode|hybrid_roaming_disabled_off,neutral_other,
[mms_issue]airplane_mode_on|break_apn_mms_setting|data_mode_off|user_abroad_roaming_disabled_off[PERSONA:None],static_delete,static_exclude_transfer_oracle;static_exclude_hybrid_roaming_disabled_off,1000.0,transfer,None,4,apn|data_mode|hybrid_roaming_disabled_off,neutral_other,
[mms_issue]airplane_mode_on|break_app_sms_permission|data_mode_off|user_abroad_roaming_disabled_off[PERSONA:Easy],static_delete,static_exclude_transfer_oracle;static_exclude_hybrid_roaming_disabled_off,1000.0,transfer,Easy,4,permission|data_mode|hybrid_roaming_disabled_off,neutral_other,
[mms_issue]airplane_mode_on|break_app_storage_permission|data_mode_off|user_abroad_roaming_disabled_off[PERSONA:Hard],static_delete,static_exclude_transfer_oracle;static_exclude_hybrid_roaming_disabled_off,1000.0,transfer,Hard,4,permission|data_mode|hybrid_roaming_disabled_off,neutral_other,
[mms_issue]airplane_mode_on|break_app_both_permissions|data_mode_off|user_abroad_roaming_disabled_off[PERSONA:None],static_delete,static_exclude_transfer_oracle;static_exclude_hybrid_roaming_disabled_off,1000.0,transfer,None,4,permission|data_mode|hybrid_roaming_disabled_off,neutral_other,
[mms_issue]airplane_mode_on|bad_network_preference|bad_wifi_calling|data_mode_off[PERSONA:Easy],candidate,,-44.0,repair_all,Easy,4,wifi_calling|network_preference|data_mode,neutral_other,
[mms_issue]airplane_mode_on|bad_network_preference|break_apn_mms_setting|data_mode_off[PERSONA:Hard],candidate,,-29.0,repair_all,Hard,4,apn|network_preference|data_mode,neutral_other,
[mms_issue]airplane_mode_on|bad_network_preference|break_app_sms_permission|data_mode_off[PERSONA:None],candidate,,-38.0,repair_all,None,4,permission|network_preference|data_mode,neutral_other,
[mms_issue]airplane_mode_on|bad_network_preference|break_app_storage_permission|data_mode_off[PERSONA:Easy],candidate,,210.0,repair_all,Easy,4,permission|network_preference|data_mode,neutral_other,delete
[mms_issue]airplane_mode_on|bad_network_preference|break_app_both_permissions|data_mode_off[PERSONA:Hard],candidate,,-21.0,repair_all,Hard,4,permission|network_preference|data_mode,neutral_other,
[mms_issue]airplane_mode_on|bad_wifi_calling|break_apn_mms_setting|data_mode_off[PERSONA:None],candidate,,-44.0,repair_all,None,4,apn|wifi_calling|data_mode,neutral_other,
[mms_issue]airplane_mode_on|bad_wifi_calling|break_app_sms_permission|data_mode_off[PERSONA:Easy],candidate,,-50.0,repair_all,Easy,4,permission|wifi_calling|data_mode,neutral_other,
[mms_issue]airplane_mode_on|bad_wifi_calling|break_app_storage_permission|data_mode_off[PERSONA:Hard],candidate,,-49.0,repair_all,Hard,4,permission|wifi_calling|data_mode,neutral_other,
[mms_issue]airplane_mode_on|bad_wifi_calling|break_app_both_permissions|data_mode_off[PERSONA:None],candidate,,-36.0,repair_all,None,4,permission|wifi_calling|data_mode,neutral_other,
[mms_issue]airplane_mode_on|break_apn_mms_setting|break_app_sms_permission|data_mode_off[PERSONA:Easy],candidate,,-38.0,repair_all,Easy,4,apn|permission|data_mode,neutral_other,
[mms_issue]airplane_mode_on|break_apn_mms_setting|break_app_storage_permission|data_mode_off[PERSONA:Hard],candidate,,-37.0,repair_all,Hard,4,apn|permission|data_mode,neutral_other,
[mms_issue]airplane_mode_on|break_apn_mms_setting|break_app_both_permissions|data_mode_off[PERSONA:None],candidate,,-24.0,repair_all,None,4,apn|permission|data_mode,neutral_other,
[mms_issue]airplane_mode_on|bad_network_preference|data_usage_exceeded|user_abroad_roaming_enabled_off[PERSONA:Easy],candidate,,-4.0,repair_subset,Easy,4,network_preference|data_usage_exceeded|roaming_enabled_off,neutral_other,
[mms_issue]airplane_mode_on|bad_wifi_calling|data_usage_exceeded|user_abroad_roaming_enabled_off[PERSONA:Hard],candidate,,-13.0,repair_subset,Hard,4,wifi_calling|data_usage_exceeded|roaming_enabled_off,neutral_other,
[mms_issue]airplane_mode_on|break_apn_mms_setting|data_usage_exceeded|user_abroad_roaming_enabled_off[PERSONA:None],candidate,,-64.0,repair_subset,None,4,apn|data_usage_exceeded|roaming_enabled_off,target_favoring,
[mms_issue]airplane_mode_on|break_app_sms_permission|data_usage_exceeded|user_abroad_roaming_enabled_off[PERSONA:Easy],candidate,,-10.0,repair_subset,Easy,4,permission|data_usage_exceeded|roaming_enabled_off,neutral_other,
[mms_issue]airplane_mode_on|break_app_storage_permission|data_usage_exceeded|user_abroad_roaming_enabled_off[PERSONA:Hard],candidate,,-9.0,repair_subset,Hard,4,permission|data_usage_exceeded|roaming_enabled_off,neutral_other,
[mms_issue]airplane_mode_on|break_app_both_permissions|data_usage_exceeded|user_abroad_roaming_enabled_off[PERSONA:None],candidate,,4.0,repair_subset,None,4,permission|data_usage_exceeded|roaming_enabled_off,neutral_other,
[mms_issue]airplane_mode_on|bad_network_preference|data_usage_exceeded|user_abroad_roaming_disabled_on[PERSONA:Easy],candidate,,-4.0,repair_subset,Easy,4,network_preference|data_usage_exceeded|roaming_disabled_on,neutral_other,
[mms_issue]airplane_mode_on|bad_wifi_calling|data_usage_exceeded|user_abroad_roaming_disabled_on[PERSONA:Hard],candidate,,-13.0,repair_subset,Hard,4,wifi_calling|data_usage_exceeded|roaming_disabled_on,neutral_other,
[mms_issue]airplane_mode_on|break_apn_mms_setting|data_usage_exceeded|user_abroad_roaming_disabled_on[PERSONA:None],candidate,,-64.0,repair_subset,None,4,apn|data_usage_exceeded|roaming_disabled_on,target_favoring,
[mms_issue]airplane_mode_on|break_app_sms_permission|data_usage_exceeded|user_abroad_roaming_disabled_on[PERSONA:Easy],candidate,,-10.0,repair_subset,Easy,4,permission|data_usage_exceeded|roaming_disabled_on,neutral_other,
[mms_issue]airplane_mode_on|break_app_storage_permission|data_usage_exceeded|user_abroad_roaming_disabled_on[PERSONA:Hard],candidate,,-9.0,repair_subset,Hard,4,permission|data_usage_exceeded|roaming_disabled_on,neutral_other,
[mms_issue]airplane_mode_on|break_app_both_permissions|data_usage_exceeded|user_abroad_roaming_disabled_on[PERSONA:None],candidate,,4.0,repair_subset,None,4,permission|data_usage_exceeded|roaming_disabled_on,neutral_other,
[mms_issue]airplane_mode_on|bad_network_preference|data_usage_exceeded|user_abroad_roaming_disabled_off[PERSONA:Easy],static_delete,static_exclude_transfer_oracle;static_exclude_hybrid_roaming_disabled_off,1000.0,transfer,Easy,4,network_preference|data_usage_exceeded|hybrid_roaming_disabled_off,neutral_other,
[mms_issue]airplane_mode_on|bad_wifi_calling|data_usage_exceeded|user_abroad_roaming_disabled_off[PERSONA:Hard],static_delete,static_exclude_transfer_oracle;static_exclude_hybrid_roaming_disabled_off,1000.0,transfer,Hard,4,wifi_calling|data_usage_exceeded|hybrid_roaming_disabled_off,neutral_other,
[mms_issue]airplane_mode_on|break_apn_mms_setting|data_usage_exceeded|user_abroad_roaming_disabled_off[PERSONA:None],static_delete,static_exclude_transfer_oracle;static_exclude_hybrid_roaming_disabled_off,1000.0,transfer,None,4,apn|data_usage_exceeded|hybrid_roaming_disabled_off,neutral_other,
[mms_issue]airplane_mode_on|break_app_sms_permission|data_usage_exceeded|user_abroad_roaming_disabled_off[PERSONA:Easy],static_delete,static_exclude_transfer_oracle;static_exclude_hybrid_roaming_disabled_off,1000.0,transfer,Easy,4,permission|data_usage_exceeded|hybrid_roaming_disabled_off,neutral_other,
[mms_issue]airplane_mode_on|break_app_storage_permission|data_usage_exceeded|user_abroad_roaming_disabled_off[PERSONA:Hard],static_delete,static_exclude_transfer_oracle;static_exclude_hybrid_roaming_disabled_off,1000.0,transfer,Hard,4,permission|data_usage_exceeded|hybrid_roaming_disabled_off,neutral_other,
[mms_issue]airplane_mode_on|break_app_both_permissions|data_usage_exceeded|user_abroad_roaming_disabled_off[PERSONA:None],static_delete,static_exclude_transfer_oracle;static_exclude_hybrid_roaming_disabled_off,1000.0,transfer,None,4,permission|data_usage_exceeded|hybrid_roaming_disabled_off,neutral_other,
[mms_issue]airplane_mode_on|bad_network_preference|bad_wifi_calling|data_usage_exceeded[PERSONA:Easy],candidate,,-16.0,repair_subset,Easy,4,wifi_calling|network_preference|data_usage_exceeded,neutral_other,
[mms_issue]airplane_mode_on|bad_network_preference|break_apn_mms_setting|data_usage_exceeded[PERSONA:Hard],candidate,,-1.0,repair_subset,Hard,4,apn|network_preference|data_usage_exceeded,neutral_other,
[mms_issue]airplane_mode_on|bad_network_preference|break_app_sms_permission|data_usage_exceeded[PERSONA:None],candidate,,240.0,repair_subset,None,4,permission|network_preference|data_usage_exceeded,neutral_other,delete
[mms_issue]airplane_mode_on|bad_network_preference|break_app_storage_permission|data_usage_exceeded[PERSONA:Easy],candidate,,-12.0,repair_subset,Easy,4,permission|network_preference|data_usage_exceeded,neutral_other,
[mms_issue]airplane_mode_on|bad_network_preference|break_app_both_permissions|data_usage_exceeded[PERSONA:Hard],candidate,,257.0,repair_subset,Hard,4,permission|network_preference|data_usage_exceeded,neutral_other,delete
[mms_issue]airplane_mode_on|bad_wifi_calling|break_apn_mms_setting|data_usage_exceeded[PERSONA:None],candidate,,-16.0,repair_subset,None,4,apn|wifi_calling|data_usage_exceeded,neutral_other,
[mms_issue]airplane_mode_on|bad_wifi_calling|break_app_sms_permission|data_usage_exceeded[PERSONA:Easy],candidate,,-22.0,repair_subset,Easy,4,permission|wifi_calling|data_usage_exceeded,neutral_other,
[mms_issue]airplane_mode_on|bad_wifi_calling|break_app_storage_permission|data_usage_exceeded[PERSONA:Hard],candidate,,-21.0,repair_subset,Hard,4,permission|wifi_calling|data_usage_exceeded,neutral_other,
[mms_issue]airplane_mode_on|bad_wifi_calling|break_app_both_permissions|data_usage_exceeded[PERSONA:None],candidate,,-8.0,repair_subset,None,4,permission|wifi_calling|data_usage_exceeded,neutral_other,
[mms_issue]airplane_mode_on|break_apn_mms_setting|break_app_sms_permission|data_usage_exceeded[PERSONA:Easy],candidate,,-10.0,repair_subset,Easy,4,apn|permission|data_usage_exceeded,neutral_other,
[mms_issue]airplane_mode_on|break_apn_mms_setting|break_app_storage_permission|data_usage_exceeded[PERSONA:Hard],candidate,,-9.0,repair_subset,Hard,4,apn|permission|data_usage_exceeded,neutral_other,
[mms_issue]airplane_mode_on|break_apn_mms_setting|break_app_both_permissions|data_usage_exceeded[PERSONA:None],candidate,,4.0,repair_subset,None,4,apn|permission|data_usage_exceeded,neutral_other,
[mms_issue]airplane_mode_on|bad_network_preference|bad_wifi_calling|user_abroad_roaming_enabled_off[PERSONA:Easy],candidate,,-44.0,repair_all,Easy,4,wifi_calling|network_preference|roaming_enabled_off,neutral_other,
[mms_issue]airplane_mode_on|bad_network_preference|break_apn_mms_setting|user_abroad_roaming_enabled_off[PERSONA:Hard],candidate,,-89.0,repair_all,Hard,4,apn|network_preference|roaming_enabled_off,target_favoring,
[mms_issue]airplane_mode_on|bad_network_preference|break_app_sms_permission|user_abroad_roaming_enabled_off[PERSONA:None],candidate,,-38.0,repair_all,None,4,permission|network_preference|roaming_enabled_off,neutral_other,
[mms_issue]airplane_mode_on|bad_network_preference|break_app_storage_permission|user_abroad_roaming_enabled_off[PERSONA:Easy],candidate,,-40.0,repair_all,Easy,4,permission|network_preference|roaming_enabled_off,neutral_other,
[mms_issue]airplane_mode_on|bad_network_preference|break_app_both_permissions|user_abroad_roaming_enabled_off[PERSONA:Hard],candidate,,-21.0,repair_all,Hard,4,permission|network_preference|roaming_enabled_off,neutral_other,
[mms_issue]airplane_mode_on|bad_wifi_calling|break_apn_mms_setting|user_abroad_roaming_enabled_off[PERSONA:None],candidate,,-104.0,repair_all,None,4,apn|wifi_calling|roaming_enabled_off,target_favoring,
[mms_issue]airplane_mode_on|bad_wifi_calling|break_app_sms_permission|user_abroad_roaming_enabled_off[PERSONA:Easy],candidate,,-50.0,repair_all,Easy,4,permission|wifi_calling|roaming_enabled_off,neutral_other,
[mms_issue]airplane_mode_on|bad_wifi_calling|break_app_storage_permission|user_abroad_roaming_enabled_off[PERSONA:Hard],candidate,,-49.0,repair_all,Hard,4,permission|wifi_calling|roaming_enabled_off,neutral_other,
[mms_issue]airplane_mode_on|bad_wifi_calling|break_app_both_permissions|user_abroad_roaming_enabled_off[PERSONA:None],candidate,,-36.0,repair_all,None,4,permission|wifi_calling|roaming_enabled_off,neutral_other,
[mms_issue]airplane_mode_on|break_apn_mms_setting|break_app_sms_permission|user_abroad_roaming_enabled_off[PERSONA:Easy],candidate,,-98.0,repair_all,Easy,4,apn|permission|roaming_enabled_off,target_favoring,
[mms_issue]airplane_mode_on|break_apn_mms_setting|break_app_storage_permission|user_abroad_roaming_enabled_off[PERSONA:Hard],candidate,,-97.0,repair_all,Hard,4,apn|permission|roaming_enabled_off,target_favoring,
[mms_issue]airplane_mode_on|break_apn_mms_setting|break_app_both_permissions|user_abroad_roaming_enabled_off[PERSONA:None],candidate,,-84.0,repair_all,None,4,apn|permission|roaming_enabled_off,target_favoring,
[mms_issue]airplane_mode_on|bad_network_preference|bad_wifi_calling|user_abroad_roaming_disabled_on[PERSONA:Easy],candidate,,-20.0,repair_subset,Easy,4,wifi_calling|network_preference|roaming_disabled_on,neutral_other,
[mms_issue]airplane_mode_on|bad_network_preference|break_apn_mms_setting|user_abroad_roaming_disabled_on[PERSONA:Hard],candidate,,-65.0,repair_subset,Hard,4,apn|network_preference|roaming_disabled_on,target_favoring,
[mms_issue]airplane_mode_on|bad_network_preference|break_app_sms_permission|user_abroad_roaming_disabled_on[PERSONA:None],candidate,,-14.0,repair_subset,None,4,permission|network_preference|roaming_disabled_on,neutral_other,
[mms_issue]airplane_mode_on|bad_network_preference|break_app_storage_permission|user_abroad_roaming_disabled_on[PERSONA:Easy],candidate,,-16.0,repair_subset,Easy,4,permission|network_preference|roaming_disabled_on,neutral_other,
[mms_issue]airplane_mode_on|bad_network_preference|break_app_both_permissions|user_abroad_roaming_disabled_on[PERSONA:Hard],candidate,,253.0,repair_subset,Hard,4,permission|network_preference|roaming_disabled_on,neutral_other,delete
[mms_issue]airplane_mode_on|bad_wifi_calling|break_apn_mms_setting|user_abroad_roaming_disabled_on[PERSONA:None],candidate,,-80.0,repair_subset,None,4,apn|wifi_calling|roaming_disabled_on,target_favoring,
[mms_issue]airplane_mode_on|bad_wifi_calling|break_app_sms_permission|user_abroad_roaming_disabled_on[PERSONA:Easy],candidate,,-26.0,repair_subset,Easy,4,permission|wifi_calling|roaming_disabled_on,neutral_other,
[mms_issue]airplane_mode_on|bad_wifi_calling|break_app_storage_permission|user_abroad_roaming_disabled_on[PERSONA:Hard],candidate,,-25.0,repair_subset,Hard,4,permission|wifi_calling|roaming_disabled_on,neutral_other,
[mms_issue]airplane_mode_on|bad_wifi_calling|break_app_both_permissions|user_abroad_roaming_disabled_on[PERSONA:None],candidate,,-12.0,repair_subset,None,4,permission|wifi_calling|roaming_disabled_on,neutral_other,
[mms_issue]airplane_mode_on|break_apn_mms_setting|break_app_sms_permission|user_abroad_roaming_disabled_on[PERSONA:Easy],candidate,,-74.0,repair_subset,Easy,4,apn|permission|roaming_disabled_on,target_favoring,
[mms_issue]airplane_mode_on|break_apn_mms_setting|break_app_storage_permission|user_abroad_roaming_disabled_on[PERSONA:Hard],candidate,,-73.0,repair_subset,Hard,4,apn|permission|roaming_disabled_on,target_favoring,
[mms_issue]airplane_mode_on|break_apn_mms_setting|break_app_both_permissions|user_abroad_roaming_disabled_on[PERSONA:None],candidate,,-60.0,repair_subset,None,4,apn|permission|roaming_disabled_on,target_favoring,
[mms_issue]airplane_mode_on|bad_network_preference|bad_wifi_calling|user_abroad_roaming_disabled_off[PERSONA:Easy],static_delete,static_exclude_transfer_oracle;static_exclude_hybrid_roaming_disabled_off,1000.0,transfer,Easy,4,wifi_calling|network_preference|hybrid_roaming_disabled_off,neutral_other,
[mms_issue]airplane_mode_on|bad_network_preference|break_apn_mms_setting|user_abroad_roaming_disabled_off[PERSONA:Hard],static_delete,static_exclude_transfer_oracle;static_exclude_hybrid_roaming_disabled_off,1000.0,transfer,Hard,4,apn|network_preference|hybrid_roaming_disabled_off,neutral_other,
[mms_issue]airplane_mode_on|bad_network_preference|break_app_sms_permission|user_abroad_roaming_disabled_off[PERSONA:None],static_delete,static_exclude_transfer_oracle;static_exclude_hybrid_roaming_disabled_off,1000.0,transfer,None,4,permission|network_preference|hybrid_roaming_disabled_off,neutral_other,
[mms_issue]airplane_mode_on|bad_network_preference|break_app_storage_permission|user_abroad_roaming_disabled_off[PERSONA:Easy],static_delete,static_exclude_transfer_oracle;static_exclude_hybrid_roaming_disabled_off,1000.0,transfer,Easy,4,permission|network_preference|hybrid_roaming_disabled_off,neutral_other,
[mms_issue]airplane_mode_on|bad_network_preference|break_app_both_permissions|user_abroad_roaming_disabled_off[PERSONA:Hard],static_delete,static_exclude_transfer_oracle;static_exclude_hybrid_roaming_disabled_off,1000.0,transfer,Hard,4,permission|network_preference|hybrid_roaming_disabled_off,neutral_other,
[mms_issue]airplane_mode_on|bad_wifi_calling|break_apn_mms_setting|user_abroad_roaming_disabled_off[PERSONA:None],static_delete,static_exclude_transfer_oracle;static_exclude_hybrid_roaming_disabled_off,1000.0,transfer,None,4,apn|wifi_calling|hybrid_roaming_disabled_off,neutral_other,
[mms_issue]airplane_mode_on|bad_wifi_calling|break_app_sms_permission|user_abroad_roaming_disabled_off[PERSONA:Easy],static_delete,static_exclude_transfer_oracle;static_exclude_hybrid_roaming_disabled_off,1000.0,transfer,Easy,4,permission|wifi_calling|hybrid_roaming_disabled_off,neutral_other,
[mms_issue]airplane_mode_on|bad_wifi_calling|break_app_storage_permission|user_abroad_roaming_disabled_off[PERSONA:Hard],static_delete,static_exclude_transfer_oracle;static_exclude_hybrid_roaming_disabled_off,1000.0,transfer,Hard,4,permission|wifi_calling|hybrid_roaming_disabled_off,neutral_other,
[mms_issue]airplane_mode_on|bad_wifi_calling|break_app_both_permissions|user_abroad_roaming_disabled_off[PERSONA:None],static_delete,static_exclude_transfer_oracle;static_exclude_hybrid_roaming_disabled_off,1000.0,transfer,None,4,permission|wifi_calling|hybrid_roaming_disabled_off,neutral_other,
[mms_issue]airplane_mode_on|break_apn_mms_setting|break_app_sms_permission|user_abroad_roaming_disabled_off[PERSONA:Easy],static_delete,static_exclude_transfer_oracle;static_exclude_hybrid_roaming_disabled_off,1000.0,transfer,Easy,4,apn|permission|hybrid_roaming_disabled_off,neutral_other,
[mms_issue]airplane_mode_on|break_apn_mms_setting|break_app_storage_permission|user_abroad_roaming_disabled_off[PERSONA:Hard],static_delete,static_exclude_transfer_oracle;static_exclude_hybrid_roaming_disabled_off,1000.0,transfer,Hard,4,apn|permission|hybrid_roaming_disabled_off,neutral_other,
[mms_issue]airplane_mode_on|break_apn_mms_setting|break_app_both_permissions|user_abroad_roaming_disabled_off[PERSONA:None],static_delete,static_exclude_transfer_oracle;static_exclude_hybrid_roaming_disabled_off,1000.0,transfer,None,4,apn|permission|hybrid_roaming_disabled_off,neutral_other,
[mms_issue]airplane_mode_on|bad_network_preference|bad_wifi_calling|break_apn_mms_setting[PERSONA:Easy],candidate,,-44.0,repair_all,Easy,4,apn|wifi_calling|network_preference,neutral_other,
[mms_issue]airplane_mode_on|bad_network_preference|bad_wifi_calling|break_app_sms_permission[PERSONA:Hard],candidate,,-47.0,repair_all,Hard,4,permission|wifi_calling|network_preference,neutral_other,
[mms_issue]airplane_mode_on|bad_network_preference|bad_wifi_calling|break_app_storage_permission[PERSONA:None],candidate,,-52.0,repair_all,None,4,permission|wifi_calling|network_preference,neutral_other,
[mms_issue]airplane_mode_on|bad_network_preference|bad_wifi_calling|break_app_both_permissions[PERSONA:Easy],candidate,,-36.0,repair_all,Easy,4,permission|wifi_calling|network_preference,neutral_other,
[mms_issue]airplane_mode_on|bad_network_preference|break_apn_mms_setting|break_app_sms_permission[PERSONA:Hard],candidate,,-35.0,repair_all,Hard,4,apn|permission|network_preference,neutral_other,
[mms_issue]airplane_mode_on|bad_network_preference|break_apn_mms_setting|break_app_storage_permission[PERSONA:None],candidate,,-40.0,repair_all,None,4,apn|permission|network_preference,neutral_other,
[mms_issue]airplane_mode_on|bad_network_preference|break_apn_mms_setting|break_app_both_permissions[PERSONA:Easy],candidate,,-24.0,repair_all,Easy,4,apn|permission|network_preference,neutral_other,
[mms_issue]airplane_mode_on|bad_wifi_calling|break_apn_mms_setting|break_app_sms_permission[PERSONA:Hard],candidate,,-47.0,repair_all,Hard,4,apn|permission|wifi_calling,neutral_other,
[mms_issue]airplane_mode_on|bad_wifi_calling|break_apn_mms_setting|break_app_storage_permission[PERSONA:None],candidate,,-52.0,repair_all,None,4,apn|permission|wifi_calling,neutral_other,
[mms_issue]airplane_mode_on|bad_wifi_calling|break_apn_mms_setting|break_app_both_permissions[PERSONA:Easy],candidate,,-36.0,repair_all,Easy,4,apn|permission|wifi_calling,neutral_other,
[mms_issue]bad_network_preference|data_mode_off|data_usage_exceeded|unseat_sim_card[PERSONA:Hard],candidate,,-1.0,repair_subset,Hard,4,network_preference|sim|data_mode|data_usage_exceeded,neutral_other,
[mms_issue]bad_wifi_calling|data_mode_off|data_usage_exceeded|unseat_sim_card[PERSONA:None],candidate,,-16.0,repair_subset,None,4,wifi_calling|sim|data_mode|data_usage_exceeded,neutral_other,
[mms_issue]break_apn_mms_setting|data_mode_off|data_usage_exceeded|unseat_sim_card[PERSONA:Easy],candidate,,-64.0,repair_subset,Easy,4,apn|sim|data_mode|data_usage_exceeded,target_favoring,
[mms_issue]break_app_sms_permission|data_mode_off|data_usage_exceeded|unseat_sim_card[PERSONA:Hard],candidate,,-7.0,repair_subset,Hard,4,permission|sim|data_mode|data_usage_exceeded,neutral_other,
[mms_issue]break_app_storage_permission|data_mode_off|data_usage_exceeded|unseat_sim_card[PERSONA:None],candidate,,-12.0,repair_subset,None,4,permission|sim|data_mode|data_usage_exceeded,neutral_other,
[mms_issue]break_app_both_permissions|data_mode_off|data_usage_exceeded|unseat_sim_card[PERSONA:Easy],candidate,,4.0,repair_subset,Easy,4,permission|sim|data_mode|data_usage_exceeded,neutral_other,
[mms_issue]bad_network_preference|data_mode_off|unseat_sim_card|user_abroad_roaming_enabled_off[PERSONA:Hard],candidate,,-29.0,repair_all,Hard,4,network_preference|sim|data_mode|roaming_enabled_off,neutral_other,
[mms_issue]bad_wifi_calling|data_mode_off|unseat_sim_card|user_abroad_roaming_enabled_off[PERSONA:None],candidate,,-44.0,repair_all,None,4,wifi_calling|sim|data_mode|roaming_enabled_off,neutral_other,
[mms_issue]break_apn_mms_setting|data_mode_off|unseat_sim_card|user_abroad_roaming_enabled_off[PERSONA:Easy],candidate,,-92.0,repair_all,Easy,4,apn|sim|data_mode|roaming_enabled_off,target_favoring,
[mms_issue]break_app_sms_permission|data_mode_off|unseat_sim_card|user_abroad_roaming_enabled_off[PERSONA:Hard],candidate,,-35.0,repair_all,Hard,4,permission|sim|data_mode|roaming_enabled_off,neutral_other,
[mms_issue]break_app_storage_permission|data_mode_off|unseat_sim_card|user_abroad_roaming_enabled_off[PERSONA:None],candidate,,-40.0,repair_all,None,4,permission|sim|data_mode|roaming_enabled_off,neutral_other,
[mms_issue]break_app_both_permissions|data_mode_off|unseat_sim_card|user_abroad_roaming_enabled_off[PERSONA:Easy],candidate,,-24.0,repair_all,Easy,4,permission|sim|data_mode|roaming_enabled_off,neutral_other,
[mms_issue]bad_network_preference|data_mode_off|unseat_sim_card|user_abroad_roaming_disabled_on[PERSONA:Hard],candidate,,-5.0,repair_subset,Hard,4,network_preference|sim|data_mode|roaming_disabled_on,neutral_other,
[mms_issue]bad_wifi_calling|data_mode_off|unseat_sim_card|user_abroad_roaming_disabled_on[PERSONA:None],candidate,,-20.0,repair_subset,None,4,wifi_calling|sim|data_mode|roaming_disabled_on,neutral_other,
[mms_issue]break_apn_mms_setting|data_mode_off|unseat_sim_card|user_abroad_roaming_disabled_on[PERSONA:Easy],candidate,,-68.0,repair_subset,Easy,4,apn|sim|data_mode|roaming_disabled_on,target_favoring,
[mms_issue]break_app_sms_permission|data_mode_off|unseat_sim_card|user_abroad_roaming_disabled_on[PERSONA:Hard],candidate,,-11.0,repair_subset,Hard,4,permission|sim|data_mode|roaming_disabled_on,neutral_other,
[mms_issue]break_app_storage_permission|data_mode_off|unseat_sim_card|user_abroad_roaming_disabled_on[PERSONA:None],candidate,,-16.0,repair_subset,None,4,permission|sim|data_mode|roaming_disabled_on,neutral_other,
[mms_issue]break_app_both_permissions|data_mode_off|unseat_sim_card|user_abroad_roaming_disabled_on[PERSONA:Easy],candidate,,0.0,repair_subset,Easy,4,permission|sim|data_mode|roaming_disabled_on,neutral_other,
[mms_issue]bad_network_preference|data_mode_off|unseat_sim_card|user_abroad_roaming_disabled_off[PERSONA:Hard],static_delete,static_exclude_transfer_oracle;static_exclude_hybrid_roaming_disabled_off,1000.0,transfer,Hard,4,network_preference|sim|data_mode|hybrid_roaming_disabled_off,neutral_other,
[mms_issue]bad_wifi_calling|data_mode_off|unseat_sim_card|user_abroad_roaming_disabled_off[PERSONA:None],static_delete,static_exclude_transfer_oracle;static_exclude_hybrid_roaming_disabled_off,1000.0,transfer,None,4,wifi_calling|sim|data_mode|hybrid_roaming_disabled_off,neutral_other,
[mms_issue]break_apn_mms_setting|data_mode_off|unseat_sim_card|user_abroad_roaming_disabled_off[PERSONA:Easy],static_delete,static_exclude_transfer_oracle;static_exclude_hybrid_roaming_disabled_off,1000.0,transfer,Easy,4,apn|sim|data_mode|hybrid_roaming_disabled_off,neutral_other,
[mms_issue]break_app_sms_permission|data_mode_off|unseat_sim_card|user_abroad_roaming_disabled_off[PERSONA:Hard],static_delete,static_exclude_transfer_oracle;static_exclude_hybrid_roaming_disabled_off,1000.0,transfer,Hard,4,permission|sim|data_mode|hybrid_roaming_disabled_off,neutral_other,
[mms_issue]break_app_storage_permission|data_mode_off|unseat_sim_card|user_abroad_roaming_disabled_off[PERSONA:None],static_delete,static_exclude_transfer_oracle;static_exclude_hybrid_roaming_disabled_off,1000.0,transfer,None,4,permission|sim|data_mode|hybrid_roaming_disabled_off,neutral_other,
[mms_issue]break_app_both_permissions|data_mode_off|unseat_sim_card|user_abroad_roaming_disabled_off[PERSONA:Easy],static_delete,static_exclude_transfer_oracle;static_exclude_hybrid_roaming_disabled_off,1000.0,transfer,Easy,4,permission|sim|data_mode|hybrid_roaming_disabled_off,neutral_other,
[mms_issue]bad_network_preference|bad_wifi_calling|data_mode_off|unseat_sim_card[PERSONA:Hard],candidate,,-41.0,repair_all,Hard,4,wifi_calling|network_preference|sim|data_mode,neutral_other,
[mms_issue]bad_network_preference|break_apn_mms_setting|data_mode_off|unseat_sim_card[PERSONA:None],candidate,,-92.0,repair_all,None,4,apn|network_preference|sim|data_mode,target_favoring,
[mms_issue]bad_network_preference|break_app_sms_permission|data_mode_off|unseat_sim_card[PERSONA:Easy],candidate,,-38.0,repair_all,Easy,4,permission|network_preference|sim|data_mode,neutral_other,
[mms_issue]bad_network_preference|break_app_storage_permission|data_mode_off|unseat_sim_card[PERSONA:Hard],candidate,,-37.0,repair_all,Hard,4,permission|network_preference|sim|data_mode,neutral_other,
[mms_issue]bad_network_preference|break_app_both_permissions|data_mode_off|unseat_sim_card[PERSONA:None],candidate,,-24.0,repair_all,None,4,permission|network_preference|sim|data_mode,neutral_other,
[mms_issue]bad_wifi_calling|break_apn_mms_setting|data_mode_off|unseat_sim_card[PERSONA:Easy],candidate,,-104.0,repair_all,Easy,4,apn|wifi_calling|sim|data_mode,target_favoring,
[mms_issue]bad_wifi_calling|break_app_sms_permission|data_mode_off|unseat_sim_card[PERSONA:Hard],candidate,,-47.0,repair_all,Hard,4,permission|wifi_calling|sim|data_mode,neutral_other,
[mms_issue]bad_wifi_calling|break_app_storage_permission|data_mode_off|unseat_sim_card[PERSONA:None],candidate,,-52.0,repair_all,None,4,permission|wifi_calling|sim|data_mode,neutral_other,
[mms_issue]bad_wifi_calling|break_app_both_permissions|data_mode_off|unseat_sim_card[PERSONA:Easy],candidate,,-36.0,repair_all,Easy,4,permission|wifi_calling|sim|data_mode,neutral_other,
[mms_issue]break_apn_mms_setting|break_app_sms_permission|data_mode_off|unseat_sim_card[PERSONA:Hard],candidate,,-95.0,repair_all,Hard,4,apn|permission|sim|data_mode,target_favoring,
[mms_issue]break_apn_mms_setting|break_app_storage_permission|data_mode_off|unseat_sim_card[PERSONA:None],candidate,,-100.0,repair_all,None,4,apn|permission|sim|data_mode,target_favoring,
[mms_issue]break_apn_mms_setting|break_app_both_permissions|data_mode_off|unseat_sim_card[PERSONA:Easy],candidate,,-84.0,repair_all,Easy,4,apn|permission|sim|data_mode,target_favoring,
[mms_issue]bad_network_preference|data_usage_exceeded|unseat_sim_card|user_abroad_roaming_enabled_off[PERSONA:Hard],candidate,,-1.0,repair_subset,Hard,4,network_preference|sim|data_usage_exceeded|roaming_enabled_off,neutral_other,
[mms_issue]bad_wifi_calling|data_usage_exceeded|unseat_sim_card|user_abroad_roaming_enabled_off[PERSONA:None],candidate,,-16.0,repair_subset,None,4,wifi_calling|sim|data_usage_exceeded|roaming_enabled_off,neutral_other,
[mms_issue]break_apn_mms_setting|data_usage_exceeded|unseat_sim_card|user_abroad_roaming_enabled_off[PERSONA:Easy],candidate,,-64.0,repair_subset,Easy,4,apn|sim|data_usage_exceeded|roaming_enabled_off,target_favoring,
[mms_issue]break_app_sms_permission|data_usage_exceeded|unseat_sim_card|user_abroad_roaming_enabled_off[PERSONA:Hard],candidate,,-7.0,repair_subset,Hard,4,permission|sim|data_usage_exceeded|roaming_enabled_off,neutral_other,
[mms_issue]break_app_storage_permission|data_usage_exceeded|unseat_sim_card|user_abroad_roaming_enabled_off[PERSONA:None],candidate,,-12.0,repair_subset,None,4,permission|sim|data_usage_exceeded|roaming_enabled_off,neutral_other,
[mms_issue]break_app_both_permissions|data_usage_exceeded|unseat_sim_card|user_abroad_roaming_enabled_off[PERSONA:Easy],candidate,,4.0,repair_subset,Easy,4,permission|sim|data_usage_exceeded|roaming_enabled_off,neutral_other,
[mms_issue]bad_network_preference|data_usage_exceeded|unseat_sim_card|user_abroad_roaming_disabled_on[PERSONA:Hard],candidate,,-1.0,repair_subset,Hard,4,network_preference|sim|data_usage_exceeded|roaming_disabled_on,neutral_other,
[mms_issue]bad_wifi_calling|data_usage_exceeded|unseat_sim_card|user_abroad_roaming_disabled_on[PERSONA:None],candidate,,-16.0,repair_subset,None,4,wifi_calling|sim|data_usage_exceeded|roaming_disabled_on,neutral_other,
[mms_issue]break_apn_mms_setting|data_usage_exceeded|unseat_sim_card|user_abroad_roaming_disabled_on[PERSONA:Easy],candidate,,-64.0,repair_subset,Easy,4,apn|sim|data_usage_exceeded|roaming_disabled_on,target_favoring,
[mms_issue]break_app_sms_permission|data_usage_exceeded|unseat_sim_card|user_abroad_roaming_disabled_on[PERSONA:Hard],candidate,,-7.0,repair_subset,Hard,4,permission|sim|data_usage_exceeded|roaming_disabled_on,neutral_other,
[mms_issue]break_app_storage_permission|data_usage_exceeded|unseat_sim_card|user_abroad_roaming_disabled_on[PERSONA:None],candidate,,-12.0,repair_subset,None,4,permission|sim|data_usage_exceeded|roaming_disabled_on,neutral_other,
[mms_issue]break_app_both_permissions|data_usage_exceeded|unseat_sim_card|user_abroad_roaming_disabled_on[PERSONA:Easy],candidate,,4.0,repair_subset,Easy,4,permission|sim|data_usage_exceeded|roaming_disabled_on,neutral_other,
[mms_issue]bad_network_preference|data_usage_exceeded|unseat_sim_card|user_abroad_roaming_disabled_off[PERSONA:Hard],static_delete,static_exclude_transfer_oracle;static_exclude_hybrid_roaming_disabled_off,1000.0,transfer,Hard,4,network_preference|sim|data_usage_exceeded|hybrid_roaming_disabled_off,neutral_other,
[mms_issue]bad_wifi_calling|data_usage_exceeded|unseat_sim_card|user_abroad_roaming_disabled_off[PERSONA:None],static_delete,static_exclude_transfer_oracle;static_exclude_hybrid_roaming_disabled_off,1000.0,transfer,None,4,wifi_calling|sim|data_usage_exceeded|hybrid_roaming_disabled_off,neutral_other,
[mms_issue]break_apn_mms_setting|data_usage_exceeded|unseat_sim_card|user_abroad_roaming_disabled_off[PERSONA:Easy],static_delete,static_exclude_transfer_oracle;static_exclude_hybrid_roaming_disabled_off,1000.0,transfer,Easy,4,apn|sim|data_usage_exceeded|hybrid_roaming_disabled_off,neutral_other,
[mms_issue]break_app_sms_permission|data_usage_exceeded|unseat_sim_card|user_abroad_roaming_disabled_off[PERSONA:Hard],static_delete,static_exclude_transfer_oracle;static_exclude_hybrid_roaming_disabled_off,1000.0,transfer,Hard,4,permission|sim|data_usage_exceeded|hybrid_roaming_disabled_off,neutral_other,
[mms_issue]break_app_storage_permission|data_usage_exceeded|unseat_sim_card|user_abroad_roaming_disabled_off[PERSONA:None],static_delete,static_exclude_transfer_oracle;static_exclude_hybrid_roaming_disabled_off,1000.0,transfer,None,4,permission|sim|data_usage_exceeded|hybrid_roaming_disabled_off,neutral_other,
[mms_issue]break_app_both_permissions|data_usage_exceeded|unseat_sim_card|user_abroad_roaming_disabled_off[PERSONA:Easy],static_delete,static_exclude_transfer_oracle;static_exclude_hybrid_roaming_disabled_off,1000.0,transfer,Easy,4,permission|sim|data_usage_exceeded|hybrid_roaming_disabled_off,neutral_other,
[mms_issue]bad_network_preference|bad_wifi_calling|data_usage_exceeded|unseat_sim_card[PERSONA:Hard],candidate,,-13.0,repair_subset,Hard,4,wifi_calling|network_preference|sim|data_usage_exceeded,neutral_other,
[mms_issue]bad_network_preference|break_apn_mms_setting|data_usage_exceeded|unseat_sim_card[PERSONA:None],candidate,,-64.0,repair_subset,None,4,apn|network_preference|sim|data_usage_exceeded,target_favoring,
[mms_issue]bad_network_preference|break_app_sms_permission|data_usage_exceeded|unseat_sim_card[PERSONA:Easy],candidate,,-10.0,repair_subset,Easy,4,permission|network_preference|sim|data_usage_exceeded,neutral_other,
[mms_issue]bad_network_preference|break_app_storage_permission|data_usage_exceeded|unseat_sim_card[PERSONA:Hard],candidate,,-9.0,repair_subset,Hard,4,permission|network_preference|sim|data_usage_exceeded,neutral_other,
[mms_issue]bad_network_preference|break_app_both_permissions|data_usage_exceeded|unseat_sim_card[PERSONA:None],candidate,,4.0,repair_subset,None,4,permission|network_preference|sim|data_usage_exceeded,neutral_other,
[mms_issue]bad_wifi_calling|break_apn_mms_setting|data_usage_exceeded|unseat_sim_card[PERSONA:Easy],candidate,,-76.0,repair_subset,Easy,4,apn|wifi_calling|sim|data_usage_exceeded,target_favoring,
[mms_issue]bad_wifi_calling|break_app_sms_permission|data_usage_exceeded|unseat_sim_card[PERSONA:Hard],candidate,,-19.0,repair_subset,Hard,4,permission|wifi_calling|sim|data_usage_exceeded,neutral_other,
[mms_issue]bad_wifi_calling|break_app_storage_permission|data_usage_exceeded|unseat_sim_card[PERSONA:None],candidate,,-24.0,repair_subset,None,4,permission|wifi_calling|sim|data_usage_exceeded,neutral_other,
[mms_issue]bad_wifi_calling|break_app_both_permissions|data_usage_exceeded|unseat_sim_card[PERSONA:Easy],candidate,,-8.0,repair_subset,Easy,4,permission|wifi_calling|sim|data_usage_exceeded,neutral_other,
[mms_issue]break_apn_mms_setting|break_app_sms_permission|data_usage_exceeded|unseat_sim_card[PERSONA:Hard],candidate,,-67.0,repair_subset,Hard,4,apn|permission|sim|data_usage_exceeded,target_favoring,
[mms_issue]break_apn_mms_setting|break_app_storage_permission|data_usage_exceeded|unseat_sim_card[PERSONA:None],candidate,,-72.0,repair_subset,None,4,apn|permission|sim|data_usage_exceeded,target_favoring,
[mms_issue]break_apn_mms_setting|break_app_both_permissions|data_usage_exceeded|unseat_sim_card[PERSONA:Easy],candidate,,-56.0,repair_subset,Easy,4,apn|permission|sim|data_usage_exceeded,target_favoring,
[mms_issue]bad_network_preference|bad_wifi_calling|unseat_sim_card|user_abroad_roaming_enabled_off[PERSONA:Hard],candidate,,-41.0,repair_all,Hard,4,wifi_calling|network_preference|sim|roaming_enabled_off,neutral_other,
[mms_issue]bad_network_preference|break_apn_mms_setting|unseat_sim_card|user_abroad_roaming_enabled_off[PERSONA:None],candidate,,-92.0,repair_all,None,4,apn|network_preference|sim|roaming_enabled_off,target_favoring,
[mms_issue]bad_network_preference|break_app_sms_permission|unseat_sim_card|user_abroad_roaming_enabled_off[PERSONA:Easy],candidate,,-38.0,repair_all,Easy,4,permission|network_preference|sim|roaming_enabled_off,neutral_other,
[mms_issue]bad_network_preference|break_app_storage_permission|unseat_sim_card|user_abroad_roaming_enabled_off[PERSONA:Hard],candidate,,-37.0,repair_all,Hard,4,permission|network_preference|sim|roaming_enabled_off,neutral_other,
[mms_issue]bad_network_preference|break_app_both_permissions|unseat_sim_card|user_abroad_roaming_enabled_off[PERSONA:None],candidate,,-24.0,repair_all,None,4,permission|network_preference|sim|roaming_enabled_off,neutral_other,
[mms_issue]bad_wifi_calling|break_apn_mms_setting|unseat_sim_card|user_abroad_roaming_enabled_off[PERSONA:Easy],candidate,,-104.0,repair_all,Easy,4,apn|wifi_calling|sim|roaming_enabled_off,target_favoring,
[mms_issue]bad_wifi_calling|break_app_sms_permission|unseat_sim_card|user_abroad_roaming_enabled_off[PERSONA:Hard],candidate,,-47.0,repair_all,Hard,4,permission|wifi_calling|sim|roaming_enabled_off,neutral_other,
[mms_issue]bad_wifi_calling|break_app_storage_permission|unseat_sim_card|user_abroad_roaming_enabled_off[PERSONA:None],candidate,,-52.0,repair_all,None,4,permission|wifi_calling|sim|roaming_enabled_off,neutral_other,
[mms_issue]bad_wifi_calling|break_app_both_permissions|unseat_sim_card|user_abroad_roaming_enabled_off[PERSONA:Easy],candidate,,-36.0,repair_all,Easy,4,permission|wifi_calling|sim|roaming_enabled_off,neutral_other,
[mms_issue]break_apn_mms_setting|break_app_sms_permission|unseat_sim_card|user_abroad_roaming_enabled_off[PERSONA:Hard],candidate,,-95.0,repair_all,Hard,4,apn|permission|sim|roaming_enabled_off,target_favoring,
[mms_issue]break_apn_mms_setting|break_app_storage_permission|unseat_sim_card|user_abroad_roaming_enabled_off[PERSONA:None],candidate,,-100.0,repair_all,None,4,apn|permission|sim|roaming_enabled_off,target_favoring,
[mms_issue]break_apn_mms_setting|break_app_both_permissions|unseat_sim_card|user_abroad_roaming_enabled_off[PERSONA:Easy],candidate,,-84.0,repair_all,Easy,4,apn|permission|sim|roaming_enabled_off,target_favoring,
[mms_issue]bad_network_preference|bad_wifi_calling|unseat_sim_card|user_abroad_roaming_disabled_on[PERSONA:Hard],candidate,,-17.0,repair_subset,Hard,4,wifi_calling|network_preference|sim|roaming_disabled_on,neutral_other,
[mms_issue]bad_network_preference|break_apn_mms_setting|unseat_sim_card|user_abroad_roaming_disabled_on[PERSONA:None],candidate,,-68.0,repair_subset,None,4,apn|network_preference|sim|roaming_disabled_on,target_favoring,
[mms_issue]bad_network_preference|break_app_sms_permission|unseat_sim_card|user_abroad_roaming_disabled_on[PERSONA:Easy],candidate,,-14.0,repair_subset,Easy,4,permission|network_preference|sim|roaming_disabled_on,neutral_other,
[mms_issue]bad_network_preference|break_app_storage_permission|unseat_sim_card|user_abroad_roaming_disabled_on[PERSONA:Hard],candidate,,-13.0,repair_subset,Hard,4,permission|network_preference|sim|roaming_disabled_on,neutral_other,
[mms_issue]bad_network_preference|break_app_both_permissions|unseat_sim_card|user_abroad_roaming_disabled_on[PERSONA:None],candidate,,0.0,repair_subset,None,4,permission|network_preference|sim|roaming_disabled_on,neutral_other,
[mms_issue]bad_wifi_calling|break_apn_mms_setting|unseat_sim_card|user_abroad_roaming_disabled_on[PERSONA:Easy],candidate,,-80.0,repair_subset,Easy,4,apn|wifi_calling|sim|roaming_disabled_on,target_favoring,
[mms_issue]bad_wifi_calling|break_app_sms_permission|unseat_sim_card|user_abroad_roaming_disabled_on[PERSONA:Hard],candidate,,-23.0,repair_subset,Hard,4,permission|wifi_calling|sim|roaming_disabled_on,neutral_other,
[mms_issue]bad_wifi_calling|break_app_storage_permission|unseat_sim_card|user_abroad_roaming_disabled_on[PERSONA:None],candidate,,-28.0,repair_subset,None,4,permission|wifi_calling|sim|roaming_disabled_on,neutral_other,
[mms_issue]bad_wifi_calling|break_app_both_permissions|unseat_sim_card|user_abroad_roaming_disabled_on[PERSONA:Easy],candidate,,-12.0,repair_subset,Easy,4,permission|wifi_calling|sim|roaming_disabled_on,neutral_other,
[mms_issue]break_apn_mms_setting|break_app_sms_permission|unseat_sim_card|user_abroad_roaming_disabled_on[PERSONA:Hard],candidate,,-71.0,repair_subset,Hard,4,apn|permission|sim|roaming_disabled_on,target_favoring,
[mms_issue]break_apn_mms_setting|break_app_storage_permission|unseat_sim_card|user_abroad_roaming_disabled_on[PERSONA:None],candidate,,-76.0,repair_subset,None,4,apn|permission|sim|roaming_disabled_on,target_favoring,
[mms_issue]break_apn_mms_setting|break_app_both_permissions|unseat_sim_card|user_abroad_roaming_disabled_on[PERSONA:Easy],candidate,,-60.0,repair_subset,Easy,4,apn|permission|sim|roaming_disabled_on,target_favoring,
[mms_issue]bad_network_preference|bad_wifi_calling|unseat_sim_card|user_abroad_roaming_disabled_off[PERSONA:Hard],static_delete,static_exclude_transfer_oracle;static_exclude_hybrid_roaming_disabled_off,1000.0,transfer,Hard,4,wifi_calling|network_preference|sim|hybrid_roaming_disabled_off,neutral_other,
[mms_issue]bad_network_preference|break_apn_mms_setting|unseat_sim_card|user_abroad_roaming_disabled_off[PERSONA:None],static_delete,static_exclude_transfer_oracle;static_exclude_hybrid_roaming_disabled_off,1000.0,transfer,None,4,apn|network_preference|sim|hybrid_roaming_disabled_off,neutral_other,
[mms_issue]bad_network_preference|break_app_sms_permission|unseat_sim_card|user_abroad_roaming_disabled_off[PERSONA:Easy],static_delete,static_exclude_transfer_oracle;static_exclude_hybrid_roaming_disabled_off,1000.0,transfer,Easy,4,permission|network_preference|sim|hybrid_roaming_disabled_off,neutral_other,
[mms_issue]bad_network_preference|break_app_storage_permission|unseat_sim_card|user_abroad_roaming_disabled_off[PERSONA:Hard],static_delete,static_exclude_transfer_oracle;static_exclude_hybrid_roaming_disabled_off,1000.0,transfer,Hard,4,permission|network_preference|sim|hybrid_roaming_disabled_off,neutral_other,
[mms_issue]bad_network_preference|break_app_both_permissions|unseat_sim_card|user_abroad_roaming_disabled_off[PERSONA:None],static_delete,static_exclude_transfer_oracle;static_exclude_hybrid_roaming_disabled_off,1000.0,transfer,None,4,permission|network_preference|sim|hybrid_roaming_disabled_off,neutral_other,
[mms_issue]bad_wifi_calling|break_apn_mms_setting|unseat_sim_card|user_abroad_roaming_disabled_off[PERSONA:Easy],static_delete,static_exclude_transfer_oracle;static_exclude_hybrid_roaming_disabled_off,1000.0,transfer,Easy,4,apn|wifi_calling|sim|hybrid_roaming_disabled_off,neutral_other,
[mms_issue]bad_wifi_calling|break_app_sms_permission|unseat_sim_card|user_abroad_roaming_disabled_off[PERSONA:Hard],static_delete,static_exclude_transfer_oracle;static_exclude_hybrid_roaming_disabled_off,1000.0,transfer,Hard,4,permission|wifi_calling|sim|hybrid_roaming_disabled_off,neutral_other,
[mms_issue]bad_wifi_calling|break_app_storage_permission|unseat_sim_card|user_abroad_roaming_disabled_off[PERSONA:None],static_delete,static_exclude_transfer_oracle;static_exclude_hybrid_roaming_disabled_off,1000.0,transfer,None,4,permission|wifi_calling|sim|hybrid_roaming_disabled_off,neutral_other,
[mms_issue]bad_wifi_calling|break_app_both_permissions|unseat_sim_card|user_abroad_roaming_disabled_off[PERSONA:Easy],static_delete,static_exclude_transfer_oracle;static_exclude_hybrid_roaming_disabled_off,1000.0,transfer,Easy,4,permission|wifi_calling|sim|hybrid_roaming_disabled_off,neutral_other,
[mms_issue]break_apn_mms_setting|break_app_sms_permission|unseat_sim_card|user_abroad_roaming_disabled_off[PERSONA:Hard],static_delete,static_exclude_transfer_oracle;static_exclude_hybrid_roaming_disabled_off,1000.0,transfer,Hard,4,apn|permission|sim|hybrid_roaming_disabled_off,neutral_other,
[mms_issue]break_apn_mms_setting|break_app_storage_permission|unseat_sim_card|user_abroad_roaming_disabled_off[PERSONA:None],static_delete,static_exclude_transfer_oracle;static_exclude_hybrid_roaming_disabled_off,1000.0,transfer,None,4,apn|permission|sim|hybrid_roaming_disabled_off,neutral_other,
[mms_issue]break_apn_mms_setting|break_app_both_permissions|unseat_sim_card|user_abroad_roaming_disabled_off[PERSONA:Easy],static_delete,static_exclude_transfer_oracle;static_exclude_hybrid_roaming_disabled_off,1000.0,transfer,Easy,4,apn|permission|sim|hybrid_roaming_disabled_off,neutral_other,
[mms_issue]bad_network_preference|bad_wifi_calling|break_apn_mms_setting|unseat_sim_card[PERSONA:Hard],candidate,,-101.0,repair_all,Hard,4,apn|wifi_calling|network_preference|sim,target_favoring,
[mms_issue]bad_network_preference|bad_wifi_calling|break_app_sms_permission|unseat_sim_card[PERSONA:None],candidate,,-50.0,repair_all,None,4,permission|wifi_calling|network_preference|sim,neutral_other,
[mms_issue]bad_network_preference|bad_wifi_calling|break_app_storage_permission|unseat_sim_card[PERSONA:Easy],candidate,,-52.0,repair_all,Easy,4,permission|wifi_calling|network_preference|sim,neutral_other,
[mms_issue]bad_network_preference|bad_wifi_calling|break_app_both_permissions|unseat_sim_card[PERSONA:Hard],candidate,,-33.0,repair_all,Hard,4,permission|wifi_calling|network_preference|sim,neutral_other,
[mms_issue]bad_network_preference|break_apn_mms_setting|break_app_sms_permission|unseat_sim_card[PERSONA:None],candidate,,-98.0,repair_all,None,4,apn|permission|network_preference|sim,target_favoring,
[mms_issue]bad_network_preference|break_apn_mms_setting|break_app_storage_permission|unseat_sim_card[PERSONA:Easy],candidate,,-100.0,repair_all,Easy,4,apn|permission|network_preference|sim,target_favoring,
[mms_issue]bad_network_preference|break_apn_mms_setting|break_app_both_permissions|unseat_sim_card[PERSONA:Hard],candidate,,-81.0,repair_all,Hard,4,apn|permission|network_preference|sim,target_favoring,
[mms_issue]bad_wifi_calling|break_apn_mms_setting|break_app_sms_permission|unseat_sim_card[PERSONA:None],candidate,,-110.0,repair_all,None,4,apn|permission|wifi_calling|sim,target_favoring,
[mms_issue]bad_wifi_calling|break_apn_mms_setting|break_app_storage_permission|unseat_sim_card[PERSONA:Easy],candidate,,-112.0,repair_all,Easy,4,apn|permission|wifi_calling|sim,target_favoring,
[mms_issue]bad_wifi_calling|break_apn_mms_setting|break_app_both_permissions|unseat_sim_card[PERSONA:Hard],candidate,,-93.0,repair_all,Hard,4,apn|permission|wifi_calling|sim,target_favoring,
[mms_issue]bad_network_preference|data_mode_off|data_usage_exceeded|user_abroad_roaming_enabled_off[PERSONA:None],candidate,,-4.0,repair_subset,None,4,network_preference|data_mode|data_usage_exceeded|roaming_enabled_off,neutral_other,
[mms_issue]bad_wifi_calling|data_mode_off|data_usage_exceeded|user_abroad_roaming_enabled_off[PERSONA:Easy],candidate,,-16.0,repair_subset,Easy,4,wifi_calling|data_mode|data_usage_exceeded|roaming_enabled_off,neutral_other,
[mms_issue]break_apn_mms_setting|data_mode_off|data_usage_exceeded|user_abroad_roaming_enabled_off[PERSONA:Hard],candidate,,-61.0,repair_subset,Hard,4,apn|data_mode|data_usage_exceeded|roaming_enabled_off,target_favoring,
[mms_issue]break_app_sms_permission|data_mode_off|data_usage_exceeded|user_abroad_roaming_enabled_off[PERSONA:None],candidate,,-10.0,repair_subset,None,4,permission|data_mode|data_usage_exceeded|roaming_enabled_off,neutral_other,
[mms_issue]break_app_storage_permission|data_mode_off|data_usage_exceeded|user_abroad_roaming_enabled_off[PERSONA:Easy],candidate,,-12.0,repair_subset,Easy,4,permission|data_mode|data_usage_exceeded|roaming_enabled_off,neutral_other,
[mms_issue]break_app_both_permissions|data_mode_off|data_usage_exceeded|user_abroad_roaming_enabled_off[PERSONA:Hard],candidate,,7.0,repair_subset,Hard,4,permission|data_mode|data_usage_exceeded|roaming_enabled_off,neutral_other,
[mms_issue]bad_network_preference|data_mode_off|data_usage_exceeded|user_abroad_roaming_disabled_on[PERSONA:None],candidate,,-4.0,repair_subset,None,4,network_preference|data_mode|data_usage_exceeded|roaming_disabled_on,neutral_other,
[mms_issue]bad_wifi_calling|data_mode_off|data_usage_exceeded|user_abroad_roaming_disabled_on[PERSONA:Easy],candidate,,-16.0,repair_subset,Easy,4,wifi_calling|data_mode|data_usage_exceeded|roaming_disabled_on,neutral_other,
[mms_issue]break_apn_mms_setting|data_mode_off|data_usage_exceeded|user_abroad_roaming_disabled_on[PERSONA:Hard],candidate,,-61.0,repair_subset,Hard,4,apn|data_mode|data_usage_exceeded|roaming_disabled_on,target_favoring,
[mms_issue]break_app_sms_permission|data_mode_off|data_usage_exceeded|user_abroad_roaming_disabled_on[PERSONA:None],candidate,,-10.0,repair_subset,None,4,permission|data_mode|data_usage_exceeded|roaming_disabled_on,neutral_other,
[mms_issue]break_app_storage_permission|data_mode_off|data_usage_exceeded|user_abroad_roaming_disabled_on[PERSONA:Easy],candidate,,-12.0,repair_subset,Easy,4,permission|data_mode|data_usage_exceeded|roaming_disabled_on,neutral_other,
[mms_issue]break_app_both_permissions|data_mode_off|data_usage_exceeded|user_abroad_roaming_disabled_on[PERSONA:Hard],candidate,,7.0,repair_subset,Hard,4,permission|data_mode|data_usage_exceeded|roaming_disabled_on,neutral_other,
[mms_issue]bad_network_preference|data_mode_off|data_usage_exceeded|user_abroad_roaming_disabled_off[PERSONA:None],static_delete,static_exclude_transfer_oracle;static_exclude_hybrid_roaming_disabled_off,1000.0,transfer,None,4,network_preference|data_mode|data_usage_exceeded|hybrid_roaming_disabled_off,neutral_other,
[mms_issue]bad_wifi_calling|data_mode_off|data_usage_exceeded|user_abroad_roaming_disabled_off[PERSONA:Easy],static_delete,static_exclude_transfer_oracle;static_exclude_hybrid_roaming_disabled_off,1000.0,transfer,Easy,4,wifi_calling|data_mode|data_usage_exceeded|hybrid_roaming_disabled_off,neutral_other,
[mms_issue]break_apn_mms_setting|data_mode_off|data_usage_exceeded|user_abroad_roaming_disabled_off[PERSONA:Hard],static_delete,static_exclude_transfer_oracle;static_exclude_hybrid_roaming_disabled_off,1000.0,transfer,Hard,4,apn|data_mode|data_usage_exceeded|hybrid_roaming_disabled_off,neutral_other,
[mms_issue]break_app_sms_permission|data_mode_off|data_usage_exceeded|user_abroad_roaming_disabled_off[PERSONA:None],static_delete,static_exclude_transfer_oracle;static_exclude_hybrid_roaming_disabled_off,1000.0,transfer,None,4,permission|data_mode|data_usage_exceeded|hybrid_roaming_disabled_off,neutral_other,
[mms_issue]break_app_storage_permission|data_mode_off|data_usage_exceeded|user_abroad_roaming_disabled_off[PERSONA:Easy],static_delete,static_exclude_transfer_oracle;static_exclude_hybrid_roaming_disabled_off,1000.0,transfer,Easy,4,permission|data_mode|data_usage_exceeded|hybrid_roaming_disabled_off,neutral_other,
[mms_issue]break_app_both_permissions|data_mode_off|data_usage_exceeded|user_abroad_roaming_disabled_off[PERSONA:Hard],static_delete,static_exclude_transfer_oracle;static_exclude_hybrid_roaming_disabled_off,1000.0,transfer,Hard,4,permission|data_mode|data_usage_exceeded|hybrid_roaming_disabled_off,neutral_other,
[mms_issue]bad_network_preference|bad_wifi_calling|data_mode_off|data_usage_exceeded[PERSONA:None],candidate,,-16.0,repair_subset,None,4,wifi_calling|network_preference|data_mode|data_usage_exceeded,neutral_other,
[mms_issue]bad_network_preference|break_apn_mms_setting|data_mode_off|data_usage_exceeded[PERSONA:Easy],candidate,,-4.0,repair_subset,Easy,4,apn|network_preference|data_mode|data_usage_exceeded,neutral_other,
[mms_issue]bad_network_preference|break_app_sms_permission|data_mode_off|data_usage_exceeded[PERSONA:Hard],candidate,,-7.0,repair_subset,Hard,4,permission|network_preference|data_mode|data_usage_exceeded,neutral_other,
[mms_issue]bad_network_preference|break_app_storage_permission|data_mode_off|data_usage_exceeded[PERSONA:None],candidate,,-12.0,repair_subset,None,4,permission|network_preference|data_mode|data_usage_exceeded,neutral_other,
[mms_issue]bad_network_preference|break_app_both_permissions|data_mode_off|data_usage_exceeded[PERSONA:Easy],candidate,,4.0,repair_subset,Easy,4,permission|network_preference|data_mode|data_usage_exceeded,neutral_other,
[mms_issue]bad_wifi_calling|break_apn_mms_setting|data_mode_off|data_usage_exceeded[PERSONA:Hard],candidate,,-13.0,repair_subset,Hard,4,apn|wifi_calling|data_mode|data_usage_exceeded,neutral_other,
[mms_issue]bad_wifi_calling|break_app_sms_permission|data_mode_off|data_usage_exceeded[PERSONA:None],candidate,,-22.0,repair_subset,None,4,permission|wifi_calling|data_mode|data_usage_exceeded,neutral_other,
[mms_issue]bad_wifi_calling|break_app_storage_permission|data_mode_off|data_usage_exceeded[PERSONA:Easy],candidate,,-24.0,repair_subset,Easy,4,permission|wifi_calling|data_mode|data_usage_exceeded,neutral_other,
[mms_issue]bad_wifi_calling|break_app_both_permissions|data_mode_off|data_usage_exceeded[PERSONA:Hard],candidate,,-5.0,repair_subset,Hard,4,permission|wifi_calling|data_mode|data_usage_exceeded,neutral_other,
[mms_issue]break_apn_mms_setting|break_app_sms_permission|data_mode_off|data_usage_exceeded[PERSONA:None],candidate,,-10.0,repair_subset,None,4,apn|permission|data_mode|data_usage_exceeded,neutral_other,
[mms_issue]break_apn_mms_setting|break_app_storage_permission|data_mode_off|data_usage_exceeded[PERSONA:Easy],candidate,,-12.0,repair_subset,Easy,4,apn|permission|data_mode|data_usage_exceeded,neutral_other,
[mms_issue]break_apn_mms_setting|break_app_both_permissions|data_mode_off|data_usage_exceeded[PERSONA:Hard],candidate,,7.0,repair_subset,Hard,4,apn|permission|data_mode|data_usage_exceeded,neutral_other,
[mms_issue]bad_network_preference|bad_wifi_calling|data_mode_off|user_abroad_roaming_enabled_off[PERSONA:None],candidate,,-44.0,repair_all,None,4,wifi_calling|network_preference|data_mode|roaming_enabled_off,neutral_other,
[mms_issue]bad_network_preference|break_apn_mms_setting|data_mode_off|user_abroad_roaming_enabled_off[PERSONA:Easy],candidate,,-92.0,repair_all,Easy,4,apn|network_preference|data_mode|roaming_enabled_off,target_favoring,
[mms_issue]bad_network_preference|break_app_sms_permission|data_mode_off|user_abroad_roaming_enabled_off[PERSONA:Hard],candidate,,-35.0,repair_all,Hard,4,permission|network_preference|data_mode|roaming_enabled_off,neutral_other,
[mms_issue]bad_network_preference|break_app_storage_permission|data_mode_off|user_abroad_roaming_enabled_off[PERSONA:None],candidate,,-40.0,repair_all,None,4,permission|network_preference|data_mode|roaming_enabled_off,neutral_other,
[mms_issue]bad_network_preference|break_app_both_permissions|data_mode_off|user_abroad_roaming_enabled_off[PERSONA:Easy],candidate,,-24.0,repair_all,Easy,4,permission|network_preference|data_mode|roaming_enabled_off,neutral_other,
[mms_issue]bad_wifi_calling|break_apn_mms_setting|data_mode_off|user_abroad_roaming_enabled_off[PERSONA:Hard],candidate,,-101.0,repair_all,Hard,4,apn|wifi_calling|data_mode|roaming_enabled_off,target_favoring,
[mms_issue]bad_wifi_calling|break_app_sms_permission|data_mode_off|user_abroad_roaming_enabled_off[PERSONA:None],candidate,,-50.0,repair_all,None,4,permission|wifi_calling|data_mode|roaming_enabled_off,neutral_other,
[mms_issue]bad_wifi_calling|break_app_storage_permission|data_mode_off|user_abroad_roaming_enabled_off[PERSONA:Easy],candidate,,-52.0,repair_all,Easy,4,permission|wifi_calling|data_mode|roaming_enabled_off,neutral_other,
[mms_issue]bad_wifi_calling|break_app_both_permissions|data_mode_off|user_abroad_roaming_enabled_off[PERSONA:Hard],candidate,,-33.0,repair_all,Hard,4,permission|wifi_calling|data_mode|roaming_enabled_off,neutral_other,
[mms_issue]break_apn_mms_setting|break_app_sms_permission|data_mode_off|user_abroad_roaming_enabled_off[PERSONA:None],candidate,,-98.0,repair_all,None,4,apn|permission|data_mode|roaming_enabled_off,target_favoring,
[mms_issue]break_apn_mms_setting|break_app_storage_permission|data_mode_off|user_abroad_roaming_enabled_off[PERSONA:Easy],candidate,,-100.0,repair_all,Easy,4,apn|permission|data_mode|roaming_enabled_off,target_favoring,
[mms_issue]break_apn_mms_setting|break_app_both_permissions|data_mode_off|user_abroad_roaming_enabled_off[PERSONA:Hard],candidate,,-81.0,repair_all,Hard,4,apn|permission|data_mode|roaming_enabled_off,target_favoring,
[mms_issue]bad_network_preference|bad_wifi_calling|data_mode_off|user_abroad_roaming_disabled_on[PERSONA:None],candidate,,-20.0,repair_subset,None,4,wifi_calling|network_preference|data_mode|roaming_disabled_on,neutral_other,
[mms_issue]bad_network_preference|break_apn_mms_setting|data_mode_off|user_abroad_roaming_disabled_on[PERSONA:Easy],candidate,,-68.0,repair_subset,Easy,4,apn|network_preference|data_mode|roaming_disabled_on,target_favoring,
[mms_issue]bad_network_preference|break_app_sms_permission|data_mode_off|user_abroad_roaming_disabled_on[PERSONA:Hard],candidate,,-11.0,repair_subset,Hard,4,permission|network_preference|data_mode|roaming_disabled_on,neutral_other,
[mms_issue]bad_network_preference|break_app_storage_permission|data_mode_off|user_abroad_roaming_disabled_on[PERSONA:None],candidate,,-16.0,repair_subset,None,4,permission|network_preference|data_mode|roaming_disabled_on,neutral_other,
[mms_issue]bad_network_preference|break_app_both_permissions|data_mode_off|user_abroad_roaming_disabled_on[PERSONA:Easy],candidate,,0.0,repair_subset,Easy,4,permission|network_preference|data_mode|roaming_disabled_on,neutral_other,
[mms_issue]bad_wifi_calling|break_apn_mms_setting|data_mode_off|user_abroad_roaming_disabled_on[PERSONA:Hard],candidate,,-77.0,repair_subset,Hard,4,apn|wifi_calling|data_mode|roaming_disabled_on,target_favoring,
[mms_issue]bad_wifi_calling|break_app_sms_permission|data_mode_off|user_abroad_roaming_disabled_on[PERSONA:None],candidate,,-26.0,repair_subset,None,4,permission|wifi_calling|data_mode|roaming_disabled_on,neutral_other,
[mms_issue]bad_wifi_calling|break_app_storage_permission|data_mode_off|user_abroad_roaming_disabled_on[PERSONA:Easy],candidate,,-28.0,repair_subset,Easy,4,permission|wifi_calling|data_mode|roaming_disabled_on,neutral_other,
[mms_issue]bad_wifi_calling|break_app_both_permissions|data_mode_off|user_abroad_roaming_disabled_on[PERSONA:Hard],candidate,,-9.0,repair_subset,Hard,4,permission|wifi_calling|data_mode|roaming_disabled_on,neutral_other,
[mms_issue]break_apn_mms_setting|break_app_sms_permission|data_mode_off|user_abroad_roaming_disabled_on[PERSONA:None],candidate,,-74.0,repair_subset,None,4,apn|permission|data_mode|roaming_disabled_on,target_favoring,
[mms_issue]break_apn_mms_setting|break_app_storage_permission|data_mode_off|user_abroad_roaming_disabled_on[PERSONA:Easy],candidate,,-76.0,repair_subset,Easy,4,apn|permission|data_mode|roaming_disabled_on,target_favoring,
[mms_issue]break_apn_mms_setting|break_app_both_permissions|data_mode_off|user_abroad_roaming_disabled_on[PERSONA:Hard],candidate,,-57.0,repair_subset,Hard,4,apn|permission|data_mode|roaming_disabled_on,target_favoring,
[mms_issue]bad_network_preference|bad_wifi_calling|data_mode_off|user_abroad_roaming_disabled_off[PERSONA:None],static_delete,static_exclude_transfer_oracle;static_exclude_hybrid_roaming_disabled_off,1000.0,transfer,None,4,wifi_calling|network_preference|data_mode|hybrid_roaming_disabled_off,neutral_other,
[mms_issue]bad_network_preference|break_apn_mms_setting|data_mode_off|user_abroad_roaming_disabled_off[PERSONA:Easy],static_delete,static_exclude_transfer_oracle;static_exclude_hybrid_roaming_disabled_off,1000.0,transfer,Easy,4,apn|network_preference|data_mode|hybrid_roaming_disabled_off,neutral_other,
[mms_issue]bad_network_preference|break_app_sms_permission|data_mode_off|user_abroad_roaming_disabled_off[PERSONA:Hard],static_delete,static_exclude_transfer_oracle;static_exclude_hybrid_roaming_disabled_off,1000.0,transfer,Hard,4,permission|network_preference|data_mode|hybrid_roaming_disabled_off,neutral_other,
[mms_issue]bad_network_preference|break_app_storage_permission|data_mode_off|user_abroad_roaming_disabled_off[PERSONA:None],static_delete,static_exclude_transfer_oracle;static_exclude_hybrid_roaming_disabled_off,1000.0,transfer,None,4,permission|network_preference|data_mode|hybrid_roaming_disabled_off,neutral_other,
[mms_issue]bad_network_preference|break_app_both_permissions|data_mode_off|user_abroad_roaming_disabled_off[PERSONA:Easy],static_delete,static_exclude_transfer_oracle;static_exclude_hybrid_roaming_disabled_off,1000.0,transfer,Easy,4,permission|network_preference|data_mode|hybrid_roaming_disabled_off,neutral_other,
[mms_issue]bad_wifi_calling|break_apn_mms_setting|data_mode_off|user_abroad_roaming_disabled_off[PERSONA:Hard],static_delete,static_exclude_transfer_oracle;static_exclude_hybrid_roaming_disabled_off,1000.0,transfer,Hard,4,apn|wifi_calling|data_mode|hybrid_roaming_disabled_off,neutral_other,
[mms_issue]bad_wifi_calling|break_app_sms_permission|data_mode_off|user_abroad_roaming_disabled_off[PERSONA:None],static_delete,static_exclude_transfer_oracle;static_exclude_hybrid_roaming_disabled_off,1000.0,transfer,None,4,permission|wifi_calling|data_mode|hybrid_roaming_disabled_off,neutral_other,
[mms_issue]bad_wifi_calling|break_app_storage_permission|data_mode_off|user_abroad_roaming_disabled_off[PERSONA:Easy],static_delete,static_exclude_transfer_oracle;static_exclude_hybrid_roaming_disabled_off,1000.0,transfer,Easy,4,permission|wifi_calling|data_mode|hybrid_roaming_disabled_off,neutral_other,
[mms_issue]bad_wifi_calling|break_app_both_permissions|data_mode_off|user_abroad_roaming_disabled_off[PERSONA:Hard],static_delete,static_exclude_transfer_oracle;static_exclude_hybrid_roaming_disabled_off,1000.0,transfer,Hard,4,permission|wifi_calling|data_mode|hybrid_roaming_disabled_off,neutral_other,
[mms_issue]break_apn_mms_setting|break_app_sms_permission|data_mode_off|user_abroad_roaming_disabled_off[PERSONA:None],static_delete,static_exclude_transfer_oracle;static_exclude_hybrid_roaming_disabled_off,1000.0,transfer,None,4,apn|permission|data_mode|hybrid_roaming_disabled_off,neutral_other,
[mms_issue]break_apn_mms_setting|break_app_storage_permission|data_mode_off|user_abroad_roaming_disabled_off[PERSONA:Easy],static_delete,static_exclude_transfer_oracle;static_exclude_hybrid_roaming_disabled_off,1000.0,transfer,Easy,4,apn|permission|data_mode|hybrid_roaming_disabled_off,neutral_other,
[mms_issue]break_apn_mms_setting|break_app_both_permissions|data_mode_off|user_abroad_roaming_disabled_off[PERSONA:Hard],static_delete,static_exclude_transfer_oracle;static_exclude_hybrid_roaming_disabled_off,1000.0,transfer,Hard,4,apn|permission|data_mode|hybrid_roaming_disabled_off,neutral_other,
[mms_issue]bad_network_preference|bad_wifi_calling|break_apn_mms_setting|data_mode_off[PERSONA:None],candidate,,-44.0,repair_all,None,4,apn|wifi_calling|network_preference|data_mode,neutral_other,
[mms_issue]bad_network_preference|bad_wifi_calling|break_app_sms_permission|data_mode_off[PERSONA:Easy],candidate,,-50.0,repair_all,Easy,4,permission|wifi_calling|network_preference|data_mode,neutral_other,
[mms_issue]bad_network_preference|bad_wifi_calling|break_app_storage_permission|data_mode_off[PERSONA:Hard],candidate,,-49.0,repair_all,Hard,4,permission|wifi_calling|network_preference|data_mode,neutral_other,
[mms_issue]bad_network_preference|bad_wifi_calling|break_app_both_permissions|data_mode_off[PERSONA:None],candidate,,-36.0,repair_all,None,4,permission|wifi_calling|network_preference|data_mode,neutral_other,
[mms_issue]bad_network_preference|break_apn_mms_setting|break_app_sms_permission|data_mode_off[PERSONA:Easy],candidate,,-38.0,repair_all,Easy,4,apn|permission|network_preference|data_mode,neutral_other,
[mms_issue]bad_network_preference|break_apn_mms_setting|break_app_storage_permission|data_mode_off[PERSONA:Hard],candidate,,-37.0,repair_all,Hard,4,apn|permission|network_preference|data_mode,neutral_other,
[mms_issue]bad_network_preference|break_apn_mms_setting|break_app_both_permissions|data_mode_off[PERSONA:None],candidate,,-24.0,repair_all,None,4,apn|permission|network_preference|data_mode,neutral_other,
[mms_issue]bad_wifi_calling|break_apn_mms_setting|break_app_sms_permission|data_mode_off[PERSONA:Easy],candidate,,-50.0,repair_all,Easy,4,apn|permission|wifi_calling|data_mode,neutral_other,
[mms_issue]bad_wifi_calling|break_apn_mms_setting|break_app_storage_permission|data_mode_off[PERSONA:Hard],candidate,,-49.0,repair_all,Hard,4,apn|permission|wifi_calling|data_mode,neutral_other,
[mms_issue]bad_wifi_calling|break_apn_mms_setting|break_app_both_permissions|data_mode_off[PERSONA:None],candidate,,-36.0,repair_all,None,4,apn|permission|wifi_calling|data_mode,neutral_other,
[mms_issue]bad_network_preference|bad_wifi_calling|data_usage_exceeded|user_abroad_roaming_enabled_off[PERSONA:Easy],candidate,,-16.0,repair_subset,Easy,4,wifi_calling|network_preference|data_usage_exceeded|roaming_enabled_off,neutral_other,
[mms_issue]bad_network_preference|break_apn_mms_setting|data_usage_exceeded|user_abroad_roaming_enabled_off[PERSONA:Hard],candidate,,-61.0,repair_subset,Hard,4,apn|network_preference|data_usage_exceeded|roaming_enabled_off,target_favoring,
[mms_issue]bad_network_preference|break_app_sms_permission|data_usage_exceeded|user_abroad_roaming_enabled_off[PERSONA:None],candidate,,-10.0,repair_subset,None,4,permission|network_preference|data_usage_exceeded|roaming_enabled_off,neutral_other,
[mms_issue]bad_network_preference|break_app_storage_permission|data_usage_exceeded|user_abroad_roaming_enabled_off[PERSONA:Easy],candidate,,-12.0,repair_subset,Easy,4,permission|network_preference|data_usage_exceeded|roaming_enabled_off,neutral_other,
[mms_issue]bad_network_preference|break_app_both_permissions|data_usage_exceeded|user_abroad_roaming_enabled_off[PERSONA:Hard],candidate,,7.0,repair_subset,Hard,4,permission|network_preference|data_usage_exceeded|roaming_enabled_off,neutral_other,
[mms_issue]bad_wifi_calling|break_apn_mms_setting|data_usage_exceeded|user_abroad_roaming_enabled_off[PERSONA:None],candidate,,-76.0,repair_subset,None,4,apn|wifi_calling|data_usage_exceeded|roaming_enabled_off,target_favoring,
[mms_issue]bad_wifi_calling|break_app_sms_permission|data_usage_exceeded|user_abroad_roaming_enabled_off[PERSONA:Easy],candidate,,-22.0,repair_subset,Easy,4,permission|wifi_calling|data_usage_exceeded|roaming_enabled_off,neutral_other,
[mms_issue]bad_wifi_calling|break_app_storage_permission|data_usage_exceeded|user_abroad_roaming_enabled_off[PERSONA:Hard],candidate,,-21.0,repair_subset,Hard,4,permission|wifi_calling|data_usage_exceeded|roaming_enabled_off,neutral_other,
[mms_issue]bad_wifi_calling|break_app_both_permissions|data_usage_exceeded|user_abroad_roaming_enabled_off[PERSONA:None],candidate,,-8.0,repair_subset,None,4,permission|wifi_calling|data_usage_exceeded|roaming_enabled_off,neutral_other,
[mms_issue]break_apn_mms_setting|break_app_sms_permission|data_usage_exceeded|user_abroad_roaming_enabled_off[PERSONA:Easy],candidate,,-70.0,repair_subset,Easy,4,apn|permission|data_usage_exceeded|roaming_enabled_off,target_favoring,
[mms_issue]break_apn_mms_setting|break_app_storage_permission|data_usage_exceeded|user_abroad_roaming_enabled_off[PERSONA:Hard],candidate,,-69.0,repair_subset,Hard,4,apn|permission|data_usage_exceeded|roaming_enabled_off,target_favoring,
[mms_issue]break_apn_mms_setting|break_app_both_permissions|data_usage_exceeded|user_abroad_roaming_enabled_off[PERSONA:None],candidate,,-56.0,repair_subset,None,4,apn|permission|data_usage_exceeded|roaming_enabled_off,target_favoring,
[mms_issue]bad_network_preference|bad_wifi_calling|data_usage_exceeded|user_abroad_roaming_disabled_on[PERSONA:Easy],candidate,,-16.0,repair_subset,Easy,4,wifi_calling|network_preference|data_usage_exceeded|roaming_disabled_on,neutral_other,
[mms_issue]bad_network_preference|break_apn_mms_setting|data_usage_exceeded|user_abroad_roaming_disabled_on[PERSONA:Hard],candidate,,-61.0,repair_subset,Hard,4,apn|network_preference|data_usage_exceeded|roaming_disabled_on,target_favoring,
[mms_issue]bad_network_preference|break_app_sms_permission|data_usage_exceeded|user_abroad_roaming_disabled_on[PERSONA:None],candidate,,-10.0,repair_subset,None,4,permission|network_preference|data_usage_exceeded|roaming_disabled_on,neutral_other,
[mms_issue]bad_network_preference|break_app_storage_permission|data_usage_exceeded|user_abroad_roaming_disabled_on[PERSONA:Easy],candidate,,-12.0,repair_subset,Easy,4,permission|network_preference|data_usage_exceeded|roaming_disabled_on,neutral_other,
[mms_issue]bad_network_preference|break_app_both_permissions|data_usage_exceeded|user_abroad_roaming_disabled_on[PERSONA:Hard],candidate,,7.0,repair_subset,Hard,4,permission|network_preference|data_usage_exceeded|roaming_disabled_on,neutral_other,
[mms_issue]bad_wifi_calling|break_apn_mms_setting|data_usage_exceeded|user_abroad_roaming_disabled_on[PERSONA:None],candidate,,-76.0,repair_subset,None,4,apn|wifi_calling|data_usage_exceeded|roaming_disabled_on,target_favoring,
[mms_issue]bad_wifi_calling|break_app_sms_permission|data_usage_exceeded|user_abroad_roaming_disabled_on[PERSONA:Easy],candidate,,-22.0,repair_subset,Easy,4,permission|wifi_calling|data_usage_exceeded|roaming_disabled_on,neutral_other,
[mms_issue]bad_wifi_calling|break_app_storage_permission|data_usage_exceeded|user_abroad_roaming_disabled_on[PERSONA:Hard],candidate,,-21.0,repair_subset,Hard,4,permission|wifi_calling|data_usage_exceeded|roaming_disabled_on,neutral_other,
[mms_issue]bad_wifi_calling|break_app_both_permissions|data_usage_exceeded|user_abroad_roaming_disabled_on[PERSONA:None],candidate,,-8.0,repair_subset,None,4,permission|wifi_calling|data_usage_exceeded|roaming_disabled_on,neutral_other,
[mms_issue]break_apn_mms_setting|break_app_sms_permission|data_usage_exceeded|user_abroad_roaming_disabled_on[PERSONA:Easy],candidate,,-70.0,repair_subset,Easy,4,apn|permission|data_usage_exceeded|roaming_disabled_on,target_favoring,
[mms_issue]break_apn_mms_setting|break_app_storage_permission|data_usage_exceeded|user_abroad_roaming_disabled_on[PERSONA:Hard],candidate,,-69.0,repair_subset,Hard,4,apn|permission|data_usage_exceeded|roaming_disabled_on,target_favoring,
[mms_issue]break_apn_mms_setting|break_app_both_permissions|data_usage_exceeded|user_abroad_roaming_disabled_on[PERSONA:None],candidate,,-56.0,repair_subset,None,4,apn|permission|data_usage_exceeded|roaming_disabled_on,target_favoring,
[mms_issue]bad_network_preference|bad_wifi_calling|data_usage_exceeded|user_abroad_roaming_disabled_off[PERSONA:Easy],static_delete,static_exclude_transfer_oracle;static_exclude_hybrid_roaming_disabled_off,1000.0,transfer,Easy,4,wifi_calling|network_preference|data_usage_exceeded|hybrid_roaming_disabled_off,neutral_other,
[mms_issue]bad_network_preference|break_apn_mms_setting|data_usage_exceeded|user_abroad_roaming_disabled_off[PERSONA:Hard],static_delete,static_exclude_transfer_oracle;static_exclude_hybrid_roaming_disabled_off,1000.0,transfer,Hard,4,apn|network_preference|data_usage_exceeded|hybrid_roaming_disabled_off,neutral_other,
[mms_issue]bad_network_preference|break_app_sms_permission|data_usage_exceeded|user_abroad_roaming_disabled_off[PERSONA:None],static_delete,static_exclude_transfer_oracle;static_exclude_hybrid_roaming_disabled_off,1000.0,transfer,None,4,permission|network_preference|data_usage_exceeded|hybrid_roaming_disabled_off,neutral_other,
[mms_issue]bad_network_preference|break_app_storage_permission|data_usage_exceeded|user_abroad_roaming_disabled_off[PERSONA:Easy],static_delete,static_exclude_transfer_oracle;static_exclude_hybrid_roaming_disabled_off,1000.0,transfer,Easy,4,permission|network_preference|data_usage_exceeded|hybrid_roaming_disabled_off,neutral_other,
[mms_issue]bad_network_preference|break_app_both_permissions|data_usage_exceeded|user_abroad_roaming_disabled_off[PERSONA:Hard],static_delete,static_exclude_transfer_oracle;static_exclude_hybrid_roaming_disabled_off,1000.0,transfer,Hard,4,permission|network_preference|data_usage_exceeded|hybrid_roaming_disabled_off,neutral_other,
[mms_issue]bad_wifi_calling|break_apn_mms_setting|data_usage_exceeded|user_abroad_roaming_disabled_off[PERSONA:None],static_delete,static_exclude_transfer_oracle;static_exclude_hybrid_roaming_disabled_off,1000.0,transfer,None,4,apn|wifi_calling|data_usage_exceeded|hybrid_roaming_disabled_off,neutral_other,
[mms_issue]bad_wifi_calling|break_app_sms_permission|data_usage_exceeded|user_abroad_roaming_disabled_off[PERSONA:Easy],static_delete,static_exclude_transfer_oracle;static_exclude_hybrid_roaming_disabled_off,1000.0,transfer,Easy,4,permission|wifi_calling|data_usage_exceeded|hybrid_roaming_disabled_off,neutral_other,
[mms_issue]bad_wifi_calling|break_app_storage_permission|data_usage_exceeded|user_abroad_roaming_disabled_off[PERSONA:Hard],static_delete,static_exclude_transfer_oracle;static_exclude_hybrid_roaming_disabled_off,1000.0,transfer,Hard,4,permission|wifi_calling|data_usage_exceeded|hybrid_roaming_disabled_off,neutral_other,
[mms_issue]bad_wifi_calling|break_app_both_permissions|data_usage_exceeded|user_abroad_roaming_disabled_off[PERSONA:None],static_delete,static_exclude_transfer_oracle;static_exclude_hybrid_roaming_disabled_off,1000.0,transfer,None,4,permission|wifi_calling|data_usage_exceeded|hybrid_roaming_disabled_off,neutral_other,
[mms_issue]break_apn_mms_setting|break_app_sms_permission|data_usage_exceeded|user_abroad_roaming_disabled_off[PERSONA:Easy],static_delete,static_exclude_transfer_oracle;static_exclude_hybrid_roaming_disabled_off,1000.0,transfer,Easy,4,apn|permission|data_usage_exceeded|hybrid_roaming_disabled_off,neutral_other,
[mms_issue]break_apn_mms_setting|break_app_storage_permission|data_usage_exceeded|user_abroad_roaming_disabled_off[PERSONA:Hard],static_delete,static_exclude_transfer_oracle;static_exclude_hybrid_roaming_disabled_off,1000.0,transfer,Hard,4,apn|permission|data_usage_exceeded|hybrid_roaming_disabled_off,neutral_other,
[mms_issue]break_apn_mms_setting|break_app_both_permissions|data_usage_exceeded|user_abroad_roaming_disabled_off[PERSONA:None],static_delete,static_exclude_transfer_oracle;static_exclude_hybrid_roaming_disabled_off,1000.0,transfer,None,4,apn|permission|data_usage_exceeded|hybrid_roaming_disabled_off,neutral_other,
[mms_issue]bad_network_preference|bad_wifi_calling|break_apn_mms_setting|data_usage_exceeded[PERSONA:Easy],candidate,,-16.0,repair_subset,Easy,4,apn|wifi_calling|network_preference|data_usage_exceeded,neutral_other,
[mms_issue]bad_network_preference|bad_wifi_calling|break_app_sms_permission|data_usage_exceeded[PERSONA:Hard],candidate,,-19.0,repair_subset,Hard,4,permission|wifi_calling|network_preference|data_usage_exceeded,neutral_other,
[mms_issue]bad_network_preference|bad_wifi_calling|break_app_storage_permission|data_usage_exceeded[PERSONA:None],candidate,,-24.0,repair_subset,None,4,permission|wifi_calling|network_preference|data_usage_exceeded,neutral_other,
[mms_issue]bad_network_preference|bad_wifi_calling|break_app_both_permissions|data_usage_exceeded[PERSONA:Easy],candidate,,-8.0,repair_subset,Easy,4,permission|wifi_calling|network_preference|data_usage_exceeded,neutral_other,
[mms_issue]bad_network_preference|break_apn_mms_setting|break_app_sms_permission|data_usage_exceeded[PERSONA:Hard],candidate,,-7.0,repair_subset,Hard,4,apn|permission|network_preference|data_usage_exceeded,neutral_other,
[mms_issue]bad_network_preference|break_apn_mms_setting|break_app_storage_permission|data_usage_exceeded[PERSONA:None],candidate,,-12.0,repair_subset,None,4,apn|permission|network_preference|data_usage_exceeded,neutral_other,
[mms_issue]bad_network_preference|break_apn_mms_setting|break_app_both_permissions|data_usage_exceeded[PERSONA:Easy],candidate,,4.0,repair_subset,Easy,4,apn|permission|network_preference|data_usage_exceeded,neutral_other,
[mms_issue]bad_wifi_calling|break_apn_mms_setting|break_app_sms_permission|data_usage_exceeded[PERSONA:Hard],candidate,,-19.0,repair_subset,Hard,4,apn|permission|wifi_calling|data_usage_exceeded,neutral_other,
[mms_issue]bad_wifi_calling|break_apn_mms_setting|break_app_storage_permission|data_usage_exceeded[PERSONA:None],candidate,,-24.0,repair_subset,None,4,apn|permission|wifi_calling|data_usage_exceeded,neutral_other,
[mms_issue]bad_wifi_calling|break_apn_mms_setting|break_app_both_permissions|data_usage_exceeded[PERSONA:Easy],candidate,,-8.0,repair_subset,Easy,4,apn|permission|wifi_calling|data_usage_exceeded,neutral_other,
[mms_issue]bad_network_preference|bad_wifi_calling|break_apn_mms_setting|user_abroad_roaming_enabled_off[PERSONA:None],candidate,,-104.0,repair_all,None,4,apn|wifi_calling|network_preference|roaming_enabled_off,target_favoring,
[mms_issue]bad_network_preference|bad_wifi_calling|break_app_sms_permission|user_abroad_roaming_enabled_off[PERSONA:Easy],candidate,,-50.0,repair_all,Easy,4,permission|wifi_calling|network_preference|roaming_enabled_off,neutral_other,
[mms_issue]bad_network_preference|bad_wifi_calling|break_app_storage_permission|user_abroad_roaming_enabled_off[PERSONA:Hard],candidate,,-49.0,repair_all,Hard,4,permission|wifi_calling|network_preference|roaming_enabled_off,neutral_other,
[mms_issue]bad_network_preference|bad_wifi_calling|break_app_both_permissions|user_abroad_roaming_enabled_off[PERSONA:None],candidate,,-36.0,repair_all,None,4,permission|wifi_calling|network_preference|roaming_enabled_off,neutral_other,
[mms_issue]bad_network_preference|break_apn_mms_setting|break_app_sms_permission|user_abroad_roaming_enabled_off[PERSONA:Easy],candidate,,-98.0,repair_all,Easy,4,apn|permission|network_preference|roaming_enabled_off,target_favoring,
[mms_issue]bad_network_preference|break_apn_mms_setting|break_app_storage_permission|user_abroad_roaming_enabled_off[PERSONA:Hard],candidate,,-97.0,repair_all,Hard,4,apn|permission|network_preference|roaming_enabled_off,target_favoring,
[mms_issue]bad_network_preference|break_apn_mms_setting|break_app_both_permissions|user_abroad_roaming_enabled_off[PERSONA:None],candidate,,-84.0,repair_all,None,4,apn|permission|network_preference|roaming_enabled_off,target_favoring,
[mms_issue]bad_wifi_calling|break_apn_mms_setting|break_app_sms_permission|user_abroad_roaming_enabled_off[PERSONA:Easy],candidate,,-110.0,repair_all,Easy,4,apn|permission|wifi_calling|roaming_enabled_off,target_favoring,
[mms_issue]bad_wifi_calling|break_apn_mms_setting|break_app_storage_permission|user_abroad_roaming_enabled_off[PERSONA:Hard],candidate,,-109.0,repair_all,Hard,4,apn|permission|wifi_calling|roaming_enabled_off,target_favoring,
[mms_issue]bad_wifi_calling|break_apn_mms_setting|break_app_both_permissions|user_abroad_roaming_enabled_off[PERSONA:None],candidate,,-96.0,repair_all,None,4,apn|permission|wifi_calling|roaming_enabled_off,target_favoring,
[mms_issue]bad_network_preference|bad_wifi_calling|break_apn_mms_setting|user_abroad_roaming_disabled_on[PERSONA:Easy],candidate,,-80.0,repair_subset,Easy,4,apn|wifi_calling|network_preference|roaming_disabled_on,target_favoring,
[mms_issue]bad_network_preference|bad_wifi_calling|break_app_sms_permission|user_abroad_roaming_disabled_on[PERSONA:Hard],candidate,,-23.0,repair_subset,Hard,4,permission|wifi_calling|network_preference|roaming_disabled_on,neutral_other,
[mms_issue]bad_network_preference|bad_wifi_calling|break_app_storage_permission|user_abroad_roaming_disabled_on[PERSONA:None],candidate,,-28.0,repair_subset,None,4,permission|wifi_calling|network_preference|roaming_disabled_on,neutral_other,
[mms_issue]bad_network_preference|bad_wifi_calling|break_app_both_permissions|user_abroad_roaming_disabled_on[PERSONA:Easy],candidate,,-12.0,repair_subset,Easy,4,permission|wifi_calling|network_preference|roaming_disabled_on,neutral_other,
[mms_issue]bad_network_preference|break_apn_mms_setting|break_app_sms_permission|user_abroad_roaming_disabled_on[PERSONA:Hard],candidate,,-71.0,repair_subset,Hard,4,apn|permission|network_preference|roaming_disabled_on,target_favoring,
[mms_issue]bad_network_preference|break_apn_mms_setting|break_app_storage_permission|user_abroad_roaming_disabled_on[PERSONA:None],candidate,,-76.0,repair_subset,None,4,apn|permission|network_preference|roaming_disabled_on,target_favoring,
[mms_issue]bad_network_preference|break_apn_mms_setting|break_app_both_permissions|user_abroad_roaming_disabled_on[PERSONA:Easy],candidate,,-60.0,repair_subset,Easy,4,apn|permission|network_preference|roaming_disabled_on,target_favoring,
[mms_issue]bad_wifi_calling|break_apn_mms_setting|break_app_sms_permission|user_abroad_roaming_disabled_on[PERSONA:Hard],candidate,,-83.0,repair_subset,Hard,4,apn|permission|wifi_calling|roaming_disabled_on,target_favoring,
[mms_issue]bad_wifi_calling|break_apn_mms_setting|break_app_storage_permission|user_abroad_roaming_disabled_on[PERSONA:None],candidate,,-88.0,repair_subset,None,4,apn|permission|wifi_calling|roaming_disabled_on,target_favoring,
[mms_issue]bad_wifi_calling|break_apn_mms_setting|break_app_both_permissions|user_abroad_roaming_disabled_on[PERSONA:Easy],candidate,,-72.0,repair_subset,Easy,4,apn|permission|wifi_calling|roaming_disabled_on,target_favoring,
[mms_issue]bad_network_preference|bad_wifi_calling|break_apn_mms_setting|user_abroad_roaming_disabled_off[PERSONA:Hard],static_delete,static_exclude_transfer_oracle;static_exclude_hybrid_roaming_disabled_off,1000.0,transfer,Hard,4,apn|wifi_calling|network_preference|hybrid_roaming_disabled_off,neutral_other,
[mms_issue]bad_network_preference|bad_wifi_calling|break_app_sms_permission|user_abroad_roaming_disabled_off[PERSONA:None],static_delete,static_exclude_transfer_oracle;static_exclude_hybrid_roaming_disabled_off,1000.0,transfer,None,4,permission|wifi_calling|network_preference|hybrid_roaming_disabled_off,neutral_other,
[mms_issue]bad_network_preference|bad_wifi_calling|break_app_storage_permission|user_abroad_roaming_disabled_off[PERSONA:Easy],static_delete,static_exclude_transfer_oracle;static_exclude_hybrid_roaming_disabled_off,1000.0,transfer,Easy,4,permission|wifi_calling|network_preference|hybrid_roaming_disabled_off,neutral_other,
[mms_issue]bad_network_preference|bad_wifi_calling|break_app_both_permissions|user_abroad_roaming_disabled_off[PERSONA:Hard],static_delete,static_exclude_transfer_oracle;static_exclude_hybrid_roaming_disabled_off,1000.0,transfer,Hard,4,permission|wifi_calling|network_preference|hybrid_roaming_disabled_off,neutral_other,
[mms_issue]bad_network_preference|break_apn_mms_setting|break_app_sms_permission|user_abroad_roaming_disabled_off[PERSONA:None],static_delete,static_exclude_transfer_oracle;static_exclude_hybrid_roaming_disabled_off,1000.0,transfer,None,4,apn|permission|network_preference|hybrid_roaming_disabled_off,neutral_other,
[mms_issue]bad_network_preference|break_apn_mms_setting|break_app_storage_permission|user_abroad_roaming_disabled_off[PERSONA:Easy],static_delete,static_exclude_transfer_oracle;static_exclude_hybrid_roaming_disabled_off,1000.0,transfer,Easy,4,apn|permission|network_preference|hybrid_roaming_disabled_off,neutral_other,
[mms_issue]bad_network_preference|break_apn_mms_setting|break_app_both_permissions|user_abroad_roaming_disabled_off[PERSONA:Hard],static_delete,static_exclude_transfer_oracle;static_exclude_hybrid_roaming_disabled_off,1000.0,transfer,Hard,4,apn|permission|network_preference|hybrid_roaming_disabled_off,neutral_other,
[mms_issue]bad_wifi_calling|break_apn_mms_setting|break_app_sms_permission|user_abroad_roaming_disabled_off[PERSONA:None],static_delete,static_exclude_transfer_oracle;static_exclude_hybrid_roaming_disabled_off,1000.0,transfer,None,4,apn|permission|wifi_calling|hybrid_roaming_disabled_off,neutral_other,
[mms_issue]bad_wifi_calling|break_apn_mms_setting|break_app_storage_permission|user_abroad_roaming_disabled_off[PERSONA:Easy],static_delete,static_exclude_transfer_oracle;static_exclude_hybrid_roaming_disabled_off,1000.0,transfer,Easy,4,apn|permission|wifi_calling|hybrid_roaming_disabled_off,neutral_other,
[mms_issue]bad_wifi_calling|break_apn_mms_setting|break_app_both_permissions|user_abroad_roaming_disabled_off[PERSONA:Hard],static_delete,static_exclude_transfer_oracle;static_exclude_hybrid_roaming_disabled_off,1000.0,transfer,Hard,4,apn|permission|wifi_calling|hybrid_roaming_disabled_off,neutral_other,
[mms_issue]bad_network_preference|bad_wifi_calling|break_apn_mms_setting|break_app_sms_permission[PERSONA:None],candidate,,-50.0,repair_all,None,4,apn|permission|wifi_calling|network_preference,neutral_other,
[mms_issue]bad_network_preference|bad_wifi_calling|break_apn_mms_setting|break_app_storage_permission[PERSONA:Easy],candidate,,-52.0,repair_all,Easy,4,apn|permission|wifi_calling|network_preference,neutral_other,
[mms_issue]bad_network_preference|bad_wifi_calling|break_apn_mms_setting|break_app_both_permissions[PERSONA:Hard],candidate,,-33.0,repair_all,Hard,4,apn|permission|wifi_calling|network_preference,neutral_other,
[mms_issue]airplane_mode_on|bad_network_preference|data_mode_off|data_usage_exceeded|unseat_sim_card[PERSONA:None],candidate,,-1.0,repair_subset,None,5,network_preference|sim|data_mode|data_usage_exceeded,neutral_other,
[mms_issue]airplane_mode_on|bad_wifi_calling|data_mode_off|data_usage_exceeded|unseat_sim_card[PERSONA:Easy],candidate,,-13.0,repair_subset,Easy,5,wifi_calling|sim|data_mode|data_usage_exceeded,neutral_other,
[mms_issue]airplane_mode_on|break_apn_mms_setting|data_mode_off|data_usage_exceeded|unseat_sim_card[PERSONA:Hard],candidate,,-58.0,repair_subset,Hard,5,apn|sim|data_mode|data_usage_exceeded,target_favoring,
[mms_issue]airplane_mode_on|break_app_sms_permission|data_mode_off|data_usage_exceeded|unseat_sim_card[PERSONA:None],candidate,,-7.0,repair_subset,None,5,permission|sim|data_mode|data_usage_exceeded,neutral_other,
[mms_issue]airplane_mode_on|break_app_storage_permission|data_mode_off|data_usage_exceeded|unseat_sim_card[PERSONA:Easy],candidate,,-9.0,repair_subset,Easy,5,permission|sim|data_mode|data_usage_exceeded,neutral_other,
[mms_issue]airplane_mode_on|break_app_both_permissions|data_mode_off|data_usage_exceeded|unseat_sim_card[PERSONA:Hard],candidate,,10.0,repair_subset,Hard,5,permission|sim|data_mode|data_usage_exceeded,neutral_other,
[mms_issue]airplane_mode_on|bad_network_preference|data_mode_off|unseat_sim_card|user_abroad_roaming_enabled_off[PERSONA:None],candidate,,-30.0,repair_all,None,5,network_preference|sim|data_mode|roaming_enabled_off,neutral_other,
[mms_issue]airplane_mode_on|bad_wifi_calling|data_mode_off|unseat_sim_card|user_abroad_roaming_enabled_off[PERSONA:Easy],candidate,,-42.0,repair_all,Easy,5,wifi_calling|sim|data_mode|roaming_enabled_off,neutral_other,
[mms_issue]airplane_mode_on|break_apn_mms_setting|data_mode_off|unseat_sim_card|user_abroad_roaming_enabled_off[PERSONA:Hard],candidate,,-87.0,repair_all,Hard,5,apn|sim|data_mode|roaming_enabled_off,target_favoring,
[mms_issue]airplane_mode_on|break_app_sms_permission|data_mode_off|unseat_sim_card|user_abroad_roaming_enabled_off[PERSONA:None],candidate,,-36.0,repair_all,None,5,permission|sim|data_mode|roaming_enabled_off,neutral_other,
[mms_issue]airplane_mode_on|break_app_storage_permission|data_mode_off|unseat_sim_card|user_abroad_roaming_enabled_off[PERSONA:Easy],candidate,,-38.0,repair_all,Easy,5,permission|sim|data_mode|roaming_enabled_off,neutral_other,
[mms_issue]airplane_mode_on|break_app_both_permissions|data_mode_off|unseat_sim_card|user_abroad_roaming_enabled_off[PERSONA:Hard],candidate,,-19.0,repair_all,Hard,5,permission|sim|data_mode|roaming_enabled_off,neutral_other,
[mms_issue]airplane_mode_on|bad_network_preference|data_mode_off|unseat_sim_card|user_abroad_roaming_disabled_on[PERSONA:None],candidate,,-5.0,repair_subset,None,5,network_preference|sim|data_mode|roaming_disabled_on,neutral_other,
[mms_issue]airplane_mode_on|bad_wifi_calling|data_mode_off|unseat_sim_card|user_abroad_roaming_disabled_on[PERSONA:Easy],candidate,,-17.0,repair_subset,Easy,5,wifi_calling|sim|data_mode|roaming_disabled_on,neutral_other,
[mms_issue]airplane_mode_on|break_apn_mms_setting|data_mode_off|unseat_sim_card|user_abroad_roaming_disabled_on[PERSONA:Hard],candidate,,-62.0,repair_subset,Hard,5,apn|sim|data_mode|roaming_disabled_on,target_favoring,
[mms_issue]airplane_mode_on|break_app_sms_permission|data_mode_off|unseat_sim_card|user_abroad_roaming_disabled_on[PERSONA:None],candidate,,-11.0,repair_subset,None,5,permission|sim|data_mode|roaming_disabled_on,neutral_other,
[mms_issue]airplane_mode_on|break_app_storage_permission|data_mode_off|unseat_sim_card|user_abroad_roaming_disabled_on[PERSONA:Easy],candidate,,-13.0,repair_subset,Easy,5,permission|sim|data_mode|roaming_disabled_on,neutral_other,
[mms_issue]airplane_mode_on|break_app_both_permissions|data_mode_off|unseat_sim_card|user_abroad_roaming_disabled_on[PERSONA:Hard],candidate,,6.0,repair_subset,Hard,5,permission|sim|data_mode|roaming_disabled_on,neutral_other,
[mms_issue]airplane_mode_on|bad_network_preference|data_mode_off|unseat_sim_card|user_abroad_roaming_disabled_off[PERSONA:None],static_delete,static_exclude_transfer_oracle;static_exclude_hybrid_roaming_disabled_off,1000.0,transfer,None,5,network_preference|sim|data_mode|hybrid_roaming_disabled_off,neutral_other,
[mms_issue]airplane_mode_on|bad_wifi_calling|data_mode_off|unseat_sim_card|user_abroad_roaming_disabled_off[PERSONA:Easy],static_delete,static_exclude_transfer_oracle;static_exclude_hybrid_roaming_disabled_off,1000.0,transfer,Easy,5,wifi_calling|sim|data_mode|hybrid_roaming_disabled_off,neutral_other,
[mms_issue]airplane_mode_on|break_apn_mms_setting|data_mode_off|unseat_sim_card|user_abroad_roaming_disabled_off[PERSONA:Hard],static_delete,static_exclude_transfer_oracle;static_exclude_hybrid_roaming_disabled_off,1000.0,transfer,Hard,5,apn|sim|data_mode|hybrid_roaming_disabled_off,neutral_other,
[mms_issue]airplane_mode_on|break_app_sms_permission|data_mode_off|unseat_sim_card|user_abroad_roaming_disabled_off[PERSONA:None],static_delete,static_exclude_transfer_oracle;static_exclude_hybrid_roaming_disabled_off,1000.0,transfer,None,5,permission|sim|data_mode|hybrid_roaming_disabled_off,neutral_other,
[mms_issue]airplane_mode_on|break_app_storage_permission|data_mode_off|unseat_sim_card|user_abroad_roaming_disabled_off[PERSONA:Easy],static_delete,static_exclude_transfer_oracle;static_exclude_hybrid_roaming_disabled_off,1000.0,transfer,Easy,5,permission|sim|data_mode|hybrid_roaming_disabled_off,neutral_other,
[mms_issue]airplane_mode_on|break_app_both_permissions|data_mode_off|unseat_sim_card|user_abroad_roaming_disabled_off[PERSONA:Hard],static_delete,static_exclude_transfer_oracle;static_exclude_hybrid_roaming_disabled_off,1000.0,transfer,Hard,5,permission|sim|data_mode|hybrid_roaming_disabled_off,neutral_other,
[mms_issue]airplane_mode_on|bad_network_preference|bad_wifi_calling|data_mode_off|unseat_sim_card[PERSONA:None],candidate,,-42.0,repair_all,None,5,wifi_calling|network_preference|sim|data_mode,neutral_other,
[mms_issue]airplane_mode_on|bad_network_preference|break_apn_mms_setting|data_mode_off|unseat_sim_card[PERSONA:Easy],candidate,,-90.0,repair_all,Easy,5,apn|network_preference|sim|data_mode,target_favoring,
[mms_issue]airplane_mode_on|bad_network_preference|break_app_sms_permission|data_mode_off|unseat_sim_card[PERSONA:Hard],candidate,,-33.0,repair_all,Hard,5,permission|network_preference|sim|data_mode,neutral_other,
[mms_issue]airplane_mode_on|bad_network_preference|break_app_storage_permission|data_mode_off|unseat_sim_card[PERSONA:None],candidate,,-38.0,repair_all,None,5,permission|network_preference|sim|data_mode,neutral_other,
[mms_issue]airplane_mode_on|bad_network_preference|break_app_both_permissions|data_mode_off|unseat_sim_card[PERSONA:Easy],candidate,,-22.0,repair_all,Easy,5,permission|network_preference|sim|data_mode,neutral_other,
[mms_issue]airplane_mode_on|bad_wifi_calling|break_apn_mms_setting|data_mode_off|unseat_sim_card[PERSONA:Hard],candidate,,-99.0,repair_all,Hard,5,apn|wifi_calling|sim|data_mode,target_favoring,
[mms_issue]airplane_mode_on|bad_wifi_calling|break_app_sms_permission|data_mode_off|unseat_sim_card[PERSONA:None],candidate,,-48.0,repair_all,None,5,permission|wifi_calling|sim|data_mode,neutral_other,
[mms_issue]airplane_mode_on|bad_wifi_calling|break_app_storage_permission|data_mode_off|unseat_sim_card[PERSONA:Easy],candidate,,-50.0,repair_all,Easy,5,permission|wifi_calling|sim|data_mode,neutral_other,
[mms_issue]airplane_mode_on|bad_wifi_calling|break_app_both_permissions|data_mode_off|unseat_sim_card[PERSONA:Hard],candidate,,-31.0,repair_all,Hard,5,permission|wifi_calling|sim|data_mode,neutral_other,
[mms_issue]airplane_mode_on|break_apn_mms_setting|break_app_sms_permission|data_mode_off|unseat_sim_card[PERSONA:None],candidate,,-96.0,repair_all,None,5,apn|permission|sim|data_mode,target_favoring,
[mms_issue]airplane_mode_on|break_apn_mms_setting|break_app_storage_permission|data_mode_off|unseat_sim_card[PERSONA:Easy],candidate,,-98.0,repair_all,Easy,5,apn|permission|sim|data_mode,target_favoring,
[mms_issue]airplane_mode_on|break_apn_mms_setting|break_app_both_permissions|data_mode_off|unseat_sim_card[PERSONA:Hard],candidate,,-79.0,repair_all,Hard,5,apn|permission|sim|data_mode,target_favoring,
[mms_issue]airplane_mode_on|bad_network_preference|data_usage_exceeded|unseat_sim_card|user_abroad_roaming_enabled_off[PERSONA:None],candidate,,-1.0,repair_subset,None,5,network_preference|sim|data_usage_exceeded|roaming_enabled_off,neutral_other,
[mms_issue]airplane_mode_on|bad_wifi_calling|data_usage_exceeded|unseat_sim_card|user_abroad_roaming_enabled_off[PERSONA:Easy],candidate,,-13.0,repair_subset,Easy,5,wifi_calling|sim|data_usage_exceeded|roaming_enabled_off,neutral_other,
[mms_issue]airplane_mode_on|break_apn_mms_setting|data_usage_exceeded|unseat_sim_card|user_abroad_roaming_enabled_off[PERSONA:Hard],candidate,,-58.0,repair_subset,Hard,5,apn|sim|data_usage_exceeded|roaming_enabled_off,target_favoring,
[mms_issue]airplane_mode_on|break_app_sms_permission|data_usage_exceeded|unseat_sim_card|user_abroad_roaming_enabled_off[PERSONA:None],candidate,,-7.0,repair_subset,None,5,permission|sim|data_usage_exceeded|roaming_enabled_off,neutral_other,
[mms_issue]airplane_mode_on|break_app_storage_permission|data_usage_exceeded|unseat_sim_card|user_abroad_roaming_enabled_off[PERSONA:Easy],candidate,,-9.0,repair_subset,Easy,5,permission|sim|data_usage_exceeded|roaming_enabled_off,neutral_other,
[mms_issue]airplane_mode_on|break_app_both_permissions|data_usage_exceeded|unseat_sim_card|user_abroad_roaming_enabled_off[PERSONA:Hard],candidate,,10.0,repair_subset,Hard,5,permission|sim|data_usage_exceeded|roaming_enabled_off,neutral_other,
[mms_issue]airplane_mode_on|bad_network_preference|data_usage_exceeded|unseat_sim_card|user_abroad_roaming_disabled_on[PERSONA:None],candidate,,-1.0,repair_subset,None,5,network_preference|sim|data_usage_exceeded|roaming_disabled_on,neutral_other,
[mms_issue]airplane_mode_on|bad_wifi_calling|data_usage_exceeded|unseat_sim_card|user_abroad_roaming_disabled_on[PERSONA:Easy],candidate,,-13.0,repair_subset,Easy,5,wifi_calling|sim|data_usage_exceeded|roaming_disabled_on,neutral_other,
[mms_issue]airplane_mode_on|break_apn_mms_setting|data_usage_exceeded|unseat_sim_card|user_abroad_roaming_disabled_on[PERSONA:Hard],candidate,,-58.0,repair_subset,Hard,5,apn|sim|data_usage_exceeded|roaming_disabled_on,target_favoring,
[mms_issue]airplane_mode_on|break_app_sms_permission|data_usage_exceeded|unseat_sim_card|user_abroad_roaming_disabled_on[PERSONA:None],candidate,,-7.0,repair_subset,None,5,permission|sim|data_usage_exceeded|roaming_disabled_on,neutral_other,
[mms_issue]airplane_mode_on|break_app_storage_permission|data_usage_exceeded|unseat_sim_card|user_abroad_roaming_disabled_on[PERSONA:Easy],candidate,,-9.0,repair_subset,Easy,5,permission|sim|data_usage_exceeded|roaming_disabled_on,neutral_other,
[mms_issue]airplane_mode_on|break_app_both_permissions|data_usage_exceeded|unseat_sim_card|user_abroad_roaming_disabled_on[PERSONA:Hard],candidate,,10.0,repair_subset,Hard,5,permission|sim|data_usage_exceeded|roaming_disabled_on,neutral_other,
[mms_issue]airplane_mode_on|bad_network_preference|data_usage_exceeded|unseat_sim_card|user_abroad_roaming_disabled_off[PERSONA:None],static_delete,static_exclude_transfer_oracle;static_exclude_hybrid_roaming_disabled_off,1000.0,transfer,None,5,network_preference|sim|data_usage_exceeded|hybrid_roaming_disabled_off,neutral_other,
[mms_issue]airplane_mode_on|bad_wifi_calling|data_usage_exceeded|unseat_sim_card|user_abroad_roaming_disabled_off[PERSONA:Easy],static_delete,static_exclude_transfer_oracle;static_exclude_hybrid_roaming_disabled_off,1000.0,transfer,Easy,5,wifi_calling|sim|data_usage_exceeded|hybrid_roaming_disabled_off,neutral_other,
[mms_issue]airplane_mode_on|break_apn_mms_setting|data_usage_exceeded|unseat_sim_card|user_abroad_roaming_disabled_off[PERSONA:Hard],static_delete,static_exclude_transfer_oracle;static_exclude_hybrid_roaming_disabled_off,1000.0,transfer,Hard,5,apn|sim|data_usage_exceeded|hybrid_roaming_disabled_off,neutral_other,
[mms_issue]airplane_mode_on|break_app_sms_permission|data_usage_exceeded|unseat_sim_card|user_abroad_roaming_disabled_off[PERSONA:None],static_delete,static_exclude_transfer_oracle;static_exclude_hybrid_roaming_disabled_off,1000.0,transfer,None,5,permission|sim|data_usage_exceeded|hybrid_roaming_disabled_off,neutral_other,
[mms_issue]airplane_mode_on|break_app_storage_permission|data_usage_exceeded|unseat_sim_card|user_abroad_roaming_disabled_off[PERSONA:Easy],static_delete,static_exclude_transfer_oracle;static_exclude_hybrid_roaming_disabled_off,1000.0,transfer,Easy,5,permission|sim|data_usage_exceeded|hybrid_roaming_disabled_off,neutral_other,
[mms_issue]airplane_mode_on|break_app_both_permissions|data_usage_exceeded|unseat_sim_card|user_abroad_roaming_disabled_off[PERSONA:Hard],static_delete,static_exclude_transfer_oracle;static_exclude_hybrid_roaming_disabled_off,1000.0,transfer,Hard,5,permission|sim|data_usage_exceeded|hybrid_roaming_disabled_off,neutral_other,
[mms_issue]airplane_mode_on|bad_network_preference|bad_wifi_calling|data_usage_exceeded|unseat_sim_card[PERSONA:None],candidate,,-13.0,repair_subset,None,5,wifi_calling|network_preference|sim|data_usage_exceeded,neutral_other,
[mms_issue]airplane_mode_on|bad_network_preference|break_apn_mms_setting|data_usage_exceeded|unseat_sim_card[PERSONA:Easy],candidate,,-61.0,repair_subset,Easy,5,apn|network_preference|sim|data_usage_exceeded,target_favoring,
[mms_issue]airplane_mode_on|bad_network_preference|break_app_sms_permission|data_usage_exceeded|unseat_sim_card[PERSONA:Hard],candidate,,-4.0,repair_subset,Hard,5,permission|network_preference|sim|data_usage_exceeded,neutral_other,
[mms_issue]airplane_mode_on|bad_network_preference|break_app_storage_permission|data_usage_exceeded|unseat_sim_card[PERSONA:None],candidate,,-9.0,repair_subset,None,5,permission|network_preference|sim|data_usage_exceeded,neutral_other,
[mms_issue]airplane_mode_on|bad_network_preference|break_app_both_permissions|data_usage_exceeded|unseat_sim_card[PERSONA:Easy],candidate,,7.0,repair_subset,Easy,5,permission|network_preference|sim|data_usage_exceeded,neutral_other,
[mms_issue]airplane_mode_on|bad_wifi_calling|break_apn_mms_setting|data_usage_exceeded|unseat_sim_card[PERSONA:Hard],candidate,,-70.0,repair_subset,Hard,5,apn|wifi_calling|sim|data_usage_exceeded,target_favoring,
[mms_issue]airplane_mode_on|bad_wifi_calling|break_app_sms_permission|data_usage_exceeded|unseat_sim_card[PERSONA:None],candidate,,-19.0,repair_subset,None,5,permission|wifi_calling|sim|data_usage_exceeded,neutral_other,
[mms_issue]airplane_mode_on|bad_wifi_calling|break_app_storage_permission|data_usage_exceeded|unseat_sim_card[PERSONA:Easy],candidate,,-21.0,repair_subset,Easy,5,permission|wifi_calling|sim|data_usage_exceeded,neutral_other,
[mms_issue]airplane_mode_on|bad_wifi_calling|break_app_both_permissions|data_usage_exceeded|unseat_sim_card[PERSONA:Hard],candidate,,-2.0,repair_subset,Hard,5,permission|wifi_calling|sim|data_usage_exceeded,neutral_other,
[mms_issue]airplane_mode_on|break_apn_mms_setting|break_app_sms_permission|data_usage_exceeded|unseat_sim_card[PERSONA:None],candidate,,-67.0,repair_subset,None,5,apn|permission|sim|data_usage_exceeded,target_favoring,
[mms_issue]airplane_mode_on|break_apn_mms_setting|break_app_storage_permission|data_usage_exceeded|unseat_sim_card[PERSONA:Easy],candidate,,-69.0,repair_subset,Easy,5,apn|permission|sim|data_usage_exceeded,target_favoring,
[mms_issue]airplane_mode_on|break_apn_mms_setting|break_app_both_permissions|data_usage_exceeded|unseat_sim_card[PERSONA:Hard],candidate,,-50.0,repair_subset,Hard,5,apn|permission|sim|data_usage_exceeded,target_favoring,
[mms_issue]airplane_mode_on|bad_network_preference|bad_wifi_calling|unseat_sim_card|user_abroad_roaming_enabled_off[PERSONA:None],candidate,,-42.0,repair_all,None,5,wifi_calling|network_preference|sim|roaming_enabled_off,neutral_other,
[mms_issue]airplane_mode_on|bad_network_preference|break_apn_mms_setting|unseat_sim_card|user_abroad_roaming_enabled_off[PERSONA:Easy],candidate,,-90.0,repair_all,Easy,5,apn|network_preference|sim|roaming_enabled_off,target_favoring,
[mms_issue]airplane_mode_on|bad_network_preference|break_app_sms_permission|unseat_sim_card|user_abroad_roaming_enabled_off[PERSONA:Hard],candidate,,-33.0,repair_all,Hard,5,permission|network_preference|sim|roaming_enabled_off,neutral_other,
[mms_issue]airplane_mode_on|bad_network_preference|break_app_storage_permission|unseat_sim_card|user_abroad_roaming_enabled_off[PERSONA:None],candidate,,-38.0,repair_all,None,5,permission|network_preference|sim|roaming_enabled_off,neutral_other,
[mms_issue]airplane_mode_on|bad_network_preference|break_app_both_permissions|unseat_sim_card|user_abroad_roaming_enabled_off[PERSONA:Easy],candidate,,-22.0,repair_all,Easy,5,permission|network_preference|sim|roaming_enabled_off,neutral_other,
[mms_issue]airplane_mode_on|bad_wifi_calling|break_apn_mms_setting|unseat_sim_card|user_abroad_roaming_enabled_off[PERSONA:Hard],candidate,,-99.0,repair_all,Hard,5,apn|wifi_calling|sim|roaming_enabled_off,target_favoring,
[mms_issue]airplane_mode_on|bad_wifi_calling|break_app_sms_permission|unseat_sim_card|user_abroad_roaming_enabled_off[PERSONA:None],candidate,,-48.0,repair_all,None,5,permission|wifi_calling|sim|roaming_enabled_off,neutral_other,
[mms_issue]airplane_mode_on|bad_wifi_calling|break_app_storage_permission|unseat_sim_card|user_abroad_roaming_enabled_off[PERSONA:Easy],candidate,,-50.0,repair_all,Easy,5,permission|wifi_calling|sim|roaming_enabled_off,neutral_other,
[mms_issue]airplane_mode_on|bad_wifi_calling|break_app_both_permissions|unseat_sim_card|user_abroad_roaming_enabled_off[PERSONA:Hard],candidate,,-31.0,repair_all,Hard,5,permission|wifi_calling|sim|roaming_enabled_off,neutral_other,
[mms_issue]airplane_mode_on|break_apn_mms_setting|break_app_sms_permission|unseat_sim_card|user_abroad_roaming_enabled_off[PERSONA:None],candidate,,-96.0,repair_all,None,5,apn|permission|sim|roaming_enabled_off,target_favoring,
[mms_issue]airplane_mode_on|break_apn_mms_setting|break_app_storage_permission|unseat_sim_card|user_abroad_roaming_enabled_off[PERSONA:Easy],candidate,,-98.0,repair_all,Easy,5,apn|permission|sim|roaming_enabled_off,target_favoring,
[mms_issue]airplane_mode_on|break_apn_mms_setting|break_app_both_permissions|unseat_sim_card|user_abroad_roaming_enabled_off[PERSONA:Hard],candidate,,-79.0,repair_all,Hard,5,apn|permission|sim|roaming_enabled_off,target_favoring,
[mms_issue]airplane_mode_on|bad_network_preference|bad_wifi_calling|unseat_sim_card|user_abroad_roaming_disabled_on[PERSONA:None],candidate,,-17.0,repair_subset,None,5,wifi_calling|network_preference|sim|roaming_disabled_on,neutral_other,
[mms_issue]airplane_mode_on|bad_network_preference|break_apn_mms_setting|unseat_sim_card|user_abroad_roaming_disabled_on[PERSONA:Easy],candidate,,-65.0,repair_subset,Easy,5,apn|network_preference|sim|roaming_disabled_on,target_favoring,
[mms_issue]airplane_mode_on|bad_network_preference|break_app_sms_permission|unseat_sim_card|user_abroad_roaming_disabled_on[PERSONA:Hard],candidate,,-8.0,repair_subset,Hard,5,permission|network_preference|sim|roaming_disabled_on,neutral_other,
[mms_issue]airplane_mode_on|bad_network_preference|break_app_storage_permission|unseat_sim_card|user_abroad_roaming_disabled_on[PERSONA:None],candidate,,-13.0,repair_subset,None,5,permission|network_preference|sim|roaming_disabled_on,neutral_other,
[mms_issue]airplane_mode_on|bad_network_preference|break_app_both_permissions|unseat_sim_card|user_abroad_roaming_disabled_on[PERSONA:Easy],candidate,,3.0,repair_subset,Easy,5,permission|network_preference|sim|roaming_disabled_on,neutral_other,
[mms_issue]airplane_mode_on|bad_wifi_calling|break_apn_mms_setting|unseat_sim_card|user_abroad_roaming_disabled_on[PERSONA:Hard],candidate,,-74.0,repair_subset,Hard,5,apn|wifi_calling|sim|roaming_disabled_on,target_favoring,
[mms_issue]airplane_mode_on|bad_wifi_calling|break_app_sms_permission|unseat_sim_card|user_abroad_roaming_disabled_on[PERSONA:None],candidate,,-23.0,repair_subset,None,5,permission|wifi_calling|sim|roaming_disabled_on,neutral_other,
[mms_issue]airplane_mode_on|bad_wifi_calling|break_app_storage_permission|unseat_sim_card|user_abroad_roaming_disabled_on[PERSONA:Easy],candidate,,-25.0,repair_subset,Easy,5,permission|wifi_calling|sim|roaming_disabled_on,neutral_other,
[mms_issue]airplane_mode_on|bad_wifi_calling|break_app_both_permissions|unseat_sim_card|user_abroad_roaming_disabled_on[PERSONA:Hard],candidate,,-6.0,repair_subset,Hard,5,permission|wifi_calling|sim|roaming_disabled_on,neutral_other,
[mms_issue]airplane_mode_on|break_apn_mms_setting|break_app_sms_permission|unseat_sim_card|user_abroad_roaming_disabled_on[PERSONA:None],candidate,,-71.0,repair_subset,None,5,apn|permission|sim|roaming_disabled_on,target_favoring,
[mms_issue]airplane_mode_on|break_apn_mms_setting|break_app_storage_permission|unseat_sim_card|user_abroad_roaming_disabled_on[PERSONA:Easy],candidate,,-73.0,repair_subset,Easy,5,apn|permission|sim|roaming_disabled_on,target_favoring,
[mms_issue]airplane_mode_on|break_apn_mms_setting|break_app_both_permissions|unseat_sim_card|user_abroad_roaming_disabled_on[PERSONA:Hard],candidate,,-54.0,repair_subset,Hard,5,apn|permission|sim|roaming_disabled_on,target_favoring,
[mms_issue]airplane_mode_on|bad_network_preference|bad_wifi_calling|unseat_sim_card|user_abroad_roaming_disabled_off[PERSONA:None],static_delete,static_exclude_transfer_oracle;static_exclude_hybrid_roaming_disabled_off,1000.0,transfer,None,5,wifi_calling|network_preference|sim|hybrid_roaming_disabled_off,neutral_other,
[mms_issue]airplane_mode_on|bad_network_preference|break_apn_mms_setting|unseat_sim_card|user_abroad_roaming_disabled_off[PERSONA:Easy],static_delete,static_exclude_transfer_oracle;static_exclude_hybrid_roaming_disabled_off,1000.0,transfer,Easy,5,apn|network_preference|sim|hybrid_roaming_disabled_off,neutral_other,
[mms_issue]airplane_mode_on|bad_network_preference|break_app_sms_permission|unseat_sim_card|user_abroad_roaming_disabled_off[PERSONA:Hard],static_delete,static_exclude_transfer_oracle;static_exclude_hybrid_roaming_disabled_off,1000.0,transfer,Hard,5,permission|network_preference|sim|hybrid_roaming_disabled_off,neutral_other,
[mms_issue]airplane_mode_on|bad_network_preference|break_app_storage_permission|unseat_sim_card|user_abroad_roaming_disabled_off[PERSONA:None],static_delete,static_exclude_transfer_oracle;static_exclude_hybrid_roaming_disabled_off,1000.0,transfer,None,5,permission|network_preference|sim|hybrid_roaming_disabled_off,neutral_other,
[mms_issue]airplane_mode_on|bad_network_preference|break_app_both_permissions|unseat_sim_card|user_abroad_roaming_disabled_off[PERSONA:Easy],static_delete,static_exclude_transfer_oracle;static_exclude_hybrid_roaming_disabled_off,1000.0,transfer,Easy,5,permission|network_preference|sim|hybrid_roaming_disabled_off,neutral_other,
[mms_issue]airplane_mode_on|bad_wifi_calling|break_apn_mms_setting|unseat_sim_card|user_abroad_roaming_disabled_off[PERSONA:Hard],static_delete,static_exclude_transfer_oracle;static_exclude_hybrid_roaming_disabled_off,1000.0,transfer,Hard,5,apn|wifi_calling|sim|hybrid_roaming_disabled_off,neutral_other,
[mms_issue]airplane_mode_on|bad_wifi_calling|break_app_sms_permission|unseat_sim_card|user_abroad_roaming_disabled_off[PERSONA:None],static_delete,static_exclude_transfer_oracle;static_exclude_hybrid_roaming_disabled_off,1000.0,transfer,None,5,permission|wifi_calling|sim|hybrid_roaming_disabled_off,neutral_other,
[mms_issue]airplane_mode_on|bad_wifi_calling|break_app_storage_permission|unseat_sim_card|user_abroad_roaming_disabled_off[PERSONA:Easy],static_delete,static_exclude_transfer_oracle;static_exclude_hybrid_roaming_disabled_off,1000.0,transfer,Easy,5,permission|wifi_calling|sim|hybrid_roaming_disabled_off,neutral_other,
[mms_issue]airplane_mode_on|bad_wifi_calling|break_app_both_permissions|unseat_sim_card|user_abroad_roaming_disabled_off[PERSONA:Hard],static_delete,static_exclude_transfer_oracle;static_exclude_hybrid_roaming_disabled_off,1000.0,transfer,Hard,5,permission|wifi_calling|sim|hybrid_roaming_disabled_off,neutral_other,
[mms_issue]airplane_mode_on|break_apn_mms_setting|break_app_sms_permission|unseat_sim_card|user_abroad_roaming_disabled_off[PERSONA:None],static_delete,static_exclude_transfer_oracle;static_exclude_hybrid_roaming_disabled_off,1000.0,transfer,None,5,apn|permission|sim|hybrid_roaming_disabled_off,neutral_other,
[mms_issue]airplane_mode_on|break_apn_mms_setting|break_app_storage_permission|unseat_sim_card|user_abroad_roaming_disabled_off[PERSONA:Easy],static_delete,static_exclude_transfer_oracle;static_exclude_hybrid_roaming_disabled_off,1000.0,transfer,Easy,5,apn|permission|sim|hybrid_roaming_disabled_off,neutral_other,
[mms_issue]airplane_mode_on|break_apn_mms_setting|break_app_both_permissions|unseat_sim_card|user_abroad_roaming_disabled_off[PERSONA:Hard],static_delete,static_exclude_transfer_oracle;static_exclude_hybrid_roaming_disabled_off,1000.0,transfer,Hard,5,apn|permission|sim|hybrid_roaming_disabled_off,neutral_other,
[mms_issue]airplane_mode_on|bad_network_preference|bad_wifi_calling|break_apn_mms_setting|unseat_sim_card[PERSONA:None],candidate,,-102.0,repair_all,None,5,apn|wifi_calling|network_preference|sim,target_favoring,
[mms_issue]airplane_mode_on|bad_network_preference|bad_wifi_calling|break_app_sms_permission|unseat_sim_card[PERSONA:Easy],candidate,,-48.0,repair_all,Easy,5,permission|wifi_calling|network_preference|sim,neutral_other,
[mms_issue]airplane_mode_on|bad_network_preference|bad_wifi_calling|break_app_storage_permission|unseat_sim_card[PERSONA:Hard],candidate,,-47.0,repair_all,Hard,5,permission|wifi_calling|network_preference|sim,neutral_other,
[mms_issue]airplane_mode_on|bad_network_preference|bad_wifi_calling|break_app_both_permissions|unseat_sim_card[PERSONA:None],candidate,,-34.0,repair_all,None,5,permission|wifi_calling|network_preference|sim,neutral_other,
[mms_issue]airplane_mode_on|bad_network_preference|break_apn_mms_setting|break_app_sms_permission|unseat_sim_card[PERSONA:Easy],candidate,,-96.0,repair_all,Easy,5,apn|permission|network_preference|sim,target_favoring,
[mms_issue]airplane_mode_on|bad_network_preference|break_apn_mms_setting|break_app_storage_permission|unseat_sim_card[PERSONA:Hard],candidate,,-95.0,repair_all,Hard,5,apn|permission|network_preference|sim,target_favoring,
[mms_issue]airplane_mode_on|bad_network_preference|break_apn_mms_setting|break_app_both_permissions|unseat_sim_card[PERSONA:None],candidate,,-82.0,repair_all,None,5,apn|permission|network_preference|sim,target_favoring,
[mms_issue]airplane_mode_on|bad_wifi_calling|break_apn_mms_setting|break_app_sms_permission|unseat_sim_card[PERSONA:Easy],candidate,,-108.0,repair_all,Easy,5,apn|permission|wifi_calling|sim,target_favoring,
[mms_issue]airplane_mode_on|bad_wifi_calling|break_apn_mms_setting|break_app_storage_permission|unseat_sim_card[PERSONA:Hard],candidate,,-107.0,repair_all,Hard,5,apn|permission|wifi_calling|sim,target_favoring,
[mms_issue]airplane_mode_on|bad_wifi_calling|break_apn_mms_setting|break_app_both_permissions|unseat_sim_card[PERSONA:None],candidate,,-94.0,repair_all,None,5,apn|permission|wifi_calling|sim,target_favoring,
[mms_issue]airplane_mode_on|bad_network_preference|data_mode_off|data_usage_exceeded|user_abroad_roaming_enabled_off[PERSONA:Easy],candidate,,-1.0,repair_subset,Easy,5,network_preference|data_mode|data_usage_exceeded|roaming_enabled_off,neutral_other,
[mms_issue]airplane_mode_on|bad_wifi_calling|data_mode_off|data_usage_exceeded|user_abroad_roaming_enabled_off[PERSONA:Hard],candidate,,-10.0,repair_subset,Hard,5,wifi_calling|data_mode|data_usage_exceeded|roaming_enabled_off,neutral_other,
[mms_issue]airplane_mode_on|break_apn_mms_setting|data_mode_off|data_usage_exceeded|user_abroad_roaming_enabled_off[PERSONA:None],candidate,,-61.0,repair_subset,None,5,apn|data_mode|data_usage_exceeded|roaming_enabled_off,target_favoring,
[mms_issue]airplane_mode_on|break_app_sms_permission|data_mode_off|data_usage_exceeded|user_abroad_roaming_enabled_off[PERSONA:Easy],candidate,,-7.0,repair_subset,Easy,5,permission|data_mode|data_usage_exceeded|roaming_enabled_off,neutral_other,
[mms_issue]airplane_mode_on|break_app_storage_permission|data_mode_off|data_usage_exceeded|user_abroad_roaming_enabled_off[PERSONA:Hard],candidate,,-6.0,repair_subset,Hard,5,permission|data_mode|data_usage_exceeded|roaming_enabled_off,neutral_other,
[mms_issue]airplane_mode_on|break_app_both_permissions|data_mode_off|data_usage_exceeded|user_abroad_roaming_enabled_off[PERSONA:None],candidate,,7.0,repair_subset,None,5,permission|data_mode|data_usage_exceeded|roaming_enabled_off,neutral_other,
[mms_issue]airplane_mode_on|bad_network_preference|data_mode_off|data_usage_exceeded|user_abroad_roaming_disabled_on[PERSONA:Easy],candidate,,-1.0,repair_subset,Easy,5,network_preference|data_mode|data_usage_exceeded|roaming_disabled_on,neutral_other,
[mms_issue]airplane_mode_on|bad_wifi_calling|data_mode_off|data_usage_exceeded|user_abroad_roaming_disabled_on[PERSONA:Hard],candidate,,-10.0,repair_subset,Hard,5,wifi_calling|data_mode|data_usage_exceeded|roaming_disabled_on,neutral_other,
[mms_issue]airplane_mode_on|break_apn_mms_setting|data_mode_off|data_usage_exceeded|user_abroad_roaming_disabled_on[PERSONA:None],candidate,,-61.0,repair_subset,None,5,apn|data_mode|data_usage_exceeded|roaming_disabled_on,target_favoring,
[mms_issue]airplane_mode_on|break_app_sms_permission|data_mode_off|data_usage_exceeded|user_abroad_roaming_disabled_on[PERSONA:Easy],candidate,,-7.0,repair_subset,Easy,5,permission|data_mode|data_usage_exceeded|roaming_disabled_on,neutral_other,
[mms_issue]airplane_mode_on|break_app_storage_permission|data_mode_off|data_usage_exceeded|user_abroad_roaming_disabled_on[PERSONA:Hard],candidate,,-6.0,repair_subset,Hard,5,permission|data_mode|data_usage_exceeded|roaming_disabled_on,neutral_other,
[mms_issue]airplane_mode_on|break_app_both_permissions|data_mode_off|data_usage_exceeded|user_abroad_roaming_disabled_on[PERSONA:None],candidate,,7.0,repair_subset,None,5,permission|data_mode|data_usage_exceeded|roaming_disabled_on,neutral_other,
[mms_issue]airplane_mode_on|bad_network_preference|data_mode_off|data_usage_exceeded|user_abroad_roaming_disabled_off[PERSONA:Easy],static_delete,static_exclude_transfer_oracle;static_exclude_hybrid_roaming_disabled_off,1000.0,transfer,Easy,5,network_preference|data_mode|data_usage_exceeded|hybrid_roaming_disabled_off,neutral_other,
[mms_issue]airplane_mode_on|bad_wifi_calling|data_mode_off|data_usage_exceeded|user_abroad_roaming_disabled_off[PERSONA:Hard],static_delete,static_exclude_transfer_oracle;static_exclude_hybrid_roaming_disabled_off,1000.0,transfer,Hard,5,wifi_calling|data_mode|data_usage_exceeded|hybrid_roaming_disabled_off,neutral_other,
[mms_issue]airplane_mode_on|break_apn_mms_setting|data_mode_off|data_usage_exceeded|user_abroad_roaming_disabled_off[PERSONA:None],static_delete,static_exclude_transfer_oracle;static_exclude_hybrid_roaming_disabled_off,1000.0,transfer,None,5,apn|data_mode|data_usage_exceeded|hybrid_roaming_disabled_off,neutral_other,
[mms_issue]airplane_mode_on|break_app_sms_permission|data_mode_off|data_usage_exceeded|user_abroad_roaming_disabled_off[PERSONA:Easy],static_delete,static_exclude_transfer_oracle;static_exclude_hybrid_roaming_disabled_off,1000.0,transfer,Easy,5,permission|data_mode|data_usage_exceeded|hybrid_roaming_disabled_off,neutral_other,
[mms_issue]airplane_mode_on|break_app_storage_permission|data_mode_off|data_usage_exceeded|user_abroad_roaming_disabled_off[PERSONA:Hard],static_delete,static_exclude_transfer_oracle;static_exclude_hybrid_roaming_disabled_off,1000.0,transfer,Hard,5,permission|data_mode|data_usage_exceeded|hybrid_roaming_disabled_off,neutral_other,
[mms_issue]airplane_mode_on|break_app_both_permissions|data_mode_off|data_usage_exceeded|user_abroad_roaming_disabled_off[PERSONA:None],static_delete,static_exclude_transfer_oracle;static_exclude_hybrid_roaming_disabled_off,1000.0,transfer,None,5,permission|data_mode|data_usage_exceeded|hybrid_roaming_disabled_off,neutral_other,
[mms_issue]airplane_mode_on|bad_network_preference|bad_wifi_calling|data_mode_off|data_usage_exceeded[PERSONA:Easy],candidate,,-13.0,repair_subset,Easy,5,wifi_calling|network_preference|data_mode|data_usage_exceeded,neutral_other,
[mms_issue]airplane_mode_on|bad_network_preference|break_apn_mms_setting|data_mode_off|data_usage_exceeded[PERSONA:Hard],candidate,,2.0,repair_subset,Hard,5,apn|network_preference|data_mode|data_usage_exceeded,neutral_other,
[mms_issue]airplane_mode_on|bad_network_preference|break_app_sms_permission|data_mode_off|data_usage_exceeded[PERSONA:None],candidate,,-7.0,repair_subset,None,5,permission|network_preference|data_mode|data_usage_exceeded,neutral_other,
[mms_issue]airplane_mode_on|bad_network_preference|break_app_storage_permission|data_mode_off|data_usage_exceeded[PERSONA:Easy],candidate,,-9.0,repair_subset,Easy,5,permission|network_preference|data_mode|data_usage_exceeded,neutral_other,
[mms_issue]airplane_mode_on|bad_network_preference|break_app_both_permissions|data_mode_off|data_usage_exceeded[PERSONA:Hard],candidate,,10.0,repair_subset,Hard,5,permission|network_preference|data_mode|data_usage_exceeded,neutral_other,
[mms_issue]airplane_mode_on|bad_wifi_calling|break_apn_mms_setting|data_mode_off|data_usage_exceeded[PERSONA:None],candidate,,-13.0,repair_subset,None,5,apn|wifi_calling|data_mode|data_usage_exceeded,neutral_other,
[mms_issue]airplane_mode_on|bad_wifi_calling|break_app_sms_permission|data_mode_off|data_usage_exceeded[PERSONA:Easy],candidate,,-19.0,repair_subset,Easy,5,permission|wifi_calling|data_mode|data_usage_exceeded,neutral_other,
[mms_issue]airplane_mode_on|bad_wifi_calling|break_app_storage_permission|data_mode_off|data_usage_exceeded[PERSONA:Hard],candidate,,-18.0,repair_subset,Hard,5,permission|wifi_calling|data_mode|data_usage_exceeded,neutral_other,
[mms_issue]airplane_mode_on|bad_wifi_calling|break_app_both_permissions|data_mode_off|data_usage_exceeded[PERSONA:None],candidate,,-5.0,repair_subset,None,5,permission|wifi_calling|data_mode|data_usage_exceeded,neutral_other,
[mms_issue]airplane_mode_on|break_apn_mms_setting|break_app_sms_permission|data_mode_off|data_usage_exceeded[PERSONA:Easy],candidate,,-7.0,repair_subset,Easy,5,apn|permission|data_mode|data_usage_exceeded,neutral_other,
[mms_issue]airplane_mode_on|break_apn_mms_setting|break_app_storage_permission|data_mode_off|data_usage_exceeded[PERSONA:Hard],candidate,,-6.0,repair_subset,Hard,5,apn|permission|data_mode|data_usage_exceeded,neutral_other,
[mms_issue]airplane_mode_on|break_apn_mms_setting|break_app_both_permissions|data_mode_off|data_usage_exceeded[PERSONA:None],candidate,,7.0,repair_subset,None,5,apn|permission|data_mode|data_usage_exceeded,neutral_other,
[mms_issue]airplane_mode_on|bad_network_preference|bad_wifi_calling|data_mode_off|user_abroad_roaming_enabled_off[PERSONA:Easy],candidate,,-42.0,repair_all,Easy,5,wifi_calling|network_preference|data_mode|roaming_enabled_off,neutral_other,
[mms_issue]airplane_mode_on|bad_network_preference|break_apn_mms_setting|data_mode_off|user_abroad_roaming_enabled_off[PERSONA:Hard],candidate,,-87.0,repair_all,Hard,5,apn|network_preference|data_mode|roaming_enabled_off,target_favoring,
[mms_issue]airplane_mode_on|bad_network_preference|break_app_sms_permission|data_mode_off|user_abroad_roaming_enabled_off[PERSONA:None],candidate,,214.0,repair_all,None,5,permission|network_preference|data_mode|roaming_enabled_off,neutral_other,delete
[mms_issue]airplane_mode_on|bad_network_preference|break_app_storage_permission|data_mode_off|user_abroad_roaming_enabled_off[PERSONA:Easy],candidate,,212.0,repair_all,Easy,5,permission|network_preference|data_mode|roaming_enabled_off,neutral_other,delete
[mms_issue]airplane_mode_on|bad_network_preference|break_app_both_permissions|data_mode_off|user_abroad_roaming_enabled_off[PERSONA:Hard],candidate,,-19.0,repair_all,Hard,5,permission|network_preference|data_mode|roaming_enabled_off,neutral_other,
[mms_issue]airplane_mode_on|bad_wifi_calling|break_apn_mms_setting|data_mode_off|user_abroad_roaming_enabled_off[PERSONA:None],candidate,,-102.0,repair_all,None,5,apn|wifi_calling|data_mode|roaming_enabled_off,target_favoring,
[mms_issue]airplane_mode_on|bad_wifi_calling|break_app_sms_permission|data_mode_off|user_abroad_roaming_enabled_off[PERSONA:Easy],candidate,,-48.0,repair_all,Easy,5,permission|wifi_calling|data_mode|roaming_enabled_off,neutral_other,
[mms_issue]airplane_mode_on|bad_wifi_calling|break_app_storage_permission|data_mode_off|user_abroad_roaming_enabled_off[PERSONA:Hard],candidate,,-47.0,repair_all,Hard,5,permission|wifi_calling|data_mode|roaming_enabled_off,neutral_other,
[mms_issue]airplane_mode_on|bad_wifi_calling|break_app_both_permissions|data_mode_off|user_abroad_roaming_enabled_off[PERSONA:None],candidate,,-34.0,repair_all,None,5,permission|wifi_calling|data_mode|roaming_enabled_off,neutral_other,
[mms_issue]airplane_mode_on|break_apn_mms_setting|break_app_sms_permission|data_mode_off|user_abroad_roaming_enabled_off[PERSONA:Easy],candidate,,-96.0,repair_all,Easy,5,apn|permission|data_mode|roaming_enabled_off,target_favoring,
[mms_issue]airplane_mode_on|break_apn_mms_setting|break_app_storage_permission|data_mode_off|user_abroad_roaming_enabled_off[PERSONA:Hard],candidate,,-95.0,repair_all,Hard,5,apn|permission|data_mode|roaming_enabled_off,target_favoring,
[mms_issue]airplane_mode_on|break_apn_mms_setting|break_app_both_permissions|data_mode_off|user_abroad_roaming_enabled_off[PERSONA:None],candidate,,-82.0,repair_all,None,5,apn|permission|data_mode|roaming_enabled_off,target_favoring,
[mms_issue]airplane_mode_on|bad_network_preference|bad_wifi_calling|data_mode_off|user_abroad_roaming_disabled_on[PERSONA:Easy],candidate,,-17.0,repair_subset,Easy,5,wifi_calling|network_preference|data_mode|roaming_disabled_on,neutral_other,
[mms_issue]airplane_mode_on|bad_network_preference|break_apn_mms_setting|data_mode_off|user_abroad_roaming_disabled_on[PERSONA:Hard],candidate,,-62.0,repair_subset,Hard,5,apn|network_preference|data_mode|roaming_disabled_on,target_favoring,
[mms_issue]airplane_mode_on|bad_network_preference|break_app_sms_permission|data_mode_off|user_abroad_roaming_disabled_on[PERSONA:None],candidate,,-11.0,repair_subset,None,5,permission|network_preference|data_mode|roaming_disabled_on,neutral_other,
[mms_issue]airplane_mode_on|bad_network_preference|break_app_storage_permission|data_mode_off|user_abroad_roaming_disabled_on[PERSONA:Easy],candidate,,-13.0,repair_subset,Easy,5,permission|network_preference|data_mode|roaming_disabled_on,neutral_other,
[mms_issue]airplane_mode_on|bad_network_preference|break_app_both_permissions|data_mode_off|user_abroad_roaming_disabled_on[PERSONA:Hard],candidate,,6.0,repair_subset,Hard,5,permission|network_preference|data_mode|roaming_disabled_on,neutral_other,
[mms_issue]airplane_mode_on|bad_wifi_calling|break_apn_mms_setting|data_mode_off|user_abroad_roaming_disabled_on[PERSONA:None],candidate,,-77.0,repair_subset,None,5,apn|wifi_calling|data_mode|roaming_disabled_on,target_favoring,
[mms_issue]airplane_mode_on|bad_wifi_calling|break_app_sms_permission|data_mode_off|user_abroad_roaming_disabled_on[PERSONA:Easy],candidate,,-23.0,repair_subset,Easy,5,permission|wifi_calling|data_mode|roaming_disabled_on,neutral_other,
[mms_issue]airplane_mode_on|bad_wifi_calling|break_app_storage_permission|data_mode_off|user_abroad_roaming_disabled_on[PERSONA:Hard],candidate,,-22.0,repair_subset,Hard,5,permission|wifi_calling|data_mode|roaming_disabled_on,neutral_other,
[mms_issue]airplane_mode_on|bad_wifi_calling|break_app_both_permissions|data_mode_off|user_abroad_roaming_disabled_on[PERSONA:None],candidate,,-9.0,repair_subset,None,5,permission|wifi_calling|data_mode|roaming_disabled_on,neutral_other,
[mms_issue]airplane_mode_on|break_apn_mms_setting|break_app_sms_permission|data_mode_off|user_abroad_roaming_disabled_on[PERSONA:Easy],candidate,,-71.0,repair_subset,Easy,5,apn|permission|data_mode|roaming_disabled_on,target_favoring,
[mms_issue]airplane_mode_on|break_apn_mms_setting|break_app_storage_permission|data_mode_off|user_abroad_roaming_disabled_on[PERSONA:Hard],candidate,,-70.0,repair_subset,Hard,5,apn|permission|data_mode|roaming_disabled_on,target_favoring,
[mms_issue]airplane_mode_on|break_apn_mms_setting|break_app_both_permissions|data_mode_off|user_abroad_roaming_disabled_on[PERSONA:None],candidate,,-57.0,repair_subset,None,5,apn|permission|data_mode|roaming_disabled_on,target_favoring,
[mms_issue]airplane_mode_on|bad_network_preference|bad_wifi_calling|data_mode_off|user_abroad_roaming_disabled_off[PERSONA:Easy],static_delete,static_exclude_transfer_oracle;static_exclude_hybrid_roaming_disabled_off,1000.0,transfer,Easy,5,wifi_calling|network_preference|data_mode|hybrid_roaming_disabled_off,neutral_other,
[mms_issue]airplane_mode_on|bad_network_preference|break_apn_mms_setting|data_mode_off|user_abroad_roaming_disabled_off[PERSONA:Hard],static_delete,static_exclude_transfer_oracle;static_exclude_hybrid_roaming_disabled_off,1000.0,transfer,Hard,5,apn|network_preference|data_mode|hybrid_roaming_disabled_off,neutral_other,
[mms_issue]airplane_mode_on|bad_network_preference|break_app_sms_permission|data_mode_off|user_abroad_roaming_disabled_off[PERSONA:None],static_delete,static_exclude_transfer_oracle;static_exclude_hybrid_roaming_disabled_off,1000.0,transfer,None,5,permission|network_preference|data_mode|hybrid_roaming_disabled_off,neutral_other,
[mms_issue]airplane_mode_on|bad_network_preference|break_app_storage_permission|data_mode_off|user_abroad_roaming_disabled_off[PERSONA:Easy],static_delete,static_exclude_transfer_oracle;static_exclude_hybrid_roaming_disabled_off,1000.0,transfer,Easy,5,permission|network_preference|data_mode|hybrid_roaming_disabled_off,neutral_other,
[mms_issue]airplane_mode_on|bad_network_preference|break_app_both_permissions|data_mode_off|user_abroad_roaming_disabled_off[PERSONA:Hard],static_delete,static_exclude_transfer_oracle;static_exclude_hybrid_roaming_disabled_off,1000.0,transfer,Hard,5,permission|network_preference|data_mode|hybrid_roaming_disabled_off,neutral_other,
[mms_issue]airplane_mode_on|bad_wifi_calling|break_apn_mms_setting|data_mode_off|user_abroad_roaming_disabled_off[PERSONA:None],static_delete,static_exclude_transfer_oracle;static_exclude_hybrid_roaming_disabled_off,1000.0,transfer,None,5,apn|wifi_calling|data_mode|hybrid_roaming_disabled_off,neutral_other,
[mms_issue]airplane_mode_on|bad_wifi_calling|break_app_sms_permission|data_mode_off|user_abroad_roaming_disabled_off[PERSONA:Easy],static_delete,static_exclude_transfer_oracle;static_exclude_hybrid_roaming_disabled_off,1000.0,transfer,Easy,5,permission|wifi_calling|data_mode|hybrid_roaming_disabled_off,neutral_other,
[mms_issue]airplane_mode_on|bad_wifi_calling|break_app_storage_permission|data_mode_off|user_abroad_roaming_disabled_off[PERSONA:Hard],static_delete,static_exclude_transfer_oracle;static_exclude_hybrid_roaming_disabled_off,1000.0,transfer,Hard,5,permission|wifi_calling|data_mode|hybrid_roaming_disabled_off,neutral_other,
[mms_issue]airplane_mode_on|bad_wifi_calling|break_app_both_permissions|data_mode_off|user_abroad_roaming_disabled_off[PERSONA:None],static_delete,static_exclude_transfer_oracle;static_exclude_hybrid_roaming_disabled_off,1000.0,transfer,None,5,permission|wifi_calling|data_mode|hybrid_roaming_disabled_off,neutral_other,
[mms_issue]airplane_mode_on|break_apn_mms_setting|break_app_sms_permission|data_mode_off|user_abroad_roaming_disabled_off[PERSONA:Easy],static_delete,static_exclude_transfer_oracle;static_exclude_hybrid_roaming_disabled_off,1000.0,transfer,Easy,5,apn|permission|data_mode|hybrid_roaming_disabled_off,neutral_other,
[mms_issue]airplane_mode_on|break_apn_mms_setting|break_app_storage_permission|data_mode_off|user_abroad_roaming_disabled_off[PERSONA:Hard],static_delete,static_exclude_transfer_oracle;static_exclude_hybrid_roaming_disabled_off,1000.0,transfer,Hard,5,apn|permission|data_mode|hybrid_roaming_disabled_off,neutral_other,
[mms_issue]airplane_mode_on|break_apn_mms_setting|break_app_both_permissions|data_mode_off|user_abroad_roaming_disabled_off[PERSONA:None],static_delete,static_exclude_transfer_oracle;static_exclude_hybrid_roaming_disabled_off,1000.0,transfer,None,5,apn|permission|data_mode|hybrid_roaming_disabled_off,neutral_other,
[mms_issue]airplane_mode_on|bad_network_preference|bad_wifi_calling|break_apn_mms_setting|data_mode_off[PERSONA:Easy],candidate,,-42.0,repair_all,Easy,5,apn|wifi_calling|network_preference|data_mode,neutral_other,
[mms_issue]airplane_mode_on|bad_network_preference|bad_wifi_calling|break_app_sms_permission|data_mode_off[PERSONA:Hard],candidate,,-45.0,repair_all,Hard,5,permission|wifi_calling|network_preference|data_mode,neutral_other,
[mms_issue]airplane_mode_on|bad_network_preference|bad_wifi_calling|break_app_storage_permission|data_mode_off[PERSONA:None],candidate,,-50.0,repair_all,None,5,permission|wifi_calling|network_preference|data_mode,neutral_other,
[mms_issue]airplane_mode_on|bad_network_preference|bad_wifi_calling|break_app_both_permissions|data_mode_off[PERSONA:Easy],candidate,,-34.0,repair_all,Easy,5,permission|wifi_calling|network_preference|data_mode,neutral_other,
[mms_issue]airplane_mode_on|bad_network_preference|break_apn_mms_setting|break_app_sms_permission|data_mode_off[PERSONA:Hard],candidate,,-33.0,repair_all,Hard,5,apn|permission|network_preference|data_mode,neutral_other,
[mms_issue]airplane_mode_on|bad_network_preference|break_apn_mms_setting|break_app_storage_permission|data_mode_off[PERSONA:None],candidate,,-38.0,repair_all,None,5,apn|permission|network_preference|data_mode,neutral_other,
[mms_issue]airplane_mode_on|bad_network_preference|break_apn_mms_setting|break_app_both_permissions|data_mode_off[PERSONA:Easy],candidate,,-22.0,repair_all,Easy,5,apn|permission|network_preference|data_mode,neutral_other,
[mms_issue]airplane_mode_on|bad_wifi_calling|break_apn_mms_setting|break_app_sms_permission|data_mode_off[PERSONA:Hard],candidate,,-45.0,repair_all,Hard,5,apn|permission|wifi_calling|data_mode,neutral_other,
[mms_issue]airplane_mode_on|bad_wifi_calling|break_apn_mms_setting|break_app_storage_permission|data_mode_off[PERSONA:None],candidate,,-50.0,repair_all,None,5,apn|permission|wifi_calling|data_mode,neutral_other,
[mms_issue]airplane_mode_on|bad_wifi_calling|break_apn_mms_setting|break_app_both_permissions|data_mode_off[PERSONA:Easy],candidate,,-34.0,repair_all,Easy,5,apn|permission|wifi_calling|data_mode,neutral_other,
[mms_issue]airplane_mode_on|bad_network_preference|bad_wifi_calling|data_usage_exceeded|user_abroad_roaming_enabled_off[PERSONA:Hard],candidate,,-10.0,repair_subset,Hard,5,wifi_calling|network_preference|data_usage_exceeded|roaming_enabled_off,neutral_other,
[mms_issue]airplane_mode_on|bad_network_preference|break_apn_mms_setting|data_usage_exceeded|user_abroad_roaming_enabled_off[PERSONA:None],candidate,,-61.0,repair_subset,None,5,apn|network_preference|data_usage_exceeded|roaming_enabled_off,target_favoring,
[mms_issue]airplane_mode_on|bad_network_preference|break_app_sms_permission|data_usage_exceeded|user_abroad_roaming_enabled_off[PERSONA:Easy],candidate,,-7.0,repair_subset,Easy,5,permission|network_preference|data_usage_exceeded|roaming_enabled_off,neutral_other,
[mms_issue]airplane_mode_on|bad_network_preference|break_app_storage_permission|data_usage_exceeded|user_abroad_roaming_enabled_off[PERSONA:Hard],candidate,,-6.0,repair_subset,Hard,5,permission|network_preference|data_usage_exceeded|roaming_enabled_off,neutral_other,
[mms_issue]airplane_mode_on|bad_network_preference|break_app_both_permissions|data_usage_exceeded|user_abroad_roaming_enabled_off[PERSONA:None],candidate,,7.0,repair_subset,None,5,permission|network_preference|data_usage_exceeded|roaming_enabled_off,neutral_other,
[mms_issue]airplane_mode_on|bad_wifi_calling|break_apn_mms_setting|data_usage_exceeded|user_abroad_roaming_enabled_off[PERSONA:Easy],candidate,,-73.0,repair_subset,Easy,5,apn|wifi_calling|data_usage_exceeded|roaming_enabled_off,target_favoring,
[mms_issue]airplane_mode_on|bad_wifi_calling|break_app_sms_permission|data_usage_exceeded|user_abroad_roaming_enabled_off[PERSONA:Hard],candidate,,-16.0,repair_subset,Hard,5,permission|wifi_calling|data_usage_exceeded|roaming_enabled_off,neutral_other,
[mms_issue]airplane_mode_on|bad_wifi_calling|break_app_storage_permission|data_usage_exceeded|user_abroad_roaming_enabled_off[PERSONA:None],candidate,,-21.0,repair_subset,None,5,permission|wifi_calling|data_usage_exceeded|roaming_enabled_off,neutral_other,
[mms_issue]airplane_mode_on|bad_wifi_calling|break_app_both_permissions|data_usage_exceeded|user_abroad_roaming_enabled_off[PERSONA:Easy],candidate,,-5.0,repair_subset,Easy,5,permission|wifi_calling|data_usage_exceeded|roaming_enabled_off,neutral_other,
[mms_issue]airplane_mode_on|break_apn_mms_setting|break_app_sms_permission|data_usage_exceeded|user_abroad_roaming_enabled_off[PERSONA:Hard],candidate,,-64.0,repair_subset,Hard,5,apn|permission|data_usage_exceeded|roaming_enabled_off,target_favoring,
[mms_issue]airplane_mode_on|break_apn_mms_setting|break_app_storage_permission|data_usage_exceeded|user_abroad_roaming_enabled_off[PERSONA:None],candidate,,-69.0,repair_subset,None,5,apn|permission|data_usage_exceeded|roaming_enabled_off,target_favoring,
[mms_issue]airplane_mode_on|break_apn_mms_setting|break_app_both_permissions|data_usage_exceeded|user_abroad_roaming_enabled_off[PERSONA:Easy],candidate,,-53.0,repair_subset,Easy,5,apn|permission|data_usage_exceeded|roaming_enabled_off,target_favoring,
[mms_issue]airplane_mode_on|bad_network_preference|bad_wifi_calling|data_usage_exceeded|user_abroad_roaming_disabled_on[PERSONA:Hard],candidate,,-10.0,repair_subset,Hard,5,wifi_calling|network_preference|data_usage_exceeded|roaming_disabled_on,neutral_other,
[mms_issue]airplane_mode_on|bad_network_preference|break_apn_mms_setting|data_usage_exceeded|user_abroad_roaming_disabled_on[PERSONA:None],candidate,,-61.0,repair_subset,None,5,apn|network_preference|data_usage_exceeded|roaming_disabled_on,target_favoring,
[mms_issue]airplane_mode_on|bad_network_preference|break_app_sms_permission|data_usage_exceeded|user_abroad_roaming_disabled_on[PERSONA:Easy],candidate,,-7.0,repair_subset,Easy,5,permission|network_preference|data_usage_exceeded|roaming_disabled_on,neutral_other,
[mms_issue]airplane_mode_on|bad_network_preference|break_app_storage_permission|data_usage_exceeded|user_abroad_roaming_disabled_on[PERSONA:Hard],candidate,,-6.0,repair_subset,Hard,5,permission|network_preference|data_usage_exceeded|roaming_disabled_on,neutral_other,
[mms_issue]airplane_mode_on|bad_network_preference|break_app_both_permissions|data_usage_exceeded|user_abroad_roaming_disabled_on[PERSONA:None],candidate,,7.0,repair_subset,None,5,permission|network_preference|data_usage_exceeded|roaming_disabled_on,neutral_other,
[mms_issue]airplane_mode_on|bad_wifi_calling|break_apn_mms_setting|data_usage_exceeded|user_abroad_roaming_disabled_on[PERSONA:Easy],candidate,,-73.0,repair_subset,Easy,5,apn|wifi_calling|data_usage_exceeded|roaming_disabled_on,target_favoring,
[mms_issue]airplane_mode_on|bad_wifi_calling|break_app_sms_permission|data_usage_exceeded|user_abroad_roaming_disabled_on[PERSONA:Hard],candidate,,-16.0,repair_subset,Hard,5,permission|wifi_calling|data_usage_exceeded|roaming_disabled_on,neutral_other,
[mms_issue]airplane_mode_on|bad_wifi_calling|break_app_storage_permission|data_usage_exceeded|user_abroad_roaming_disabled_on[PERSONA:None],candidate,,-21.0,repair_subset,None,5,permission|wifi_calling|data_usage_exceeded|roaming_disabled_on,neutral_other,
[mms_issue]airplane_mode_on|bad_wifi_calling|break_app_both_permissions|data_usage_exceeded|user_abroad_roaming_disabled_on[PERSONA:Easy],candidate,,-5.0,repair_subset,Easy,5,permission|wifi_calling|data_usage_exceeded|roaming_disabled_on,neutral_other,
[mms_issue]airplane_mode_on|break_apn_mms_setting|break_app_sms_permission|data_usage_exceeded|user_abroad_roaming_disabled_on[PERSONA:Hard],candidate,,-64.0,repair_subset,Hard,5,apn|permission|data_usage_exceeded|roaming_disabled_on,target_favoring,
[mms_issue]airplane_mode_on|break_apn_mms_setting|break_app_storage_permission|data_usage_exceeded|user_abroad_roaming_disabled_on[PERSONA:None],candidate,,-69.0,repair_subset,None,5,apn|permission|data_usage_exceeded|roaming_disabled_on,target_favoring,
[mms_issue]airplane_mode_on|break_apn_mms_setting|break_app_both_permissions|data_usage_exceeded|user_abroad_roaming_disabled_on[PERSONA:Easy],candidate,,-53.0,repair_subset,Easy,5,apn|permission|data_usage_exceeded|roaming_disabled_on,target_favoring,
[mms_issue]airplane_mode_on|bad_network_preference|bad_wifi_calling|data_usage_exceeded|user_abroad_roaming_disabled_off[PERSONA:Hard],static_delete,static_exclude_transfer_oracle;static_exclude_hybrid_roaming_disabled_off,1000.0,transfer,Hard,5,wifi_calling|network_preference|data_usage_exceeded|hybrid_roaming_disabled_off,neutral_other,
[mms_issue]airplane_mode_on|bad_network_preference|break_apn_mms_setting|data_usage_exceeded|user_abroad_roaming_disabled_off[PERSONA:None],static_delete,static_exclude_transfer_oracle;static_exclude_hybrid_roaming_disabled_off,1000.0,transfer,None,5,apn|network_preference|data_usage_exceeded|hybrid_roaming_disabled_off,neutral_other,
[mms_issue]airplane_mode_on|bad_network_preference|break_app_sms_permission|data_usage_exceeded|user_abroad_roaming_disabled_off[PERSONA:Easy],static_delete,static_exclude_transfer_oracle;static_exclude_hybrid_roaming_disabled_off,1000.0,transfer,Easy,5,permission|network_preference|data_usage_exceeded|hybrid_roaming_disabled_off,neutral_other,
[mms_issue]airplane_mode_on|bad_network_preference|break_app_storage_permission|data_usage_exceeded|user_abroad_roaming_disabled_off[PERSONA:Hard],static_delete,static_exclude_transfer_oracle;static_exclude_hybrid_roaming_disabled_off,1000.0,transfer,Hard,5,permission|network_preference|data_usage_exceeded|hybrid_roaming_disabled_off,neutral_other,
[mms_issue]airplane_mode_on|bad_network_preference|break_app_both_permissions|data_usage_exceeded|user_abroad_roaming_disabled_off[PERSONA:None],static_delete,static_exclude_transfer_oracle;static_exclude_hybrid_roaming_disabled_off,1000.0,transfer,None,5,permission|network_preference|data_usage_exceeded|hybrid_roaming_disabled_off,neutral_other,
[mms_issue]airplane_mode_on|bad_wifi_calling|break_apn_mms_setting|data_usage_exceeded|user_abroad_roaming_disabled_off[PERSONA:Easy],static_delete,static_exclude_transfer_oracle;static_exclude_hybrid_roaming_disabled_off,1000.0,transfer,Easy,5,apn|wifi_calling|data_usage_exceeded|hybrid_roaming_disabled_off,neutral_other,
[mms_issue]airplane_mode_on|bad_wifi_calling|break_app_sms_permission|data_usage_exceeded|user_abroad_roaming_disabled_off[PERSONA:Hard],static_delete,static_exclude_transfer_oracle;static_exclude_hybrid_roaming_disabled_off,1000.0,transfer,Hard,5,permission|wifi_calling|data_usage_exceeded|hybrid_roaming_disabled_off,neutral_other,
[mms_issue]airplane_mode_on|bad_wifi_calling|break_app_storage_permission|data_usage_exceeded|user_abroad_roaming_disabled_off[PERSONA:None],static_delete,static_exclude_transfer_oracle;static_exclude_hybrid_roaming_disabled_off,1000.0,transfer,None,5,permission|wifi_calling|data_usage_exceeded|hybrid_roaming_disabled_off,neutral_other,
[mms_issue]airplane_mode_on|bad_wifi_calling|break_app_both_permissions|data_usage_exceeded|user_abroad_roaming_disabled_off[PERSONA:Easy],static_delete,static_exclude_transfer_oracle;static_exclude_hybrid_roaming_disabled_off,1000.0,transfer,Easy,5,permission|wifi_calling|data_usage_exceeded|hybrid_roaming_disabled_off,neutral_other,
[mms_issue]airplane_mode_on|break_apn_mms_setting|break_app_sms_permission|data_usage_exceeded|user_abroad_roaming_disabled_off[PERSONA:Hard],static_delete,static_exclude_transfer_oracle;static_exclude_hybrid_roaming_disabled_off,1000.0,transfer,Hard,5,apn|permission|data_usage_exceeded|hybrid_roaming_disabled_off,neutral_other,
[mms_issue]airplane_mode_on|break_apn_mms_setting|break_app_storage_permission|data_usage_exceeded|user_abroad_roaming_disabled_off[PERSONA:None],static_delete,static_exclude_transfer_oracle;static_exclude_hybrid_roaming_disabled_off,1000.0,transfer,None,5,apn|permission|data_usage_exceeded|hybrid_roaming_disabled_off,neutral_other,
[mms_issue]airplane_mode_on|break_apn_mms_setting|break_app_both_permissions|data_usage_exceeded|user_abroad_roaming_disabled_off[PERSONA:Easy],static_delete,static_exclude_transfer_oracle;static_exclude_hybrid_roaming_disabled_off,1000.0,transfer,Easy,5,apn|permission|data_usage_exceeded|hybrid_roaming_disabled_off,neutral_other,
[mms_issue]airplane_mode_on|bad_network_preference|bad_wifi_calling|break_apn_mms_setting|data_usage_exceeded[PERSONA:Hard],candidate,,-10.0,repair_subset,Hard,5,apn|wifi_calling|network_preference|data_usage_exceeded,neutral_other,
[mms_issue]airplane_mode_on|bad_network_preference|bad_wifi_calling|break_app_sms_permission|data_usage_exceeded[PERSONA:None],candidate,,231.0,repair_subset,None,5,permission|wifi_calling|network_preference|data_usage_exceeded,neutral_other,delete
[mms_issue]airplane_mode_on|bad_network_preference|bad_wifi_calling|break_app_storage_permission|data_usage_exceeded[PERSONA:Easy],candidate,,229.0,repair_subset,Easy,5,permission|wifi_calling|network_preference|data_usage_exceeded,neutral_other,delete
[mms_issue]airplane_mode_on|bad_network_preference|bad_wifi_calling|break_app_both_permissions|data_usage_exceeded[PERSONA:Hard],candidate,,248.0,repair_subset,Hard,5,permission|wifi_calling|network_preference|data_usage_exceeded,neutral_other,delete
[mms_issue]airplane_mode_on|bad_network_preference|break_apn_mms_setting|break_app_sms_permission|data_usage_exceeded[PERSONA:None],candidate,,-7.0,repair_subset,None,5,apn|permission|network_preference|data_usage_exceeded,neutral_other,
[mms_issue]airplane_mode_on|bad_network_preference|break_apn_mms_setting|break_app_storage_permission|data_usage_exceeded[PERSONA:Easy],candidate,,-9.0,repair_subset,Easy,5,apn|permission|network_preference|data_usage_exceeded,neutral_other,
[mms_issue]airplane_mode_on|bad_network_preference|break_apn_mms_setting|break_app_both_permissions|data_usage_exceeded[PERSONA:Hard],candidate,,260.0,repair_subset,Hard,5,apn|permission|network_preference|data_usage_exceeded,neutral_other,delete
[mms_issue]airplane_mode_on|bad_wifi_calling|break_apn_mms_setting|break_app_sms_permission|data_usage_exceeded[PERSONA:None],candidate,,-19.0,repair_subset,None,5,apn|permission|wifi_calling|data_usage_exceeded,neutral_other,
[mms_issue]airplane_mode_on|bad_wifi_calling|break_apn_mms_setting|break_app_storage_permission|data_usage_exceeded[PERSONA:Easy],candidate,,-21.0,repair_subset,Easy,5,apn|permission|wifi_calling|data_usage_exceeded,neutral_other,
[mms_issue]airplane_mode_on|bad_wifi_calling|break_apn_mms_setting|break_app_both_permissions|data_usage_exceeded[PERSONA:Hard],candidate,,-2.0,repair_subset,Hard,5,apn|permission|wifi_calling|data_usage_exceeded,neutral_other,
[mms_issue]airplane_mode_on|bad_network_preference|bad_wifi_calling|break_apn_mms_setting|user_abroad_roaming_enabled_off[PERSONA:Easy],candidate,,-102.0,repair_all,Easy,5,apn|wifi_calling|network_preference|roaming_enabled_off,target_favoring,
[mms_issue]airplane_mode_on|bad_network_preference|bad_wifi_calling|break_app_sms_permission|user_abroad_roaming_enabled_off[PERSONA:Hard],candidate,,-45.0,repair_all,Hard,5,permission|wifi_calling|network_preference|roaming_enabled_off,neutral_other,
[mms_issue]airplane_mode_on|bad_network_preference|bad_wifi_calling|break_app_storage_permission|user_abroad_roaming_enabled_off[PERSONA:None],candidate,,-50.0,repair_all,None,5,permission|wifi_calling|network_preference|roaming_enabled_off,neutral_other,
[mms_issue]airplane_mode_on|bad_network_preference|bad_wifi_calling|break_app_both_permissions|user_abroad_roaming_enabled_off[PERSONA:Easy],candidate,,-34.0,repair_all,Easy,5,permission|wifi_calling|network_preference|roaming_enabled_off,neutral_other,
[mms_issue]airplane_mode_on|bad_network_preference|break_apn_mms_setting|break_app_sms_permission|user_abroad_roaming_enabled_off[PERSONA:Hard],candidate,,-93.0,repair_all,Hard,5,apn|permission|network_preference|roaming_enabled_off,target_favoring,
[mms_issue]airplane_mode_on|bad_network_preference|break_apn_mms_setting|break_app_storage_permission|user_abroad_roaming_enabled_off[PERSONA:None],candidate,,-98.0,repair_all,None,5,apn|permission|network_preference|roaming_enabled_off,target_favoring,
[mms_issue]airplane_mode_on|bad_network_preference|break_apn_mms_setting|break_app_both_permissions|user_abroad_roaming_enabled_off[PERSONA:Easy],candidate,,-82.0,repair_all,Easy,5,apn|permission|network_preference|roaming_enabled_off,target_favoring,
[mms_issue]airplane_mode_on|bad_wifi_calling|break_apn_mms_setting|break_app_sms_permission|user_abroad_roaming_enabled_off[PERSONA:Hard],candidate,,-105.0,repair_all,Hard,5,apn|permission|wifi_calling|roaming_enabled_off,target_favoring,
[mms_issue]airplane_mode_on|bad_wifi_calling|break_apn_mms_setting|break_app_storage_permission|user_abroad_roaming_enabled_off[PERSONA:None],candidate,,-110.0,repair_all,None,5,apn|permission|wifi_calling|roaming_enabled_off,target_favoring,
[mms_issue]airplane_mode_on|bad_wifi_calling|break_apn_mms_setting|break_app_both_permissions|user_abroad_roaming_enabled_off[PERSONA:Easy],candidate,,-94.0,repair_all,Easy,5,apn|permission|wifi_calling|roaming_enabled_off,target_favoring,
[mms_issue]airplane_mode_on|bad_network_preference|bad_wifi_calling|break_apn_mms_setting|user_abroad_roaming_disabled_on[PERSONA:Hard],candidate,,-74.0,repair_subset,Hard,5,apn|wifi_calling|network_preference|roaming_disabled_on,target_favoring,
[mms_issue]airplane_mode_on|bad_network_preference|bad_wifi_calling|break_app_sms_permission|user_abroad_roaming_disabled_on[PERSONA:None],candidate,,227.0,repair_subset,None,5,permission|wifi_calling|network_preference|roaming_disabled_on,neutral_other,delete
[mms_issue]airplane_mode_on|bad_network_preference|bad_wifi_calling|break_app_storage_permission|user_abroad_roaming_disabled_on[PERSONA:Easy],candidate,,225.0,repair_subset,Easy,5,permission|wifi_calling|network_preference|roaming_disabled_on,neutral_other,delete
[mms_issue]airplane_mode_on|bad_network_preference|bad_wifi_calling|break_app_both_permissions|user_abroad_roaming_disabled_on[PERSONA:Hard],candidate,,244.0,repair_subset,Hard,5,permission|wifi_calling|network_preference|roaming_disabled_on,neutral_other,delete
[mms_issue]airplane_mode_on|bad_network_preference|break_apn_mms_setting|break_app_sms_permission|user_abroad_roaming_disabled_on[PERSONA:None],candidate,,-71.0,repair_subset,None,5,apn|permission|network_preference|roaming_disabled_on,target_favoring,
[mms_issue]airplane_mode_on|bad_network_preference|break_apn_mms_setting|break_app_storage_permission|user_abroad_roaming_disabled_on[PERSONA:Easy],candidate,,-73.0,repair_subset,Easy,5,apn|permission|network_preference|roaming_disabled_on,target_favoring,
[mms_issue]airplane_mode_on|bad_network_preference|break_apn_mms_setting|break_app_both_permissions|user_abroad_roaming_disabled_on[PERSONA:Hard],candidate,,-54.0,repair_subset,Hard,5,apn|permission|network_preference|roaming_disabled_on,target_favoring,
[mms_issue]airplane_mode_on|bad_wifi_calling|break_apn_mms_setting|break_app_sms_permission|user_abroad_roaming_disabled_on[PERSONA:None],candidate,,-83.0,repair_subset,None,5,apn|permission|wifi_calling|roaming_disabled_on,target_favoring,
[mms_issue]airplane_mode_on|bad_wifi_calling|break_apn_mms_setting|break_app_storage_permission|user_abroad_roaming_disabled_on[PERSONA:Easy],candidate,,-85.0,repair_subset,Easy,5,apn|permission|wifi_calling|roaming_disabled_on,target_favoring,
[mms_issue]airplane_mode_on|bad_wifi_calling|break_apn_mms_setting|break_app_both_permissions|user_abroad_roaming_disabled_on[PERSONA:Hard],candidate,,-66.0,repair_subset,Hard,5,apn|permission|wifi_calling|roaming_disabled_on,target_favoring,
[mms_issue]airplane_mode_on|bad_network_preference|bad_wifi_calling|break_apn_mms_setting|user_abroad_roaming_disabled_off[PERSONA:None],static_delete,static_exclude_transfer_oracle;static_exclude_hybrid_roaming_disabled_off,1000.0,transfer,None,5,apn|wifi_calling|network_preference|hybrid_roaming_disabled_off,neutral_other,
[mms_issue]airplane_mode_on|bad_network_preference|bad_wifi_calling|break_app_sms_permission|user_abroad_roaming_disabled_off[PERSONA:Easy],static_delete,static_exclude_transfer_oracle;static_exclude_hybrid_roaming_disabled_off,1000.0,transfer,Easy,5,permission|wifi_calling|network_preference|hybrid_roaming_disabled_off,neutral_other,
[mms_issue]airplane_mode_on|bad_network_preference|bad_wifi_calling|break_app_storage_permission|user_abroad_roaming_disabled_off[PERSONA:Hard],static_delete,static_exclude_transfer_oracle;static_exclude_hybrid_roaming_disabled_off,1000.0,transfer,Hard,5,permission|wifi_calling|network_preference|hybrid_roaming_disabled_off,neutral_other,
[mms_issue]airplane_mode_on|bad_network_preference|bad_wifi_calling|break_app_both_permissions|user_abroad_roaming_disabled_off[PERSONA:None],static_delete,static_exclude_transfer_oracle;static_exclude_hybrid_roaming_disabled_off,1000.0,transfer,None,5,permission|wifi_calling|network_preference|hybrid_roaming_disabled_off,neutral_other,
[mms_issue]airplane_mode_on|bad_network_preference|break_apn_mms_setting|break_app_sms_permission|user_abroad_roaming_disabled_off[PERSONA:Easy],static_delete,static_exclude_transfer_oracle;static_exclude_hybrid_roaming_disabled_off,1000.0,transfer,Easy,5,apn|permission|network_preference|hybrid_roaming_disabled_off,neutral_other,
[mms_issue]airplane_mode_on|bad_network_preference|break_apn_mms_setting|break_app_storage_permission|user_abroad_roaming_disabled_off[PERSONA:Hard],static_delete,static_exclude_transfer_oracle;static_exclude_hybrid_roaming_disabled_off,1000.0,transfer,Hard,5,apn|permission|network_preference|hybrid_roaming_disabled_off,neutral_other,
[mms_issue]airplane_mode_on|bad_network_preference|break_apn_mms_setting|break_app_both_permissions|user_abroad_roaming_disabled_off[PERSONA:None],static_delete,static_exclude_transfer_oracle;static_exclude_hybrid_roaming_disabled_off,1000.0,transfer,None,5,apn|permission|network_preference|hybrid_roaming_disabled_off,neutral_other,
[mms_issue]airplane_mode_on|bad_wifi_calling|break_apn_mms_setting|break_app_sms_permission|user_abroad_roaming_disabled_off[PERSONA:Easy],static_delete,static_exclude_transfer_oracle;static_exclude_hybrid_roaming_disabled_off,1000.0,transfer,Easy,5,apn|permission|wifi_calling|hybrid_roaming_disabled_off,neutral_other,
[mms_issue]airplane_mode_on|bad_wifi_calling|break_apn_mms_setting|break_app_storage_permission|user_abroad_roaming_disabled_off[PERSONA:Hard],static_delete,static_exclude_transfer_oracle;static_exclude_hybrid_roaming_disabled_off,1000.0,transfer,Hard,5,apn|permission|wifi_calling|hybrid_roaming_disabled_off,neutral_other,
[mms_issue]airplane_mode_on|bad_wifi_calling|break_apn_mms_setting|break_app_both_permissions|user_abroad_roaming_disabled_off[PERSONA:None],static_delete,static_exclude_transfer_oracle;static_exclude_hybrid_roaming_disabled_off,1000.0,transfer,None,5,apn|permission|wifi_calling|hybrid_roaming_disabled_off,neutral_other,
[mms_issue]airplane_mode_on|bad_network_preference|bad_wifi_calling|break_apn_mms_setting|break_app_sms_permission[PERSONA:Easy],candidate,,-48.0,repair_all,Easy,5,apn|permission|wifi_calling|network_preference,neutral_other,
[mms_issue]airplane_mode_on|bad_network_preference|bad_wifi_calling|break_apn_mms_setting|break_app_storage_permission[PERSONA:Hard],candidate,,-47.0,repair_all,Hard,5,apn|permission|wifi_calling|network_preference,neutral_other,
[mms_issue]airplane_mode_on|bad_network_preference|bad_wifi_calling|break_apn_mms_setting|break_app_both_permissions[PERSONA:None],candidate,,-34.0,repair_all,None,5,apn|permission|wifi_calling|network_preference,neutral_other,
[mms_issue]bad_network_preference|data_mode_off|data_usage_exceeded|unseat_sim_card|user_abroad_roaming_enabled_off[PERSONA:Easy],candidate,,-1.0,repair_subset,Easy,5,network_preference|sim|data_mode|data_usage_exceeded|roaming_enabled_off,neutral_other,
[mms_issue]bad_wifi_calling|data_mode_off|data_usage_exceeded|unseat_sim_card|user_abroad_roaming_enabled_off[PERSONA:Hard],candidate,,-10.0,repair_subset,Hard,5,wifi_calling|sim|data_mode|data_usage_exceeded|roaming_enabled_off,neutral_other,
[mms_issue]break_apn_mms_setting|data_mode_off|data_usage_exceeded|unseat_sim_card|user_abroad_roaming_enabled_off[PERSONA:None],candidate,,-61.0,repair_subset,None,5,apn|sim|data_mode|data_usage_exceeded|roaming_enabled_off,target_favoring,
[mms_issue]break_app_sms_permission|data_mode_off|data_usage_exceeded|unseat_sim_card|user_abroad_roaming_enabled_off[PERSONA:Easy],candidate,,-7.0,repair_subset,Easy,5,permission|sim|data_mode|data_usage_exceeded|roaming_enabled_off,neutral_other,
[mms_issue]break_app_storage_permission|data_mode_off|data_usage_exceeded|unseat_sim_card|user_abroad_roaming_enabled_off[PERSONA:Hard],candidate,,-6.0,repair_subset,Hard,5,permission|sim|data_mode|data_usage_exceeded|roaming_enabled_off,neutral_other,
[mms_issue]break_app_both_permissions|data_mode_off|data_usage_exceeded|unseat_sim_card|user_abroad_roaming_enabled_off[PERSONA:None],candidate,,7.0,repair_subset,None,5,permission|sim|data_mode|data_usage_exceeded|roaming_enabled_off,neutral_other,
[mms_issue]bad_network_preference|data_mode_off|data_usage_exceeded|unseat_sim_card|user_abroad_roaming_disabled_on[PERSONA:Easy],candidate,,-1.0,repair_subset,Easy,5,network_preference|sim|data_mode|data_usage_exceeded|roaming_disabled_on,neutral_other,
[mms_issue]bad_wifi_calling|data_mode_off|data_usage_exceeded|unseat_sim_card|user_abroad_roaming_disabled_on[PERSONA:Hard],candidate,,-10.0,repair_subset,Hard,5,wifi_calling|sim|data_mode|data_usage_exceeded|roaming_disabled_on,neutral_other,
[mms_issue]break_apn_mms_setting|data_mode_off|data_usage_exceeded|unseat_sim_card|user_abroad_roaming_disabled_on[PERSONA:None],candidate,,-61.0,repair_subset,None,5,apn|sim|data_mode|data_usage_exceeded|roaming_disabled_on,target_favoring,
[mms_issue]break_app_sms_permission|data_mode_off|data_usage_exceeded|unseat_sim_card|user_abroad_roaming_disabled_on[PERSONA:Easy],candidate,,-7.0,repair_subset,Easy,5,permission|sim|data_mode|data_usage_exceeded|roaming_disabled_on,neutral_other,
[mms_issue]break_app_storage_permission|data_mode_off|data_usage_exceeded|unseat_sim_card|user_abroad_roaming_disabled_on[PERSONA:Hard],candidate,,-6.0,repair_subset,Hard,5,permission|sim|data_mode|data_usage_exceeded|roaming_disabled_on,neutral_other,
[mms_issue]break_app_both_permissions|data_mode_off|data_usage_exceeded|unseat_sim_card|user_abroad_roaming_disabled_on[PERSONA:None],candidate,,7.0,repair_subset,None,5,permission|sim|data_mode|data_usage_exceeded|roaming_disabled_on,neutral_other,
[mms_issue]bad_network_preference|data_mode_off|data_usage_exceeded|unseat_sim_card|user_abroad_roaming_disabled_off[PERSONA:Easy],static_delete,static_exclude_transfer_oracle;static_exclude_hybrid_roaming_disabled_off,1000.0,transfer,Easy,5,network_preference|sim|data_mode|data_usage_exceeded|hybrid_roaming_disabled_off,neutral_other,
[mms_issue]bad_wifi_calling|data_mode_off|data_usage_exceeded|unseat_sim_card|user_abroad_roaming_disabled_off[PERSONA:Hard],static_delete,static_exclude_transfer_oracle;static_exclude_hybrid_roaming_disabled_off,1000.0,transfer,Hard,5,wifi_calling|sim|data_mode|data_usage_exceeded|hybrid_roaming_disabled_off,neutral_other,
[mms_issue]break_apn_mms_setting|data_mode_off|data_usage_exceeded|unseat_sim_card|user_abroad_roaming_disabled_off[PERSONA:None],static_delete,static_exclude_transfer_oracle;static_exclude_hybrid_roaming_disabled_off,1000.0,transfer,None,5,apn|sim|data_mode|data_usage_exceeded|hybrid_roaming_disabled_off,neutral_other,
[mms_issue]break_app_sms_permission|data_mode_off|data_usage_exceeded|unseat_sim_card|user_abroad_roaming_disabled_off[PERSONA:Easy],static_delete,static_exclude_transfer_oracle;static_exclude_hybrid_roaming_disabled_off,1000.0,transfer,Easy,5,permission|sim|data_mode|data_usage_exceeded|hybrid_roaming_disabled_off,neutral_other,
[mms_issue]break_app_storage_permission|data_mode_off|data_usage_exceeded|unseat_sim_card|user_abroad_roaming_disabled_off[PERSONA:Hard],static_delete,static_exclude_transfer_oracle;static_exclude_hybrid_roaming_disabled_off,1000.0,transfer,Hard,5,permission|sim|data_mode|data_usage_exceeded|hybrid_roaming_disabled_off,neutral_other,
[mms_issue]break_app_both_permissions|data_mode_off|data_usage_exceeded|unseat_sim_card|user_abroad_roaming_disabled_off[PERSONA:None],static_delete,static_exclude_transfer_oracle;static_exclude_hybrid_roaming_disabled_off,1000.0,transfer,None,5,permission|sim|data_mode|data_usage_exceeded|hybrid_roaming_disabled_off,neutral_other,
[mms_issue]bad_network_preference|bad_wifi_calling|data_mode_off|data_usage_exceeded|unseat_sim_card[PERSONA:Easy],candidate,,-13.0,repair_subset,Easy,5,wifi_calling|network_preference|sim|data_mode|data_usage_exceeded,neutral_other,
[mms_issue]bad_network_preference|break_apn_mms_setting|data_mode_off|data_usage_exceeded|unseat_sim_card[PERSONA:Hard],candidate,,-58.0,repair_subset,Hard,5,apn|network_preference|sim|data_mode|data_usage_exceeded,target_favoring,
[mms_issue]bad_network_preference|break_app_sms_permission|data_mode_off|data_usage_exceeded|unseat_sim_card[PERSONA:None],candidate,,-7.0,repair_subset,None,5,permission|network_preference|sim|data_mode|data_usage_exceeded,neutral_other,
[mms_issue]bad_network_preference|break_app_storage_permission|data_mode_off|data_usage_exceeded|unseat_sim_card[PERSONA:Easy],candidate,,-9.0,repair_subset,Easy,5,permission|network_preference|sim|data_mode|data_usage_exceeded,neutral_other,
[mms_issue]bad_network_preference|break_app_both_permissions|data_mode_off|data_usage_exceeded|unseat_sim_card[PERSONA:Hard],candidate,,10.0,repair_subset,Hard,5,permission|network_preference|sim|data_mode|data_usage_exceeded,neutral_other,
[mms_issue]bad_wifi_calling|break_apn_mms_setting|data_mode_off|data_usage_exceeded|unseat_sim_card[PERSONA:None],candidate,,-73.0,repair_subset,None,5,apn|wifi_calling|sim|data_mode|data_usage_exceeded,target_favoring,
[mms_issue]bad_wifi_calling|break_app_sms_permission|data_mode_off|data_usage_exceeded|unseat_sim_card[PERSONA:Easy],candidate,,-19.0,repair_subset,Easy,5,permission|wifi_calling|sim|data_mode|data_usage_exceeded,neutral_other,
[mms_issue]bad_wifi_calling|break_app_storage_permission|data_mode_off|data_usage_exceeded|unseat_sim_card[PERSONA:Hard],candidate,,-18.0,repair_subset,Hard,5,permission|wifi_calling|sim|data_mode|data_usage_exceeded,neutral_other,
[mms_issue]bad_wifi_calling|break_app_both_permissions|data_mode_off|data_usage_exceeded|unseat_sim_card[PERSONA:None],candidate,,-5.0,repair_subset,None,5,permission|wifi_calling|sim|data_mode|data_usage_exceeded,neutral_other,
[mms_issue]break_apn_mms_setting|break_app_sms_permission|data_mode_off|data_usage_exceeded|unseat_sim_card[PERSONA:Easy],candidate,,-67.0,repair_subset,Easy,5,apn|permission|sim|data_mode|data_usage_exceeded,target_favoring,
[mms_issue]break_apn_mms_setting|break_app_storage_permission|data_mode_off|data_usage_exceeded|unseat_sim_card[PERSONA:Hard],candidate,,-66.0,repair_subset,Hard,5,apn|permission|sim|data_mode|data_usage_exceeded,target_favoring,
[mms_issue]break_apn_mms_setting|break_app_both_permissions|data_mode_off|data_usage_exceeded|unseat_sim_card[PERSONA:None],candidate,,-53.0,repair_subset,None,5,apn|permission|sim|data_mode|data_usage_exceeded,target_favoring,
[mms_issue]bad_network_preference|bad_wifi_calling|data_mode_off|unseat_sim_card|user_abroad_roaming_enabled_off[PERSONA:Easy],candidate,,-42.0,repair_all,Easy,5,wifi_calling|network_preference|sim|data_mode|roaming_enabled_off,neutral_other,
[mms_issue]bad_network_preference|break_apn_mms_setting|data_mode_off|unseat_sim_card|user_abroad_roaming_enabled_off[PERSONA:Hard],candidate,,-87.0,repair_all,Hard,5,apn|network_preference|sim|data_mode|roaming_enabled_off,target_favoring,
[mms_issue]bad_network_preference|break_app_sms_permission|data_mode_off|unseat_sim_card|user_abroad_roaming_enabled_off[PERSONA:None],candidate,,-36.0,repair_all,None,5,permission|network_preference|sim|data_mode|roaming_enabled_off,neutral_other,
[mms_issue]bad_network_preference|break_app_storage_permission|data_mode_off|unseat_sim_card|user_abroad_roaming_enabled_off[PERSONA:Easy],candidate,,-38.0,repair_all,Easy,5,permission|network_preference|sim|data_mode|roaming_enabled_off,neutral_other,
[mms_issue]bad_network_preference|break_app_both_permissions|data_mode_off|unseat_sim_card|user_abroad_roaming_enabled_off[PERSONA:Hard],candidate,,-19.0,repair_all,Hard,5,permission|network_preference|sim|data_mode|roaming_enabled_off,neutral_other,
[mms_issue]bad_wifi_calling|break_apn_mms_setting|data_mode_off|unseat_sim_card|user_abroad_roaming_enabled_off[PERSONA:None],candidate,,-102.0,repair_all,None,5,apn|wifi_calling|sim|data_mode|roaming_enabled_off,target_favoring,
[mms_issue]bad_wifi_calling|break_app_sms_permission|data_mode_off|unseat_sim_card|user_abroad_roaming_enabled_off[PERSONA:Easy],candidate,,-48.0,repair_all,Easy,5,permission|wifi_calling|sim|data_mode|roaming_enabled_off,neutral_other,
[mms_issue]bad_wifi_calling|break_app_storage_permission|data_mode_off|unseat_sim_card|user_abroad_roaming_enabled_off[PERSONA:Hard],candidate,,-47.0,repair_all,Hard,5,permission|wifi_calling|sim|data_mode|roaming_enabled_off,neutral_other,
[mms_issue]bad_wifi_calling|break_app_both_permissions|data_mode_off|unseat_sim_card|user_abroad_roaming_enabled_off[PERSONA:None],candidate,,-34.0,repair_all,None,5,permission|wifi_calling|sim|data_mode|roaming_enabled_off,neutral_other,
[mms_issue]break_apn_mms_setting|break_app_sms_permission|data_mode_off|unseat_sim_card|user_abroad_roaming_enabled_off[PERSONA:Easy],candidate,,-96.0,repair_all,Easy,5,apn|permission|sim|data_mode|roaming_enabled_off,target_favoring,
[mms_issue]break_apn_mms_setting|break_app_storage_permission|data_mode_off|unseat_sim_card|user_abroad_roaming_enabled_off[PERSONA:Hard],candidate,,-95.0,repair_all,Hard,5,apn|permission|sim|data_mode|roaming_enabled_off,target_favoring,
[mms_issue]break_apn_mms_setting|break_app_both_permissions|data_mode_off|unseat_sim_card|user_abroad_roaming_enabled_off[PERSONA:None],candidate,,-82.0,repair_all,None,5,apn|permission|sim|data_mode|roaming_enabled_off,target_favoring,
[mms_issue]bad_network_preference|bad_wifi_calling|data_mode_off|unseat_sim_card|user_abroad_roaming_disabled_on[PERSONA:Easy],candidate,,-17.0,repair_subset,Easy,5,wifi_calling|network_preference|sim|data_mode|roaming_disabled_on,neutral_other,
[mms_issue]bad_network_preference|break_apn_mms_setting|data_mode_off|unseat_sim_card|user_abroad_roaming_disabled_on[PERSONA:Hard],candidate,,-62.0,repair_subset,Hard,5,apn|network_preference|sim|data_mode|roaming_disabled_on,target_favoring,
[mms_issue]bad_network_preference|break_app_sms_permission|data_mode_off|unseat_sim_card|user_abroad_roaming_disabled_on[PERSONA:None],candidate,,-11.0,repair_subset,None,5,permission|network_preference|sim|data_mode|roaming_disabled_on,neutral_other,
[mms_issue]bad_network_preference|break_app_storage_permission|data_mode_off|unseat_sim_card|user_abroad_roaming_disabled_on[PERSONA:Easy],candidate,,-13.0,repair_subset,Easy,5,permission|network_preference|sim|data_mode|roaming_disabled_on,neutral_other,
[mms_issue]bad_network_preference|break_app_both_permissions|data_mode_off|unseat_sim_card|user_abroad_roaming_disabled_on[PERSONA:Hard],candidate,,6.0,repair_subset,Hard,5,permission|network_preference|sim|data_mode|roaming_disabled_on,neutral_other,
[mms_issue]bad_wifi_calling|break_apn_mms_setting|data_mode_off|unseat_sim_card|user_abroad_roaming_disabled_on[PERSONA:None],candidate,,-77.0,repair_subset,None,5,apn|wifi_calling|sim|data_mode|roaming_disabled_on,target_favoring,
[mms_issue]bad_wifi_calling|break_app_sms_permission|data_mode_off|unseat_sim_card|user_abroad_roaming_disabled_on[PERSONA:Easy],candidate,,-23.0,repair_subset,Easy,5,permission|wifi_calling|sim|data_mode|roaming_disabled_on,neutral_other,
[mms_issue]bad_wifi_calling|break_app_storage_permission|data_mode_off|unseat_sim_card|user_abroad_roaming_disabled_on[PERSONA:Hard],candidate,,-22.0,repair_subset,Hard,5,permission|wifi_calling|sim|data_mode|roaming_disabled_on,neutral_other,
[mms_issue]bad_wifi_calling|break_app_both_permissions|data_mode_off|unseat_sim_card|user_abroad_roaming_disabled_on[PERSONA:None],candidate,,-9.0,repair_subset,None,5,permission|wifi_calling|sim|data_mode|roaming_disabled_on,neutral_other,
[mms_issue]break_apn_mms_setting|break_app_sms_permission|data_mode_off|unseat_sim_card|user_abroad_roaming_disabled_on[PERSONA:Easy],candidate,,-71.0,repair_subset,Easy,5,apn|permission|sim|data_mode|roaming_disabled_on,target_favoring,
[mms_issue]break_apn_mms_setting|break_app_storage_permission|data_mode_off|unseat_sim_card|user_abroad_roaming_disabled_on[PERSONA:Hard],candidate,,-70.0,repair_subset,Hard,5,apn|permission|sim|data_mode|roaming_disabled_on,target_favoring,
[mms_issue]break_apn_mms_setting|break_app_both_permissions|data_mode_off|unseat_sim_card|user_abroad_roaming_disabled_on[PERSONA:None],candidate,,-57.0,repair_subset,None,5,apn|permission|sim|data_mode|roaming_disabled_on,target_favoring,
[mms_issue]bad_network_preference|bad_wifi_calling|data_mode_off|unseat_sim_card|user_abroad_roaming_disabled_off[PERSONA:Easy],static_delete,static_exclude_transfer_oracle;static_exclude_hybrid_roaming_disabled_off,1000.0,transfer,Easy,5,wifi_calling|network_preference|sim|data_mode|hybrid_roaming_disabled_off,neutral_other,
[mms_issue]bad_network_preference|break_apn_mms_setting|data_mode_off|unseat_sim_card|user_abroad_roaming_disabled_off[PERSONA:Hard],static_delete,static_exclude_transfer_oracle;static_exclude_hybrid_roaming_disabled_off,1000.0,transfer,Hard,5,apn|network_preference|sim|data_mode|hybrid_roaming_disabled_off,neutral_other,
[mms_issue]bad_network_preference|break_app_sms_permission|data_mode_off|unseat_sim_card|user_abroad_roaming_disabled_off[PERSONA:None],static_delete,static_exclude_transfer_oracle;static_exclude_hybrid_roaming_disabled_off,1000.0,transfer,None,5,permission|network_preference|sim|data_mode|hybrid_roaming_disabled_off,neutral_other,
[mms_issue]bad_network_preference|break_app_storage_permission|data_mode_off|unseat_sim_card|user_abroad_roaming_disabled_off[PERSONA:Easy],static_delete,static_exclude_transfer_oracle;static_exclude_hybrid_roaming_disabled_off,1000.0,transfer,Easy,5,permission|network_preference|sim|data_mode|hybrid_roaming_disabled_off,neutral_other,
[mms_issue]bad_network_preference|break_app_both_permissions|data_mode_off|unseat_sim_card|user_abroad_roaming_disabled_off[PERSONA:Hard],static_delete,static_exclude_transfer_oracle;static_exclude_hybrid_roaming_disabled_off,1000.0,transfer,Hard,5,permission|network_preference|sim|data_mode|hybrid_roaming_disabled_off,neutral_other,
[mms_issue]bad_wifi_calling|break_apn_mms_setting|data_mode_off|unseat_sim_card|user_abroad_roaming_disabled_off[PERSONA:None],static_delete,static_exclude_transfer_oracle;static_exclude_hybrid_roaming_disabled_off,1000.0,transfer,None,5,apn|wifi_calling|sim|data_mode|hybrid_roaming_disabled_off,neutral_other,
[mms_issue]bad_wifi_calling|break_app_sms_permission|data_mode_off|unseat_sim_card|user_abroad_roaming_disabled_off[PERSONA:Easy],static_delete,static_exclude_transfer_oracle;static_exclude_hybrid_roaming_disabled_off,1000.0,transfer,Easy,5,permission|wifi_calling|sim|data_mode|hybrid_roaming_disabled_off,neutral_other,
[mms_issue]bad_wifi_calling|break_app_storage_permission|data_mode_off|unseat_sim_card|user_abroad_roaming_disabled_off[PERSONA:Hard],static_delete,static_exclude_transfer_oracle;static_exclude_hybrid_roaming_disabled_off,1000.0,transfer,Hard,5,permission|wifi_calling|sim|data_mode|hybrid_roaming_disabled_off,neutral_other,
[mms_issue]bad_wifi_calling|break_app_both_permissions|data_mode_off|unseat_sim_card|user_abroad_roaming_disabled_off[PERSONA:None],static_delete,static_exclude_transfer_oracle;static_exclude_hybrid_roaming_disabled_off,1000.0,transfer,None,5,permission|wifi_calling|sim|data_mode|hybrid_roaming_disabled_off,neutral_other,
[mms_issue]break_apn_mms_setting|break_app_sms_permission|data_mode_off|unseat_sim_card|user_abroad_roaming_disabled_off[PERSONA:Easy],static_delete,static_exclude_transfer_oracle;static_exclude_hybrid_roaming_disabled_off,1000.0,transfer,Easy,5,apn|permission|sim|data_mode|hybrid_roaming_disabled_off,neutral_other,
[mms_issue]break_apn_mms_setting|break_app_storage_permission|data_mode_off|unseat_sim_card|user_abroad_roaming_disabled_off[PERSONA:Hard],static_delete,static_exclude_transfer_oracle;static_exclude_hybrid_roaming_disabled_off,1000.0,transfer,Hard,5,apn|permission|sim|data_mode|hybrid_roaming_disabled_off,neutral_other,
[mms_issue]break_apn_mms_setting|break_app_both_permissions|data_mode_off|unseat_sim_card|user_abroad_roaming_disabled_off[PERSONA:None],static_delete,static_exclude_transfer_oracle;static_exclude_hybrid_roaming_disabled_off,1000.0,transfer,None,5,apn|permission|sim|data_mode|hybrid_roaming_disabled_off,neutral_other,
[mms_issue]bad_network_preference|bad_wifi_calling|break_apn_mms_setting|data_mode_off|unseat_sim_card[PERSONA:Easy],candidate,,-102.0,repair_all,Easy,5,apn|wifi_calling|network_preference|sim|data_mode,target_favoring,
[mms_issue]bad_network_preference|bad_wifi_calling|break_app_sms_permission|data_mode_off|unseat_sim_card[PERSONA:Hard],candidate,,-45.0,repair_all,Hard,5,permission|wifi_calling|network_preference|sim|data_mode,neutral_other,
[mms_issue]bad_network_preference|bad_wifi_calling|break_app_storage_permission|data_mode_off|unseat_sim_card[PERSONA:None],candidate,,-50.0,repair_all,None,5,permission|wifi_calling|network_preference|sim|data_mode,neutral_other,
[mms_issue]bad_network_preference|bad_wifi_calling|break_app_both_permissions|data_mode_off|unseat_sim_card[PERSONA:Easy],candidate,,-34.0,repair_all,Easy,5,permission|wifi_calling|network_preference|sim|data_mode,neutral_other,
[mms_issue]bad_network_preference|break_apn_mms_setting|break_app_sms_permission|data_mode_off|unseat_sim_card[PERSONA:Hard],candidate,,-93.0,repair_all,Hard,5,apn|permission|network_preference|sim|data_mode,target_favoring,
[mms_issue]bad_network_preference|break_apn_mms_setting|break_app_storage_permission|data_mode_off|unseat_sim_card[PERSONA:None],candidate,,-98.0,repair_all,None,5,apn|permission|network_preference|sim|data_mode,target_favoring,
[mms_issue]bad_network_preference|break_apn_mms_setting|break_app_both_permissions|data_mode_off|unseat_sim_card[PERSONA:Easy],candidate,,-82.0,repair_all,Easy,5,apn|permission|network_preference|sim|data_mode,target_favoring,
[mms_issue]bad_wifi_calling|break_apn_mms_setting|break_app_sms_permission|data_mode_off|unseat_sim_card[PERSONA:Hard],candidate,,-105.0,repair_all,Hard,5,apn|permission|wifi_calling|sim|data_mode,target_favoring,
[mms_issue]bad_wifi_calling|break_apn_mms_setting|break_app_storage_permission|data_mode_off|unseat_sim_card[PERSONA:None],candidate,,-110.0,repair_all,None,5,apn|permission|wifi_calling|sim|data_mode,target_favoring,
[mms_issue]bad_wifi_calling|break_apn_mms_setting|break_app_both_permissions|data_mode_off|unseat_sim_card[PERSONA:Easy],candidate,,-94.0,repair_all,Easy,5,apn|permission|wifi_calling|sim|data_mode,target_favoring,
[mms_issue]bad_network_preference|bad_wifi_calling|data_usage_exceeded|unseat_sim_card|user_abroad_roaming_enabled_off[PERSONA:Hard],candidate,,-10.0,repair_subset,Hard,5,wifi_calling|network_preference|sim|data_usage_exceeded|roaming_enabled_off,neutral_other,
[mms_issue]bad_network_preference|break_apn_mms_setting|data_usage_exceeded|unseat_sim_card|user_abroad_roaming_enabled_off[PERSONA:None],candidate,,-61.0,repair_subset,None,5,apn|network_preference|sim|data_usage_exceeded|roaming_enabled_off,target_favoring,
[mms_issue]bad_network_preference|break_app_sms_permission|data_usage_exceeded|unseat_sim_card|user_abroad_roaming_enabled_off[PERSONA:Easy],candidate,,-7.0,repair_subset,Easy,5,permission|network_preference|sim|data_usage_exceeded|roaming_enabled_off,neutral_other,
[mms_issue]bad_network_preference|break_app_storage_permission|data_usage_exceeded|unseat_sim_card|user_abroad_roaming_enabled_off[PERSONA:Hard],candidate,,-6.0,repair_subset,Hard,5,permission|network_preference|sim|data_usage_exceeded|roaming_enabled_off,neutral_other,
[mms_issue]bad_network_preference|break_app_both_permissions|data_usage_exceeded|unseat_sim_card|user_abroad_roaming_enabled_off[PERSONA:None],candidate,,7.0,repair_subset,None,5,permission|network_preference|sim|data_usage_exceeded|roaming_enabled_off,neutral_other,
[mms_issue]bad_wifi_calling|break_apn_mms_setting|data_usage_exceeded|unseat_sim_card|user_abroad_roaming_enabled_off[PERSONA:Easy],candidate,,-73.0,repair_subset,Easy,5,apn|wifi_calling|sim|data_usage_exceeded|roaming_enabled_off,target_favoring,
[mms_issue]bad_wifi_calling|break_app_sms_permission|data_usage_exceeded|unseat_sim_card|user_abroad_roaming_enabled_off[PERSONA:Hard],candidate,,-16.0,repair_subset,Hard,5,permission|wifi_calling|sim|data_usage_exceeded|roaming_enabled_off,neutral_other,
[mms_issue]bad_wifi_calling|break_app_storage_permission|data_usage_exceeded|unseat_sim_card|user_abroad_roaming_enabled_off[PERSONA:None],candidate,,-21.0,repair_subset,None,5,permission|wifi_calling|sim|data_usage_exceeded|roaming_enabled_off,neutral_other,
[mms_issue]bad_wifi_calling|break_app_both_permissions|data_usage_exceeded|unseat_sim_card|user_abroad_roaming_enabled_off[PERSONA:Easy],candidate,,-5.0,repair_subset,Easy,5,permission|wifi_calling|sim|data_usage_exceeded|roaming_enabled_off,neutral_other,
[mms_issue]break_apn_mms_setting|break_app_sms_permission|data_usage_exceeded|unseat_sim_card|user_abroad_roaming_enabled_off[PERSONA:Hard],candidate,,-64.0,repair_subset,Hard,5,apn|permission|sim|data_usage_exceeded|roaming_enabled_off,target_favoring,
[mms_issue]break_apn_mms_setting|break_app_storage_permission|data_usage_exceeded|unseat_sim_card|user_abroad_roaming_enabled_off[PERSONA:None],candidate,,-69.0,repair_subset,None,5,apn|permission|sim|data_usage_exceeded|roaming_enabled_off,target_favoring,
[mms_issue]break_apn_mms_setting|break_app_both_permissions|data_usage_exceeded|unseat_sim_card|user_abroad_roaming_enabled_off[PERSONA:Easy],candidate,,-53.0,repair_subset,Easy,5,apn|permission|sim|data_usage_exceeded|roaming_enabled_off,target_favoring,
[mms_issue]bad_network_preference|bad_wifi_calling|data_usage_exceeded|unseat_sim_card|user_abroad_roaming_disabled_on[PERSONA:Hard],candidate,,-10.0,repair_subset,Hard,5,wifi_calling|network_preference|sim|data_usage_exceeded|roaming_disabled_on,neutral_other,
[mms_issue]bad_network_preference|break_apn_mms_setting|data_usage_exceeded|unseat_sim_card|user_abroad_roaming_disabled_on[PERSONA:None],candidate,,-61.0,repair_subset,None,5,apn|network_preference|sim|data_usage_exceeded|roaming_disabled_on,target_favoring,
[mms_issue]bad_network_preference|break_app_sms_permission|data_usage_exceeded|unseat_sim_card|user_abroad_roaming_disabled_on[PERSONA:Easy],candidate,,-7.0,repair_subset,Easy,5,permission|network_preference|sim|data_usage_exceeded|roaming_disabled_on,neutral_other,
[mms_issue]bad_network_preference|break_app_storage_permission|data_usage_exceeded|unseat_sim_card|user_abroad_roaming_disabled_on[PERSONA:Hard],candidate,,-6.0,repair_subset,Hard,5,permission|network_preference|sim|data_usage_exceeded|roaming_disabled_on,neutral_other,
[mms_issue]bad_network_preference|break_app_both_permissions|data_usage_exceeded|unseat_sim_card|user_abroad_roaming_disabled_on[PERSONA:None],candidate,,7.0,repair_subset,None,5,permission|network_preference|sim|data_usage_exceeded|roaming_disabled_on,neutral_other,
[mms_issue]bad_wifi_calling|break_apn_mms_setting|data_usage_exceeded|unseat_sim_card|user_abroad_roaming_disabled_on[PERSONA:Easy],candidate,,-73.0,repair_subset,Easy,5,apn|wifi_calling|sim|data_usage_exceeded|roaming_disabled_on,target_favoring,
[mms_issue]bad_wifi_calling|break_app_sms_permission|data_usage_exceeded|unseat_sim_card|user_abroad_roaming_disabled_on[PERSONA:Hard],candidate,,-16.0,repair_subset,Hard,5,permission|wifi_calling|sim|data_usage_exceeded|roaming_disabled_on,neutral_other,
[mms_issue]bad_wifi_calling|break_app_storage_permission|data_usage_exceeded|unseat_sim_card|user_abroad_roaming_disabled_on[PERSONA:None],candidate,,-21.0,repair_subset,None,5,permission|wifi_calling|sim|data_usage_exceeded|roaming_disabled_on,neutral_other,
[mms_issue]bad_wifi_calling|break_app_both_permissions|data_usage_exceeded|unseat_sim_card|user_abroad_roaming_disabled_on[PERSONA:Easy],candidate,,-5.0,repair_subset,Easy,5,permission|wifi_calling|sim|data_usage_exceeded|roaming_disabled_on,neutral_other,
[mms_issue]break_apn_mms_setting|break_app_sms_permission|data_usage_exceeded|unseat_sim_card|user_abroad_roaming_disabled_on[PERSONA:Hard],candidate,,-64.0,repair_subset,Hard,5,apn|permission|sim|data_usage_exceeded|roaming_disabled_on,target_favoring,
[mms_issue]break_apn_mms_setting|break_app_storage_permission|data_usage_exceeded|unseat_sim_card|user_abroad_roaming_disabled_on[PERSONA:None],candidate,,-69.0,repair_subset,None,5,apn|permission|sim|data_usage_exceeded|roaming_disabled_on,target_favoring,
[mms_issue]break_apn_mms_setting|break_app_both_permissions|data_usage_exceeded|unseat_sim_card|user_abroad_roaming_disabled_on[PERSONA:Easy],candidate,,-53.0,repair_subset,Easy,5,apn|permission|sim|data_usage_exceeded|roaming_disabled_on,target_favoring,
[mms_issue]bad_network_preference|bad_wifi_calling|data_usage_exceeded|unseat_sim_card|user_abroad_roaming_disabled_off[PERSONA:Hard],static_delete,static_exclude_transfer_oracle;static_exclude_hybrid_roaming_disabled_off,1000.0,transfer,Hard,5,wifi_calling|network_preference|sim|data_usage_exceeded|hybrid_roaming_disabled_off,neutral_other,
[mms_issue]bad_network_preference|break_apn_mms_setting|data_usage_exceeded|unseat_sim_card|user_abroad_roaming_disabled_off[PERSONA:None],static_delete,static_exclude_transfer_oracle;static_exclude_hybrid_roaming_disabled_off,1000.0,transfer,None,5,apn|network_preference|sim|data_usage_exceeded|hybrid_roaming_disabled_off,neutral_other,
[mms_issue]bad_network_preference|break_app_sms_permission|data_usage_exceeded|unseat_sim_card|user_abroad_roaming_disabled_off[PERSONA:Easy],static_delete,static_exclude_transfer_oracle;static_exclude_hybrid_roaming_disabled_off,1000.0,transfer,Easy,5,permission|network_preference|sim|data_usage_exceeded|hybrid_roaming_disabled_off,neutral_other,
[mms_issue]bad_network_preference|break_app_storage_permission|data_usage_exceeded|unseat_sim_card|user_abroad_roaming_disabled_off[PERSONA:Hard],static_delete,static_exclude_transfer_oracle;static_exclude_hybrid_roaming_disabled_off,1000.0,transfer,Hard,5,permission|network_preference|sim|data_usage_exceeded|hybrid_roaming_disabled_off,neutral_other,
[mms_issue]bad_network_preference|break_app_both_permissions|data_usage_exceeded|unseat_sim_card|user_abroad_roaming_disabled_off[PERSONA:None],static_delete,static_exclude_transfer_oracle;static_exclude_hybrid_roaming_disabled_off,1000.0,transfer,None,5,permission|network_preference|sim|data_usage_exceeded|hybrid_roaming_disabled_off,neutral_other,
[mms_issue]bad_wifi_calling|break_apn_mms_setting|data_usage_exceeded|unseat_sim_card|user_abroad_roaming_disabled_off[PERSONA:Easy],static_delete,static_exclude_transfer_oracle;static_exclude_hybrid_roaming_disabled_off,1000.0,transfer,Easy,5,apn|wifi_calling|sim|data_usage_exceeded|hybrid_roaming_disabled_off,neutral_other,
[mms_issue]bad_wifi_calling|break_app_sms_permission|data_usage_exceeded|unseat_sim_card|user_abroad_roaming_disabled_off[PERSONA:Hard],static_delete,static_exclude_transfer_oracle;static_exclude_hybrid_roaming_disabled_off,1000.0,transfer,Hard,5,permission|wifi_calling|sim|data_usage_exceeded|hybrid_roaming_disabled_off,neutral_other,
[mms_issue]bad_wifi_calling|break_app_storage_permission|data_usage_exceeded|unseat_sim_card|user_abroad_roaming_disabled_off[PERSONA:None],static_delete,static_exclude_transfer_oracle;static_exclude_hybrid_roaming_disabled_off,1000.0,transfer,None,5,permission|wifi_calling|sim|data_usage_exceeded|hybrid_roaming_disabled_off,neutral_other,
[mms_issue]bad_wifi_calling|break_app_both_permissions|data_usage_exceeded|unseat_sim_card|user_abroad_roaming_disabled_off[PERSONA:Easy],static_delete,static_exclude_transfer_oracle;static_exclude_hybrid_roaming_disabled_off,1000.0,transfer,Easy,5,permission|wifi_calling|sim|data_usage_exceeded|hybrid_roaming_disabled_off,neutral_other,
[mms_issue]break_apn_mms_setting|break_app_sms_permission|data_usage_exceeded|unseat_sim_card|user_abroad_roaming_disabled_off[PERSONA:Hard],static_delete,static_exclude_transfer_oracle;static_exclude_hybrid_roaming_disabled_off,1000.0,transfer,Hard,5,apn|permission|sim|data_usage_exceeded|hybrid_roaming_disabled_off,neutral_other,
[mms_issue]break_apn_mms_setting|break_app_storage_permission|data_usage_exceeded|unseat_sim_card|user_abroad_roaming_disabled_off[PERSONA:None],static_delete,static_exclude_transfer_oracle;static_exclude_hybrid_roaming_disabled_off,1000.0,transfer,None,5,apn|permission|sim|data_usage_exceeded|hybrid_roaming_disabled_off,neutral_other,
[mms_issue]break_apn_mms_setting|break_app_both_permissions|data_usage_exceeded|unseat_sim_card|user_abroad_roaming_disabled_off[PERSONA:Easy],static_delete,static_exclude_transfer_oracle;static_exclude_hybrid_roaming_disabled_off,1000.0,transfer,Easy,5,apn|permission|sim|data_usage_exceeded|hybrid_roaming_disabled_off,neutral_other,
[mms_issue]bad_network_preference|bad_wifi_calling|break_apn_mms_setting|data_usage_exceeded|unseat_sim_card[PERSONA:Hard],candidate,,-70.0,repair_subset,Hard,5,apn|wifi_calling|network_preference|sim|data_usage_exceeded,target_favoring,
[mms_issue]bad_network_preference|bad_wifi_calling|break_app_sms_permission|data_usage_exceeded|unseat_sim_card[PERSONA:None],candidate,,-19.0,repair_subset,None,5,permission|wifi_calling|network_preference|sim|data_usage_exceeded,neutral_other,
[mms_issue]bad_network_preference|bad_wifi_calling|break_app_storage_permission|data_usage_exceeded|unseat_sim_card[PERSONA:Easy],candidate,,-21.0,repair_subset,Easy,5,permission|wifi_calling|network_preference|sim|data_usage_exceeded,neutral_other,
[mms_issue]bad_network_preference|bad_wifi_calling|break_app_both_permissions|data_usage_exceeded|unseat_sim_card[PERSONA:Hard],candidate,,-2.0,repair_subset,Hard,5,permission|wifi_calling|network_preference|sim|data_usage_exceeded,neutral_other,
[mms_issue]bad_network_preference|break_apn_mms_setting|break_app_sms_permission|data_usage_exceeded|unseat_sim_card[PERSONA:None],candidate,,-67.0,repair_subset,None,5,apn|permission|network_preference|sim|data_usage_exceeded,target_favoring,
[mms_issue]bad_network_preference|break_apn_mms_setting|break_app_storage_permission|data_usage_exceeded|unseat_sim_card[PERSONA:Easy],candidate,,-69.0,repair_subset,Easy,5,apn|permission|network_preference|sim|data_usage_exceeded,target_favoring,
[mms_issue]bad_network_preference|break_apn_mms_setting|break_app_both_permissions|data_usage_exceeded|unseat_sim_card[PERSONA:Hard],candidate,,-50.0,repair_subset,Hard,5,apn|permission|network_preference|sim|data_usage_exceeded,target_favoring,
[mms_issue]bad_wifi_calling|break_apn_mms_setting|break_app_sms_permission|data_usage_exceeded|unseat_sim_card[PERSONA:None],candidate,,-79.0,repair_subset,None,5,apn|permission|wifi_calling|sim|data_usage_exceeded,target_favoring,
[mms_issue]bad_wifi_calling|break_apn_mms_setting|break_app_storage_permission|data_usage_exceeded|unseat_sim_card[PERSONA:Easy],candidate,,-81.0,repair_subset,Easy,5,apn|permission|wifi_calling|sim|data_usage_exceeded,target_favoring,
[mms_issue]bad_wifi_calling|break_apn_mms_setting|break_app_both_permissions|data_usage_exceeded|unseat_sim_card[PERSONA:Hard],candidate,,-62.0,repair_subset,Hard,5,apn|permission|wifi_calling|sim|data_usage_exceeded,target_favoring,
[mms_issue]bad_network_preference|bad_wifi_calling|break_apn_mms_setting|unseat_sim_card|user_abroad_roaming_enabled_off[PERSONA:Easy],candidate,,-102.0,repair_all,Easy,5,apn|wifi_calling|network_preference|sim|roaming_enabled_off,target_favoring,
[mms_issue]bad_network_preference|bad_wifi_calling|break_app_sms_permission|unseat_sim_card|user_abroad_roaming_enabled_off[PERSONA:Hard],candidate,,-45.0,repair_all,Hard,5,permission|wifi_calling|network_preference|sim|roaming_enabled_off,neutral_other,
[mms_issue]bad_network_preference|bad_wifi_calling|break_app_storage_permission|unseat_sim_card|user_abroad_roaming_enabled_off[PERSONA:None],candidate,,-50.0,repair_all,None,5,permission|wifi_calling|network_preference|sim|roaming_enabled_off,neutral_other,
[mms_issue]bad_network_preference|bad_wifi_calling|break_app_both_permissions|unseat_sim_card|user_abroad_roaming_enabled_off[PERSONA:Easy],candidate,,-34.0,repair_all,Easy,5,permission|wifi_calling|network_preference|sim|roaming_enabled_off,neutral_other,
[mms_issue]bad_network_preference|break_apn_mms_setting|break_app_sms_permission|unseat_sim_card|user_abroad_roaming_enabled_off[PERSONA:Hard],candidate,,-93.0,repair_all,Hard,5,apn|permission|network_preference|sim|roaming_enabled_off,target_favoring,
[mms_issue]bad_network_preference|break_apn_mms_setting|break_app_storage_permission|unseat_sim_card|user_abroad_roaming_enabled_off[PERSONA:None],candidate,,-98.0,repair_all,None,5,apn|permission|network_preference|sim|roaming_enabled_off,target_favoring,
[mms_issue]bad_network_preference|break_apn_mms_setting|break_app_both_permissions|unseat_sim_card|user_abroad_roaming_enabled_off[PERSONA:Easy],candidate,,-82.0,repair_all,Easy,5,apn|permission|network_preference|sim|roaming_enabled_off,target_favoring,
[mms_issue]bad_wifi_calling|break_apn_mms_setting|break_app_sms_permission|unseat_sim_card|user_abroad_roaming_enabled_off[PERSONA:Hard],candidate,,-105.0,repair_all,Hard,5,apn|permission|wifi_calling|sim|roaming_enabled_off,target_favoring,
[mms_issue]bad_wifi_calling|break_apn_mms_setting|break_app_storage_permission|unseat_sim_card|user_abroad_roaming_enabled_off[PERSONA:None],candidate,,-110.0,repair_all,None,5,apn|permission|wifi_calling|sim|roaming_enabled_off,target_favoring,
[mms_issue]bad_wifi_calling|break_apn_mms_setting|break_app_both_permissions|unseat_sim_card|user_abroad_roaming_enabled_off[PERSONA:Easy],candidate,,-94.0,repair_all,Easy,5,apn|permission|wifi_calling|sim|roaming_enabled_off,target_favoring,
[mms_issue]bad_network_preference|bad_wifi_calling|break_apn_mms_setting|unseat_sim_card|user_abroad_roaming_disabled_on[PERSONA:Hard],candidate,,-74.0,repair_subset,Hard,5,apn|wifi_calling|network_preference|sim|roaming_disabled_on,target_favoring,
[mms_issue]bad_network_preference|bad_wifi_calling|break_app_sms_permission|unseat_sim_card|user_abroad_roaming_disabled_on[PERSONA:None],candidate,,-23.0,repair_subset,None,5,permission|wifi_calling|network_preference|sim|roaming_disabled_on,neutral_other,
[mms_issue]bad_network_preference|bad_wifi_calling|break_app_storage_permission|unseat_sim_card|user_abroad_roaming_disabled_on[PERSONA:Easy],candidate,,-25.0,repair_subset,Easy,5,permission|wifi_calling|network_preference|sim|roaming_disabled_on,neutral_other,
[mms_issue]bad_network_preference|bad_wifi_calling|break_app_both_permissions|unseat_sim_card|user_abroad_roaming_disabled_on[PERSONA:Hard],candidate,,-6.0,repair_subset,Hard,5,permission|wifi_calling|network_preference|sim|roaming_disabled_on,neutral_other,
[mms_issue]bad_network_preference|break_apn_mms_setting|break_app_sms_permission|unseat_sim_card|user_abroad_roaming_disabled_on[PERSONA:None],candidate,,-71.0,repair_subset,None,5,apn|permission|network_preference|sim|roaming_disabled_on,target_favoring,
[mms_issue]bad_network_preference|break_apn_mms_setting|break_app_storage_permission|unseat_sim_card|user_abroad_roaming_disabled_on[PERSONA:Easy],candidate,,-73.0,repair_subset,Easy,5,apn|permission|network_preference|sim|roaming_disabled_on,target_favoring,
[mms_issue]bad_network_preference|break_apn_mms_setting|break_app_both_permissions|unseat_sim_card|user_abroad_roaming_disabled_on[PERSONA:Hard],candidate,,-54.0,repair_subset,Hard,5,apn|permission|network_preference|sim|roaming_disabled_on,target_favoring,
[mms_issue]bad_wifi_calling|break_apn_mms_setting|break_app_sms_permission|unseat_sim_card|user_abroad_roaming_disabled_on[PERSONA:None],candidate,,-83.0,repair_subset,None,5,apn|permission|wifi_calling|sim|roaming_disabled_on,target_favoring,
[mms_issue]bad_wifi_calling|break_apn_mms_setting|break_app_storage_permission|unseat_sim_card|user_abroad_roaming_disabled_on[PERSONA:Easy],candidate,,-85.0,repair_subset,Easy,5,apn|permission|wifi_calling|sim|roaming_disabled_on,target_favoring,
[mms_issue]bad_wifi_calling|break_apn_mms_setting|break_app_both_permissions|unseat_sim_card|user_abroad_roaming_disabled_on[PERSONA:Hard],candidate,,-66.0,repair_subset,Hard,5,apn|permission|wifi_calling|sim|roaming_disabled_on,target_favoring,
[mms_issue]bad_network_preference|bad_wifi_calling|break_apn_mms_setting|unseat_sim_card|user_abroad_roaming_disabled_off[PERSONA:None],static_delete,static_exclude_transfer_oracle;static_exclude_hybrid_roaming_disabled_off,1000.0,transfer,None,5,apn|wifi_calling|network_preference|sim|hybrid_roaming_disabled_off,neutral_other,
[mms_issue]bad_network_preference|bad_wifi_calling|break_app_sms_permission|unseat_sim_card|user_abroad_roaming_disabled_off[PERSONA:Easy],static_delete,static_exclude_transfer_oracle;static_exclude_hybrid_roaming_disabled_off,1000.0,transfer,Easy,5,permission|wifi_calling|network_preference|sim|hybrid_roaming_disabled_off,neutral_other,
[mms_issue]bad_network_preference|bad_wifi_calling|break_app_storage_permission|unseat_sim_card|user_abroad_roaming_disabled_off[PERSONA:Hard],static_delete,static_exclude_transfer_oracle;static_exclude_hybrid_roaming_disabled_off,1000.0,transfer,Hard,5,permission|wifi_calling|network_preference|sim|hybrid_roaming_disabled_off,neutral_other,
[mms_issue]bad_network_preference|bad_wifi_calling|break_app_both_permissions|unseat_sim_card|user_abroad_roaming_disabled_off[PERSONA:None],static_delete,static_exclude_transfer_oracle;static_exclude_hybrid_roaming_disabled_off,1000.0,transfer,None,5,permission|wifi_calling|network_preference|sim|hybrid_roaming_disabled_off,neutral_other,
[mms_issue]bad_network_preference|break_apn_mms_setting|break_app_sms_permission|unseat_sim_card|user_abroad_roaming_disabled_off[PERSONA:Easy],static_delete,static_exclude_transfer_oracle;static_exclude_hybrid_roaming_disabled_off,1000.0,transfer,Easy,5,apn|permission|network_preference|sim|hybrid_roaming_disabled_off,neutral_other,
[mms_issue]bad_network_preference|break_apn_mms_setting|break_app_storage_permission|unseat_sim_card|user_abroad_roaming_disabled_off[PERSONA:Hard],static_delete,static_exclude_transfer_oracle;static_exclude_hybrid_roaming_disabled_off,1000.0,transfer,Hard,5,apn|permission|network_preference|sim|hybrid_roaming_disabled_off,neutral_other,
[mms_issue]bad_network_preference|break_apn_mms_setting|break_app_both_permissions|unseat_sim_card|user_abroad_roaming_disabled_off[PERSONA:None],static_delete,static_exclude_transfer_oracle;static_exclude_hybrid_roaming_disabled_off,1000.0,transfer,None,5,apn|permission|network_preference|sim|hybrid_roaming_disabled_off,neutral_other,
[mms_issue]bad_wifi_calling|break_apn_mms_setting|break_app_sms_permission|unseat_sim_card|user_abroad_roaming_disabled_off[PERSONA:Easy],static_delete,static_exclude_transfer_oracle;static_exclude_hybrid_roaming_disabled_off,1000.0,transfer,Easy,5,apn|permission|wifi_calling|sim|hybrid_roaming_disabled_off,neutral_other,
[mms_issue]bad_wifi_calling|break_apn_mms_setting|break_app_storage_permission|unseat_sim_card|user_abroad_roaming_disabled_off[PERSONA:Hard],static_delete,static_exclude_transfer_oracle;static_exclude_hybrid_roaming_disabled_off,1000.0,transfer,Hard,5,apn|permission|wifi_calling|sim|hybrid_roaming_disabled_off,neutral_other,
[mms_issue]bad_wifi_calling|break_apn_mms_setting|break_app_both_permissions|unseat_sim_card|user_abroad_roaming_disabled_off[PERSONA:None],static_delete,static_exclude_transfer_oracle;static_exclude_hybrid_roaming_disabled_off,1000.0,transfer,None,5,apn|permission|wifi_calling|sim|hybrid_roaming_disabled_off,neutral_other,
[mms_issue]bad_network_preference|bad_wifi_calling|break_apn_mms_setting|break_app_sms_permission|unseat_sim_card[PERSONA:Easy],candidate,,-108.0,repair_all,Easy,5,apn|permission|wifi_calling|network_preference|sim,target_favoring,
[mms_issue]bad_network_preference|bad_wifi_calling|break_apn_mms_setting|break_app_storage_permission|unseat_sim_card[PERSONA:Hard],candidate,,-107.0,repair_all,Hard,5,apn|permission|wifi_calling|network_preference|sim,target_favoring,
[mms_issue]bad_network_preference|bad_wifi_calling|break_apn_mms_setting|break_app_both_permissions|unseat_sim_card[PERSONA:None],candidate,,-94.0,repair_all,None,5,apn|permission|wifi_calling|network_preference|sim,target_favoring,
[mms_issue]bad_network_preference|bad_wifi_calling|data_mode_off|data_usage_exceeded|user_abroad_roaming_enabled_off[PERSONA:Easy],candidate,,-13.0,repair_subset,Easy,5,wifi_calling|network_preference|data_mode|data_usage_exceeded|roaming_enabled_off,neutral_other,
[mms_issue]bad_network_preference|break_apn_mms_setting|data_mode_off|data_usage_exceeded|user_abroad_roaming_enabled_off[PERSONA:Hard],candidate,,-58.0,repair_subset,Hard,5,apn|network_preference|data_mode|data_usage_exceeded|roaming_enabled_off,target_favoring,
[mms_issue]bad_network_preference|break_app_sms_permission|data_mode_off|data_usage_exceeded|user_abroad_roaming_enabled_off[PERSONA:None],candidate,,-7.0,repair_subset,None,5,permission|network_preference|data_mode|data_usage_exceeded|roaming_enabled_off,neutral_other,
[mms_issue]bad_network_preference|break_app_storage_permission|data_mode_off|data_usage_exceeded|user_abroad_roaming_enabled_off[PERSONA:Easy],candidate,,-9.0,repair_subset,Easy,5,permission|network_preference|data_mode|data_usage_exceeded|roaming_enabled_off,neutral_other,
[mms_issue]bad_network_preference|break_app_both_permissions|data_mode_off|data_usage_exceeded|user_abroad_roaming_enabled_off[PERSONA:Hard],candidate,,10.0,repair_subset,Hard,5,permission|network_preference|data_mode|data_usage_exceeded|roaming_enabled_off,neutral_other,
[mms_issue]bad_wifi_calling|break_apn_mms_setting|data_mode_off|data_usage_exceeded|user_abroad_roaming_enabled_off[PERSONA:None],candidate,,-73.0,repair_subset,None,5,apn|wifi_calling|data_mode|data_usage_exceeded|roaming_enabled_off,target_favoring,
[mms_issue]bad_wifi_calling|break_app_sms_permission|data_mode_off|data_usage_exceeded|user_abroad_roaming_enabled_off[PERSONA:Easy],candidate,,-19.0,repair_subset,Easy,5,permission|wifi_calling|data_mode|data_usage_exceeded|roaming_enabled_off,neutral_other,
[mms_issue]bad_wifi_calling|break_app_storage_permission|data_mode_off|data_usage_exceeded|user_abroad_roaming_enabled_off[PERSONA:Hard],candidate,,-18.0,repair_subset,Hard,5,permission|wifi_calling|data_mode|data_usage_exceeded|roaming_enabled_off,neutral_other,
[mms_issue]bad_wifi_calling|break_app_both_permissions|data_mode_off|data_usage_exceeded|user_abroad_roaming_enabled_off[PERSONA:None],candidate,,-5.0,repair_subset,None,5,permission|wifi_calling|data_mode|data_usage_exceeded|roaming_enabled_off,neutral_other,
[mms_issue]break_apn_mms_setting|break_app_sms_permission|data_mode_off|data_usage_exceeded|user_abroad_roaming_enabled_off[PERSONA:Easy],candidate,,-67.0,repair_subset,Easy,5,apn|permission|data_mode|data_usage_exceeded|roaming_enabled_off,target_favoring,
[mms_issue]break_apn_mms_setting|break_app_storage_permission|data_mode_off|data_usage_exceeded|user_abroad_roaming_enabled_off[PERSONA:Hard],candidate,,-66.0,repair_subset,Hard,5,apn|permission|data_mode|data_usage_exceeded|roaming_enabled_off,target_favoring,
[mms_issue]break_apn_mms_setting|break_app_both_permissions|data_mode_off|data_usage_exceeded|user_abroad_roaming_enabled_off[PERSONA:None],candidate,,-53.0,repair_subset,None,5,apn|permission|data_mode|data_usage_exceeded|roaming_enabled_off,target_favoring,
[mms_issue]bad_network_preference|bad_wifi_calling|data_mode_off|data_usage_exceeded|user_abroad_roaming_disabled_on[PERSONA:Easy],candidate,,-13.0,repair_subset,Easy,5,wifi_calling|network_preference|data_mode|data_usage_exceeded|roaming_disabled_on,neutral_other,
[mms_issue]bad_network_preference|break_apn_mms_setting|data_mode_off|data_usage_exceeded|user_abroad_roaming_disabled_on[PERSONA:Hard],candidate,,-58.0,repair_subset,Hard,5,apn|network_preference|data_mode|data_usage_exceeded|roaming_disabled_on,target_favoring,
[mms_issue]bad_network_preference|break_app_sms_permission|data_mode_off|data_usage_exceeded|user_abroad_roaming_disabled_on[PERSONA:None],candidate,,-7.0,repair_subset,None,5,permission|network_preference|data_mode|data_usage_exceeded|roaming_disabled_on,neutral_other,
[mms_issue]bad_network_preference|break_app_storage_permission|data_mode_off|data_usage_exceeded|user_abroad_roaming_disabled_on[PERSONA:Easy],candidate,,-9.0,repair_subset,Easy,5,permission|network_preference|data_mode|data_usage_exceeded|roaming_disabled_on,neutral_other,
[mms_issue]bad_network_preference|break_app_both_permissions|data_mode_off|data_usage_exceeded|user_abroad_roaming_disabled_on[PERSONA:Hard],candidate,,10.0,repair_subset,Hard,5,permission|network_preference|data_mode|data_usage_exceeded|roaming_disabled_on,neutral_other,
[mms_issue]bad_wifi_calling|break_apn_mms_setting|data_mode_off|data_usage_exceeded|user_abroad_roaming_disabled_on[PERSONA:None],candidate,,-73.0,repair_subset,None,5,apn|wifi_calling|data_mode|data_usage_exceeded|roaming_disabled_on,target_favoring,
[mms_issue]bad_wifi_calling|break_app_sms_permission|data_mode_off|data_usage_exceeded|user_abroad_roaming_disabled_on[PERSONA:Easy],candidate,,-19.0,repair_subset,Easy,5,permission|wifi_calling|data_mode|data_usage_exceeded|roaming_disabled_on,neutral_other,
[mms_issue]bad_wifi_calling|break_app_storage_permission|data_mode_off|data_usage_exceeded|user_abroad_roaming_disabled_on[PERSONA:Hard],candidate,,-18.0,repair_subset,Hard,5,permission|wifi_calling|data_mode|data_usage_exceeded|roaming_disabled_on,neutral_other,
[mms_issue]bad_wifi_calling|break_app_both_permissions|data_mode_off|data_usage_exceeded|user_abroad_roaming_disabled_on[PERSONA:None],candidate,,-5.0,repair_subset,None,5,permission|wifi_calling|data_mode|data_usage_exceeded|roaming_disabled_on,neutral_other,
[mms_issue]break_apn_mms_setting|break_app_sms_permission|data_mode_off|data_usage_exceeded|user_abroad_roaming_disabled_on[PERSONA:Easy],candidate,,-67.0,repair_subset,Easy,5,apn|permission|data_mode|data_usage_exceeded|roaming_disabled_on,target_favoring,
[mms_issue]break_apn_mms_setting|break_app_storage_permission|data_mode_off|data_usage_exceeded|user_abroad_roaming_disabled_on[PERSONA:Hard],candidate,,-66.0,repair_subset,Hard,5,apn|permission|data_mode|data_usage_exceeded|roaming_disabled_on,target_favoring,
[mms_issue]break_apn_mms_setting|break_app_both_permissions|data_mode_off|data_usage_exceeded|user_abroad_roaming_disabled_on[PERSONA:None],candidate,,-53.0,repair_subset,None,5,apn|permission|data_mode|data_usage_exceeded|roaming_disabled_on,target_favoring,
[mms_issue]bad_network_preference|bad_wifi_calling|data_mode_off|data_usage_exceeded|user_abroad_roaming_disabled_off[PERSONA:Easy],static_delete,static_exclude_transfer_oracle;static_exclude_hybrid_roaming_disabled_off,1000.0,transfer,Easy,5,wifi_calling|network_preference|data_mode|data_usage_exceeded|hybrid_roaming_disabled_off,neutral_other,
[mms_issue]bad_network_preference|break_apn_mms_setting|data_mode_off|data_usage_exceeded|user_abroad_roaming_disabled_off[PERSONA:Hard],static_delete,static_exclude_transfer_oracle;static_exclude_hybrid_roaming_disabled_off,1000.0,transfer,Hard,5,apn|network_preference|data_mode|data_usage_exceeded|hybrid_roaming_disabled_off,neutral_other,
[mms_issue]bad_network_preference|break_app_sms_permission|data_mode_off|data_usage_exceeded|user_abroad_roaming_disabled_off[PERSONA:None],static_delete,static_exclude_transfer_oracle;static_exclude_hybrid_roaming_disabled_off,1000.0,transfer,None,5,permission|network_preference|data_mode|data_usage_exceeded|hybrid_roaming_disabled_off,neutral_other,
[mms_issue]bad_network_preference|break_app_storage_permission|data_mode_off|data_usage_exceeded|user_abroad_roaming_disabled_off[PERSONA:Easy],static_delete,static_exclude_transfer_oracle;static_exclude_hybrid_roaming_disabled_off,1000.0,transfer,Easy,5,permission|network_preference|data_mode|data_usage_exceeded|hybrid_roaming_disabled_off,neutral_other,
[mms_issue]bad_network_preference|break_app_both_permissions|data_mode_off|data_usage_exceeded|user_abroad_roaming_disabled_off[PERSONA:Hard],static_delete,static_exclude_transfer_oracle;static_exclude_hybrid_roaming_disabled_off,1000.0,transfer,Hard,5,permission|network_preference|data_mode|data_usage_exceeded|hybrid_roaming_disabled_off,neutral_other,
[mms_issue]bad_wifi_calling|break_apn_mms_setting|data_mode_off|data_usage_exceeded|user_abroad_roaming_disabled_off[PERSONA:None],static_delete,static_exclude_transfer_oracle;static_exclude_hybrid_roaming_disabled_off,1000.0,transfer,None,5,apn|wifi_calling|data_mode|data_usage_exceeded|hybrid_roaming_disabled_off,neutral_other,
[mms_issue]bad_wifi_calling|break_app_sms_permission|data_mode_off|data_usage_exceeded|user_abroad_roaming_disabled_off[PERSONA:Easy],static_delete,static_exclude_transfer_oracle;static_exclude_hybrid_roaming_disabled_off,1000.0,transfer,Easy,5,permission|wifi_calling|data_mode|data_usage_exceeded|hybrid_roaming_disabled_off,neutral_other,
[mms_issue]bad_wifi_calling|break_app_storage_permission|data_mode_off|data_usage_exceeded|user_abroad_roaming_disabled_off[PERSONA:Hard],static_delete,static_exclude_transfer_oracle;static_exclude_hybrid_roaming_disabled_off,1000.0,transfer,Hard,5,permission|wifi_calling|data_mode|data_usage_exceeded|hybrid_roaming_disabled_off,neutral_other,
[mms_issue]bad_wifi_calling|break_app_both_permissions|data_mode_off|data_usage_exceeded|user_abroad_roaming_disabled_off[PERSONA:None],static_delete,static_exclude_transfer_oracle;static_exclude_hybrid_roaming_disabled_off,1000.0,transfer,None,5,permission|wifi_calling|data_mode|data_usage_exceeded|hybrid_roaming_disabled_off,neutral_other,
[mms_issue]break_apn_mms_setting|break_app_sms_permission|data_mode_off|data_usage_exceeded|user_abroad_roaming_disabled_off[PERSONA:Easy],static_delete,static_exclude_transfer_oracle;static_exclude_hybrid_roaming_disabled_off,1000.0,transfer,Easy,5,apn|permission|data_mode|data_usage_exceeded|hybrid_roaming_disabled_off,neutral_other,
[mms_issue]break_apn_mms_setting|break_app_storage_permission|data_mode_off|data_usage_exceeded|user_abroad_roaming_disabled_off[PERSONA:Hard],static_delete,static_exclude_transfer_oracle;static_exclude_hybrid_roaming_disabled_off,1000.0,transfer,Hard,5,apn|permission|data_mode|data_usage_exceeded|hybrid_roaming_disabled_off,neutral_other,
[mms_issue]break_apn_mms_setting|break_app_both_permissions|data_mode_off|data_usage_exceeded|user_abroad_roaming_disabled_off[PERSONA:None],static_delete,static_exclude_transfer_oracle;static_exclude_hybrid_roaming_disabled_off,1000.0,transfer,None,5,apn|permission|data_mode|data_usage_exceeded|hybrid_roaming_disabled_off,neutral_other,
[mms_issue]bad_network_preference|bad_wifi_calling|break_apn_mms_setting|data_mode_off|data_usage_exceeded[PERSONA:Easy],candidate,,-13.0,repair_subset,Easy,5,apn|wifi_calling|network_preference|data_mode|data_usage_exceeded,neutral_other,
[mms_issue]bad_network_preference|bad_wifi_calling|break_app_sms_permission|data_mode_off|data_usage_exceeded[PERSONA:Hard],candidate,,-16.0,repair_subset,Hard,5,permission|wifi_calling|network_preference|data_mode|data_usage_exceeded,neutral_other,
[mms_issue]bad_network_preference|bad_wifi_calling|break_app_storage_permission|data_mode_off|data_usage_exceeded[PERSONA:None],candidate,,-21.0,repair_subset,None,5,permission|wifi_calling|network_preference|data_mode|data_usage_exceeded,neutral_other,
[mms_issue]bad_network_preference|bad_wifi_calling|break_app_both_permissions|data_mode_off|data_usage_exceeded[PERSONA:Easy],candidate,,-5.0,repair_subset,Easy,5,permission|wifi_calling|network_preference|data_mode|data_usage_exceeded,neutral_other,
[mms_issue]bad_network_preference|break_apn_mms_setting|break_app_sms_permission|data_mode_off|data_usage_exceeded[PERSONA:Hard],candidate,,-4.0,repair_subset,Hard,5,apn|permission|network_preference|data_mode|data_usage_exceeded,neutral_other,
[mms_issue]bad_network_preference|break_apn_mms_setting|break_app_storage_permission|data_mode_off|data_usage_exceeded[PERSONA:None],candidate,,-9.0,repair_subset,None,5,apn|permission|network_preference|data_mode|data_usage_exceeded,neutral_other,
[mms_issue]bad_network_preference|break_apn_mms_setting|break_app_both_permissions|data_mode_off|data_usage_exceeded[PERSONA:Easy],candidate,,7.0,repair_subset,Easy,5,apn|permission|network_preference|data_mode|data_usage_exceeded,neutral_other,
[mms_issue]bad_wifi_calling|break_apn_mms_setting|break_app_sms_permission|data_mode_off|data_usage_exceeded[PERSONA:Hard],candidate,,-16.0,repair_subset,Hard,5,apn|permission|wifi_calling|data_mode|data_usage_exceeded,neutral_other,
[mms_issue]bad_wifi_calling|break_apn_mms_setting|break_app_storage_permission|data_mode_off|data_usage_exceeded[PERSONA:None],candidate,,-21.0,repair_subset,None,5,apn|permission|wifi_calling|data_mode|data_usage_exceeded,neutral_other,
[mms_issue]bad_wifi_calling|break_apn_mms_setting|break_app_both_permissions|data_mode_off|data_usage_exceeded[PERSONA:Easy],candidate,,-5.0,repair_subset,Easy,5,apn|permission|wifi_calling|data_mode|data_usage_exceeded,neutral_other,
[mms_issue]bad_network_preference|bad_wifi_calling|break_apn_mms_setting|data_mode_off|user_abroad_roaming_enabled_off[PERSONA:None],candidate,,-102.0,repair_all,None,5,apn|wifi_calling|network_preference|data_mode|roaming_enabled_off,target_favoring,
[mms_issue]bad_network_preference|bad_wifi_calling|break_app_sms_permission|data_mode_off|user_abroad_roaming_enabled_off[PERSONA:Easy],candidate,,-48.0,repair_all,Easy,5,permission|wifi_calling|network_preference|data_mode|roaming_enabled_off,neutral_other,
[mms_issue]bad_network_preference|bad_wifi_calling|break_app_storage_permission|data_mode_off|user_abroad_roaming_enabled_off[PERSONA:Hard],candidate,,-47.0,repair_all,Hard,5,permission|wifi_calling|network_preference|data_mode|roaming_enabled_off,neutral_other,
[mms_issue]bad_network_preference|bad_wifi_calling|break_app_both_permissions|data_mode_off|user_abroad_roaming_enabled_off[PERSONA:None],candidate,,-34.0,repair_all,None,5,permission|wifi_calling|network_preference|data_mode|roaming_enabled_off,neutral_other,
[mms_issue]bad_network_preference|break_apn_mms_setting|break_app_sms_permission|data_mode_off|user_abroad_roaming_enabled_off[PERSONA:Easy],candidate,,-96.0,repair_all,Easy,5,apn|permission|network_preference|data_mode|roaming_enabled_off,target_favoring,
[mms_issue]bad_network_preference|break_apn_mms_setting|break_app_storage_permission|data_mode_off|user_abroad_roaming_enabled_off[PERSONA:Hard],candidate,,-95.0,repair_all,Hard,5,apn|permission|network_preference|data_mode|roaming_enabled_off,target_favoring,
[mms_issue]bad_network_preference|break_apn_mms_setting|break_app_both_permissions|data_mode_off|user_abroad_roaming_enabled_off[PERSONA:None],candidate,,-82.0,repair_all,None,5,apn|permission|network_preference|data_mode|roaming_enabled_off,target_favoring,
[mms_issue]bad_wifi_calling|break_apn_mms_setting|break_app_sms_permission|data_mode_off|user_abroad_roaming_enabled_off[PERSONA:Easy],candidate,,-108.0,repair_all,Easy,5,apn|permission|wifi_calling|data_mode|roaming_enabled_off,target_favoring,
[mms_issue]bad_wifi_calling|break_apn_mms_setting|break_app_storage_permission|data_mode_off|user_abroad_roaming_enabled_off[PERSONA:Hard],candidate,,-107.0,repair_all,Hard,5,apn|permission|wifi_calling|data_mode|roaming_enabled_off,target_favoring,
[mms_issue]bad_wifi_calling|break_apn_mms_setting|break_app_both_permissions|data_mode_off|user_abroad_roaming_enabled_off[PERSONA:None],candidate,,-94.0,repair_all,None,5,apn|permission|wifi_calling|data_mode|roaming_enabled_off,target_favoring,
[mms_issue]bad_network_preference|bad_wifi_calling|break_apn_mms_setting|data_mode_off|user_abroad_roaming_disabled_on[PERSONA:Easy],candidate,,-77.0,repair_subset,Easy,5,apn|wifi_calling|network_preference|data_mode|roaming_disabled_on,target_favoring,
[mms_issue]bad_network_preference|bad_wifi_calling|break_app_sms_permission|data_mode_off|user_abroad_roaming_disabled_on[PERSONA:Hard],candidate,,-20.0,repair_subset,Hard,5,permission|wifi_calling|network_preference|data_mode|roaming_disabled_on,neutral_other,
[mms_issue]bad_network_preference|bad_wifi_calling|break_app_storage_permission|data_mode_off|user_abroad_roaming_disabled_on[PERSONA:None],candidate,,-25.0,repair_subset,None,5,permission|wifi_calling|network_preference|data_mode|roaming_disabled_on,neutral_other,
[mms_issue]bad_network_preference|bad_wifi_calling|break_app_both_permissions|data_mode_off|user_abroad_roaming_disabled_on[PERSONA:Easy],candidate,,-9.0,repair_subset,Easy,5,permission|wifi_calling|network_preference|data_mode|roaming_disabled_on,neutral_other,
[mms_issue]bad_network_preference|break_apn_mms_setting|break_app_sms_permission|data_mode_off|user_abroad_roaming_disabled_on[PERSONA:Hard],candidate,,-68.0,repair_subset,Hard,5,apn|permission|network_preference|data_mode|roaming_disabled_on,target_favoring,
[mms_issue]bad_network_preference|break_apn_mms_setting|break_app_storage_permission|data_mode_off|user_abroad_roaming_disabled_on[PERSONA:None],candidate,,-73.0,repair_subset,None,5,apn|permission|network_preference|data_mode|roaming_disabled_on,target_favoring,
[mms_issue]bad_network_preference|break_apn_mms_setting|break_app_both_permissions|data_mode_off|user_abroad_roaming_disabled_on[PERSONA:Easy],candidate,,-57.0,repair_subset,Easy,5,apn|permission|network_preference|data_mode|roaming_disabled_on,target_favoring,
[mms_issue]bad_wifi_calling|break_apn_mms_setting|break_app_sms_permission|data_mode_off|user_abroad_roaming_disabled_on[PERSONA:Hard],candidate,,-80.0,repair_subset,Hard,5,apn|permission|wifi_calling|data_mode|roaming_disabled_on,target_favoring,
[mms_issue]bad_wifi_calling|break_apn_mms_setting|break_app_storage_permission|data_mode_off|user_abroad_roaming_disabled_on[PERSONA:None],candidate,,-85.0,repair_subset,None,5,apn|permission|wifi_calling|data_mode|roaming_disabled_on,target_favoring,
[mms_issue]bad_wifi_calling|break_apn_mms_setting|break_app_both_permissions|data_mode_off|user_abroad_roaming_disabled_on[PERSONA:Easy],candidate,,-69.0,repair_subset,Easy,5,apn|permission|wifi_calling|data_mode|roaming_disabled_on,target_favoring,
[mms_issue]bad_network_preference|bad_wifi_calling|break_apn_mms_setting|data_mode_off|user_abroad_roaming_disabled_off[PERSONA:Hard],static_delete,static_exclude_transfer_oracle;static_exclude_hybrid_roaming_disabled_off,1000.0,transfer,Hard,5,apn|wifi_calling|network_preference|data_mode|hybrid_roaming_disabled_off,neutral_other,
[mms_issue]bad_network_preference|bad_wifi_calling|break_app_sms_permission|data_mode_off|user_abroad_roaming_disabled_off[PERSONA:None],static_delete,static_exclude_transfer_oracle;static_exclude_hybrid_roaming_disabled_off,1000.0,transfer,None,5,permission|wifi_calling|network_preference|data_mode|hybrid_roaming_disabled_off,neutral_other,
[mms_issue]bad_network_preference|bad_wifi_calling|break_app_storage_permission|data_mode_off|user_abroad_roaming_disabled_off[PERSONA:Easy],static_delete,static_exclude_transfer_oracle;static_exclude_hybrid_roaming_disabled_off,1000.0,transfer,Easy,5,permission|wifi_calling|network_preference|data_mode|hybrid_roaming_disabled_off,neutral_other,
[mms_issue]bad_network_preference|bad_wifi_calling|break_app_both_permissions|data_mode_off|user_abroad_roaming_disabled_off[PERSONA:Hard],static_delete,static_exclude_transfer_oracle;static_exclude_hybrid_roaming_disabled_off,1000.0,transfer,Hard,5,permission|wifi_calling|network_preference|data_mode|hybrid_roaming_disabled_off,neutral_other,
[mms_issue]bad_network_preference|break_apn_mms_setting|break_app_sms_permission|data_mode_off|user_abroad_roaming_disabled_off[PERSONA:None],static_delete,static_exclude_transfer_oracle;static_exclude_hybrid_roaming_disabled_off,1000.0,transfer,None,5,apn|permission|network_preference|data_mode|hybrid_roaming_disabled_off,neutral_other,
[mms_issue]bad_network_preference|break_apn_mms_setting|break_app_storage_permission|data_mode_off|user_abroad_roaming_disabled_off[PERSONA:Easy],static_delete,static_exclude_transfer_oracle;static_exclude_hybrid_roaming_disabled_off,1000.0,transfer,Easy,5,apn|permission|network_preference|data_mode|hybrid_roaming_disabled_off,neutral_other,
[mms_issue]bad_network_preference|break_apn_mms_setting|break_app_both_permissions|data_mode_off|user_abroad_roaming_disabled_off[PERSONA:Hard],static_delete,static_exclude_transfer_oracle;static_exclude_hybrid_roaming_disabled_off,1000.0,transfer,Hard,5,apn|permission|network_preference|data_mode|hybrid_roaming_disabled_off,neutral_other,
[mms_issue]bad_wifi_calling|break_apn_mms_setting|break_app_sms_permission|data_mode_off|user_abroad_roaming_disabled_off[PERSONA:None],static_delete,static_exclude_transfer_oracle;static_exclude_hybrid_roaming_disabled_off,1000.0,transfer,None,5,apn|permission|wifi_calling|data_mode|hybrid_roaming_disabled_off,neutral_other,
[mms_issue]bad_wifi_calling|break_apn_mms_setting|break_app_storage_permission|data_mode_off|user_abroad_roaming_disabled_off[PERSONA:Easy],static_delete,static_exclude_transfer_oracle;static_exclude_hybrid_roaming_disabled_off,1000.0,transfer,Easy,5,apn|permission|wifi_calling|data_mode|hybrid_roaming_disabled_off,neutral_other,
[mms_issue]bad_wifi_calling|break_apn_mms_setting|break_app_both_permissions|data_mode_off|user_abroad_roaming_disabled_off[PERSONA:Hard],static_delete,static_exclude_transfer_oracle;static_exclude_hybrid_roaming_disabled_off,1000.0,transfer,Hard,5,apn|permission|wifi_calling|data_mode|hybrid_roaming_disabled_off,neutral_other,
[mms_issue]bad_network_preference|bad_wifi_calling|break_apn_mms_setting|break_app_sms_permission|data_mode_off[PERSONA:None],candidate,,-48.0,repair_all,None,5,apn|permission|wifi_calling|network_preference|data_mode,neutral_other,
[mms_issue]bad_network_preference|bad_wifi_calling|break_apn_mms_setting|break_app_storage_permission|data_mode_off[PERSONA:Easy],candidate,,-50.0,repair_all,Easy,5,apn|permission|wifi_calling|network_preference|data_mode,neutral_other,
[mms_issue]bad_network_preference|bad_wifi_calling|break_apn_mms_setting|break_app_both_permissions|data_mode_off[PERSONA:Hard],candidate,,-31.0,repair_all,Hard,5,apn|permission|wifi_calling|network_preference|data_mode,neutral_other,
[mms_issue]bad_network_preference|bad_wifi_calling|break_apn_mms_setting|data_usage_exceeded|user_abroad_roaming_enabled_off[PERSONA:None],candidate,,-73.0,repair_subset,None,5,apn|wifi_calling|network_preference|data_usage_exceeded|roaming_enabled_off,target_favoring,
[mms_issue]bad_network_preference|bad_wifi_calling|break_app_sms_permission|data_usage_exceeded|user_abroad_roaming_enabled_off[PERSONA:Easy],candidate,,-19.0,repair_subset,Easy,5,permission|wifi_calling|network_preference|data_usage_exceeded|roaming_enabled_off,neutral_other,
[mms_issue]bad_network_preference|bad_wifi_calling|break_app_storage_permission|data_usage_exceeded|user_abroad_roaming_enabled_off[PERSONA:Hard],candidate,,-18.0,repair_subset,Hard,5,permission|wifi_calling|network_preference|data_usage_exceeded|roaming_enabled_off,neutral_other,
[mms_issue]bad_network_preference|bad_wifi_calling|break_app_both_permissions|data_usage_exceeded|user_abroad_roaming_enabled_off[PERSONA:None],candidate,,-5.0,repair_subset,None,5,permission|wifi_calling|network_preference|data_usage_exceeded|roaming_enabled_off,neutral_other,
[mms_issue]bad_network_preference|break_apn_mms_setting|break_app_sms_permission|data_usage_exceeded|user_abroad_roaming_enabled_off[PERSONA:Easy],candidate,,-67.0,repair_subset,Easy,5,apn|permission|network_preference|data_usage_exceeded|roaming_enabled_off,target_favoring,
[mms_issue]bad_network_preference|break_apn_mms_setting|break_app_storage_permission|data_usage_exceeded|user_abroad_roaming_enabled_off[PERSONA:Hard],candidate,,-66.0,repair_subset,Hard,5,apn|permission|network_preference|data_usage_exceeded|roaming_enabled_off,target_favoring,
[mms_issue]bad_network_preference|break_apn_mms_setting|break_app_both_permissions|data_usage_exceeded|user_abroad_roaming_enabled_off[PERSONA:None],candidate,,-53.0,repair_subset,None,5,apn|permission|network_preference|data_usage_exceeded|roaming_enabled_off,target_favoring,
[mms_issue]bad_wifi_calling|break_apn_mms_setting|break_app_sms_permission|data_usage_exceeded|user_abroad_roaming_enabled_off[PERSONA:Easy],candidate,,-79.0,repair_subset,Easy,5,apn|permission|wifi_calling|data_usage_exceeded|roaming_enabled_off,target_favoring,
[mms_issue]bad_wifi_calling|break_apn_mms_setting|break_app_storage_permission|data_usage_exceeded|user_abroad_roaming_enabled_off[PERSONA:Hard],candidate,,-78.0,repair_subset,Hard,5,apn|permission|wifi_calling|data_usage_exceeded|roaming_enabled_off,target_favoring,
[mms_issue]bad_wifi_calling|break_apn_mms_setting|break_app_both_permissions|data_usage_exceeded|user_abroad_roaming_enabled_off[PERSONA:None],candidate,,-65.0,repair_subset,None,5,apn|permission|wifi_calling|data_usage_exceeded|roaming_enabled_off,target_favoring,
[mms_issue]bad_network_preference|bad_wifi_calling|break_apn_mms_setting|data_usage_exceeded|user_abroad_roaming_disabled_on[PERSONA:Easy],candidate,,-73.0,repair_subset,Easy,5,apn|wifi_calling|network_preference|data_usage_exceeded|roaming_disabled_on,target_favoring,
[mms_issue]bad_network_preference|bad_wifi_calling|break_app_sms_permission|data_usage_exceeded|user_abroad_roaming_disabled_on[PERSONA:Hard],candidate,,-16.0,repair_subset,Hard,5,permission|wifi_calling|network_preference|data_usage_exceeded|roaming_disabled_on,neutral_other,
[mms_issue]bad_network_preference|bad_wifi_calling|break_app_storage_permission|data_usage_exceeded|user_abroad_roaming_disabled_on[PERSONA:None],candidate,,-21.0,repair_subset,None,5,permission|wifi_calling|network_preference|data_usage_exceeded|roaming_disabled_on,neutral_other,
[mms_issue]bad_network_preference|bad_wifi_calling|break_app_both_permissions|data_usage_exceeded|user_abroad_roaming_disabled_on[PERSONA:Easy],candidate,,-5.0,repair_subset,Easy,5,permission|wifi_calling|network_preference|data_usage_exceeded|roaming_disabled_on,neutral_other,
[mms_issue]bad_network_preference|break_apn_mms_setting|break_app_sms_permission|data_usage_exceeded|user_abroad_roaming_disabled_on[PERSONA:Hard],candidate,,-64.0,repair_subset,Hard,5,apn|permission|network_preference|data_usage_exceeded|roaming_disabled_on,target_favoring,
[mms_issue]bad_network_preference|break_apn_mms_setting|break_app_storage_permission|data_usage_exceeded|user_abroad_roaming_disabled_on[PERSONA:None],candidate,,-69.0,repair_subset,None,5,apn|permission|network_preference|data_usage_exceeded|roaming_disabled_on,target_favoring,
[mms_issue]bad_network_preference|break_apn_mms_setting|break_app_both_permissions|data_usage_exceeded|user_abroad_roaming_disabled_on[PERSONA:Easy],candidate,,-53.0,repair_subset,Easy,5,apn|permission|network_preference|data_usage_exceeded|roaming_disabled_on,target_favoring,
[mms_issue]bad_wifi_calling|break_apn_mms_setting|break_app_sms_permission|data_usage_exceeded|user_abroad_roaming_disabled_on[PERSONA:Hard],candidate,,-76.0,repair_subset,Hard,5,apn|permission|wifi_calling|data_usage_exceeded|roaming_disabled_on,target_favoring,
[mms_issue]bad_wifi_calling|break_apn_mms_setting|break_app_storage_permission|data_usage_exceeded|user_abroad_roaming_disabled_on[PERSONA:None],candidate,,-81.0,repair_subset,None,5,apn|permission|wifi_calling|data_usage_exceeded|roaming_disabled_on,target_favoring,
[mms_issue]bad_wifi_calling|break_apn_mms_setting|break_app_both_permissions|data_usage_exceeded|user_abroad_roaming_disabled_on[PERSONA:Easy],candidate,,-65.0,repair_subset,Easy,5,apn|permission|wifi_calling|data_usage_exceeded|roaming_disabled_on,target_favoring,
[mms_issue]bad_network_preference|bad_wifi_calling|break_apn_mms_setting|data_usage_exceeded|user_abroad_roaming_disabled_off[PERSONA:Hard],static_delete,static_exclude_transfer_oracle;static_exclude_hybrid_roaming_disabled_off,1000.0,transfer,Hard,5,apn|wifi_calling|network_preference|data_usage_exceeded|hybrid_roaming_disabled_off,neutral_other,
[mms_issue]bad_network_preference|bad_wifi_calling|break_app_sms_permission|data_usage_exceeded|user_abroad_roaming_disabled_off[PERSONA:None],static_delete,static_exclude_transfer_oracle;static_exclude_hybrid_roaming_disabled_off,1000.0,transfer,None,5,permission|wifi_calling|network_preference|data_usage_exceeded|hybrid_roaming_disabled_off,neutral_other,
[mms_issue]bad_network_preference|bad_wifi_calling|break_app_storage_permission|data_usage_exceeded|user_abroad_roaming_disabled_off[PERSONA:Easy],static_delete,static_exclude_transfer_oracle;static_exclude_hybrid_roaming_disabled_off,1000.0,transfer,Easy,5,permission|wifi_calling|network_preference|data_usage_exceeded|hybrid_roaming_disabled_off,neutral_other,
[mms_issue]bad_network_preference|bad_wifi_calling|break_app_both_permissions|data_usage_exceeded|user_abroad_roaming_disabled_off[PERSONA:Hard],static_delete,static_exclude_transfer_oracle;static_exclude_hybrid_roaming_disabled_off,1000.0,transfer,Hard,5,permission|wifi_calling|network_preference|data_usage_exceeded|hybrid_roaming_disabled_off,neutral_other,
[mms_issue]bad_network_preference|break_apn_mms_setting|break_app_sms_permission|data_usage_exceeded|user_abroad_roaming_disabled_off[PERSONA:None],static_delete,static_exclude_transfer_oracle;static_exclude_hybrid_roaming_disabled_off,1000.0,transfer,None,5,apn|permission|network_preference|data_usage_exceeded|hybrid_roaming_disabled_off,neutral_other,
[mms_issue]bad_network_preference|break_apn_mms_setting|break_app_storage_permission|data_usage_exceeded|user_abroad_roaming_disabled_off[PERSONA:Easy],static_delete,static_exclude_transfer_oracle;static_exclude_hybrid_roaming_disabled_off,1000.0,transfer,Easy,5,apn|permission|network_preference|data_usage_exceeded|hybrid_roaming_disabled_off,neutral_other,
[mms_issue]bad_network_preference|break_apn_mms_setting|break_app_both_permissions|data_usage_exceeded|user_abroad_roaming_disabled_off[PERSONA:Hard],static_delete,static_exclude_transfer_oracle;static_exclude_hybrid_roaming_disabled_off,1000.0,transfer,Hard,5,apn|permission|network_preference|data_usage_exceeded|hybrid_roaming_disabled_off,neutral_other,
[mms_issue]bad_wifi_calling|break_apn_mms_setting|break_app_sms_permission|data_usage_exceeded|user_abroad_roaming_disabled_off[PERSONA:None],static_delete,static_exclude_transfer_oracle;static_exclude_hybrid_roaming_disabled_off,1000.0,transfer,None,5,apn|permission|wifi_calling|data_usage_exceeded|hybrid_roaming_disabled_off,neutral_other,
[mms_issue]bad_wifi_calling|break_apn_mms_setting|break_app_storage_permission|data_usage_exceeded|user_abroad_roaming_disabled_off[PERSONA:Easy],static_delete,static_exclude_transfer_oracle;static_exclude_hybrid_roaming_disabled_off,1000.0,transfer,Easy,5,apn|permission|wifi_calling|data_usage_exceeded|hybrid_roaming_disabled_off,neutral_other,
[mms_issue]bad_wifi_calling|break_apn_mms_setting|break_app_both_permissions|data_usage_exceeded|user_abroad_roaming_disabled_off[PERSONA:Hard],static_delete,static_exclude_transfer_oracle;static_exclude_hybrid_roaming_disabled_off,1000.0,transfer,Hard,5,apn|permission|wifi_calling|data_usage_exceeded|hybrid_roaming_disabled_off,neutral_other,
[mms_issue]bad_network_preference|bad_wifi_calling|break_apn_mms_setting|break_app_sms_permission|data_usage_exceeded[PERSONA:None],candidate,,-19.0,repair_subset,None,5,apn|permission|wifi_calling|network_preference|data_usage_exceeded,neutral_other,
[mms_issue]bad_network_preference|bad_wifi_calling|break_apn_mms_setting|break_app_storage_permission|data_usage_exceeded[PERSONA:Easy],candidate,,-21.0,repair_subset,Easy,5,apn|permission|wifi_calling|network_preference|data_usage_exceeded,neutral_other,
[mms_issue]bad_network_preference|bad_wifi_calling|break_apn_mms_setting|break_app_both_permissions|data_usage_exceeded[PERSONA:Hard],candidate,,-2.0,repair_subset,Hard,5,apn|permission|wifi_calling|network_preference|data_usage_exceeded,neutral_other,
[mms_issue]bad_network_preference|bad_wifi_calling|break_apn_mms_setting|break_app_sms_permission|user_abroad_roaming_enabled_off[PERSONA:None],candidate,,-108.0,repair_all,None,5,apn|permission|wifi_calling|network_preference|roaming_enabled_off,target_favoring,
[mms_issue]bad_network_preference|bad_wifi_calling|break_apn_mms_setting|break_app_storage_permission|user_abroad_roaming_enabled_off[PERSONA:Easy],candidate,,-110.0,repair_all,Easy,5,apn|permission|wifi_calling|network_preference|roaming_enabled_off,target_favoring,
[mms_issue]bad_network_preference|bad_wifi_calling|break_apn_mms_setting|break_app_both_permissions|user_abroad_roaming_enabled_off[PERSONA:Hard],candidate,,-91.0,repair_all,Hard,5,apn|permission|wifi_calling|network_preference|roaming_enabled_off,target_favoring,
[mms_issue]bad_network_preference|bad_wifi_calling|break_apn_mms_setting|break_app_sms_permission|user_abroad_roaming_disabled_on[PERSONA:None],candidate,,-83.0,repair_subset,None,5,apn|permission|wifi_calling|network_preference|roaming_disabled_on,target_favoring,
[mms_issue]bad_network_preference|bad_wifi_calling|break_apn_mms_setting|break_app_storage_permission|user_abroad_roaming_disabled_on[PERSONA:Easy],candidate,,-85.0,repair_subset,Easy,5,apn|permission|wifi_calling|network_preference|roaming_disabled_on,target_favoring,
[mms_issue]bad_network_preference|bad_wifi_calling|break_apn_mms_setting|break_app_both_permissions|user_abroad_roaming_disabled_on[PERSONA:Hard],candidate,,-66.0,repair_subset,Hard,5,apn|permission|wifi_calling|network_preference|roaming_disabled_on,target_favoring,
[mms_issue]bad_network_preference|bad_wifi_calling|break_apn_mms_setting|break_app_sms_permission|user_abroad_roaming_disabled_off[PERSONA:None],static_delete,static_exclude_transfer_oracle;static_exclude_hybrid_roaming_disabled_off,1000.0,transfer,None,5,apn|permission|wifi_calling|network_preference|hybrid_roaming_disabled_off,neutral_other,
[mms_issue]bad_network_preference|bad_wifi_calling|break_apn_mms_setting|break_app_storage_permission|user_abroad_roaming_disabled_off[PERSONA:Easy],static_delete,static_exclude_transfer_oracle;static_exclude_hybrid_roaming_disabled_off,1000.0,transfer,Easy,5,apn|permission|wifi_calling|network_preference|hybrid_roaming_disabled_off,neutral_other,
[mms_issue]bad_network_preference|bad_wifi_calling|break_apn_mms_setting|break_app_both_permissions|user_abroad_roaming_disabled_off[PERSONA:Hard],static_delete,static_exclude_transfer_oracle;static_exclude_hybrid_roaming_disabled_off,1000.0,transfer,Hard,5,apn|permission|wifi_calling|network_preference|hybrid_roaming_disabled_off,neutral_other,
[mms_issue]airplane_mode_on|bad_network_preference|data_mode_off|data_usage_exceeded|unseat_sim_card|user_abroad_roaming_enabled_off[PERSONA:None],static_delete,static_exclude_low_priority_nontransfer_shape,1000.0,repair_subset,None,6,network_preference|sim|data_mode|data_usage_exceeded|roaming_enabled_off,neutral_other,
[mms_issue]airplane_mode_on|bad_wifi_calling|data_mode_off|data_usage_exceeded|unseat_sim_card|user_abroad_roaming_enabled_off[PERSONA:Easy],static_delete,static_exclude_low_priority_nontransfer_shape,1000.0,repair_subset,Easy,6,wifi_calling|sim|data_mode|data_usage_exceeded|roaming_enabled_off,neutral_other,
[mms_issue]airplane_mode_on|break_apn_mms_setting|data_mode_off|data_usage_exceeded|unseat_sim_card|user_abroad_roaming_enabled_off[PERSONA:Hard],candidate,,-55.0,repair_subset,Hard,6,apn|sim|data_mode|data_usage_exceeded|roaming_enabled_off,target_favoring,
[mms_issue]airplane_mode_on|break_app_sms_permission|data_mode_off|data_usage_exceeded|unseat_sim_card|user_abroad_roaming_enabled_off[PERSONA:None],static_delete,static_exclude_low_priority_nontransfer_shape,1000.0,repair_subset,None,6,permission|sim|data_mode|data_usage_exceeded|roaming_enabled_off,neutral_other,
[mms_issue]airplane_mode_on|break_app_storage_permission|data_mode_off|data_usage_exceeded|unseat_sim_card|user_abroad_roaming_enabled_off[PERSONA:Easy],static_delete,static_exclude_low_priority_nontransfer_shape,1000.0,repair_subset,Easy,6,permission|sim|data_mode|data_usage_exceeded|roaming_enabled_off,neutral_other,
[mms_issue]airplane_mode_on|break_app_both_permissions|data_mode_off|data_usage_exceeded|unseat_sim_card|user_abroad_roaming_enabled_off[PERSONA:Hard],static_delete,static_exclude_low_priority_nontransfer_shape,1000.0,repair_subset,Hard,6,permission|sim|data_mode|data_usage_exceeded|roaming_enabled_off,neutral_other,
[mms_issue]airplane_mode_on|bad_network_preference|data_mode_off|data_usage_exceeded|unseat_sim_card|user_abroad_roaming_disabled_on[PERSONA:None],static_delete,static_exclude_low_priority_nontransfer_shape,1000.0,repair_subset,None,6,network_preference|sim|data_mode|data_usage_exceeded|roaming_disabled_on,neutral_other,
[mms_issue]airplane_mode_on|bad_wifi_calling|data_mode_off|data_usage_exceeded|unseat_sim_card|user_abroad_roaming_disabled_on[PERSONA:Easy],static_delete,static_exclude_low_priority_nontransfer_shape,1000.0,repair_subset,Easy,6,wifi_calling|sim|data_mode|data_usage_exceeded|roaming_disabled_on,neutral_other,
[mms_issue]airplane_mode_on|break_apn_mms_setting|data_mode_off|data_usage_exceeded|unseat_sim_card|user_abroad_roaming_disabled_on[PERSONA:Hard],candidate,,-55.0,repair_subset,Hard,6,apn|sim|data_mode|data_usage_exceeded|roaming_disabled_on,target_favoring,
[mms_issue]airplane_mode_on|break_app_sms_permission|data_mode_off|data_usage_exceeded|unseat_sim_card|user_abroad_roaming_disabled_on[PERSONA:None],static_delete,static_exclude_low_priority_nontransfer_shape,1000.0,repair_subset,None,6,permission|sim|data_mode|data_usage_exceeded|roaming_disabled_on,neutral_other,
[mms_issue]airplane_mode_on|break_app_storage_permission|data_mode_off|data_usage_exceeded|unseat_sim_card|user_abroad_roaming_disabled_on[PERSONA:Easy],static_delete,static_exclude_low_priority_nontransfer_shape,1000.0,repair_subset,Easy,6,permission|sim|data_mode|data_usage_exceeded|roaming_disabled_on,neutral_other,
[mms_issue]airplane_mode_on|break_app_both_permissions|data_mode_off|data_usage_exceeded|unseat_sim_card|user_abroad_roaming_disabled_on[PERSONA:Hard],static_delete,static_exclude_low_priority_nontransfer_shape,1000.0,repair_subset,Hard,6,permission|sim|data_mode|data_usage_exceeded|roaming_disabled_on,neutral_other,
[mms_issue]airplane_mode_on|bad_network_preference|data_mode_off|data_usage_exceeded|unseat_sim_card|user_abroad_roaming_disabled_off[PERSONA:None],static_delete,static_exclude_transfer_oracle;static_exclude_hybrid_roaming_disabled_off,1000.0,transfer,None,6,network_preference|sim|data_mode|data_usage_exceeded|hybrid_roaming_disabled_off,neutral_other,
[mms_issue]airplane_mode_on|bad_wifi_calling|data_mode_off|data_usage_exceeded|unseat_sim_card|user_abroad_roaming_disabled_off[PERSONA:Easy],static_delete,static_exclude_transfer_oracle;static_exclude_hybrid_roaming_disabled_off,1000.0,transfer,Easy,6,wifi_calling|sim|data_mode|data_usage_exceeded|hybrid_roaming_disabled_off,neutral_other,
[mms_issue]airplane_mode_on|break_apn_mms_setting|data_mode_off|data_usage_exceeded|unseat_sim_card|user_abroad_roaming_disabled_off[PERSONA:Hard],static_delete,static_exclude_transfer_oracle;static_exclude_hybrid_roaming_disabled_off,1000.0,transfer,Hard,6,apn|sim|data_mode|data_usage_exceeded|hybrid_roaming_disabled_off,neutral_other,
[mms_issue]airplane_mode_on|break_app_sms_permission|data_mode_off|data_usage_exceeded|unseat_sim_card|user_abroad_roaming_disabled_off[PERSONA:None],static_delete,static_exclude_transfer_oracle;static_exclude_hybrid_roaming_disabled_off,1000.0,transfer,None,6,permission|sim|data_mode|data_usage_exceeded|hybrid_roaming_disabled_off,neutral_other,
[mms_issue]airplane_mode_on|break_app_storage_permission|data_mode_off|data_usage_exceeded|unseat_sim_card|user_abroad_roaming_disabled_off[PERSONA:Easy],static_delete,static_exclude_transfer_oracle;static_exclude_hybrid_roaming_disabled_off,1000.0,transfer,Easy,6,permission|sim|data_mode|data_usage_exceeded|hybrid_roaming_disabled_off,neutral_other,
[mms_issue]airplane_mode_on|break_app_both_permissions|data_mode_off|data_usage_exceeded|unseat_sim_card|user_abroad_roaming_disabled_off[PERSONA:Hard],static_delete,static_exclude_transfer_oracle;static_exclude_hybrid_roaming_disabled_off,1000.0,transfer,Hard,6,permission|sim|data_mode|data_usage_exceeded|hybrid_roaming_disabled_off,neutral_other,
[mms_issue]airplane_mode_on|bad_network_preference|bad_wifi_calling|data_mode_off|data_usage_exceeded|unseat_sim_card[PERSONA:None],static_delete,static_exclude_low_priority_nontransfer_shape,1000.0,repair_subset,None,6,wifi_calling|network_preference|sim|data_mode|data_usage_exceeded,neutral_other,
[mms_issue]airplane_mode_on|bad_network_preference|break_apn_mms_setting|data_mode_off|data_usage_exceeded|unseat_sim_card[PERSONA:Easy],candidate,,-58.0,repair_subset,Easy,6,apn|network_preference|sim|data_mode|data_usage_exceeded,target_favoring,
[mms_issue]airplane_mode_on|bad_network_preference|break_app_sms_permission|data_mode_off|data_usage_exceeded|unseat_sim_card[PERSONA:Hard],static_delete,static_exclude_low_priority_nontransfer_shape,1000.0,repair_subset,Hard,6,permission|network_preference|sim|data_mode|data_usage_exceeded,neutral_other,
[mms_issue]airplane_mode_on|bad_network_preference|break_app_storage_permission|data_mode_off|data_usage_exceeded|unseat_sim_card[PERSONA:None],static_delete,static_exclude_low_priority_nontransfer_shape,1000.0,repair_subset,None,6,permission|network_preference|sim|data_mode|data_usage_exceeded,neutral_other,
[mms_issue]airplane_mode_on|bad_network_preference|break_app_both_permissions|data_mode_off|data_usage_exceeded|unseat_sim_card[PERSONA:Easy],static_delete,static_exclude_low_priority_nontransfer_shape,1000.0,repair_subset,Easy,6,permission|network_preference|sim|data_mode|data_usage_exceeded,neutral_other,
[mms_issue]airplane_mode_on|bad_wifi_calling|break_apn_mms_setting|data_mode_off|data_usage_exceeded|unseat_sim_card[PERSONA:Hard],candidate,,-67.0,repair_subset,Hard,6,apn|wifi_calling|sim|data_mode|data_usage_exceeded,target_favoring,
[mms_issue]airplane_mode_on|bad_wifi_calling|break_app_sms_permission|data_mode_off|data_usage_exceeded|unseat_sim_card[PERSONA:None],static_delete,static_exclude_low_priority_nontransfer_shape,1000.0,repair_subset,None,6,permission|wifi_calling|sim|data_mode|data_usage_exceeded,neutral_other,
[mms_issue]airplane_mode_on|bad_wifi_calling|break_app_storage_permission|data_mode_off|data_usage_exceeded|unseat_sim_card[PERSONA:Easy],static_delete,static_exclude_low_priority_nontransfer_shape,1000.0,repair_subset,Easy,6,permission|wifi_calling|sim|data_mode|data_usage_exceeded,neutral_other,
[mms_issue]airplane_mode_on|bad_wifi_calling|break_app_both_permissions|data_mode_off|data_usage_exceeded|unseat_sim_card[PERSONA:Hard],static_delete,static_exclude_low_priority_nontransfer_shape,1000.0,repair_subset,Hard,6,permission|wifi_calling|sim|data_mode|data_usage_exceeded,neutral_other,
[mms_issue]airplane_mode_on|break_apn_mms_setting|break_app_sms_permission|data_mode_off|data_usage_exceeded|unseat_sim_card[PERSONA:None],candidate,,-64.0,repair_subset,None,6,apn|permission|sim|data_mode|data_usage_exceeded,target_favoring,
[mms_issue]airplane_mode_on|break_apn_mms_setting|break_app_storage_permission|data_mode_off|data_usage_exceeded|unseat_sim_card[PERSONA:Easy],candidate,,-66.0,repair_subset,Easy,6,apn|permission|sim|data_mode|data_usage_exceeded,target_favoring,
[mms_issue]airplane_mode_on|break_apn_mms_setting|break_app_both_permissions|data_mode_off|data_usage_exceeded|unseat_sim_card[PERSONA:Hard],candidate,,-47.0,repair_subset,Hard,6,apn|permission|sim|data_mode|data_usage_exceeded,target_favoring,
[mms_issue]airplane_mode_on|bad_network_preference|bad_wifi_calling|data_mode_off|unseat_sim_card|user_abroad_roaming_enabled_off[PERSONA:None],candidate,,-40.0,repair_all,None,6,wifi_calling|network_preference|sim|data_mode|roaming_enabled_off,neutral_other,
[mms_issue]airplane_mode_on|bad_network_preference|break_apn_mms_setting|data_mode_off|unseat_sim_card|user_abroad_roaming_enabled_off[PERSONA:Easy],candidate,,-88.0,repair_all,Easy,6,apn|network_preference|sim|data_mode|roaming_enabled_off,target_favoring,
[mms_issue]airplane_mode_on|bad_network_preference|break_app_sms_permission|data_mode_off|unseat_sim_card|user_abroad_roaming_enabled_off[PERSONA:Hard],candidate,,-31.0,repair_all,Hard,6,permission|network_preference|sim|data_mode|roaming_enabled_off,neutral_other,
[mms_issue]airplane_mode_on|bad_network_preference|break_app_storage_permission|data_mode_off|unseat_sim_card|user_abroad_roaming_enabled_off[PERSONA:None],candidate,,-36.0,repair_all,None,6,permission|network_preference|sim|data_mode|roaming_enabled_off,neutral_other,
[mms_issue]airplane_mode_on|bad_network_preference|break_app_both_permissions|data_mode_off|unseat_sim_card|user_abroad_roaming_enabled_off[PERSONA:Easy],candidate,,-20.0,repair_all,Easy,6,permission|network_preference|sim|data_mode|roaming_enabled_off,neutral_other,
[mms_issue]airplane_mode_on|bad_wifi_calling|break_apn_mms_setting|data_mode_off|unseat_sim_card|user_abroad_roaming_enabled_off[PERSONA:Hard],candidate,,-97.0,repair_all,Hard,6,apn|wifi_calling|sim|data_mode|roaming_enabled_off,target_favoring,
[mms_issue]airplane_mode_on|bad_wifi_calling|break_app_sms_permission|data_mode_off|unseat_sim_card|user_abroad_roaming_enabled_off[PERSONA:None],candidate,,-46.0,repair_all,None,6,permission|wifi_calling|sim|data_mode|roaming_enabled_off,neutral_other,
[mms_issue]airplane_mode_on|bad_wifi_calling|break_app_storage_permission|data_mode_off|unseat_sim_card|user_abroad_roaming_enabled_off[PERSONA:Easy],candidate,,-48.0,repair_all,Easy,6,permission|wifi_calling|sim|data_mode|roaming_enabled_off,neutral_other,
[mms_issue]airplane_mode_on|bad_wifi_calling|break_app_both_permissions|data_mode_off|unseat_sim_card|user_abroad_roaming_enabled_off[PERSONA:Hard],candidate,,-29.0,repair_all,Hard,6,permission|wifi_calling|sim|data_mode|roaming_enabled_off,neutral_other,
[mms_issue]airplane_mode_on|break_apn_mms_setting|break_app_sms_permission|data_mode_off|unseat_sim_card|user_abroad_roaming_enabled_off[PERSONA:None],candidate,,-94.0,repair_all,None,6,apn|permission|sim|data_mode|roaming_enabled_off,target_favoring,
[mms_issue]airplane_mode_on|break_apn_mms_setting|break_app_storage_permission|data_mode_off|unseat_sim_card|user_abroad_roaming_enabled_off[PERSONA:Easy],candidate,,-96.0,repair_all,Easy,6,apn|permission|sim|data_mode|roaming_enabled_off,target_favoring,
[mms_issue]airplane_mode_on|break_apn_mms_setting|break_app_both_permissions|data_mode_off|unseat_sim_card|user_abroad_roaming_enabled_off[PERSONA:Hard],candidate,,-77.0,repair_all,Hard,6,apn|permission|sim|data_mode|roaming_enabled_off,target_favoring,
[mms_issue]airplane_mode_on|bad_network_preference|bad_wifi_calling|data_mode_off|unseat_sim_card|user_abroad_roaming_disabled_on[PERSONA:None],static_delete,static_exclude_low_priority_nontransfer_shape,1000.0,repair_subset,None,6,wifi_calling|network_preference|sim|data_mode|roaming_disabled_on,neutral_other,
[mms_issue]airplane_mode_on|bad_network_preference|break_apn_mms_setting|data_mode_off|unseat_sim_card|user_abroad_roaming_disabled_on[PERSONA:Easy],candidate,,-62.0,repair_subset,Easy,6,apn|network_preference|sim|data_mode|roaming_disabled_on,target_favoring,
[mms_issue]airplane_mode_on|bad_network_preference|break_app_sms_permission|data_mode_off|unseat_sim_card|user_abroad_roaming_disabled_on[PERSONA:Hard],static_delete,static_exclude_low_priority_nontransfer_shape,1000.0,repair_subset,Hard,6,permission|network_preference|sim|data_mode|roaming_disabled_on,neutral_other,
[mms_issue]airplane_mode_on|bad_network_preference|break_app_storage_permission|data_mode_off|unseat_sim_card|user_abroad_roaming_disabled_on[PERSONA:None],static_delete,static_exclude_low_priority_nontransfer_shape,1000.0,repair_subset,None,6,permission|network_preference|sim|data_mode|roaming_disabled_on,neutral_other,
[mms_issue]airplane_mode_on|bad_network_preference|break_app_both_permissions|data_mode_off|unseat_sim_card|user_abroad_roaming_disabled_on[PERSONA:Easy],static_delete,static_exclude_low_priority_nontransfer_shape,1000.0,repair_subset,Easy,6,permission|network_preference|sim|data_mode|roaming_disabled_on,neutral_other,
[mms_issue]airplane_mode_on|bad_wifi_calling|break_apn_mms_setting|data_mode_off|unseat_sim_card|user_abroad_roaming_disabled_on[PERSONA:Hard],candidate,,-71.0,repair_subset,Hard,6,apn|wifi_calling|sim|data_mode|roaming_disabled_on,target_favoring,
[mms_issue]airplane_mode_on|bad_wifi_calling|break_app_sms_permission|data_mode_off|unseat_sim_card|user_abroad_roaming_disabled_on[PERSONA:None],static_delete,static_exclude_low_priority_nontransfer_shape,1000.0,repair_subset,None,6,permission|wifi_calling|sim|data_mode|roaming_disabled_on,neutral_other,
[mms_issue]airplane_mode_on|bad_wifi_calling|break_app_storage_permission|data_mode_off|unseat_sim_card|user_abroad_roaming_disabled_on[PERSONA:Easy],static_delete,static_exclude_low_priority_nontransfer_shape,1000.0,repair_subset,Easy,6,permission|wifi_calling|sim|data_mode|roaming_disabled_on,neutral_other,
[mms_issue]airplane_mode_on|bad_wifi_calling|break_app_both_permissions|data_mode_off|unseat_sim_card|user_abroad_roaming_disabled_on[PERSONA:Hard],static_delete,static_exclude_low_priority_nontransfer_shape,1000.0,repair_subset,Hard,6,permission|wifi_calling|sim|data_mode|roaming_disabled_on,neutral_other,
[mms_issue]airplane_mode_on|break_apn_mms_setting|break_app_sms_permission|data_mode_off|unseat_sim_card|user_abroad_roaming_disabled_on[PERSONA:None],candidate,,-68.0,repair_subset,None,6,apn|permission|sim|data_mode|roaming_disabled_on,target_favoring,
[mms_issue]airplane_mode_on|break_apn_mms_setting|break_app_storage_permission|data_mode_off|unseat_sim_card|user_abroad_roaming_disabled_on[PERSONA:Easy],candidate,,-70.0,repair_subset,Easy,6,apn|permission|sim|data_mode|roaming_disabled_on,target_favoring,
[mms_issue]airplane_mode_on|break_apn_mms_setting|break_app_both_permissions|data_mode_off|unseat_sim_card|user_abroad_roaming_disabled_on[PERSONA:Hard],candidate,,-51.0,repair_subset,Hard,6,apn|permission|sim|data_mode|roaming_disabled_on,target_favoring,
[mms_issue]airplane_mode_on|bad_network_preference|bad_wifi_calling|data_mode_off|unseat_sim_card|user_abroad_roaming_disabled_off[PERSONA:None],static_delete,static_exclude_transfer_oracle;static_exclude_hybrid_roaming_disabled_off,1000.0,transfer,None,6,wifi_calling|network_preference|sim|data_mode|hybrid_roaming_disabled_off,neutral_other,
[mms_issue]airplane_mode_on|bad_network_preference|break_apn_mms_setting|data_mode_off|unseat_sim_card|user_abroad_roaming_disabled_off[PERSONA:Easy],static_delete,static_exclude_transfer_oracle;static_exclude_hybrid_roaming_disabled_off,1000.0,transfer,Easy,6,apn|network_preference|sim|data_mode|hybrid_roaming_disabled_off,neutral_other,
[mms_issue]airplane_mode_on|bad_network_preference|break_app_sms_permission|data_mode_off|unseat_sim_card|user_abroad_roaming_disabled_off[PERSONA:Hard],static_delete,static_exclude_transfer_oracle;static_exclude_hybrid_roaming_disabled_off,1000.0,transfer,Hard,6,permission|network_preference|sim|data_mode|hybrid_roaming_disabled_off,neutral_other,
[mms_issue]airplane_mode_on|bad_network_preference|break_app_storage_permission|data_mode_off|unseat_sim_card|user_abroad_roaming_disabled_off[PERSONA:None],static_delete,static_exclude_transfer_oracle;static_exclude_hybrid_roaming_disabled_off,1000.0,transfer,None,6,permission|network_preference|sim|data_mode|hybrid_roaming_disabled_off,neutral_other,
[mms_issue]airplane_mode_on|bad_network_preference|break_app_both_permissions|data_mode_off|unseat_sim_card|user_abroad_roaming_disabled_off[PERSONA:Easy],static_delete,static_exclude_transfer_oracle;static_exclude_hybrid_roaming_disabled_off,1000.0,transfer,Easy,6,permission|network_preference|sim|data_mode|hybrid_roaming_disabled_off,neutral_other,
[mms_issue]airplane_mode_on|bad_wifi_calling|break_apn_mms_setting|data_mode_off|unseat_sim_card|user_abroad_roaming_disabled_off[PERSONA:Hard],static_delete,static_exclude_transfer_oracle;static_exclude_hybrid_roaming_disabled_off,1000.0,transfer,Hard,6,apn|wifi_calling|sim|data_mode|hybrid_roaming_disabled_off,neutral_other,
[mms_issue]airplane_mode_on|bad_wifi_calling|break_app_sms_permission|data_mode_off|unseat_sim_card|user_abroad_roaming_disabled_off[PERSONA:None],static_delete,static_exclude_transfer_oracle;static_exclude_hybrid_roaming_disabled_off,1000.0,transfer,None,6,permission|wifi_calling|sim|data_mode|hybrid_roaming_disabled_off,neutral_other,
[mms_issue]airplane_mode_on|bad_wifi_calling|break_app_storage_permission|data_mode_off|unseat_sim_card|user_abroad_roaming_disabled_off[PERSONA:Easy],static_delete,static_exclude_transfer_oracle;static_exclude_hybrid_roaming_disabled_off,1000.0,transfer,Easy,6,permission|wifi_calling|sim|data_mode|hybrid_roaming_disabled_off,neutral_other,
[mms_issue]airplane_mode_on|bad_wifi_calling|break_app_both_permissions|data_mode_off|unseat_sim_card|user_abroad_roaming_disabled_off[PERSONA:Hard],static_delete,static_exclude_transfer_oracle;static_exclude_hybrid_roaming_disabled_off,1000.0,transfer,Hard,6,permission|wifi_calling|sim|data_mode|hybrid_roaming_disabled_off,neutral_other,
[mms_issue]airplane_mode_on|break_apn_mms_setting|break_app_sms_permission|data_mode_off|unseat_sim_card|user_abroad_roaming_disabled_off[PERSONA:None],static_delete,static_exclude_transfer_oracle;static_exclude_hybrid_roaming_disabled_off,1000.0,transfer,None,6,apn|permission|sim|data_mode|hybrid_roaming_disabled_off,neutral_other,
[mms_issue]airplane_mode_on|break_apn_mms_setting|break_app_storage_permission|data_mode_off|unseat_sim_card|user_abroad_roaming_disabled_off[PERSONA:Easy],static_delete,static_exclude_transfer_oracle;static_exclude_hybrid_roaming_disabled_off,1000.0,transfer,Easy,6,apn|permission|sim|data_mode|hybrid_roaming_disabled_off,neutral_other,
[mms_issue]airplane_mode_on|break_apn_mms_setting|break_app_both_permissions|data_mode_off|unseat_sim_card|user_abroad_roaming_disabled_off[PERSONA:Hard],static_delete,static_exclude_transfer_oracle;static_exclude_hybrid_roaming_disabled_off,1000.0,transfer,Hard,6,apn|permission|sim|data_mode|hybrid_roaming_disabled_off,neutral_other,
[mms_issue]airplane_mode_on|bad_network_preference|bad_wifi_calling|break_apn_mms_setting|data_mode_off|unseat_sim_card[PERSONA:None],candidate,,-100.0,repair_all,None,6,apn|wifi_calling|network_preference|sim|data_mode,target_favoring,
[mms_issue]airplane_mode_on|bad_network_preference|bad_wifi_calling|break_app_sms_permission|data_mode_off|unseat_sim_card[PERSONA:Easy],candidate,,-546.0,repair_all,Easy,6,permission|wifi_calling|network_preference|sim|data_mode,neutral_other,keep
[mms_issue]airplane_mode_on|bad_network_preference|bad_wifi_calling|break_app_storage_permission|data_mode_off|unseat_sim_card[PERSONA:Hard],candidate,,-45.0,repair_all,Hard,6,permission|wifi_calling|network_preference|sim|data_mode,neutral_other,
[mms_issue]airplane_mode_on|bad_network_preference|bad_wifi_calling|break_app_both_permissions|data_mode_off|unseat_sim_card[PERSONA:None],candidate,,-32.0,repair_all,None,6,permission|wifi_calling|network_preference|sim|data_mode,neutral_other,
[mms_issue]airplane_mode_on|bad_network_preference|break_apn_mms_setting|break_app_sms_permission|data_mode_off|unseat_sim_card[PERSONA:Easy],candidate,,-94.0,repair_all,Easy,6,apn|permission|network_preference|sim|data_mode,target_favoring,
[mms_issue]airplane_mode_on|bad_network_preference|break_apn_mms_setting|break_app_storage_permission|data_mode_off|unseat_sim_card[PERSONA:Hard],candidate,,-93.0,repair_all,Hard,6,apn|permission|network_preference|sim|data_mode,target_favoring,
[mms_issue]airplane_mode_on|bad_network_preference|break_apn_mms_setting|break_app_both_permissions|data_mode_off|unseat_sim_card[PERSONA:None],candidate,,-80.0,repair_all,None,6,apn|permission|network_preference|sim|data_mode,target_favoring,
[mms_issue]airplane_mode_on|bad_wifi_calling|break_apn_mms_setting|break_app_sms_permission|data_mode_off|unseat_sim_card[PERSONA:Easy],candidate,,-106.0,repair_all,Easy,6,apn|permission|wifi_calling|sim|data_mode,target_favoring,
[mms_issue]airplane_mode_on|bad_wifi_calling|break_apn_mms_setting|break_app_storage_permission|data_mode_off|unseat_sim_card[PERSONA:Hard],candidate,,-105.0,repair_all,Hard,6,apn|permission|wifi_calling|sim|data_mode,target_favoring,
[mms_issue]airplane_mode_on|bad_wifi_calling|break_apn_mms_setting|break_app_both_permissions|data_mode_off|unseat_sim_card[PERSONA:None],candidate,,-92.0,repair_all,None,6,apn|permission|wifi_calling|sim|data_mode,target_favoring,
[mms_issue]airplane_mode_on|bad_network_preference|bad_wifi_calling|data_usage_exceeded|unseat_sim_card|user_abroad_roaming_enabled_off[PERSONA:Easy],static_delete,static_exclude_low_priority_nontransfer_shape,1000.0,repair_subset,Easy,6,wifi_calling|network_preference|sim|data_usage_exceeded|roaming_enabled_off,neutral_other,
[mms_issue]airplane_mode_on|bad_network_preference|break_apn_mms_setting|data_usage_exceeded|unseat_sim_card|user_abroad_roaming_enabled_off[PERSONA:Hard],candidate,,-55.0,repair_subset,Hard,6,apn|network_preference|sim|data_usage_exceeded|roaming_enabled_off,target_favoring,
[mms_issue]airplane_mode_on|bad_network_preference|break_app_sms_permission|data_usage_exceeded|unseat_sim_card|user_abroad_roaming_enabled_off[PERSONA:None],static_delete,static_exclude_low_priority_nontransfer_shape,1000.0,repair_subset,None,6,permission|network_preference|sim|data_usage_exceeded|roaming_enabled_off,neutral_other,
[mms_issue]airplane_mode_on|bad_network_preference|break_app_storage_permission|data_usage_exceeded|unseat_sim_card|user_abroad_roaming_enabled_off[PERSONA:Easy],static_delete,static_exclude_low_priority_nontransfer_shape,1000.0,repair_subset,Easy,6,permission|network_preference|sim|data_usage_exceeded|roaming_enabled_off,neutral_other,
[mms_issue]airplane_mode_on|bad_network_preference|break_app_both_permissions|data_usage_exceeded|unseat_sim_card|user_abroad_roaming_enabled_off[PERSONA:Hard],static_delete,static_exclude_low_priority_nontransfer_shape,1000.0,repair_subset,Hard,6,permission|network_preference|sim|data_usage_exceeded|roaming_enabled_off,neutral_other,
[mms_issue]airplane_mode_on|bad_wifi_calling|break_apn_mms_setting|data_usage_exceeded|unseat_sim_card|user_abroad_roaming_enabled_off[PERSONA:None],candidate,,-70.0,repair_subset,None,6,apn|wifi_calling|sim|data_usage_exceeded|roaming_enabled_off,target_favoring,
[mms_issue]airplane_mode_on|bad_wifi_calling|break_app_sms_permission|data_usage_exceeded|unseat_sim_card|user_abroad_roaming_enabled_off[PERSONA:Easy],static_delete,static_exclude_low_priority_nontransfer_shape,1000.0,repair_subset,Easy,6,permission|wifi_calling|sim|data_usage_exceeded|roaming_enabled_off,neutral_other,
[mms_issue]airplane_mode_on|bad_wifi_calling|break_app_storage_permission|data_usage_exceeded|unseat_sim_card|user_abroad_roaming_enabled_off[PERSONA:Hard],static_delete,static_exclude_low_priority_nontransfer_shape,1000.0,repair_subset,Hard,6,permission|wifi_calling|sim|data_usage_exceeded|roaming_enabled_off,neutral_other,
[mms_issue]airplane_mode_on|bad_wifi_calling|break_app_both_permissions|data_usage_exceeded|unseat_sim_card|user_abroad_roaming_enabled_off[PERSONA:None],static_delete,static_exclude_low_priority_nontransfer_shape,1000.0,repair_subset,None,6,permission|wifi_calling|sim|data_usage_exceeded|roaming_enabled_off,neutral_other,
[mms_issue]airplane_mode_on|break_apn_mms_setting|break_app_sms_permission|data_usage_exceeded|unseat_sim_card|user_abroad_roaming_enabled_off[PERSONA:Easy],candidate,,-64.0,repair_subset,Easy,6,apn|permission|sim|data_usage_exceeded|roaming_enabled_off,target_favoring,
[mms_issue]airplane_mode_on|break_apn_mms_setting|break_app_storage_permission|data_usage_exceeded|unseat_sim_card|user_abroad_roaming_enabled_off[PERSONA:Hard],candidate,,-63.0,repair_subset,Hard,6,apn|permission|sim|data_usage_exceeded|roaming_enabled_off,target_favoring,
[mms_issue]airplane_mode_on|break_apn_mms_setting|break_app_both_permissions|data_usage_exceeded|unseat_sim_card|user_abroad_roaming_enabled_off[PERSONA:None],candidate,,-50.0,repair_subset,None,6,apn|permission|sim|data_usage_exceeded|roaming_enabled_off,target_favoring,
[mms_issue]airplane_mode_on|bad_network_preference|bad_wifi_calling|data_usage_exceeded|unseat_sim_card|user_abroad_roaming_disabled_on[PERSONA:Easy],static_delete,static_exclude_low_priority_nontransfer_shape,1000.0,repair_subset,Easy,6,wifi_calling|network_preference|sim|data_usage_exceeded|roaming_disabled_on,neutral_other,
[mms_issue]airplane_mode_on|bad_network_preference|break_apn_mms_setting|data_usage_exceeded|unseat_sim_card|user_abroad_roaming_disabled_on[PERSONA:Hard],candidate,,-55.0,repair_subset,Hard,6,apn|network_preference|sim|data_usage_exceeded|roaming_disabled_on,target_favoring,
[mms_issue]airplane_mode_on|bad_network_preference|break_app_sms_permission|data_usage_exceeded|unseat_sim_card|user_abroad_roaming_disabled_on[PERSONA:None],static_delete,static_exclude_low_priority_nontransfer_shape,1000.0,repair_subset,None,6,permission|network_preference|sim|data_usage_exceeded|roaming_disabled_on,neutral_other,
[mms_issue]airplane_mode_on|bad_network_preference|break_app_storage_permission|data_usage_exceeded|unseat_sim_card|user_abroad_roaming_disabled_on[PERSONA:Easy],static_delete,static_exclude_low_priority_nontransfer_shape,1000.0,repair_subset,Easy,6,permission|network_preference|sim|data_usage_exceeded|roaming_disabled_on,neutral_other,
[mms_issue]airplane_mode_on|bad_network_preference|break_app_both_permissions|data_usage_exceeded|unseat_sim_card|user_abroad_roaming_disabled_on[PERSONA:Hard],static_delete,static_exclude_low_priority_nontransfer_shape,1000.0,repair_subset,Hard,6,permission|network_preference|sim|data_usage_exceeded|roaming_disabled_on,neutral_other,
[mms_issue]airplane_mode_on|bad_wifi_calling|break_apn_mms_setting|data_usage_exceeded|unseat_sim_card|user_abroad_roaming_disabled_on[PERSONA:None],candidate,,-70.0,repair_subset,None,6,apn|wifi_calling|sim|data_usage_exceeded|roaming_disabled_on,target_favoring,
[mms_issue]airplane_mode_on|bad_wifi_calling|break_app_sms_permission|data_usage_exceeded|unseat_sim_card|user_abroad_roaming_disabled_on[PERSONA:Easy],static_delete,static_exclude_low_priority_nontransfer_shape,1000.0,repair_subset,Easy,6,permission|wifi_calling|sim|data_usage_exceeded|roaming_disabled_on,neutral_other,
[mms_issue]airplane_mode_on|bad_wifi_calling|break_app_storage_permission|data_usage_exceeded|unseat_sim_card|user_abroad_roaming_disabled_on[PERSONA:Hard],static_delete,static_exclude_low_priority_nontransfer_shape,1000.0,repair_subset,Hard,6,permission|wifi_calling|sim|data_usage_exceeded|roaming_disabled_on,neutral_other,
[mms_issue]airplane_mode_on|bad_wifi_calling|break_app_both_permissions|data_usage_exceeded|unseat_sim_card|user_abroad_roaming_disabled_on[PERSONA:None],static_delete,static_exclude_low_priority_nontransfer_shape,1000.0,repair_subset,None,6,permission|wifi_calling|sim|data_usage_exceeded|roaming_disabled_on,neutral_other,
[mms_issue]airplane_mode_on|break_apn_mms_setting|break_app_sms_permission|data_usage_exceeded|unseat_sim_card|user_abroad_roaming_disabled_on[PERSONA:Easy],candidate,,-64.0,repair_subset,Easy,6,apn|permission|sim|data_usage_exceeded|roaming_disabled_on,target_favoring,
[mms_issue]airplane_mode_on|break_apn_mms_setting|break_app_storage_permission|data_usage_exceeded|unseat_sim_card|user_abroad_roaming_disabled_on[PERSONA:Hard],candidate,,-63.0,repair_subset,Hard,6,apn|permission|sim|data_usage_exceeded|roaming_disabled_on,target_favoring,
[mms_issue]airplane_mode_on|break_apn_mms_setting|break_app_both_permissions|data_usage_exceeded|unseat_sim_card|user_abroad_roaming_disabled_on[PERSONA:None],candidate,,-50.0,repair_subset,None,6,apn|permission|sim|data_usage_exceeded|roaming_disabled_on,target_favoring,
[mms_issue]airplane_mode_on|bad_network_preference|bad_wifi_calling|data_usage_exceeded|unseat_sim_card|user_abroad_roaming_disabled_off[PERSONA:Easy],static_delete,static_exclude_transfer_oracle;static_exclude_hybrid_roaming_disabled_off,1000.0,transfer,Easy,6,wifi_calling|network_preference|sim|data_usage_exceeded|hybrid_roaming_disabled_off,neutral_other,
[mms_issue]airplane_mode_on|bad_network_preference|break_apn_mms_setting|data_usage_exceeded|unseat_sim_card|user_abroad_roaming_disabled_off[PERSONA:Hard],static_delete,static_exclude_transfer_oracle;static_exclude_hybrid_roaming_disabled_off,1000.0,transfer,Hard,6,apn|network_preference|sim|data_usage_exceeded|hybrid_roaming_disabled_off,neutral_other,
[mms_issue]airplane_mode_on|bad_network_preference|break_app_sms_permission|data_usage_exceeded|unseat_sim_card|user_abroad_roaming_disabled_off[PERSONA:None],static_delete,static_exclude_transfer_oracle;static_exclude_hybrid_roaming_disabled_off,1000.0,transfer,None,6,permission|network_preference|sim|data_usage_exceeded|hybrid_roaming_disabled_off,neutral_other,
[mms_issue]airplane_mode_on|bad_network_preference|break_app_storage_permission|data_usage_exceeded|unseat_sim_card|user_abroad_roaming_disabled_off[PERSONA:Easy],static_delete,static_exclude_transfer_oracle;static_exclude_hybrid_roaming_disabled_off,1000.0,transfer,Easy,6,permission|network_preference|sim|data_usage_exceeded|hybrid_roaming_disabled_off,neutral_other,
[mms_issue]airplane_mode_on|bad_network_preference|break_app_both_permissions|data_usage_exceeded|unseat_sim_card|user_abroad_roaming_disabled_off[PERSONA:Hard],static_delete,static_exclude_transfer_oracle;static_exclude_hybrid_roaming_disabled_off,1000.0,transfer,Hard,6,permission|network_preference|sim|data_usage_exceeded|hybrid_roaming_disabled_off,neutral_other,
[mms_issue]airplane_mode_on|bad_wifi_calling|break_apn_mms_setting|data_usage_exceeded|unseat_sim_card|user_abroad_roaming_disabled_off[PERSONA:None],static_delete,static_exclude_transfer_oracle;static_exclude_hybrid_roaming_disabled_off,1000.0,transfer,None,6,apn|wifi_calling|sim|data_usage_exceeded|hybrid_roaming_disabled_off,neutral_other,
[mms_issue]airplane_mode_on|bad_wifi_calling|break_app_sms_permission|data_usage_exceeded|unseat_sim_card|user_abroad_roaming_disabled_off[PERSONA:Easy],static_delete,static_exclude_transfer_oracle;static_exclude_hybrid_roaming_disabled_off,1000.0,transfer,Easy,6,permission|wifi_calling|sim|data_usage_exceeded|hybrid_roaming_disabled_off,neutral_other,
[mms_issue]airplane_mode_on|bad_wifi_calling|break_app_storage_permission|data_usage_exceeded|unseat_sim_card|user_abroad_roaming_disabled_off[PERSONA:Hard],static_delete,static_exclude_transfer_oracle;static_exclude_hybrid_roaming_disabled_off,1000.0,transfer,Hard,6,permission|wifi_calling|sim|data_usage_exceeded|hybrid_roaming_disabled_off,neutral_other,
[mms_issue]airplane_mode_on|bad_wifi_calling|break_app_both_permissions|data_usage_exceeded|unseat_sim_card|user_abroad_roaming_disabled_off[PERSONA:None],static_delete,static_exclude_transfer_oracle;static_exclude_hybrid_roaming_disabled_off,1000.0,transfer,None,6,permission|wifi_calling|sim|data_usage_exceeded|hybrid_roaming_disabled_off,neutral_other,
[mms_issue]airplane_mode_on|break_apn_mms_setting|break_app_sms_permission|data_usage_exceeded|unseat_sim_card|user_abroad_roaming_disabled_off[PERSONA:Easy],static_delete,static_exclude_transfer_oracle;static_exclude_hybrid_roaming_disabled_off,1000.0,transfer,Easy,6,apn|permission|sim|data_usage_exceeded|hybrid_roaming_disabled_off,neutral_other,
[mms_issue]airplane_mode_on|break_apn_mms_setting|break_app_storage_permission|data_usage_exceeded|unseat_sim_card|user_abroad_roaming_disabled_off[PERSONA:Hard],static_delete,static_exclude_transfer_oracle;static_exclude_hybrid_roaming_disabled_off,1000.0,transfer,Hard,6,apn|permission|sim|data_usage_exceeded|hybrid_roaming_disabled_off,neutral_other,
[mms_issue]airplane_mode_on|break_apn_mms_setting|break_app_both_permissions|data_usage_exceeded|unseat_sim_card|user_abroad_roaming_disabled_off[PERSONA:None],static_delete,static_exclude_transfer_oracle;static_exclude_hybrid_roaming_disabled_off,1000.0,transfer,None,6,apn|permission|sim|data_usage_exceeded|hybrid_roaming_disabled_off,neutral_other,
[mms_issue]airplane_mode_on|bad_network_preference|bad_wifi_calling|break_apn_mms_setting|data_usage_exceeded|unseat_sim_card[PERSONA:Easy],candidate,,-70.0,repair_subset,Easy,6,apn|wifi_calling|network_preference|sim|data_usage_exceeded,target_favoring,
[mms_issue]airplane_mode_on|bad_network_preference|bad_wifi_calling|break_app_sms_permission|data_usage_exceeded|unseat_sim_card[PERSONA:Hard],static_delete,static_exclude_low_priority_nontransfer_shape,1000.0,repair_subset,Hard,6,permission|wifi_calling|network_preference|sim|data_usage_exceeded,neutral_other,
[mms_issue]airplane_mode_on|bad_network_preference|bad_wifi_calling|break_app_storage_permission|data_usage_exceeded|unseat_sim_card[PERSONA:None],static_delete,static_exclude_low_priority_nontransfer_shape,1000.0,repair_subset,None,6,permission|wifi_calling|network_preference|sim|data_usage_exceeded,neutral_other,
[mms_issue]airplane_mode_on|bad_network_preference|bad_wifi_calling|break_app_both_permissions|data_usage_exceeded|unseat_sim_card[PERSONA:Easy],static_delete,static_exclude_low_priority_nontransfer_shape,1000.0,repair_subset,Easy,6,permission|wifi_calling|network_preference|sim|data_usage_exceeded,neutral_other,
[mms_issue]airplane_mode_on|bad_network_preference|break_apn_mms_setting|break_app_sms_permission|data_usage_exceeded|unseat_sim_card[PERSONA:Hard],candidate,,-61.0,repair_subset,Hard,6,apn|permission|network_preference|sim|data_usage_exceeded,target_favoring,
[mms_issue]airplane_mode_on|bad_network_preference|break_apn_mms_setting|break_app_storage_permission|data_usage_exceeded|unseat_sim_card[PERSONA:None],candidate,,-66.0,repair_subset,None,6,apn|permission|network_preference|sim|data_usage_exceeded,target_favoring,
[mms_issue]airplane_mode_on|bad_network_preference|break_apn_mms_setting|break_app_both_permissions|data_usage_exceeded|unseat_sim_card[PERSONA:Easy],candidate,,-50.0,repair_subset,Easy,6,apn|permission|network_preference|sim|data_usage_exceeded,target_favoring,
[mms_issue]airplane_mode_on|bad_wifi_calling|break_apn_mms_setting|break_app_sms_permission|data_usage_exceeded|unseat_sim_card[PERSONA:Hard],candidate,,-73.0,repair_subset,Hard,6,apn|permission|wifi_calling|sim|data_usage_exceeded,target_favoring,
[mms_issue]airplane_mode_on|bad_wifi_calling|break_apn_mms_setting|break_app_storage_permission|data_usage_exceeded|unseat_sim_card[PERSONA:None],candidate,,-78.0,repair_subset,None,6,apn|permission|wifi_calling|sim|data_usage_exceeded,target_favoring,
[mms_issue]airplane_mode_on|bad_wifi_calling|break_apn_mms_setting|break_app_both_permissions|data_usage_exceeded|unseat_sim_card[PERSONA:Easy],candidate,,-62.0,repair_subset,Easy,6,apn|permission|wifi_calling|sim|data_usage_exceeded,target_favoring,
[mms_issue]airplane_mode_on|bad_network_preference|bad_wifi_calling|break_apn_mms_setting|unseat_sim_card|user_abroad_roaming_enabled_off[PERSONA:None],candidate,,-100.0,repair_all,None,6,apn|wifi_calling|network_preference|sim|roaming_enabled_off,target_favoring,
[mms_issue]airplane_mode_on|bad_network_preference|bad_wifi_calling|break_app_sms_permission|unseat_sim_card|user_abroad_roaming_enabled_off[PERSONA:Easy],candidate,,-46.0,repair_all,Easy,6,permission|wifi_calling|network_preference|sim|roaming_enabled_off,neutral_other,
[mms_issue]airplane_mode_on|bad_network_preference|bad_wifi_calling|break_app_storage_permission|unseat_sim_card|user_abroad_roaming_enabled_off[PERSONA:Hard],candidate,,-45.0,repair_all,Hard,6,permission|wifi_calling|network_preference|sim|roaming_enabled_off,neutral_other,
[mms_issue]airplane_mode_on|bad_network_preference|bad_wifi_calling|break_app_both_permissions|unseat_sim_card|user_abroad_roaming_enabled_off[PERSONA:None],candidate,,-32.0,repair_all,None,6,permission|wifi_calling|network_preference|sim|roaming_enabled_off,neutral_other,
[mms_issue]airplane_mode_on|bad_network_preference|break_apn_mms_setting|break_app_sms_permission|unseat_sim_card|user_abroad_roaming_enabled_off[PERSONA:Easy],candidate,,-94.0,repair_all,Easy,6,apn|permission|network_preference|sim|roaming_enabled_off,target_favoring,
[mms_issue]airplane_mode_on|bad_network_preference|break_apn_mms_setting|break_app_storage_permission|unseat_sim_card|user_abroad_roaming_enabled_off[PERSONA:Hard],candidate,,-93.0,repair_all,Hard,6,apn|permission|network_preference|sim|roaming_enabled_off,target_favoring,
[mms_issue]airplane_mode_on|bad_network_preference|break_apn_mms_setting|break_app_both_permissions|unseat_sim_card|user_abroad_roaming_enabled_off[PERSONA:None],candidate,,-80.0,repair_all,None,6,apn|permission|network_preference|sim|roaming_enabled_off,target_favoring,
[mms_issue]airplane_mode_on|bad_wifi_calling|break_apn_mms_setting|break_app_sms_permission|unseat_sim_card|user_abroad_roaming_enabled_off[PERSONA:Easy],candidate,,-106.0,repair_all,Easy,6,apn|permission|wifi_calling|sim|roaming_enabled_off,target_favoring,
[mms_issue]airplane_mode_on|bad_wifi_calling|break_apn_mms_setting|break_app_storage_permission|unseat_sim_card|user_abroad_roaming_enabled_off[PERSONA:Hard],candidate,,-105.0,repair_all,Hard,6,apn|permission|wifi_calling|sim|roaming_enabled_off,target_favoring,
[mms_issue]airplane_mode_on|bad_wifi_calling|break_apn_mms_setting|break_app_both_permissions|unseat_sim_card|user_abroad_roaming_enabled_off[PERSONA:None],candidate,,-92.0,repair_all,None,6,apn|permission|wifi_calling|sim|roaming_enabled_off,target_favoring,
[mms_issue]airplane_mode_on|bad_network_preference|bad_wifi_calling|break_apn_mms_setting|unseat_sim_card|user_abroad_roaming_disabled_on[PERSONA:Easy],candidate,,-74.0,repair_subset,Easy,6,apn|wifi_calling|network_preference|sim|roaming_disabled_on,target_favoring,
[mms_issue]airplane_mode_on|bad_network_preference|bad_wifi_calling|break_app_sms_permission|unseat_sim_card|user_abroad_roaming_disabled_on[PERSONA:Hard],static_delete,static_exclude_low_priority_nontransfer_shape,1000.0,repair_subset,Hard,6,permission|wifi_calling|network_preference|sim|roaming_disabled_on,neutral_other,
[mms_issue]airplane_mode_on|bad_network_preference|bad_wifi_calling|break_app_storage_permission|unseat_sim_card|user_abroad_roaming_disabled_on[PERSONA:None],static_delete,static_exclude_low_priority_nontransfer_shape,1000.0,repair_subset,None,6,permission|wifi_calling|network_preference|sim|roaming_disabled_on,neutral_other,
[mms_issue]airplane_mode_on|bad_network_preference|bad_wifi_calling|break_app_both_permissions|unseat_sim_card|user_abroad_roaming_disabled_on[PERSONA:Easy],static_delete,static_exclude_low_priority_nontransfer_shape,1000.0,repair_subset,Easy,6,permission|wifi_calling|network_preference|sim|roaming_disabled_on,neutral_other,
[mms_issue]airplane_mode_on|bad_network_preference|break_apn_mms_setting|break_app_sms_permission|unseat_sim_card|user_abroad_roaming_disabled_on[PERSONA:Hard],candidate,,-65.0,repair_subset,Hard,6,apn|permission|network_preference|sim|roaming_disabled_on,target_favoring,
[mms_issue]airplane_mode_on|bad_network_preference|break_apn_mms_setting|break_app_storage_permission|unseat_sim_card|user_abroad_roaming_disabled_on[PERSONA:None],candidate,,-70.0,repair_subset,None,6,apn|permission|network_preference|sim|roaming_disabled_on,target_favoring,
[mms_issue]airplane_mode_on|bad_network_preference|break_apn_mms_setting|break_app_both_permissions|unseat_sim_card|user_abroad_roaming_disabled_on[PERSONA:Easy],candidate,,-54.0,repair_subset,Easy,6,apn|permission|network_preference|sim|roaming_disabled_on,target_favoring,
[mms_issue]airplane_mode_on|bad_wifi_calling|break_apn_mms_setting|break_app_sms_permission|unseat_sim_card|user_abroad_roaming_disabled_on[PERSONA:Hard],candidate,,-77.0,repair_subset,Hard,6,apn|permission|wifi_calling|sim|roaming_disabled_on,target_favoring,
[mms_issue]airplane_mode_on|bad_wifi_calling|break_apn_mms_setting|break_app_storage_permission|unseat_sim_card|user_abroad_roaming_disabled_on[PERSONA:None],candidate,,-82.0,repair_subset,None,6,apn|permission|wifi_calling|sim|roaming_disabled_on,target_favoring,
[mms_issue]airplane_mode_on|bad_wifi_calling|break_apn_mms_setting|break_app_both_permissions|unseat_sim_card|user_abroad_roaming_disabled_on[PERSONA:Easy],candidate,,-66.0,repair_subset,Easy,6,apn|permission|wifi_calling|sim|roaming_disabled_on,target_favoring,
[mms_issue]airplane_mode_on|bad_network_preference|bad_wifi_calling|break_apn_mms_setting|unseat_sim_card|user_abroad_roaming_disabled_off[PERSONA:Hard],static_delete,static_exclude_transfer_oracle;static_exclude_hybrid_roaming_disabled_off,1000.0,transfer,Hard,6,apn|wifi_calling|network_preference|sim|hybrid_roaming_disabled_off,neutral_other,
[mms_issue]airplane_mode_on|bad_network_preference|bad_wifi_calling|break_app_sms_permission|unseat_sim_card|user_abroad_roaming_disabled_off[PERSONA:None],static_delete,static_exclude_transfer_oracle;static_exclude_hybrid_roaming_disabled_off,1000.0,transfer,None,6,permission|wifi_calling|network_preference|sim|hybrid_roaming_disabled_off,neutral_other,
[mms_issue]airplane_mode_on|bad_network_preference|bad_wifi_calling|break_app_storage_permission|unseat_sim_card|user_abroad_roaming_disabled_off[PERSONA:Easy],static_delete,static_exclude_transfer_oracle;static_exclude_hybrid_roaming_disabled_off,1000.0,transfer,Easy,6,permission|wifi_calling|network_preference|sim|hybrid_roaming_disabled_off,neutral_other,
[mms_issue]airplane_mode_on|bad_network_preference|bad_wifi_calling|break_app_both_permissions|unseat_sim_card|user_abroad_roaming_disabled_off[PERSONA:Hard],static_delete,static_exclude_transfer_oracle;static_exclude_hybrid_roaming_disabled_off,1000.0,transfer,Hard,6,permission|wifi_calling|network_preference|sim|hybrid_roaming_disabled_off,neutral_other,
[mms_issue]airplane_mode_on|bad_network_preference|break_apn_mms_setting|break_app_sms_permission|unseat_sim_card|user_abroad_roaming_disabled_off[PERSONA:None],static_delete,static_exclude_transfer_oracle;static_exclude_hybrid_roaming_disabled_off,1000.0,transfer,None,6,apn|permission|network_preference|sim|hybrid_roaming_disabled_off,neutral_other,
[mms_issue]airplane_mode_on|bad_network_preference|break_apn_mms_setting|break_app_storage_permission|unseat_sim_card|user_abroad_roaming_disabled_off[PERSONA:Easy],static_delete,static_exclude_transfer_oracle;static_exclude_hybrid_roaming_disabled_off,1000.0,transfer,Easy,6,apn|permission|network_preference|sim|hybrid_roaming_disabled_off,neutral_other,
[mms_issue]airplane_mode_on|bad_network_preference|break_apn_mms_setting|break_app_both_permissions|unseat_sim_card|user_abroad_roaming_disabled_off[PERSONA:Hard],static_delete,static_exclude_transfer_oracle;static_exclude_hybrid_roaming_disabled_off,1000.0,transfer,Hard,6,apn|permission|network_preference|sim|hybrid_roaming_disabled_off,neutral_other,
[mms_issue]airplane_mode_on|bad_wifi_calling|break_apn_mms_setting|break_app_sms_permission|unseat_sim_card|user_abroad_roaming_disabled_off[PERSONA:None],static_delete,static_exclude_transfer_oracle;static_exclude_hybrid_roaming_disabled_off,1000.0,transfer,None,6,apn|permission|wifi_calling|sim|hybrid_roaming_disabled_off,neutral_other,
[mms_issue]airplane_mode_on|bad_wifi_calling|break_apn_mms_setting|break_app_storage_permission|unseat_sim_card|user_abroad_roaming_disabled_off[PERSONA:Easy],static_delete,static_exclude_transfer_oracle;static_exclude_hybrid_roaming_disabled_off,1000.0,transfer,Easy,6,apn|permission|wifi_calling|sim|hybrid_roaming_disabled_off,neutral_other,
[mms_issue]airplane_mode_on|bad_wifi_calling|break_apn_mms_setting|break_app_both_permissions|unseat_sim_card|user_abroad_roaming_disabled_off[PERSONA:Hard],static_delete,static_exclude_transfer_oracle;static_exclude_hybrid_roaming_disabled_off,1000.0,transfer,Hard,6,apn|permission|wifi_calling|sim|hybrid_roaming_disabled_off,neutral_other,
[mms_issue]airplane_mode_on|bad_network_preference|bad_wifi_calling|break_apn_mms_setting|break_app_sms_permission|unseat_sim_card[PERSONA:None],candidate,,-606.0,repair_all,None,6,apn|permission|wifi_calling|network_preference|sim,target_favoring,keep
[mms_issue]airplane_mode_on|bad_network_preference|bad_wifi_calling|break_apn_mms_setting|break_app_storage_permission|unseat_sim_card[PERSONA:Easy],candidate,,-608.0,repair_all,Easy,6,apn|permission|wifi_calling|network_preference|sim,target_favoring,keep
[mms_issue]airplane_mode_on|bad_network_preference|bad_wifi_calling|break_apn_mms_setting|break_app_both_permissions|unseat_sim_card[PERSONA:Hard],candidate,,161.0,repair_all,Hard,6,apn|permission|wifi_calling|network_preference|sim,target_favoring,delete
[mms_issue]airplane_mode_on|bad_network_preference|bad_wifi_calling|data_mode_off|data_usage_exceeded|user_abroad_roaming_enabled_off[PERSONA:None],static_delete,static_exclude_low_priority_nontransfer_shape,1000.0,repair_subset,None,6,wifi_calling|network_preference|data_mode|data_usage_exceeded|roaming_enabled_off,neutral_other,
[mms_issue]airplane_mode_on|bad_network_preference|break_apn_mms_setting|data_mode_off|data_usage_exceeded|user_abroad_roaming_enabled_off[PERSONA:Easy],candidate,,-58.0,repair_subset,Easy,6,apn|network_preference|data_mode|data_usage_exceeded|roaming_enabled_off,target_favoring,
[mms_issue]airplane_mode_on|bad_network_preference|break_app_sms_permission|data_mode_off|data_usage_exceeded|user_abroad_roaming_enabled_off[PERSONA:Hard],static_delete,static_exclude_low_priority_nontransfer_shape,1000.0,repair_subset,Hard,6,permission|network_preference|data_mode|data_usage_exceeded|roaming_enabled_off,neutral_other,
[mms_issue]airplane_mode_on|bad_network_preference|break_app_storage_permission|data_mode_off|data_usage_exceeded|user_abroad_roaming_enabled_off[PERSONA:None],static_delete,static_exclude_low_priority_nontransfer_shape,1000.0,repair_subset,None,6,permission|network_preference|data_mode|data_usage_exceeded|roaming_enabled_off,neutral_other,
[mms_issue]airplane_mode_on|bad_network_preference|break_app_both_permissions|data_mode_off|data_usage_exceeded|user_abroad_roaming_enabled_off[PERSONA:Easy],static_delete,static_exclude_low_priority_nontransfer_shape,1000.0,repair_subset,Easy,6,permission|network_preference|data_mode|data_usage_exceeded|roaming_enabled_off,neutral_other,
[mms_issue]airplane_mode_on|bad_wifi_calling|break_apn_mms_setting|data_mode_off|data_usage_exceeded|user_abroad_roaming_enabled_off[PERSONA:Hard],candidate,,-67.0,repair_subset,Hard,6,apn|wifi_calling|data_mode|data_usage_exceeded|roaming_enabled_off,target_favoring,
[mms_issue]airplane_mode_on|bad_wifi_calling|break_app_sms_permission|data_mode_off|data_usage_exceeded|user_abroad_roaming_enabled_off[PERSONA:None],static_delete,static_exclude_low_priority_nontransfer_shape,1000.0,repair_subset,None,6,permission|wifi_calling|data_mode|data_usage_exceeded|roaming_enabled_off,neutral_other,
[mms_issue]airplane_mode_on|bad_wifi_calling|break_app_storage_permission|data_mode_off|data_usage_exceeded|user_abroad_roaming_enabled_off[PERSONA:Easy],static_delete,static_exclude_low_priority_nontransfer_shape,1000.0,repair_subset,Easy,6,permission|wifi_calling|data_mode|data_usage_exceeded|roaming_enabled_off,neutral_other,
[mms_issue]airplane_mode_on|bad_wifi_calling|break_app_both_permissions|data_mode_off|data_usage_exceeded|user_abroad_roaming_enabled_off[PERSONA:Hard],static_delete,static_exclude_low_priority_nontransfer_shape,1000.0,repair_subset,Hard,6,permission|wifi_calling|data_mode|data_usage_exceeded|roaming_enabled_off,neutral_other,
[mms_issue]airplane_mode_on|break_apn_mms_setting|break_app_sms_permission|data_mode_off|data_usage_exceeded|user_abroad_roaming_enabled_off[PERSONA:None],candidate,,-64.0,repair_subset,None,6,apn|permission|data_mode|data_usage_exceeded|roaming_enabled_off,target_favoring,
[mms_issue]airplane_mode_on|break_apn_mms_setting|break_app_storage_permission|data_mode_off|data_usage_exceeded|user_abroad_roaming_enabled_off[PERSONA:Easy],candidate,,-66.0,repair_subset,Easy,6,apn|permission|data_mode|data_usage_exceeded|roaming_enabled_off,target_favoring,
[mms_issue]airplane_mode_on|break_apn_mms_setting|break_app_both_permissions|data_mode_off|data_usage_exceeded|user_abroad_roaming_enabled_off[PERSONA:Hard],candidate,,-47.0,repair_subset,Hard,6,apn|permission|data_mode|data_usage_exceeded|roaming_enabled_off,target_favoring,
[mms_issue]airplane_mode_on|bad_network_preference|bad_wifi_calling|data_mode_off|data_usage_exceeded|user_abroad_roaming_disabled_on[PERSONA:None],static_delete,static_exclude_low_priority_nontransfer_shape,1000.0,repair_subset,None,6,wifi_calling|network_preference|data_mode|data_usage_exceeded|roaming_disabled_on,neutral_other,
[mms_issue]airplane_mode_on|bad_network_preference|break_apn_mms_setting|data_mode_off|data_usage_exceeded|user_abroad_roaming_disabled_on[PERSONA:Easy],candidate,,-58.0,repair_subset,Easy,6,apn|network_preference|data_mode|data_usage_exceeded|roaming_disabled_on,target_favoring,
[mms_issue]airplane_mode_on|bad_network_preference|break_app_sms_permission|data_mode_off|data_usage_exceeded|user_abroad_roaming_disabled_on[PERSONA:Hard],static_delete,static_exclude_low_priority_nontransfer_shape,1000.0,repair_subset,Hard,6,permission|network_preference|data_mode|data_usage_exceeded|roaming_disabled_on,neutral_other,
[mms_issue]airplane_mode_on|bad_network_preference|break_app_storage_permission|data_mode_off|data_usage_exceeded|user_abroad_roaming_disabled_on[PERSONA:None],static_delete,static_exclude_low_priority_nontransfer_shape,1000.0,repair_subset,None,6,permission|network_preference|data_mode|data_usage_exceeded|roaming_disabled_on,neutral_other,
[mms_issue]airplane_mode_on|bad_network_preference|break_app_both_permissions|data_mode_off|data_usage_exceeded|user_abroad_roaming_disabled_on[PERSONA:Easy],static_delete,static_exclude_low_priority_nontransfer_shape,1000.0,repair_subset,Easy,6,permission|network_preference|data_mode|data_usage_exceeded|roaming_disabled_on,neutral_other,
[mms_issue]airplane_mode_on|bad_wifi_calling|break_apn_mms_setting|data_mode_off|data_usage_exceeded|user_abroad_roaming_disabled_on[PERSONA:Hard],candidate,,-67.0,repair_subset,Hard,6,apn|wifi_calling|data_mode|data_usage_exceeded|roaming_disabled_on,target_favoring,
[mms_issue]airplane_mode_on|bad_wifi_calling|break_app_sms_permission|data_mode_off|data_usage_exceeded|user_abroad_roaming_disabled_on[PERSONA:None],static_delete,static_exclude_low_priority_nontransfer_shape,1000.0,repair_subset,None,6,permission|wifi_calling|data_mode|data_usage_exceeded|roaming_disabled_on,neutral_other,
[mms_issue]airplane_mode_on|bad_wifi_calling|break_app_storage_permission|data_mode_off|data_usage_exceeded|user_abroad_roaming_disabled_on[PERSONA:Easy],static_delete,static_exclude_low_priority_nontransfer_shape,1000.0,repair_subset,Easy,6,permission|wifi_calling|data_mode|data_usage_exceeded|roaming_disabled_on,neutral_other,
[mms_issue]airplane_mode_on|bad_wifi_calling|break_app_both_permissions|data_mode_off|data_usage_exceeded|user_abroad_roaming_disabled_on[PERSONA:Hard],static_delete,static_exclude_low_priority_nontransfer_shape,1000.0,repair_subset,Hard,6,permission|wifi_calling|data_mode|data_usage_exceeded|roaming_disabled_on,neutral_other,
[mms_issue]airplane_mode_on|break_apn_mms_setting|break_app_sms_permission|data_mode_off|data_usage_exceeded|user_abroad_roaming_disabled_on[PERSONA:None],candidate,,-64.0,repair_subset,None,6,apn|permission|data_mode|data_usage_exceeded|roaming_disabled_on,target_favoring,
[mms_issue]airplane_mode_on|break_apn_mms_setting|break_app_storage_permission|data_mode_off|data_usage_exceeded|user_abroad_roaming_disabled_on[PERSONA:Easy],candidate,,-66.0,repair_subset,Easy,6,apn|permission|data_mode|data_usage_exceeded|roaming_disabled_on,target_favoring,
[mms_issue]airplane_mode_on|break_apn_mms_setting|break_app_both_permissions|data_mode_off|data_usage_exceeded|user_abroad_roaming_disabled_on[PERSONA:Hard],candidate,,-47.0,repair_subset,Hard,6,apn|permission|data_mode|data_usage_exceeded|roaming_disabled_on,target_favoring,
[mms_issue]airplane_mode_on|bad_network_preference|bad_wifi_calling|data_mode_off|data_usage_exceeded|user_abroad_roaming_disabled_off[PERSONA:None],static_delete,static_exclude_transfer_oracle;static_exclude_hybrid_roaming_disabled_off,1000.0,transfer,None,6,wifi_calling|network_preference|data_mode|data_usage_exceeded|hybrid_roaming_disabled_off,neutral_other,
[mms_issue]airplane_mode_on|bad_network_preference|break_apn_mms_setting|data_mode_off|data_usage_exceeded|user_abroad_roaming_disabled_off[PERSONA:Easy],static_delete,static_exclude_transfer_oracle;static_exclude_hybrid_roaming_disabled_off,1000.0,transfer,Easy,6,apn|network_preference|data_mode|data_usage_exceeded|hybrid_roaming_disabled_off,neutral_other,
[mms_issue]airplane_mode_on|bad_network_preference|break_app_sms_permission|data_mode_off|data_usage_exceeded|user_abroad_roaming_disabled_off[PERSONA:Hard],static_delete,static_exclude_transfer_oracle;static_exclude_hybrid_roaming_disabled_off,1000.0,transfer,Hard,6,permission|network_preference|data_mode|data_usage_exceeded|hybrid_roaming_disabled_off,neutral_other,
[mms_issue]airplane_mode_on|bad_network_preference|break_app_storage_permission|data_mode_off|data_usage_exceeded|user_abroad_roaming_disabled_off[PERSONA:None],static_delete,static_exclude_transfer_oracle;static_exclude_hybrid_roaming_disabled_off,1000.0,transfer,None,6,permission|network_preference|data_mode|data_usage_exceeded|hybrid_roaming_disabled_off,neutral_other,
[mms_issue]airplane_mode_on|bad_network_preference|break_app_both_permissions|data_mode_off|data_usage_exceeded|user_abroad_roaming_disabled_off[PERSONA:Easy],static_delete,static_exclude_transfer_oracle;static_exclude_hybrid_roaming_disabled_off,1000.0,transfer,Easy,6,permission|network_preference|data_mode|data_usage_exceeded|hybrid_roaming_disabled_off,neutral_other,
[mms_issue]airplane_mode_on|bad_wifi_calling|break_apn_mms_setting|data_mode_off|data_usage_exceeded|user_abroad_roaming_disabled_off[PERSONA:Hard],static_delete,static_exclude_transfer_oracle;static_exclude_hybrid_roaming_disabled_off,1000.0,transfer,Hard,6,apn|wifi_calling|data_mode|data_usage_exceeded|hybrid_roaming_disabled_off,neutral_other,
[mms_issue]airplane_mode_on|bad_wifi_calling|break_app_sms_permission|data_mode_off|data_usage_exceeded|user_abroad_roaming_disabled_off[PERSONA:None],static_delete,static_exclude_transfer_oracle;static_exclude_hybrid_roaming_disabled_off,1000.0,transfer,None,6,permission|wifi_calling|data_mode|data_usage_exceeded|hybrid_roaming_disabled_off,neutral_other,
[mms_issue]airplane_mode_on|bad_wifi_calling|break_app_storage_permission|data_mode_off|data_usage_exceeded|user_abroad_roaming_disabled_off[PERSONA:Easy],static_delete,static_exclude_transfer_oracle;static_exclude_hybrid_roaming_disabled_off,1000.0,transfer,Easy,6,permission|wifi_calling|data_mode|data_usage_exceeded|hybrid_roaming_disabled_off,neutral_other,
[mms_issue]airplane_mode_on|bad_wifi_calling|break_app_both_permissions|data_mode_off|data_usage_exceeded|user_abroad_roaming_disabled_off[PERSONA:Hard],static_delete,static_exclude_transfer_oracle;static_exclude_hybrid_roaming_disabled_off,1000.0,transfer,Hard,6,permission|wifi_calling|data_mode|data_usage_exceeded|hybrid_roaming_disabled_off,neutral_other,
[mms_issue]airplane_mode_on|break_apn_mms_setting|break_app_sms_permission|data_mode_off|data_usage_exceeded|user_abroad_roaming_disabled_off[PERSONA:None],static_delete,static_exclude_transfer_oracle;static_exclude_hybrid_roaming_disabled_off,1000.0,transfer,None,6,apn|permission|data_mode|data_usage_exceeded|hybrid_roaming_disabled_off,neutral_other,
[mms_issue]airplane_mode_on|break_apn_mms_setting|break_app_storage_permission|data_mode_off|data_usage_exceeded|user_abroad_roaming_disabled_off[PERSONA:Easy],static_delete,static_exclude_transfer_oracle;static_exclude_hybrid_roaming_disabled_off,1000.0,transfer,Easy,6,apn|permission|data_mode|data_usage_exceeded|hybrid_roaming_disabled_off,neutral_other,
[mms_issue]airplane_mode_on|break_apn_mms_setting|break_app_both_permissions|data_mode_off|data_usage_exceeded|user_abroad_roaming_disabled_off[PERSONA:Hard],static_delete,static_exclude_transfer_oracle;static_exclude_hybrid_roaming_disabled_off,1000.0,transfer,Hard,6,apn|permission|data_mode|data_usage_exceeded|hybrid_roaming_disabled_off,neutral_other,
[mms_issue]airplane_mode_on|bad_network_preference|bad_wifi_calling|break_apn_mms_setting|data_mode_off|data_usage_exceeded[PERSONA:None],static_delete,static_exclude_low_priority_nontransfer_shape,1000.0,repair_subset,None,6,apn|wifi_calling|network_preference|data_mode|data_usage_exceeded,neutral_other,
[mms_issue]airplane_mode_on|bad_network_preference|bad_wifi_calling|break_app_sms_permission|data_mode_off|data_usage_exceeded[PERSONA:Easy],static_delete,static_exclude_low_priority_nontransfer_shape,1000.0,repair_subset,Easy,6,permission|wifi_calling|network_preference|data_mode|data_usage_exceeded,neutral_other,
[mms_issue]airplane_mode_on|bad_network_preference|bad_wifi_calling|break_app_storage_permission|data_mode_off|data_usage_exceeded[PERSONA:Hard],static_delete,static_exclude_low_priority_nontransfer_shape,1000.0,repair_subset,Hard,6,permission|wifi_calling|network_preference|data_mode|data_usage_exceeded,neutral_other,
[mms_issue]airplane_mode_on|bad_network_preference|bad_wifi_calling|break_app_both_permissions|data_mode_off|data_usage_exceeded[PERSONA:None],static_delete,static_exclude_low_priority_nontransfer_shape,1000.0,repair_subset,None,6,permission|wifi_calling|network_preference|data_mode|data_usage_exceeded,neutral_other,
[mms_issue]airplane_mode_on|bad_network_preference|break_apn_mms_setting|break_app_sms_permission|data_mode_off|data_usage_exceeded[PERSONA:Easy],static_delete,static_exclude_low_priority_nontransfer_shape,1000.0,repair_subset,Easy,6,apn|permission|network_preference|data_mode|data_usage_exceeded,neutral_other,
[mms_issue]airplane_mode_on|bad_network_preference|break_apn_mms_setting|break_app_storage_permission|data_mode_off|data_usage_exceeded[PERSONA:Hard],static_delete,static_exclude_low_priority_nontransfer_shape,1000.0,repair_subset,Hard,6,apn|permission|network_preference|data_mode|data_usage_exceeded,neutral_other,
[mms_issue]airplane_mode_on|bad_network_preference|break_apn_mms_setting|break_app_both_permissions|data_mode_off|data_usage_exceeded[PERSONA:None],static_delete,static_exclude_low_priority_nontransfer_shape,1000.0,repair_subset,None,6,apn|permission|network_preference|data_mode|data_usage_exceeded,neutral_other,
[mms_issue]airplane_mode_on|bad_wifi_calling|break_apn_mms_setting|break_app_sms_permission|data_mode_off|data_usage_exceeded[PERSONA:Easy],static_delete,static_exclude_low_priority_nontransfer_shape,1000.0,repair_subset,Easy,6,apn|permission|wifi_calling|data_mode|data_usage_exceeded,neutral_other,
[mms_issue]airplane_mode_on|bad_wifi_calling|break_apn_mms_setting|break_app_storage_permission|data_mode_off|data_usage_exceeded[PERSONA:Hard],static_delete,static_exclude_low_priority_nontransfer_shape,1000.0,repair_subset,Hard,6,apn|permission|wifi_calling|data_mode|data_usage_exceeded,neutral_other,
[mms_issue]airplane_mode_on|bad_wifi_calling|break_apn_mms_setting|break_app_both_permissions|data_mode_off|data_usage_exceeded[PERSONA:None],static_delete,static_exclude_low_priority_nontransfer_shape,1000.0,repair_subset,None,6,apn|permission|wifi_calling|data_mode|data_usage_exceeded,neutral_other,
[mms_issue]airplane_mode_on|bad_network_preference|bad_wifi_calling|break_apn_mms_setting|data_mode_off|user_abroad_roaming_enabled_off[PERSONA:Hard],candidate,,-97.0,repair_all,Hard,6,apn|wifi_calling|network_preference|data_mode|roaming_enabled_off,target_favoring,
[mms_issue]airplane_mode_on|bad_network_preference|bad_wifi_calling|break_app_sms_permission|data_mode_off|user_abroad_roaming_enabled_off[PERSONA:None],candidate,,-46.0,repair_all,None,6,permission|wifi_calling|network_preference|data_mode|roaming_enabled_off,neutral_other,
[mms_issue]airplane_mode_on|bad_network_preference|bad_wifi_calling|break_app_storage_permission|data_mode_off|user_abroad_roaming_enabled_off[PERSONA:Easy],candidate,,202.0,repair_all,Easy,6,permission|wifi_calling|network_preference|data_mode|roaming_enabled_off,neutral_other,delete
[mms_issue]airplane_mode_on|bad_network_preference|bad_wifi_calling|break_app_both_permissions|data_mode_off|user_abroad_roaming_enabled_off[PERSONA:Hard],candidate,,-29.0,repair_all,Hard,6,permission|wifi_calling|network_preference|data_mode|roaming_enabled_off,neutral_other,
[mms_issue]airplane_mode_on|bad_network_preference|break_apn_mms_setting|break_app_sms_permission|data_mode_off|user_abroad_roaming_enabled_off[PERSONA:None],candidate,,-94.0,repair_all,None,6,apn|permission|network_preference|data_mode|roaming_enabled_off,target_favoring,
[mms_issue]airplane_mode_on|bad_network_preference|break_apn_mms_setting|break_app_storage_permission|data_mode_off|user_abroad_roaming_enabled_off[PERSONA:Easy],candidate,,-96.0,repair_all,Easy,6,apn|permission|network_preference|data_mode|roaming_enabled_off,target_favoring,
[mms_issue]airplane_mode_on|bad_network_preference|break_apn_mms_setting|break_app_both_permissions|data_mode_off|user_abroad_roaming_enabled_off[PERSONA:Hard],candidate,,-77.0,repair_all,Hard,6,apn|permission|network_preference|data_mode|roaming_enabled_off,target_favoring,
[mms_issue]airplane_mode_on|bad_wifi_calling|break_apn_mms_setting|break_app_sms_permission|data_mode_off|user_abroad_roaming_enabled_off[PERSONA:None],candidate,,-106.0,repair_all,None,6,apn|permission|wifi_calling|data_mode|roaming_enabled_off,target_favoring,
[mms_issue]airplane_mode_on|bad_wifi_calling|break_apn_mms_setting|break_app_storage_permission|data_mode_off|user_abroad_roaming_enabled_off[PERSONA:Easy],candidate,,-108.0,repair_all,Easy,6,apn|permission|wifi_calling|data_mode|roaming_enabled_off,target_favoring,
[mms_issue]airplane_mode_on|bad_wifi_calling|break_apn_mms_setting|break_app_both_permissions|data_mode_off|user_abroad_roaming_enabled_off[PERSONA:Hard],candidate,,-89.0,repair_all,Hard,6,apn|permission|wifi_calling|data_mode|roaming_enabled_off,target_favoring,
[mms_issue]airplane_mode_on|bad_network_preference|bad_wifi_calling|break_apn_mms_setting|data_mode_off|user_abroad_roaming_disabled_on[PERSONA:None],candidate,,-74.0,repair_subset,None,6,apn|wifi_calling|network_preference|data_mode|roaming_disabled_on,target_favoring,
[mms_issue]airplane_mode_on|bad_network_preference|bad_wifi_calling|break_app_sms_permission|data_mode_off|user_abroad_roaming_disabled_on[PERSONA:Easy],static_delete,static_exclude_low_priority_nontransfer_shape,1000.0,repair_subset,Easy,6,permission|wifi_calling|network_preference|data_mode|roaming_disabled_on,neutral_other,
[mms_issue]airplane_mode_on|bad_network_preference|bad_wifi_calling|break_app_storage_permission|data_mode_off|user_abroad_roaming_disabled_on[PERSONA:Hard],static_delete,static_exclude_low_priority_nontransfer_shape,1000.0,repair_subset,Hard,6,permission|wifi_calling|network_preference|data_mode|roaming_disabled_on,neutral_other,
[mms_issue]airplane_mode_on|bad_network_preference|bad_wifi_calling|break_app_both_permissions|data_mode_off|user_abroad_roaming_disabled_on[PERSONA:None],static_delete,static_exclude_low_priority_nontransfer_shape,1000.0,repair_subset,None,6,permission|wifi_calling|network_preference|data_mode|roaming_disabled_on,neutral_other,
[mms_issue]airplane_mode_on|bad_network_preference|break_apn_mms_setting|break_app_sms_permission|data_mode_off|user_abroad_roaming_disabled_on[PERSONA:Easy],candidate,,-68.0,repair_subset,Easy,6,apn|permission|network_preference|data_mode|roaming_disabled_on,target_favoring,
[mms_issue]airplane_mode_on|bad_network_preference|break_apn_mms_setting|break_app_storage_permission|data_mode_off|user_abroad_roaming_disabled_on[PERSONA:Hard],candidate,,-67.0,repair_subset,Hard,6,apn|permission|network_preference|data_mode|roaming_disabled_on,target_favoring,
[mms_issue]airplane_mode_on|bad_network_preference|break_apn_mms_setting|break_app_both_permissions|data_mode_off|user_abroad_roaming_disabled_on[PERSONA:None],candidate,,-54.0,repair_subset,None,6,apn|permission|network_preference|data_mode|roaming_disabled_on,target_favoring,
[mms_issue]airplane_mode_on|bad_wifi_calling|break_apn_mms_setting|break_app_sms_permission|data_mode_off|user_abroad_roaming_disabled_on[PERSONA:Easy],candidate,,-80.0,repair_subset,Easy,6,apn|permission|wifi_calling|data_mode|roaming_disabled_on,target_favoring,
[mms_issue]airplane_mode_on|bad_wifi_calling|break_apn_mms_setting|break_app_storage_permission|data_mode_off|user_abroad_roaming_disabled_on[PERSONA:Hard],candidate,,-79.0,repair_subset,Hard,6,apn|permission|wifi_calling|data_mode|roaming_disabled_on,target_favoring,
[mms_issue]airplane_mode_on|bad_wifi_calling|break_apn_mms_setting|break_app_both_permissions|data_mode_off|user_abroad_roaming_disabled_on[PERSONA:None],candidate,,-66.0,repair_subset,None,6,apn|permission|wifi_calling|data_mode|roaming_disabled_on,target_favoring,
[mms_issue]airplane_mode_on|bad_network_preference|bad_wifi_calling|break_apn_mms_setting|data_mode_off|user_abroad_roaming_disabled_off[PERSONA:Easy],static_delete,static_exclude_transfer_oracle;static_exclude_hybrid_roaming_disabled_off,1000.0,transfer,Easy,6,apn|wifi_calling|network_preference|data_mode|hybrid_roaming_disabled_off,neutral_other,
[mms_issue]airplane_mode_on|bad_network_preference|bad_wifi_calling|break_app_sms_permission|data_mode_off|user_abroad_roaming_disabled_off[PERSONA:Hard],static_delete,static_exclude_transfer_oracle;static_exclude_hybrid_roaming_disabled_off,1000.0,transfer,Hard,6,permission|wifi_calling|network_preference|data_mode|hybrid_roaming_disabled_off,neutral_other,
[mms_issue]airplane_mode_on|bad_network_preference|bad_wifi_calling|break_app_storage_permission|data_mode_off|user_abroad_roaming_disabled_off[PERSONA:None],static_delete,static_exclude_transfer_oracle;static_exclude_hybrid_roaming_disabled_off,1000.0,transfer,None,6,permission|wifi_calling|network_preference|data_mode|hybrid_roaming_disabled_off,neutral_other,
[mms_issue]airplane_mode_on|bad_network_preference|bad_wifi_calling|break_app_both_permissions|data_mode_off|user_abroad_roaming_disabled_off[PERSONA:Easy],static_delete,static_exclude_transfer_oracle;static_exclude_hybrid_roaming_disabled_off,1000.0,transfer,Easy,6,permission|wifi_calling|network_preference|data_mode|hybrid_roaming_disabled_off,neutral_other,
[mms_issue]airplane_mode_on|bad_network_preference|break_apn_mms_setting|break_app_sms_permission|data_mode_off|user_abroad_roaming_disabled_off[PERSONA:Hard],static_delete,static_exclude_transfer_oracle;static_exclude_hybrid_roaming_disabled_off,1000.0,transfer,Hard,6,apn|permission|network_preference|data_mode|hybrid_roaming_disabled_off,neutral_other,
[mms_issue]airplane_mode_on|bad_network_preference|break_apn_mms_setting|break_app_storage_permission|data_mode_off|user_abroad_roaming_disabled_off[PERSONA:None],static_delete,static_exclude_transfer_oracle;static_exclude_hybrid_roaming_disabled_off,1000.0,transfer,None,6,apn|permission|network_preference|data_mode|hybrid_roaming_disabled_off,neutral_other,
[mms_issue]airplane_mode_on|bad_network_preference|break_apn_mms_setting|break_app_both_permissions|data_mode_off|user_abroad_roaming_disabled_off[PERSONA:Easy],static_delete,static_exclude_transfer_oracle;static_exclude_hybrid_roaming_disabled_off,1000.0,transfer,Easy,6,apn|permission|network_preference|data_mode|hybrid_roaming_disabled_off,neutral_other,
[mms_issue]airplane_mode_on|bad_wifi_calling|break_apn_mms_setting|break_app_sms_permission|data_mode_off|user_abroad_roaming_disabled_off[PERSONA:Hard],static_delete,static_exclude_transfer_oracle;static_exclude_hybrid_roaming_disabled_off,1000.0,transfer,Hard,6,apn|permission|wifi_calling|data_mode|hybrid_roaming_disabled_off,neutral_other,
[mms_issue]airplane_mode_on|bad_wifi_calling|break_apn_mms_setting|break_app_storage_permission|data_mode_off|user_abroad_roaming_disabled_off[PERSONA:None],static_delete,static_exclude_transfer_oracle;static_exclude_hybrid_roaming_disabled_off,1000.0,transfer,None,6,apn|permission|wifi_calling|data_mode|hybrid_roaming_disabled_off,neutral_other,
[mms_issue]airplane_mode_on|bad_wifi_calling|break_apn_mms_setting|break_app_both_permissions|data_mode_off|user_abroad_roaming_disabled_off[PERSONA:Easy],static_delete,static_exclude_transfer_oracle;static_exclude_hybrid_roaming_disabled_off,1000.0,transfer,Easy,6,apn|permission|wifi_calling|data_mode|hybrid_roaming_disabled_off,neutral_other,
[mms_issue]airplane_mode_on|bad_network_preference|bad_wifi_calling|break_apn_mms_setting|break_app_sms_permission|data_mode_off[PERSONA:Hard],candidate,,-543.0,repair_all,Hard,6,apn|permission|wifi_calling|network_preference|data_mode,neutral_other,keep
[mms_issue]airplane_mode_on|bad_network_preference|bad_wifi_calling|break_apn_mms_setting|break_app_storage_permission|data_mode_off[PERSONA:None],candidate,,-548.0,repair_all,None,6,apn|permission|wifi_calling|network_preference|data_mode,neutral_other,keep
[mms_issue]airplane_mode_on|bad_network_preference|bad_wifi_calling|break_apn_mms_setting|break_app_both_permissions|data_mode_off[PERSONA:Easy],candidate,,-32.0,repair_all,Easy,6,apn|permission|wifi_calling|network_preference|data_mode,neutral_other,
[mms_issue]airplane_mode_on|bad_network_preference|bad_wifi_calling|break_apn_mms_setting|data_usage_exceeded|user_abroad_roaming_enabled_off[PERSONA:Hard],candidate,,-67.0,repair_subset,Hard,6,apn|wifi_calling|network_preference|data_usage_exceeded|roaming_enabled_off,target_favoring,
[mms_issue]airplane_mode_on|bad_network_preference|bad_wifi_calling|break_app_sms_permission|data_usage_exceeded|user_abroad_roaming_enabled_off[PERSONA:None],static_delete,static_exclude_low_priority_nontransfer_shape,1000.0,repair_subset,None,6,permission|wifi_calling|network_preference|data_usage_exceeded|roaming_enabled_off,neutral_other,
[mms_issue]airplane_mode_on|bad_network_preference|bad_wifi_calling|break_app_storage_permission|data_usage_exceeded|user_abroad_roaming_enabled_off[PERSONA:Easy],static_delete,static_exclude_low_priority_nontransfer_shape,1000.0,repair_subset,Easy,6,permission|wifi_calling|network_preference|data_usage_exceeded|roaming_enabled_off,neutral_other,
[mms_issue]airplane_mode_on|bad_network_preference|bad_wifi_calling|break_app_both_permissions|data_usage_exceeded|user_abroad_roaming_enabled_off[PERSONA:Hard],static_delete,static_exclude_low_priority_nontransfer_shape,1000.0,repair_subset,Hard,6,permission|wifi_calling|network_preference|data_usage_exceeded|roaming_enabled_off,neutral_other,
[mms_issue]airplane_mode_on|bad_network_preference|break_apn_mms_setting|break_app_sms_permission|data_usage_exceeded|user_abroad_roaming_enabled_off[PERSONA:None],candidate,,-64.0,repair_subset,None,6,apn|permission|network_preference|data_usage_exceeded|roaming_enabled_off,target_favoring,
[mms_issue]airplane_mode_on|bad_network_preference|break_apn_mms_setting|break_app_storage_permission|data_usage_exceeded|user_abroad_roaming_enabled_off[PERSONA:Easy],candidate,,-66.0,repair_subset,Easy,6,apn|permission|network_preference|data_usage_exceeded|roaming_enabled_off,target_favoring,
[mms_issue]airplane_mode_on|bad_network_preference|break_apn_mms_setting|break_app_both_permissions|data_usage_exceeded|user_abroad_roaming_enabled_off[PERSONA:Hard],candidate,,-47.0,repair_subset,Hard,6,apn|permission|network_preference|data_usage_exceeded|roaming_enabled_off,target_favoring,
[mms_issue]airplane_mode_on|bad_wifi_calling|break_apn_mms_setting|break_app_sms_permission|data_usage_exceeded|user_abroad_roaming_enabled_off[PERSONA:None],candidate,,-76.0,repair_subset,None,6,apn|permission|wifi_calling|data_usage_exceeded|roaming_enabled_off,target_favoring,
[mms_issue]airplane_mode_on|bad_wifi_calling|break_apn_mms_setting|break_app_storage_permission|data_usage_exceeded|user_abroad_roaming_enabled_off[PERSONA:Easy],candidate,,-78.0,repair_subset,Easy,6,apn|permission|wifi_calling|data_usage_exceeded|roaming_enabled_off,target_favoring,
[mms_issue]airplane_mode_on|bad_wifi_calling|break_apn_mms_setting|break_app_both_permissions|data_usage_exceeded|user_abroad_roaming_enabled_off[PERSONA:Hard],candidate,,-59.0,repair_subset,Hard,6,apn|permission|wifi_calling|data_usage_exceeded|roaming_enabled_off,target_favoring,
[mms_issue]airplane_mode_on|bad_network_preference|bad_wifi_calling|break_apn_mms_setting|data_usage_exceeded|user_abroad_roaming_disabled_on[PERSONA:None],candidate,,-70.0,repair_subset,None,6,apn|wifi_calling|network_preference|data_usage_exceeded|roaming_disabled_on,target_favoring,
[mms_issue]airplane_mode_on|bad_network_preference|bad_wifi_calling|break_app_sms_permission|data_usage_exceeded|user_abroad_roaming_disabled_on[PERSONA:Easy],static_delete,static_exclude_low_priority_nontransfer_shape,1000.0,repair_subset,Easy,6,permission|wifi_calling|network_preference|data_usage_exceeded|roaming_disabled_on,neutral_other,
[mms_issue]airplane_mode_on|bad_network_preference|bad_wifi_calling|break_app_storage_permission|data_usage_exceeded|user_abroad_roaming_disabled_on[PERSONA:Hard],static_delete,static_exclude_low_priority_nontransfer_shape,1000.0,repair_subset,Hard,6,permission|wifi_calling|network_preference|data_usage_exceeded|roaming_disabled_on,neutral_other,
[mms_issue]airplane_mode_on|bad_network_preference|bad_wifi_calling|break_app_both_permissions|data_usage_exceeded|user_abroad_roaming_disabled_on[PERSONA:None],static_delete,static_exclude_low_priority_nontransfer_shape,1000.0,repair_subset,None,6,permission|wifi_calling|network_preference|data_usage_exceeded|roaming_disabled_on,neutral_other,
[mms_issue]airplane_mode_on|bad_network_preference|break_apn_mms_setting|break_app_sms_permission|data_usage_exceeded|user_abroad_roaming_disabled_on[PERSONA:Easy],candidate,,-64.0,repair_subset,Easy,6,apn|permission|network_preference|data_usage_exceeded|roaming_disabled_on,target_favoring,
[mms_issue]airplane_mode_on|bad_network_preference|break_apn_mms_setting|break_app_storage_permission|data_usage_exceeded|user_abroad_roaming_disabled_on[PERSONA:Hard],candidate,,-63.0,repair_subset,Hard,6,apn|permission|network_preference|data_usage_exceeded|roaming_disabled_on,target_favoring,
[mms_issue]airplane_mode_on|bad_network_preference|break_apn_mms_setting|break_app_both_permissions|data_usage_exceeded|user_abroad_roaming_disabled_on[PERSONA:None],candidate,,-50.0,repair_subset,None,6,apn|permission|network_preference|data_usage_exceeded|roaming_disabled_on,target_favoring,
[mms_issue]airplane_mode_on|bad_wifi_calling|break_apn_mms_setting|break_app_sms_permission|data_usage_exceeded|user_abroad_roaming_disabled_on[PERSONA:Easy],candidate,,-76.0,repair_subset,Easy,6,apn|permission|wifi_calling|data_usage_exceeded|roaming_disabled_on,target_favoring,
[mms_issue]airplane_mode_on|bad_wifi_calling|break_apn_mms_setting|break_app_storage_permission|data_usage_exceeded|user_abroad_roaming_disabled_on[PERSONA:Hard],candidate,,-75.0,repair_subset,Hard,6,apn|permission|wifi_calling|data_usage_exceeded|roaming_disabled_on,target_favoring,
[mms_issue]airplane_mode_on|bad_wifi_calling|break_apn_mms_setting|break_app_both_permissions|data_usage_exceeded|user_abroad_roaming_disabled_on[PERSONA:None],candidate,,-62.0,repair_subset,None,6,apn|permission|wifi_calling|data_usage_exceeded|roaming_disabled_on,target_favoring,
[mms_issue]airplane_mode_on|bad_network_preference|bad_wifi_calling|break_apn_mms_setting|data_usage_exceeded|user_abroad_roaming_disabled_off[PERSONA:Easy],static_delete,static_exclude_transfer_oracle;static_exclude_hybrid_roaming_disabled_off,1000.0,transfer,Easy,6,apn|wifi_calling|network_preference|data_usage_exceeded|hybrid_roaming_disabled_off,neutral_other,
[mms_issue]airplane_mode_on|bad_network_preference|bad_wifi_calling|break_app_sms_permission|data_usage_exceeded|user_abroad_roaming_disabled_off[PERSONA:Hard],static_delete,static_exclude_transfer_oracle;static_exclude_hybrid_roaming_disabled_off,1000.0,transfer,Hard,6,permission|wifi_calling|network_preference|data_usage_exceeded|hybrid_roaming_disabled_off,neutral_other,
[mms_issue]airplane_mode_on|bad_network_preference|bad_wifi_calling|break_app_storage_permission|data_usage_exceeded|user_abroad_roaming_disabled_off[PERSONA:None],static_delete,static_exclude_transfer_oracle;static_exclude_hybrid_roaming_disabled_off,1000.0,transfer,None,6,permission|wifi_calling|network_preference|data_usage_exceeded|hybrid_roaming_disabled_off,neutral_other,
[mms_issue]airplane_mode_on|bad_network_preference|bad_wifi_calling|break_app_both_permissions|data_usage_exceeded|user_abroad_roaming_disabled_off[PERSONA:Easy],static_delete,static_exclude_transfer_oracle;static_exclude_hybrid_roaming_disabled_off,1000.0,transfer,Easy,6,permission|wifi_calling|network_preference|data_usage_exceeded|hybrid_roaming_disabled_off,neutral_other,
[mms_issue]airplane_mode_on|bad_network_preference|break_apn_mms_setting|break_app_sms_permission|data_usage_exceeded|user_abroad_roaming_disabled_off[PERSONA:Hard],static_delete,static_exclude_transfer_oracle;static_exclude_hybrid_roaming_disabled_off,1000.0,transfer,Hard,6,apn|permission|network_preference|data_usage_exceeded|hybrid_roaming_disabled_off,neutral_other,
[mms_issue]airplane_mode_on|bad_network_preference|break_apn_mms_setting|break_app_storage_permission|data_usage_exceeded|user_abroad_roaming_disabled_off[PERSONA:None],static_delete,static_exclude_transfer_oracle;static_exclude_hybrid_roaming_disabled_off,1000.0,transfer,None,6,apn|permission|network_preference|data_usage_exceeded|hybrid_roaming_disabled_off,neutral_other,
[mms_issue]airplane_mode_on|bad_network_preference|break_apn_mms_setting|break_app_both_permissions|data_usage_exceeded|user_abroad_roaming_disabled_off[PERSONA:Easy],static_delete,static_exclude_transfer_oracle;static_exclude_hybrid_roaming_disabled_off,1000.0,transfer,Easy,6,apn|permission|network_preference|data_usage_exceeded|hybrid_roaming_disabled_off,neutral_other,
[mms_issue]airplane_mode_on|bad_wifi_calling|break_apn_mms_setting|break_app_sms_permission|data_usage_exceeded|user_abroad_roaming_disabled_off[PERSONA:Hard],static_delete,static_exclude_transfer_oracle;static_exclude_hybrid_roaming_disabled_off,1000.0,transfer,Hard,6,apn|permission|wifi_calling|data_usage_exceeded|hybrid_roaming_disabled_off,neutral_other,
[mms_issue]airplane_mode_on|bad_wifi_calling|break_apn_mms_setting|break_app_storage_permission|data_usage_exceeded|user_abroad_roaming_disabled_off[PERSONA:None],static_delete,static_exclude_transfer_oracle;static_exclude_hybrid_roaming_disabled_off,1000.0,transfer,None,6,apn|permission|wifi_calling|data_usage_exceeded|hybrid_roaming_disabled_off,neutral_other,
[mms_issue]airplane_mode_on|bad_wifi_calling|break_apn_mms_setting|break_app_both_permissions|data_usage_exceeded|user_abroad_roaming_disabled_off[PERSONA:Easy],static_delete,static_exclude_transfer_oracle;static_exclude_hybrid_roaming_disabled_off,1000.0,transfer,Easy,6,apn|permission|wifi_calling|data_usage_exceeded|hybrid_roaming_disabled_off,neutral_other,
[mms_issue]airplane_mode_on|bad_network_preference|bad_wifi_calling|break_apn_mms_setting|break_app_sms_permission|data_usage_exceeded[PERSONA:Hard],static_delete,static_exclude_low_priority_nontransfer_shape,1000.0,repair_subset,Hard,6,apn|permission|wifi_calling|network_preference|data_usage_exceeded,neutral_other,delete
[mms_issue]airplane_mode_on|bad_network_preference|bad_wifi_calling|break_apn_mms_setting|break_app_storage_permission|data_usage_exceeded[PERSONA:None],static_delete,static_exclude_low_priority_nontransfer_shape,1000.0,repair_subset,None,6,apn|permission|wifi_calling|network_preference|data_usage_exceeded,neutral_other,
[mms_issue]airplane_mode_on|bad_network_preference|bad_wifi_calling|break_apn_mms_setting|break_app_both_permissions|data_usage_exceeded[PERSONA:Easy],static_delete,static_exclude_low_priority_nontransfer_shape,1000.0,repair_subset,Easy,6,apn|permission|wifi_calling|network_preference|data_usage_exceeded,neutral_other,delete
[mms_issue]airplane_mode_on|bad_network_preference|bad_wifi_calling|break_apn_mms_setting|break_app_sms_permission|user_abroad_roaming_enabled_off[PERSONA:Hard],candidate,,-103.0,repair_all,Hard,6,apn|permission|wifi_calling|network_preference|roaming_enabled_off,target_favoring,
[mms_issue]airplane_mode_on|bad_network_preference|bad_wifi_calling|break_apn_mms_setting|break_app_storage_permission|user_abroad_roaming_enabled_off[PERSONA:None],candidate,,-608.0,repair_all,None,6,apn|permission|wifi_calling|network_preference|roaming_enabled_off,target_favoring,keep
[mms_issue]airplane_mode_on|bad_network_preference|bad_wifi_calling|break_apn_mms_setting|break_app_both_permissions|user_abroad_roaming_enabled_off[PERSONA:Easy],candidate,,-92.0,repair_all,Easy,6,apn|permission|wifi_calling|network_preference|roaming_enabled_off,target_favoring,
[mms_issue]airplane_mode_on|bad_network_preference|bad_wifi_calling|break_apn_mms_setting|break_app_sms_permission|user_abroad_roaming_disabled_on[PERSONA:Hard],candidate,,-77.0,repair_subset,Hard,6,apn|permission|wifi_calling|network_preference|roaming_disabled_on,target_favoring,
[mms_issue]airplane_mode_on|bad_network_preference|bad_wifi_calling|break_apn_mms_setting|break_app_storage_permission|user_abroad_roaming_disabled_on[PERSONA:None],candidate,,-82.0,repair_subset,None,6,apn|permission|wifi_calling|network_preference|roaming_disabled_on,target_favoring,
[mms_issue]airplane_mode_on|bad_network_preference|bad_wifi_calling|break_apn_mms_setting|break_app_both_permissions|user_abroad_roaming_disabled_on[PERSONA:Easy],candidate,,-66.0,repair_subset,Easy,6,apn|permission|wifi_calling|network_preference|roaming_disabled_on,target_favoring,
[mms_issue]airplane_mode_on|bad_network_preference|bad_wifi_calling|break_apn_mms_setting|break_app_sms_permission|user_abroad_roaming_disabled_off[PERSONA:Hard],static_delete,static_exclude_transfer_oracle;static_exclude_hybrid_roaming_disabled_off,1000.0,transfer,Hard,6,apn|permission|wifi_calling|network_preference|hybrid_roaming_disabled_off,neutral_other,
[mms_issue]airplane_mode_on|bad_network_preference|bad_wifi_calling|break_apn_mms_setting|break_app_storage_permission|user_abroad_roaming_disabled_off[PERSONA:None],static_delete,static_exclude_transfer_oracle;static_exclude_hybrid_roaming_disabled_off,1000.0,transfer,None,6,apn|permission|wifi_calling|network_preference|hybrid_roaming_disabled_off,neutral_other,
[mms_issue]airplane_mode_on|bad_network_preference|bad_wifi_calling|break_apn_mms_setting|break_app_both_permissions|user_abroad_roaming_disabled_off[PERSONA:Easy],static_delete,static_exclude_transfer_oracle;static_exclude_hybrid_roaming_disabled_off,1000.0,transfer,Easy,6,apn|permission|wifi_calling|network_preference|hybrid_roaming_disabled_off,neutral_other,
[mms_issue]bad_network_preference|bad_wifi_calling|data_mode_off|data_usage_exceeded|unseat_sim_card|user_abroad_roaming_enabled_off[PERSONA:Hard],static_delete,static_exclude_low_priority_nontransfer_shape,1000.0,repair_subset,Hard,6,wifi_calling|network_preference|sim|data_mode|data_usage_exceeded|roaming_enabled_off,neutral_other,
[mms_issue]bad_network_preference|break_apn_mms_setting|data_mode_off|data_usage_exceeded|unseat_sim_card|user_abroad_roaming_enabled_off[PERSONA:None],candidate,,-58.0,repair_subset,None,6,apn|network_preference|sim|data_mode|data_usage_exceeded|roaming_enabled_off,target_favoring,
[mms_issue]bad_network_preference|break_app_sms_permission|data_mode_off|data_usage_exceeded|unseat_sim_card|user_abroad_roaming_enabled_off[PERSONA:Easy],static_delete,static_exclude_low_priority_nontransfer_shape,1000.0,repair_subset,Easy,6,permission|network_preference|sim|data_mode|data_usage_exceeded|roaming_enabled_off,neutral_other,
[mms_issue]bad_network_preference|break_app_storage_permission|data_mode_off|data_usage_exceeded|unseat_sim_card|user_abroad_roaming_enabled_off[PERSONA:Hard],static_delete,static_exclude_low_priority_nontransfer_shape,1000.0,repair_subset,Hard,6,permission|network_preference|sim|data_mode|data_usage_exceeded|roaming_enabled_off,neutral_other,
[mms_issue]bad_network_preference|break_app_both_permissions|data_mode_off|data_usage_exceeded|unseat_sim_card|user_abroad_roaming_enabled_off[PERSONA:None],static_delete,static_exclude_low_priority_nontransfer_shape,1000.0,repair_subset,None,6,permission|network_preference|sim|data_mode|data_usage_exceeded|roaming_enabled_off,neutral_other,
[mms_issue]bad_wifi_calling|break_apn_mms_setting|data_mode_off|data_usage_exceeded|unseat_sim_card|user_abroad_roaming_enabled_off[PERSONA:Easy],candidate,,-70.0,repair_subset,Easy,6,apn|wifi_calling|sim|data_mode|data_usage_exceeded|roaming_enabled_off,target_favoring,
[mms_issue]bad_wifi_calling|break_app_sms_permission|data_mode_off|data_usage_exceeded|unseat_sim_card|user_abroad_roaming_enabled_off[PERSONA:Hard],static_delete,static_exclude_low_priority_nontransfer_shape,1000.0,repair_subset,Hard,6,permission|wifi_calling|sim|data_mode|data_usage_exceeded|roaming_enabled_off,neutral_other,
[mms_issue]bad_wifi_calling|break_app_storage_permission|data_mode_off|data_usage_exceeded|unseat_sim_card|user_abroad_roaming_enabled_off[PERSONA:None],static_delete,static_exclude_low_priority_nontransfer_shape,1000.0,repair_subset,None,6,permission|wifi_calling|sim|data_mode|data_usage_exceeded|roaming_enabled_off,neutral_other,
[mms_issue]bad_wifi_calling|break_app_both_permissions|data_mode_off|data_usage_exceeded|unseat_sim_card|user_abroad_roaming_enabled_off[PERSONA:Easy],static_delete,static_exclude_low_priority_nontransfer_shape,1000.0,repair_subset,Easy,6,permission|wifi_calling|sim|data_mode|data_usage_exceeded|roaming_enabled_off,neutral_other,
[mms_issue]break_apn_mms_setting|break_app_sms_permission|data_mode_off|data_usage_exceeded|unseat_sim_card|user_abroad_roaming_enabled_off[PERSONA:Hard],candidate,,-61.0,repair_subset,Hard,6,apn|permission|sim|data_mode|data_usage_exceeded|roaming_enabled_off,target_favoring,
[mms_issue]break_apn_mms_setting|break_app_storage_permission|data_mode_off|data_usage_exceeded|unseat_sim_card|user_abroad_roaming_enabled_off[PERSONA:None],candidate,,-66.0,repair_subset,None,6,apn|permission|sim|data_mode|data_usage_exceeded|roaming_enabled_off,target_favoring,
[mms_issue]break_apn_mms_setting|break_app_both_permissions|data_mode_off|data_usage_exceeded|unseat_sim_card|user_abroad_roaming_enabled_off[PERSONA:Easy],candidate,,-50.0,repair_subset,Easy,6,apn|permission|sim|data_mode|data_usage_exceeded|roaming_enabled_off,target_favoring,
[mms_issue]bad_network_preference|bad_wifi_calling|data_mode_off|data_usage_exceeded|unseat_sim_card|user_abroad_roaming_disabled_on[PERSONA:Hard],static_delete,static_exclude_low_priority_nontransfer_shape,1000.0,repair_subset,Hard,6,wifi_calling|network_preference|sim|data_mode|data_usage_exceeded|roaming_disabled_on,neutral_other,
[mms_issue]bad_network_preference|break_apn_mms_setting|data_mode_off|data_usage_exceeded|unseat_sim_card|user_abroad_roaming_disabled_on[PERSONA:None],candidate,,-58.0,repair_subset,None,6,apn|network_preference|sim|data_mode|data_usage_exceeded|roaming_disabled_on,target_favoring,
[mms_issue]bad_network_preference|break_app_sms_permission|data_mode_off|data_usage_exceeded|unseat_sim_card|user_abroad_roaming_disabled_on[PERSONA:Easy],static_delete,static_exclude_low_priority_nontransfer_shape,1000.0,repair_subset,Easy,6,permission|network_preference|sim|data_mode|data_usage_exceeded|roaming_disabled_on,neutral_other,
[mms_issue]bad_network_preference|break_app_storage_permission|data_mode_off|data_usage_exceeded|unseat_sim_card|user_abroad_roaming_disabled_on[PERSONA:Hard],static_delete,static_exclude_low_priority_nontransfer_shape,1000.0,repair_subset,Hard,6,permission|network_preference|sim|data_mode|data_usage_exceeded|roaming_disabled_on,neutral_other,
[mms_issue]bad_network_preference|break_app_both_permissions|data_mode_off|data_usage_exceeded|unseat_sim_card|user_abroad_roaming_disabled_on[PERSONA:None],static_delete,static_exclude_low_priority_nontransfer_shape,1000.0,repair_subset,None,6,permission|network_preference|sim|data_mode|data_usage_exceeded|roaming_disabled_on,neutral_other,
[mms_issue]bad_wifi_calling|break_apn_mms_setting|data_mode_off|data_usage_exceeded|unseat_sim_card|user_abroad_roaming_disabled_on[PERSONA:Easy],candidate,,-70.0,repair_subset,Easy,6,apn|wifi_calling|sim|data_mode|data_usage_exceeded|roaming_disabled_on,target_favoring,
[mms_issue]bad_wifi_calling|break_app_sms_permission|data_mode_off|data_usage_exceeded|unseat_sim_card|user_abroad_roaming_disabled_on[PERSONA:Hard],static_delete,static_exclude_low_priority_nontransfer_shape,1000.0,repair_subset,Hard,6,permission|wifi_calling|sim|data_mode|data_usage_exceeded|roaming_disabled_on,neutral_other,
[mms_issue]bad_wifi_calling|break_app_storage_permission|data_mode_off|data_usage_exceeded|unseat_sim_card|user_abroad_roaming_disabled_on[PERSONA:None],static_delete,static_exclude_low_priority_nontransfer_shape,1000.0,repair_subset,None,6,permission|wifi_calling|sim|data_mode|data_usage_exceeded|roaming_disabled_on,neutral_other,
[mms_issue]bad_wifi_calling|break_app_both_permissions|data_mode_off|data_usage_exceeded|unseat_sim_card|user_abroad_roaming_disabled_on[PERSONA:Easy],static_delete,static_exclude_low_priority_nontransfer_shape,1000.0,repair_subset,Easy,6,permission|wifi_calling|sim|data_mode|data_usage_exceeded|roaming_disabled_on,neutral_other,
[mms_issue]break_apn_mms_setting|break_app_sms_permission|data_mode_off|data_usage_exceeded|unseat_sim_card|user_abroad_roaming_disabled_on[PERSONA:Hard],candidate,,-61.0,repair_subset,Hard,6,apn|permission|sim|data_mode|data_usage_exceeded|roaming_disabled_on,target_favoring,
[mms_issue]break_apn_mms_setting|break_app_storage_permission|data_mode_off|data_usage_exceeded|unseat_sim_card|user_abroad_roaming_disabled_on[PERSONA:None],candidate,,-66.0,repair_subset,None,6,apn|permission|sim|data_mode|data_usage_exceeded|roaming_disabled_on,target_favoring,
[mms_issue]break_apn_mms_setting|break_app_both_permissions|data_mode_off|data_usage_exceeded|unseat_sim_card|user_abroad_roaming_disabled_on[PERSONA:Easy],candidate,,-50.0,repair_subset,Easy,6,apn|permission|sim|data_mode|data_usage_exceeded|roaming_disabled_on,target_favoring,
[mms_issue]bad_network_preference|bad_wifi_calling|data_mode_off|data_usage_exceeded|unseat_sim_card|user_abroad_roaming_disabled_off[PERSONA:Hard],static_delete,static_exclude_transfer_oracle;static_exclude_hybrid_roaming_disabled_off,1000.0,transfer,Hard,6,wifi_calling|network_preference|sim|data_mode|data_usage_exceeded|hybrid_roaming_disabled_off,neutral_other,
[mms_issue]bad_network_preference|break_apn_mms_setting|data_mode_off|data_usage_exceeded|unseat_sim_card|user_abroad_roaming_disabled_off[PERSONA:None],static_delete,static_exclude_transfer_oracle;static_exclude_hybrid_roaming_disabled_off,1000.0,transfer,None,6,apn|network_preference|sim|data_mode|data_usage_exceeded|hybrid_roaming_disabled_off,neutral_other,
[mms_issue]bad_network_preference|break_app_sms_permission|data_mode_off|data_usage_exceeded|unseat_sim_card|user_abroad_roaming_disabled_off[PERSONA:Easy],static_delete,static_exclude_transfer_oracle;static_exclude_hybrid_roaming_disabled_off,1000.0,transfer,Easy,6,permission|network_preference|sim|data_mode|data_usage_exceeded|hybrid_roaming_disabled_off,neutral_other,
[mms_issue]bad_network_preference|break_app_storage_permission|data_mode_off|data_usage_exceeded|unseat_sim_card|user_abroad_roaming_disabled_off[PERSONA:Hard],static_delete,static_exclude_transfer_oracle;static_exclude_hybrid_roaming_disabled_off,1000.0,transfer,Hard,6,permission|network_preference|sim|data_mode|data_usage_exceeded|hybrid_roaming_disabled_off,neutral_other,
[mms_issue]bad_network_preference|break_app_both_permissions|data_mode_off|data_usage_exceeded|unseat_sim_card|user_abroad_roaming_disabled_off[PERSONA:None],static_delete,static_exclude_transfer_oracle;static_exclude_hybrid_roaming_disabled_off,1000.0,transfer,None,6,permission|network_preference|sim|data_mode|data_usage_exceeded|hybrid_roaming_disabled_off,neutral_other,
[mms_issue]bad_wifi_calling|break_apn_mms_setting|data_mode_off|data_usage_exceeded|unseat_sim_card|user_abroad_roaming_disabled_off[PERSONA:Easy],static_delete,static_exclude_transfer_oracle;static_exclude_hybrid_roaming_disabled_off,1000.0,transfer,Easy,6,apn|wifi_calling|sim|data_mode|data_usage_exceeded|hybrid_roaming_disabled_off,neutral_other,
[mms_issue]bad_wifi_calling|break_app_sms_permission|data_mode_off|data_usage_exceeded|unseat_sim_card|user_abroad_roaming_disabled_off[PERSONA:Hard],static_delete,static_exclude_transfer_oracle;static_exclude_hybrid_roaming_disabled_off,1000.0,transfer,Hard,6,permission|wifi_calling|sim|data_mode|data_usage_exceeded|hybrid_roaming_disabled_off,neutral_other,
[mms_issue]bad_wifi_calling|break_app_storage_permission|data_mode_off|data_usage_exceeded|unseat_sim_card|user_abroad_roaming_disabled_off[PERSONA:None],static_delete,static_exclude_transfer_oracle;static_exclude_hybrid_roaming_disabled_off,1000.0,transfer,None,6,permission|wifi_calling|sim|data_mode|data_usage_exceeded|hybrid_roaming_disabled_off,neutral_other,
[mms_issue]bad_wifi_calling|break_app_both_permissions|data_mode_off|data_usage_exceeded|unseat_sim_card|user_abroad_roaming_disabled_off[PERSONA:Easy],static_delete,static_exclude_transfer_oracle;static_exclude_hybrid_roaming_disabled_off,1000.0,transfer,Easy,6,permission|wifi_calling|sim|data_mode|data_usage_exceeded|hybrid_roaming_disabled_off,neutral_other,
[mms_issue]break_apn_mms_setting|break_app_sms_permission|data_mode_off|data_usage_exceeded|unseat_sim_card|user_abroad_roaming_disabled_off[PERSONA:Hard],static_delete,static_exclude_transfer_oracle;static_exclude_hybrid_roaming_disabled_off,1000.0,transfer,Hard,6,apn|permission|sim|data_mode|data_usage_exceeded|hybrid_roaming_disabled_off,neutral_other,
[mms_issue]break_apn_mms_setting|break_app_storage_permission|data_mode_off|data_usage_exceeded|unseat_sim_card|user_abroad_roaming_disabled_off[PERSONA:None],static_delete,static_exclude_transfer_oracle;static_exclude_hybrid_roaming_disabled_off,1000.0,transfer,None,6,apn|permission|sim|data_mode|data_usage_exceeded|hybrid_roaming_disabled_off,neutral_other,
[mms_issue]break_apn_mms_setting|break_app_both_permissions|data_mode_off|data_usage_exceeded|unseat_sim_card|user_abroad_roaming_disabled_off[PERSONA:Easy],static_delete,static_exclude_transfer_oracle;static_exclude_hybrid_roaming_disabled_off,1000.0,transfer,Easy,6,apn|permission|sim|data_mode|data_usage_exceeded|hybrid_roaming_disabled_off,neutral_other,
[mms_issue]bad_network_preference|bad_wifi_calling|break_apn_mms_setting|data_mode_off|data_usage_exceeded|unseat_sim_card[PERSONA:Hard],candidate,,-67.0,repair_subset,Hard,6,apn|wifi_calling|network_preference|sim|data_mode|data_usage_exceeded,target_favoring,
[mms_issue]bad_network_preference|bad_wifi_calling|break_app_sms_permission|data_mode_off|data_usage_exceeded|unseat_sim_card[PERSONA:None],static_delete,static_exclude_low_priority_nontransfer_shape,1000.0,repair_subset,None,6,permission|wifi_calling|network_preference|sim|data_mode|data_usage_exceeded,neutral_other,
[mms_issue]bad_network_preference|bad_wifi_calling|break_app_storage_permission|data_mode_off|data_usage_exceeded|unseat_sim_card[PERSONA:Easy],static_delete,static_exclude_low_priority_nontransfer_shape,1000.0,repair_subset,Easy,6,permission|wifi_calling|network_preference|sim|data_mode|data_usage_exceeded,neutral_other,
[mms_issue]bad_network_preference|bad_wifi_calling|break_app_both_permissions|data_mode_off|data_usage_exceeded|unseat_sim_card[PERSONA:Hard],static_delete,static_exclude_low_priority_nontransfer_shape,1000.0,repair_subset,Hard,6,permission|wifi_calling|network_preference|sim|data_mode|data_usage_exceeded,neutral_other,
[mms_issue]bad_network_preference|break_apn_mms_setting|break_app_sms_permission|data_mode_off|data_usage_exceeded|unseat_sim_card[PERSONA:None],candidate,,-64.0,repair_subset,None,6,apn|permission|network_preference|sim|data_mode|data_usage_exceeded,target_favoring,
[mms_issue]bad_network_preference|break_apn_mms_setting|break_app_storage_permission|data_mode_off|data_usage_exceeded|unseat_sim_card[PERSONA:Easy],candidate,,-66.0,repair_subset,Easy,6,apn|permission|network_preference|sim|data_mode|data_usage_exceeded,target_favoring,
[mms_issue]bad_network_preference|break_apn_mms_setting|break_app_both_permissions|data_mode_off|data_usage_exceeded|unseat_sim_card[PERSONA:Hard],candidate,,-47.0,repair_subset,Hard,6,apn|permission|network_preference|sim|data_mode|data_usage_exceeded,target_favoring,
[mms_issue]bad_wifi_calling|break_apn_mms_setting|break_app_sms_permission|data_mode_off|data_usage_exceeded|unseat_sim_card[PERSONA:None],candidate,,-76.0,repair_subset,None,6,apn|permission|wifi_calling|sim|data_mode|data_usage_exceeded,target_favoring,
[mms_issue]bad_wifi_calling|break_apn_mms_setting|break_app_storage_permission|data_mode_off|data_usage_exceeded|unseat_sim_card[PERSONA:Easy],candidate,,-78.0,repair_subset,Easy,6,apn|permission|wifi_calling|sim|data_mode|data_usage_exceeded,target_favoring,
[mms_issue]bad_wifi_calling|break_apn_mms_setting|break_app_both_permissions|data_mode_off|data_usage_exceeded|unseat_sim_card[PERSONA:Hard],candidate,,-59.0,repair_subset,Hard,6,apn|permission|wifi_calling|sim|data_mode|data_usage_exceeded,target_favoring,
[mms_issue]bad_network_preference|bad_wifi_calling|break_apn_mms_setting|data_mode_off|unseat_sim_card|user_abroad_roaming_enabled_off[PERSONA:Easy],candidate,,-100.0,repair_all,Easy,6,apn|wifi_calling|network_preference|sim|data_mode|roaming_enabled_off,target_favoring,
[mms_issue]bad_network_preference|bad_wifi_calling|break_app_sms_permission|data_mode_off|unseat_sim_card|user_abroad_roaming_enabled_off[PERSONA:Hard],candidate,,-43.0,repair_all,Hard,6,permission|wifi_calling|network_preference|sim|data_mode|roaming_enabled_off,neutral_other,
[mms_issue]bad_network_preference|bad_wifi_calling|break_app_storage_permission|data_mode_off|unseat_sim_card|user_abroad_roaming_enabled_off[PERSONA:None],candidate,,-48.0,repair_all,None,6,permission|wifi_calling|network_preference|sim|data_mode|roaming_enabled_off,neutral_other,
[mms_issue]bad_network_preference|bad_wifi_calling|break_app_both_permissions|data_mode_off|unseat_sim_card|user_abroad_roaming_enabled_off[PERSONA:Easy],candidate,,-32.0,repair_all,Easy,6,permission|wifi_calling|network_preference|sim|data_mode|roaming_enabled_off,neutral_other,
[mms_issue]bad_network_preference|break_apn_mms_setting|break_app_sms_permission|data_mode_off|unseat_sim_card|user_abroad_roaming_enabled_off[PERSONA:Hard],candidate,,-91.0,repair_all,Hard,6,apn|permission|network_preference|sim|data_mode|roaming_enabled_off,target_favoring,
[mms_issue]bad_network_preference|break_apn_mms_setting|break_app_storage_permission|data_mode_off|unseat_sim_card|user_abroad_roaming_enabled_off[PERSONA:None],candidate,,-96.0,repair_all,None,6,apn|permission|network_preference|sim|data_mode|roaming_enabled_off,target_favoring,
[mms_issue]bad_network_preference|break_apn_mms_setting|break_app_both_permissions|data_mode_off|unseat_sim_card|user_abroad_roaming_enabled_off[PERSONA:Easy],candidate,,-80.0,repair_all,Easy,6,apn|permission|network_preference|sim|data_mode|roaming_enabled_off,target_favoring,
[mms_issue]bad_wifi_calling|break_apn_mms_setting|break_app_sms_permission|data_mode_off|unseat_sim_card|user_abroad_roaming_enabled_off[PERSONA:Hard],candidate,,-103.0,repair_all,Hard,6,apn|permission|wifi_calling|sim|data_mode|roaming_enabled_off,target_favoring,
[mms_issue]bad_wifi_calling|break_apn_mms_setting|break_app_storage_permission|data_mode_off|unseat_sim_card|user_abroad_roaming_enabled_off[PERSONA:None],candidate,,-108.0,repair_all,None,6,apn|permission|wifi_calling|sim|data_mode|roaming_enabled_off,target_favoring,
[mms_issue]bad_wifi_calling|break_apn_mms_setting|break_app_both_permissions|data_mode_off|unseat_sim_card|user_abroad_roaming_enabled_off[PERSONA:Easy],candidate,,-92.0,repair_all,Easy,6,apn|permission|wifi_calling|sim|data_mode|roaming_enabled_off,target_favoring,
[mms_issue]bad_network_preference|bad_wifi_calling|break_apn_mms_setting|data_mode_off|unseat_sim_card|user_abroad_roaming_disabled_on[PERSONA:Hard],candidate,,-71.0,repair_subset,Hard,6,apn|wifi_calling|network_preference|sim|data_mode|roaming_disabled_on,target_favoring,
[mms_issue]bad_network_preference|bad_wifi_calling|break_app_sms_permission|data_mode_off|unseat_sim_card|user_abroad_roaming_disabled_on[PERSONA:None],static_delete,static_exclude_low_priority_nontransfer_shape,1000.0,repair_subset,None,6,permission|wifi_calling|network_preference|sim|data_mode|roaming_disabled_on,neutral_other,
[mms_issue]bad_network_preference|bad_wifi_calling|break_app_storage_permission|data_mode_off|unseat_sim_card|user_abroad_roaming_disabled_on[PERSONA:Easy],static_delete,static_exclude_low_priority_nontransfer_shape,1000.0,repair_subset,Easy,6,permission|wifi_calling|network_preference|sim|data_mode|roaming_disabled_on,neutral_other,
[mms_issue]bad_network_preference|bad_wifi_calling|break_app_both_permissions|data_mode_off|unseat_sim_card|user_abroad_roaming_disabled_on[PERSONA:Hard],static_delete,static_exclude_low_priority_nontransfer_shape,1000.0,repair_subset,Hard,6,permission|wifi_calling|network_preference|sim|data_mode|roaming_disabled_on,neutral_other,
[mms_issue]bad_network_preference|break_apn_mms_setting|break_app_sms_permission|data_mode_off|unseat_sim_card|user_abroad_roaming_disabled_on[PERSONA:None],candidate,,-68.0,repair_subset,None,6,apn|permission|network_preference|sim|data_mode|roaming_disabled_on,target_favoring,
[mms_issue]bad_network_preference|break_apn_mms_setting|break_app_storage_permission|data_mode_off|unseat_sim_card|user_abroad_roaming_disabled_on[PERSONA:Easy],candidate,,-70.0,repair_subset,Easy,6,apn|permission|network_preference|sim|data_mode|roaming_disabled_on,target_favoring,
[mms_issue]bad_network_preference|break_apn_mms_setting|break_app_both_permissions|data_mode_off|unseat_sim_card|user_abroad_roaming_disabled_on[PERSONA:Hard],candidate,,-51.0,repair_subset,Hard,6,apn|permission|network_preference|sim|data_mode|roaming_disabled_on,target_favoring,
[mms_issue]bad_wifi_calling|break_apn_mms_setting|break_app_sms_permission|data_mode_off|unseat_sim_card|user_abroad_roaming_disabled_on[PERSONA:None],candidate,,-80.0,repair_subset,None,6,apn|permission|wifi_calling|sim|data_mode|roaming_disabled_on,target_favoring,
[mms_issue]bad_wifi_calling|break_apn_mms_setting|break_app_storage_permission|data_mode_off|unseat_sim_card|user_abroad_roaming_disabled_on[PERSONA:Easy],candidate,,-82.0,repair_subset,Easy,6,apn|permission|wifi_calling|sim|data_mode|roaming_disabled_on,target_favoring,
[mms_issue]bad_wifi_calling|break_apn_mms_setting|break_app_both_permissions|data_mode_off|unseat_sim_card|user_abroad_roaming_disabled_on[PERSONA:Hard],candidate,,-63.0,repair_subset,Hard,6,apn|permission|wifi_calling|sim|data_mode|roaming_disabled_on,target_favoring,
[mms_issue]bad_network_preference|bad_wifi_calling|break_apn_mms_setting|data_mode_off|unseat_sim_card|user_abroad_roaming_disabled_off[PERSONA:None],static_delete,static_exclude_transfer_oracle;static_exclude_hybrid_roaming_disabled_off,1000.0,transfer,None,6,apn|wifi_calling|network_preference|sim|data_mode|hybrid_roaming_disabled_off,neutral_other,
[mms_issue]bad_network_preference|bad_wifi_calling|break_app_sms_permission|data_mode_off|unseat_sim_card|user_abroad_roaming_disabled_off[PERSONA:Easy],static_delete,static_exclude_transfer_oracle;static_exclude_hybrid_roaming_disabled_off,1000.0,transfer,Easy,6,permission|wifi_calling|network_preference|sim|data_mode|hybrid_roaming_disabled_off,neutral_other,
[mms_issue]bad_network_preference|bad_wifi_calling|break_app_storage_permission|data_mode_off|unseat_sim_card|user_abroad_roaming_disabled_off[PERSONA:Hard],static_delete,static_exclude_transfer_oracle;static_exclude_hybrid_roaming_disabled_off,1000.0,transfer,Hard,6,permission|wifi_calling|network_preference|sim|data_mode|hybrid_roaming_disabled_off,neutral_other,
[mms_issue]bad_network_preference|bad_wifi_calling|break_app_both_permissions|data_mode_off|unseat_sim_card|user_abroad_roaming_disabled_off[PERSONA:None],static_delete,static_exclude_transfer_oracle;static_exclude_hybrid_roaming_disabled_off,1000.0,transfer,None,6,permission|wifi_calling|network_preference|sim|data_mode|hybrid_roaming_disabled_off,neutral_other,
[mms_issue]bad_network_preference|break_apn_mms_setting|break_app_sms_permission|data_mode_off|unseat_sim_card|user_abroad_roaming_disabled_off[PERSONA:Easy],static_delete,static_exclude_transfer_oracle;static_exclude_hybrid_roaming_disabled_off,1000.0,transfer,Easy,6,apn|permission|network_preference|sim|data_mode|hybrid_roaming_disabled_off,neutral_other,
[mms_issue]bad_network_preference|break_apn_mms_setting|break_app_storage_permission|data_mode_off|unseat_sim_card|user_abroad_roaming_disabled_off[PERSONA:Hard],static_delete,static_exclude_transfer_oracle;static_exclude_hybrid_roaming_disabled_off,1000.0,transfer,Hard,6,apn|permission|network_preference|sim|data_mode|hybrid_roaming_disabled_off,neutral_other,
[mms_issue]bad_network_preference|break_apn_mms_setting|break_app_both_permissions|data_mode_off|unseat_sim_card|user_abroad_roaming_disabled_off[PERSONA:None],static_delete,static_exclude_transfer_oracle;static_exclude_hybrid_roaming_disabled_off,1000.0,transfer,None,6,apn|permission|network_preference|sim|data_mode|hybrid_roaming_disabled_off,neutral_other,
[mms_issue]bad_wifi_calling|break_apn_mms_setting|break_app_sms_permission|data_mode_off|unseat_sim_card|user_abroad_roaming_disabled_off[PERSONA:Easy],static_delete,static_exclude_transfer_oracle;static_exclude_hybrid_roaming_disabled_off,1000.0,transfer,Easy,6,apn|permission|wifi_calling|sim|data_mode|hybrid_roaming_disabled_off,neutral_other,
[mms_issue]bad_wifi_calling|break_apn_mms_setting|break_app_storage_permission|data_mode_off|unseat_sim_card|user_abroad_roaming_disabled_off[PERSONA:Hard],static_delete,static_exclude_transfer_oracle;static_exclude_hybrid_roaming_disabled_off,1000.0,transfer,Hard,6,apn|permission|wifi_calling|sim|data_mode|hybrid_roaming_disabled_off,neutral_other,
[mms_issue]bad_wifi_calling|break_apn_mms_setting|break_app_both_permissions|data_mode_off|unseat_sim_card|user_abroad_roaming_disabled_off[PERSONA:None],static_delete,static_exclude_transfer_oracle;static_exclude_hybrid_roaming_disabled_off,1000.0,transfer,None,6,apn|permission|wifi_calling|sim|data_mode|hybrid_roaming_disabled_off,neutral_other,
[mms_issue]bad_network_preference|bad_wifi_calling|break_apn_mms_setting|break_app_sms_permission|data_mode_off|unseat_sim_card[PERSONA:Easy],candidate,,-106.0,repair_all,Easy,6,apn|permission|wifi_calling|network_preference|sim|data_mode,target_favoring,
[mms_issue]bad_network_preference|bad_wifi_calling|break_apn_mms_setting|break_app_storage_permission|data_mode_off|unseat_sim_card[PERSONA:Hard],candidate,,-105.0,repair_all,Hard,6,apn|permission|wifi_calling|network_preference|sim|data_mode,target_favoring,
[mms_issue]bad_network_preference|bad_wifi_calling|break_apn_mms_setting|break_app_both_permissions|data_mode_off|unseat_sim_card[PERSONA:None],candidate,,-92.0,repair_all,None,6,apn|permission|wifi_calling|network_preference|sim|data_mode,target_favoring,
[mms_issue]bad_network_preference|bad_wifi_calling|break_apn_mms_setting|data_usage_exceeded|unseat_sim_card|user_abroad_roaming_enabled_off[PERSONA:Easy],candidate,,-70.0,repair_subset,Easy,6,apn|wifi_calling|network_preference|sim|data_usage_exceeded|roaming_enabled_off,target_favoring,
[mms_issue]bad_network_preference|bad_wifi_calling|break_app_sms_permission|data_usage_exceeded|unseat_sim_card|user_abroad_roaming_enabled_off[PERSONA:Hard],static_delete,static_exclude_low_priority_nontransfer_shape,1000.0,repair_subset,Hard,6,permission|wifi_calling|network_preference|sim|data_usage_exceeded|roaming_enabled_off,neutral_other,
[mms_issue]bad_network_preference|bad_wifi_calling|break_app_storage_permission|data_usage_exceeded|unseat_sim_card|user_abroad_roaming_enabled_off[PERSONA:None],static_delete,static_exclude_low_priority_nontransfer_shape,1000.0,repair_subset,None,6,permission|wifi_calling|network_preference|sim|data_usage_exceeded|roaming_enabled_off,neutral_other,
[mms_issue]bad_network_preference|bad_wifi_calling|break_app_both_permissions|data_usage_exceeded|unseat_sim_card|user_abroad_roaming_enabled_off[PERSONA:Easy],static_delete,static_exclude_low_priority_nontransfer_shape,1000.0,repair_subset,Easy,6,permission|wifi_calling|network_preference|sim|data_usage_exceeded|roaming_enabled_off,neutral_other,
[mms_issue]bad_network_preference|break_apn_mms_setting|break_app_sms_permission|data_usage_exceeded|unseat_sim_card|user_abroad_roaming_enabled_off[PERSONA:Hard],candidate,,-61.0,repair_subset,Hard,6,apn|permission|network_preference|sim|data_usage_exceeded|roaming_enabled_off,target_favoring,
[mms_issue]bad_network_preference|break_apn_mms_setting|break_app_storage_permission|data_usage_exceeded|unseat_sim_card|user_abroad_roaming_enabled_off[PERSONA:None],candidate,,-66.0,repair_subset,None,6,apn|permission|network_preference|sim|data_usage_exceeded|roaming_enabled_off,target_favoring,
[mms_issue]bad_network_preference|break_apn_mms_setting|break_app_both_permissions|data_usage_exceeded|unseat_sim_card|user_abroad_roaming_enabled_off[PERSONA:Easy],candidate,,-50.0,repair_subset,Easy,6,apn|permission|network_preference|sim|data_usage_exceeded|roaming_enabled_off,target_favoring,
[mms_issue]bad_wifi_calling|break_apn_mms_setting|break_app_sms_permission|data_usage_exceeded|unseat_sim_card|user_abroad_roaming_enabled_off[PERSONA:Hard],candidate,,-73.0,repair_subset,Hard,6,apn|permission|wifi_calling|sim|data_usage_exceeded|roaming_enabled_off,target_favoring,
[mms_issue]bad_wifi_calling|break_apn_mms_setting|break_app_storage_permission|data_usage_exceeded|unseat_sim_card|user_abroad_roaming_enabled_off[PERSONA:None],candidate,,-78.0,repair_subset,None,6,apn|permission|wifi_calling|sim|data_usage_exceeded|roaming_enabled_off,target_favoring,
[mms_issue]bad_wifi_calling|break_apn_mms_setting|break_app_both_permissions|data_usage_exceeded|unseat_sim_card|user_abroad_roaming_enabled_off[PERSONA:Easy],candidate,,-62.0,repair_subset,Easy,6,apn|permission|wifi_calling|sim|data_usage_exceeded|roaming_enabled_off,target_favoring,
[mms_issue]bad_network_preference|bad_wifi_calling|break_apn_mms_setting|data_usage_exceeded|unseat_sim_card|user_abroad_roaming_disabled_on[PERSONA:Hard],candidate,,-67.0,repair_subset,Hard,6,apn|wifi_calling|network_preference|sim|data_usage_exceeded|roaming_disabled_on,target_favoring,
[mms_issue]bad_network_preference|bad_wifi_calling|break_app_sms_permission|data_usage_exceeded|unseat_sim_card|user_abroad_roaming_disabled_on[PERSONA:None],static_delete,static_exclude_low_priority_nontransfer_shape,1000.0,repair_subset,None,6,permission|wifi_calling|network_preference|sim|data_usage_exceeded|roaming_disabled_on,neutral_other,
[mms_issue]bad_network_preference|bad_wifi_calling|break_app_storage_permission|data_usage_exceeded|unseat_sim_card|user_abroad_roaming_disabled_on[PERSONA:Easy],static_delete,static_exclude_low_priority_nontransfer_shape,1000.0,repair_subset,Easy,6,permission|wifi_calling|network_preference|sim|data_usage_exceeded|roaming_disabled_on,neutral_other,
[mms_issue]bad_network_preference|bad_wifi_calling|break_app_both_permissions|data_usage_exceeded|unseat_sim_card|user_abroad_roaming_disabled_on[PERSONA:Hard],static_delete,static_exclude_low_priority_nontransfer_shape,1000.0,repair_subset,Hard,6,permission|wifi_calling|network_preference|sim|data_usage_exceeded|roaming_disabled_on,neutral_other,
[mms_issue]bad_network_preference|break_apn_mms_setting|break_app_sms_permission|data_usage_exceeded|unseat_sim_card|user_abroad_roaming_disabled_on[PERSONA:None],candidate,,-64.0,repair_subset,None,6,apn|permission|network_preference|sim|data_usage_exceeded|roaming_disabled_on,target_favoring,
[mms_issue]bad_network_preference|break_apn_mms_setting|break_app_storage_permission|data_usage_exceeded|unseat_sim_card|user_abroad_roaming_disabled_on[PERSONA:Easy],candidate,,-66.0,repair_subset,Easy,6,apn|permission|network_preference|sim|data_usage_exceeded|roaming_disabled_on,target_favoring,
[mms_issue]bad_network_preference|break_apn_mms_setting|break_app_both_permissions|data_usage_exceeded|unseat_sim_card|user_abroad_roaming_disabled_on[PERSONA:Hard],candidate,,-47.0,repair_subset,Hard,6,apn|permission|network_preference|sim|data_usage_exceeded|roaming_disabled_on,target_favoring,
[mms_issue]bad_wifi_calling|break_apn_mms_setting|break_app_sms_permission|data_usage_exceeded|unseat_sim_card|user_abroad_roaming_disabled_on[PERSONA:None],candidate,,-76.0,repair_subset,None,6,apn|permission|wifi_calling|sim|data_usage_exceeded|roaming_disabled_on,target_favoring,
[mms_issue]bad_wifi_calling|break_apn_mms_setting|break_app_storage_permission|data_usage_exceeded|unseat_sim_card|user_abroad_roaming_disabled_on[PERSONA:Easy],candidate,,-78.0,repair_subset,Easy,6,apn|permission|wifi_calling|sim|data_usage_exceeded|roaming_disabled_on,target_favoring,
[mms_issue]bad_wifi_calling|break_apn_mms_setting|break_app_both_permissions|data_usage_exceeded|unseat_sim_card|user_abroad_roaming_disabled_on[PERSONA:Hard],candidate,,-59.0,repair_subset,Hard,6,apn|permission|wifi_calling|sim|data_usage_exceeded|roaming_disabled_on,target_favoring,
[mms_issue]bad_network_preference|bad_wifi_calling|break_apn_mms_setting|data_usage_exceeded|unseat_sim_card|user_abroad_roaming_disabled_off[PERSONA:None],static_delete,static_exclude_transfer_oracle;static_exclude_hybrid_roaming_disabled_off,1000.0,transfer,None,6,apn|wifi_calling|network_preference|sim|data_usage_exceeded|hybrid_roaming_disabled_off,neutral_other,
[mms_issue]bad_network_preference|bad_wifi_calling|break_app_sms_permission|data_usage_exceeded|unseat_sim_card|user_abroad_roaming_disabled_off[PERSONA:Easy],static_delete,static_exclude_transfer_oracle;static_exclude_hybrid_roaming_disabled_off,1000.0,transfer,Easy,6,permission|wifi_calling|network_preference|sim|data_usage_exceeded|hybrid_roaming_disabled_off,neutral_other,
[mms_issue]bad_network_preference|bad_wifi_calling|break_app_storage_permission|data_usage_exceeded|unseat_sim_card|user_abroad_roaming_disabled_off[PERSONA:Hard],static_delete,static_exclude_transfer_oracle;static_exclude_hybrid_roaming_disabled_off,1000.0,transfer,Hard,6,permission|wifi_calling|network_preference|sim|data_usage_exceeded|hybrid_roaming_disabled_off,neutral_other,
[mms_issue]bad_network_preference|bad_wifi_calling|break_app_both_permissions|data_usage_exceeded|unseat_sim_card|user_abroad_roaming_disabled_off[PERSONA:None],static_delete,static_exclude_transfer_oracle;static_exclude_hybrid_roaming_disabled_off,1000.0,transfer,None,6,permission|wifi_calling|network_preference|sim|data_usage_exceeded|hybrid_roaming_disabled_off,neutral_other,
[mms_issue]bad_network_preference|break_apn_mms_setting|break_app_sms_permission|data_usage_exceeded|unseat_sim_card|user_abroad_roaming_disabled_off[PERSONA:Easy],static_delete,static_exclude_transfer_oracle;static_exclude_hybrid_roaming_disabled_off,1000.0,transfer,Easy,6,apn|permission|network_preference|sim|data_usage_exceeded|hybrid_roaming_disabled_off,neutral_other,
[mms_issue]bad_network_preference|break_apn_mms_setting|break_app_storage_permission|data_usage_exceeded|unseat_sim_card|user_abroad_roaming_disabled_off[PERSONA:Hard],static_delete,static_exclude_transfer_oracle;static_exclude_hybrid_roaming_disabled_off,1000.0,transfer,Hard,6,apn|permission|network_preference|sim|data_usage_exceeded|hybrid_roaming_disabled_off,neutral_other,
[mms_issue]bad_network_preference|break_apn_mms_setting|break_app_both_permissions|data_usage_exceeded|unseat_sim_card|user_abroad_roaming_disabled_off[PERSONA:None],static_delete,static_exclude_transfer_oracle;static_exclude_hybrid_roaming_disabled_off,1000.0,transfer,None,6,apn|permission|network_preference|sim|data_usage_exceeded|hybrid_roaming_disabled_off,neutral_other,
[mms_issue]bad_wifi_calling|break_apn_mms_setting|break_app_sms_permission|data_usage_exceeded|unseat_sim_card|user_abroad_roaming_disabled_off[PERSONA:Easy],static_delete,static_exclude_transfer_oracle;static_exclude_hybrid_roaming_disabled_off,1000.0,transfer,Easy,6,apn|permission|wifi_calling|sim|data_usage_exceeded|hybrid_roaming_disabled_off,neutral_other,
[mms_issue]bad_wifi_calling|break_apn_mms_setting|break_app_storage_permission|data_usage_exceeded|unseat_sim_card|user_abroad_roaming_disabled_off[PERSONA:Hard],static_delete,static_exclude_transfer_oracle;static_exclude_hybrid_roaming_disabled_off,1000.0,transfer,Hard,6,apn|permission|wifi_calling|sim|data_usage_exceeded|hybrid_roaming_disabled_off,neutral_other,
[mms_issue]bad_wifi_calling|break_apn_mms_setting|break_app_both_permissions|data_usage_exceeded|unseat_sim_card|user_abroad_roaming_disabled_off[PERSONA:None],static_delete,static_exclude_transfer_oracle;static_exclude_hybrid_roaming_disabled_off,1000.0,transfer,None,6,apn|permission|wifi_calling|sim|data_usage_exceeded|hybrid_roaming_disabled_off,neutral_other,
[mms_issue]bad_network_preference|bad_wifi_calling|break_apn_mms_setting|break_app_sms_permission|data_usage_exceeded|unseat_sim_card[PERSONA:Easy],candidate,,-76.0,repair_subset,Easy,6,apn|permission|wifi_calling|network_preference|sim|data_usage_exceeded,target_favoring,
[mms_issue]bad_network_preference|bad_wifi_calling|break_apn_mms_setting|break_app_storage_permission|data_usage_exceeded|unseat_sim_card[PERSONA:Hard],candidate,,-75.0,repair_subset,Hard,6,apn|permission|wifi_calling|network_preference|sim|data_usage_exceeded,target_favoring,
[mms_issue]bad_network_preference|bad_wifi_calling|break_apn_mms_setting|break_app_both_permissions|data_usage_exceeded|unseat_sim_card[PERSONA:None],candidate,,-62.0,repair_subset,None,6,apn|permission|wifi_calling|network_preference|sim|data_usage_exceeded,target_favoring,
[mms_issue]bad_network_preference|bad_wifi_calling|break_apn_mms_setting|break_app_sms_permission|unseat_sim_card|user_abroad_roaming_enabled_off[PERSONA:Easy],candidate,,-106.0,repair_all,Easy,6,apn|permission|wifi_calling|network_preference|sim|roaming_enabled_off,target_favoring,
[mms_issue]bad_network_preference|bad_wifi_calling|break_apn_mms_setting|break_app_storage_permission|unseat_sim_card|user_abroad_roaming_enabled_off[PERSONA:Hard],candidate,,-105.0,repair_all,Hard,6,apn|permission|wifi_calling|network_preference|sim|roaming_enabled_off,target_favoring,
[mms_issue]bad_network_preference|bad_wifi_calling|break_apn_mms_setting|break_app_both_permissions|unseat_sim_card|user_abroad_roaming_enabled_off[PERSONA:None],candidate,,-92.0,repair_all,None,6,apn|permission|wifi_calling|network_preference|sim|roaming_enabled_off,target_favoring,
[mms_issue]bad_network_preference|bad_wifi_calling|break_apn_mms_setting|break_app_sms_permission|unseat_sim_card|user_abroad_roaming_disabled_on[PERSONA:Easy],candidate,,-80.0,repair_subset,Easy,6,apn|permission|wifi_calling|network_preference|sim|roaming_disabled_on,target_favoring,
[mms_issue]bad_network_preference|bad_wifi_calling|break_apn_mms_setting|break_app_storage_permission|unseat_sim_card|user_abroad_roaming_disabled_on[PERSONA:Hard],candidate,,-79.0,repair_subset,Hard,6,apn|permission|wifi_calling|network_preference|sim|roaming_disabled_on,target_favoring,
[mms_issue]bad_network_preference|bad_wifi_calling|break_apn_mms_setting|break_app_both_permissions|unseat_sim_card|user_abroad_roaming_disabled_on[PERSONA:None],candidate,,-66.0,repair_subset,None,6,apn|permission|wifi_calling|network_preference|sim|roaming_disabled_on,target_favoring,
[mms_issue]bad_network_preference|bad_wifi_calling|break_apn_mms_setting|break_app_sms_permission|unseat_sim_card|user_abroad_roaming_disabled_off[PERSONA:Easy],static_delete,static_exclude_transfer_oracle;static_exclude_hybrid_roaming_disabled_off,1000.0,transfer,Easy,6,apn|permission|wifi_calling|network_preference|sim|hybrid_roaming_disabled_off,neutral_other,
[mms_issue]bad_network_preference|bad_wifi_calling|break_apn_mms_setting|break_app_storage_permission|unseat_sim_card|user_abroad_roaming_disabled_off[PERSONA:Hard],static_delete,static_exclude_transfer_oracle;static_exclude_hybrid_roaming_disabled_off,1000.0,transfer,Hard,6,apn|permission|wifi_calling|network_preference|sim|hybrid_roaming_disabled_off,neutral_other,
[mms_issue]bad_network_preference|bad_wifi_calling|break_apn_mms_setting|break_app_both_permissions|unseat_sim_card|user_abroad_roaming_disabled_off[PERSONA:None],static_delete,static_exclude_transfer_oracle;static_exclude_hybrid_roaming_disabled_off,1000.0,transfer,None,6,apn|permission|wifi_calling|network_preference|sim|hybrid_roaming_disabled_off,neutral_other,
[mms_issue]bad_network_preference|bad_wifi_calling|break_apn_mms_setting|data_mode_off|data_usage_exceeded|user_abroad_roaming_enabled_off[PERSONA:Easy],candidate,,-70.0,repair_subset,Easy,6,apn|wifi_calling|network_preference|data_mode|data_usage_exceeded|roaming_enabled_off,target_favoring,
[mms_issue]bad_network_preference|bad_wifi_calling|break_app_sms_permission|data_mode_off|data_usage_exceeded|user_abroad_roaming_enabled_off[PERSONA:Hard],static_delete,static_exclude_low_priority_nontransfer_shape,1000.0,repair_subset,Hard,6,permission|wifi_calling|network_preference|data_mode|data_usage_exceeded|roaming_enabled_off,neutral_other,
[mms_issue]bad_network_preference|bad_wifi_calling|break_app_storage_permission|data_mode_off|data_usage_exceeded|user_abroad_roaming_enabled_off[PERSONA:None],static_delete,static_exclude_low_priority_nontransfer_shape,1000.0,repair_subset,None,6,permission|wifi_calling|network_preference|data_mode|data_usage_exceeded|roaming_enabled_off,neutral_other,
[mms_issue]bad_network_preference|bad_wifi_calling|break_app_both_permissions|data_mode_off|data_usage_exceeded|user_abroad_roaming_enabled_off[PERSONA:Easy],static_delete,static_exclude_low_priority_nontransfer_shape,1000.0,repair_subset,Easy,6,permission|wifi_calling|network_preference|data_mode|data_usage_exceeded|roaming_enabled_off,neutral_other,
[mms_issue]bad_network_preference|break_apn_mms_setting|break_app_sms_permission|data_mode_off|data_usage_exceeded|user_abroad_roaming_enabled_off[PERSONA:Hard],candidate,,-61.0,repair_subset,Hard,6,apn|permission|network_preference|data_mode|data_usage_exceeded|roaming_enabled_off,target_favoring,
[mms_issue]bad_network_preference|break_apn_mms_setting|break_app_storage_permission|data_mode_off|data_usage_exceeded|user_abroad_roaming_enabled_off[PERSONA:None],candidate,,-66.0,repair_subset,None,6,apn|permission|network_preference|data_mode|data_usage_exceeded|roaming_enabled_off,target_favoring,
[mms_issue]bad_network_preference|break_apn_mms_setting|break_app_both_permissions|data_mode_off|data_usage_exceeded|user_abroad_roaming_enabled_off[PERSONA:Easy],candidate,,-50.0,repair_subset,Easy,6,apn|permission|network_preference|data_mode|data_usage_exceeded|roaming_enabled_off,target_favoring,
[mms_issue]bad_wifi_calling|break_apn_mms_setting|break_app_sms_permission|data_mode_off|data_usage_exceeded|user_abroad_roaming_enabled_off[PERSONA:Hard],candidate,,-73.0,repair_subset,Hard,6,apn|permission|wifi_calling|data_mode|data_usage_exceeded|roaming_enabled_off,target_favoring,
[mms_issue]bad_wifi_calling|break_apn_mms_setting|break_app_storage_permission|data_mode_off|data_usage_exceeded|user_abroad_roaming_enabled_off[PERSONA:None],candidate,,-78.0,repair_subset,None,6,apn|permission|wifi_calling|data_mode|data_usage_exceeded|roaming_enabled_off,target_favoring,
[mms_issue]bad_wifi_calling|break_apn_mms_setting|break_app_both_permissions|data_mode_off|data_usage_exceeded|user_abroad_roaming_enabled_off[PERSONA:Easy],candidate,,-62.0,repair_subset,Easy,6,apn|permission|wifi_calling|data_mode|data_usage_exceeded|roaming_enabled_off,target_favoring,
[mms_issue]bad_network_preference|bad_wifi_calling|break_apn_mms_setting|data_mode_off|data_usage_exceeded|user_abroad_roaming_disabled_on[PERSONA:Hard],candidate,,-67.0,repair_subset,Hard,6,apn|wifi_calling|network_preference|data_mode|data_usage_exceeded|roaming_disabled_on,target_favoring,
[mms_issue]bad_network_preference|bad_wifi_calling|break_app_sms_permission|data_mode_off|data_usage_exceeded|user_abroad_roaming_disabled_on[PERSONA:None],static_delete,static_exclude_low_priority_nontransfer_shape,1000.0,repair_subset,None,6,permission|wifi_calling|network_preference|data_mode|data_usage_exceeded|roaming_disabled_on,neutral_other,
[mms_issue]bad_network_preference|bad_wifi_calling|break_app_storage_permission|data_mode_off|data_usage_exceeded|user_abroad_roaming_disabled_on[PERSONA:Easy],static_delete,static_exclude_low_priority_nontransfer_shape,1000.0,repair_subset,Easy,6,permission|wifi_calling|network_preference|data_mode|data_usage_exceeded|roaming_disabled_on,neutral_other,
[mms_issue]bad_network_preference|bad_wifi_calling|break_app_both_permissions|data_mode_off|data_usage_exceeded|user_abroad_roaming_disabled_on[PERSONA:Hard],static_delete,static_exclude_low_priority_nontransfer_shape,1000.0,repair_subset,Hard,6,permission|wifi_calling|network_preference|data_mode|data_usage_exceeded|roaming_disabled_on,neutral_other,
[mms_issue]bad_network_preference|break_apn_mms_setting|break_app_sms_permission|data_mode_off|data_usage_exceeded|user_abroad_roaming_disabled_on[PERSONA:None],candidate,,-64.0,repair_subset,None,6,apn|permission|network_preference|data_mode|data_usage_exceeded|roaming_disabled_on,target_favoring,
[mms_issue]bad_network_preference|break_apn_mms_setting|break_app_storage_permission|data_mode_off|data_usage_exceeded|user_abroad_roaming_disabled_on[PERSONA:Easy],candidate,,-66.0,repair_subset,Easy,6,apn|permission|network_preference|data_mode|data_usage_exceeded|roaming_disabled_on,target_favoring,
[mms_issue]bad_network_preference|break_apn_mms_setting|break_app_both_permissions|data_mode_off|data_usage_exceeded|user_abroad_roaming_disabled_on[PERSONA:Hard],candidate,,-47.0,repair_subset,Hard,6,apn|permission|network_preference|data_mode|data_usage_exceeded|roaming_disabled_on,target_favoring,
[mms_issue]bad_wifi_calling|break_apn_mms_setting|break_app_sms_permission|data_mode_off|data_usage_exceeded|user_abroad_roaming_disabled_on[PERSONA:None],candidate,,-76.0,repair_subset,None,6,apn|permission|wifi_calling|data_mode|data_usage_exceeded|roaming_disabled_on,target_favoring,
[mms_issue]bad_wifi_calling|break_apn_mms_setting|break_app_storage_permission|data_mode_off|data_usage_exceeded|user_abroad_roaming_disabled_on[PERSONA:Easy],candidate,,-78.0,repair_subset,Easy,6,apn|permission|wifi_calling|data_mode|data_usage_exceeded|roaming_disabled_on,target_favoring,
[mms_issue]bad_wifi_calling|break_apn_mms_setting|break_app_both_permissions|data_mode_off|data_usage_exceeded|user_abroad_roaming_disabled_on[PERSONA:Hard],candidate,,-59.0,repair_subset,Hard,6,apn|permission|wifi_calling|data_mode|data_usage_exceeded|roaming_disabled_on,target_favoring,
[mms_issue]bad_network_preference|bad_wifi_calling|break_apn_mms_setting|data_mode_off|data_usage_exceeded|user_abroad_roaming_disabled_off[PERSONA:None],static_delete,static_exclude_transfer_oracle;static_exclude_hybrid_roaming_disabled_off,1000.0,transfer,None,6,apn|wifi_calling|network_preference|data_mode|data_usage_exceeded|hybrid_roaming_disabled_off,neutral_other,
[mms_issue]bad_network_preference|bad_wifi_calling|break_app_sms_permission|data_mode_off|data_usage_exceeded|user_abroad_roaming_disabled_off[PERSONA:Easy],static_delete,static_exclude_transfer_oracle;static_exclude_hybrid_roaming_disabled_off,1000.0,transfer,Easy,6,permission|wifi_calling|network_preference|data_mode|data_usage_exceeded|hybrid_roaming_disabled_off,neutral_other,
[mms_issue]bad_network_preference|bad_wifi_calling|break_app_storage_permission|data_mode_off|data_usage_exceeded|user_abroad_roaming_disabled_off[PERSONA:Hard],static_delete,static_exclude_transfer_oracle;static_exclude_hybrid_roaming_disabled_off,1000.0,transfer,Hard,6,permission|wifi_calling|network_preference|data_mode|data_usage_exceeded|hybrid_roaming_disabled_off,neutral_other,
[mms_issue]bad_network_preference|bad_wifi_calling|break_app_both_permissions|data_mode_off|data_usage_exceeded|user_abroad_roaming_disabled_off[PERSONA:None],static_delete,static_exclude_transfer_oracle;static_exclude_hybrid_roaming_disabled_off,1000.0,transfer,None,6,permission|wifi_calling|network_preference|data_mode|data_usage_exceeded|hybrid_roaming_disabled_off,neutral_other,
[mms_issue]bad_network_preference|break_apn_mms_setting|break_app_sms_permission|data_mode_off|data_usage_exceeded|user_abroad_roaming_disabled_off[PERSONA:Easy],static_delete,static_exclude_transfer_oracle;static_exclude_hybrid_roaming_disabled_off,1000.0,transfer,Easy,6,apn|permission|network_preference|data_mode|data_usage_exceeded|hybrid_roaming_disabled_off,neutral_other,
[mms_issue]bad_network_preference|break_apn_mms_setting|break_app_storage_permission|data_mode_off|data_usage_exceeded|user_abroad_roaming_disabled_off[PERSONA:Hard],static_delete,static_exclude_transfer_oracle;static_exclude_hybrid_roaming_disabled_off,1000.0,transfer,Hard,6,apn|permission|network_preference|data_mode|data_usage_exceeded|hybrid_roaming_disabled_off,neutral_other,
[mms_issue]bad_network_preference|break_apn_mms_setting|break_app_both_permissions|data_mode_off|data_usage_exceeded|user_abroad_roaming_disabled_off[PERSONA:None],static_delete,static_exclude_transfer_oracle;static_exclude_hybrid_roaming_disabled_off,1000.0,transfer,None,6,apn|permission|network_preference|data_mode|data_usage_exceeded|hybrid_roaming_disabled_off,neutral_other,
[mms_issue]bad_wifi_calling|break_apn_mms_setting|break_app_sms_permission|data_mode_off|data_usage_exceeded|user_abroad_roaming_disabled_off[PERSONA:Easy],static_delete,static_exclude_transfer_oracle;static_exclude_hybrid_roaming_disabled_off,1000.0,transfer,Easy,6,apn|permission|wifi_calling|data_mode|data_usage_exceeded|hybrid_roaming_disabled_off,neutral_other,
[mms_issue]bad_wifi_calling|break_apn_mms_setting|break_app_storage_permission|data_mode_off|data_usage_exceeded|user_abroad_roaming_disabled_off[PERSONA:Hard],static_delete,static_exclude_transfer_oracle;static_exclude_hybrid_roaming_disabled_off,1000.0,transfer,Hard,6,apn|permission|wifi_calling|data_mode|data_usage_exceeded|hybrid_roaming_disabled_off,neutral_other,
[mms_issue]bad_wifi_calling|break_apn_mms_setting|break_app_both_permissions|data_mode_off|data_usage_exceeded|user_abroad_roaming_disabled_off[PERSONA:None],static_delete,static_exclude_transfer_oracle;static_exclude_hybrid_roaming_disabled_off,1000.0,transfer,None,6,apn|permission|wifi_calling|data_mode|data_usage_exceeded|hybrid_roaming_disabled_off,neutral_other,
[mms_issue]bad_network_preference|bad_wifi_calling|break_apn_mms_setting|break_app_sms_permission|data_mode_off|data_usage_exceeded[PERSONA:Easy],static_delete,static_exclude_low_priority_nontransfer_shape,1000.0,repair_subset,Easy,6,apn|permission|wifi_calling|network_preference|data_mode|data_usage_exceeded,neutral_other,
[mms_issue]bad_network_preference|bad_wifi_calling|break_apn_mms_setting|break_app_storage_permission|data_mode_off|data_usage_exceeded[PERSONA:Hard],static_delete,static_exclude_low_priority_nontransfer_shape,1000.0,repair_subset,Hard,6,apn|permission|wifi_calling|network_preference|data_mode|data_usage_exceeded,neutral_other,
[mms_issue]bad_network_preference|bad_wifi_calling|break_apn_mms_setting|break_app_both_permissions|data_mode_off|data_usage_exceeded[PERSONA:None],static_delete,static_exclude_low_priority_nontransfer_shape,1000.0,repair_subset,None,6,apn|permission|wifi_calling|network_preference|data_mode|data_usage_exceeded,neutral_other,
[mms_issue]bad_network_preference|bad_wifi_calling|break_apn_mms_setting|break_app_sms_permission|data_mode_off|user_abroad_roaming_enabled_off[PERSONA:Easy],candidate,,-106.0,repair_all,Easy,6,apn|permission|wifi_calling|network_preference|data_mode|roaming_enabled_off,target_favoring,
[mms_issue]bad_network_preference|bad_wifi_calling|break_apn_mms_setting|break_app_storage_permission|data_mode_off|user_abroad_roaming_enabled_off[PERSONA:Hard],candidate,,-105.0,repair_all,Hard,6,apn|permission|wifi_calling|network_preference|data_mode|roaming_enabled_off,target_favoring,
[mms_issue]bad_network_preference|bad_wifi_calling|break_apn_mms_setting|break_app_both_permissions|data_mode_off|user_abroad_roaming_enabled_off[PERSONA:None],candidate,,-92.0,repair_all,None,6,apn|permission|wifi_calling|network_preference|data_mode|roaming_enabled_off,target_favoring,
[mms_issue]bad_network_preference|bad_wifi_calling|break_apn_mms_setting|break_app_sms_permission|data_mode_off|user_abroad_roaming_disabled_on[PERSONA:Easy],candidate,,-80.0,repair_subset,Easy,6,apn|permission|wifi_calling|network_preference|data_mode|roaming_disabled_on,target_favoring,
[mms_issue]bad_network_preference|bad_wifi_calling|break_apn_mms_setting|break_app_storage_permission|data_mode_off|user_abroad_roaming_disabled_on[PERSONA:Hard],candidate,,-79.0,repair_subset,Hard,6,apn|permission|wifi_calling|network_preference|data_mode|roaming_disabled_on,target_favoring,
[mms_issue]bad_network_preference|bad_wifi_calling|break_apn_mms_setting|break_app_both_permissions|data_mode_off|user_abroad_roaming_disabled_on[PERSONA:None],candidate,,-66.0,repair_subset,None,6,apn|permission|wifi_calling|network_preference|data_mode|roaming_disabled_on,target_favoring,
[mms_issue]bad_network_preference|bad_wifi_calling|break_apn_mms_setting|break_app_sms_permission|data_mode_off|user_abroad_roaming_disabled_off[PERSONA:Easy],static_delete,static_exclude_transfer_oracle;static_exclude_hybrid_roaming_disabled_off,1000.0,transfer,Easy,6,apn|permission|wifi_calling|network_preference|data_mode|hybrid_roaming_disabled_off,neutral_other,
[mms_issue]bad_network_preference|bad_wifi_calling|break_apn_mms_setting|break_app_storage_permission|data_mode_off|user_abroad_roaming_disabled_off[PERSONA:Hard],static_delete,static_exclude_transfer_oracle;static_exclude_hybrid_roaming_disabled_off,1000.0,transfer,Hard,6,apn|permission|wifi_calling|network_preference|data_mode|hybrid_roaming_disabled_off,neutral_other,
[mms_issue]bad_network_preference|bad_wifi_calling|break_apn_mms_setting|break_app_both_permissions|data_mode_off|user_abroad_roaming_disabled_off[PERSONA:None],static_delete,static_exclude_transfer_oracle;static_exclude_hybrid_roaming_disabled_off,1000.0,transfer,None,6,apn|permission|wifi_calling|network_preference|data_mode|hybrid_roaming_disabled_off,neutral_other,
[mms_issue]bad_network_preference|bad_wifi_calling|break_apn_mms_setting|break_app_sms_permission|data_usage_exceeded|user_abroad_roaming_enabled_off[PERSONA:Easy],candidate,,-76.0,repair_subset,Easy,6,apn|permission|wifi_calling|network_preference|data_usage_exceeded|roaming_enabled_off,target_favoring,
[mms_issue]bad_network_preference|bad_wifi_calling|break_apn_mms_setting|break_app_storage_permission|data_usage_exceeded|user_abroad_roaming_enabled_off[PERSONA:Hard],candidate,,-75.0,repair_subset,Hard,6,apn|permission|wifi_calling|network_preference|data_usage_exceeded|roaming_enabled_off,target_favoring,
[mms_issue]bad_network_preference|bad_wifi_calling|break_apn_mms_setting|break_app_both_permissions|data_usage_exceeded|user_abroad_roaming_enabled_off[PERSONA:None],candidate,,-62.0,repair_subset,None,6,apn|permission|wifi_calling|network_preference|data_usage_exceeded|roaming_enabled_off,target_favoring,
[mms_issue]bad_network_preference|bad_wifi_calling|break_apn_mms_setting|break_app_sms_permission|data_usage_exceeded|user_abroad_roaming_disabled_on[PERSONA:Easy],candidate,,-76.0,repair_subset,Easy,6,apn|permission|wifi_calling|network_preference|data_usage_exceeded|roaming_disabled_on,target_favoring,
[mms_issue]bad_network_preference|bad_wifi_calling|break_apn_mms_setting|break_app_storage_permission|data_usage_exceeded|user_abroad_roaming_disabled_on[PERSONA:Hard],candidate,,-75.0,repair_subset,Hard,6,apn|permission|wifi_calling|network_preference|data_usage_exceeded|roaming_disabled_on,target_favoring,
[mms_issue]bad_network_preference|bad_wifi_calling|break_apn_mms_setting|break_app_both_permissions|data_usage_exceeded|user_abroad_roaming_disabled_on[PERSONA:None],candidate,,-62.0,repair_subset,None,6,apn|permission|wifi_calling|network_preference|data_usage_exceeded|roaming_disabled_on,target_favoring,
[mms_issue]bad_network_preference|bad_wifi_calling|break_apn_mms_setting|break_app_sms_permission|data_usage_exceeded|user_abroad_roaming_disabled_off[PERSONA:Easy],static_delete,static_exclude_transfer_oracle;static_exclude_hybrid_roaming_disabled_off,1000.0,transfer,Easy,6,apn|permission|wifi_calling|network_preference|data_usage_exceeded|hybrid_roaming_disabled_off,neutral_other,
[mms_issue]bad_network_preference|bad_wifi_calling|break_apn_mms_setting|break_app_storage_permission|data_usage_exceeded|user_abroad_roaming_disabled_off[PERSONA:Hard],static_delete,static_exclude_transfer_oracle;static_exclude_hybrid_roaming_disabled_off,1000.0,transfer,Hard,6,apn|permission|wifi_calling|network_preference|data_usage_exceeded|hybrid_roaming_disabled_off,neutral_other,
[mms_issue]bad_network_preference|bad_wifi_calling|break_apn_mms_setting|break_app_both_permissions|data_usage_exceeded|user_abroad_roaming_disabled_off[PERSONA:None],static_delete,static_exclude_transfer_oracle;static_exclude_hybrid_roaming_disabled_off,1000.0,transfer,None,6,apn|permission|wifi_calling|network_preference|data_usage_exceeded|hybrid_roaming_disabled_off,neutral_other,
[mms_issue]airplane_mode_on|bad_network_preference|bad_wifi_calling|data_mode_off|data_usage_exceeded|unseat_sim_card|user_abroad_roaming_enabled_off[PERSONA:Easy],static_delete,static_exclude_low_priority_nontransfer_shape,1000.0,repair_subset,Easy,7,wifi_calling|network_preference|sim|data_mode|data_usage_exceeded|roaming_enabled_off,neutral_other,
[mms_issue]airplane_mode_on|bad_network_preference|break_apn_mms_setting|data_mode_off|data_usage_exceeded|unseat_sim_card|user_abroad_roaming_enabled_off[PERSONA:Hard],candidate,,-52.0,repair_subset,Hard,7,apn|network_preference|sim|data_mode|data_usage_exceeded|roaming_enabled_off,target_favoring,
[mms_issue]airplane_mode_on|bad_network_preference|break_app_sms_permission|data_mode_off|data_usage_exceeded|unseat_sim_card|user_abroad_roaming_enabled_off[PERSONA:None],static_delete,static_exclude_low_priority_nontransfer_shape,1000.0,repair_subset,None,7,permission|network_preference|sim|data_mode|data_usage_exceeded|roaming_enabled_off,neutral_other,
[mms_issue]airplane_mode_on|bad_network_preference|break_app_storage_permission|data_mode_off|data_usage_exceeded|unseat_sim_card|user_abroad_roaming_enabled_off[PERSONA:Easy],static_delete,static_exclude_low_priority_nontransfer_shape,1000.0,repair_subset,Easy,7,permission|network_preference|sim|data_mode|data_usage_exceeded|roaming_enabled_off,neutral_other,
[mms_issue]airplane_mode_on|bad_network_preference|break_app_both_permissions|data_mode_off|data_usage_exceeded|unseat_sim_card|user_abroad_roaming_enabled_off[PERSONA:Hard],static_delete,static_exclude_low_priority_nontransfer_shape,1000.0,repair_subset,Hard,7,permission|network_preference|sim|data_mode|data_usage_exceeded|roaming_enabled_off,neutral_other,
[mms_issue]airplane_mode_on|bad_wifi_calling|break_apn_mms_setting|data_mode_off|data_usage_exceeded|unseat_sim_card|user_abroad_roaming_enabled_off[PERSONA:None],candidate,,-67.0,repair_subset,None,7,apn|wifi_calling|sim|data_mode|data_usage_exceeded|roaming_enabled_off,target_favoring,
[mms_issue]airplane_mode_on|bad_wifi_calling|break_app_sms_permission|data_mode_off|data_usage_exceeded|unseat_sim_card|user_abroad_roaming_enabled_off[PERSONA:Easy],static_delete,static_exclude_low_priority_nontransfer_shape,1000.0,repair_subset,Easy,7,permission|wifi_calling|sim|data_mode|data_usage_exceeded|roaming_enabled_off,neutral_other,
[mms_issue]airplane_mode_on|bad_wifi_calling|break_app_storage_permission|data_mode_off|data_usage_exceeded|unseat_sim_card|user_abroad_roaming_enabled_off[PERSONA:Hard],static_delete,static_exclude_low_priority_nontransfer_shape,1000.0,repair_subset,Hard,7,permission|wifi_calling|sim|data_mode|data_usage_exceeded|roaming_enabled_off,neutral_other,
[mms_issue]airplane_mode_on|bad_wifi_calling|break_app_both_permissions|data_mode_off|data_usage_exceeded|unseat_sim_card|user_abroad_roaming_enabled_off[PERSONA:None],static_delete,static_exclude_low_priority_nontransfer_shape,1000.0,repair_subset,None,7,permission|wifi_calling|sim|data_mode|data_usage_exceeded|roaming_enabled_off,neutral_other,
[mms_issue]airplane_mode_on|break_apn_mms_setting|break_app_sms_permission|data_mode_off|data_usage_exceeded|unseat_sim_card|user_abroad_roaming_enabled_off[PERSONA:Easy],candidate,,-61.0,repair_subset,Easy,7,apn|permission|sim|data_mode|data_usage_exceeded|roaming_enabled_off,target_favoring,
[mms_issue]airplane_mode_on|break_apn_mms_setting|break_app_storage_permission|data_mode_off|data_usage_exceeded|unseat_sim_card|user_abroad_roaming_enabled_off[PERSONA:Hard],candidate,,-60.0,repair_subset,Hard,7,apn|permission|sim|data_mode|data_usage_exceeded|roaming_enabled_off,target_favoring,
[mms_issue]airplane_mode_on|break_apn_mms_setting|break_app_both_permissions|data_mode_off|data_usage_exceeded|unseat_sim_card|user_abroad_roaming_enabled_off[PERSONA:None],candidate,,-47.0,repair_subset,None,7,apn|permission|sim|data_mode|data_usage_exceeded|roaming_enabled_off,target_favoring,
[mms_issue]airplane_mode_on|bad_network_preference|bad_wifi_calling|data_mode_off|data_usage_exceeded|unseat_sim_card|user_abroad_roaming_disabled_on[PERSONA:Easy],static_delete,static_exclude_low_priority_nontransfer_shape,1000.0,repair_subset,Easy,7,wifi_calling|network_preference|sim|data_mode|data_usage_exceeded|roaming_disabled_on,neutral_other,
[mms_issue]airplane_mode_on|bad_network_preference|break_apn_mms_setting|data_mode_off|data_usage_exceeded|unseat_sim_card|user_abroad_roaming_disabled_on[PERSONA:Hard],candidate,,-52.0,repair_subset,Hard,7,apn|network_preference|sim|data_mode|data_usage_exceeded|roaming_disabled_on,target_favoring,
[mms_issue]airplane_mode_on|bad_network_preference|break_app_sms_permission|data_mode_off|data_usage_exceeded|unseat_sim_card|user_abroad_roaming_disabled_on[PERSONA:None],static_delete,static_exclude_low_priority_nontransfer_shape,1000.0,repair_subset,None,7,permission|network_preference|sim|data_mode|data_usage_exceeded|roaming_disabled_on,neutral_other,
[mms_issue]airplane_mode_on|bad_network_preference|break_app_storage_permission|data_mode_off|data_usage_exceeded|unseat_sim_card|user_abroad_roaming_disabled_on[PERSONA:Easy],static_delete,static_exclude_low_priority_nontransfer_shape,1000.0,repair_subset,Easy,7,permission|network_preference|sim|data_mode|data_usage_exceeded|roaming_disabled_on,neutral_other,
[mms_issue]airplane_mode_on|bad_network_preference|break_app_both_permissions|data_mode_off|data_usage_exceeded|unseat_sim_card|user_abroad_roaming_disabled_on[PERSONA:Hard],static_delete,static_exclude_low_priority_nontransfer_shape,1000.0,repair_subset,Hard,7,permission|network_preference|sim|data_mode|data_usage_exceeded|roaming_disabled_on,neutral_other,
[mms_issue]airplane_mode_on|bad_wifi_calling|break_apn_mms_setting|data_mode_off|data_usage_exceeded|unseat_sim_card|user_abroad_roaming_disabled_on[PERSONA:None],candidate,,-67.0,repair_subset,None,7,apn|wifi_calling|sim|data_mode|data_usage_exceeded|roaming_disabled_on,target_favoring,
[mms_issue]airplane_mode_on|bad_wifi_calling|break_app_sms_permission|data_mode_off|data_usage_exceeded|unseat_sim_card|user_abroad_roaming_disabled_on[PERSONA:Easy],static_delete,static_exclude_low_priority_nontransfer_shape,1000.0,repair_subset,Easy,7,permission|wifi_calling|sim|data_mode|data_usage_exceeded|roaming_disabled_on,neutral_other,
[mms_issue]airplane_mode_on|bad_wifi_calling|break_app_storage_permission|data_mode_off|data_usage_exceeded|unseat_sim_card|user_abroad_roaming_disabled_on[PERSONA:Hard],static_delete,static_exclude_low_priority_nontransfer_shape,1000.0,repair_subset,Hard,7,permission|wifi_calling|sim|data_mode|data_usage_exceeded|roaming_disabled_on,neutral_other,
[mms_issue]airplane_mode_on|bad_wifi_calling|break_app_both_permissions|data_mode_off|data_usage_exceeded|unseat_sim_card|user_abroad_roaming_disabled_on[PERSONA:None],static_delete,static_exclude_low_priority_nontransfer_shape,1000.0,repair_subset,None,7,permission|wifi_calling|sim|data_mode|data_usage_exceeded|roaming_disabled_on,neutral_other,
[mms_issue]airplane_mode_on|break_apn_mms_setting|break_app_sms_permission|data_mode_off|data_usage_exceeded|unseat_sim_card|user_abroad_roaming_disabled_on[PERSONA:Easy],candidate,,-61.0,repair_subset,Easy,7,apn|permission|sim|data_mode|data_usage_exceeded|roaming_disabled_on,target_favoring,
[mms_issue]airplane_mode_on|break_apn_mms_setting|break_app_storage_permission|data_mode_off|data_usage_exceeded|unseat_sim_card|user_abroad_roaming_disabled_on[PERSONA:Hard],candidate,,-60.0,repair_subset,Hard,7,apn|permission|sim|data_mode|data_usage_exceeded|roaming_disabled_on,target_favoring,
[mms_issue]airplane_mode_on|break_apn_mms_setting|break_app_both_permissions|data_mode_off|data_usage_exceeded|unseat_sim_card|user_abroad_roaming_disabled_on[PERSONA:None],candidate,,-47.0,repair_subset,None,7,apn|permission|sim|data_mode|data_usage_exceeded|roaming_disabled_on,target_favoring,
[mms_issue]airplane_mode_on|bad_network_preference|bad_wifi_calling|data_mode_off|data_usage_exceeded|unseat_sim_card|user_abroad_roaming_disabled_off[PERSONA:Easy],static_delete,static_exclude_transfer_oracle;static_exclude_hybrid_roaming_disabled_off,1000.0,transfer,Easy,7,wifi_calling|network_preference|sim|data_mode|data_usage_exceeded|hybrid_roaming_disabled_off,neutral_other,
[mms_issue]airplane_mode_on|bad_network_preference|break_apn_mms_setting|data_mode_off|data_usage_exceeded|unseat_sim_card|user_abroad_roaming_disabled_off[PERSONA:Hard],static_delete,static_exclude_transfer_oracle;static_exclude_hybrid_roaming_disabled_off,1000.0,transfer,Hard,7,apn|network_preference|sim|data_mode|data_usage_exceeded|hybrid_roaming_disabled_off,neutral_other,
[mms_issue]airplane_mode_on|bad_network_preference|break_app_sms_permission|data_mode_off|data_usage_exceeded|unseat_sim_card|user_abroad_roaming_disabled_off[PERSONA:None],static_delete,static_exclude_transfer_oracle;static_exclude_hybrid_roaming_disabled_off,1000.0,transfer,None,7,permission|network_preference|sim|data_mode|data_usage_exceeded|hybrid_roaming_disabled_off,neutral_other,
[mms_issue]airplane_mode_on|bad_network_preference|break_app_storage_permission|data_mode_off|data_usage_exceeded|unseat_sim_card|user_abroad_roaming_disabled_off[PERSONA:Easy],static_delete,static_exclude_transfer_oracle;static_exclude_hybrid_roaming_disabled_off,1000.0,transfer,Easy,7,permission|network_preference|sim|data_mode|data_usage_exceeded|hybrid_roaming_disabled_off,neutral_other,
[mms_issue]airplane_mode_on|bad_network_preference|break_app_both_permissions|data_mode_off|data_usage_exceeded|unseat_sim_card|user_abroad_roaming_disabled_off[PERSONA:Hard],static_delete,static_exclude_transfer_oracle;static_exclude_hybrid_roaming_disabled_off,1000.0,transfer,Hard,7,permission|network_preference|sim|data_mode|data_usage_exceeded|hybrid_roaming_disabled_off,neutral_other,
[mms_issue]airplane_mode_on|bad_wifi_calling|break_apn_mms_setting|data_mode_off|data_usage_exceeded|unseat_sim_card|user_abroad_roaming_disabled_off[PERSONA:None],static_delete,static_exclude_transfer_oracle;static_exclude_hybrid_roaming_disabled_off,1000.0,transfer,None,7,apn|wifi_calling|sim|data_mode|data_usage_exceeded|hybrid_roaming_disabled_off,neutral_other,
[mms_issue]airplane_mode_on|bad_wifi_calling|break_app_sms_permission|data_mode_off|data_usage_exceeded|unseat_sim_card|user_abroad_roaming_disabled_off[PERSONA:Easy],static_delete,static_exclude_transfer_oracle;static_exclude_hybrid_roaming_disabled_off,1000.0,transfer,Easy,7,permission|wifi_calling|sim|data_mode|data_usage_exceeded|hybrid_roaming_disabled_off,neutral_other,
[mms_issue]airplane_mode_on|bad_wifi_calling|break_app_storage_permission|data_mode_off|data_usage_exceeded|unseat_sim_card|user_abroad_roaming_disabled_off[PERSONA:Hard],static_delete,static_exclude_transfer_oracle;static_exclude_hybrid_roaming_disabled_off,1000.0,transfer,Hard,7,permission|wifi_calling|sim|data_mode|data_usage_exceeded|hybrid_roaming_disabled_off,neutral_other,
[mms_issue]airplane_mode_on|bad_wifi_calling|break_app_both_permissions|data_mode_off|data_usage_exceeded|unseat_sim_card|user_abroad_roaming_disabled_off[PERSONA:None],static_delete,static_exclude_transfer_oracle;static_exclude_hybrid_roaming_disabled_off,1000.0,transfer,None,7,permission|wifi_calling|sim|data_mode|data_usage_exceeded|hybrid_roaming_disabled_off,neutral_other,
[mms_issue]airplane_mode_on|break_apn_mms_setting|break_app_sms_permission|data_mode_off|data_usage_exceeded|unseat_sim_card|user_abroad_roaming_disabled_off[PERSONA:Easy],static_delete,static_exclude_transfer_oracle;static_exclude_hybrid_roaming_disabled_off,1000.0,transfer,Easy,7,apn|permission|sim|data_mode|data_usage_exceeded|hybrid_roaming_disabled_off,neutral_other,
[mms_issue]airplane_mode_on|break_apn_mms_setting|break_app_storage_permission|data_mode_off|data_usage_exceeded|unseat_sim_card|user_abroad_roaming_disabled_off[PERSONA:Hard],static_delete,static_exclude_transfer_oracle;static_exclude_hybrid_roaming_disabled_off,1000.0,transfer,Hard,7,apn|permission|sim|data_mode|data_usage_exceeded|hybrid_roaming_disabled_off,neutral_other,
[mms_issue]airplane_mode_on|break_apn_mms_setting|break_app_both_permissions|data_mode_off|data_usage_exceeded|unseat_sim_card|user_abroad_roaming_disabled_off[PERSONA:None],static_delete,static_exclude_transfer_oracle;static_exclude_hybrid_roaming_disabled_off,1000.0,transfer,None,7,apn|permission|sim|data_mode|data_usage_exceeded|hybrid_roaming_disabled_off,neutral_other,
[mms_issue]airplane_mode_on|bad_network_preference|bad_wifi_calling|break_apn_mms_setting|data_mode_off|data_usage_exceeded|unseat_sim_card[PERSONA:Easy],candidate,,-67.0,repair_subset,Easy,7,apn|wifi_calling|network_preference|sim|data_mode|data_usage_exceeded,target_favoring,
[mms_issue]airplane_mode_on|bad_network_preference|bad_wifi_calling|break_app_sms_permission|data_mode_off|data_usage_exceeded|unseat_sim_card[PERSONA:Hard],static_delete,static_exclude_low_priority_nontransfer_shape,1000.0,repair_subset,Hard,7,permission|wifi_calling|network_preference|sim|data_mode|data_usage_exceeded,neutral_other,
[mms_issue]airplane_mode_on|bad_network_preference|bad_wifi_calling|break_app_storage_permission|data_mode_off|data_usage_exceeded|unseat_sim_card[PERSONA:None],static_delete,static_exclude_low_priority_nontransfer_shape,1000.0,repair_subset,None,7,permission|wifi_calling|network_preference|sim|data_mode|data_usage_exceeded,neutral_other,
[mms_issue]airplane_mode_on|bad_network_preference|bad_wifi_calling|break_app_both_permissions|data_mode_off|data_usage_exceeded|unseat_sim_card[PERSONA:Easy],static_delete,static_exclude_low_priority_nontransfer_shape,1000.0,repair_subset,Easy,7,permission|wifi_calling|network_preference|sim|data_mode|data_usage_exceeded,neutral_other,
[mms_issue]airplane_mode_on|bad_network_preference|break_apn_mms_setting|break_app_sms_permission|data_mode_off|data_usage_exceeded|unseat_sim_card[PERSONA:Hard],candidate,,-58.0,repair_subset,Hard,7,apn|permission|network_preference|sim|data_mode|data_usage_exceeded,target_favoring,
[mms_issue]airplane_mode_on|bad_network_preference|break_apn_mms_setting|break_app_storage_permission|data_mode_off|data_usage_exceeded|unseat_sim_card[PERSONA:None],candidate,,-63.0,repair_subset,None,7,apn|permission|network_preference|sim|data_mode|data_usage_exceeded,target_favoring,
[mms_issue]airplane_mode_on|bad_network_preference|break_apn_mms_setting|break_app_both_permissions|data_mode_off|data_usage_exceeded|unseat_sim_card[PERSONA:Easy],candidate,,-47.0,repair_subset,Easy,7,apn|permission|network_preference|sim|data_mode|data_usage_exceeded,target_favoring,
[mms_issue]airplane_mode_on|bad_wifi_calling|break_apn_mms_setting|break_app_sms_permission|data_mode_off|data_usage_exceeded|unseat_sim_card[PERSONA:Hard],candidate,,-70.0,repair_subset,Hard,7,apn|permission|wifi_calling|sim|data_mode|data_usage_exceeded,target_favoring,
[mms_issue]airplane_mode_on|bad_wifi_calling|break_apn_mms_setting|break_app_storage_permission|data_mode_off|data_usage_exceeded|unseat_sim_card[PERSONA:None],candidate,,-75.0,repair_subset,None,7,apn|permission|wifi_calling|sim|data_mode|data_usage_exceeded,target_favoring,
[mms_issue]airplane_mode_on|bad_wifi_calling|break_apn_mms_setting|break_app_both_permissions|data_mode_off|data_usage_exceeded|unseat_sim_card[PERSONA:Easy],candidate,,-59.0,repair_subset,Easy,7,apn|permission|wifi_calling|sim|data_mode|data_usage_exceeded,target_favoring,
[mms_issue]airplane_mode_on|bad_network_preference|bad_wifi_calling|break_apn_mms_setting|data_mode_off|unseat_sim_card|user_abroad_roaming_enabled_off[PERSONA:None],candidate,,-98.0,repair_all,None,7,apn|wifi_calling|network_preference|sim|data_mode|roaming_enabled_off,target_favoring,
[mms_issue]airplane_mode_on|bad_network_preference|bad_wifi_calling|break_app_sms_permission|data_mode_off|unseat_sim_card|user_abroad_roaming_enabled_off[PERSONA:Easy],static_delete,static_exclude_low_priority_nontransfer_shape,1000.0,repair_all,Easy,7,permission|wifi_calling|network_preference|sim|data_mode|roaming_enabled_off,neutral_other,
[mms_issue]airplane_mode_on|bad_network_preference|bad_wifi_calling|break_app_storage_permission|data_mode_off|unseat_sim_card|user_abroad_roaming_enabled_off[PERSONA:Hard],static_delete,static_exclude_low_priority_nontransfer_shape,1000.0,repair_all,Hard,7,permission|wifi_calling|network_preference|sim|data_mode|roaming_enabled_off,neutral_other,
[mms_issue]airplane_mode_on|bad_network_preference|bad_wifi_calling|break_app_both_permissions|data_mode_off|unseat_sim_card|user_abroad_roaming_enabled_off[PERSONA:None],static_delete,static_exclude_low_priority_nontransfer_shape,1000.0,repair_all,None,7,permission|wifi_calling|network_preference|sim|data_mode|roaming_enabled_off,neutral_other,
[mms_issue]airplane_mode_on|bad_network_preference|break_apn_mms_setting|break_app_sms_permission|data_mode_off|unseat_sim_card|user_abroad_roaming_enabled_off[PERSONA:Easy],candidate,,-92.0,repair_all,Easy,7,apn|permission|network_preference|sim|data_mode|roaming_enabled_off,target_favoring,
[mms_issue]airplane_mode_on|bad_network_preference|break_apn_mms_setting|break_app_storage_permission|data_mode_off|unseat_sim_card|user_abroad_roaming_enabled_off[PERSONA:Hard],candidate,,-91.0,repair_all,Hard,7,apn|permission|network_preference|sim|data_mode|roaming_enabled_off,target_favoring,
[mms_issue]airplane_mode_on|bad_network_preference|break_apn_mms_setting|break_app_both_permissions|data_mode_off|unseat_sim_card|user_abroad_roaming_enabled_off[PERSONA:None],candidate,,-78.0,repair_all,None,7,apn|permission|network_preference|sim|data_mode|roaming_enabled_off,target_favoring,
[mms_issue]airplane_mode_on|bad_wifi_calling|break_apn_mms_setting|break_app_sms_permission|data_mode_off|unseat_sim_card|user_abroad_roaming_enabled_off[PERSONA:Easy],candidate,,-104.0,repair_all,Easy,7,apn|permission|wifi_calling|sim|data_mode|roaming_enabled_off,target_favoring,
[mms_issue]airplane_mode_on|bad_wifi_calling|break_apn_mms_setting|break_app_storage_permission|data_mode_off|unseat_sim_card|user_abroad_roaming_enabled_off[PERSONA:Hard],candidate,,-103.0,repair_all,Hard,7,apn|permission|wifi_calling|sim|data_mode|roaming_enabled_off,target_favoring,
[mms_issue]airplane_mode_on|bad_wifi_calling|break_apn_mms_setting|break_app_both_permissions|data_mode_off|unseat_sim_card|user_abroad_roaming_enabled_off[PERSONA:None],candidate,,-90.0,repair_all,None,7,apn|permission|wifi_calling|sim|data_mode|roaming_enabled_off,target_favoring,
[mms_issue]airplane_mode_on|bad_network_preference|bad_wifi_calling|break_apn_mms_setting|data_mode_off|unseat_sim_card|user_abroad_roaming_disabled_on[PERSONA:Easy],candidate,,-71.0,repair_subset,Easy,7,apn|wifi_calling|network_preference|sim|data_mode|roaming_disabled_on,target_favoring,
[mms_issue]airplane_mode_on|bad_network_preference|bad_wifi_calling|break_app_sms_permission|data_mode_off|unseat_sim_card|user_abroad_roaming_disabled_on[PERSONA:Hard],static_delete,static_exclude_low_priority_nontransfer_shape,1000.0,repair_subset,Hard,7,permission|wifi_calling|network_preference|sim|data_mode|roaming_disabled_on,neutral_other,
[mms_issue]airplane_mode_on|bad_network_preference|bad_wifi_calling|break_app_storage_permission|data_mode_off|unseat_sim_card|user_abroad_roaming_disabled_on[PERSONA:None],static_delete,static_exclude_low_priority_nontransfer_shape,1000.0,repair_subset,None,7,permission|wifi_calling|network_preference|sim|data_mode|roaming_disabled_on,neutral_other,
[mms_issue]airplane_mode_on|bad_network_preference|bad_wifi_calling|break_app_both_permissions|data_mode_off|unseat_sim_card|user_abroad_roaming_disabled_on[PERSONA:Easy],static_delete,static_exclude_low_priority_nontransfer_shape,1000.0,repair_subset,Easy,7,permission|wifi_calling|network_preference|sim|data_mode|roaming_disabled_on,neutral_other,
[mms_issue]airplane_mode_on|bad_network_preference|break_apn_mms_setting|break_app_sms_permission|data_mode_off|unseat_sim_card|user_abroad_roaming_disabled_on[PERSONA:Hard],candidate,,-62.0,repair_subset,Hard,7,apn|permission|network_preference|sim|data_mode|roaming_disabled_on,target_favoring,
[mms_issue]airplane_mode_on|bad_network_preference|break_apn_mms_setting|break_app_storage_permission|data_mode_off|unseat_sim_card|user_abroad_roaming_disabled_on[PERSONA:None],candidate,,-67.0,repair_subset,None,7,apn|permission|network_preference|sim|data_mode|roaming_disabled_on,target_favoring,
[mms_issue]airplane_mode_on|bad_network_preference|break_apn_mms_setting|break_app_both_permissions|data_mode_off|unseat_sim_card|user_abroad_roaming_disabled_on[PERSONA:Easy],candidate,,-51.0,repair_subset,Easy,7,apn|permission|network_preference|sim|data_mode|roaming_disabled_on,target_favoring,
[mms_issue]airplane_mode_on|bad_wifi_calling|break_apn_mms_setting|break_app_sms_permission|data_mode_off|unseat_sim_card|user_abroad_roaming_disabled_on[PERSONA:Hard],candidate,,-74.0,repair_subset,Hard,7,apn|permission|wifi_calling|sim|data_mode|roaming_disabled_on,target_favoring,
[mms_issue]airplane_mode_on|bad_wifi_calling|break_apn_mms_setting|break_app_storage_permission|data_mode_off|unseat_sim_card|user_abroad_roaming_disabled_on[PERSONA:None],candidate,,-79.0,repair_subset,None,7,apn|permission|wifi_calling|sim|data_mode|roaming_disabled_on,target_favoring,
[mms_issue]airplane_mode_on|bad_wifi_calling|break_apn_mms_setting|break_app_both_permissions|data_mode_off|unseat_sim_card|user_abroad_roaming_disabled_on[PERSONA:Easy],candidate,,-63.0,repair_subset,Easy,7,apn|permission|wifi_calling|sim|data_mode|roaming_disabled_on,target_favoring,
[mms_issue]airplane_mode_on|bad_network_preference|bad_wifi_calling|break_apn_mms_setting|data_mode_off|unseat_sim_card|user_abroad_roaming_disabled_off[PERSONA:Hard],static_delete,static_exclude_transfer_oracle;static_exclude_hybrid_roaming_disabled_off,1000.0,transfer,Hard,7,apn|wifi_calling|network_preference|sim|data_mode|hybrid_roaming_disabled_off,neutral_other,
[mms_issue]airplane_mode_on|bad_network_preference|bad_wifi_calling|break_app_sms_permission|data_mode_off|unseat_sim_card|user_abroad_roaming_disabled_off[PERSONA:None],static_delete,static_exclude_transfer_oracle;static_exclude_hybrid_roaming_disabled_off,1000.0,transfer,None,7,permission|wifi_calling|network_preference|sim|data_mode|hybrid_roaming_disabled_off,neutral_other,
[mms_issue]airplane_mode_on|bad_network_preference|bad_wifi_calling|break_app_storage_permission|data_mode_off|unseat_sim_card|user_abroad_roaming_disabled_off[PERSONA:Easy],static_delete,static_exclude_transfer_oracle;static_exclude_hybrid_roaming_disabled_off,1000.0,transfer,Easy,7,permission|wifi_calling|network_preference|sim|data_mode|hybrid_roaming_disabled_off,neutral_other,
[mms_issue]airplane_mode_on|bad_network_preference|bad_wifi_calling|break_app_both_permissions|data_mode_off|unseat_sim_card|user_abroad_roaming_disabled_off[PERSONA:Hard],static_delete,static_exclude_transfer_oracle;static_exclude_hybrid_roaming_disabled_off,1000.0,transfer,Hard,7,permission|wifi_calling|network_preference|sim|data_mode|hybrid_roaming_disabled_off,neutral_other,
[mms_issue]airplane_mode_on|bad_network_preference|break_apn_mms_setting|break_app_sms_permission|data_mode_off|unseat_sim_card|user_abroad_roaming_disabled_off[PERSONA:None],static_delete,static_exclude_transfer_oracle;static_exclude_hybrid_roaming_disabled_off,1000.0,transfer,None,7,apn|permission|network_preference|sim|data_mode|hybrid_roaming_disabled_off,neutral_other,
[mms_issue]airplane_mode_on|bad_network_preference|break_apn_mms_setting|break_app_storage_permission|data_mode_off|unseat_sim_card|user_abroad_roaming_disabled_off[PERSONA:Easy],static_delete,static_exclude_transfer_oracle;static_exclude_hybrid_roaming_disabled_off,1000.0,transfer,Easy,7,apn|permission|network_preference|sim|data_mode|hybrid_roaming_disabled_off,neutral_other,
[mms_issue]airplane_mode_on|bad_network_preference|break_apn_mms_setting|break_app_both_permissions|data_mode_off|unseat_sim_card|user_abroad_roaming_disabled_off[PERSONA:Hard],static_delete,static_exclude_transfer_oracle;static_exclude_hybrid_roaming_disabled_off,1000.0,transfer,Hard,7,apn|permission|network_preference|sim|data_mode|hybrid_roaming_disabled_off,neutral_other,
[mms_issue]airplane_mode_on|bad_wifi_calling|break_apn_mms_setting|break_app_sms_permission|data_mode_off|unseat_sim_card|user_abroad_roaming_disabled_off[PERSONA:None],static_delete,static_exclude_transfer_oracle;static_exclude_hybrid_roaming_disabled_off,1000.0,transfer,None,7,apn|permission|wifi_calling|sim|data_mode|hybrid_roaming_disabled_off,neutral_other,
[mms_issue]airplane_mode_on|bad_wifi_calling|break_apn_mms_setting|break_app_storage_permission|data_mode_off|unseat_sim_card|user_abroad_roaming_disabled_off[PERSONA:Easy],static_delete,static_exclude_transfer_oracle;static_exclude_hybrid_roaming_disabled_off,1000.0,transfer,Easy,7,apn|permission|wifi_calling|sim|data_mode|hybrid_roaming_disabled_off,neutral_other,
[mms_issue]airplane_mode_on|bad_wifi_calling|break_apn_mms_setting|break_app_both_permissions|data_mode_off|unseat_sim_card|user_abroad_roaming_disabled_off[PERSONA:Hard],static_delete,static_exclude_transfer_oracle;static_exclude_hybrid_roaming_disabled_off,1000.0,transfer,Hard,7,apn|permission|wifi_calling|sim|data_mode|hybrid_roaming_disabled_off,neutral_other,
[mms_issue]airplane_mode_on|bad_network_preference|bad_wifi_calling|break_apn_mms_setting|break_app_sms_permission|data_mode_off|unseat_sim_card[PERSONA:None],candidate,,146.0,repair_all,None,7,apn|permission|wifi_calling|network_preference|sim|data_mode,target_favoring,delete
[mms_issue]airplane_mode_on|bad_network_preference|bad_wifi_calling|break_apn_mms_setting|break_app_storage_permission|data_mode_off|unseat_sim_card[PERSONA:Easy],candidate,,144.0,repair_all,Easy,7,apn|permission|wifi_calling|network_preference|sim|data_mode,target_favoring,delete
[mms_issue]airplane_mode_on|bad_network_preference|bad_wifi_calling|break_apn_mms_setting|break_app_both_permissions|data_mode_off|unseat_sim_card[PERSONA:Hard],candidate,,-87.0,repair_all,Hard,7,apn|permission|wifi_calling|network_preference|sim|data_mode,target_favoring,
[mms_issue]airplane_mode_on|bad_network_preference|bad_wifi_calling|break_apn_mms_setting|data_usage_exceeded|unseat_sim_card|user_abroad_roaming_enabled_off[PERSONA:None],candidate,,-67.0,repair_subset,None,7,apn|wifi_calling|network_preference|sim|data_usage_exceeded|roaming_enabled_off,target_favoring,
[mms_issue]airplane_mode_on|bad_network_preference|bad_wifi_calling|break_app_sms_permission|data_usage_exceeded|unseat_sim_card|user_abroad_roaming_enabled_off[PERSONA:Easy],static_delete,static_exclude_low_priority_nontransfer_shape,1000.0,repair_subset,Easy,7,permission|wifi_calling|network_preference|sim|data_usage_exceeded|roaming_enabled_off,neutral_other,
[mms_issue]airplane_mode_on|bad_network_preference|bad_wifi_calling|break_app_storage_permission|data_usage_exceeded|unseat_sim_card|user_abroad_roaming_enabled_off[PERSONA:Hard],static_delete,static_exclude_low_priority_nontransfer_shape,1000.0,repair_subset,Hard,7,permission|wifi_calling|network_preference|sim|data_usage_exceeded|roaming_enabled_off,neutral_other,
[mms_issue]airplane_mode_on|bad_network_preference|bad_wifi_calling|break_app_both_permissions|data_usage_exceeded|unseat_sim_card|user_abroad_roaming_enabled_off[PERSONA:None],static_delete,static_exclude_low_priority_nontransfer_shape,1000.0,repair_subset,None,7,permission|wifi_calling|network_preference|sim|data_usage_exceeded|roaming_enabled_off,neutral_other,
[mms_issue]airplane_mode_on|bad_network_preference|break_apn_mms_setting|break_app_sms_permission|data_usage_exceeded|unseat_sim_card|user_abroad_roaming_enabled_off[PERSONA:Easy],candidate,,-61.0,repair_subset,Easy,7,apn|permission|network_preference|sim|data_usage_exceeded|roaming_enabled_off,target_favoring,
[mms_issue]airplane_mode_on|bad_network_preference|break_apn_mms_setting|break_app_storage_permission|data_usage_exceeded|unseat_sim_card|user_abroad_roaming_enabled_off[PERSONA:Hard],candidate,,-60.0,repair_subset,Hard,7,apn|permission|network_preference|sim|data_usage_exceeded|roaming_enabled_off,target_favoring,
[mms_issue]airplane_mode_on|bad_network_preference|break_apn_mms_setting|break_app_both_permissions|data_usage_exceeded|unseat_sim_card|user_abroad_roaming_enabled_off[PERSONA:None],candidate,,-47.0,repair_subset,None,7,apn|permission|network_preference|sim|data_usage_exceeded|roaming_enabled_off,target_favoring,
[mms_issue]airplane_mode_on|bad_wifi_calling|break_apn_mms_setting|break_app_sms_permission|data_usage_exceeded|unseat_sim_card|user_abroad_roaming_enabled_off[PERSONA:Easy],candidate,,-73.0,repair_subset,Easy,7,apn|permission|wifi_calling|sim|data_usage_exceeded|roaming_enabled_off,target_favoring,
[mms_issue]airplane_mode_on|bad_wifi_calling|break_apn_mms_setting|break_app_storage_permission|data_usage_exceeded|unseat_sim_card|user_abroad_roaming_enabled_off[PERSONA:Hard],candidate,,-72.0,repair_subset,Hard,7,apn|permission|wifi_calling|sim|data_usage_exceeded|roaming_enabled_off,target_favoring,
[mms_issue]airplane_mode_on|bad_wifi_calling|break_apn_mms_setting|break_app_both_permissions|data_usage_exceeded|unseat_sim_card|user_abroad_roaming_enabled_off[PERSONA:None],candidate,,-59.0,repair_subset,None,7,apn|permission|wifi_calling|sim|data_usage_exceeded|roaming_enabled_off,target_favoring,
[mms_issue]airplane_mode_on|bad_network_preference|bad_wifi_calling|break_apn_mms_setting|data_usage_exceeded|unseat_sim_card|user_abroad_roaming_disabled_on[PERSONA:Easy],candidate,,-67.0,repair_subset,Easy,7,apn|wifi_calling|network_preference|sim|data_usage_exceeded|roaming_disabled_on,target_favoring,
[mms_issue]airplane_mode_on|bad_network_preference|bad_wifi_calling|break_app_sms_permission|data_usage_exceeded|unseat_sim_card|user_abroad_roaming_disabled_on[PERSONA:Hard],static_delete,static_exclude_low_priority_nontransfer_shape,1000.0,repair_subset,Hard,7,permission|wifi_calling|network_preference|sim|data_usage_exceeded|roaming_disabled_on,neutral_other,
[mms_issue]airplane_mode_on|bad_network_preference|bad_wifi_calling|break_app_storage_permission|data_usage_exceeded|unseat_sim_card|user_abroad_roaming_disabled_on[PERSONA:None],static_delete,static_exclude_low_priority_nontransfer_shape,1000.0,repair_subset,None,7,permission|wifi_calling|network_preference|sim|data_usage_exceeded|roaming_disabled_on,neutral_other,
[mms_issue]airplane_mode_on|bad_network_preference|bad_wifi_calling|break_app_both_permissions|data_usage_exceeded|unseat_sim_card|user_abroad_roaming_disabled_on[PERSONA:Easy],static_delete,static_exclude_low_priority_nontransfer_shape,1000.0,repair_subset,Easy,7,permission|wifi_calling|network_preference|sim|data_usage_exceeded|roaming_disabled_on,neutral_other,
[mms_issue]airplane_mode_on|bad_network_preference|break_apn_mms_setting|break_app_sms_permission|data_usage_exceeded|unseat_sim_card|user_abroad_roaming_disabled_on[PERSONA:Hard],candidate,,-58.0,repair_subset,Hard,7,apn|permission|network_preference|sim|data_usage_exceeded|roaming_disabled_on,target_favoring,
[mms_issue]airplane_mode_on|bad_network_preference|break_apn_mms_setting|break_app_storage_permission|data_usage_exceeded|unseat_sim_card|user_abroad_roaming_disabled_on[PERSONA:None],candidate,,-63.0,repair_subset,None,7,apn|permission|network_preference|sim|data_usage_exceeded|roaming_disabled_on,target_favoring,
[mms_issue]airplane_mode_on|bad_network_preference|break_apn_mms_setting|break_app_both_permissions|data_usage_exceeded|unseat_sim_card|user_abroad_roaming_disabled_on[PERSONA:Easy],candidate,,-47.0,repair_subset,Easy,7,apn|permission|network_preference|sim|data_usage_exceeded|roaming_disabled_on,target_favoring,
[mms_issue]airplane_mode_on|bad_wifi_calling|break_apn_mms_setting|break_app_sms_permission|data_usage_exceeded|unseat_sim_card|user_abroad_roaming_disabled_on[PERSONA:Hard],candidate,,-70.0,repair_subset,Hard,7,apn|permission|wifi_calling|sim|data_usage_exceeded|roaming_disabled_on,target_favoring,
[mms_issue]airplane_mode_on|bad_wifi_calling|break_apn_mms_setting|break_app_storage_permission|data_usage_exceeded|unseat_sim_card|user_abroad_roaming_disabled_on[PERSONA:None],candidate,,-75.0,repair_subset,None,7,apn|permission|wifi_calling|sim|data_usage_exceeded|roaming_disabled_on,target_favoring,
[mms_issue]airplane_mode_on|bad_wifi_calling|break_apn_mms_setting|break_app_both_permissions|data_usage_exceeded|unseat_sim_card|user_abroad_roaming_disabled_on[PERSONA:Easy],candidate,,-59.0,repair_subset,Easy,7,apn|permission|wifi_calling|sim|data_usage_exceeded|roaming_disabled_on,target_favoring,
[mms_issue]airplane_mode_on|bad_network_preference|bad_wifi_calling|break_apn_mms_setting|data_usage_exceeded|unseat_sim_card|user_abroad_roaming_disabled_off[PERSONA:Hard],static_delete,static_exclude_transfer_oracle;static_exclude_hybrid_roaming_disabled_off,1000.0,transfer,Hard,7,apn|wifi_calling|network_preference|sim|data_usage_exceeded|hybrid_roaming_disabled_off,neutral_other,
[mms_issue]airplane_mode_on|bad_network_preference|bad_wifi_calling|break_app_sms_permission|data_usage_exceeded|unseat_sim_card|user_abroad_roaming_disabled_off[PERSONA:None],static_delete,static_exclude_transfer_oracle;static_exclude_hybrid_roaming_disabled_off,1000.0,transfer,None,7,permission|wifi_calling|network_preference|sim|data_usage_exceeded|hybrid_roaming_disabled_off,neutral_other,
[mms_issue]airplane_mode_on|bad_network_preference|bad_wifi_calling|break_app_storage_permission|data_usage_exceeded|unseat_sim_card|user_abroad_roaming_disabled_off[PERSONA:Easy],static_delete,static_exclude_transfer_oracle;static_exclude_hybrid_roaming_disabled_off,1000.0,transfer,Easy,7,permission|wifi_calling|network_preference|sim|data_usage_exceeded|hybrid_roaming_disabled_off,neutral_other,
[mms_issue]airplane_mode_on|bad_network_preference|bad_wifi_calling|break_app_both_permissions|data_usage_exceeded|unseat_sim_card|user_abroad_roaming_disabled_off[PERSONA:Hard],static_delete,static_exclude_transfer_oracle;static_exclude_hybrid_roaming_disabled_off,1000.0,transfer,Hard,7,permission|wifi_calling|network_preference|sim|data_usage_exceeded|hybrid_roaming_disabled_off,neutral_other,
[mms_issue]airplane_mode_on|bad_network_preference|break_apn_mms_setting|break_app_sms_permission|data_usage_exceeded|unseat_sim_card|user_abroad_roaming_disabled_off[PERSONA:None],static_delete,static_exclude_transfer_oracle;static_exclude_hybrid_roaming_disabled_off,1000.0,transfer,None,7,apn|permission|network_preference|sim|data_usage_exceeded|hybrid_roaming_disabled_off,neutral_other,
[mms_issue]airplane_mode_on|bad_network_preference|break_apn_mms_setting|break_app_storage_permission|data_usage_exceeded|unseat_sim_card|user_abroad_roaming_disabled_off[PERSONA:Easy],static_delete,static_exclude_transfer_oracle;static_exclude_hybrid_roaming_disabled_off,1000.0,transfer,Easy,7,apn|permission|network_preference|sim|data_usage_exceeded|hybrid_roaming_disabled_off,neutral_other,
[mms_issue]airplane_mode_on|bad_network_preference|break_apn_mms_setting|break_app_both_permissions|data_usage_exceeded|unseat_sim_card|user_abroad_roaming_disabled_off[PERSONA:Hard],static_delete,static_exclude_transfer_oracle;static_exclude_hybrid_roaming_disabled_off,1000.0,transfer,Hard,7,apn|permission|network_preference|sim|data_usage_exceeded|hybrid_roaming_disabled_off,neutral_other,
[mms_issue]airplane_mode_on|bad_wifi_calling|break_apn_mms_setting|break_app_sms_permission|data_usage_exceeded|unseat_sim_card|user_abroad_roaming_disabled_off[PERSONA:None],static_delete,static_exclude_transfer_oracle;static_exclude_hybrid_roaming_disabled_off,1000.0,transfer,None,7,apn|permission|wifi_calling|sim|data_usage_exceeded|hybrid_roaming_disabled_off,neutral_other,
[mms_issue]airplane_mode_on|bad_wifi_calling|break_apn_mms_setting|break_app_storage_permission|data_usage_exceeded|unseat_sim_card|user_abroad_roaming_disabled_off[PERSONA:Easy],static_delete,static_exclude_transfer_oracle;static_exclude_hybrid_roaming_disabled_off,1000.0,transfer,Easy,7,apn|permission|wifi_calling|sim|data_usage_exceeded|hybrid_roaming_disabled_off,neutral_other,
[mms_issue]airplane_mode_on|bad_wifi_calling|break_apn_mms_setting|break_app_both_permissions|data_usage_exceeded|unseat_sim_card|user_abroad_roaming_disabled_off[PERSONA:Hard],static_delete,static_exclude_transfer_oracle;static_exclude_hybrid_roaming_disabled_off,1000.0,transfer,Hard,7,apn|permission|wifi_calling|sim|data_usage_exceeded|hybrid_roaming_disabled_off,neutral_other,
[mms_issue]airplane_mode_on|bad_network_preference|bad_wifi_calling|break_apn_mms_setting|break_app_sms_permission|data_usage_exceeded|unseat_sim_card[PERSONA:None],candidate,,-73.0,repair_subset,None,7,apn|permission|wifi_calling|network_preference|sim|data_usage_exceeded,target_favoring,
[mms_issue]airplane_mode_on|bad_network_preference|bad_wifi_calling|break_apn_mms_setting|break_app_storage_permission|data_usage_exceeded|unseat_sim_card[PERSONA:Easy],candidate,,-75.0,repair_subset,Easy,7,apn|permission|wifi_calling|network_preference|sim|data_usage_exceeded,target_favoring,
[mms_issue]airplane_mode_on|bad_network_preference|bad_wifi_calling|break_apn_mms_setting|break_app_both_permissions|data_usage_exceeded|unseat_sim_card[PERSONA:Hard],candidate,,-56.0,repair_subset,Hard,7,apn|permission|wifi_calling|network_preference|sim|data_usage_exceeded,target_favoring,
[mms_issue]airplane_mode_on|bad_network_preference|bad_wifi_calling|break_apn_mms_setting|break_app_sms_permission|unseat_sim_card|user_abroad_roaming_enabled_off[PERSONA:None],candidate,,-104.0,repair_all,None,7,apn|permission|wifi_calling|network_preference|sim|roaming_enabled_off,target_favoring,
[mms_issue]airplane_mode_on|bad_network_preference|bad_wifi_calling|break_apn_mms_setting|break_app_storage_permission|unseat_sim_card|user_abroad_roaming_enabled_off[PERSONA:Easy],candidate,,-106.0,repair_all,Easy,7,apn|permission|wifi_calling|network_preference|sim|roaming_enabled_off,target_favoring,
[mms_issue]airplane_mode_on|bad_network_preference|bad_wifi_calling|break_apn_mms_setting|break_app_both_permissions|unseat_sim_card|user_abroad_roaming_enabled_off[PERSONA:Hard],candidate,,-87.0,repair_all,Hard,7,apn|permission|wifi_calling|network_preference|sim|roaming_enabled_off,target_favoring,
[mms_issue]airplane_mode_on|bad_network_preference|bad_wifi_calling|break_apn_mms_setting|break_app_sms_permission|unseat_sim_card|user_abroad_roaming_disabled_on[PERSONA:None],candidate,,-77.0,repair_subset,None,7,apn|permission|wifi_calling|network_preference|sim|roaming_disabled_on,target_favoring,
[mms_issue]airplane_mode_on|bad_network_preference|bad_wifi_calling|break_apn_mms_setting|break_app_storage_permission|unseat_sim_card|user_abroad_roaming_disabled_on[PERSONA:Easy],candidate,,-79.0,repair_subset,Easy,7,apn|permission|wifi_calling|network_preference|sim|roaming_disabled_on,target_favoring,
[mms_issue]airplane_mode_on|bad_network_preference|bad_wifi_calling|break_apn_mms_setting|break_app_both_permissions|unseat_sim_card|user_abroad_roaming_disabled_on[PERSONA:Hard],candidate,,-60.0,repair_subset,Hard,7,apn|permission|wifi_calling|network_preference|sim|roaming_disabled_on,target_favoring,
[mms_issue]airplane_mode_on|bad_network_preference|bad_wifi_calling|break_apn_mms_setting|break_app_sms_permission|unseat_sim_card|user_abroad_roaming_disabled_off[PERSONA:None],static_delete,static_exclude_transfer_oracle;static_exclude_hybrid_roaming_disabled_off,1000.0,transfer,None,7,apn|permission|wifi_calling|network_preference|sim|hybrid_roaming_disabled_off,neutral_other,
[mms_issue]airplane_mode_on|bad_network_preference|bad_wifi_calling|break_apn_mms_setting|break_app_storage_permission|unseat_sim_card|user_abroad_roaming_disabled_off[PERSONA:Easy],static_delete,static_exclude_transfer_oracle;static_exclude_hybrid_roaming_disabled_off,1000.0,transfer,Easy,7,apn|permission|wifi_calling|network_preference|sim|hybrid_roaming_disabled_off,neutral_other,
[mms_issue]airplane_mode_on|bad_network_preference|bad_wifi_calling|break_apn_mms_setting|break_app_both_permissions|unseat_sim_card|user_abroad_roaming_disabled_off[PERSONA:Hard],static_delete,static_exclude_transfer_oracle;static_exclude_hybrid_roaming_disabled_off,1000.0,transfer,Hard,7,apn|permission|wifi_calling|network_preference|sim|hybrid_roaming_disabled_off,neutral_other,
[mms_issue]airplane_mode_on|bad_network_preference|bad_wifi_calling|break_apn_mms_setting|data_mode_off|data_usage_exceeded|user_abroad_roaming_enabled_off[PERSONA:None],candidate,,-67.0,repair_subset,None,7,apn|wifi_calling|network_preference|data_mode|data_usage_exceeded|roaming_enabled_off,target_favoring,
[mms_issue]airplane_mode_on|bad_network_preference|bad_wifi_calling|break_app_sms_permission|data_mode_off|data_usage_exceeded|user_abroad_roaming_enabled_off[PERSONA:Easy],static_delete,static_exclude_low_priority_nontransfer_shape,1000.0,repair_subset,Easy,7,permission|wifi_calling|network_preference|data_mode|data_usage_exceeded|roaming_enabled_off,neutral_other,
[mms_issue]airplane_mode_on|bad_network_preference|bad_wifi_calling|break_app_storage_permission|data_mode_off|data_usage_exceeded|user_abroad_roaming_enabled_off[PERSONA:Hard],static_delete,static_exclude_low_priority_nontransfer_shape,1000.0,repair_subset,Hard,7,permission|wifi_calling|network_preference|data_mode|data_usage_exceeded|roaming_enabled_off,neutral_other,
[mms_issue]airplane_mode_on|bad_network_preference|bad_wifi_calling|break_app_both_permissions|data_mode_off|data_usage_exceeded|user_abroad_roaming_enabled_off[PERSONA:None],static_delete,static_exclude_low_priority_nontransfer_shape,1000.0,repair_subset,None,7,permission|wifi_calling|network_preference|data_mode|data_usage_exceeded|roaming_enabled_off,neutral_other,
[mms_issue]airplane_mode_on|bad_network_preference|break_apn_mms_setting|break_app_sms_permission|data_mode_off|data_usage_exceeded|user_abroad_roaming_enabled_off[PERSONA:Easy],candidate,,-61.0,repair_subset,Easy,7,apn|permission|network_preference|data_mode|data_usage_exceeded|roaming_enabled_off,target_favoring,
[mms_issue]airplane_mode_on|bad_network_preference|break_apn_mms_setting|break_app_storage_permission|data_mode_off|data_usage_exceeded|user_abroad_roaming_enabled_off[PERSONA:Hard],candidate,,-60.0,repair_subset,Hard,7,apn|permission|network_preference|data_mode|data_usage_exceeded|roaming_enabled_off,target_favoring,
[mms_issue]airplane_mode_on|bad_network_preference|break_apn_mms_setting|break_app_both_permissions|data_mode_off|data_usage_exceeded|user_abroad_roaming_enabled_off[PERSONA:None],candidate,,-47.0,repair_subset,None,7,apn|permission|network_preference|data_mode|data_usage_exceeded|roaming_enabled_off,target_favoring,
[mms_issue]airplane_mode_on|bad_wifi_calling|break_apn_mms_setting|break_app_sms_permission|data_mode_off|data_usage_exceeded|user_abroad_roaming_enabled_off[PERSONA:Easy],candidate,,-73.0,repair_subset,Easy,7,apn|permission|wifi_calling|data_mode|data_usage_exceeded|roaming_enabled_off,target_favoring,
[mms_issue]airplane_mode_on|bad_wifi_calling|break_apn_mms_setting|break_app_storage_permission|data_mode_off|data_usage_exceeded|user_abroad_roaming_enabled_off[PERSONA:Hard],candidate,,-72.0,repair_subset,Hard,7,apn|permission|wifi_calling|data_mode|data_usage_exceeded|roaming_enabled_off,target_favoring,
[mms_issue]airplane_mode_on|bad_wifi_calling|break_apn_mms_setting|break_app_both_permissions|data_mode_off|data_usage_exceeded|user_abroad_roaming_enabled_off[PERSONA:None],candidate,,-59.0,repair_subset,None,7,apn|permission|wifi_calling|data_mode|data_usage_exceeded|roaming_enabled_off,target_favoring,
[mms_issue]airplane_mode_on|bad_network_preference|bad_wifi_calling|break_apn_mms_setting|data_mode_off|data_usage_exceeded|user_abroad_roaming_disabled_on[PERSONA:Easy],candidate,,-67.0,repair_subset,Easy,7,apn|wifi_calling|network_preference|data_mode|data_usage_exceeded|roaming_disabled_on,target_favoring,
[mms_issue]airplane_mode_on|bad_network_preference|bad_wifi_calling|break_app_sms_permission|data_mode_off|data_usage_exceeded|user_abroad_roaming_disabled_on[PERSONA:Hard],static_delete,static_exclude_low_priority_nontransfer_shape,1000.0,repair_subset,Hard,7,permission|wifi_calling|network_preference|data_mode|data_usage_exceeded|roaming_disabled_on,neutral_other,
[mms_issue]airplane_mode_on|bad_network_preference|bad_wifi_calling|break_app_storage_permission|data_mode_off|data_usage_exceeded|user_abroad_roaming_disabled_on[PERSONA:None],static_delete,static_exclude_low_priority_nontransfer_shape,1000.0,repair_subset,None,7,permission|wifi_calling|network_preference|data_mode|data_usage_exceeded|roaming_disabled_on,neutral_other,
[mms_issue]airplane_mode_on|bad_network_preference|bad_wifi_calling|break_app_both_permissions|data_mode_off|data_usage_exceeded|user_abroad_roaming_disabled_on[PERSONA:Easy],static_delete,static_exclude_low_priority_nontransfer_shape,1000.0,repair_subset,Easy,7,permission|wifi_calling|network_preference|data_mode|data_usage_exceeded|roaming_disabled_on,neutral_other,
[mms_issue]airplane_mode_on|bad_network_preference|break_apn_mms_setting|break_app_sms_permission|data_mode_off|data_usage_exceeded|user_abroad_roaming_disabled_on[PERSONA:Hard],candidate,,-58.0,repair_subset,Hard,7,apn|permission|network_preference|data_mode|data_usage_exceeded|roaming_disabled_on,target_favoring,
[mms_issue]airplane_mode_on|bad_network_preference|break_apn_mms_setting|break_app_storage_permission|data_mode_off|data_usage_exceeded|user_abroad_roaming_disabled_on[PERSONA:None],candidate,,-63.0,repair_subset,None,7,apn|permission|network_preference|data_mode|data_usage_exceeded|roaming_disabled_on,target_favoring,
[mms_issue]airplane_mode_on|bad_network_preference|break_apn_mms_setting|break_app_both_permissions|data_mode_off|data_usage_exceeded|user_abroad_roaming_disabled_on[PERSONA:Easy],candidate,,-47.0,repair_subset,Easy,7,apn|permission|network_preference|data_mode|data_usage_exceeded|roaming_disabled_on,target_favoring,
[mms_issue]airplane_mode_on|bad_wifi_calling|break_apn_mms_setting|break_app_sms_permission|data_mode_off|data_usage_exceeded|user_abroad_roaming_disabled_on[PERSONA:Hard],candidate,,-70.0,repair_subset,Hard,7,apn|permission|wifi_calling|data_mode|data_usage_exceeded|roaming_disabled_on,target_favoring,
[mms_issue]airplane_mode_on|bad_wifi_calling|break_apn_mms_setting|break_app_storage_permission|data_mode_off|data_usage_exceeded|user_abroad_roaming_disabled_on[PERSONA:None],candidate,,-75.0,repair_subset,None,7,apn|permission|wifi_calling|data_mode|data_usage_exceeded|roaming_disabled_on,target_favoring,
[mms_issue]airplane_mode_on|bad_wifi_calling|break_apn_mms_setting|break_app_both_permissions|data_mode_off|data_usage_exceeded|user_abroad_roaming_disabled_on[PERSONA:Easy],candidate,,-59.0,repair_subset,Easy,7,apn|permission|wifi_calling|data_mode|data_usage_exceeded|roaming_disabled_on,target_favoring,
[mms_issue]airplane_mode_on|bad_network_preference|bad_wifi_calling|break_apn_mms_setting|data_mode_off|data_usage_exceeded|user_abroad_roaming_disabled_off[PERSONA:Hard],static_delete,static_exclude_transfer_oracle;static_exclude_hybrid_roaming_disabled_off,1000.0,transfer,Hard,7,apn|wifi_calling|network_preference|data_mode|data_usage_exceeded|hybrid_roaming_disabled_off,neutral_other,
[mms_issue]airplane_mode_on|bad_network_preference|bad_wifi_calling|break_app_sms_permission|data_mode_off|data_usage_exceeded|user_abroad_roaming_disabled_off[PERSONA:None],static_delete,static_exclude_transfer_oracle;static_exclude_hybrid_roaming_disabled_off,1000.0,transfer,None,7,permission|wifi_calling|network_preference|data_mode|data_usage_exceeded|hybrid_roaming_disabled_off,neutral_other,
[mms_issue]airplane_mode_on|bad_network_preference|bad_wifi_calling|break_app_storage_permission|data_mode_off|data_usage_exceeded|user_abroad_roaming_disabled_off[PERSONA:Easy],static_delete,static_exclude_transfer_oracle;static_exclude_hybrid_roaming_disabled_off,1000.0,transfer,Easy,7,permission|wifi_calling|network_preference|data_mode|data_usage_exceeded|hybrid_roaming_disabled_off,neutral_other,
[mms_issue]airplane_mode_on|bad_network_preference|bad_wifi_calling|break_app_both_permissions|data_mode_off|data_usage_exceeded|user_abroad_roaming_disabled_off[PERSONA:Hard],static_delete,static_exclude_transfer_oracle;static_exclude_hybrid_roaming_disabled_off,1000.0,transfer,Hard,7,permission|wifi_calling|network_preference|data_mode|data_usage_exceeded|hybrid_roaming_disabled_off,neutral_other,
[mms_issue]airplane_mode_on|bad_network_preference|break_apn_mms_setting|break_app_sms_permission|data_mode_off|data_usage_exceeded|user_abroad_roaming_disabled_off[PERSONA:None],static_delete,static_exclude_transfer_oracle;static_exclude_hybrid_roaming_disabled_off,1000.0,transfer,None,7,apn|permission|network_preference|data_mode|data_usage_exceeded|hybrid_roaming_disabled_off,neutral_other,
[mms_issue]airplane_mode_on|bad_network_preference|break_apn_mms_setting|break_app_storage_permission|data_mode_off|data_usage_exceeded|user_abroad_roaming_disabled_off[PERSONA:Easy],static_delete,static_exclude_transfer_oracle;static_exclude_hybrid_roaming_disabled_off,1000.0,transfer,Easy,7,apn|permission|network_preference|data_mode|data_usage_exceeded|hybrid_roaming_disabled_off,neutral_other,
[mms_issue]airplane_mode_on|bad_network_preference|break_apn_mms_setting|break_app_both_permissions|data_mode_off|data_usage_exceeded|user_abroad_roaming_disabled_off[PERSONA:Hard],static_delete,static_exclude_transfer_oracle;static_exclude_hybrid_roaming_disabled_off,1000.0,transfer,Hard,7,apn|permission|network_preference|data_mode|data_usage_exceeded|hybrid_roaming_disabled_off,neutral_other,
[mms_issue]airplane_mode_on|bad_wifi_calling|break_apn_mms_setting|break_app_sms_permission|data_mode_off|data_usage_exceeded|user_abroad_roaming_disabled_off[PERSONA:None],static_delete,static_exclude_transfer_oracle;static_exclude_hybrid_roaming_disabled_off,1000.0,transfer,None,7,apn|permission|wifi_calling|data_mode|data_usage_exceeded|hybrid_roaming_disabled_off,neutral_other,
[mms_issue]airplane_mode_on|bad_wifi_calling|break_apn_mms_setting|break_app_storage_permission|data_mode_off|data_usage_exceeded|user_abroad_roaming_disabled_off[PERSONA:Easy],static_delete,static_exclude_transfer_oracle;static_exclude_hybrid_roaming_disabled_off,1000.0,transfer,Easy,7,apn|permission|wifi_calling|data_mode|data_usage_exceeded|hybrid_roaming_disabled_off,neutral_other,
[mms_issue]airplane_mode_on|bad_wifi_calling|break_apn_mms_setting|break_app_both_permissions|data_mode_off|data_usage_exceeded|user_abroad_roaming_disabled_off[PERSONA:Hard],static_delete,static_exclude_transfer_oracle;static_exclude_hybrid_roaming_disabled_off,1000.0,transfer,Hard,7,apn|permission|wifi_calling|data_mode|data_usage_exceeded|hybrid_roaming_disabled_off,neutral_other,
[mms_issue]airplane_mode_on|bad_network_preference|bad_wifi_calling|break_apn_mms_setting|break_app_sms_permission|data_mode_off|data_usage_exceeded[PERSONA:None],static_delete,static_exclude_low_priority_nontransfer_shape,1000.0,repair_subset,None,7,apn|permission|wifi_calling|network_preference|data_mode|data_usage_exceeded,neutral_other,keep
[mms_issue]airplane_mode_on|bad_network_preference|bad_wifi_calling|break_apn_mms_setting|break_app_storage_permission|data_mode_off|data_usage_exceeded[PERSONA:Easy],static_delete,static_exclude_low_priority_nontransfer_shape,1000.0,repair_subset,Easy,7,apn|permission|wifi_calling|network_preference|data_mode|data_usage_exceeded,neutral_other,delete
[mms_issue]airplane_mode_on|bad_network_preference|bad_wifi_calling|break_apn_mms_setting|break_app_both_permissions|data_mode_off|data_usage_exceeded[PERSONA:Hard],static_delete,static_exclude_low_priority_nontransfer_shape,1000.0,repair_subset,Hard,7,apn|permission|wifi_calling|network_preference|data_mode|data_usage_exceeded,neutral_other,delete
[mms_issue]airplane_mode_on|bad_network_preference|bad_wifi_calling|break_apn_mms_setting|break_app_sms_permission|data_mode_off|user_abroad_roaming_enabled_off[PERSONA:None],candidate,,-104.0,repair_all,None,7,apn|permission|wifi_calling|network_preference|data_mode|roaming_enabled_off,target_favoring,
[mms_issue]airplane_mode_on|bad_network_preference|bad_wifi_calling|break_apn_mms_setting|break_app_storage_permission|data_mode_off|user_abroad_roaming_enabled_off[PERSONA:Easy],candidate,,-106.0,repair_all,Easy,7,apn|permission|wifi_calling|network_preference|data_mode|roaming_enabled_off,target_favoring,
[mms_issue]airplane_mode_on|bad_network_preference|bad_wifi_calling|break_apn_mms_setting|break_app_both_permissions|data_mode_off|user_abroad_roaming_enabled_off[PERSONA:Hard],candidate,,-87.0,repair_all,Hard,7,apn|permission|wifi_calling|network_preference|data_mode|roaming_enabled_off,target_favoring,
[mms_issue]airplane_mode_on|bad_network_preference|bad_wifi_calling|break_apn_mms_setting|break_app_sms_permission|data_mode_off|user_abroad_roaming_disabled_on[PERSONA:None],candidate,,-77.0,repair_subset,None,7,apn|permission|wifi_calling|network_preference|data_mode|roaming_disabled_on,target_favoring,
[mms_issue]airplane_mode_on|bad_network_preference|bad_wifi_calling|break_apn_mms_setting|break_app_storage_permission|data_mode_off|user_abroad_roaming_disabled_on[PERSONA:Easy],candidate,,-79.0,repair_subset,Easy,7,apn|permission|wifi_calling|network_preference|data_mode|roaming_disabled_on,target_favoring,
[mms_issue]airplane_mode_on|bad_network_preference|bad_wifi_calling|break_apn_mms_setting|break_app_both_permissions|data_mode_off|user_abroad_roaming_disabled_on[PERSONA:Hard],candidate,,-60.0,repair_subset,Hard,7,apn|permission|wifi_calling|network_preference|data_mode|roaming_disabled_on,target_favoring,
[mms_issue]airplane_mode_on|bad_network_preference|bad_wifi_calling|break_apn_mms_setting|break_app_sms_permission|data_mode_off|user_abroad_roaming_disabled_off[PERSONA:None],static_delete,static_exclude_transfer_oracle;static_exclude_hybrid_roaming_disabled_off,1000.0,transfer,None,7,apn|permission|wifi_calling|network_preference|data_mode|hybrid_roaming_disabled_off,neutral_other,
[mms_issue]airplane_mode_on|bad_network_preference|bad_wifi_calling|break_apn_mms_setting|break_app_storage_permission|data_mode_off|user_abroad_roaming_disabled_off[PERSONA:Easy],static_delete,static_exclude_transfer_oracle;static_exclude_hybrid_roaming_disabled_off,1000.0,transfer,Easy,7,apn|permission|wifi_calling|network_preference|data_mode|hybrid_roaming_disabled_off,neutral_other,
[mms_issue]airplane_mode_on|bad_network_preference|bad_wifi_calling|break_apn_mms_setting|break_app_both_permissions|data_mode_off|user_abroad_roaming_disabled_off[PERSONA:Hard],static_delete,static_exclude_transfer_oracle;static_exclude_hybrid_roaming_disabled_off,1000.0,transfer,Hard,7,apn|permission|wifi_calling|network_preference|data_mode|hybrid_roaming_disabled_off,neutral_other,
[mms_issue]airplane_mode_on|bad_network_preference|bad_wifi_calling|break_apn_mms_setting|break_app_sms_permission|data_usage_exceeded|user_abroad_roaming_enabled_off[PERSONA:None],candidate,,-73.0,repair_subset,None,7,apn|permission|wifi_calling|network_preference|data_usage_exceeded|roaming_enabled_off,target_favoring,
[mms_issue]airplane_mode_on|bad_network_preference|bad_wifi_calling|break_apn_mms_setting|break_app_storage_permission|data_usage_exceeded|user_abroad_roaming_enabled_off[PERSONA:Easy],candidate,,-75.0,repair_subset,Easy,7,apn|permission|wifi_calling|network_preference|data_usage_exceeded|roaming_enabled_off,target_favoring,
[mms_issue]airplane_mode_on|bad_network_preference|bad_wifi_calling|break_apn_mms_setting|break_app_both_permissions|data_usage_exceeded|user_abroad_roaming_enabled_off[PERSONA:Hard],candidate,,-56.0,repair_subset,Hard,7,apn|permission|wifi_calling|network_preference|data_usage_exceeded|roaming_enabled_off,target_favoring,
[mms_issue]airplane_mode_on|bad_network_preference|bad_wifi_calling|break_apn_mms_setting|break_app_sms_permission|data_usage_exceeded|user_abroad_roaming_disabled_on[PERSONA:None],candidate,,-73.0,repair_subset,None,7,apn|permission|wifi_calling|network_preference|data_usage_exceeded|roaming_disabled_on,target_favoring,
[mms_issue]airplane_mode_on|bad_network_preference|bad_wifi_calling|break_apn_mms_setting|break_app_storage_permission|data_usage_exceeded|user_abroad_roaming_disabled_on[PERSONA:Easy],candidate,,-75.0,repair_subset,Easy,7,apn|permission|wifi_calling|network_preference|data_usage_exceeded|roaming_disabled_on,target_favoring,
[mms_issue]airplane_mode_on|bad_network_preference|bad_wifi_calling|break_apn_mms_setting|break_app_both_permissions|data_usage_exceeded|user_abroad_roaming_disabled_on[PERSONA:Hard],candidate,,-56.0,repair_subset,Hard,7,apn|permission|wifi_calling|network_preference|data_usage_exceeded|roaming_disabled_on,target_favoring,
[mms_issue]airplane_mode_on|bad_network_preference|bad_wifi_calling|break_apn_mms_setting|break_app_sms_permission|data_usage_exceeded|user_abroad_roaming_disabled_off[PERSONA:None],static_delete,static_exclude_transfer_oracle;static_exclude_hybrid_roaming_disabled_off,1000.0,transfer,None,7,apn|permission|wifi_calling|network_preference|data_usage_exceeded|hybrid_roaming_disabled_off,neutral_other,
[mms_issue]airplane_mode_on|bad_network_preference|bad_wifi_calling|break_apn_mms_setting|break_app_storage_permission|data_usage_exceeded|user_abroad_roaming_disabled_off[PERSONA:Easy],static_delete,static_exclude_transfer_oracle;static_exclude_hybrid_roaming_disabled_off,1000.0,transfer,Easy,7,apn|permission|wifi_calling|network_preference|data_usage_exceeded|hybrid_roaming_disabled_off,neutral_other,
[mms_issue]airplane_mode_on|bad_network_preference|bad_wifi_calling|break_apn_mms_setting|break_app_both_permissions|data_usage_exceeded|user_abroad_roaming_disabled_off[PERSONA:Hard],static_delete,static_exclude_transfer_oracle;static_exclude_hybrid_roaming_disabled_off,1000.0,transfer,Hard,7,apn|permission|wifi_calling|network_preference|data_usage_exceeded|hybrid_roaming_disabled_off,neutral_other,
[mms_issue]bad_network_preference|bad_wifi_calling|break_apn_mms_setting|data_mode_off|data_usage_exceeded|unseat_sim_card|user_abroad_roaming_enabled_off[PERSONA:None],candidate,,-67.0,repair_subset,None,7,apn|wifi_calling|network_preference|sim|data_mode|data_usage_exceeded|roaming_enabled_off,target_favoring,
[mms_issue]bad_network_preference|bad_wifi_calling|break_app_sms_permission|data_mode_off|data_usage_exceeded|unseat_sim_card|user_abroad_roaming_enabled_off[PERSONA:Easy],static_delete,static_exclude_low_priority_nontransfer_shape,1000.0,repair_subset,Easy,7,permission|wifi_calling|network_preference|sim|data_mode|data_usage_exceeded|roaming_enabled_off,neutral_other,
[mms_issue]bad_network_preference|bad_wifi_calling|break_app_storage_permission|data_mode_off|data_usage_exceeded|unseat_sim_card|user_abroad_roaming_enabled_off[PERSONA:Hard],static_delete,static_exclude_low_priority_nontransfer_shape,1000.0,repair_subset,Hard,7,permission|wifi_calling|network_preference|sim|data_mode|data_usage_exceeded|roaming_enabled_off,neutral_other,
[mms_issue]bad_network_preference|bad_wifi_calling|break_app_both_permissions|data_mode_off|data_usage_exceeded|unseat_sim_card|user_abroad_roaming_enabled_off[PERSONA:None],static_delete,static_exclude_low_priority_nontransfer_shape,1000.0,repair_subset,None,7,permission|wifi_calling|network_preference|sim|data_mode|data_usage_exceeded|roaming_enabled_off,neutral_other,
[mms_issue]bad_network_preference|break_apn_mms_setting|break_app_sms_permission|data_mode_off|data_usage_exceeded|unseat_sim_card|user_abroad_roaming_enabled_off[PERSONA:Easy],candidate,,-61.0,repair_subset,Easy,7,apn|permission|network_preference|sim|data_mode|data_usage_exceeded|roaming_enabled_off,target_favoring,
[mms_issue]bad_network_preference|break_apn_mms_setting|break_app_storage_permission|data_mode_off|data_usage_exceeded|unseat_sim_card|user_abroad_roaming_enabled_off[PERSONA:Hard],candidate,,-60.0,repair_subset,Hard,7,apn|permission|network_preference|sim|data_mode|data_usage_exceeded|roaming_enabled_off,target_favoring,
[mms_issue]bad_network_preference|break_apn_mms_setting|break_app_both_permissions|data_mode_off|data_usage_exceeded|unseat_sim_card|user_abroad_roaming_enabled_off[PERSONA:None],candidate,,-47.0,repair_subset,None,7,apn|permission|network_preference|sim|data_mode|data_usage_exceeded|roaming_enabled_off,target_favoring,
[mms_issue]bad_wifi_calling|break_apn_mms_setting|break_app_sms_permission|data_mode_off|data_usage_exceeded|unseat_sim_card|user_abroad_roaming_enabled_off[PERSONA:Easy],candidate,,-73.0,repair_subset,Easy,7,apn|permission|wifi_calling|sim|data_mode|data_usage_exceeded|roaming_enabled_off,target_favoring,
[mms_issue]bad_wifi_calling|break_apn_mms_setting|break_app_storage_permission|data_mode_off|data_usage_exceeded|unseat_sim_card|user_abroad_roaming_enabled_off[PERSONA:Hard],candidate,,-72.0,repair_subset,Hard,7,apn|permission|wifi_calling|sim|data_mode|data_usage_exceeded|roaming_enabled_off,target_favoring,
[mms_issue]bad_wifi_calling|break_apn_mms_setting|break_app_both_permissions|data_mode_off|data_usage_exceeded|unseat_sim_card|user_abroad_roaming_enabled_off[PERSONA:None],candidate,,-59.0,repair_subset,None,7,apn|permission|wifi_calling|sim|data_mode|data_usage_exceeded|roaming_enabled_off,target_favoring,
[mms_issue]bad_network_preference|bad_wifi_calling|break_apn_mms_setting|data_mode_off|data_usage_exceeded|unseat_sim_card|user_abroad_roaming_disabled_on[PERSONA:Easy],candidate,,-67.0,repair_subset,Easy,7,apn|wifi_calling|network_preference|sim|data_mode|data_usage_exceeded|roaming_disabled_on,target_favoring,
[mms_issue]bad_network_preference|bad_wifi_calling|break_app_sms_permission|data_mode_off|data_usage_exceeded|unseat_sim_card|user_abroad_roaming_disabled_on[PERSONA:Hard],static_delete,static_exclude_low_priority_nontransfer_shape,1000.0,repair_subset,Hard,7,permission|wifi_calling|network_preference|sim|data_mode|data_usage_exceeded|roaming_disabled_on,neutral_other,
[mms_issue]bad_network_preference|bad_wifi_calling|break_app_storage_permission|data_mode_off|data_usage_exceeded|unseat_sim_card|user_abroad_roaming_disabled_on[PERSONA:None],static_delete,static_exclude_low_priority_nontransfer_shape,1000.0,repair_subset,None,7,permission|wifi_calling|network_preference|sim|data_mode|data_usage_exceeded|roaming_disabled_on,neutral_other,
[mms_issue]bad_network_preference|bad_wifi_calling|break_app_both_permissions|data_mode_off|data_usage_exceeded|unseat_sim_card|user_abroad_roaming_disabled_on[PERSONA:Easy],static_delete,static_exclude_low_priority_nontransfer_shape,1000.0,repair_subset,Easy,7,permission|wifi_calling|network_preference|sim|data_mode|data_usage_exceeded|roaming_disabled_on,neutral_other,
[mms_issue]bad_network_preference|break_apn_mms_setting|break_app_sms_permission|data_mode_off|data_usage_exceeded|unseat_sim_card|user_abroad_roaming_disabled_on[PERSONA:Hard],candidate,,-58.0,repair_subset,Hard,7,apn|permission|network_preference|sim|data_mode|data_usage_exceeded|roaming_disabled_on,target_favoring,
[mms_issue]bad_network_preference|break_apn_mms_setting|break_app_storage_permission|data_mode_off|data_usage_exceeded|unseat_sim_card|user_abroad_roaming_disabled_on[PERSONA:None],candidate,,-63.0,repair_subset,None,7,apn|permission|network_preference|sim|data_mode|data_usage_exceeded|roaming_disabled_on,target_favoring,
[mms_issue]bad_network_preference|break_apn_mms_setting|break_app_both_permissions|data_mode_off|data_usage_exceeded|unseat_sim_card|user_abroad_roaming_disabled_on[PERSONA:Easy],candidate,,-47.0,repair_subset,Easy,7,apn|permission|network_preference|sim|data_mode|data_usage_exceeded|roaming_disabled_on,target_favoring,
[mms_issue]bad_wifi_calling|break_apn_mms_setting|break_app_sms_permission|data_mode_off|data_usage_exceeded|unseat_sim_card|user_abroad_roaming_disabled_on[PERSONA:Hard],candidate,,-70.0,repair_subset,Hard,7,apn|permission|wifi_calling|sim|data_mode|data_usage_exceeded|roaming_disabled_on,target_favoring,
[mms_issue]bad_wifi_calling|break_apn_mms_setting|break_app_storage_permission|data_mode_off|data_usage_exceeded|unseat_sim_card|user_abroad_roaming_disabled_on[PERSONA:None],candidate,,-75.0,repair_subset,None,7,apn|permission|wifi_calling|sim|data_mode|data_usage_exceeded|roaming_disabled_on,target_favoring,
[mms_issue]bad_wifi_calling|break_apn_mms_setting|break_app_both_permissions|data_mode_off|data_usage_exceeded|unseat_sim_card|user_abroad_roaming_disabled_on[PERSONA:Easy],candidate,,-59.0,repair_subset,Easy,7,apn|permission|wifi_calling|sim|data_mode|data_usage_exceeded|roaming_disabled_on,target_favoring,
[mms_issue]bad_network_preference|bad_wifi_calling|break_apn_mms_setting|data_mode_off|data_usage_exceeded|unseat_sim_card|user_abroad_roaming_disabled_off[PERSONA:Hard],static_delete,static_exclude_transfer_oracle;static_exclude_hybrid_roaming_disabled_off,1000.0,transfer,Hard,7,apn|wifi_calling|network_preference|sim|data_mode|data_usage_exceeded|hybrid_roaming_disabled_off,neutral_other,
[mms_issue]bad_network_preference|bad_wifi_calling|break_app_sms_permission|data_mode_off|data_usage_exceeded|unseat_sim_card|user_abroad_roaming_disabled_off[PERSONA:None],static_delete,static_exclude_transfer_oracle;static_exclude_hybrid_roaming_disabled_off,1000.0,transfer,None,7,permission|wifi_calling|network_preference|sim|data_mode|data_usage_exceeded|hybrid_roaming_disabled_off,neutral_other,
[mms_issue]bad_network_preference|bad_wifi_calling|break_app_storage_permission|data_mode_off|data_usage_exceeded|unseat_sim_card|user_abroad_roaming_disabled_off[PERSONA:Easy],static_delete,static_exclude_transfer_oracle;static_exclude_hybrid_roaming_disabled_off,1000.0,transfer,Easy,7,permission|wifi_calling|network_preference|sim|data_mode|data_usage_exceeded|hybrid_roaming_disabled_off,neutral_other,
[mms_issue]bad_network_preference|bad_wifi_calling|break_app_both_permissions|data_mode_off|data_usage_exceeded|unseat_sim_card|user_abroad_roaming_disabled_off[PERSONA:Hard],static_delete,static_exclude_transfer_oracle;static_exclude_hybrid_roaming_disabled_off,1000.0,transfer,Hard,7,permission|wifi_calling|network_preference|sim|data_mode|data_usage_exceeded|hybrid_roaming_disabled_off,neutral_other,
[mms_issue]bad_network_preference|break_apn_mms_setting|break_app_sms_permission|data_mode_off|data_usage_exceeded|unseat_sim_card|user_abroad_roaming_disabled_off[PERSONA:None],static_delete,static_exclude_transfer_oracle;static_exclude_hybrid_roaming_disabled_off,1000.0,transfer,None,7,apn|permission|network_preference|sim|data_mode|data_usage_exceeded|hybrid_roaming_disabled_off,neutral_other,
[mms_issue]bad_network_preference|break_apn_mms_setting|break_app_storage_permission|data_mode_off|data_usage_exceeded|unseat_sim_card|user_abroad_roaming_disabled_off[PERSONA:Easy],static_delete,static_exclude_transfer_oracle;static_exclude_hybrid_roaming_disabled_off,1000.0,transfer,Easy,7,apn|permission|network_preference|sim|data_mode|data_usage_exceeded|hybrid_roaming_disabled_off,neutral_other,
[mms_issue]bad_network_preference|break_apn_mms_setting|break_app_both_permissions|data_mode_off|data_usage_exceeded|unseat_sim_card|user_abroad_roaming_disabled_off[PERSONA:Hard],static_delete,static_exclude_transfer_oracle;static_exclude_hybrid_roaming_disabled_off,1000.0,transfer,Hard,7,apn|permission|network_preference|sim|data_mode|data_usage_exceeded|hybrid_roaming_disabled_off,neutral_other,
[mms_issue]bad_wifi_calling|break_apn_mms_setting|break_app_sms_permission|data_mode_off|data_usage_exceeded|unseat_sim_card|user_abroad_roaming_disabled_off[PERSONA:None],static_delete,static_exclude_transfer_oracle;static_exclude_hybrid_roaming_disabled_off,1000.0,transfer,None,7,apn|permission|wifi_calling|sim|data_mode|data_usage_exceeded|hybrid_roaming_disabled_off,neutral_other,
[mms_issue]bad_wifi_calling|break_apn_mms_setting|break_app_storage_permission|data_mode_off|data_usage_exceeded|unseat_sim_card|user_abroad_roaming_disabled_off[PERSONA:Easy],static_delete,static_exclude_transfer_oracle;static_exclude_hybrid_roaming_disabled_off,1000.0,transfer,Easy,7,apn|permission|wifi_calling|sim|data_mode|data_usage_exceeded|hybrid_roaming_disabled_off,neutral_other,
[mms_issue]bad_wifi_calling|break_apn_mms_setting|break_app_both_permissions|data_mode_off|data_usage_exceeded|unseat_sim_card|user_abroad_roaming_disabled_off[PERSONA:Hard],static_delete,static_exclude_transfer_oracle;static_exclude_hybrid_roaming_disabled_off,1000.0,transfer,Hard,7,apn|permission|wifi_calling|sim|data_mode|data_usage_exceeded|hybrid_roaming_disabled_off,neutral_other,
[mms_issue]bad_network_preference|bad_wifi_calling|break_apn_mms_setting|break_app_sms_permission|data_mode_off|data_usage_exceeded|unseat_sim_card[PERSONA:None],candidate,,-73.0,repair_subset,None,7,apn|permission|wifi_calling|network_preference|sim|data_mode|data_usage_exceeded,target_favoring,
[mms_issue]bad_network_preference|bad_wifi_calling|break_apn_mms_setting|break_app_storage_permission|data_mode_off|data_usage_exceeded|unseat_sim_card[PERSONA:Easy],candidate,,-75.0,repair_subset,Easy,7,apn|permission|wifi_calling|network_preference|sim|data_mode|data_usage_exceeded,target_favoring,
[mms_issue]bad_network_preference|bad_wifi_calling|break_apn_mms_setting|break_app_both_permissions|data_mode_off|data_usage_exceeded|unseat_sim_card[PERSONA:Hard],candidate,,-56.0,repair_subset,Hard,7,apn|permission|wifi_calling|network_preference|sim|data_mode|data_usage_exceeded,target_favoring,
[mms_issue]bad_network_preference|bad_wifi_calling|break_apn_mms_setting|break_app_sms_permission|data_mode_off|unseat_sim_card|user_abroad_roaming_enabled_off[PERSONA:None],candidate,,-104.0,repair_all,None,7,apn|permission|wifi_calling|network_preference|sim|data_mode|roaming_enabled_off,target_favoring,
[mms_issue]bad_network_preference|bad_wifi_calling|break_apn_mms_setting|break_app_storage_permission|data_mode_off|unseat_sim_card|user_abroad_roaming_enabled_off[PERSONA:Easy],candidate,,-106.0,repair_all,Easy,7,apn|permission|wifi_calling|network_preference|sim|data_mode|roaming_enabled_off,target_favoring,
[mms_issue]bad_network_preference|bad_wifi_calling|break_apn_mms_setting|break_app_both_permissions|data_mode_off|unseat_sim_card|user_abroad_roaming_enabled_off[PERSONA:Hard],candidate,,-87.0,repair_all,Hard,7,apn|permission|wifi_calling|network_preference|sim|data_mode|roaming_enabled_off,target_favoring,
[mms_issue]bad_network_preference|bad_wifi_calling|break_apn_mms_setting|break_app_sms_permission|data_mode_off|unseat_sim_card|user_abroad_roaming_disabled_on[PERSONA:None],candidate,,-77.0,repair_subset,None,7,apn|permission|wifi_calling|network_preference|sim|data_mode|roaming_disabled_on,target_favoring,
[mms_issue]bad_network_preference|bad_wifi_calling|break_apn_mms_setting|break_app_storage_permission|data_mode_off|unseat_sim_card|user_abroad_roaming_disabled_on[PERSONA:Easy],candidate,,-79.0,repair_subset,Easy,7,apn|permission|wifi_calling|network_preference|sim|data_mode|roaming_disabled_on,target_favoring,
[mms_issue]bad_network_preference|bad_wifi_calling|break_apn_mms_setting|break_app_both_permissions|data_mode_off|unseat_sim_card|user_abroad_roaming_disabled_on[PERSONA:Hard],candidate,,-60.0,repair_subset,Hard,7,apn|permission|wifi_calling|network_preference|sim|data_mode|roaming_disabled_on,target_favoring,
[mms_issue]bad_network_preference|bad_wifi_calling|break_apn_mms_setting|break_app_sms_permission|data_mode_off|unseat_sim_card|user_abroad_roaming_disabled_off[PERSONA:None],static_delete,static_exclude_transfer_oracle;static_exclude_hybrid_roaming_disabled_off,1000.0,transfer,None,7,apn|permission|wifi_calling|network_preference|sim|data_mode|hybrid_roaming_disabled_off,neutral_other,
[mms_issue]bad_network_preference|bad_wifi_calling|break_apn_mms_setting|break_app_storage_permission|data_mode_off|unseat_sim_card|user_abroad_roaming_disabled_off[PERSONA:Easy],static_delete,static_exclude_transfer_oracle;static_exclude_hybrid_roaming_disabled_off,1000.0,transfer,Easy,7,apn|permission|wifi_calling|network_preference|sim|data_mode|hybrid_roaming_disabled_off,neutral_other,
[mms_issue]bad_network_preference|bad_wifi_calling|break_apn_mms_setting|break_app_both_permissions|data_mode_off|unseat_sim_card|user_abroad_roaming_disabled_off[PERSONA:Hard],static_delete,static_exclude_transfer_oracle;static_exclude_hybrid_roaming_disabled_off,1000.0,transfer,Hard,7,apn|permission|wifi_calling|network_preference|sim|data_mode|hybrid_roaming_disabled_off,neutral_other,
[mms_issue]bad_network_preference|bad_wifi_calling|break_apn_mms_setting|break_app_sms_permission|data_usage_exceeded|unseat_sim_card|user_abroad_roaming_enabled_off[PERSONA:None],candidate,,-73.0,repair_subset,None,7,apn|permission|wifi_calling|network_preference|sim|data_usage_exceeded|roaming_enabled_off,target_favoring,
[mms_issue]bad_network_preference|bad_wifi_calling|break_apn_mms_setting|break_app_storage_permission|data_usage_exceeded|unseat_sim_card|user_abroad_roaming_enabled_off[PERSONA:Easy],candidate,,-75.0,repair_subset,Easy,7,apn|permission|wifi_calling|network_preference|sim|data_usage_exceeded|roaming_enabled_off,target_favoring,
[mms_issue]bad_network_preference|bad_wifi_calling|break_apn_mms_setting|break_app_both_permissions|data_usage_exceeded|unseat_sim_card|user_abroad_roaming_enabled_off[PERSONA:Hard],candidate,,-56.0,repair_subset,Hard,7,apn|permission|wifi_calling|network_preference|sim|data_usage_exceeded|roaming_enabled_off,target_favoring,
[mms_issue]bad_network_preference|bad_wifi_calling|break_apn_mms_setting|break_app_sms_permission|data_usage_exceeded|unseat_sim_card|user_abroad_roaming_disabled_on[PERSONA:None],candidate,,-73.0,repair_subset,None,7,apn|permission|wifi_calling|network_preference|sim|data_usage_exceeded|roaming_disabled_on,target_favoring,
[mms_issue]bad_network_preference|bad_wifi_calling|break_apn_mms_setting|break_app_storage_permission|data_usage_exceeded|unseat_sim_card|user_abroad_roaming_disabled_on[PERSONA:Easy],candidate,,-75.0,repair_subset,Easy,7,apn|permission|wifi_calling|network_preference|sim|data_usage_exceeded|roaming_disabled_on,target_favoring,
[mms_issue]bad_network_preference|bad_wifi_calling|break_apn_mms_setting|break_app_both_permissions|data_usage_exceeded|unseat_sim_card|user_abroad_roaming_disabled_on[PERSONA:Hard],candidate,,-56.0,repair_subset,Hard,7,apn|permission|wifi_calling|network_preference|sim|data_usage_exceeded|roaming_disabled_on,target_favoring,
[mms_issue]bad_network_preference|bad_wifi_calling|break_apn_mms_setting|break_app_sms_permission|data_usage_exceeded|unseat_sim_card|user_abroad_roaming_disabled_off[PERSONA:None],static_delete,static_exclude_transfer_oracle;static_exclude_hybrid_roaming_disabled_off,1000.0,transfer,None,7,apn|permission|wifi_calling|network_preference|sim|data_usage_exceeded|hybrid_roaming_disabled_off,neutral_other,
[mms_issue]bad_network_preference|bad_wifi_calling|break_apn_mms_setting|break_app_storage_permission|data_usage_exceeded|unseat_sim_card|user_abroad_roaming_disabled_off[PERSONA:Easy],static_delete,static_exclude_transfer_oracle;static_exclude_hybrid_roaming_disabled_off,1000.0,transfer,Easy,7,apn|permission|wifi_calling|network_preference|sim|data_usage_exceeded|hybrid_roaming_disabled_off,neutral_other,
[mms_issue]bad_network_preference|bad_wifi_calling|break_apn_mms_setting|break_app_both_permissions|data_usage_exceeded|unseat_sim_card|user_abroad_roaming_disabled_off[PERSONA:Hard],static_delete,static_exclude_transfer_oracle;static_exclude_hybrid_roaming_disabled_off,1000.0,transfer,Hard,7,apn|permission|wifi_calling|network_preference|sim|data_usage_exceeded|hybrid_roaming_disabled_off,neutral_other,
[mms_issue]bad_network_preference|bad_wifi_calling|break_apn_mms_setting|break_app_sms_permission|data_mode_off|data_usage_exceeded|user_abroad_roaming_enabled_off[PERSONA:None],candidate,,-73.0,repair_subset,None,7,apn|permission|wifi_calling|network_preference|data_mode|data_usage_exceeded|roaming_enabled_off,target_favoring,
[mms_issue]bad_network_preference|bad_wifi_calling|break_apn_mms_setting|break_app_storage_permission|data_mode_off|data_usage_exceeded|user_abroad_roaming_enabled_off[PERSONA:Easy],candidate,,-75.0,repair_subset,Easy,7,apn|permission|wifi_calling|network_preference|data_mode|data_usage_exceeded|roaming_enabled_off,target_favoring,
[mms_issue]bad_network_preference|bad_wifi_calling|break_apn_mms_setting|break_app_both_permissions|data_mode_off|data_usage_exceeded|user_abroad_roaming_enabled_off[PERSONA:Hard],candidate,,-56.0,repair_subset,Hard,7,apn|permission|wifi_calling|network_preference|data_mode|data_usage_exceeded|roaming_enabled_off,target_favoring,
[mms_issue]bad_network_preference|bad_wifi_calling|break_apn_mms_setting|break_app_sms_permission|data_mode_off|data_usage_exceeded|user_abroad_roaming_disabled_on[PERSONA:None],candidate,,-73.0,repair_subset,None,7,apn|permission|wifi_calling|network_preference|data_mode|data_usage_exceeded|roaming_disabled_on,target_favoring,
[mms_issue]bad_network_preference|bad_wifi_calling|break_apn_mms_setting|break_app_storage_permission|data_mode_off|data_usage_exceeded|user_abroad_roaming_disabled_on[PERSONA:Easy],candidate,,-75.0,repair_subset,Easy,7,apn|permission|wifi_calling|network_preference|data_mode|data_usage_exceeded|roaming_disabled_on,target_favoring,
[mms_issue]bad_network_preference|bad_wifi_calling|break_apn_mms_setting|break_app_both_permissions|data_mode_off|data_usage_exceeded|user_abroad_roaming_disabled_on[PERSONA:Hard],candidate,,-56.0,repair_subset,Hard,7,apn|permission|wifi_calling|network_preference|data_mode|data_usage_exceeded|roaming_disabled_on,target_favoring,
[mms_issue]bad_network_preference|bad_wifi_calling|break_apn_mms_setting|break_app_sms_permission|data_mode_off|data_usage_exceeded|user_abroad_roaming_disabled_off[PERSONA:None],static_delete,static_exclude_transfer_oracle;static_exclude_hybrid_roaming_disabled_off,1000.0,transfer,None,7,apn|permission|wifi_calling|network_preference|data_mode|data_usage_exceeded|hybrid_roaming_disabled_off,neutral_other,
[mms_issue]bad_network_preference|bad_wifi_calling|break_apn_mms_setting|break_app_storage_permission|data_mode_off|data_usage_exceeded|user_abroad_roaming_disabled_off[PERSONA:Easy],static_delete,static_exclude_transfer_oracle;static_exclude_hybrid_roaming_disabled_off,1000.0,transfer,Easy,7,apn|permission|wifi_calling|network_preference|data_mode|data_usage_exceeded|hybrid_roaming_disabled_off,neutral_other,
[mms_issue]bad_network_preference|bad_wifi_calling|break_apn_mms_setting|break_app_both_permissions|data_mode_off|data_usage_exceeded|user_abroad_roaming_disabled_off[PERSONA:Hard],static_delete,static_exclude_transfer_oracle;static_exclude_hybrid_roaming_disabled_off,1000.0,transfer,Hard,7,apn|permission|wifi_calling|network_preference|data_mode|data_usage_exceeded|hybrid_roaming_disabled_off,neutral_other,
[mms_issue]airplane_mode_on|bad_network_preference|bad_wifi_calling|break_apn_mms_setting|data_mode_off|data_usage_exceeded|unseat_sim_card|user_abroad_roaming_enabled_off[PERSONA:None],candidate,,-74.0,repair_subset,None,8,apn|wifi_calling|network_preference|sim|data_mode|data_usage_exceeded|roaming_enabled_off,specialist_target_favoring,
[mms_issue]airplane_mode_on|bad_network_preference|bad_wifi_calling|break_app_sms_permission|data_mode_off|data_usage_exceeded|unseat_sim_card|user_abroad_roaming_enabled_off[PERSONA:Easy],static_delete,static_exclude_low_priority_nontransfer_shape,1000.0,repair_subset,Easy,8,permission|wifi_calling|network_preference|sim|data_mode|data_usage_exceeded|roaming_enabled_off,neutral_other,
[mms_issue]airplane_mode_on|bad_network_preference|bad_wifi_calling|break_app_storage_permission|data_mode_off|data_usage_exceeded|unseat_sim_card|user_abroad_roaming_enabled_off[PERSONA:Hard],static_delete,static_exclude_low_priority_nontransfer_shape,1000.0,repair_subset,Hard,8,permission|wifi_calling|network_preference|sim|data_mode|data_usage_exceeded|roaming_enabled_off,neutral_other,
[mms_issue]airplane_mode_on|bad_network_preference|bad_wifi_calling|break_app_both_permissions|data_mode_off|data_usage_exceeded|unseat_sim_card|user_abroad_roaming_enabled_off[PERSONA:None],static_delete,static_exclude_low_priority_nontransfer_shape,1000.0,repair_subset,None,8,permission|wifi_calling|network_preference|sim|data_mode|data_usage_exceeded|roaming_enabled_off,neutral_other,
[mms_issue]airplane_mode_on|bad_network_preference|break_apn_mms_setting|break_app_sms_permission|data_mode_off|data_usage_exceeded|unseat_sim_card|user_abroad_roaming_enabled_off[PERSONA:Easy],candidate,,-68.0,repair_subset,Easy,8,apn|permission|network_preference|sim|data_mode|data_usage_exceeded|roaming_enabled_off,specialist_target_favoring,
[mms_issue]airplane_mode_on|bad_network_preference|break_apn_mms_setting|break_app_storage_permission|data_mode_off|data_usage_exceeded|unseat_sim_card|user_abroad_roaming_enabled_off[PERSONA:Hard],candidate,,-67.0,repair_subset,Hard,8,apn|permission|network_preference|sim|data_mode|data_usage_exceeded|roaming_enabled_off,specialist_target_favoring,
[mms_issue]airplane_mode_on|bad_network_preference|break_apn_mms_setting|break_app_both_permissions|data_mode_off|data_usage_exceeded|unseat_sim_card|user_abroad_roaming_enabled_off[PERSONA:None],candidate,,-54.0,repair_subset,None,8,apn|permission|network_preference|sim|data_mode|data_usage_exceeded|roaming_enabled_off,specialist_target_favoring,
[mms_issue]airplane_mode_on|bad_wifi_calling|break_apn_mms_setting|break_app_sms_permission|data_mode_off|data_usage_exceeded|unseat_sim_card|user_abroad_roaming_enabled_off[PERSONA:Easy],candidate,,-80.0,repair_subset,Easy,8,apn|permission|wifi_calling|sim|data_mode|data_usage_exceeded|roaming_enabled_off,specialist_target_favoring,
[mms_issue]airplane_mode_on|bad_wifi_calling|break_apn_mms_setting|break_app_storage_permission|data_mode_off|data_usage_exceeded|unseat_sim_card|user_abroad_roaming_enabled_off[PERSONA:Hard],candidate,,-79.0,repair_subset,Hard,8,apn|permission|wifi_calling|sim|data_mode|data_usage_exceeded|roaming_enabled_off,specialist_target_favoring,
[mms_issue]airplane_mode_on|bad_wifi_calling|break_apn_mms_setting|break_app_both_permissions|data_mode_off|data_usage_exceeded|unseat_sim_card|user_abroad_roaming_enabled_off[PERSONA:None],candidate,,-66.0,repair_subset,None,8,apn|permission|wifi_calling|sim|data_mode|data_usage_exceeded|roaming_enabled_off,specialist_target_favoring,
[mms_issue]airplane_mode_on|bad_network_preference|bad_wifi_calling|break_apn_mms_setting|data_mode_off|data_usage_exceeded|unseat_sim_card|user_abroad_roaming_disabled_on[PERSONA:Easy],candidate,,-74.0,repair_subset,Easy,8,apn|wifi_calling|network_preference|sim|data_mode|data_usage_exceeded|roaming_disabled_on,specialist_target_favoring,
[mms_issue]airplane_mode_on|bad_network_preference|bad_wifi_calling|break_app_sms_permission|data_mode_off|data_usage_exceeded|unseat_sim_card|user_abroad_roaming_disabled_on[PERSONA:Hard],static_delete,static_exclude_low_priority_nontransfer_shape,1000.0,repair_subset,Hard,8,permission|wifi_calling|network_preference|sim|data_mode|data_usage_exceeded|roaming_disabled_on,neutral_other,
[mms_issue]airplane_mode_on|bad_network_preference|bad_wifi_calling|break_app_storage_permission|data_mode_off|data_usage_exceeded|unseat_sim_card|user_abroad_roaming_disabled_on[PERSONA:None],static_delete,static_exclude_low_priority_nontransfer_shape,1000.0,repair_subset,None,8,permission|wifi_calling|network_preference|sim|data_mode|data_usage_exceeded|roaming_disabled_on,neutral_other,
[mms_issue]airplane_mode_on|bad_network_preference|bad_wifi_calling|break_app_both_permissions|data_mode_off|data_usage_exceeded|unseat_sim_card|user_abroad_roaming_disabled_on[PERSONA:Easy],static_delete,static_exclude_low_priority_nontransfer_shape,1000.0,repair_subset,Easy,8,permission|wifi_calling|network_preference|sim|data_mode|data_usage_exceeded|roaming_disabled_on,neutral_other,
[mms_issue]airplane_mode_on|bad_network_preference|break_apn_mms_setting|break_app_sms_permission|data_mode_off|data_usage_exceeded|unseat_sim_card|user_abroad_roaming_disabled_on[PERSONA:Hard],candidate,,-65.0,repair_subset,Hard,8,apn|permission|network_preference|sim|data_mode|data_usage_exceeded|roaming_disabled_on,specialist_target_favoring,
[mms_issue]airplane_mode_on|bad_network_preference|break_apn_mms_setting|break_app_storage_permission|data_mode_off|data_usage_exceeded|unseat_sim_card|user_abroad_roaming_disabled_on[PERSONA:None],candidate,,-70.0,repair_subset,None,8,apn|permission|network_preference|sim|data_mode|data_usage_exceeded|roaming_disabled_on,specialist_target_favoring,
[mms_issue]airplane_mode_on|bad_network_preference|break_apn_mms_setting|break_app_both_permissions|data_mode_off|data_usage_exceeded|unseat_sim_card|user_abroad_roaming_disabled_on[PERSONA:Easy],candidate,,-54.0,repair_subset,Easy,8,apn|permission|network_preference|sim|data_mode|data_usage_exceeded|roaming_disabled_on,specialist_target_favoring,
[mms_issue]airplane_mode_on|bad_wifi_calling|break_apn_mms_setting|break_app_sms_permission|data_mode_off|data_usage_exceeded|unseat_sim_card|user_abroad_roaming_disabled_on[PERSONA:Hard],candidate,,-77.0,repair_subset,Hard,8,apn|permission|wifi_calling|sim|data_mode|data_usage_exceeded|roaming_disabled_on,specialist_target_favoring,
[mms_issue]airplane_mode_on|bad_wifi_calling|break_apn_mms_setting|break_app_storage_permission|data_mode_off|data_usage_exceeded|unseat_sim_card|user_abroad_roaming_disabled_on[PERSONA:None],candidate,,-82.0,repair_subset,None,8,apn|permission|wifi_calling|sim|data_mode|data_usage_exceeded|roaming_disabled_on,specialist_target_favoring,
[mms_issue]airplane_mode_on|bad_wifi_calling|break_apn_mms_setting|break_app_both_permissions|data_mode_off|data_usage_exceeded|unseat_sim_card|user_abroad_roaming_disabled_on[PERSONA:Easy],candidate,,-66.0,repair_subset,Easy,8,apn|permission|wifi_calling|sim|data_mode|data_usage_exceeded|roaming_disabled_on,specialist_target_favoring,
[mms_issue]airplane_mode_on|bad_network_preference|bad_wifi_calling|break_apn_mms_setting|data_mode_off|data_usage_exceeded|unseat_sim_card|user_abroad_roaming_disabled_off[PERSONA:Hard],static_delete,static_exclude_transfer_oracle;static_exclude_hybrid_roaming_disabled_off,1000.0,transfer,Hard,8,apn|wifi_calling|network_preference|sim|data_mode|data_usage_exceeded|hybrid_roaming_disabled_off,neutral_other,
[mms_issue]airplane_mode_on|bad_network_preference|bad_wifi_calling|break_app_sms_permission|data_mode_off|data_usage_exceeded|unseat_sim_card|user_abroad_roaming_disabled_off[PERSONA:None],static_delete,static_exclude_transfer_oracle;static_exclude_hybrid_roaming_disabled_off,1000.0,transfer,None,8,permission|wifi_calling|network_preference|sim|data_mode|data_usage_exceeded|hybrid_roaming_disabled_off,neutral_other,
[mms_issue]airplane_mode_on|bad_network_preference|bad_wifi_calling|break_app_storage_permission|data_mode_off|data_usage_exceeded|unseat_sim_card|user_abroad_roaming_disabled_off[PERSONA:Easy],static_delete,static_exclude_transfer_oracle;static_exclude_hybrid_roaming_disabled_off,1000.0,transfer,Easy,8,permission|wifi_calling|network_preference|sim|data_mode|data_usage_exceeded|hybrid_roaming_disabled_off,neutral_other,
[mms_issue]airplane_mode_on|bad_network_preference|bad_wifi_calling|break_app_both_permissions|data_mode_off|data_usage_exceeded|unseat_sim_card|user_abroad_roaming_disabled_off[PERSONA:Hard],static_delete,static_exclude_transfer_oracle;static_exclude_hybrid_roaming_disabled_off,1000.0,transfer,Hard,8,permission|wifi_calling|network_preference|sim|data_mode|data_usage_exceeded|hybrid_roaming_disabled_off,neutral_other,
[mms_issue]airplane_mode_on|bad_network_preference|break_apn_mms_setting|break_app_sms_permission|data_mode_off|data_usage_exceeded|unseat_sim_card|user_abroad_roaming_disabled_off[PERSONA:None],static_delete,static_exclude_transfer_oracle;static_exclude_hybrid_roaming_disabled_off,1000.0,transfer,None,8,apn|permission|network_preference|sim|data_mode|data_usage_exceeded|hybrid_roaming_disabled_off,neutral_other,
[mms_issue]airplane_mode_on|bad_network_preference|break_apn_mms_setting|break_app_storage_permission|data_mode_off|data_usage_exceeded|unseat_sim_card|user_abroad_roaming_disabled_off[PERSONA:Easy],static_delete,static_exclude_transfer_oracle;static_exclude_hybrid_roaming_disabled_off,1000.0,transfer,Easy,8,apn|permission|network_preference|sim|data_mode|data_usage_exceeded|hybrid_roaming_disabled_off,neutral_other,
[mms_issue]airplane_mode_on|bad_network_preference|break_apn_mms_setting|break_app_both_permissions|data_mode_off|data_usage_exceeded|unseat_sim_card|user_abroad_roaming_disabled_off[PERSONA:Hard],static_delete,static_exclude_transfer_oracle;static_exclude_hybrid_roaming_disabled_off,1000.0,transfer,Hard,8,apn|permission|network_preference|sim|data_mode|data_usage_exceeded|hybrid_roaming_disabled_off,neutral_other,
[mms_issue]airplane_mode_on|bad_wifi_calling|break_apn_mms_setting|break_app_sms_permission|data_mode_off|data_usage_exceeded|unseat_sim_card|user_abroad_roaming_disabled_off[PERSONA:None],static_delete,static_exclude_transfer_oracle;static_exclude_hybrid_roaming_disabled_off,1000.0,transfer,None,8,apn|permission|wifi_calling|sim|data_mode|data_usage_exceeded|hybrid_roaming_disabled_off,neutral_other,
[mms_issue]airplane_mode_on|bad_wifi_calling|break_apn_mms_setting|break_app_storage_permission|data_mode_off|data_usage_exceeded|unseat_sim_card|user_abroad_roaming_disabled_off[PERSONA:Easy],static_delete,static_exclude_transfer_oracle;static_exclude_hybrid_roaming_disabled_off,1000.0,transfer,Easy,8,apn|permission|wifi_calling|sim|data_mode|data_usage_exceeded|hybrid_roaming_disabled_off,neutral_other,
[mms_issue]airplane_mode_on|bad_wifi_calling|break_apn_mms_setting|break_app_both_permissions|data_mode_off|data_usage_exceeded|unseat_sim_card|user_abroad_roaming_disabled_off[PERSONA:Hard],static_delete,static_exclude_transfer_oracle;static_exclude_hybrid_roaming_disabled_off,1000.0,transfer,Hard,8,apn|permission|wifi_calling|sim|data_mode|data_usage_exceeded|hybrid_roaming_disabled_off,neutral_other,
[mms_issue]airplane_mode_on|bad_network_preference|bad_wifi_calling|break_apn_mms_setting|break_app_sms_permission|data_mode_off|data_usage_exceeded|unseat_sim_card[PERSONA:None],candidate,,170.0,repair_subset,None,8,apn|permission|wifi_calling|network_preference|sim|data_mode|data_usage_exceeded,specialist_target_favoring,delete
[mms_issue]airplane_mode_on|bad_network_preference|bad_wifi_calling|break_apn_mms_setting|break_app_storage_permission|data_mode_off|data_usage_exceeded|unseat_sim_card[PERSONA:Easy],candidate,,168.0,repair_subset,Easy,8,apn|permission|wifi_calling|network_preference|sim|data_mode|data_usage_exceeded,specialist_target_favoring,delete
[mms_issue]airplane_mode_on|bad_network_preference|bad_wifi_calling|break_apn_mms_setting|break_app_both_permissions|data_mode_off|data_usage_exceeded|unseat_sim_card[PERSONA:Hard],candidate,,-563.0,repair_subset,Hard,8,apn|permission|wifi_calling|network_preference|sim|data_mode|data_usage_exceeded,specialist_target_favoring,keep
[mms_issue]airplane_mode_on|bad_network_preference|bad_wifi_calling|break_apn_mms_setting|break_app_sms_permission|data_mode_off|unseat_sim_card|user_abroad_roaming_enabled_off[PERSONA:None],candidate,,-612.0,repair_all,None,8,apn|permission|wifi_calling|network_preference|sim|data_mode|roaming_enabled_off,specialist_target_favoring,keep
[mms_issue]airplane_mode_on|bad_network_preference|bad_wifi_calling|break_apn_mms_setting|break_app_storage_permission|data_mode_off|unseat_sim_card|user_abroad_roaming_enabled_off[PERSONA:Easy],candidate,,-114.0,repair_all,Easy,8,apn|permission|wifi_calling|network_preference|sim|data_mode|roaming_enabled_off,specialist_target_favoring,
[mms_issue]airplane_mode_on|bad_network_preference|bad_wifi_calling|break_apn_mms_setting|break_app_both_permissions|data_mode_off|unseat_sim_card|user_abroad_roaming_enabled_off[PERSONA:Hard],candidate,,155.0,repair_all,Hard,8,apn|permission|wifi_calling|network_preference|sim|data_mode|roaming_enabled_off,specialist_target_favoring,delete
[mms_issue]airplane_mode_on|bad_network_preference|bad_wifi_calling|break_apn_mms_setting|break_app_sms_permission|data_mode_off|unseat_sim_card|user_abroad_roaming_disabled_on[PERSONA:None],candidate,,-84.0,repair_subset,None,8,apn|permission|wifi_calling|network_preference|sim|data_mode|roaming_disabled_on,specialist_target_favoring,
[mms_issue]airplane_mode_on|bad_network_preference|bad_wifi_calling|break_apn_mms_setting|break_app_storage_permission|data_mode_off|unseat_sim_card|user_abroad_roaming_disabled_on[PERSONA:Easy],candidate,,-86.0,repair_subset,Easy,8,apn|permission|wifi_calling|network_preference|sim|data_mode|roaming_disabled_on,specialist_target_favoring,
[mms_issue]airplane_mode_on|bad_network_preference|bad_wifi_calling|break_apn_mms_setting|break_app_both_permissions|data_mode_off|unseat_sim_card|user_abroad_roaming_disabled_on[PERSONA:Hard],candidate,,-67.0,repair_subset,Hard,8,apn|permission|wifi_calling|network_preference|sim|data_mode|roaming_disabled_on,specialist_target_favoring,
[mms_issue]airplane_mode_on|bad_network_preference|bad_wifi_calling|break_apn_mms_setting|break_app_sms_permission|data_mode_off|unseat_sim_card|user_abroad_roaming_disabled_off[PERSONA:None],static_delete,static_exclude_transfer_oracle;static_exclude_hybrid_roaming_disabled_off,1000.0,transfer,None,8,apn|permission|wifi_calling|network_preference|sim|data_mode|hybrid_roaming_disabled_off,neutral_other,
[mms_issue]airplane_mode_on|bad_network_preference|bad_wifi_calling|break_apn_mms_setting|break_app_storage_permission|data_mode_off|unseat_sim_card|user_abroad_roaming_disabled_off[PERSONA:Easy],static_delete,static_exclude_transfer_oracle;static_exclude_hybrid_roaming_disabled_off,1000.0,transfer,Easy,8,apn|permission|wifi_calling|network_preference|sim|data_mode|hybrid_roaming_disabled_off,neutral_other,
[mms_issue]airplane_mode_on|bad_network_preference|bad_wifi_calling|break_apn_mms_setting|break_app_both_permissions|data_mode_off|unseat_sim_card|user_abroad_roaming_disabled_off[PERSONA:Hard],static_delete,static_exclude_transfer_oracle;static_exclude_hybrid_roaming_disabled_off,1000.0,transfer,Hard,8,apn|permission|wifi_calling|network_preference|sim|data_mode|hybrid_roaming_disabled_off,neutral_other,
[mms_issue]airplane_mode_on|bad_network_preference|bad_wifi_calling|break_apn_mms_setting|break_app_sms_permission|data_usage_exceeded|unseat_sim_card|user_abroad_roaming_enabled_off[PERSONA:None],candidate,,-80.0,repair_subset,None,8,apn|permission|wifi_calling|network_preference|sim|data_usage_exceeded|roaming_enabled_off,specialist_target_favoring,
[mms_issue]airplane_mode_on|bad_network_preference|bad_wifi_calling|break_apn_mms_setting|break_app_storage_permission|data_usage_exceeded|unseat_sim_card|user_abroad_roaming_enabled_off[PERSONA:Easy],candidate,,-82.0,repair_subset,Easy,8,apn|permission|wifi_calling|network_preference|sim|data_usage_exceeded|roaming_enabled_off,specialist_target_favoring,
[mms_issue]airplane_mode_on|bad_network_preference|bad_wifi_calling|break_apn_mms_setting|break_app_both_permissions|data_usage_exceeded|unseat_sim_card|user_abroad_roaming_enabled_off[PERSONA:Hard],candidate,,-63.0,repair_subset,Hard,8,apn|permission|wifi_calling|network_preference|sim|data_usage_exceeded|roaming_enabled_off,specialist_target_favoring,
[mms_issue]airplane_mode_on|bad_network_preference|bad_wifi_calling|break_apn_mms_setting|break_app_sms_permission|data_usage_exceeded|unseat_sim_card|user_abroad_roaming_disabled_on[PERSONA:None],candidate,,-80.0,repair_subset,None,8,apn|permission|wifi_calling|network_preference|sim|data_usage_exceeded|roaming_disabled_on,specialist_target_favoring,
[mms_issue]airplane_mode_on|bad_network_preference|bad_wifi_calling|break_apn_mms_setting|break_app_storage_permission|data_usage_exceeded|unseat_sim_card|user_abroad_roaming_disabled_on[PERSONA:Easy],candidate,,-82.0,repair_subset,Easy,8,apn|permission|wifi_calling|network_preference|sim|data_usage_exceeded|roaming_disabled_on,specialist_target_favoring,
[mms_issue]airplane_mode_on|bad_network_preference|bad_wifi_calling|break_apn_mms_setting|break_app_both_permissions|data_usage_exceeded|unseat_sim_card|user_abroad_roaming_disabled_on[PERSONA:Hard],candidate,,-63.0,repair_subset,Hard,8,apn|permission|wifi_calling|network_preference|sim|data_usage_exceeded|roaming_disabled_on,specialist_target_favoring,
[mms_issue]airplane_mode_on|bad_network_preference|bad_wifi_calling|break_apn_mms_setting|break_app_sms_permission|data_usage_exceeded|unseat_sim_card|user_abroad_roaming_disabled_off[PERSONA:None],static_delete,static_exclude_transfer_oracle;static_exclude_hybrid_roaming_disabled_off,1000.0,transfer,None,8,apn|permission|wifi_calling|network_preference|sim|data_usage_exceeded|hybrid_roaming_disabled_off,neutral_other,
[mms_issue]airplane_mode_on|bad_network_preference|bad_wifi_calling|break_apn_mms_setting|break_app_storage_permission|data_usage_exceeded|unseat_sim_card|user_abroad_roaming_disabled_off[PERSONA:Easy],static_delete,static_exclude_transfer_oracle;static_exclude_hybrid_roaming_disabled_off,1000.0,transfer,Easy,8,apn|permission|wifi_calling|network_preference|sim|data_usage_exceeded|hybrid_roaming_disabled_off,neutral_other,
[mms_issue]airplane_mode_on|bad_network_preference|bad_wifi_calling|break_apn_mms_setting|break_app_both_permissions|data_usage_exceeded|unseat_sim_card|user_abroad_roaming_disabled_off[PERSONA:Hard],static_delete,static_exclude_transfer_oracle;static_exclude_hybrid_roaming_disabled_off,1000.0,transfer,Hard,8,apn|permission|wifi_calling|network_preference|sim|data_usage_exceeded|hybrid_roaming_disabled_off,neutral_other,
[mms_issue]airplane_mode_on|bad_network_preference|bad_wifi_calling|break_apn_mms_setting|break_app_sms_permission|data_mode_off|data_usage_exceeded|user_abroad_roaming_enabled_off[PERSONA:None],candidate,,-580.0,repair_subset,None,8,apn|permission|wifi_calling|network_preference|data_mode|data_usage_exceeded|roaming_enabled_off,specialist_target_favoring,keep
[mms_issue]airplane_mode_on|bad_network_preference|bad_wifi_calling|break_apn_mms_setting|break_app_storage_permission|data_mode_off|data_usage_exceeded|user_abroad_roaming_enabled_off[PERSONA:Easy],candidate,,-82.0,repair_subset,Easy,8,apn|permission|wifi_calling|network_preference|data_mode|data_usage_exceeded|roaming_enabled_off,specialist_target_favoring,
[mms_issue]airplane_mode_on|bad_network_preference|bad_wifi_calling|break_apn_mms_setting|break_app_both_permissions|data_mode_off|data_usage_exceeded|user_abroad_roaming_enabled_off[PERSONA:Hard],candidate,,187.0,repair_subset,Hard,8,apn|permission|wifi_calling|network_preference|data_mode|data_usage_exceeded|roaming_enabled_off,specialist_target_favoring,delete
[mms_issue]airplane_mode_on|bad_network_preference|bad_wifi_calling|break_apn_mms_setting|break_app_sms_permission|data_mode_off|data_usage_exceeded|user_abroad_roaming_disabled_on[PERSONA:None],candidate,,170.0,repair_subset,None,8,apn|permission|wifi_calling|network_preference|data_mode|data_usage_exceeded|roaming_disabled_on,specialist_target_favoring,delete
[mms_issue]airplane_mode_on|bad_network_preference|bad_wifi_calling|break_apn_mms_setting|break_app_storage_permission|data_mode_off|data_usage_exceeded|user_abroad_roaming_disabled_on[PERSONA:Easy],candidate,,-82.0,repair_subset,Easy,8,apn|permission|wifi_calling|network_preference|data_mode|data_usage_exceeded|roaming_disabled_on,specialist_target_favoring,
[mms_issue]airplane_mode_on|bad_network_preference|bad_wifi_calling|break_apn_mms_setting|break_app_both_permissions|data_mode_off|data_usage_exceeded|user_abroad_roaming_disabled_on[PERSONA:Hard],candidate,,187.0,repair_subset,Hard,8,apn|permission|wifi_calling|network_preference|data_mode|data_usage_exceeded|roaming_disabled_on,specialist_target_favoring,delete
[mms_issue]airplane_mode_on|bad_network_preference|bad_wifi_calling|break_apn_mms_setting|break_app_sms_permission|data_mode_off|data_usage_exceeded|user_abroad_roaming_disabled_off[PERSONA:None],static_delete,static_exclude_transfer_oracle;static_exclude_hybrid_roaming_disabled_off,1000.0,transfer,None,8,apn|permission|wifi_calling|network_preference|data_mode|data_usage_exceeded|hybrid_roaming_disabled_off,neutral_other,
[mms_issue]airplane_mode_on|bad_network_preference|bad_wifi_calling|break_apn_mms_setting|break_app_storage_permission|data_mode_off|data_usage_exceeded|user_abroad_roaming_disabled_off[PERSONA:Easy],static_delete,static_exclude_transfer_oracle;static_exclude_hybrid_roaming_disabled_off,1000.0,transfer,Easy,8,apn|permission|wifi_calling|network_preference|data_mode|data_usage_exceeded|hybrid_roaming_disabled_off,neutral_other,
[mms_issue]airplane_mode_on|bad_network_preference|bad_wifi_calling|break_apn_mms_setting|break_app_both_permissions|data_mode_off|data_usage_exceeded|user_abroad_roaming_disabled_off[PERSONA:Hard],static_delete,static_exclude_transfer_oracle;static_exclude_hybrid_roaming_disabled_off,1000.0,transfer,Hard,8,apn|permission|wifi_calling|network_preference|data_mode|data_usage_exceeded|hybrid_roaming_disabled_off,neutral_other,
[mms_issue]bad_network_preference|bad_wifi_calling|break_apn_mms_setting|break_app_sms_permission|data_mode_off|data_usage_exceeded|unseat_sim_card|user_abroad_roaming_enabled_off[PERSONA:None],candidate,,-80.0,repair_subset,None,8,apn|permission|wifi_calling|network_preference|sim|data_mode|data_usage_exceeded|roaming_enabled_off,specialist_target_favoring,
[mms_issue]bad_network_preference|bad_wifi_calling|break_apn_mms_setting|break_app_storage_permission|data_mode_off|data_usage_exceeded|unseat_sim_card|user_abroad_roaming_enabled_off[PERSONA:Easy],candidate,,-82.0,repair_subset,Easy,8,apn|permission|wifi_calling|network_preference|sim|data_mode|data_usage_exceeded|roaming_enabled_off,specialist_target_favoring,
[mms_issue]bad_network_preference|bad_wifi_calling|break_apn_mms_setting|break_app_both_permissions|data_mode_off|data_usage_exceeded|unseat_sim_card|user_abroad_roaming_enabled_off[PERSONA:Hard],candidate,,-63.0,repair_subset,Hard,8,apn|permission|wifi_calling|network_preference|sim|data_mode|data_usage_exceeded|roaming_enabled_off,specialist_target_favoring,
[mms_issue]bad_network_preference|bad_wifi_calling|break_apn_mms_setting|break_app_sms_permission|data_mode_off|data_usage_exceeded|unseat_sim_card|user_abroad_roaming_disabled_on[PERSONA:None],candidate,,-80.0,repair_subset,None,8,apn|permission|wifi_calling|network_preference|sim|data_mode|data_usage_exceeded|roaming_disabled_on,specialist_target_favoring,
[mms_issue]bad_network_preference|bad_wifi_calling|break_apn_mms_setting|break_app_storage_permission|data_mode_off|data_usage_exceeded|unseat_sim_card|user_abroad_roaming_disabled_on[PERSONA:Easy],candidate,,-82.0,repair_subset,Easy,8,apn|permission|wifi_calling|network_preference|sim|data_mode|data_usage_exceeded|roaming_disabled_on,specialist_target_favoring,
[mms_issue]bad_network_preference|bad_wifi_calling|break_apn_mms_setting|break_app_both_permissions|data_mode_off|data_usage_exceeded|unseat_sim_card|user_abroad_roaming_disabled_on[PERSONA:Hard],candidate,,-63.0,repair_subset,Hard,8,apn|permission|wifi_calling|network_preference|sim|data_mode|data_usage_exceeded|roaming_disabled_on,specialist_target_favoring,
[mms_issue]bad_network_preference|bad_wifi_calling|break_apn_mms_setting|break_app_sms_permission|data_mode_off|data_usage_exceeded|unseat_sim_card|user_abroad_roaming_disabled_off[PERSONA:None],static_delete,static_exclude_transfer_oracle;static_exclude_hybrid_roaming_disabled_off,1000.0,transfer,None,8,apn|permission|wifi_calling|network_preference|sim|data_mode|data_usage_exceeded|hybrid_roaming_disabled_off,neutral_other,
[mms_issue]bad_network_preference|bad_wifi_calling|break_apn_mms_setting|break_app_storage_permission|data_mode_off|data_usage_exceeded|unseat_sim_card|user_abroad_roaming_disabled_off[PERSONA:Easy],static_delete,static_exclude_transfer_oracle;static_exclude_hybrid_roaming_disabled_off,1000.0,transfer,Easy,8,apn|permission|wifi_calling|network_preference|sim|data_mode|data_usage_exceeded|hybrid_roaming_disabled_off,neutral_other,
[mms_issue]bad_network_preference|bad_wifi_calling|break_apn_mms_setting|break_app_both_permissions|data_mode_off|data_usage_exceeded|unseat_sim_card|user_abroad_roaming_disabled_off[PERSONA:Hard],static_delete,static_exclude_transfer_oracle;static_exclude_hybrid_roaming_disabled_off,1000.0,transfer,Hard,8,apn|permission|wifi_calling|network_preference|sim|data_mode|data_usage_exceeded|hybrid_roaming_disabled_off,neutral_other,
[mms_issue]airplane_mode_on|bad_network_preference|bad_wifi_calling|break_apn_mms_setting|break_app_sms_permission|data_mode_off|data_usage_exceeded|unseat_sim_card|user_abroad_roaming_enabled_off[PERSONA:None],candidate,,173.0,repair_subset,None,9,apn|permission|wifi_calling|network_preference|sim|data_mode|data_usage_exceeded|roaming_enabled_off,specialist_target_favoring,delete
[mms_issue]airplane_mode_on|bad_network_preference|bad_wifi_calling|break_apn_mms_setting|break_app_storage_permission|data_mode_off|data_usage_exceeded|unseat_sim_card|user_abroad_roaming_enabled_off[PERSONA:Easy],candidate,,171.0,repair_subset,Easy,9,apn|permission|wifi_calling|network_preference|sim|data_mode|data_usage_exceeded|roaming_enabled_off,specialist_target_favoring,delete
[mms_issue]airplane_mode_on|bad_network_preference|bad_wifi_calling|break_apn_mms_setting|break_app_both_permissions|data_mode_off|data_usage_exceeded|unseat_sim_card|user_abroad_roaming_enabled_off[PERSONA:Hard],candidate,,-560.0,repair_subset,Hard,9,apn|permission|wifi_calling|network_preference|sim|data_mode|data_usage_exceeded|roaming_enabled_off,specialist_target_favoring,keep
[mms_issue]airplane_mode_on|bad_network_preference|bad_wifi_calling|break_apn_mms_setting|break_app_sms_permission|data_mode_off|data_usage_exceeded|unseat_sim_card|user_abroad_roaming_disabled_on[PERSONA:None],candidate,,-577.0,repair_subset,None,9,apn|permission|wifi_calling|network_preference|sim|data_mode|data_usage_exceeded|roaming_disabled_on,specialist_target_favoring,keep
[mms_issue]airplane_mode_on|bad_network_preference|bad_wifi_calling|break_apn_mms_setting|break_app_storage_permission|data_mode_off|data_usage_exceeded|unseat_sim_card|user_abroad_roaming_disabled_on[PERSONA:Easy],candidate,,171.0,repair_subset,Easy,9,apn|permission|wifi_calling|network_preference|sim|data_mode|data_usage_exceeded|roaming_disabled_on,specialist_target_favoring,delete
[mms_issue]airplane_mode_on|bad_network_preference|bad_wifi_calling|break_apn_mms_setting|break_app_both_permissions|data_mode_off|data_usage_exceeded|unseat_sim_card|user_abroad_roaming_disabled_on[PERSONA:Hard],candidate,,-560.0,repair_subset,Hard,9,apn|permission|wifi_calling|network_preference|sim|data_mode|data_usage_exceeded|roaming_disabled_on,specialist_target_favoring,keep
[mms_issue]airplane_mode_on|bad_network_preference|bad_wifi_calling|break_apn_mms_setting|break_app_sms_permission|data_mode_off|data_usage_exceeded|unseat_sim_card|user_abroad_roaming_disabled_off[PERSONA:None],static_delete,static_exclude_transfer_oracle;static_exclude_hybrid_roaming_disabled_off,1000.0,transfer,None,9,apn|permission|wifi_calling|network_preference|sim|data_mode|data_usage_exceeded|hybrid_roaming_disabled_off,neutral_other,
[mms_issue]airplane_mode_on|bad_network_preference|bad_wifi_calling|break_apn_mms_setting|break_app_storage_permission|data_mode_off|data_usage_exceeded|unseat_sim_card|user_abroad_roaming_disabled_off[PERSONA:Easy],static_delete,static_exclude_transfer_oracle;static_exclude_hybrid_roaming_disabled_off,1000.0,transfer,Easy,9,apn|permission|wifi_calling|network_preference|sim|data_mode|data_usage_exceeded|hybrid_roaming_disabled_off,neutral_other,
[mms_issue]airplane_mode_on|bad_network_preference|bad_wifi_calling|break_apn_mms_setting|break_app_both_permissions|data_mode_off|data_usage_exceeded|unseat_sim_card|user_abroad_roaming_disabled_off[PERSONA:Hard],static_delete,static_exclude_transfer_oracle;static_exclude_hybrid_roaming_disabled_off,1000.0,transfer,Hard,9,apn|permission|wifi_calling|network_preference|sim|data_mode|data_usage_exceeded|hybrid_roaming_disabled_off,neutral_other,
